G_uM,epsilon_P,epsilon_S,J,actual_gap,universal_bound,condition_bound,condition_certifies,universal_certifies
20.0,0.00401,0.001,0.0,8.715095675291759e-12,0.002004515064277016,0.0010005390572608863,True,True
23.361689410840295,0.00401,0.001,0.0,1.169144888866179e-11,0.002004515064277016,0.0010006299767576633,True,True
27.288426606428374,0.00401,0.001,0.0,1.5621003649672963e-11,0.002004515064277016,0.0010007363495250666,True,True
31.87518734449451,0.00401,0.001,0.0,2.0762478623306477e-11,0.002004515064277016,0.0010008608691995562,True,True
37.23291133272139,0.00401,0.001,0.0,2.740846514592138e-11,0.002004515064277016,0.0010010067370878376,True,True
43.49118552081964,0.00401,0.001,0.0,3.585861788708497e-11,0.002004515064277016,0.0010011777790208192,True,True
50.80137841233114,0.00401,0.001,0.0,4.636490659720022e-11,0.002004515064277016,0.0010013785997741397,True,True
59.34030120557235,0.00401,0.001,0.0,5.904945949526327e-11,0.002004515064277016,0.0010016147911031418,True,True
69.31448431551465,0.00401,0.001,0.0,7.385494657247832e-11,0.002004515064277016,0.0010018932165293281,True,True
80.9651727125807,0.00401,0.001,0.0,9.081805424880629e-11,0.002004515064277016,0.0010022224044958596,True,True
94.5741609003176,0.00401,0.001,0.0,1.1179867459316234e-10,0.002004515064277016,0.0010026130873159924,True,True
110.47060866220276,0.00401,0.001,0.0,1.4822773022026003e-10,0.002004515064277016,0.0010030789109274013,True,True
129.0390024296432,0.00401,0.001,0.0,2.561890955453394e-10,0.002004515064277016,0.0010036372594063505,True,True
150.72845483229952,0.00401,0.001,0.0,7.098906245825432e-10,0.002004515064277016,0.0010043098377550339,True,True
176.06356735840254,0.00401,0.001,0.0,2.878705723449726e-09,0.002004515064277016,0.0010051217171998493,True,True
205.65711885957793,0.00401,0.001,0.0,1.316632159721609e-08,0.002004515064277016,0.0010060949237885959,True,True
240.22488679628626,0.00401,0.001,0.0,5.541526884936254e-08,0.002004515064277016,0.001007226350311241,True,True
280.60295970445543,0.00401,0.001,0.0,1.8436245358133263e-07,0.002004515064277016,0.0010084292359868593,True,True
327.76795961890105,0.00401,0.001,0.0,4.442519377645393e-07,0.002004515064277016,0.0010094208588486966,True,True
382.86066357208045,0.00401,0.001,0.0,7.865239001758617e-07,0.002004515064277016,0.0010096387592097291,True,True
447.213595499958,0.00401,0.001,0.0,1.112774648204251e-06,0.002004515064277016,0.001008518967727078,True,True
450.0,0.00401,0.001,0.0,1.1245259755043868e-06,0.002004515064277016,0.0010084452207061992,True,True
460.0,0.00401,0.001,0.0,1.1651495763764785e-06,0.002004515064277016,0.0010081691428389097,True,True
470.0,0.00401,0.001,0.0,1.2034209541655905e-06,0.002004515064277016,0.0010078781321050658,True,True
480.0,0.00401,0.001,0.0,1.2394426273099057e-06,0.002004515064277016,0.0010075759553505028,True,True
490.0,0.00401,0.001,0.0,1.273321761807722e-06,0.002004515064277016,0.001007266216674795,True,True
500.0,0.00401,0.001,0.0,1.305166695442228e-06,0.002004515064277016,0.0010069522838829772,True,True
510.0,0.00401,0.001,0.0,1.3350844692006092e-06,0.002004515064277016,0.0010066372332483966,True,True
520.0,0.00401,0.001,0.0,1.3631791344614896e-06,0.002004515064277016,0.0010063238123807485,True,True
522.3832559187591,0.00401,0.001,0.0,1.3696168919552498e-06,0.002004515064277016,0.0010062496281879598,True,True
530.0,0.00401,0.001,0.0,1.3895506482120012e-06,0.002004515064277016,0.0010060144199267032,True,True
540.0,0.00401,0.001,0.0,1.4142942111883272e-06,0.002004515064277016,0.0010057111000799637,True,True
550.0,0.00401,0.001,0.0,1.4374999289801238e-06,0.002004515064277016,0.001005415549424237,True,True
560.0,0.00401,0.001,0.0,1.459252699231861e-06,0.002004515064277016,0.0010051291334691728,True,True
570.0,0.00401,0.001,0.0,1.479632267820108e-06,0.002004515064277016,0.0010048529102725237,True,True
580.0,0.00401,0.001,0.0,1.4987133805099973e-06,0.002004515064277016,0.001004587658767985,True,True
590.0,0.00401,0.001,0.0,1.5165660182114848e-06,0.002004515064277016,0.0010043339097088868,True,True
600.0,0.00401,0.001,0.0,1.533255658880961e-06,0.002004515064277016,0.0010040919775106119,True,True
610.0,0.00401,0.001,0.0,1.5488435786137345e-06,0.002004515064277016,0.0010038619916351568,True,True
610.1877689098774,0.00401,0.001,0.0,1.5491261082800634e-06,0.002004515064277016,0.001003857787531758,True,True
620.0,0.00401,0.001,0.0,1.5633871229825402e-06,0.002004515064277016,0.0010036439265214128,True,True
630.0,0.00401,0.001,0.0,1.576940013903183e-06,0.002004515064277016,0.0010034376293672756,True,True
640.0,0.00401,0.001,0.0,1.58955262508087e-06,0.002004515064277016,0.0010032428453380362,True,True
650.0,0.00401,0.001,0.0,1.6012722403591084e-06,0.002004515064277016,0.0010030592399924423,True,True
712.7508569783073,0.00401,0.001,0.0,1.657025121226674e-06,0.002004515064277016,0.00100213476708677,True,True
832.5532074018732,0.00401,0.001,0.0,1.7003939563053905e-06,0.002004515064277016,0.0010011398439697663,True,True
972.4924724660731,0.00401,0.001,0.0,1.6880254174456155e-06,0.002004515064277016,0.001000619817337455,True,True
1135.9533548066277,0.00401,0.001,0.0,1.6318036967222227e-06,0.002004515064277016,0.0010003534719336118,True,True
1326.889473009725,0.00401,0.001,0.0,1.5456716193629205e-06,0.002004515064277016,0.0010002138409941344,True,True
1549.918987548337,0.00401,0.001,0.0,1.4431798595060386e-06,0.002004515064277016,0.0010001373738011124,True,True
1810.4362999534146,0.00401,0.001,0.0,1.335315392925196e-06,0.002004515064277016,0.0010000933026511607,True,True
2114.7425268811285,0.00401,0.001,0.0,1.229490359522245e-06,0.002004515064277016,0.0010000665448602888,True,True
2470.1979048446246,0.00401,0.001,0.0,1.1296801090132647e-06,0.002004515064277016,0.0010000494634377901,True,True
2885.3998118144273,0.00401,0.001,0.0,1.0372405274683416e-06,0.002004515064277016,0.001000038034902894,True,True
3370.3907114852836,0.00401,0.001,0.0,9.51901715784409e-07,0.002004515064277016,0.0010000300513863794,True,True
3936.9010497450113,0.00401,0.001,0.0,8.726184184126851e-07,0.002004515064277016,0.001000024253314579,True,True
4598.632978267703,0.00401,0.001,0.0,7.981608259877149e-07,0.002004515064277016,0.0010000198957903486,True,True
5371.591767636877,0.00401,0.001,0.0,7.274575681837092e-07,0.002004515064277016,0.0010000165234124161,True,True
6274.472925867966,0.00401,0.001,0.0,6.597525991081099e-07,0.002004515064277016,0.001000013848930891,True,True
7329.114385542688,0.00401,0.001,0.0,5.946408764279099e-07,0.002004515064277016,0.0010000116855951582,True,True
8561.024696578494,0.00401,0.001,0.0,5.320334443004171e-07,0.002004515064277016,0.001000009908273535,True,True
10000.0,0.00401,0.001,0.0,4.7208655862274185e-07,0.002004515064277016,0.0010000084305190607,True,True
20.0,0.005000062579469637,0.001,0.0,8.740116996027586e-10,0.0022531505233940033,0.0010006728183598046,True,True
23.361689410840295,0.005000062579469637,0.001,0.0,1.1724521603150712e-09,0.0022531505233940033,0.0010007862985066632,True,True
27.288426606428374,0.005000062579469637,0.001,0.0,1.5664036080861258e-09,0.0022531505233940033,0.0010009190664728676,True,True
31.87518734449451,0.005000062579469637,0.001,0.0,2.081680098995264e-09,0.0022531505233940033,0.0010010744842869406,True,True
37.23291133272139,0.005000062579469637,0.001,0.0,2.7472640169723395e-09,0.0022531505233940033,0.0010012565476187878,True,True
43.49118552081964,0.005000062579469637,0.001,0.0,3.5921823579934675e-09,0.0022531505233940033,0.0010014700316290136,True,True
50.80137841233114,0.005000062579469637,0.001,0.0,4.638693478810352e-09,0.0022531505233940033,0.0010017206837062463,True,True
59.34030120557235,0.005000062579469637,0.001,0.0,5.889894195900292e-09,0.0022531505233940033,0.0010020154831223075,True,True
69.31448431551465,0.005000062579469637,0.001,0.0,7.3111758716387296e-09,0.0022531505233940033,0.0010023629964832225,True,True
80.9651727125807,0.005000062579469637,0.001,0.0,8.810819223628759e-09,0.0022531505233940033,0.0010027738684388072,True,True
94.5741609003176,0.005000062579469637,0.001,0.0,1.0238213103697102e-08,0.0022531505233940033,0.0010032614943604416,True,True
110.47060866220276,0.005000062579469637,0.001,0.0,1.1431600210930551e-08,0.0022531505233940033,0.0010038429062056533,True,True
129.0390024296432,0.005000062579469637,0.001,0.0,1.2336896060283209e-08,0.0022531505233940033,0.0010045398016147924,True,True
150.72845483229952,0.005000062579469637,0.001,0.0,1.3229790850072948e-08,0.0022531505233940033,0.001005379271293134,True,True
176.06356735840254,0.005000062579469637,0.001,0.0,1.5521749770902593e-08,0.0022531505233940033,0.0010063926073869984,True,True
205.65711885957793,0.005000062579469637,0.001,0.0,2.5596875407457587e-08,0.0022531505233940033,0.0010076073011431015,True,True
240.22488679628626,0.005000062579469637,0.001,0.0,6.722741145021027e-08,0.0022531505233940033,0.0010090194739520988,True,True
280.60295970445543,0.005000062579469637,0.001,0.0,1.9509083130225813e-07,0.0022531505233940033,0.0010105208361211723,True,True
327.76795961890105,0.005000062579469637,0.001,0.0,4.5339248141984534e-07,0.0022531505233940033,0.0010117585121682529,True,True
382.86066357208045,0.005000062579469637,0.001,0.0,7.93582821345673e-07,0.0022531505233940033,0.0010120304773222335,True,True
447.213595499958,0.005000062579469637,0.001,0.0,1.1174899274268846e-06,0.0022531505233940033,0.0010106328239679043,True,True
450.0,0.005000062579469637,0.001,0.0,1.1291492852394391e-06,0.0022531505233940033,0.001010540777690582,True,True
460.0,0.005000062579469637,0.001,0.0,1.1694517804139437e-06,0.0022531505233940033,0.001010196195137313,True,True
470.0,0.005000062579469637,0.001,0.0,1.2074168030951071e-06,0.0022531505233940033,0.001009832974402657,True,True
480.0,0.005000062579469637,0.001,0.0,1.2431476326124624e-06,0.0022531505233940033,0.0010094558170104509,True,True
490.0,0.005000062579469637,0.001,0.0,1.2767519358414248e-06,0.0022531505233940033,0.0010090692213554622,True,True
500.0,0.005000062579469637,0.001,0.0,1.308338308914081e-06,0.0022531505233940033,0.001008677390904488,True,True
510.0,0.005000062579469637,0.001,0.0,1.338013824681017e-06,0.0022531505233940033,0.0010082841652543908,True,True
520.0,0.005000062579469637,0.001,0.0,1.3658823663775799e-06,0.0022531505233940033,0.0010078929737856726,True,True
522.3832559187591,0.005000062579469637,0.001,0.0,1.3722685779926636e-06,0.0022531505233940033,0.0010078003819199424,True,True
530.0,0.005000062579469637,0.001,0.0,1.3920435505410111e-06,0.0022531505233940033,0.0010075068103275178,True,True
540.0,0.005000062579469637,0.001,0.0,1.4165921010667049e-06,0.0022531505233940033,0.0010071282263043315,True,True
550.0,0.005000062579469637,0.001,0.0,1.4396175265218858e-06,0.0022531505233940033,0.0010067593392772958,True,True
560.0,0.005000062579469637,0.001,0.0,1.4612040466488452e-06,0.0022531505233940033,0.0010064018535832489,True,True
570.0,0.005000062579469637,0.001,0.0,1.4814306645849484e-06,0.0022531505233940033,0.0010060570898191559,True,True
580.0,0.005000062579469637,0.001,0.0,1.500371353602148e-06,0.0022531505233940033,0.0010057260201973275,True,True
590.0,0.005000062579469637,0.001,0.0,1.5180953005788922e-06,0.0022531505233940033,0.0010054093071689687,True,True
600.0,0.005000062579469637,0.001,0.0,1.5346671817795254e-06,0.0022531505233940033,0.0010051073431660553,True,True
610.0,0.005000062579469637,0.001,0.0,1.5501474840418084e-06,0.0022531505233940033,0.0010048202897745542,True,True
610.1877689098774,0.005000062579469637,0.001,0.0,1.550428085472788e-06,0.0022531505233940033,0.0010048150424865057,True,True
620.0,0.005000062579469637,0.001,0.0,1.5645927953222838e-06,0.0022531505233940033,0.0010045481150919846,True,True
630.0,0.005000062579469637,0.001,0.0,1.5780560992384451e-06,0.0022531505233940033,0.0010042906284000166,True,True
640.0,0.005000062579469637,0.001,0.0,1.5905870661692134e-06,0.0022531505233940033,0.001004047511631744,True,True
650.0,0.005000062579469637,0.001,0.0,1.6022323190423293e-06,0.0022531505233940033,0.001003818347360518,True,True
712.7508569783073,0.005000062579469637,0.001,0.0,1.6576490915465314e-06,0.0022531505233940033,0.00100266448013031,True,True
832.5532074018732,0.005000062579469637,0.001,0.0,1.7007324042417338e-06,0.0022531505233940033,0.0010014226810618468,True,True
972.4924724660731,0.005000062579469637,0.001,0.0,1.688252139309121e-06,0.0022531505233940033,0.0010007736169725936,True,True
1135.9533548066277,0.005000062579469637,0.001,0.0,1.6319832095712528e-06,0.0022531505233940033,0.0010004411815043293,True,True
1326.889473009725,0.005000062579469637,0.001,0.0,1.5458239938093143e-06,0.0022531505233940033,0.001000266902961732,True,True
1549.918987548337,0.005000062579469637,0.001,0.0,1.4433098892707719e-06,0.0022531505233940033,0.001000171461409515,True,True
1810.4362999534146,0.005000062579469637,0.001,0.0,1.3354240154805908e-06,0.0022531505233940033,0.0010001164545582189,True,True
2114.7425268811285,0.005000062579469637,0.001,0.0,1.2295784994620362e-06,0.0022531505233940033,0.0010000830571545985,True,True
2470.1979048446246,0.005000062579469637,0.001,0.0,1.12974936661292e-06,0.0022531505233940033,0.0010000617371871403,True,True
2885.3998118144273,0.005000062579469637,0.001,0.0,1.0372929361013306e-06,0.0022531505233940033,0.0010000474728021338,True,True
3370.3907114852836,0.005000062579469637,0.001,0.0,9.519394046364482e-07,0.0022531505233940033,0.0010000375082737092,True,True
3936.9010497450113,0.005000062579469637,0.001,0.0,8.72643397653583e-07,0.0022531505233940033,0.0010000302714810996,True,True
4598.632978267703,0.005000062579469637,0.001,0.0,7.981749098329161e-07,0.0022531505233940033,0.0010000248326905705,True,True
5371.591767636877,0.005000062579469637,0.001,0.0,7.274623869957253e-07,0.0022531505233940033,0.0010000206234973543,True,True
6274.472925867966,0.005000062579469637,0.001,0.0,6.597496438054407e-07,0.0022531505233940033,0.0010000172853753533,True,True
7329.114385542688,0.005000062579469637,0.001,0.0,5.946315324578677e-07,0.0022531505233940033,0.0010000145852340206,True,True
8561.024696578494,0.005000062579469637,0.001,0.0,5.32019024612751e-07,0.0022531505233940033,0.001000012366891844,True,True
10000.0,0.005000062579469637,0.001,0.0,4.720683115522206e-07,0.0022531505233940033,0.0010000105224506886,True,True
20.0,0.006234570024591662,0.001,0.0,1.959888528297324e-09,0.002563520254654764,0.001000839978165531,True,True
23.361689410840295,0.006234570024591662,0.001,0.0,2.629083242506724e-09,0.002563520254654764,0.0010009816521040714,True,True
27.288426606428374,0.006234570024591662,0.001,0.0,3.512423011486519e-09,0.002563520254654764,0.0010011474058509032,True,True
31.87518734449451,0.006234570024591662,0.001,0.0,4.667771560468376e-09,0.002563520254654764,0.0010013414367146573,True,True
37.23291133272139,0.006234570024591662,0.001,0.0,6.1600827090647035e-09,0.002563520254654764,0.0010015687330692166,True,True
43.49118552081964,0.006234570024591662,0.001,0.0,8.054385962331066e-09,0.002563520254654764,0.0010018352564378514,True,True
50.80137841233114,0.006234570024591662,0.001,0.0,1.0400489249776795e-08,0.002563520254654764,0.001002148182114103,True,True
59.34030120557235,0.006234570024591662,0.001,0.0,1.320514177302265e-08,0.002563520254654764,0.0010025162233253807,True,True
69.31448431551465,0.006234570024591662,0.001,0.0,1.6390304432146834e-08,0.002563520254654764,0.0010029500749915619,True,True
80.9651727125807,0.006234570024591662,0.001,0.0,1.9749104256030353e-08,0.002563520254654764,0.0010034630263451427,True,True
94.5741609003176,0.006234570024591662,0.001,0.0,2.2939729983086597e-08,0.002563520254654764,0.001004071800726447,True,True
110.47060866220276,0.006234570024591662,0.001,0.0,2.5583421819170768e-08,0.002563520254654764,0.0010047976615271755,True,True
129.0390024296432,0.006234570024591662,0.001,0.0,2.748828628932297e-08,0.002563520254654764,0.0010056676969451635,True,True
150.72845483229952,0.006234570024591662,0.001,0.0,2.8932201796231377e-08,0.002563520254654764,0.001006715728055212,True,True
176.06356735840254,0.006234570024591662,0.001,0.0,3.1379503092308914e-08,0.002563520254654764,0.0010079808210930715,True,True
205.65711885957793,0.006234570024591662,0.001,0.0,4.118949424071483e-08,0.002563520254654764,0.0010094972969261163,True,True
240.22488679628626,0.006234570024591662,0.001,0.0,8.204583355764239e-08,0.002563520254654764,0.0010112603127235024,True,True
280.60295970445543,0.006234570024591662,0.001,0.0,2.085510132088242e-07,0.002563520254654764,0.0010131346742404254,True,True
327.76795961890105,0.006234570024591662,0.001,0.0,4.648614665841988e-07,0.002563520254654764,0.00101467983635714,True,True
382.86066357208045,0.006234570024591662,0.001,0.0,8.024403880813047e-07,0.002563520254654764,0.001015019363033636,True,True
447.213595499958,0.006234570024591662,0.001,0.0,1.123406757397305e-06,0.002563520254654764,0.0010132744698082,True,True
450.0,0.006234570024591662,0.001,0.0,1.1349507081925836e-06,0.002563520254654764,0.001013159555287412,True,True
460.0,0.006234570024591662,0.001,0.0,1.174850254692661e-06,0.002563520254654764,0.0010127293637157133,True,True
470.0,0.006234570024591662,0.001,0.0,1.2124308345629053e-06,0.002563520254654764,0.0010122759035320885,True,True
480.0,0.006234570024591662,0.001,0.0,1.2477966816470953e-06,0.002563520254654764,0.001011805044305424,True,True
490.0,0.006234570024591662,0.001,0.0,1.2810560935383464e-06,0.002563520254654764,0.0010113224020081848,True,True
500.0,0.006234570024591662,0.001,0.0,1.3123179886664893e-06,0.002563520254654764,0.0010108332244130871,True,True
510.0,0.006234570024591662,0.001,0.0,1.3416894807383173e-06,0.002563520254654764,0.0010103423050228924,True,True
520.0,0.006234570024591662,0.001,0.0,1.3692742440452044e-06,0.002563520254654764,0.0010098539252100238,True,True
522.3832559187591,0.006234570024591662,0.001,0.0,1.3755957694039367e-06,0.002563520254654764,0.0010097383296490672,True,True
530.0,0.006234570024591662,0.001,0.0,1.3951714707971519e-06,0.002563520254654764,0.0010093718225878115,True,True
540.0,0.006234570024591662,0.001,0.0,1.4194752784302267e-06,0.002563520254654764,0.0010088991824537255,True,True
550.0,0.006234570024591662,0.001,0.0,1.4422744337716509e-06,0.002563520254654764,0.0010084386484546784,True,True
560.0,0.006234570024591662,0.001,0.0,1.4636523067990126e-06,0.002563520254654764,0.001007992348351027,True,True
570.0,0.006234570024591662,0.001,0.0,1.483686966730069e-06,0.002563520254654764,0.0010075619308281816,True,True
580.0,0.006234570024591662,0.001,0.0,1.5024514175010495e-06,0.002563520254654764,0.0010071486096346885,True,True
590.0,0.006234570024591662,0.001,0.0,1.52001384434719e-06,0.002563520254654764,0.0010067532118006586,True,True
600.0,0.006234570024591662,0.001,0.0,1.5364379277738038e-06,0.002563520254654764,0.001006376227253746,True,True
610.0,0.006234570024591662,0.001,0.0,1.5517831646327807e-06,0.002563520254654764,0.001006017857725249,True,True
610.1877689098774,0.006234570024591662,0.001,0.0,1.5520613464437005e-06,0.002563520254654764,0.0010060113067898993,True,True
620.0,0.006234570024591662,0.001,0.0,1.566105180317301e-06,0.002563520254654764,0.0010056780633866938,True,True
630.0,0.006234570024591662,0.001,0.0,1.5794560405124614e-06,0.002563520254654764,0.0010053566061386512,True,True
640.0,0.006234570024591662,0.001,0.0,1.5918845318596553e-06,0.002563520254654764,0.0010050530888939804,True,True
650.0,0.006234570024591662,0.001,0.0,1.6034364433981096e-06,0.002563520254654764,0.001004766990520766,True,True
712.7508569783073,0.006234570024591662,0.001,0.0,1.6584313126122296e-06,0.002563520254654764,0.0010033264535752586,True,True
832.5532074018732,0.006234570024591662,0.001,0.0,1.701156153943728e-06,0.002563520254654764,0.0010017761380870507,True,True
972.4924724660731,0.006234570024591662,0.001,0.0,1.6885355831330884e-06,0.002563520254654764,0.0010009658180601946,True,True
1135.9533548066277,0.006234570024591662,0.001,0.0,1.6322073587149433e-06,0.002563520254654764,0.0010005507908862335,True,True
1326.889473009725,0.006234570024591662,0.001,0.0,1.546014133269047e-06,0.002563520254654764,0.0010003332137574752,True,True
1549.918987548337,0.006234570024591662,0.001,0.0,1.4434720677636292e-06,0.002563520254654764,0.0010002140602254342,True,True
1810.4362999534146,0.006234570024591662,0.001,0.0,1.3355594739028476e-06,0.002563520254654764,0.0010001453871834034,True,True
2114.7425268811285,0.006234570024591662,0.001,0.0,1.2296883974416417e-06,0.002563520254654764,0.0010001036923475972,True,True
2470.1979048446246,0.006234570024591662,0.001,0.0,1.129835700552917e-06,0.002563520254654764,0.0010000770755296253,True,True
2885.3998118144273,0.006234570024591662,0.001,0.0,1.0373582528533376e-06,0.002563520254654764,0.0010000592672201316,True,True
3370.3907114852836,0.006234570024591662,0.001,0.0,9.519863639617654e-07,0.002563520254654764,0.0010000468270474619,True,True
3936.9010497450113,0.006234570024591662,0.001,0.0,8.726745043263762e-07,0.002563520254654764,0.001000037792304508,True,True
4598.632978267703,0.006234570024591662,0.001,0.0,7.981924315947353e-07,0.002563520254654764,0.0010000310022691963,True,True
5371.591767636877,0.006234570024591662,0.001,0.0,7.274683572200402e-07,0.002563520254654764,0.0010000257473198318,True,True
6274.472925867966,0.006234570024591662,0.001,0.0,6.59745919007193e-07,0.002563520254654764,0.001000021579855014,True,True
7329.114385542688,0.006234570024591662,0.001,0.0,5.946198446959983e-07,0.002563520254654764,0.0010000182088749634,True,True
8561.024696578494,0.006234570024591662,0.001,0.0,5.320010108000872e-07,0.002563520254654764,0.0010000154393948737,True,True
10000.0,0.006234570024591662,0.001,0.0,4.720455295537107e-07,0.002563520254654764,0.001000013136709942,True,True
20.0,0.007773875381307699,0.001,0.0,3.3247337208092316e-09,0.00295105989163238,0.001001048992060077,True,True
23.361689410840295,0.007773875381307699,0.001,0.0,4.4598859108286974e-09,0.00295105989163238,0.001001225919040366,True,True
27.288426606428374,0.007773875381307699,0.001,0.0,5.9582506507283896e-09,0.00295105989163238,0.0010014329176454468,True,True
31.87518734449451,0.007773875381307699,0.001,0.0,7.917943371056266e-09,0.00295105989163238,0.001001675229601041,True,True
37.23291133272139,0.007773875381307699,0.001,0.0,1.0449080494574162e-08,0.00295105989163238,0.0010019590845369477,True,True
43.49118552081964,0.007773875381307699,0.001,0.0,1.366186800293807e-08,0.00295105989163238,0.001002291927378024,True,True
50.80137841233114,0.007773875381307699,0.001,0.0,1.764063643658288e-08,0.00295105989163238,0.0010026827188370669,True,True
59.34030120557235,0.007773875381307699,0.001,0.0,2.2396599260777767e-08,0.00295105989163238,0.001003142340237483,True,True
69.31448431551465,0.007773875381307699,0.001,0.0,2.7797017459942758e-08,0.00295105989163238,0.001003684147688463,True,True
80.9651727125807,0.007773875381307699,0.001,0.0,3.349026928109629e-08,0.00295105989163238,0.0010043247371374045,True,True
94.5741609003176,0.007773875381307699,0.001,0.0,3.8894440619282634e-08,0.00295105989163238,0.001005084993121884,True,True
110.47060866220276,0.007773875381307699,0.001,0.0,4.3358544986587394e-08,0.00295105989163238,0.0010059914698898563,True,True
129.0390024296432,0.007773875381307699,0.001,0.0,4.651817112739064e-08,0.00295105989163238,0.001007077995815001,True,True
150.72845483229952,0.007773875381307699,0.001,0.0,4.865446191206976e-08,0.00295105989163238,0.001008386807382542,True,True
176.06356735840254,0.007773875381307699,0.001,0.0,5.129827931448644e-08,0.00295105989163238,0.0010099666912239324,True,True
205.65711885957793,0.007773875381307699,0.001,0.0,6.077741101714884e-08,0.00295105989163238,0.0010118605075721378,True,True
240.22488679628626,0.007773875381307699,0.001,0.0,1.0066357469806775e-07,0.00295105989163238,0.0010140622076179355,True,True
280.60295970445543,0.007773875381307699,0.001,0.0,2.2546439395337847e-07,0.00295105989163238,0.0010164029559433302,True,True
327.76795961890105,0.007773875381307699,0.001,0.0,4.792743089482299e-07,0.00295105989163238,0.001018332587455358,True,True
382.86066357208045,0.007773875381307699,0.001,0.0,8.135722577851112e-07,0.00295105989163238,0.0010187565877884377,True,True
447.213595499958,0.007773875381307699,0.001,0.0,1.1308429386791552e-06,0.00295105989163238,0.001016577513242022,True,True
450.0,0.007773875381307699,0.001,0.0,1.1422418402240453e-06,0.00295105989163238,0.0010164340048625644,True,True
460.0,0.007773875381307699,0.001,0.0,1.1816349435589402e-06,0.00295105989163238,0.001015896770029833,True,True
470.0,0.007773875381307699,0.001,0.0,1.2187323286672047e-06,0.00295105989163238,0.0010153304768680252,True,True
480.0,0.007773875381307699,0.001,0.0,1.2536394319861976e-06,0.00295105989163238,0.0010147424554293174,True,True
490.0,0.007773875381307699,0.001,0.0,1.2864653453070751e-06,0.00295105989163238,0.001014139719067774,True,True
500.0,0.007773875381307699,0.001,0.0,1.3173193943449846e-06,0.00295105989163238,0.001013528821320108,True,True
510.0,0.007773875381307699,0.001,0.0,1.346308745597824e-06,0.00295105989163238,0.0010129157484201614,True,True
520.0,0.007773875381307699,0.001,0.0,1.37353680779162e-06,0.00295105989163238,0.0010123058470419824,True,True
522.3832559187591,0.007773875381307699,0.001,0.0,1.379777021970341e-06,0.00295105989163238,0.0010121614883099586,True,True
530.0,0.007773875381307699,0.001,0.0,1.3991022419501675e-06,0.00295105989163238,0.0010117037848003654,True,True
540.0,0.007773875381307699,0.001,0.0,1.4230984098917432e-06,0.00295105989163238,0.0010111135395661766,True,True
550.0,0.007773875381307699,0.001,0.0,1.4456131388618232e-06,0.00295105989163238,0.0010105384127853103,True,True
560.0,0.007773875381307699,0.001,0.0,1.466728729693223e-06,0.00295105989163238,0.0010099810616529528,True,True
570.0,0.007773875381307699,0.001,0.0,1.486522092197795e-06,0.00295105989163238,0.0010094435450845865,True,True
580.0,0.007773875381307699,0.001,0.0,1.5050649985193232e-06,0.00295105989163238,0.0010089273788375088,True,True
590.0,0.007773875381307699,0.001,0.0,1.522424378896936e-06,0.00295105989163238,0.0010084335957266646,True,True
600.0,0.007773875381307699,0.001,0.0,1.5386626642799328e-06,0.00295105989163238,0.0010079628075848604,True,True
610.0,0.007773875381307699,0.001,0.0,1.5538381022972558e-06,0.00295105989163238,0.001007515266339575,True,True
610.1877689098774,0.007773875381307699,0.001,0.0,1.5541132376561961e-06,0.00295105989163238,0.0010075070853600146,True,True
620.0,0.007773875381307699,0.001,0.0,1.568005117080773e-06,0.00295105989163238,0.001007090922252928,True,True
630.0,0.007773875381307699,0.001,0.0,1.5812146102467395e-06,0.00295105989163238,0.0010066894779813254,True,True
640.0,0.007773875381307699,0.001,0.0,1.5935142716472228e-06,0.00295105989163238,0.001006310437633883,True,True
650.0,0.007773875381307699,0.001,0.0,1.6049488368308218e-06,0.00295105989163238,0.0010059531504091881,True,True
712.7508569783073,0.007773875381307699,0.001,0.0,1.6594132351555047e-06,0.00295105989163238,0.0010041541693018843,True,True
832.5532074018732,0.007773875381307699,0.001,0.0,1.701687261990159e-06,0.00295105989163238,0.0010022180927270466,True,True
972.4924724660731,0.007773875381307699,0.001,0.0,1.6888901688272284e-06,0.00295105989163238,0.0010012061421313936,True,True
1135.9533548066277,0.007773875381307699,0.001,0.0,1.6324873786111027e-06,0.00295105989163238,0.0010006878441617397,True,True
1326.889473009725,0.007773875381307699,0.001,0.0,1.5462514544317685e-06,0.00295105989163238,0.0010004161274231862,True,True
1549.918987548337,0.007773875381307699,0.001,0.0,1.4436743909218563e-06,0.00295105989163238,0.0010002673249318575,True,True
1810.4362999534146,0.007773875381307699,0.001,0.0,1.3357284045500961e-06,0.00295105989163238,0.0010001815639651959,True,True
2114.7425268811285,0.007773875381307699,0.001,0.0,1.2298254161713373e-06,0.00295105989163238,0.0010001294941884833,True,True
2470.1979048446246,0.007773875381307699,0.001,0.0,1.1299433173572737e-06,0.00295105989163238,0.0010000962542940908,True,True
2885.3998118144273,0.007773875381307699,0.001,0.0,1.0374396506307448e-06,0.00295105989163238,0.001000074014732121,True,True
3370.3907114852836,0.007773875381307699,0.001,0.0,9.520448622790667e-07,0.00295105989163238,0.0010000584790619263,True,True
3936.9010497450113,0.007773875381307699,0.001,0.0,8.727132337904564e-07,0.00295105989163238,0.0010000471961969506,True,True
4598.632978267703,0.007773875381307699,0.001,0.0,7.982142191664821e-07,0.00295105989163238,0.0010000387165917104,True,True
5371.591767636877,0.007773875381307699,0.001,0.0,7.274757418684885e-07,0.00295105989163238,0.001000032154048646,True,True
6274.472925867966,0.007773875381307699,0.001,0.0,6.59741217323706e-07,0.00295105989163238,0.0010000269495902261,True,True
7329.114385542688,0.007773875381307699,0.001,0.0,5.946052128447121e-07,0.00295105989163238,0.0010000227398061492,True,True
8561.024696578494,0.007773875381307699,0.001,0.0,5.319784954771478e-07,0.00295105989163238,0.0010000192811934197,True,True
10000.0,0.007773875381307699,0.001,0.0,4.720170749816788e-07,0.00295105989163238,0.0010000164055291574,True,True
20.0,0.0096932327659693,0.001,0.0,5.0436039012217125e-09,0.0034351246764547606,0.0010013105212439285,True,True
23.361689410840295,0.0096932327659693,0.001,0.0,6.765505391564909e-09,0.0034351246764547606,0.0010015315586609206,True,True
27.288426606428374,0.0096932327659693,0.001,0.0,9.038283415750345e-09,0.0034351246764547606,0.0010017901649658025,True,True
31.87518734449451,0.0096932327659693,0.001,0.0,1.2010695996523667e-08,0.0034351246764547606,0.0010020928887083942,True,True
37.23291133272139,0.0096932327659693,0.001,0.0,1.5849657944173173e-08,0.0034351246764547606,0.0010024475126354736,True,True
43.49118552081964,0.0096932327659693,0.001,0.0,2.0722151483079047e-08,0.0034351246764547606,0.0010028633377711673,True,True
50.80137841233114,0.0096932327659693,0.001,0.0,2.6755819970117247e-08,0.0034351246764547606,0.001003351558823526,True,True
59.34030120557235,0.0096932327659693,0.001,0.0,3.396730030455703e-08,0.0034351246764547606,0.0010039257699301786,True,True
69.31448431551465,0.0096932327659693,0.001,0.0,4.2154789273098243e-08,0.0034351246764547606,0.001004602656989732,True,True
80.9651727125807,0.0096932327659693,0.001,0.0,5.078435265728782e-08,0.0034351246764547606,0.0010054029534412308,True,True
94.5741609003176,0.0096932327659693,0.001,0.0,5.897203649637018e-08,0.0034351246764547606,0.0010063527504673097,True,True
110.47060866220276,0.0096932327659693,0.001,0.0,6.572484086142527e-08,0.0034351246764547606,0.0010074852224197582,True,True
129.0390024296432,0.0096932327659693,0.001,0.0,7.046218003970046e-08,0.0034351246764547606,0.0010088426311951927,True,True
150.72845483229952,0.0096932327659693,0.001,0.0,7.34701156510087e-08,0.0034351246764547606,0.0010104777428736975,True,True
176.06356735840254,0.0096932327659693,0.001,0.0,7.636341146227688e-08,0.0034351246764547606,0.0010124515064460103,True,True
205.65711885957793,0.0096932327659693,0.001,0.0,8.542961957638817e-08,0.0034351246764547606,0.0010148174666093747,True,True
240.22488679628626,0.0096932327659693,0.001,0.0,1.2409854305978074e-07,0.0034351246764547606,0.00101756806505206,True,True
280.60295970445543,0.0096932327659693,0.001,0.0,2.467573475273266e-07,0.0034351246764547606,0.0010204923724991604,True,True
327.76795961890105,0.0096932327659693,0.001,0.0,4.974215914999025e-07,0.0034351246764547606,0.001022903062692689,True,True
382.86066357208045,0.0096932327659693,0.001,0.0,8.27589627772074e-07,0.0034351246764547606,0.0010234327543848223,True,True
447.213595499958,0.0096932327659693,0.001,0.0,1.1402068586519043e-06,0.0034351246764547606,0.0010207104120607538,True,True
450.0,0.0096932327659693,0.001,0.0,1.151423101863891e-06,0.0034351246764547606,0.0010205311258840158,True,True
460.0,0.0096932327659693,0.001,0.0,1.190178433585487e-06,0.0034351246764547606,0.001019859954235979,True,True
470.0,0.0096932327659693,0.001,0.0,1.2266673108385362e-06,0.0034351246764547606,0.0010191524800116638,True,True
480.0,0.0096932327659693,0.001,0.0,1.2609966876797607e-06,0.0034351246764547606,0.0010184178606653651,True,True
490.0,0.0096932327659693,0.001,0.0,1.2932766552675723e-06,0.0034351246764547606,0.0010176648579975902,True,True
500.0,0.0096932327659693,0.001,0.0,1.3236170554598026e-06,0.0034351246764547606,0.00101690165935625,True,True
510.0,0.0096932327659693,0.001,0.0,1.3521251194248407e-06,0.0034351246764547606,0.0010161357433561271,True,True
520.0,0.0096932327659693,0.001,0.0,1.3789039300937667e-06,0.0034351246764547606,0.0010153737896079753,True,True
522.3832559187591,0.0096932327659693,0.001,0.0,1.3850417369676293e-06,0.0034351246764547606,0.0010151934413125665,True,True
530.0,0.0096932327659693,0.001,0.0,1.4040514771940238e-06,0.0034351246764547606,0.0010146216293722135,True,True
540.0,0.0096932327659693,0.001,0.0,1.4276601683071988e-06,0.0034351246764547606,0.0010138842322114918,True,True
550.0,0.0096932327659693,0.001,0.0,1.4498166567289417e-06,0.0034351246764547606,0.0010131657226289939,True,True
560.0,0.0096932327659693,0.001,0.0,1.4706018925947362e-06,0.0034351246764547606,0.0010124694202644493,True,True
570.0,0.0096932327659693,0.001,0.0,1.490091319000797e-06,0.0034351246764547606,0.0010117978973268596,True,True
580.0,0.0096932327659693,0.001,0.0,1.5083551659911265e-06,0.0034351246764547606,0.001011153047455803,True,True
590.0,0.0096932327659693,0.001,0.0,1.5254587888424709e-06,0.0034351246764547606,0.0010105361609497035,True,True
600.0,0.0096932327659693,0.001,0.0,1.541463027554535e-06,0.0034351246764547606,0.0010099480021749088,True,True
610.0,0.0096932327659693,0.001,0.0,1.556424578552651e-06,0.0034351246764547606,0.0010093888858653246,True,True
610.1877689098774,0.0096932327659693,0.001,0.0,1.556695883531134e-06,0.0034351246764547606,0.001009378665311588,True,True
620.0,0.0096932327659693,0.001,0.0,1.570396340189184e-06,0.0034351246764547606,0.0010088587498843218,True,True
630.0,0.0096932327659693,0.001,0.0,1.5834277552473353e-06,0.0034351246764547606,0.0010083572227611573,True,True
640.0,0.0096932327659693,0.001,0.0,1.5955651152532724e-06,0.0034351246764547606,0.0010078836849779496,True,True
650.0,0.0096932327659693,0.001,0.0,1.6068518509104734e-06,0.0034351246764547606,0.0010074373234878467,True,True
712.7508569783073,0.0096932327659693,0.001,0.0,1.6606479095182536e-06,0.0034351246764547606,0.0010051898428387043,True,True
832.5532074018732,0.0096932327659693,0.001,0.0,1.7023537856042381e-06,0.0034351246764547606,0.0010027710860946995,True,True
972.4924724660731,0.0096932327659693,0.001,0.0,1.6893341182599997e-06,0.0034351246764547606,0.0010015068466375779,True,True
1135.9533548066277,0.0096932327659693,0.001,0.0,1.632837322573799e-06,0.0034351246764547606,0.0010008593316384031,True,True
1326.889473009725,0.0096932327659693,0.001,0.0,1.5465477242182502e-06,0.0034351246764547606,0.0010005198729402523,True,True
1549.918987548337,0.0096932327659693,0.001,0.0,1.443926826216746e-06,0.0034351246764547606,0.0010003339722871587,True,True
1810.4362999534146,0.0096932327659693,0.001,0.0,1.335939085245208e-06,0.0034351246764547606,0.0010002268301022568,True,True
2114.7425268811285,0.0096932327659693,0.001,0.0,1.229996247520404e-06,0.0034351246764547606,0.0010001617787039887,True,True
2470.1979048446246,0.0096932327659693,0.001,0.0,1.1300774580558226e-06,0.0034351246764547606,0.0010001202516981547,True,True
2885.3998118144273,0.0096932327659693,0.001,0.0,1.037541067505643e-06,0.0034351246764547606,0.001000092467538515,True,True
3370.3907114852836,0.0096932327659693,0.001,0.0,9.521177226634592e-07,0.0034351246764547606,0.001000073058632477,True,True
3936.9010497450113,0.0096932327659693,0.001,0.0,8.727614331238698e-07,0.0034351246764547606,0.0010000589628075254,True,True
4598.632978267703,0.0096932327659693,0.001,0.0,7.982412906226699e-07,0.0034351246764547606,0.0010000483691298126,True,True
5371.591767636877,0.0096932327659693,0.001,0.0,7.274848560223646e-07,0.0034351246764547606,0.0010000401704615127,True,True
6274.472925867966,0.0096932327659693,0.001,0.0,6.597352609771789e-07,0.0034351246764547606,0.001000033668465571,True,True
7329.114385542688,0.0096932327659693,0.001,0.0,5.945868821743971e-07,0.0034351246764547606,0.0010000284091288272,True,True
8561.024696578494,0.0096932327659693,0.001,0.0,5.319503413314663e-07,0.0034351246764547606,0.0010000240882400693,True,True
10000.0,0.0096932327659693,0.001,0.0,4.719815209774936e-07,0.0034351246764547606,0.0010000204956364103,True,True
20.0,0.01208647641576361,0.001,0.0,7.2136604925391885e-09,0.0040400185853450826,0.001001638044917814,True,True
23.361689410840295,0.01208647641576361,0.001,0.0,9.676213205851974e-09,0.0040400185853450826,0.0010019143235974616,True,True
27.288426606428374,0.01208647641576361,0.001,0.0,1.2926455980805975e-08,0.0040400185853450826,0.0010022375602732464,True,True
31.87518734449451,0.01208647641576361,0.001,0.0,1.717700375577884e-08,0.0040400185853450826,0.0010026159400754963,True,True
37.23291133272139,0.01208647641576361,0.001,0.0,2.266635422518322e-08,0.0040400185853450826,0.0010030591907706483,True,True
43.49118552081964,0.01208647641576361,0.001,0.0,2.9632982053839213e-08,0.0040400185853450826,0.0010035789378346964,True,True
50.80137841233114,0.01208647641576361,0.001,0.0,3.825895298655143e-08,0.0040400185853450826,0.0010041891736752052,True,True
59.34030120557235,0.01208647641576361,0.001,0.0,4.8567437492498186e-08,0.0040400185853450826,0.0010049068897639748,True,True
69.31448431551465,0.01208647641576361,0.001,0.0,6.02691627250634e-08,0.0040400185853450826,0.001005752941982712,True,True
80.9651727125807,0.01208647641576361,0.001,0.0,7.25999999784616e-08,0.0040400185853450826,0.0010067532452511102,True,True
94.5741609003176,0.01208647641576361,0.001,0.0,8.42952145847873e-08,0.0040400185853450826,0.001007940411145769,True,True
110.47060866220276,0.01208647641576361,0.001,0.0,9.393132019419603e-08,0.0040400185853450826,0.0010093559044975077,True,True
129.0390024296432,0.01208647641576361,0.001,0.0,1.0065653423783905e-07,0.0040400185853450826,0.0010110525486288944,True,True
150.72845483229952,0.01208647641576361,0.001,0.0,1.0476439974999724e-07,0.0040400185853450826,0.0010130962959330695,True,True
176.06356735840254,0.01208647641576361,0.001,0.0,1.0797579229164522e-07,0.0040400185853450826,0.0010155633263317755,True,True
205.65711885957793,0.01208647641576361,0.001,0.0,1.1652661128375152e-07,0.0040400185853450826,0.0010185205644242879,True,True
240.22488679628626,0.01208647641576361,0.001,0.0,1.536660170012305e-07,0.0040400185853450826,0.0010219585606738501,True,True
280.60295970445543,0.01208647641576361,0.001,0.0,2.7362755075643896e-07,0.0040400185853450826,0.0010256136695569453,True,True
327.76795961890105,0.01208647641576361,0.001,0.0,5.203259109270997e-07,0.0040400185853450826,0.0010286267940355634,True,True
382.86066357208045,0.01208647641576361,0.001,0.0,8.452833085148548e-07,0.0040400185853450826,0.0010292888371019873,True,True
447.213595499958,0.01208647641576361,0.001,0.0,1.1520269705411756e-06,0.0040400185853450826,0.001025886142655196,True,True
450.0,0.01208647641576361,0.001,0.0,1.1630126305894883e-06,0.0040400185853450826,0.0010256620510210026,True,True
460.0,0.01208647641576361,0.001,0.0,1.2009628432285702e-06,0.0040400185853450826,0.001024823146940911,True,True
470.0,0.01208647641576361,0.001,0.0,1.2366835224209005e-06,0.0040400185853450826,0.0010239388682556907,True,True
480.0,0.01208647641576361,0.001,0.0,1.2702835383571198e-06,0.0040400185853450826,0.0010230206609006523,True,True
490.0,0.01208647641576361,0.001,0.0,1.3018742530679361e-06,0.0040400185853450826,0.0010220794762783583,True,True
500.0,0.01208647641576361,0.001,0.0,1.3315661571700055e-06,0.0040400185853450826,0.0010211255477798878,True,True
510.0,0.01208647641576361,0.001,0.0,1.359466572814494e-06,0.0040400185853450826,0.0010201682229463707,True,True
520.0,0.01208647641576361,0.001,0.0,1.3856781664878248e-06,0.0040400185853450826,0.00101921585064113,True,True
522.3832559187591,0.01208647641576361,0.001,0.0,1.3916866715701914e-06,0.0040400185853450826,0.0010189904318195211,True,True
530.0,0.01208647641576361,0.001,0.0,1.410298083093231e-06,0.0040400185853450826,0.0010182757193729066,True,True
540.0,0.01208647641576361,0.001,0.0,1.4334175321151221e-06,0.0040400185853450826,0.0010173540406114281,True,True
550.0,0.01208647641576361,0.001,0.0,1.4551216807046075e-06,0.0040400185853450826,0.0010164559695846611,True,True
560.0,0.01208647641576361,0.001,0.0,1.4754897772473186e-06,0.0040400185853450826,0.0010155856555209555,True,True
570.0,0.01208647641576361,0.001,0.0,1.4945954196488032e-06,0.0040400185853450826,0.0010147463134325676,True,True
580.0,0.01208647641576361,0.001,0.0,1.512506885625875e-06,0.0040400185853450826,0.0010139403101865332,True,True
590.0,0.01208647641576361,0.001,0.0,1.529287542822999e-06,0.0040400185853450826,0.0010131692585326748,True,True
600.0,0.01208647641576361,0.001,0.0,1.5449962291747e-06,0.0040400185853450826,0.0010124341138556528,True,True
610.0,0.01208647641576361,0.001,0.0,1.5596876719037311e-06,0.0040400185853450826,0.0010117352695451212,True,True
610.1877689098774,0.01208647641576361,0.001,0.0,1.55995413597676e-06,0.0040400185853450826,0.0010117224947859818,True,True
620.0,0.01208647641576361,0.001,0.0,1.573412850452982e-06,0.0040400185853450826,0.0010110726479369827,True,True
630.0,0.01208647641576361,0.001,0.0,1.5862193682991688e-06,0.0040400185853450826,0.0010104457847300843,True,True
640.0,0.01208647641576361,0.001,0.0,1.5981517532681622e-06,0.0040400185853450826,0.0010098539055888303,True,True
650.0,0.01208647641576361,0.001,0.0,1.6092517796106875e-06,0.0040400185853450826,0.0010092959942828985,True,True
712.7508569783073,0.01208647641576361,0.001,0.0,1.6622036433933118e-06,0.0040400185853450826,0.00100648684664728,True,True
832.5532074018732,0.01208647641576361,0.001,0.0,1.7031916058618535e-06,0.0040400185853450826,0.0010034636167222102,True,True
972.4924724660731,0.01208647641576361,0.001,0.0,1.689890533840277e-06,0.0040400185853450826,0.0010018834286299452,True,True
1135.9533548066277,0.01208647641576361,0.001,0.0,1.6332749167569105e-06,0.0040400185853450826,0.0010010740911596807,True,True
1326.889473009725,0.01208647641576361,0.001,0.0,1.5469177174765036e-06,0.0040400185853450826,0.0010006497970195252,True,True
1549.918987548337,0.01208647641576361,0.001,0.0,1.444241813697289e-06,0.0040400185853450826,0.0010004174371024402,True,True
1810.4362999534146,0.01208647641576361,0.001,0.0,1.3362018521645425e-06,0.0040400185853450826,0.0010002835184882422,True,True
2114.7425268811285,0.01208647641576361,0.001,0.0,1.230209224933887e-06,0.0040400185853450826,0.0010002022097549404,True,True
2470.1979048446246,0.01208647641576361,0.001,0.0,1.1302446206729044e-06,0.0040400185853450826,0.001000150304508395,True,True
2885.3998118144273,0.01208647641576361,0.001,0.0,1.0376674066669977e-06,0.0040400185853450826,0.0010001155766526928,True,True
3370.3907114852836,0.01208647641576361,0.001,0.0,9.522084223334559e-07,0.0040400185853450826,0.0010000913171546158,True,True
3936.9010497450113,0.01208647641576361,0.001,0.0,8.728213876096902e-07,0.0040400185853450826,0.0010000736985589223,True,True
4598.632978267703,0.01208647641576361,0.001,0.0,7.982748994050937e-07,0.0040400185853450826,0.0010000604573522356,True,True
5371.591767636877,0.01208647641576361,0.001,0.0,7.274960694969579e-07,0.0040400185853450826,0.0010000502097056154,True,True
6274.472925867966,0.01208647641576361,0.001,0.0,6.597276954733999e-07,0.0040400185853450826,0.0010000420827565018,True,True
7329.114385542688,0.01208647641576361,0.001,0.0,5.945638916760032e-07,0.0040400185853450826,0.00100003550902683,True,True
8561.024696578494,0.01208647641576361,0.001,0.0,5.319151092919583e-07,0.0040400185853450826,0.001000030108278759,True,True
10000.0,0.01208647641576361,0.001,0.0,4.719370690908775e-07,0.0040400185853450826,0.0010000256178254166,True,True
20.0,0.015070608090798491,0.001,0.0,9.961750728650206e-09,0.004796312692452155,0.001002048663021157,True,True
23.361689410840295,0.015070608090798491,0.001,0.0,1.3362059683247546e-08,0.004796312692452155,0.0010023941978942752,True,True
27.288426606428374,0.015070608090798491,0.001,0.0,1.7849776700880164e-08,0.004796312692452155,0.0010027984619044544,True,True
31.87518734449451,0.015070608090798491,0.001,0.0,2.3718258070678372e-08,0.004796312692452155,0.0010032716919577535,True,True
37.23291133272139,0.015070608090798491,0.001,0.0,3.1296454423726614e-08,0.004796312692452155,0.0010038260542826283,True,True
43.49118552081964,0.015070608090798491,0.001,0.0,4.091307991216852e-08,0.004796312692452155,0.001004476088505508,True,True
50.80137841233114,0.015070608090798491,0.001,0.0,5.281870796682367e-08,0.004796312692452155,0.0010052392944865174,True,True
59.34030120557235,0.015070608090798491,0.001,0.0,6.704428700719193e-08,0.004796312692452155,0.0010061369228995104,True,True
69.31448431551465,0.015070608090798491,0.001,0.0,8.31893382428981e-08,0.004796312692452155,0.0010071950574797172,True,True
80.9651727125807,0.015070608090798491,0.001,0.0,1.0019818125184786e-07,0.004796312692452155,0.0010084461090871016,True,True
94.5741609003176,0.015070608090798491,0.001,0.0,1.1632473186301909e-07,0.004796312692452155,0.0010099308637920692,True,True
110.47060866220276,0.015070608090798491,0.001,0.0,1.2960241038825412e-07,0.004796312692452155,0.00101170118001001,True,True
129.0390024296432,0.015070608090798491,0.001,0.0,1.3883872025796315e-07,0.004796312692452155,0.0010138231216329208,True,True
150.72845483229952,0.015070608090798491,0.001,0.0,1.4433868740157396e-07,0.004796312692452155,0.001016379172285995,True,True
176.06356735840254,0.015070608090798491,0.001,0.0,1.4795785963257757e-07,0.004796312692452155,0.0010194646062202384,True,True
205.65711885957793,0.015070608090798491,0.001,0.0,1.5586537586466387e-07,0.004796312692452155,0.0010231631214044747,True,True
240.22488679628626,0.015070608090798491,0.001,0.0,1.9107930309542054e-07,0.004796312692452155,0.0010274628959855902,True,True
280.60295970445543,0.015070608090798491,0.001,0.0,3.0763619034146483e-07,0.004796312692452155,0.0010320341931923998,True,True
327.76795961890105,0.015070608090798491,0.001,0.0,5.493209964263501e-07,0.004796312692452155,0.001035802568826071,True,True
382.86066357208045,0.015070608090798491,0.001,0.0,8.676851127598084e-07,0.004796312692452155,0.001036630525416248,True,True
447.213595499958,0.015070608090798491,0.001,0.0,1.1669928618451841e-06,0.004796312692452155,0.0010323748767830368,True,True
450.0,0.015070608090798491,0.001,0.0,1.1776865544432802e-06,0.004796312692452155,0.0010320946131648348,True,True
460.0,0.015070608090798491,0.001,0.0,1.214617289746478e-06,0.004796312692452155,0.0010310454253916182,True,True
470.0,0.015070608090798491,0.001,0.0,1.249365207733888e-06,0.004796312692452155,0.0010299394897382288,True,True
480.0,0.015070608090798491,0.001,0.0,1.282041611649909e-06,0.004796312692452155,0.001028791121142624,True,True
490.0,0.015070608090798491,0.001,0.0,1.3127594750694804e-06,0.004796312692452155,0.0010276140160461735,True,True
500.0,0.015070608090798491,0.001,0.0,1.3416301199442593e-06,0.004796312692452155,0.0010264209729017306,True,True
510.0,0.015070608090798491,0.001,0.0,1.3687609800028255e-06,0.004796312692452155,0.0010252236822670393,True,True
520.0,0.015070608090798491,0.001,0.0,1.3942542042011397e-06,0.004796312692452155,0.0010240325856957213,True,True
522.3832559187591,0.015070608090798491,0.001,0.0,1.4000989493334615e-06,0.004796312692452155,0.0010237506627833173,True,True
530.0,0.015070608090798491,0.001,0.0,1.41820587207242e-06,0.004796312692452155,0.0010228567986030881,True,True
540.0,0.015070608090798491,0.001,0.0,1.440705670097131e-06,0.004796312692452155,0.0010217040893996101,True,True
550.0,0.015070608090798491,0.001,0.0,1.4618368905372492e-06,0.004796312692452155,0.0010205809055024986,True,True
560.0,0.015070608090798491,0.001,0.0,1.481676634829121e-06,0.004796312692452155,0.0010194924361688331,True,True
570.0,0.015070608090798491,0.001,0.0,1.5002961503141066e-06,0.004796312692452155,0.0010184427022750233,True,True
580.0,0.015070608090798491,0.001,0.0,1.5177612624484027e-06,0.004796312692452155,0.001017434663960092,True,True
590.0,0.015070608090798491,0.001,0.0,1.5341328066798e-06,0.004796312692452155,0.001016470338221497,True,True
600.0,0.015070608090798491,0.001,0.0,1.5494670994042892e-06,0.004796312692452155,0.0010155509199203374,True,True
610.0,0.015070608090798491,0.001,0.0,1.5638163681774842e-06,0.004796312692452155,0.0010146769010531678,True,True
610.1877689098774,0.015070608090798491,0.001,0.0,1.5640766984903465e-06,0.004796312692452155,0.0010146609241312712,True,True
620.0,0.015070608090798491,0.001,0.0,1.577229169380523e-06,0.004796312692452155,0.001013848184492682,True,True
630.0,0.015070608090798491,0.001,0.0,1.5897507601447813e-06,0.004796312692452155,0.0010130641895592643,True,True
640.0,0.015070608090798491,0.001,0.0,1.6014234563987984e-06,0.004796312692452155,0.0010123239478257986,True,True
650.0,0.015070608090798491,0.001,0.0,1.6122869277435115e-06,0.004796312692452155,0.0010116261883393865,True,True
712.7508569783073,0.015070608090798491,0.001,0.0,1.6641690574470402e-06,0.004796312692452155,0.0010081128873991032,True,True
832.5532074018732,0.015070608090798491,0.001,0.0,1.7042469108163871e-06,0.004796312692452155,0.0010043318372012769,True,True
972.4924724660731,0.015070608090798491,0.001,0.0,1.6905888329254992e-06,0.004796312692452155,0.001002355547412125,True,True
1135.9533548066277,0.015070608090798491,0.001,0.0,1.6338225465872824e-06,0.004796312692452155,0.0010013433343123426,True,True
1326.889473009725,0.015070608090798491,0.001,0.0,1.547379932631543e-06,0.004796312692452155,0.001000812682454554,True,True
1549.918987548337,0.015070608090798491,0.001,0.0,1.4446349381191936e-06,0.004796312692452155,0.001000522076756715,True,True
1810.4362999534146,0.015070608090798491,0.001,0.0,1.3365296057665788e-06,0.004796312692452155,0.0010003545886217982,True,True
2114.7425268811285,0.015070608090798491,0.001,0.0,1.2304747555313966e-06,0.004796312692452155,0.0010002528981097871,True,True
2470.1979048446246,0.015070608090798491,0.001,0.0,1.1304529349276393e-06,0.004796312692452155,0.0010001879816841077,True,True
2885.3998118144273,0.015070608090798491,0.001,0.0,1.037824778782337e-06,0.004796312692452155,0.001000144548527814,True,True
3370.3907114852836,0.015070608090798491,0.001,0.0,9.523213172490941e-07,0.004796312692452155,0.0010001142078490668,True,True
3936.9010497450113,0.015070608090798491,0.001,0.0,8.728959134396419e-07,0.004796312692452155,0.0010000921727603132,True,True
4598.632978267703,0.015070608090798491,0.001,0.0,7.983165750680143e-07,0.004796312692452155,0.0010000756123487156,True,True
5371.591767636877,0.015070608090798491,0.001,0.0,7.275098286019244e-07,0.004796312692452155,0.0010000627958994803,True,True
6274.472925867966,0.015070608090798491,0.001,0.0,6.597180181033835e-07,0.004796312692452155,0.00100005263174796,True,True
7329.114385542688,0.015070608090798491,0.001,0.0,5.945350117775305e-07,0.004796312692452155,0.00100004441016499,True,True
8561.024696578494,0.015070608090798491,0.001,0.0,5.318709794810417e-07,0.004796312692452155,0.001000037655597529,True,True
10000.0,0.015070608090798491,0.001,0.0,4.7188146246046614e-07,0.004796312692452155,0.0010000320395107112,True,True
20.0,0.01879151709841743,0.001,0.0,1.3455177641063642e-08,0.005742544743356996,0.0010025641603200561,True,True
23.361689410840295,0.01879151709841743,0.001,0.0,1.8047292767777454e-08,0.005742544743356996,0.0010029966405609597,True,True
27.288426606428374,0.01879151709841743,0.001,0.0,2.4107544403692257e-08,0.005742544743356996,0.0010035026275889295,True,True
31.87518734449451,0.01879151709841743,0.001,0.0,3.203172972023982e-08,0.005742544743356996,0.001004094934124475,True,True
37.23291133272139,0.01879151709841743,0.001,0.0,4.2263470673945414e-08,0.005742544743356996,0.0010047887876547756,True,True
43.49118552081964,0.01879151709841743,0.001,0.0,5.524572410414881e-08,0.005742544743356996,0.0010056023862406276,True,True
50.80137841233114,0.01879151709841743,0.001,0.0,7.131549787433309e-08,0.005742544743356996,0.0010065576330014752,True,True
59.34030120557235,0.01879151709841743,0.001,0.0,9.05128397418178e-08,0.005742544743356996,0.0010076811256057683,True,True
69.31448431551465,0.01879151709841743,0.001,0.0,1.1229521033071042e-07,0.005742544743356996,0.0010090055108103165,True,True
80.9651727125807,0.01879151709841743,0.001,0.0,1.3523624137776278e-07,0.005742544743356996,0.0010105713544236142,True,True
94.5741609003176,0.01879151709841743,0.001,0.0,1.5697931678214459e-07,0.005742544743356996,0.0010124297046735986,True,True
110.47060866220276,0.01879151709841743,0.001,0.0,1.7487074206994774e-07,0.005742544743356996,0.0010146454679029128,True,True
129.0390024296432,0.01879151709841743,0.001,0.0,1.8728921776173593e-07,0.005742544743356996,0.0010173013299086295,True,True
150.72845483229952,0.01879151709841743,0.001,0.0,1.9455755263580662e-07,0.005742544743356996,0.0010205005271070968,True,True
176.06356735840254,0.01879151709841743,0.001,0.0,1.987029633956916e-07,0.005742544743356996,0.0010243623039035326,True,True
205.65711885957793,0.01879151709841743,0.001,0.0,2.0580758693274082e-07,0.005742544743356996,0.001028991414150194,True,True
240.22488679628626,0.01879151709841743,0.001,0.0,2.38592019970868e-07,0.005742544743356996,0.001034373055732867,True,True
280.60295970445543,0.01879151709841743,0.001,0.0,3.5083850230543945e-07,0.005742544743356996,0.0010400945187754992,True,True
327.76795961890105,0.01879151709841743,0.001,0.0,5.861638693316351e-07,0.005742544743356996,0.0010448110127301005,True,True
382.86066357208045,0.01879151709841743,0.001,0.0,8.961549604336039e-07,0.005742544743356996,0.0010458472348089656,True,True
447.213595499958,0.01879151709841743,0.001,0.0,1.1860135539221162e-06,0.005742544743356996,0.0010405207828862997,True,True
450.0,0.01879151709841743,0.001,0.0,1.196336150699473e-06,0.005742544743356996,0.001040170001289197,True,True
460.0,0.01879151709841743,0.001,0.0,1.231971069215465e-06,0.005742544743356996,0.0010388568248332888,True,True
470.0,0.01879151709841743,0.001,0.0,1.2654824950719679e-06,0.005742544743356996,0.0010374726228726807,True,True
480.0,0.01879151709841743,0.001,0.0,1.2969848336430445e-06,0.005742544743356996,0.0010360353120202883,True,True
490.0,0.01879151709841743,0.001,0.0,1.3265931126382746e-06,0.005742544743356996,0.0010345620347689257,True,True
500.0,0.01879151709841743,0.001,0.0,1.3544197165482608e-06,0.005742544743356996,0.001033068809681569,True,True
510.0,0.01879151709841743,0.001,0.0,1.3805722323678715e-06,0.005742544743356996,0.0010315702686743968,True,True
520.0,0.01879151709841743,0.001,0.0,1.4051521532443267e-06,0.005742544743356996,0.0010300794804083404,True,True
522.3832559187591,0.01879151709841743,0.001,0.0,1.410788696587506e-06,0.005742544743356996,0.0010297266229177806,True,True
530.0,0.01879151709841743,0.001,0.0,1.4282542066812454e-06,0.005742544743356996,0.0010286078537467538,True,True
540.0,0.01879151709841743,0.001,0.0,1.4499661559197463e-06,0.005742544743356996,0.0010271651116412475,True,True
550.0,0.01879151709841743,0.001,0.0,1.4703689094064387e-06,0.005742544743356996,0.0010257593236882015,True,True
560.0,0.01879151709841743,0.001,0.0,1.4895368370959616e-06,0.005742544743356996,0.001024396984770081,True,True
570.0,0.01879151709841743,0.001,0.0,1.5075382105989021e-06,0.005742544743356996,0.0010230831274239396,True,True
580.0,0.01879151709841743,0.001,0.0,1.5244357293164867e-06,0.005742544743356996,0.0010218214565674835,True,True
590.0,0.01879151709841743,0.001,0.0,1.5402870220393439e-06,0.005742544743356996,0.0010206144966823363,True,True
600.0,0.01879151709841743,0.001,0.0,1.5551451924000759e-06,0.005742544743356996,0.0010194637432616718,True,True
610.0,0.01879151709841743,0.001,0.0,1.5690592976014273e-06,0.005742544743356996,0.0010183698120946874,True,True
610.1877689098774,0.01879151709841743,0.001,0.0,1.5693118300408315e-06,0.005742544743356996,0.0010183498152103168,True,True
620.0,0.01879151709841743,0.001,0.0,1.582074809935996e-06,0.005742544743356996,0.0010173325816195114,True,True
630.0,0.01879151709841743,0.001,0.0,1.594234020352303e-06,0.005742544743356996,0.001016351325059949,True,True
640.0,0.01879151709841743,0.001,0.0,1.6055764158195984e-06,0.005742544743356996,0.0010154248303331217,True,True
650.0,0.01879151709841743,0.001,0.0,1.6161389886359956e-06,0.005742544743356996,0.0010145515067131452,True,True
712.7508569783073,0.01879151709841743,0.001,0.0,1.666660213950344e-06,0.005742544743356996,0.0010101542172025182,True,True
832.5532074018732,0.01879151709841743,0.001,0.0,1.7055795911158356e-06,0.005742544743356996,0.001005421802979022,True,True
972.4924724660731,0.01879151709841743,0.001,0.0,1.6914666801648437e-06,0.005742544743356996,0.0010029482474837028,True,True
1135.9533548066277,0.01879151709841743,0.001,0.0,1.6345085361857414e-06,0.005742544743356996,0.0010016813438913355,True,True
1326.889473009725,0.01879151709841743,0.001,0.0,1.5479576829235953e-06,0.005742544743356996,0.001001017170088491,True,True
1549.918987548337,0.01879151709841743,0.001,0.0,1.4451257218661695e-06,0.005742544743356996,0.001000653442284948,True,True
1810.4362999534146,0.01879151709841743,0.001,0.0,1.3369384568306941e-06,0.005742544743356996,0.0010004438107291671,True,True
2114.7425268811285,0.01879151709841743,0.001,0.0,1.230805787733047e-06,0.005742544743356996,0.001000316532765443,True,True
2470.1979048446246,0.01879151709841743,0.001,0.0,1.1307124936354995e-06,0.005742544743356996,0.001000235281989891,True,True
2885.3998118144273,0.01879151709841743,0.001,0.0,1.038020701837894e-06,0.005742544743356996,0.001000180920117776,True,True
3370.3907114852836,0.01879151709841743,0.001,0.0,9.524617630152221e-07,0.005742544743356996,0.0010001429450658952,True,True
3936.9010497450113,0.01879151709841743,0.001,0.0,8.729885082603417e-07,0.005742544743356996,0.0010001153654666242,True,True
4598.632978267703,0.01879151709841743,0.001,0.0,7.983681773460205e-07,0.005742544743356996,0.0010000946380911415,True,True
5371.591767636877,0.01879151709841743,0.001,0.0,7.275266210582387e-07,0.005742544743356996,0.0010000785967404493,True,True
6274.472925867966,0.01879151709841743,0.001,0.0,6.597056407819935e-07,0.005742544743356996,0.0010000658750637373,True,True
7329.114385542688,0.01879151709841743,0.001,0.0,5.944986724015777e-07,0.005742544743356996,0.0010000555847483597,True,True
8561.024696578494,0.01879151709841743,0.001,0.0,5.318156452993605e-07,0.005742544743356996,0.0010000471305815486,True,True
10000.0,0.01879151709841743,0.001,0.0,4.7181184281708255e-07,0.005742544743356996,0.001000040101362786,True,True
20.0,0.02343111258235932,0.001,0.0,1.7917318127812828e-08,0.0069274270604494075,0.001003212435164362,True,True
23.361689410840295,0.02343111258235932,0.001,0.0,2.40312602247945e-08,0.0069274270604494075,0.0010037542552955095,True,True
27.288426606428374,0.02343111258235932,0.001,0.0,3.2099194277997395e-08,0.0069274270604494075,0.0010043881660892198,True,True
31.87518734449451,0.02343111258235932,0.001,0.0,4.264744563533683e-08,0.0069274270604494075,0.0010051302195036292,True,True
37.23291133272139,0.02343111258235932,0.001,0.0,5.6265602057126596e-08,0.0069274270604494075,0.0010059994927309685,True,True
43.49118552081964,0.02343111258235932,0.001,0.0,7.354178711979024e-08,0.0069274270604494075,0.0010070187845091997,True,True
50.80137841233114,0.02343111258235932,0.001,0.0,9.492236491953892e-08,0.0069274270604494075,0.0010082155352786994,True,True
59.34030120557235,0.02343111258235932,0.001,0.0,1.2045774639096816e-07,0.0069274270604494075,0.0010096230668050106,True,True
69.31448431551465,0.02343111258235932,0.001,0.0,1.4942283360684736e-07,0.0069274270604494075,0.0010112822791273548,True,True
80.9651727125807,0.02343111258235932,0.001,0.0,1.7991768852174388e-07,0.0069274270604494075,0.0010132439932171492,True,True
94.5741609003176,0.02343111258235932,0.001,0.0,2.0880806088439518e-07,0.0069274270604494075,0.0010155721623099842,True,True
110.47060866220276,0.02343111258235932,0.001,0.0,2.3256784473821117e-07,0.0069274270604494075,0.0010183481008774705,True,True
129.0390024296432,0.02343111258235932,0.001,0.0,2.4903492506101604e-07,0.0069274270604494075,0.001021675397098231,True,True
150.72845483229952,0.02343111258235932,0.001,0.0,2.5855990191340356e-07,0.0069274270604494075,0.0010256833842283391,True,True
176.06356735840254,0.02343111258235932,0.001,0.0,2.6339001811103574e-07,0.0069274270604494075,0.0010305214489535622,True,True
205.65711885957793,0.02343111258235932,0.001,0.0,2.694928910185884e-07,0.0069274270604494075,0.0010363208217174418,True,True
240.22488679628626,0.02343111258235932,0.001,0.0,2.9920326290178156e-07,0.0069274270604494075,0.001043062949333112,True,True
280.60295970445543,0.02343111258235932,0.001,0.0,4.0597233382649867e-07,0.0069274270604494075,0.0010502307757546256,True,True
327.76795961890105,0.02343111258235932,0.001,0.0,6.331970928974417e-07,0.0069274270604494075,0.001056139537330191,True,True
382.86066357208045,0.02343111258235932,0.001,0.0,9.325070201016139e-07,0.0069274270604494075,0.0010574376282085343,True,True
447.213595499958,0.02343111258235932,0.001,0.0,1.2103019760290046e-06,0.0069274270604494075,0.0010507645811029245,True,True
450.0,0.02343111258235932,0.001,0.0,1.2201506692233188e-06,0.0069274270604494075,0.0010503251201941502,True,True
460.0,0.02343111258235932,0.001,0.0,1.2541307206626051e-06,0.0069274270604494075,0.0010486799672752558,True,True
470.0,0.02343111258235932,0.001,0.0,1.286062952410294e-06,0.0069274270604494075,0.0010469458346447627,True,True
480.0,0.02343111258235932,0.001,0.0,1.316065746381767e-06,0.0069274270604494075,0.0010451451680860693,True,True
490.0,0.02343111258235932,0.001,0.0,1.3442567684540663e-06,0.0069274270604494075,0.0010432994435596301,True,True
500.0,0.02343111258235932,0.001,0.0,1.3707497715786943e-06,0.0069274270604494075,0.0010414287289672855,True,True
510.0,0.02343111258235932,0.001,0.0,1.3956525479197346e-06,0.0069274270604494075,0.0010395513550288662,True,True
520.0,0.02343111258235932,0.001,0.0,1.4190657605106516e-06,0.0069274270604494075,0.001037683694031232,True,True
522.3832559187591,0.02343111258235932,0.001,0.0,1.4244363278348438e-06,0.0069274270604494075,0.00103724163385177,True,True
530.0,0.02343111258235932,0.001,0.0,1.4410824210608908e-06,0.0069274270604494075,0.0010358400388828506,True,True
540.0,0.02343111258235932,0.001,0.0,1.4617878405509543e-06,0.0069274270604494075,0.0010340325704002442,True,True
550.0,0.02343111258235932,0.001,0.0,1.4812598894131668e-06,0.0069274270604494075,0.0010322713980941414,True,True
560.0,0.02343111258235932,0.001,0.0,1.4995694507247137e-06,0.0069274270604494075,0.0010305646586923336,True,True
570.0,0.02343111258235932,0.001,0.0,1.5167810105687352e-06,0.0069274270604494075,0.0010289186569124578,True,True
580.0,0.02343111258235932,0.001,0.0,1.5329532646601862e-06,0.0069274270604494075,0.0010273380342452612,True,True
590.0,0.02343111258235932,0.001,0.0,1.5481397591665669e-06,0.0069274270604494075,0.001025825953343217,True,True
600.0,0.02343111258235932,0.001,0.0,1.5623894940031136e-06,0.0069274270604494075,0.0010243842877527545,True,True
610.0,0.02343111258235932,0.001,0.0,1.5757474787214676e-06,0.0069274270604494075,0.0010230138089354348,True,True
610.1877689098774,0.02343111258235932,0.001,0.0,1.5759900438006014e-06,0.0069274270604494075,0.0010229887568026222,True,True
620.0,0.02343111258235932,0.001,0.0,1.5882552439894226e-06,0.0069274270604494075,0.0010217143646051854,True,True
630.0,0.02343111258235932,0.001,0.0,1.5999512991138332e-06,0.0069274270604494075,0.0010204850442688809,True,True
640.0,0.02343111258235932,0.001,0.0,1.6108715134022233e-06,0.0069274270604494075,0.0010193243294435153,True,True
650.0,0.02343111258235932,0.001,0.0,1.6210494738766457e-06,0.0069274270604494075,0.0010182302272844215,True,True
712.7508569783073,0.02343111258235932,0.001,0.0,1.6698307765405929e-06,0.0069274270604494075,0.0010127212872541582,True,True
832.5532074018732,0.02343111258235932,0.001,0.0,1.707268047490551e-06,0.0069274270604494075,0.0010067924914852746,True,True
972.4924724660731,0.02343111258235932,0.001,0.0,1.6925726018524045e-06,0.0069274270604494075,0.0010036936004339516,True,True
1135.9533548066277,0.02343111258235932,0.001,0.0,1.6353688750969653e-06,0.0069274270604494075,0.0010021064103211677,True,True
1326.889473009725,0.02343111258235932,0.001,0.0,1.5486803214281863e-06,0.0069274270604494075,0.0010012743253554604,True,True
1549.918987548337,0.02343111258235932,0.001,0.0,1.4457386385835491e-06,0.0069274270604494075,0.0010008186423430257,True,True
1810.4362999534146,0.02343111258235932,0.001,0.0,1.3374485243744516e-06,0.0069274270604494075,0.0010005560129718863,True,True
2114.7425268811285,0.02343111258235932,0.001,0.0,1.2312184416440886e-06,0.0069274270604494075,0.001000396557262805,True,True
2470.1979048446246,0.02343111258235932,0.001,0.0,1.131035800017166e-06,0.0069274270604494075,0.0010002947650550311,True,True
2885.3998118144273,0.02343111258235932,0.001,0.0,1.038264575980996e-06,0.0069274270604494075,0.001000226659655933,True,True
3370.3907114852836,0.02343111258235932,0.001,0.0,9.526363587974984e-07,0.0069274270604494075,0.0010001790839090354,True,True
3936.9010497450113,0.02343111258235932,0.001,0.0,8.731033933617738e-07,0.0069274270604494075,0.0010001445317450166,True,True
4598.632978267703,0.02343111258235932,0.001,0.0,7.984319558840269e-07,0.0069274270604494075,0.0010001185641539392,True,True
5371.591767636877,0.02343111258235932,0.001,0.0,7.275470015333241e-07,0.0069274270604494075,0.001000098467288323,True,True
6274.472925867966,0.02343111258235932,0.001,0.0,6.596896413579856e-07,0.0069274270604494075,0.0010000825293631213,True,True
7329.114385542688,0.02343111258235932,0.001,0.0,5.944528381762737e-07,0.0069274270604494075,0.001000069637486999,True,True
8561.024696578494,0.02343111258235932,0.001,0.0,5.317461522214018e-07,0.0069274270604494075,0.0010000590459678929,True,True
10000.0,0.02343111258235932,0.001,0.0,4.7172458972344344e-07,0.0069274270604494075,0.001000050239646665,True,True
20.0,0.029216216762692034,0.001,0.0,2.365078948063739e-08,0.008412741673003335,0.0010040294470632896,True,True
23.361689410840295,0.029216216762692034,0.001,0.0,3.1719402162353263e-08,0.008412741673003335,0.0010047090665231035,True,True
27.288426606428374,0.029216216762692034,0.001,0.0,4.236556639609424e-08,0.008412741673003335,0.0010055041975223786,True,True
31.87518734449451,0.029216216762692034,0.001,0.0,5.628280966670429e-08,0.008412741673003335,0.001006434974332261,True,True
37.23291133272139,0.029216216762692034,0.001,0.0,7.424746072571143e-08,0.008412741673003335,0.0010075253258001703,True,True
43.49118552081964,0.029216216762692034,0.001,0.0,9.703295223979606e-08,0.008412741673003335,0.0010088038487287942,True,True
50.80137841233114,0.029216216762692034,0.001,0.0,1.2522447600773123e-07,0.008412741673003335,0.0010103049620195927,True,True
59.34030120557235,0.029216216762692034,0.001,0.0,1.5888373253441102e-07,0.008412741673003335,0.0010120704615155652,True,True
69.31448431551465,0.029216216762692034,0.001,0.0,1.9704927934336737e-07,0.008412741673003335,0.001014151648456021,True,True
80.9651727125807,0.029216216762692034,0.001,0.0,2.3721254747890302e-07,0.008412741673003335,0.0010166122678251343,True,True
94.5741609003176,0.029216216762692034,0.001,0.0,2.752436425493797e-07,0.008412741673003335,0.0010195325362409723,True,True
110.47060866220276,0.029216216762692034,0.001,0.0,3.065039157943393e-07,0.008412741673003335,0.0010230144462014105,True,True
129.0390024296432,0.029216216762692034,0.001,0.0,3.2814742124444296e-07,0.008412741673003335,0.0010271879275104009,True,True
150.72845483229952,0.029216216762692034,0.001,0.0,3.4056861125545193e-07,0.008412741673003335,0.001032215200875465,True,True
176.06356735840254,0.029216216762692034,0.001,0.0,3.4629866052255515e-07,0.008412741673003335,0.0010382836378571318,True,True
205.65711885957793,0.029216216762692034,0.001,0.0,3.511526189825531e-07,0.008412741673003335,0.0010455578327108932,True,True
240.22488679628626,0.029216216762692034,0.001,0.0,3.7695998241979445e-07,0.008412741673003335,0.0010540144997780053,True,True
280.60295970445543,0.029216216762692034,0.001,0.0,4.767366020286268e-07,0.008412741673003335,0.0010630050745274516,True,True
327.76795961890105,0.029216216762692034,0.001,0.0,6.935887812420383e-07,0.008412741673003335,0.0010704163407027891,True,True
382.86066357208045,0.029216216762692034,0.001,0.0,9.791965293326488e-07,0.008412741673003335,0.001072044397775528,True,True
447.213595499958,0.029216216762692034,0.001,0.0,1.2415001555132754e-06,0.008412741673003335,0.001063674281867654,True,True
450.0,0.029216216762692034,0.001,0.0,1.250740084890456e-06,0.008412741673003335,0.0010631230629812851,True,True
460.0,0.029216216762692034,0.001,0.0,1.282594238316559e-06,0.008412741673003335,0.001061059537766528,True,True
470.0,0.029216216762692034,0.001,0.0,1.3124976374623287e-06,0.008412741673003335,0.0010588844068742378,True,True
480.0,0.029216216762692034,0.001,0.0,1.3405738003013923e-06,0.008412741673003335,0.0010566258238339224,True,True
490.0,0.029216216762692034,0.001,0.0,1.366943802927345e-06,0.008412741673003335,0.0010543107257131581,True,True
500.0,0.029216216762692034,0.001,0.0,1.3917231754256854e-06,0.008412741673003335,0.0010519642834557188,True,True
510.0,0.029216216762692034,0.001,0.0,1.4150199897366988e-06,0.008412741673003335,0.0010496094890680699,True,True
520.0,0.029216216762692034,0.001,0.0,1.4369338575681567e-06,0.008412741673003335,0.0010472668781139052,True,True
522.3832559187591,0.029216216762692034,0.001,0.0,1.4419626048201017e-06,0.008412741673003335,0.0010467124011866993,True,True
530.0,0.029216216762692034,0.001,0.0,1.4575555984386313e-06,0.008412741673003335,0.0010449543780172701,True,True
540.0,0.029216216762692034,0.001,0.0,1.4769673827297325e-06,0.008412741673003335,0.0010426872670319378,True,True
550.0,0.029216216762692034,0.001,0.0,1.4952431859338589e-06,0.008412741673003335,0.001040478225400431,True,True
560.0,0.029216216762692034,0.001,0.0,1.512449426588347e-06,0.008412741673003335,0.0010383374589297825,True,True
570.0,0.029216216762692034,0.001,0.0,1.528645717674415e-06,0.008412741673003335,0.001036272875560961,True,True
580.0,0.029216216762692034,0.001,0.0,1.5438856352245622e-06,0.008412741673003335,0.001034290297072026,True,True
590.0,0.029216216762692034,0.001,0.0,1.5582174763828505e-06,0.008412741673003335,0.0010323936903519062,True,True
600.0,0.029216216762692034,0.001,0.0,1.5716849683933276e-06,0.008412741673003335,0.0010305854053798127,True,True
610.0,0.029216216762692034,0.001,0.0,1.5843279299598834e-06,0.008412741673003335,0.0010288664098012648,True,True
610.1877689098774,0.029216216762692034,0.001,0.0,1.584557678291354e-06,0.008412741673003335,0.0010288349868340365,True,True
620.0,0.029216216762692034,0.001,0.0,1.5961828311317205e-06,0.008412741673003335,0.0010272365126148255,True,True
630.0,0.029216216762692034,0.001,0.0,1.607283314108976e-06,0.008412741673003335,0.0010256945718071222,True,True
640.0,0.029216216762692034,0.001,0.0,1.6176606169038266e-06,0.008412741673003335,0.0010242386827666863,True,True
650.0,0.029216216762692034,0.001,0.0,1.6273439370495524e-06,0.008412741673003335,0.0010228663458933243,True,True
712.7508569783073,0.029216216762692034,0.001,0.0,1.6738869977883652e-06,0.008412741673003335,0.0010159564532392631,True,True
832.5532074018732,0.029216216762692034,0.001,0.0,1.709416130535324e-06,0.008412741673003335,0.001008519917029659,True,True
972.4924724660731,0.029216216762692034,0.001,0.0,1.6939697151663324e-06,0.008412741673003335,0.0010046329427977332,True,True
1135.9533548066277,0.029216216762692034,0.001,0.0,1.6364496232545989e-06,0.008412741673003335,0.0010026421079856176,True,True
1326.889473009725,0.029216216762692034,0.001,0.0,1.549584951021643e-06,0.008412741673003335,0.0010015984104768663,True,True
1549.918987548337,0.029216216762692034,0.001,0.0,1.446504374391644e-06,0.008412741673003335,0.001001026839298257,True,True
1810.4362999534146,0.029216216762692034,0.001,0.0,1.3380849753774626e-06,0.008412741673003335,0.0010006974183976993,True,True
2114.7425268811285,0.029216216762692034,0.001,0.0,1.231732852602363e-06,0.008412741673003335,0.0010004974100110689,True,True
2470.1979048446246,0.029216216762692034,0.001,0.0,1.1314384696925472e-06,0.008412741673003335,0.0010003697300114958,True,True
2885.3998118144273,0.029216216762692034,0.001,0.0,1.038567963518311e-06,0.008412741673003335,0.0010002843040185496,True,True
3370.3907114852836,0.029216216762692034,0.001,0.0,9.52853271729559e-07,0.008412741673003335,0.0010002246287719166,True,True
3936.9010497450113,0.029216216762692034,0.001,0.0,8.732457933424698e-07,0.008412741673003335,0.0010001812892663766,True,True
4598.632978267703,0.029216216762692034,0.001,0.0,7.985106055263813e-07,0.008412741673003335,0.0010001487175658177,True,True
5371.591767636877,0.029216216762692034,0.001,0.0,7.275715349086553e-07,0.008412741673003335,0.0010001235096382946,True,True
6274.472925867966,0.029216216762692034,0.001,0.0,6.596688600923883e-07,0.008412741673003335,0.0010001035183571086,True,True
7329.114385542688,0.029216216762692034,0.001,0.0,5.943948694353551e-07,0.008412741673003335,0.001000087347799771,True,True
8561.024696578494,0.029216216762692034,0.001,0.0,5.316587727843824e-07,0.008412741673003335,0.0010000740626289186,True,True
10000.0,0.029216216762692034,0.001,0.0,4.716151038586247e-07,0.008412741673003335,0.0010000630166705484,True,True
20.0,0.03642965390244639,0.001,0.0,3.107267668251627e-08,0.010277179534625945,0.0010050619186370488,True,False
23.361689410840295,0.03642965390244639,0.001,0.0,4.167035778555265e-08,0.010277179534625945,0.0010059156770320632,True,False
27.288426606428374,0.03642965390244639,0.001,0.0,5.565159747264589e-08,0.010277179534625945,0.0010069145441176349,True,False
31.87518734449451,0.03642965390244639,0.001,0.0,7.392552303696429e-08,0.010277179534625945,0.0010080838129662515,True,False
37.23291133272139,0.03642965390244639,0.001,0.0,9.750887207382857e-08,0.010277179534625945,0.001009453543422844,True,False
43.49118552081964,0.03642965390244639,0.001,0.0,1.2741297404010414e-07,0.010277179534625945,0.001011059659232783,True,False
50.80137841233114,0.03642965390244639,0.001,0.0,1.643999897806979e-07,0.010277179534625945,0.0010129453978582972,True,False
59.34030120557235,0.03642965390244639,0.001,0.0,2.0854294555659215e-07,0.010277179534625945,0.0010151632636406665,True,False
69.31448431551465,0.03642965390244639,0.001,0.0,2.5857159015275563e-07,0.010277179534625945,0.0010177777015131046,True,False
80.9651727125807,0.03642965390244639,0.001,0.0,3.1118930196160233e-07,0.010277179534625945,0.0010208687880669818,True,False
94.5741609003176,0.03642965390244639,0.001,0.0,3.6098313619628997e-07,0.010277179534625945,0.0010245372912365573,True,False
110.47060866220276,0.03642965390244639,0.001,0.0,4.0188796963762374e-07,0.010277179534625945,0.0010289113332292354,True,False
129.0390024296432,0.03642965390244639,0.001,0.0,4.3019057684580246e-07,0.010277179534625945,0.001034154130032046,True,False
150.72845483229952,0.03642965390244639,0.001,0.0,4.463553377946454e-07,0.010277179534625945,0.001040469459523411,True,False
176.06356735840254,0.03642965390244639,0.001,0.0,4.5328295513770434e-07,0.010277179534625945,0.0010480926905542826,True,False
205.65711885957793,0.03642965390244639,0.001,0.0,4.56582265700306e-07,0.010277179534625945,0.0010572305729708428,True,False
240.22488679628626,0.03642965390244639,0.001,0.0,4.774134494713034e-07,0.010277179534625945,0.0010678538325620468,True,False
280.60295970445543,0.03642965390244639,0.001,0.0,5.682125970643548e-07,0.010277179534625945,0.0010791477114418862,True,False
327.76795961890105,0.03642965390244639,0.001,0.0,7.71696425427848e-07,0.010277179534625945,0.0010884575679322153,True,False
382.86066357208045,0.03642965390244639,0.001,0.0,1.0396034044735103e-06,0.010277179534625945,0.0010905025075736144,True,False
447.213595499958,0.03642965390244639,0.001,0.0,1.2818694331562241e-06,0.010277179534625945,0.0010799878199959081,True,False
450.0,0.03642965390244639,0.001,0.0,1.2903216033421927e-06,0.010277179534625945,0.0010792953760199722,True,False
460.0,0.03642965390244639,0.001,0.0,1.3194246115122432e-06,0.010277179534625945,0.0010767031676280894,True,False
470.0,0.03642965390244639,0.001,0.0,1.34670224716249e-06,0.010277179534625945,0.0010739707631016162,True,False
480.0,0.03642965390244639,0.001,0.0,1.3722847102548563e-06,0.010277179534625945,0.0010711335284539483,True,False
490.0,0.03642965390244639,0.001,0.0,1.3962975262127308e-06,0.010277179534625945,0.0010682253015659718,True,False
500.0,0.03642965390244639,0.001,0.0,1.4188585557017852e-06,0.010277179534625945,0.0010652777017230433,True,False
510.0,0.03642965390244639,0.001,0.0,1.4400762599620087e-06,0.010277179534625945,0.0010623196110569602,True,False
520.0,0.03642965390244639,0.001,0.0,1.4600489138261175e-06,0.010277179534625945,0.0010593768259558036,True,False
522.3832559187591,0.03642965390244639,0.001,0.0,1.4646350863234403e-06,0.010277179534625945,0.0010586802927724506,True,False
530.0,0.03642965390244639,0.001,0.0,1.4788645223973163e-06,0.010277179534625945,0.0010564718665106434,True,False
540.0,0.03642965390244639,0.001,0.0,1.4966012070738444e-06,0.010277179534625945,0.0010536239249774306,True,False
550.0,0.03642965390244639,0.001,0.0,1.5133279160917112e-06,0.010277179534625945,0.001050848930043701,True,False
560.0,0.03642965390244639,0.001,0.0,1.5291053033772428e-06,0.010277179534625945,0.0010481597020625113,True,False
570.0,0.03642965390244639,0.001,0.0,1.543986691165955e-06,0.010277179534625945,0.0010455661748552938,True,False
580.0,0.03642965390244639,0.001,0.0,1.5580190296793361e-06,0.010277179534625945,0.001043075661647074,True,False
590.0,0.03642965390244639,0.001,0.0,1.5712438294901432e-06,0.010277179534625945,0.0010406931455884108,True,False
600.0,0.03642965390244639,0.001,0.0,1.5836980101768816e-06,0.010277179534625945,0.0010384215786972675,True,False
610.0,0.03642965390244639,0.001,0.0,1.595414664712358e-06,0.010277179534625945,0.0010362621765298554,True,False
610.1877689098774,0.03642965390244639,0.001,0.0,1.5956278089923615e-06,0.010277179534625945,0.0010362227029944151,True,False
620.0,0.03642965390244639,0.001,0.0,1.6064237232660261e-06,0.010277179534625945,0.0010342146991682002,True,False
630.0,0.03642965390244639,0.001,0.0,1.6167525337396071e-06,0.010277179534625945,0.0010322777120469464,True,False
640.0,0.03642965390244639,0.001,0.0,1.6264263306142723e-06,0.010277179534625945,0.001030448822635476,True,False
650.0,0.03642965390244639,0.001,0.0,1.6354686486197423e-06,0.010277179534625945,0.0010287248909853766,True,False
712.7508569783073,0.03642965390244639,0.001,0.0,1.6791102525059998e-06,0.010277179534625945,0.001020044663348373,True,False
832.5532074018732,0.03642965390244639,0.001,0.0,1.7121633889560783e-06,0.010277179534625945,0.0010107028386719943,True,False
972.4924724660731,0.03642965390244639,0.001,0.0,1.695740964091641e-06,0.010277179534625945,0.0010058199803134596,True,False
1135.9533548066277,0.03642965390244639,0.001,0.0,1.6378100563541054e-06,0.010277179534625945,0.0010033190657376947,True,False
1326.889473009725,0.03642965390244639,0.001,0.0,1.5507186834629039e-06,0.010277179534625945,0.0010020079556570796,True,False
1549.918987548337,0.03642965390244639,0.001,0.0,1.4474616057968959e-06,0.010277179534625945,0.001001289937417659,True,False
1810.4362999534146,0.03642965390244639,0.001,0.0,1.3388792857726983e-06,0.010277179534625945,0.0010008761123654333,True,False
2114.7425268811285,0.03642965390244639,0.001,0.0,1.2323740432584884e-06,0.010277179534625945,0.001000624857671605,True,False
2470.1979048446246,0.03642965390244639,0.001,0.0,1.1319397930087405e-06,0.010277179534625945,0.001000464463305594,True,False
2885.3998118144273,0.03642965390244639,0.001,0.0,1.0389451781112058e-06,0.010277179534625945,0.001000357149284147,True,False
3370.3907114852836,0.03642965390244639,0.001,0.0,9.531224647307823e-07,0.010277179534625945,0.0010002821838944733,True,False
3936.9010497450113,0.03642965390244639,0.001,0.0,8.734219875128346e-07,0.010277179534625945,0.0010002277398170048,True,False
4598.632978267703,0.03642965390244639,0.001,0.0,7.986072761978491e-07,0.010277179534625945,0.0010001868224943635,True,False
5371.591767636877,0.03642965390244639,0.001,0.0,7.276007616408009e-07,0.010277179534625945,0.0010001551557091695,True,False
6274.472925867966,0.03642965390244639,0.001,0.0,6.596415905724129e-07,0.010277179534625945,0.0010001300421940132,True,False
7329.114385542688,0.03642965390244639,0.001,0.0,5.943213360337651e-07,0.010277179534625945,0.001000109728360287,True,False
8561.024696578494,0.03642965390244639,0.001,0.0,5.315486335533137e-07,0.010277179534625945,0.0010000930392163312,True,False
10000.0,0.03642965390244639,0.001,0.0,4.7147748893916486e-07,0.010277179534625945,0.0010000791630229147,True,False
20.0,0.04542407712235717,0.001,0.0,4.0769583099266316e-08,0.012621500995179391,0.0010063711614255288,True,False
23.361689410840295,0.04542407712235717,0.001,0.0,5.4669543180185754e-08,0.012621500995179391,0.0010074457389954025,True,False
27.288426606428374,0.04542407712235717,0.001,0.0,7.300418074671577e-08,0.012621500995179391,0.0010087029560923416,True,False
31.87518734449451,0.04542407712235717,0.001,0.0,9.696292244058932e-08,0.012621500995179391,0.001010174647355185,True,False
37.23291133272139,0.04542407712235717,0.001,0.0,1.278744223161244e-07,0.012621500995179391,0.0010118986469495805,True,False
43.49118552081964,0.04542407712235717,0.001,0.0,1.67057561993231e-07,0.012621500995179391,0.0010139201694021737,True,False
50.80137841233114,0.04542407712235717,0.001,0.0,2.155012086730592e-07,0.012621500995179391,0.0010162936343176836,True,False
59.34030120557235,0.04542407712235717,0.001,0.0,2.7328779078053447e-07,0.012621500995179391,0.0010190851245895293,True,False
69.31448431551465,0.04542407712235717,0.001,0.0,3.3873891479481184e-07,0.012621500995179391,0.0010223757514664115,True,False
80.9651727125807,0.04542407712235717,0.001,0.0,4.075280929159795e-07,0.012621500995179391,0.0010262663000091508,True,False
94.5741609003176,0.04542407712235717,0.001,0.0,4.725756181014201e-07,0.012621500995179391,0.0010308835969988794,True,False
110.47060866220276,0.04542407712235717,0.001,0.0,5.259751278143508e-07,0.012621500995179391,0.0010363888965168482,True,False
129.0390024296432,0.04542407712235717,0.001,0.0,5.629096067865519e-07,0.012621500995179391,0.0010429876201678216,True,False
150.72845483229952,0.04542407712235717,0.001,0.0,5.839562798653705e-07,0.012621500995179391,0.0010509362378750406,True,False
176.06356735840254,0.04542407712235717,0.001,0.0,5.925019170311546e-07,0.012621500995179391,0.0010605309744995631,True,False
205.65711885957793,0.04542407712235717,0.001,0.0,5.938717935125015e-07,0.012621500995179391,0.0010720320250455434,True,False
240.22488679628626,0.04542407712235717,0.001,0.0,6.083266711476298e-07,0.012621500995179391,0.0010854025084974924,True,False
280.60295970445543,0.04542407712235717,0.001,0.0,6.875185847299292e-07,0.012621500995179391,0.001099616916476128,True,False
327.76795961890105,0.04542407712235717,0.001,0.0,8.736334419778835e-07,0.012621500995179391,0.001111334071526678,True,False
382.86066357208045,0.04542407712235717,0.001,0.0,1.1184746141479351e-06,0.012621500995179391,0.0011139074835638798,True,False
447.213595499958,0.04542407712235717,0.001,0.0,1.334587474643989e-06,0.012621500995179391,0.0011006734043734747,True,False
450.0,0.04542407712235717,0.001,0.0,1.3420108948003495e-06,0.012621500995179391,0.0010998018861292915,True,False
460.0,0.04542407712235717,0.001,0.0,1.3675208540009365e-06,0.012621500995179391,0.0010965393057388853,True,False
470.0,0.04542407712235717,0.001,0.0,1.3913688016176096e-06,0.012621500995179391,0.0010931002783866042,True,False
480.0,0.04542407712235717,0.001,0.0,1.4136937313002917e-06,0.012621500995179391,0.0010895293152098908,True,False
490.0,0.04542407712235717,0.001,0.0,1.4346270426068841e-06,0.012621500995179391,0.0010858690040108634,True,False
500.0,0.04542407712235717,0.001,0.0,1.4542896859537358e-06,0.012621500995179391,0.0010821591402694333,True,False
510.0,0.04542407712235717,0.001,0.0,1.4727906749723019e-06,0.012621500995179391,0.001078436074512911,True,False
520.0,0.04542407712235717,0.001,0.0,1.490226589573318e-06,0.012621500995179391,0.0010747322735978884,True,False
522.3832559187591,0.04542407712235717,0.001,0.0,1.4942343819490667e-06,0.012621500995179391,0.0010738556143100588,True,False
530.0,0.04542407712235717,0.001,0.0,1.5066817778963681e-06,0.012621500995179391,0.0010710760808926847,True,False
540.0,0.04542407712235717,0.001,0.0,1.5222291089855844e-06,0.012621500995179391,0.0010674916514179502,True,False
550.0,0.04542407712235717,0.001,0.0,1.536930995138519e-06,0.012621500995179391,0.0010639990327349072,True,False
560.0,0.04542407712235717,0.001,0.0,1.550840573183443e-06,0.012621500995179391,0.0010606143603191223,True,False
570.0,0.04542407712235717,0.001,0.0,1.5640029650265674e-06,0.012621500995179391,0.0010573501367182594,True,False
580.0,0.04542407712235717,0.001,0.0,1.5764564879061638e-06,0.012621500995179391,0.001054215566250404,True,False
590.0,0.04542407712235717,0.001,0.0,1.588233796701033e-06,0.012621500995179391,0.0010512169206463575,True,False
600.0,0.04542407712235717,0.001,0.0,1.5993629259858366e-06,0.012621500995179391,0.0010483579152924518,True,False
610.0,0.04542407712235717,0.001,0.0,1.6098681929754832e-06,0.012621500995179391,0.0010456400800925572,True,False
610.1877689098774,0.04542407712235717,0.001,0.0,1.6100596242907272e-06,0.012621500995179391,0.0010455903984788453,True,False
620.0,0.04542407712235717,0.001,0.0,1.6197709917786796e-06,0.012621500995179391,0.0010430631131131953,True,False
630.0,0.04542407712235717,0.001,0.0,1.6290904510940507e-06,0.012621500995179391,0.0010406252088553938,True,False
640.0,0.04542407712235717,0.001,0.0,1.6378439727793292e-06,0.012621500995179391,0.0010383233561334073,True,False
650.0,0.04542407712235717,0.001,0.0,1.64604768582155e-06,0.012621500995179391,0.0010361536030686338,True,False
712.7508569783073,0.04542407712235717,0.001,0.0,1.6858919547058093e-06,0.012621500995179391,0.0010252285886116477,True,False
832.5532074018732,0.04542407712235717,0.001,0.0,1.7157007274892777e-06,0.012621500995179391,0.0010134708407827367,True,False
972.4924724660731,0.04542407712235717,0.001,0.0,1.6979969464925304e-06,0.012621500995179391,0.001007325182710627,True,False
1135.9533548066277,0.04542407712235717,0.001,0.0,1.6395272403046945e-06,0.012621500995179391,0.0010041774735061173,True,False
1326.889473009725,0.04542407712235717,0.001,0.0,1.5521417052744013e-06,0.012621500995179391,0.0010025272756578598,True,False
1549.918987548337,0.04542407712235717,0.001,0.0,1.44865913254133e-06,0.012621500995179391,0.0010016235571946855,True,False
1810.4362999534146,0.04542407712235717,0.001,0.0,1.3398709194367697e-06,0.012621500995179391,0.0010011027043301804,True,False
2114.7425268811285,0.04542407712235717,0.001,0.0,1.2331732432979692e-06,0.012621500995179391,0.0010007864671679459,True,False
2470.1979048446246,0.04542407712235717,0.001,0.0,1.1325637206960337e-06,0.012621500995179391,0.0010005845895554302,True,False
2885.3998118144273,0.04542407712235717,0.001,0.0,1.0394138405533937e-06,0.012621500995179391,0.0010004495205296884,True,False
3370.3907114852836,0.04542407712235717,0.001,0.0,9.534561503654615e-07,0.012621500995179391,0.001000355166535293,True,False
3936.9010497450113,0.04542407712235717,0.001,0.0,8.736395658015539e-07,0.012621500995179391,0.0010002866413418845,True,False
4598.632978267703,0.04542407712235717,0.001,0.0,7.987256351871252e-07,0.012621500995179391,0.0010002351413763702,True,False
5371.591767636877,0.04542407712235717,0.001,0.0,7.276350049156832e-07,0.012621500995179391,0.0010001952844512765,True,False
6274.472925867966,0.04542407712235717,0.001,0.0,6.596054795693362e-07,0.012621500995179391,0.001000163675698106,True,False
7329.114385542688,0.04542407712235717,0.001,0.0,5.942276731785157e-07,0.012621500995179391,0.0010001381079903773,True,False
8561.024696578494,0.04542407712235717,0.001,0.0,5.314094192465646e-07,0.012621500995179391,0.001000117102444075,True,False
10000.0,0.04542407712235717,0.001,0.0,4.7130420088858926e-07,0.012621500995179391,0.0010000996373763496,True,False
20.0,0.05663920903402519,0.001,0.0,5.358630048124904e-08,0.015575585286658852,0.0010080386219806909,True,False
23.361689410840295,0.05663920903402519,0.001,0.0,7.184759318588398e-08,0.015575585286658852,0.0010093944353808078,True,False
27.288426606428374,0.05663920903402519,0.001,0.0,9.592958279995502e-08,0.015575585286658852,0.0010109806873126596,True,False
31.87518734449451,0.05663920903402519,0.001,0.0,1.2738984958606523e-07,0.015575585286658852,0.001012837543575763,True,False
37.23291133272139,0.05663920903402519,0.001,0.0,1.6796565918545444e-07,0.015575585286658852,0.0010150127394514684,True,False
43.49118552081964,0.05663920903402519,0.001,0.0,2.193769322231514e-07,0.015575585286658852,0.0010175633218309419,True,False
50.80137841233114,0.05663920903402519,0.001,0.0,2.829046572613153e-07,0.015575585286658852,0.0010205579513559567,True,False
59.34030120557235,0.05663920903402519,0.001,0.0,3.5863471558060305e-07,0.015575585286658852,0.0010240800037863238,True,False
69.31448431551465,0.05663920903402519,0.001,0.0,4.4434153553417257e-07,0.015575585286658852,0.0010282318154660553,True,False
80.9651727125807,0.05663920903402519,0.001,0.0,5.343371247789989e-07,0.015575585286658852,0.0010331405441276822,True,False
94.5741609003176,0.05663920903402519,0.001,0.0,6.193548492389568e-07,0.015575585286658852,0.0010389662027000843,True,False
110.47060866220276,0.05663920903402519,0.001,0.0,6.890921764410741e-07,0.015575585286658852,0.001045912238457339,True,False
129.0390024296432,0.05663920903402519,0.001,0.0,7.373218026233974e-07,0.015575585286658852,0.0010542378207310306,True,False
150.72845483229952,0.05663920903402519,0.001,0.0,7.648056010141693e-07,0.015575585286658852,0.0010642665199446502,True,False
176.06356735840254,0.05663920903402519,0.001,0.0,7.755782620135279e-07,0.015575585286658852,0.0010763720550369107,True,False
205.65711885957793,0.05663920903402519,0.001,0.0,7.745670985419978e-07,0.015575585286658852,0.0010908826714182843,True,False
240.22488679628626,0.05663920903402519,0.001,0.0,7.808028901004627e-07,0.015575585286658852,0.0011077517790800363,True,False
280.60295970445543,0.05663920903402519,0.001,0.0,8.448571624658507e-07,0.015575585286658852,0.0011256854462782578,True,False
327.76795961890105,0.05663920903402519,0.001,0.0,1.0081779776710542e-06,0.015575585286658852,0.0011404681638380867,True,False
382.86066357208045,0.05663920903402519,0.001,0.0,1.2226352126554207e-06,0.015575585286658852,0.001143714378892934,True,False
447.213595499958,0.05663920903402519,0.001,0.0,1.4042263110636277e-06,0.015575585286658852,0.0011270169744531091,True,False
450.0,0.05663920903402519,0.001,0.0,1.4102908507118705e-06,0.015575585286658852,0.0011259173998564012,True,False
460.0,0.05663920903402519,0.001,0.0,1.431054265532694e-06,0.015575585286658852,0.0011218010833685668,True,False
470.0,0.05663920903402519,0.001,0.0,1.450370825162306e-06,0.015575585286658852,0.0011174621567330836,True,False
480.0,0.05663920903402519,0.001,0.0,1.4683912529234178e-06,0.015575585286658852,0.0011129567771086526,True,False
490.0,0.05663920903402519,0.001,0.0,1.4852547941535121e-06,0.015575585286658852,0.0011083386750086457,True,False
500.0,0.05663920903402519,0.001,0.0,1.501086580757427e-06,0.015575585286658852,0.0011036580579857893,True,False
510.0,0.05663920903402519,0.001,0.0,1.5159964393829384e-06,0.015575585286658852,0.001098960787271174,True,False
520.0,0.05663920903402519,0.001,0.0,1.5300787488126133e-06,0.015575585286658852,0.0010942878242929934,True,False
522.3832559187591,0.05663920903402519,0.001,0.0,1.5333218671420568e-06,0.015575585286658852,0.0010931817724879602,True,False
530.0,0.05663920903402519,0.001,0.0,1.5434131133140738e-06,0.015575585286658852,0.0010896749281255605,True,False
540.0,0.05663920903402519,0.001,0.0,1.556065499674908e-06,0.015575585286658852,0.0010851525736711434,True,False
550.0,0.05663920903402519,0.001,0.0,1.5680897251790782e-06,0.015575585286658852,0.0010807460537151084,True,False
560.0,0.05663920903402519,0.001,0.0,1.5795290329023715e-06,0.015575585286658852,0.0010764757254171356,True,False
570.0,0.05663920903402519,0.001,0.0,1.5904177390613228e-06,0.015575585286658852,0.0010723573625071028,True,False
580.0,0.05663920903402519,0.001,0.0,1.600782777111398e-06,0.015575585286658852,0.0010684025775503639,True,False
590.0,0.05663920903402519,0.001,0.0,1.610645122274157e-06,0.015575585286658852,0.0010646192832512993,True,False
600.0,0.05663920903402519,0.001,0.0,1.6200210831707196e-06,0.015575585286658852,0.0010610121671313913,True,False
610.0,0.05663920903402519,0.001,0.0,1.6289233990551821e-06,0.015575585286658852,0.0010575831594212817,True,False
610.1877689098774,0.05663920903402519,0.001,0.0,1.629086094578902e-06,0.015575585286658852,0.0010575204776676053,True,False
620.0,0.05663920903402519,0.001,0.0,1.6373621942733507e-06,0.015575585286658852,0.0010543318792270986,True,False
630.0,0.05663920903402519,0.001,0.0,1.6453457379883574e-06,0.015575585286658852,0.0010512560486892744,True,False
640.0,0.05663920903402519,0.001,0.0,1.6528810934390847e-06,0.015575585286658852,0.0010483518687983686,True,False
650.0,0.05663920903402519,0.001,0.0,1.659974615653148e-06,0.015575585286658852,0.0010456143537161946,True,False
712.7508569783073,0.05663920903402519,0.001,0.0,1.6947894330154867e-06,0.015575585286658852,0.001031830551162737,True,False
832.5532074018732,0.05663920903402519,0.001,0.0,1.720295005225303e-06,0.015575585286658852,0.001016996044608919,True,False
972.4924724660731,0.05663920903402519,0.001,0.0,1.700887824696018e-06,0.015575585286658852,0.001009242153502953,True,False
1135.9533548066277,0.05663920903402519,0.001,0.0,1.641702674803902e-06,0.015575585286658852,0.0010052707154577503,True,False
1326.889473009725,0.05663920903402519,0.001,0.0,1.553931424425059e-06,0.015575585286658852,0.001003188668009524,True,False
1549.918987548337,0.05663920903402519,0.001,0.0,1.4501588533333276e-06,0.015575585286658852,0.001002048447618086,True,False
1810.4362999534146,0.05663920903402519,0.001,0.0,1.3411094115234334e-06,0.015575585286658852,0.0010013912870905353,True,False
2114.7425268811285,0.05663920903402519,0.001,0.0,1.2341693209627635e-06,0.015575585286658852,0.0010009922898615011,True,False
2470.1979048446246,0.05663920903402519,0.001,0.0,1.1333398314272713e-06,0.015575585286658852,0.0010007375801194254,True,False
2885.3998118144273,0.05663920903402519,0.001,0.0,1.0399955566731123e-06,0.015575585286658852,0.0010005671628985349,True,False
3370.3907114852836,0.05663920903402519,0.001,0.0,9.538690928234672e-07,0.015575585286658852,0.001000448115957119,True,False
3936.9010497450113,0.05663920903402519,0.001,0.0,8.739074752739384e-07,0.015575585286658852,0.001000361657316983,True,False
4598.632978267703,0.05663920903402519,0.001,0.0,7.988697712235648e-07,0.015575585286658852,0.0010002966794869774,True,False
5371.591767636877,0.05663920903402519,0.001,0.0,7.276743320128176e-07,0.015575585286658852,0.0010002463917433415,True,False
6274.472925867966,0.05663920903402519,0.001,0.0,6.595571711009995e-07,0.015575585286658852,0.0010002065107658211,True,False
7329.114385542688,0.05663920903402519,0.001,0.0,5.941077207971546e-07,0.015575585286658852,0.0010001742518126458,True,False
8561.024696578494,0.05663920903402519,0.001,0.0,5.312329159901097e-07,0.015575585286658852,0.0010001477489681712,True,False
10000.0,0.05663920903402519,0.001,0.0,4.710854334399883e-07,0.015575585286658852,0.001000125713169874,True,False
20.0,0.07062333905780249,0.001,0.0,7.07735355020818e-08,0.019308247648430275,0.0010101741422535847,True,False
23.361689410840295,0.07062333905780249,0.001,0.0,9.487755203680488e-08,0.019308247648430275,0.0010118901333772683,True,False
27.288426606428374,0.07062333905780249,0.001,0.0,1.2665530069833975e-07,0.019308247648430275,0.0010138977784604787,True,False
31.87518734449451,0.07062333905780249,0.001,0.0,1.681540767637605e-07,0.019308247648430275,0.0010162479126732068,True,False
37.23291133272139,0.07062333905780249,0.001,0.0,2.2165284774001677e-07,0.019308247648430275,0.0010190009511658149,True,False
43.49118552081964,0.07062333905780249,0.001,0.0,2.894000190501616e-07,0.019308247648430275,0.0010222290938472663,True,False
50.80137841233114,0.07062333905780249,0.001,0.0,3.730555276598539e-07,0.019308247648430275,0.0010260192388778949,True,False
59.34030120557235,0.07062333905780249,0.001,0.0,4.7269469655132016e-07,0.019308247648430275,0.0010304769076042175,True,False
69.31448431551465,0.07062333905780249,0.001,0.0,5.853452325088083e-07,0.019308247648430275,0.0010357316173695112,True,False
80.9651727125807,0.07062333905780249,0.001,0.0,7.034931326233961e-07,0.019308247648430275,0.001041944298536573,True,False
94.5741609003176,0.07062333905780249,0.001,0.0,8.149666507723625e-07,0.019308247648430275,0.001049317461386977,True,False
110.47060866220276,0.07062333905780249,0.001,0.0,9.063134836569554e-07,0.019308247648430275,0.0010581085839090148,True,False
129.0390024296432,0.07062333905780249,0.001,0.0,9.694970625156833e-07,0.019308247648430275,0.0010686456610410312,True,False
150.72845483229952,0.07062333905780249,0.001,0.0,1.0055864427065651e-06,0.019308247648430275,0.001081338185138627,True,False
176.06356735840254,0.07062333905780249,0.001,0.0,1.019494503836857e-06,0.019308247648430275,0.0010966591014344796,True,False
205.65711885957793,0.07062333905780249,0.001,0.0,1.0155764312708149e-06,0.019308247648430275,0.0011150237786630096,True,False
240.22488679628626,0.07062333905780249,0.001,0.0,1.0111445160748689e-06,0.019308247648430275,0.0011363731582725916,True,False
280.60295970445543,0.07062333905780249,0.001,0.0,1.0552465505020425e-06,0.019308247648430275,0.0011590695216334148,True,False
327.76795961890105,0.07062333905780249,0.001,0.0,1.1882797324447303e-06,0.019308247648430275,0.0011777776745995885,True,False
382.86066357208045,0.07062333905780249,0.001,0.0,1.3621700719335106e-06,0.019308247648430275,0.001181885119610259,True,False
447.213595499958,0.07062333905780249,0.001,0.0,1.4975481806844826e-06,0.019308247648430275,0.0011607524079337841,True,False
450.0,0.07062333905780249,0.001,0.0,1.5017920086957126e-06,0.019308247648430275,0.001159360783754503,True,False
460.0,0.07062333905780249,0.001,0.0,1.5161949253883478e-06,0.019308247648430275,0.0011541511744000412,True,False
470.0,0.07062333905780249,0.001,0.0,1.529438179659337e-06,0.019308247648430275,0.0011486598436133413,True,False
480.0,0.07062333905780249,0.001,0.0,1.541688405437558e-06,0.019308247648430275,0.0011429578615552707,True,False
490.0,0.07062333905780249,0.001,0.0,1.5530955432829785e-06,0.019308247648430275,0.0011371132271940634,True,False
500.0,0.07062333905780249,0.001,0.0,1.5637904745569031e-06,0.019308247648430275,0.0011311894809052916,True,False
510.0,0.07062333905780249,0.001,0.0,1.5738842371604278e-06,0.019308247648430275,0.0011252446625089054,True,False
520.0,0.07062333905780249,0.001,0.0,1.5834684004012445e-06,0.019308247648430275,0.0011193306108394632,True,False
522.3832559187591,0.07062333905780249,0.001,0.0,1.58568578673135e-06,0.019308247648430275,0.001117930803885613,True,False
530.0,0.07062333905780249,0.001,0.0,1.5926162851842562e-06,0.019308247648430275,0.0011134925808775056,True,False
540.0,0.07062333905780249,0.001,0.0,1.6013847077278598e-06,0.019308247648430275,0.001107769140216485,True,False
550.0,0.07062333905780249,0.001,0.0,1.6098160254829352e-06,0.019308247648430275,0.0011021922982265,True,False
560.0,0.07062333905780249,0.001,0.0,1.6179402978488966e-06,0.019308247648430275,0.0010967878180049287,True,False
570.0,0.07062333905780249,0.001,0.0,1.6257773980399293e-06,0.019308247648430275,0.001091575662095611,True,False
580.0,0.07062333905780249,0.001,0.0,1.6333390426837013e-06,0.019308247648430275,0.0010865705268819905,True,False
590.0,0.07062333905780249,0.001,0.0,1.6406305881622174e-06,0.019308247648430275,0.0010817824263856793,True,False
600.0,0.07062333905780249,0.001,0.0,1.6476526530917468e-06,0.019308247648430275,0.0010772172929902615,True,False
610.0,0.07062333905780249,0.001,0.0,1.6544024752374042e-06,0.019308247648430275,0.0010728775695754136,True,False
610.1877689098774,0.07062333905780249,0.001,0.0,1.6545265831835465e-06,0.019308247648430275,0.0010727982400494654,True,False
620.0,0.07062333905780249,0.001,0.0,1.6608750903479574e-06,0.019308247648430275,0.00106876277416068,True,False
630.0,0.07062333905780249,0.001,0.0,1.6670642353222576e-06,0.019308247648430275,0.001064870024040653,True,False
640.0,0.07062333905780249,0.001,0.0,1.672963122256732e-06,0.019308247648430275,0.0010611945113948576,True,False
650.0,0.07062333905780249,0.001,0.0,1.6785649930017854e-06,0.019308247648430275,0.0010577299263904152,True,False
712.7508569783073,0.07062333905780249,0.001,0.0,1.706618525054715e-06,0.019308247648430275,0.001040285174976229,True,False
832.5532074018732,0.07062333905780249,0.001,0.0,1.726329354911904e-06,0.019308247648430275,0.0010215105473877486,True,False
972.4924724660731,0.07062333905780249,0.001,0.0,1.7046222126060329e-06,0.019308247648430275,0.0010116971152962497,True,False
1135.9533548066277,0.07062333905780249,0.001,0.0,1.6444723577313525e-06,0.019308247648430275,0.0010066707803209054,True,False
1326.889473009725,0.07062333905780249,0.001,0.0,1.556188646612e-06,0.019308247648430275,0.0010040356865443903,True,False
1549.918987548337,0.07062333905780249,0.001,0.0,1.4520397747519453e-06,0.019308247648430275,0.001002592589319117,True,False
1810.4362999534146,0.07062333905780249,0.001,0.0,1.3426571693342382e-06,0.019308247648430275,0.0010017608653157808,True,False
2114.7425268811285,0.07062333905780249,0.001,0.0,1.2354107576939555e-06,0.019308247648430275,0.0010012558804441954,True,False
2470.1979048446246,0.07062333905780249,0.001,0.0,1.1343046787404276e-06,0.019308247648430275,0.0010009335104722563,True,False
2885.3998118144273,0.07062333905780249,0.001,0.0,1.0407166481929409e-06,0.019308247648430275,0.0010007178239995742,True,False
3370.3907114852836,0.07062333905780249,0.001,0.0,9.543790207011682e-07,0.019308247648430275,0.0010005671535870944,True,False
3936.9010497450113,0.07062333905780249,0.001,0.0,8.742362055391695e-07,0.019308247648430275,0.0010004577281302876,True,False
4598.632978267703,0.07062333905780249,0.001,0.0,7.990440221705697e-07,0.019308247648430275,0.0010003754895998576,True,False
5371.591767636877,0.07062333905780249,0.001,0.0,7.277179097098241e-07,0.019308247648430275,0.0010003118434095395,True,False
6274.472925867966,0.07062333905780249,0.001,0.0,6.594916824864683e-07,0.019308247648430275,0.0010002613684306763,True,False
7329.114385542688,0.07062333905780249,0.001,0.0,5.939531636522943e-07,0.019308247648430275,0.001000220540189111,True,False
8561.024696578494,0.07062333905780249,0.001,0.0,5.310081874210226e-07,0.019308247648430275,0.0010001869971096857,True,False
10000.0,0.07062333905780249,0.001,0.0,4.7080839327140467e-07,0.019308247648430275,0.001000159107704345,True,False
20.0,0.08806012839404359,0.001,0.0,9.424360645536394e-08,0.024041226520531398,0.0010129286516567157,True,False
23.361689410840295,0.08806012839404359,0.001,0.0,1.263159030767875e-07,0.024041226520531398,0.0010151092168083243,True,False
27.288426606428374,0.08806012839404359,0.001,0.0,1.6858246941370042e-07,0.024041226520531398,0.0010176603934603022,True,False
31.87518734449451,0.08806012839404359,0.001,0.0,2.2375235472971893e-07,0.024041226520531398,0.001020646778108163,True,False
37.23291133272139,0.08806012839404359,0.001,0.0,2.9483331709248897e-07,0.024041226520531398,0.0010241451402349343,True,False
43.49118552081964,0.08806012839404359,0.001,0.0,3.847791866573363e-07,0.024041226520531398,0.0010282472237420435,True,False
50.80137841233114,0.08806012839404359,0.001,0.0,4.957451333133288e-07,0.024041226520531398,0.0010330634488549288,True,False
59.34030120557235,0.08806012839404359,0.001,0.0,6.277657864672305e-07,0.024041226520531398,0.0010387278991324327,True,False
69.31448431551465,0.08806012839404359,0.001,0.0,7.768270161654777e-07,0.024041226520531398,0.0010454051480799365,True,False
80.9651727125807,0.08806012839404359,0.001,0.0,9.32921518020241e-07,0.024041226520531398,0.0010532996830029848,True,False
94.5741609003176,0.08806012839404359,0.001,0.0,1.0799588922447622e-06,0.024041226520531398,0.001062668822570374,True,False
110.47060866220276,0.08806012839404359,0.001,0.0,1.2002957414417818e-06,0.024041226520531398,0.0010738397262263658,True,False
129.0390024296432,0.08806012839404359,0.001,0.0,1.2835657862170658e-06,0.024041226520531398,0.0010872291486026385,True,False
150.72845483229952,0.08806012839404359,0.001,0.0,1.3313594744560932e-06,0.024041226520531398,0.0011033573858841238,True,False
176.06356735840254,0.08806012839404359,0.001,0.0,1.3498051891725968e-06,0.024041226520531398,0.0011228253366828466,True,False
205.65711885957793,0.08806012839404359,0.001,0.0,1.342411997147866e-06,0.024041226520531398,0.0011461606980536785,True,False
240.22488679628626,0.08806012839404359,0.001,0.0,1.3240274343954972e-06,0.024041226520531398,0.001173288272112715,True,False
280.60295970445543,0.08806012839404359,0.001,0.0,1.3414892516758203e-06,0.024041226520531398,0.0012021268779643232,True,False
327.76795961890105,0.08806012839404359,0.001,0.0,1.4336531364289584e-06,0.024041226520531398,0.0012258972132394566,True,False
382.86066357208045,0.08806012839404359,0.001,0.0,1.5524635191555003e-06,0.024041226520531398,0.0012311148056691193,True,False
447.213595499958,0.08806012839404359,0.001,0.0,1.6248820877140524e-06,0.024041226520531398,0.0012042614949380184,True,False
450.0,0.08806012839404359,0.001,0.0,1.6266425452160505e-06,0.024041226520531398,0.0012024932070295305,True,False
460.0,0.08806012839404359,0.001,0.0,1.6323686315433683e-06,0.024041226520531398,0.0011958735566811032,True,False
470.0,0.08806012839404359,0.001,0.0,1.6373248732937107e-06,0.024041226520531398,0.0011888959565619075,True,False
480.0,0.08806012839404359,0.001,0.0,1.6416999469304194e-06,0.024041226520531398,0.0011816507089801856,True,False
490.0,0.08806012839404359,0.001,0.0,1.6456586819368901e-06,0.024041226520531398,0.0011742242137419137,True,False
500.0,0.08806012839404359,0.001,0.0,1.649340072018557e-06,0.024041226520531398,0.001166697205403188,True,False
510.0,0.08806012839404359,0.001,0.0,1.6528570493390404e-06,0.024041226520531398,0.0011591434294150873,True,False
520.0,0.08806012839404359,0.001,0.0,1.6562975529987867e-06,0.024041226520531398,0.001151628752213362,True,False
522.3832559187591,0.08806012839404359,0.001,0.0,1.657113824882206e-06,0.024041226520531398,0.0011498500909870582,True,False
530.0,0.08806012839404359,0.001,0.0,1.6597265066753408e-06,0.024041226520531398,0.001144210674778822,True,False
540.0,0.08806012839404359,0.001,0.0,1.663188390899073e-06,0.024041226520531398,0.0011369382011153775,True,False
550.0,0.08806012839404359,0.001,0.0,1.6667100628531273e-06,0.024041226520531398,0.0011298520023760297,True,False
560.0,0.08806012839404359,0.001,0.0,1.6703036767040658e-06,0.024041226520531398,0.0011229848132303646,True,False
570.0,0.08806012839404359,0.001,0.0,1.6739695085643547e-06,0.024041226520531398,0.0011163619981913167,True,False
580.0,0.08806012839404359,0.001,0.0,1.6776985763966579e-06,0.024041226520531398,0.0011100022306068649,True,False
590.0,0.08806012839404359,0.001,0.0,1.6814749761451253e-06,0.024041226520531398,0.0011039182344251266,True,False
600.0,0.08806012839404359,0.001,0.0,1.6852779697318354e-06,0.024041226520531398,0.001098117547463028,True,False
610.0,0.08806012839404359,0.001,0.0,1.6890836791461084e-06,0.024041226520531398,0.0010926032737629257,True,False
610.1877689098774,0.08806012839404359,0.001,0.0,1.6891550018716117e-06,0.024041226520531398,0.0010925024735858315,True,False
620.0,0.08806012839404359,0.001,0.0,1.692866566815887e-06,0.024041226520531398,0.0010873748010189468,True,False
630.0,0.08806012839404359,0.001,0.0,1.696600568590334e-06,0.024041226520531398,0.0010824284665380537,True,False
640.0,0.08806012839404359,0.001,0.0,1.7002599995707968e-06,0.024041226520531398,0.0010777581615462042,True,False
650.0,0.08806012839404359,0.001,0.0,1.7038202363428567e-06,0.024041226520531398,0.0010733558687782132,True,False
712.7508569783073,0.08806012839404359,0.001,0.0,1.722613463539524e-06,0.024041226520531398,0.0010511895370762794,True,False
832.5532074018732,0.08806012839404359,0.001,0.0,1.7343720054574518e-06,0.024041226520531398,0.0010273332101203838,True,False
972.4924724660731,0.08806012839404359,0.001,0.0,1.709498719359992e-06,0.024041226520531398,0.001014863480557903,True,False
1135.9533548066277,0.08806012839404359,0.001,0.0,1.6480227645887524e-06,0.024041226520531398,0.0010084765726636738,True,False
1326.889473009725,0.08806012839404359,0.001,0.0,1.5590466871939768e-06,0.024041226520531398,0.001005128170276647,True,False
1549.918987548337,0.08806012839404359,0.001,0.0,1.4544037293395817e-06,0.024041226520531398,0.001003294425536704,True,False
1810.4362999534146,0.08806012839404359,0.001,0.0,1.344593151486606e-06,0.024041226520531398,0.0010022375501429473,True,False
2114.7425268811285,0.08806012839404359,0.001,0.0,1.236958014350087e-06,0.024041226520531398,0.0010015958622445744,True,False
2470.1979048446246,0.08806012839404359,0.001,0.0,1.1355032398796538e-06,0.024041226520531398,0.0010011862237544458,True,False
2885.3998118144273,0.08806012839404359,0.001,0.0,1.041609113516806e-06,0.024041226520531398,0.001000912148638843,True,False
3370.3907114852836,0.08806012839404359,0.001,0.0,9.550069490771307e-07,0.024041226520531398,0.0010007206899548251,True,False
3936.9010497450113,0.08806012839404359,0.001,0.0,8.746375977919385e-07,0.024041226520531398,0.0010005816416314142,True,False
4598.632978267703,0.08806012839404359,0.001,0.0,7.992526143141276e-07,0.024041226520531398,0.0010004771400282655,True,False
5371.591767636877,0.08806012839404359,0.001,0.0,7.277636546731969e-07,0.024041226520531398,0.001000396263931668,True,False
6274.472925867966,0.08806012839404359,0.001,0.0,6.594016979111217e-07,0.024041226520531398,0.0010003321246593302,True,False
7329.114385542688,0.08806012839404359,0.001,0.0,5.937525658916698e-07,0.024041226520531398,0.0010002802436238625,True,False
8561.024696578494,0.08806012839404359,0.001,0.0,5.307206275562137e-07,0.024041226520531398,0.0010002376199443877,True,False
10000.0,0.08806012839404359,0.001,0.0,4.704562447388483e-07,0.024041226520531398,0.0010002021804690333,True,False
20.0,0.1098020330988402,0.001,0.0,1.2703283079769888e-07,0.030069659022640857,0.0010165143829100507,True,False
23.361689410840295,0.1098020330988402,0.001,0.0,1.7021864194671755e-07,0.030069659022640857,0.0010192997110232494,True,False
27.288426606428374,0.1098020330988402,0.001,0.0,2.2710212717753355e-07,0.030069659022640857,0.0010225584326053186,True,False
31.87518734449451,0.1098020330988402,0.001,0.0,3.0130421681541747e-07,0.030069659022640857,0.001026373057179405,True,False
37.23291133272139,0.1098020330988402,0.001,0.0,3.9683109618053776e-07,0.030069659022640857,0.001030841642339781,True,False
43.49118552081964,0.1098020330988402,0.001,0.0,5.175928753012164e-07,0.030069659022640857,0.001036081371719389,True,False
50.80137841233114,0.1098020330988402,0.001,0.0,6.663967528644185e-07,0.030069659022640857,0.001042233282986224,True,False
59.34030120557235,0.1098020330988402,0.001,0.0,8.431737714383112e-07,0.030069659022640857,0.0010494686370775088,True,False
69.31448431551465,0.1098020330988402,0.001,0.0,1.0424155084993872e-06,0.030069659022640857,0.001057997636807629,True,False
80.9651727125807,0.1098020330988402,0.001,0.0,1.2506331662445356e-06,0.030069659022640857,0.0010680814623666417,True,False
94.5741609003176,0.1098020330988402,0.001,0.0,1.4463496292017831e-06,0.030069659022640857,0.0010800487684058352,True,False
110.47060866220276,0.1098020330988402,0.001,0.0,1.6062626350470902e-06,0.030069659022640857,0.0010943174060899486,True,False
129.0390024296432,0.1098020330988402,0.001,0.0,1.716999976125906e-06,0.030069659022640857,0.0011114196487418538,True,False
150.72845483229952,0.1098020330988402,0.001,0.0,1.7810591945149196e-06,0.030069659022640857,0.0011320199947090033,True,False
176.06356735840254,0.1098020330988402,0.001,0.0,1.806296136088771e-06,0.030069659022640857,0.0011568858507071842,True,False
205.65711885957793,0.1098020330988402,0.001,0.0,1.7949263485545625e-06,0.030069659022640857,0.0011866910580870258,True,False
240.22488679628626,0.1098020330988402,0.001,0.0,1.7581473237375522e-06,0.030069659022640857,0.001221339313581516,True,False
280.60295970445543,0.1098020330988402,0.001,0.0,1.7394793106265127e-06,0.030069659022640857,0.0012581721053026842,True,False
327.76795961890105,0.1098020330988402,0.001,0.0,1.7754339459719048e-06,0.030069659022640857,0.0012885304433077885,True,False
382.86066357208045,0.1098020330988402,0.001,0.0,1.8178751017561279e-06,0.030069659022640857,0.0012951919858475982,True,False
447.213595499958,0.1098020330988402,0.001,0.0,1.8026113366986785e-06,0.030069659022640857,0.0012608922903010735,True,False
450.0,0.1098020330988402,0.001,0.0,1.8009080345327e-06,0.030069659022640857,0.0012586337371800474,True,False
460.0,0.1098020330988402,0.001,0.0,1.7945292634102827e-06,0.030069659022640857,0.001250178789476252,True,False
470.0,0.1098020330988402,0.001,0.0,1.7879208946136593e-06,0.030069659022640857,0.0012412666884096804,True,False
480.0,0.1098020330988402,0.001,0.0,1.7813029735136432e-06,0.030069659022640857,0.0012320127662528426,True,False
490.0,0.1098020330988402,0.001,0.0,1.7748616691903862e-06,0.030069659022640857,0.0012225273707185394,True,False
500.0,0.1098020330988402,0.001,0.0,1.768747785346747e-06,0.030069659022640857,0.0012129136137639654,True,False
510.0,0.1098020330988402,0.001,0.0,1.7630773317955928e-06,0.030069659022640857,0.0012032656809127787,True,False
520.0,0.1098020330988402,0.001,0.0,1.7579335459538825e-06,0.030069659022640857,0.0011936676947766891,True,False
522.3832559187591,0.1098020330988402,0.001,0.0,1.7567918386696135e-06,0.030069659022640857,0.0011913959326005355,True,False
530.0,0.1098020330988402,0.001,0.0,1.753369976875696e-06,0.030069659022640857,0.0011841930938524805,True,False
540.0,0.1098020330988402,0.001,0.0,1.7494141500984384e-06,0.030069659022640857,0.0011749044645834586,True,False
550.0,0.1098020330988402,0.001,0.0,1.746071528807569e-06,0.030069659022640857,0.0011658537509987568,True,False
560.0,0.1098020330988402,0.001,0.0,1.7433294903224095e-06,0.030069659022640857,0.0011570827609443937,True,False
570.0,0.1098020330988402,0.001,0.0,1.7411611068496313e-06,0.030069659022640857,0.0011486238893728675,True,False
580.0,0.1098020330988402,0.001,0.0,1.7395286389110254e-06,0.030069659022640857,0.0011405009855174333,True,False
590.0,0.1098020330988402,0.001,0.0,1.7383866321996067e-06,0.030069659022640857,0.0011327303002343072,True,False
600.0,0.1098020330988402,0.001,0.0,1.7376846022099102e-06,0.030069659022640857,0.0011253214608083475,True,False
610.0,0.1098020330988402,0.001,0.0,1.7373692903221993e-06,0.030069659022640857,0.001118278431825103,True,False
610.1877689098774,0.1098020330988402,0.001,0.0,1.7373667173803398e-06,0.030069659022640857,0.0011181496861435427,True,False
620.0,0.1098020330988402,0.001,0.0,1.7373864873437839e-06,0.030069659022640857,0.0011116004314309915,True,False
630.0,0.1098020330988402,0.001,0.0,1.7376825128812001e-06,0.030069659022640857,0.0011052827818683877,True,False
640.0,0.1098020330988402,0.001,0.0,1.7382053421055588e-06,0.030069659022640857,0.0010993176812668084,True,False
650.0,0.1098020330988402,0.001,0.0,1.7389054440819507e-06,0.030069659022640857,0.001093694890235807,True,False
712.7508569783073,0.1098020330988402,0.001,0.0,1.744715782181494e-06,0.030069659022640857,0.00106538301749337,True,False
832.5532074018732,0.1098020330988402,0.001,0.0,1.745299552546875e-06,0.030069659022640857,0.001034912311347446,True,False
972.4924724660731,0.1098020330988402,0.001,0.0,1.715961216341988e-06,0.030069659022640857,0.0010189850536139735,True,False
1135.9533548066277,0.1098020330988402,0.001,0.0,1.652618018432861e-06,0.030069659022640857,0.0010108271479951627,True,False
1326.889473009725,0.1098020330988402,0.001,0.0,1.5626860321305003e-06,0.030069659022640857,0.001006550251741455,True,False
1549.918987548337,0.1098020330988402,0.001,0.0,1.457383979164284e-06,0.030069659022640857,0.0010042080074179607,True,False
1810.4362999534146,0.1098020330988402,0.001,0.0,1.347018187103366e-06,0.030069659022640857,0.0010028580541228118,True,False
2114.7425268811285,0.1098020330988402,0.001,0.0,1.2388867945967164e-06,0.030069659022640857,0.001002038420026329,True,False
2470.1979048446246,0.1098020330988402,0.001,0.0,1.1369907798597367e-06,0.030069659022640857,0.0010015151837722272,True,False
2885.3998118144273,0.1098020330988402,0.001,0.0,1.0427113016353573e-06,0.030069659022640857,0.0010011651037278293,True,False
3370.3907114852836,0.1098020330988402,0.001,0.0,9.557772829849043e-07,0.030069659022640857,0.0010009205505370202,True,False
3936.9010497450113,0.1098020330988402,0.001,0.0,8.751244892080123e-07,0.030069659022640857,0.0010007429417661076,True,False
4598.632978267703,0.1098020330988402,0.001,0.0,7.994987846204893e-07,0.030069659022640857,0.0010006094600166762,True,False
5371.591767636877,0.1098020330988402,0.001,0.0,7.278068988592068e-07,0.030069659022640857,0.0010005061554948505,True,False
6274.472925867966,0.1098020330988402,0.001,0.0,6.592761964130389e-07,0.030069659022640857,0.001000424229198548,True,False
7329.114385542688,0.1098020330988402,0.001,0.0,5.934898220649742e-07,0.030069659022640857,0.001000357960563302,True,False
8561.024696578494,0.1098020330988402,0.001,0.0,5.303503501918883e-07,0.030069659022640857,0.0010003035165176968,True,False
10000.0,0.1098020330988402,0.001,0.0,4.7000640024386087e-07,0.030069659022640857,0.0010002582489903036,True,False
20.0,0.13691197926364027,0.001,0.0,1.7418139110266114e-07,0.03779303372302896,0.001021238452752438,True,False
23.361689410840295,0.13691197926364027,0.001,0.0,2.3331210139923174e-07,0.03779303372302896,0.0010248205262191488,True,False
27.288426606428374,0.13691197926364027,0.001,0.0,3.1114409926072633e-07,0.03779303372302896,0.0010290114004889853,True,False
31.87518734449451,0.13691197926364027,0.001,0.0,4.125857033960298e-07,0.03779303372302896,0.0010339171830814622,True,False
37.23291133272139,0.13691197926364027,0.001,0.0,5.430416514368413e-07,0.03779303372302896,0.0010396639754299253,True,False
43.49118552081964,0.13691197926364027,0.001,0.0,7.07742378022356e-07,0.03779303372302896,0.0010464024736203292,True,False
50.80137841233114,0.13691197926364027,0.001,0.0,9.103585359307247e-07,0.03779303372302896,0.0010543140478110743,True,False
59.34030120557235,0.13691197926364027,0.001,0.0,1.15058611603315e-06,0.03779303372302896,0.001063618931894324,True,False
69.31448431551465,0.13691197926364027,0.001,0.0,1.4206980974400133e-06,0.03779303372302896,0.0010745874338429834,True,False
80.9651727125807,0.13691197926364027,0.001,0.0,1.7022064251726553e-06,0.03779303372302896,0.0010875554106047638,True,False
94.5741609003176,0.13691197926364027,0.001,0.0,1.9660545523169292e-06,0.03779303372302896,0.0011029454790013873,True,False
110.47060866220276,0.13691197926364027,0.001,0.0,2.181166386989227e-06,0.03779303372302896,0.0011212949432777741,True,False
129.0390024296432,0.13691197926364027,0.001,0.0,2.3303014331855273e-06,0.03779303372302896,0.0011432882238556982,True,False
150.72845483229952,0.13691197926364027,0.001,0.0,2.417584485506219e-06,0.03779303372302896,0.0011697797333862009,True,False
176.06356735840254,0.13691197926364027,0.001,0.0,2.4534102141286415e-06,0.03779303372302896,0.0012017561477195649,True,False
205.65711885957793,0.13691197926364027,0.001,0.0,2.4379383600659638e-06,0.03779303372302896,0.001240083708016394,True,False
240.22488679628626,0.13691197926364027,0.001,0.0,2.3767456287238087e-06,0.03779303372302896,0.001284638140223857,True,False
280.60295970445543,0.13691197926364027,0.001,0.0,2.308158357347545e-06,0.03779303372302896,0.0013320002403626038,True,False
327.76795961890105,0.13691197926364027,0.001,0.0,2.264963088291494e-06,0.03779303372302896,0.0013710349541967556,True,False
382.86066357208045,0.13691197926364027,0.001,0.0,2.1987046510962838e-06,0.03779303372302896,0.0013795967702533432,True,False
447.213595499958,0.13691197926364027,0.001,0.0,2.0579035890366804e-06,0.03779303372302896,0.0013354876086790193,True,False
450.0,0.13691197926364027,0.001,0.0,2.0512311656450954e-06,0.03779303372302896,0.001332583258596364,True,False
460.0,0.13691197926364027,0.001,0.0,2.027481881716753e-06,0.03779303372302896,0.0013217108025490578,True,False
470.0,0.13691197926364027,0.001,0.0,2.0042714525270178e-06,0.03779303372302896,0.0013102505443516868,True,False
480.0,0.13691197926364027,0.001,0.0,1.9818661454729103e-06,0.03779303372302896,0.0012983507822901244,True,False
490.0,0.13691197926364027,0.001,0.0,1.9604838086828558e-06,0.03779303372302896,0.0012861534047137737,True,False
500.0,0.13691197926364027,0.001,0.0,1.9402931517586985e-06,0.03779303372302896,0.0012737909956204154,True,False
510.0,0.13691197926364027,0.001,0.0,1.9214154238778036e-06,0.03779303372302896,0.0012613846609340054,True,False
520.0,0.13691197926364027,0.001,0.0,1.903927847379805e-06,0.03779303372302896,0.0012490425673423724,True,False
522.3832559187591,0.13691197926364027,0.001,0.0,1.8999701638655608e-06,0.03779303372302896,0.0012461212995634177,True,False
530.0,0.13691197926364027,0.001,0.0,1.8878682483958187e-06,0.03779303372302896,0.0012368591436478496,True,False
540.0,0.13691197926364027,0.001,0.0,1.8732403656018803e-06,0.03779303372302896,0.001224914864895287,True,False
550.0,0.13691197926364027,0.001,0.0,1.8600193872897464e-06,0.03779303372302896,0.001213276521963568,True,False
560.0,0.13691197926364027,0.001,0.0,1.8481574857176497e-06,0.03779303372302896,0.0012019978724950855,True,False
570.0,0.13691197926364027,0.001,0.0,1.837588983200078e-06,0.03779303372302896,0.0011911205709090869,True,False
580.0,0.13691197926364027,0.001,0.0,1.828235107859122e-06,0.03779303372302896,0.0011806752834077052,True,False
590.0,0.13691197926364027,0.001,0.0,1.820008167507936e-06,0.03779303372302896,0.0011706829060623694,True,False
600.0,0.13691197926364027,0.001,0.0,1.8128151390017777e-06,0.03779303372302896,0.001161155818209413,True,False
610.0,0.13691197926364027,0.001,0.0,1.8065606702810655e-06,0.03779303372302896,0.0011520991179317921,True,False
610.1877689098774,0.13691197926364027,0.001,0.0,1.8064515922011637e-06,0.03779303372302896,0.0011519335624831087,True,False
620.0,0.13691197926364027,0.001,0.0,1.8011494935521455e-06,0.03779303372302896,0.0011435118001847924,True,False
630.0,0.13691197926364027,0.001,0.0,1.7964883519683283e-06,0.03779303372302896,0.0011353878504113393,True,False
640.0,0.13691197926364027,0.001,0.0,1.7924874384789291e-06,0.03779303372302896,0.001127717236918068,True,False
650.0,0.13691197926364027,0.001,0.0,1.7890614606441702e-06,0.03779303372302896,0.0011204867937010246,True,False
712.7508569783073,0.13691197926364027,0.001,0.0,1.7761254186288156e-06,0.03779303372302896,0.0010840798790263664,True,False
832.5532074018732,0.13691197926364027,0.001,0.0,1.760530820904549e-06,0.03779303372302896,0.0010448963731092267,True,False
972.4924724660731,0.13691197926364027,0.001,0.0,1.7247020308586158e-06,0.03779303372302896,0.0010244145595034162,True,False
1135.9533548066277,0.13691197926364027,0.001,0.0,1.6586489097747403e-06,0.03779303372302896,0.001013923691718376,True,False
1326.889473009725,0.13691197926364027,0.001,0.0,1.5673596370779919e-06,0.03779303372302896,0.0010084236565082163,True,False
1549.918987548337,0.13691197926364027,0.001,0.0,1.4611591242497113e-06,0.03779303372302896,0.0010054115390570875,True,False
1810.4362999534146,0.13691197926364027,0.001,0.0,1.3500628319729202e-06,0.03779303372302896,0.0010036754955147211,True,False
2114.7425268811285,0.13691197926364027,0.001,0.0,1.2412923846572e-06,0.03779303372302896,0.0010026214400039582,True,False
2470.1979048446246,0.13691197926364027,0.001,0.0,1.1388349523411279e-06,0.03779303372302896,0.0010019485524684893,True,False
2885.3998118144273,0.13691197926364027,0.001,0.0,1.0440687053803188e-06,0.03779303372302896,0.0010014983447809147,True,False
3370.3907114852836,0.13691197926364027,0.001,0.0,9.567175093261326e-07,0.03779303372302896,0.0010011838455691304,True,False
3936.9010497450113,0.13691197926364027,0.001,0.0,8.757096342515425e-07,0.03779303372302896,0.0010009554376557697,True,False
4598.632978267703,0.13691197926364027,0.001,0.0,7.99783254512576e-07,0.03779303372302896,0.0010007837776960784,True,False
5371.591767636877,0.13691197926364027,0.001,0.0,7.278386120468383e-07,0.03779303372302896,0.001000650926115675,True,False
6274.472925867966,0.13691197926364027,0.001,0.0,6.590982148946267e-07,0.03779303372302896,0.001000545567293342,True,False
7329.114385542688,0.13691197926364027,0.001,0.0,5.931419275739813e-07,0.03779303372302896,0.001000460344504627,True,False
8561.024696578494,0.13691197926364027,0.001,0.0,5.29869740861777e-07,0.03779303372302896,0.0010003903283615214,True,False
10000.0,0.13691197926364027,0.001,0.0,4.6942822562456854e-07,0.03779303372302896,0.0010003321134007806,True,False
20.0,0.17071532772998774,0.001,0.0,2.4451159202443316e-07,0.04776381425924012,0.001027561487061109,True,False
23.361689410840295,0.17071532772998774,0.001,0.0,3.273554139748879e-07,0.04776381425924012,0.0010322099679502617,True,False
27.288426606428374,0.17071532772998774,0.001,0.0,4.362961192698998e-07,0.04776381425924012,0.0010376484811546473,True,False
31.87518734449451,0.17071532772998774,0.001,0.0,5.781149755043711e-07,0.04776381425924012,0.0010440147163103212,True,False
37.23291133272139,0.17071532772998774,0.001,0.0,7.602294021930825e-07,0.04776381425924012,0.0010514723063451237,True,False
43.49118552081964,0.17071532772998774,0.001,0.0,9.897315819527462e-07,0.04776381425924012,0.0010602167966565813,True,False
50.80137841233114,0.17071532772998774,0.001,0.0,1.271435491796767e-06,0.04776381425924012,0.00107048353263806,True,False
59.34030120557235,0.17071532772998774,0.001,0.0,1.6045206541164935e-06,0.04776381425924012,0.0010825582848568436,True,False
69.31448431551465,0.17071532772998774,0.001,0.0,1.9778200123596757e-06,0.04776381425924012,0.001096791792931534,True,False
80.9651727125807,0.17071532772998774,0.001,0.0,2.365410853610514e-06,0.04776381425924012,0.001113619841556555,True,False
94.5741609003176,0.17071532772998774,0.001,0.0,2.7272623179140296e-06,0.04776381425924012,0.0011335907770144865,True,False
110.47060866220276,0.17071532772998774,0.001,0.0,3.0214058794992508e-06,0.04776381425924012,0.0011574017348554998,True,False
129.0390024296432,0.17071532772998774,0.001,0.0,3.2256943046000703e-06,0.04776381425924012,0.0011859407008445568,True,False
150.72845483229952,0.17071532772998774,0.001,0.0,3.347285809567318e-06,0.04776381425924012,0.0012203161637909556,True,False
176.06356735840254,0.17071532772998774,0.001,0.0,3.400469885735981e-06,0.04776381425924012,0.0012618081086355742,True,False
205.65711885957793,0.17071532772998774,0.001,0.0,3.381986908078047e-06,0.04776381425924012,0.0013115400493280875,True,False
240.22488679628626,0.17071532772998774,0.001,0.0,3.2883342157147277e-06,0.04776381425924012,0.0013693499798954128,True,False
280.60295970445543,0.17071532772998774,0.001,0.0,3.149274478753128e-06,0.04776381425924012,0.0014308003899780727,True,False
327.76795961890105,0.17071532772998774,0.001,0.0,2.991342292466004e-06,0.04776381425924012,0.0014814427154212209,True,False
382.86066357208045,0.17071532772998774,0.001,0.0,2.765193708731406e-06,0.04776381425924012,0.0014925442984827222,True,False
447.213595499958,0.17071532772998774,0.001,0.0,2.4382626714891664e-06,0.04776381425924012,0.0014353069978903501,True,False
450.0,0.17071532772998774,0.001,0.0,2.4242026704923703e-06,0.04776381425924012,0.001431538461622305,True,False
460.0,0.17071532772998774,0.001,0.0,2.3746189618534252e-06,0.04776381425924012,0.0014174310016171745,True,False
470.0,0.17071532772998774,0.001,0.0,2.3267033331109133e-06,0.04776381425924012,0.0014025609556787546,True,False
480.0,0.17071532772998774,0.001,0.0,2.280793207909415e-06,0.04776381425924012,0.0013871207282986067,True,False
490.0,0.17071532772998774,0.001,0.0,2.2371557326095193e-06,0.04776381425924012,0.001371294406550926,True,False
500.0,0.17071532772998774,0.001,0.0,2.1959881683630833e-06,0.04776381425924012,0.0013552540052690345,True,False
510.0,0.17071532772998774,0.001,0.0,2.1574212504815726e-06,0.04776381425924012,0.0013391566471916963,True,False
520.0,0.17071532772998774,0.001,0.0,2.121524723119883e-06,0.04776381425924012,0.0013231426675096572,True,False
522.3832559187591,0.17071532772998774,0.001,0.0,2.1133664678263386e-06,0.04776381425924012,0.0013193522982508634,True,False
530.0,0.17071532772998774,0.001,0.0,2.088314284165449e-06,0.04776381425924012,0.0013073345778845105,True,False
540.0,0.17071532772998774,0.001,0.0,2.0577593281556616e-06,0.04776381425924012,0.001291836786492583,True,False
550.0,0.17071532772998774,0.001,0.0,2.0297909193445207e-06,0.04776381425924012,0.0012767359478492715,True,False
560.0,0.17071532772998774,0.001,0.0,2.0043095698696334e-06,0.04776381425924012,0.0012621018073402093,True,False
570.0,0.17071532772998774,0.001,0.0,1.981192561673062e-06,0.04776381425924012,0.001247988407793609,True,False
580.0,0.17071532772998774,0.001,0.0,1.960300550774008e-06,0.04776381425924012,0.0012344355360515138,True,False
590.0,0.17071532772998774,0.001,0.0,1.941483377398967e-06,0.04776381425924012,0.0012214703032594745,True,False
600.0,0.17071532772998774,0.001,0.0,1.92458501280246e-06,0.04776381425924012,0.0012091087709684692,True,False
610.0,0.17071532772998774,0.001,0.0,1.9094476890746392e-06,0.04776381425924012,0.0011973575539964134,True,False
610.1877689098774,0.17071532772998774,0.001,0.0,1.9091792921033246e-06,0.04776381425924012,0.001197142742899059,True,False
620.0,0.17071532772998774,0.001,0.0,1.8959151938391372e-06,0.04776381425924012,0.001186215348884966,True,False
630.0,0.17071532772998774,0.001,0.0,1.8838354783889955e-06,0.04776381425924012,0.0011756743527214777,True,False
640.0,0.17071532772998774,0.001,0.0,1.8730625882534824e-06,0.04776381425924012,0.0011657215506207788,True,False
650.0,0.17071532772998774,0.001,0.0,1.8634580523091415e-06,0.04776381425924012,0.0011563398610919809,True,False
712.7508569783073,0.17071532772998774,0.001,0.0,1.8224203351957513e-06,0.04776381425924012,0.0011091006002864603,True,False
832.5532074018732,0.17071532772998774,0.001,0.0,1.7825004198224192e-06,0.04776381425924012,0.0010582577533012607,True,False
972.4924724660731,0.17071532772998774,0.001,0.0,1.7368687823537954e-06,0.04776381425924012,0.0010316808821801962,True,False
1135.9533548066277,0.17071532772998774,0.001,0.0,1.6667288207372621e-06,0.04776381425924012,0.0010180678774664989,True,False
1326.889473009725,0.17071532772998774,0.001,0.0,1.5734405579559407e-06,0.04776381425924012,0.001010930914764895,True,False
1549.918987548337,0.17071532772998774,0.001,0.0,1.4659780023240643e-06,0.04776381425924012,0.001007022291512504,True,False
1810.4362999534146,0.17071532772998774,0.001,0.0,1.3539006574747603e-06,0.04776381425924012,0.0010047695289597805,True,False
2114.7425268811285,0.17071532772998774,0.001,0.0,1.2442964598680106e-06,0.04776381425924012,0.0010034017358128136,True,False
2470.1979048446246,0.17071532772998774,0.001,0.0,1.1411188051146937e-06,0.04776381425924012,0.0010025285613696191,True,False
2885.3998118144273,0.17071532772998774,0.001,0.0,1.0457344575831584e-06,0.04776381425924012,0.0010019443464590596,True,False
3370.3907114852836,0.17071532772998774,0.001,0.0,9.578570626667116e-07,0.04776381425924012,0.0010015362336766023,True,False
3936.9010497450113,0.17071532772998774,0.001,0.0,8.764035569486239e-07,0.04776381425924012,0.0010012398375903722,True,False
4598.632978267703,0.17071532772998774,0.001,0.0,8.00101344733406e-07,0.04776381425924012,0.0010010170808611987,True,False
5371.591767636877,0.17071532772998774,0.001,0.0,7.278419196232733e-07,0.04776381425924012,0.0010008446841723853,True,False
6274.472925867966,0.17071532772998774,0.001,0.0,6.588413705710394e-07,0.04776381425924012,0.0010007079637597274,True,False
7329.114385542688,0.17071532772998774,0.001,0.0,5.926750940021819e-07,0.04776381425924012,0.0010005973731207476,True,False
8561.024696578494,0.17071532772998774,0.001,0.0,5.292398249645558e-07,0.04776381425924012,0.001000506515592802,True,False
10000.0,0.17071532772998774,0.001,0.0,4.6867928926719316e-07,0.04776381425924012,0.0010004309720411655,True,False
20.0,0.21286466880912897,0.001,0.0,3.544919777836162e-07,0.0607674527689839,0.0010362063037062355,True,False
23.361689410840295,0.21286466880912897,0.001,0.0,4.7426313312822453e-07,0.0607674527689839,0.0010423127452629482,True,False
27.288426606428374,0.21286466880912897,0.001,0.0,6.315495522078729e-07,0.0607674527689839,0.0010494569841457734,True,False
31.87518734449451,0.21286466880912897,0.001,0.0,8.359602888103582e-07,0.0607674527689839,0.0010578198830718131,True,False
37.23291133272139,0.21286466880912897,0.001,0.0,1.0979044444322508e-06,0.0607674527689839,0.0010676163796771807,True,False
43.49118552081964,0.21286466880912897,0.001,0.0,1.427159235381525e-06,0.0607674527689839,0.0010791033256700342,True,False
50.80137841233114,0.21286466880912897,0.001,0.0,1.8300262165643752e-06,0.0607674527689839,0.0010925898450265617,True,False
59.34030120557235,0.21286466880912897,0.001,0.0,2.3045393592201115e-06,0.0607674527689839,0.0011084512870054165,True,False
69.31448431551465,0.21286466880912897,0.001,0.0,2.833897753932329e-06,0.0607674527689839,0.0011271483246606867,True,False
80.9651727125807,0.21286466880912897,0.001,0.0,3.380625426585614e-06,0.0607674527689839,0.0011492533170549212,True,False
94.5741609003176,0.21286466880912897,0.001,0.0,3.888238798484961e-06,0.0607674527689839,0.0011754864399305884,True,False
110.47060866220276,0.21286466880912897,0.001,0.0,4.299181534912896e-06,0.0607674527689839,0.0012067632506291828,True,False
129.0390024296432,0.21286466880912897,0.001,0.0,4.5853631182658e-06,0.0607674527689839,0.0012442499015209347,True,False
150.72845483229952,0.21286466880912897,0.001,0.0,4.75987687830956e-06,0.0607674527689839,0.0012894020329412845,True,False
176.06356735840254,0.21286466880912897,0.001,0.0,4.843327867647129e-06,0.0607674527689839,0.001343900313614141,True,False
205.65711885957793,0.21286466880912897,0.001,0.0,4.826458329177871e-06,0.0607674527689839,0.0014092195385145634,True,False
240.22488679628626,0.21286466880912897,0.001,0.0,4.690214770123463e-06,0.0607674527689839,0.001485145570953742,True,False
280.60295970445543,0.21286466880912897,0.001,0.0,4.449305009875115e-06,0.0607674527689839,0.0015658484163267863,True,False
327.76795961890105,0.21286466880912897,0.001,0.0,4.119026691090655e-06,0.0607674527689839,0.0016323504698665106,True,False
382.86066357208045,0.21286466880912897,0.001,0.0,3.647736908168886e-06,0.0607674527689839,0.001646917567138694,True,False
447.213595499958,0.21286466880912897,0.001,0.0,3.0322639058555367e-06,0.0607674527689839,0.0015717344293447169,True,False
450.0,0.21286466880912897,0.001,0.0,3.0067082522622357e-06,0.0607674527689839,0.0015667847434124296,True,False
460.0,0.21286466880912897,0.001,0.0,2.9169030585918243e-06,0.0607674527689839,0.0015482558167982377,True,False
470.0,0.21286466880912897,0.001,0.0,2.8304945059454134e-06,0.0607674527689839,0.0015287254999392643,True,False
480.0,0.21286466880912897,0.001,0.0,2.747936068914214e-06,0.0607674527689839,0.0015084464659911858,True,False
490.0,0.21286466880912897,0.001,0.0,2.669576362523962e-06,0.0607674527689839,0.001487660463434736,True,False
500.0,0.21286466880912897,0.001,0.0,2.5956613101119075e-06,0.0607674527689839,0.0014665933858779559,True,False
510.0,0.21286466880912897,0.001,0.0,2.5263401104980154e-06,0.0607674527689839,0.0014454515695679895,True,False
520.0,0.21286466880912897,0.001,0.0,2.461674054432539e-06,0.0607674527689839,0.0014244193047155953,True,False
522.3832559187591,0.21286466880912897,0.001,0.0,2.446949101786444e-06,0.0607674527689839,0.0014194411556125988,True,False
530.0,0.21286466880912897,0.001,0.0,2.4016471285026597e-06,0.0607674527689839,0.0014036574753573663,True,False
540.0,0.21286466880912897,0.001,0.0,2.346177571221908e-06,0.0607674527689839,0.0013833031919218133,True,False
550.0,0.21286466880912897,0.001,0.0,2.2951296447804026e-06,0.0607674527689839,0.0013634702507302468,True,False
560.0,0.21286466880912897,0.001,0.0,2.248325022047304e-06,0.0607674527689839,0.001344250243067723,True,False
570.0,0.21286466880912897,0.001,0.0,2.205553420564499e-06,0.0607674527689839,0.0013257141396406649,True,False
580.0,0.21286466880912897,0.001,0.0,2.166582168672271e-06,0.0607674527689839,0.0013079141901606297,True,False
590.0,0.21286466880912897,0.001,0.0,2.1311646033472798e-06,0.0607674527689839,0.0012908859985168988,True,False
600.0,0.21286466880912897,0.001,0.0,2.0990471614190653e-06,0.0607674527689839,0.0012746506581023933,True,False
610.0,0.21286466880912897,0.001,0.0,2.0699752888431178e-06,0.0607674527689839,0.0012592168566292186,True,False
610.1877689098774,0.21286466880912897,0.001,0.0,2.069456916831136e-06,0.0607674527689839,0.001258934727904947,True,False
620.0,0.21286466880912897,0.001,0.0,2.0436981497118367e-06,0.0607674527689839,0.001244582883245581,True,False
630.0,0.21286466880912897,0.001,0.0,2.0199722968738953e-06,0.0607674527689839,0.0012307384916945266,True,False
640.0,0.21286466880912897,0.001,0.0,1.9985644117426205e-06,0.0607674527689839,0.001217666591017407,True,False
650.0,0.21286466880912897,0.001,0.0,1.9792532295337395e-06,0.0607674527689839,0.0012053447496385141,True,False
712.7508569783073,0.21286466880912897,0.001,0.0,1.8940112851417723e-06,0.0607674527689839,0.0011433004537122473,True,False
832.5532074018732,0.21286466880912897,0.001,0.0,1.8156961144599748e-06,0.0607674527689839,0.0010765216433629146,True,False
972.4924724660731,0.21286466880912897,0.001,0.0,1.7545146985264992e-06,0.0607674527689839,0.001041613657381645,True,False
1135.9533548066277,0.21286466880912897,0.001,0.0,1.6778999045730103e-06,0.0607674527689839,0.0010237329499314099,True,False
1326.889473009725,0.21286466880912897,0.001,0.0,1.581521635984906e-06,0.0607674527689839,0.0010143583772853617,True,False
1549.918987548337,0.21286466880912897,0.001,0.0,1.472209945063696e-06,0.0607674527689839,0.0010092242425092648,True,False
1810.4362999534146,0.21286466880912897,0.001,0.0,1.3587736464870659e-06,0.0607674527689839,0.001006265120785276,True,False
2114.7425268811285,0.21286466880912897,0.001,0.0,1.248059207092922e-06,0.0607674527689839,0.0010044684406944606,True,False
2470.1979048446246,0.21286466880912897,0.001,0.0,1.143945326353979e-06,0.0607674527689839,0.0010033214668242465,True,False
2885.3998118144273,0.21286466880912897,0.001,0.0,1.0477693789257003e-06,0.0607674527689839,0.0010025540580108619,True,False
3370.3907114852836,0.21286466880912897,0.001,0.0,9.592247484091487e-07,0.0607674527689839,0.0010020179706333723,True,False
3936.9010497450113,0.21286466880912897,0.001,0.0,8.772102452203612e-07,0.0607674527689839,0.0010016286308511804,True,False
4598.632978267703,0.21286466880912897,0.001,0.0,8.004376529369139e-07,0.0607674527689839,0.0010013360217410163,True,False
5371.591767636877,0.21286466880912897,0.001,0.0,7.277862782428812e-07,0.0607674527689839,0.0010011095643838166,True,False
6274.472925867966,0.21286466880912897,0.001,0.0,6.584634695272484e-07,0.0607674527689839,0.0010009299706298371,True,False
7329.114385542688,0.21286466880912897,0.001,0.0,5.920385537372397e-07,0.0607674527689839,0.0010007847004507289,True,False
8561.024696578494,0.21286466880912897,0.001,0.0,5.284038667729973e-07,0.0607674527689839,0.0010006653513463517,True,False
10000.0,0.21286466880912897,0.001,0.0,4.676993400343221e-07,0.0607674527689839,0.0010005661184359074,True,False
20.0,0.2654206147141456,0.001,0.0,5.374143967208482e-07,0.0779618084708701,0.001048374962530482,True,False
23.361689410840295,0.2654206147141456,0.001,0.0,7.182357415406028e-07,0.0779618084708701,0.0010565336158320684,True,False
27.288426606428374,0.2654206147141456,0.001,0.0,9.552168823606156e-07,0.0779618084708701,0.0010660787998636675,True,False
31.87518734449451,0.2654206147141456,0.001,0.0,1.2624341970523655e-06,0.0779618084708701,0.001077252137473949,True,False
37.23291133272139,0.2654206147141456,0.001,0.0,1.6549125491576258e-06,0.0779618084708701,0.0010903407681540048,True,False
43.49118552081964,0.2654206147141456,0.001,0.0,2.146377857324927e-06,0.0779618084708701,0.001105687817560575,True,False
50.80137841233114,0.2654206147141456,0.001,0.0,2.744931206093517e-06,0.0779618084708701,0.00112370623082144,True,False
59.34030120557235,0.2654206147141456,0.001,0.0,3.4459627777392926e-06,0.0779618084708701,0.0011448974060044655,True,False
69.31448431551465,0.2654206147141456,0.001,0.0,4.22278312522549e-06,0.0779618084708701,0.0011698766980801766,True,False
80.9651727125807,0.2654206147141456,0.001,0.0,5.018945828113501e-06,0.0779618084708701,0.0011994086210219735,True,False
94.5741609003176,0.2654206147141456,0.001,0.0,5.752256275924237e-06,0.0779618084708701,0.0012344550906020508,True,False
110.47060866220276,0.2654206147141456,0.001,0.0,6.34243241964187e-06,0.0779618084708701,0.0012762389270551864,True,False
129.0390024296432,0.2654206147141456,0.001,0.0,6.755193513590784e-06,0.0779618084708701,0.0013263175498053148,True,False
150.72845483229952,0.2654206147141456,0.001,0.0,7.015979118726607e-06,0.0779618084708701,0.0013866348279894798,True,False
176.06356735840254,0.2654206147141456,0.001,0.0,7.15640569128994e-06,0.0779618084708701,0.0014594348036245774,True,False
205.65711885957793,0.2654206147141456,0.001,0.0,7.156023570605019e-06,0.0779618084708701,0.0015466858421865114,True,False
240.22488679628626,0.2654206147141456,0.001,0.0,6.967159550411162e-06,0.0779618084708701,0.001648099363108768,True,False
280.60295970445543,0.2654206147141456,0.001,0.0,6.575847111223165e-06,0.0779618084708701,0.0017558847657853432,True,False
327.76795961890105,0.2654206147141456,0.001,0.0,5.975340954339492e-06,0.0779618084708701,0.0018446915480632145,True,False
382.86066357208045,0.2654206147141456,0.001,0.0,5.107947836230364e-06,0.0779618084708701,0.0018641234123785702,True,False
447.213595499958,0.2654206147141456,0.001,0.0,4.0187355610510345e-06,0.0779618084708701,0.0017636849052060635,True,False
450.0,0.2654206147141456,0.001,0.0,3.9742028762335124e-06,0.0779618084708701,0.0017570733094469096,True,False
460.0,0.2654206147141456,0.001,0.0,3.817949811357746e-06,0.0779618084708701,0.0017323233796068807,True,False
470.0,0.2654206147141456,0.001,0.0,3.6678787729838014e-06,0.0779618084708701,0.001706236223743495,True,False
480.0,0.2654206147141456,0.001,0.0,3.5246474847094866e-06,0.0779618084708701,0.0016791492859683501,True,False
490.0,0.2654206147141456,0.001,0.0,3.3887505043739274e-06,0.0779618084708701,0.0016513854169296618,True,False
500.0,0.2654206147141456,0.001,0.0,3.2605242134553514e-06,0.0779618084708701,0.001623246291024393,True,False
510.0,0.2654206147141456,0.001,0.0,3.140157190606452e-06,0.0779618084708701,0.0015950074629694768,True,False
520.0,0.2654206147141456,0.001,0.0,3.027704455038638e-06,0.0779618084708701,0.0015669150451372285,True,False
522.3832559187591,0.2654206147141456,0.001,0.0,3.0020673416064625e-06,0.0779618084708701,0.001560265829326445,True,False
530.0,0.2654206147141456,0.001,0.0,2.923104182483982e-06,0.0779618084708701,0.00153918389176294,True,False
540.0,0.2654206147141456,0.001,0.0,2.8261956594999305e-06,0.0779618084708701,0.0015119971086441355,True,False
550.0,0.2654206147141456,0.001,0.0,2.7367373844899845e-06,0.0779618084708701,0.0014855066669808839,True,False
560.0,0.2654206147141456,0.001,0.0,2.6544245362858376e-06,0.0779618084708701,0.00145983488454171,True,False
570.0,0.2654206147141456,0.001,0.0,2.578905175409929e-06,0.0779618084708701,0.0014350765415808145,True,False
580.0,0.2654206147141456,0.001,0.0,2.5097948123109504e-06,0.0779618084708701,0.0014113014175236574,True,False
590.0,0.2654206147141456,0.001,0.0,2.4466891278551728e-06,0.0779618084708701,0.001388557062110717,True,False
600.0,0.2654206147141456,0.001,0.0,2.38917473738276e-06,0.0779618084708701,0.0013668716468683275,True,False
610.0,0.2654206147141456,0.001,0.0,2.336838092142912e-06,0.0779618084708701,0.001346256775842435,True,False
610.1877689098774,0.2654206147141456,0.001,0.0,2.3359022631730397e-06,0.0779618084708701,0.0013458799369147059,True,False
620.0,0.2654206147141456,0.001,0.0,2.2892726080359083e-06,0.0779618084708701,0.0013267101658879224,True,False
630.0,0.2654206147141456,0.001,0.0,2.2460841677673926e-06,0.0779618084708701,0.0013082181347354718,True,False
640.0,0.2654206147141456,0.001,0.0,2.206895205358883e-06,0.0779618084708701,0.0012907578587835191,True,False
650.0,0.2654206147141456,0.001,0.0,2.171347591728434e-06,0.0779618084708701,0.0012742993817015371,True,False
712.7508569783073,0.2654206147141456,0.001,0.0,2.0120513054555644e-06,0.0779618084708701,0.0011914247106206135,True,False
832.5532074018732,0.2654206147141456,0.001,0.0,1.8691601870735042e-06,0.0779618084708701,0.0011022230837344207,True,False
972.4924724660731,0.2654206147141456,0.001,0.0,1.7816829813721569e-06,0.0779618084708701,0.001055591952296652,True,False
1135.9533548066277,0.2654206147141456,0.001,0.0,1.6941262335201657e-06,0.0779618084708701,0.0010317056132228544,True,False
1326.889473009725,0.2654206147141456,0.001,0.0,1.592651381332466e-06,0.0779618084708701,0.0010191820844943624,True,False
1549.918987548337,0.2654206147141456,0.001,0.0,1.480461531033761e-06,0.0779618084708701,0.0010123232534451345,True,False
1810.4362999534146,0.2654206147141456,0.001,0.0,1.3650504112616701e-06,0.0779618084708701,0.0010083700311043211,True,False
2114.7425268811285,0.2654206147141456,0.001,0.0,1.2528068267236847e-06,0.0779618084708701,0.00100596974353817,True,False
2470.1979048446246,0.2654206147141456,0.001,0.0,1.147448079885649e-06,0.0779618084708701,0.001004437424818815,True,False
2885.3998118144273,0.2654206147141456,0.001,0.0,1.050243068845269e-06,0.0779618084708701,0.0010034121868759396,True,False
3370.3907114852836,0.2654206147141456,0.001,0.0,9.608441562392045e-07,0.0779618084708701,0.0010026959853989261,True,False
3936.9010497450113,0.2654206147141456,0.001,0.0,8.781192846196717e-07,0.0779618084708701,0.0010021758340549294,True,False
4598.632978267703,0.2654206147141456,0.001,0.0,8.007562900536058e-07,0.0779618084708701,0.0010017849123684633,True,False
5371.591767636877,0.2654206147141456,0.001,0.0,7.276167224290475e-07,0.0779618084708701,0.0010014823680056786,True,False
6274.472925867966,0.2654206147141456,0.001,0.0,6.578954908631474e-07,0.0779618084708701,0.001001242432591253,True,False
7329.114385542688,0.2654206147141456,0.001,0.0,5.911534350921954e-07,0.0779618084708701,0.0010010483529728767,True,False
8561.024696578494,0.2654206147141456,0.001,0.0,5.272767336084172e-07,0.0779618084708701,0.0010008889035949533,True,False
10000.0,0.2654206147141456,0.001,0.0,4.6640011519549773e-07,0.0779618084708701,0.001000756329245566,True,False
20.0,0.3309525395142214,0.001,0.0,8.677577150088096e-07,0.10113832285032072,0.0010662255791384703,True,False
23.361689410840295,0.3309525395142214,0.001,0.0,1.1578305796394923e-06,0.10113832285032072,0.0010773945855063233,True,False
27.288426606428374,0.3309525395142214,0.001,0.0,1.536802728313569e-06,0.10113832285032072,0.0010904616347442017,True,False
31.87518734449451,0.3309525395142214,0.001,0.0,2.0261972748595583e-06,0.10113832285032072,0.001105757456734853,True,False
37.23291133272139,0.3309525395142214,0.001,0.0,2.648440068007702e-06,0.10113832285032072,0.0011236750726139144,True,False
43.49118552081964,0.3309525395142214,0.001,0.0,3.423069951932387e-06,0.10113832285032072,0.001144684118952243,True,False
50.80137841233114,0.3309525395142214,0.001,0.0,4.359762024526599e-06,0.10113832285032072,0.0011693497731765953,True,False
59.34030120557235,0.3309525395142214,0.001,0.0,5.447375002497808e-06,0.10113832285032072,0.0011983582447280712,True,False
69.31448431551465,0.3309525395142214,0.001,0.0,6.640271172765155e-06,0.10113832285032072,0.0012325516631969172,True,False
80.9651727125807,0.3309525395142214,0.001,0.0,7.848649045101054e-06,0.10113832285032072,0.0012729762295397408,True,False
94.5741609003176,0.3309525395142214,0.001,0.0,8.948207645797634e-06,0.10113832285032072,0.0013209481982722653,True,False
110.47060866220276,0.3309525395142214,0.001,0.0,9.825410353521977e-06,0.10113832285032072,0.0013781407157044453,True,False
129.0390024296432,0.3309525395142214,0.001,0.0,1.044332102130693e-05,0.10113832285032072,0.0014466845568894262,True,False
150.72845483229952,0.3309525395142214,0.001,0.0,1.0855133751999212e-05,0.10113832285032072,0.0015292388804934573,True,False
176.06356735840254,0.3309525395142214,0.001,0.0,1.1113606114891879e-05,0.10113832285032072,0.0016288728087163994,True,False
205.65711885957793,0.3309525395142214,0.001,0.0,1.1175901716927242e-05,0.10113832285032072,0.0017482768372066469,True,False
240.22488679628626,0.3309525395142214,0.001,0.0,1.0936841523111196e-05,0.10113832285032072,0.0018870509346756046,True,False
280.60295970445543,0.3309525395142214,0.001,0.0,1.0322046269078955e-05,0.10113832285032072,0.0020345273452493226,True,False
327.76795961890105,0.3309525395142214,0.001,0.0,9.276321061457704e-06,0.10113832285032072,0.0021560117993209412,True,False
382.86066357208045,0.3309525395142214,0.001,0.0,7.72476714827608e-06,0.10113832285032072,0.0021825516918406998,True,False
447.213595499958,0.3309525395142214,0.001,0.0,5.797090653569814e-06,0.10113832285032072,0.0020450771572743656,True,False
450.0,0.3309525395142214,0.001,0.0,5.718692127731906e-06,0.10113832285032072,0.002036029142003958,True,False
460.0,0.3309525395142214,0.001,0.0,5.443722050357813e-06,0.10113832285032072,0.002002159253650714,True,False
470.0,0.3309525395142214,0.001,0.0,5.179719812176131e-06,0.10113832285032072,0.0019664601478112656,True,False
480.0,0.3309525395142214,0.001,0.0,4.927741973026478e-06,0.10113832285032072,0.0019293934852202535,True,False
490.0,0.3309525395142214,0.001,0.0,4.6885745405012e-06,0.10113832285032072,0.0018914009539299772,True,False
500.0,0.3309525395142214,0.001,0.0,4.462743001809599e-06,0.10113832285032072,0.0018528952662846257,True,False
510.0,0.3309525395142214,0.001,0.0,4.250530502236671e-06,0.10113832285032072,0.0018142533982371525,True,False
520.0,0.3309525395142214,0.001,0.0,4.052001915111347e-06,0.10113832285032072,0.0017758120454854911,True,False
522.3832559187591,0.3309525395142214,0.001,0.0,4.006696467773185e-06,0.10113832285032072,0.0017667133492271772,True,False
530.0,0.3309525395142214,0.001,0.0,3.867031621695993e-06,0.10113832285032072,0.0017378651406093062,True,False
540.0,0.3309525395142214,0.001,0.0,3.695333060549366e-06,0.10113832285032072,0.001700663183093142,True,False
550.0,0.3309525395142214,0.001,0.0,3.536488425548434e-06,0.10113832285032072,0.00166441407949136,True,False
560.0,0.3309525395142214,0.001,0.0,3.3899772017287333e-06,0.10113832285032072,0.001629285169835625,True,False
570.0,0.3309525395142214,0.001,0.0,3.255202605800811e-06,0.10113832285032072,0.0015954061221991047,True,False
580.0,0.3309525395142214,0.001,0.0,3.1315153379285476e-06,0.10113832285032072,0.0015628724027606502,True,False
590.0,0.3309525395142214,0.001,0.0,3.018234276397358e-06,0.10113832285032072,0.001531749066549736,True,False
600.0,0.3309525395142214,0.001,0.0,2.914664040010173e-06,0.10113832285032072,0.0015020746580688407,True,False
610.0,0.3309525395142214,0.001,0.0,2.820109476608934e-06,0.10113832285032072,0.001473865056213274,True,False
610.1877689098774,0.3309525395142214,0.001,0.0,2.818415841820965e-06,0.10113832285032072,0.0014733493846519332,True,False
620.0,0.3309525395142214,0.001,0.0,2.7338872579107942e-06,0.10113832285032072,0.0014471171407747221,True,False
630.0,0.3309525395142214,0.001,0.0,2.6553348436708646e-06,0.10113832285032072,0.001421812196048199,True,False
640.0,0.3309525395142214,0.001,0.0,2.58381715934064e-06,0.10113832285032072,0.0013979189994623989,True,False
650.0,0.3309525395142214,0.001,0.0,2.5187312849839216e-06,0.10113832285032072,0.0013753965693795714,True,False
712.7508569783073,0.3309525395142214,0.001,0.0,2.22444754993667e-06,0.10113832285032072,0.0012619853284365759,True,False
832.5532074018732,0.3309525395142214,0.001,0.0,1.9632942472869175e-06,0.10113832285032072,0.0011399100310299773,True,False
972.4924724660731,0.3309525395142214,0.001,0.0,1.8273637171217771e-06,0.10113832285032072,0.001076090150470387,True,False
1135.9533548066277,0.3309525395142214,0.001,0.0,1.7196394708207663e-06,0.10113832285032072,0.0010433975273970155,True,False
1326.889473009725,0.3309525395142214,0.001,0.0,1.6089769350191574e-06,0.10113832285032072,0.0010262562944478573,True,False
1549.918987548337,0.3309525395142214,0.001,0.0,1.4918952558895526e-06,0.10113832285032072,0.0010168682184836788,True,False
1810.4362999534146,0.3309525395142214,0.001,0.0,1.373385962843976e-06,0.10113832285032072,0.0010114571142393327,True,False
2114.7425268811285,0.3309525395142214,0.001,0.0,1.25890941315987e-06,0.10113832285032072,0.0010081715954013406,True,False
2470.1979048446246,0.3309525395142214,0.001,0.0,1.1518248539399423e-06,0.10113832285032072,0.0010060741325116354,True,False
2885.3998118144273,0.3309525395142214,0.001,0.0,1.053242842163904e-06,0.10113832285032072,0.0010046707591478956,True,False
3370.3907114852836,0.3309525395142214,0.001,0.0,9.627285726399037e-07,0.10113832285032072,0.0010036903974681701,True,False
3936.9010497450113,0.3309525395142214,0.001,0.0,8.790928398560993e-07,0.10113832285032072,0.0010029783929230698,True,False
4598.632978267703,0.3309525395142214,0.001,0.0,8.009834635558377e-07,0.10113832285032072,0.001002443281482023,True,False
5371.591767636877,0.3309525395142214,0.001,0.0,7.27234192199333e-07,0.10113832285032072,0.001002029143962079,True,False
6274.472925867966,0.3309525395142214,0.001,0.0,6.57021088534826e-07,0.10113832285032072,0.0010017007080808096,True,False
7329.114385542688,0.3309525395142214,0.001,0.0,5.898923509661813e-07,0.10113832285032072,0.001001435041663611,True,False
8561.024696578494,0.3309525395142214,0.001,0.0,5.257251102230853e-07,0.10113832285032072,0.0010012167787946105,True,False
10000.0,0.3309525395142214,0.001,0.0,4.6464670111490136e-07,0.10113832285032072,0.001001035303838659,True,False
20.0,0.4126641916223205,0.001,0.0,1.5358357472384143e-06,0.13326024062241965,0.001094062211953951,True,False
23.361689410840295,0.4126641916223205,0.001,0.0,2.0436069124685446e-06,0.13326024062241965,0.0011099253764459505,True,False
27.288426606428374,0.4126641916223205,0.001,0.0,2.703519005597618e-06,0.13326024062241965,0.0011284841122810143,True,False
31.87518734449451,0.4126641916223205,0.001,0.0,3.55023657881492e-06,0.13326024062241965,0.001150208047672449,True,False
37.23291133272139,0.4126641916223205,0.001,0.0,4.618327231153919e-06,0.13326024062241965,0.0011756552379002328,True,False
43.49118552081964,0.4126641916223205,0.001,0.0,5.9352156548932926e-06,0.13326024062241965,0.0012054924912331287,True,False
50.80137841233114,0.4126641916223205,0.001,0.0,7.509043544661528e-06,0.13326024062241965,0.0012405222217252599,True,False
59.34030120557235,0.4126641916223205,0.001,0.0,9.310868687822309e-06,0.13326024062241965,0.001281718614889497,True,False
69.31448431551465,0.4126641916223205,0.001,0.0,1.1254540221920513e-05,0.13326024062241965,0.0013302771207851752,True,False
80.9651727125807,0.4126641916223205,0.001,0.0,1.3186622825090972e-05,0.13326024062241965,0.001387682754709877,True,False
94.5741609003176,0.4126641916223205,0.001,0.0,1.491076017298221e-05,0.13326024062241965,0.0014558036755267167,True,False
110.47060866220276,0.4126641916223205,0.001,0.0,1.6267426428806693e-05,0.13326024062241965,0.0015370143094926006,True,False
129.0390024296432,0.4126641916223205,0.001,0.0,1.7235711359765357e-05,0.13326024062241965,0.0016343380948293407,True,False
150.72845483229952,0.4126641916223205,0.001,0.0,1.793757134234712e-05,0.13326024062241965,0.0017515474710762253,True,False
176.06356735840254,0.4126641916223205,0.001,0.0,1.8471968301352233e-05,0.13326024062241965,0.001892995005618129,True,False
205.65711885957793,0.4126641916223205,0.001,0.0,1.8748028508503572e-05,0.13326024062241965,0.002062492785373159,True,False
240.22488679628626,0.4126641916223205,0.001,0.0,1.853226987040199e-05,0.13326024062241965,0.0022594616607688215,True,False
280.60295970445543,0.4126641916223205,0.001,0.0,1.76058101722526e-05,0.13326024062241965,0.0024687446391618356,True,False
327.76795961890105,0.4126641916223205,0.001,0.0,1.57897243922428e-05,0.13326024062241965,0.002641088093297202,True,False
382.86066357208045,0.4126641916223205,0.001,0.0,1.295300246137443e-05,0.13326024062241965,0.0026786454595102696,True,False
447.213595499958,0.4126641916223205,0.001,0.0,9.385548665252763e-06,0.13326024062241965,0.002483444458995342,True,False
450.0,0.4126641916223205,0.001,0.0,9.240021097978168e-06,0.13326024062241965,0.0024706005762993857,True,False
460.0,0.4126641916223205,0.001,0.0,8.729288755338072e-06,0.13326024062241965,0.0024225226759311816,True,False
470.0,0.4126641916223205,0.001,0.0,8.238410560357234e-06,0.13326024062241965,0.0023718498932757673,True,False
480.0,0.4126641916223205,0.001,0.0,7.769343665531281e-06,0.13326024062241965,0.0023192372711389733,True,False
490.0,0.4126641916223205,0.001,0.0,7.323551850735299e-06,0.13326024062241965,0.0022653114974688906,True,False
500.0,0.4126641916223205,0.001,0.0,6.902025109001286e-06,0.13326024062241965,0.0022106581376376546,True,False
510.0,0.4126641916223205,0.001,0.0,6.505313192850526e-06,0.13326024062241965,0.0021558120472792144,True,False
520.0,0.4126641916223205,0.001,0.0,6.133569314004106e-06,0.13326024062241965,0.0021012509292972483,True,False
522.3832559187591,0.4126641916223205,0.001,0.0,6.04864285125295e-06,0.13326024062241965,0.002088336877862861,True,False
530.0,0.4126641916223205,0.001,0.0,5.786600270063502e-06,0.13326024062241965,0.0020473918139305982,True,False
540.0,0.4126641916223205,0.001,0.0,5.463919619197455e-06,0.13326024062241965,0.0019945901099240873,True,False
550.0,0.4126641916223205,0.001,0.0,5.164801064272417e-06,0.13326024062241965,0.0019431407974265227,True,False
560.0,0.4126641916223205,0.001,0.0,4.888329770413868e-06,0.13326024062241965,0.0018932813032488385,True,False
570.0,0.4126641916223205,0.001,0.0,4.633449966151559e-06,0.13326024062241965,0.0018451956073780576,True,False
580.0,0.4126641916223205,0.001,0.0,4.39900774329427e-06,0.13326024062241965,0.0017990191657032409,True,False
590.0,0.4126641916223205,0.001,0.0,4.183788429590329e-06,0.13326024062241965,0.0017548442875721095,True,False
600.0,0.4126641916223205,0.001,0.0,3.986548386403221e-06,0.13326024062241965,0.001712725669207881,True,False
610.0,0.4126641916223205,0.001,0.0,3.806041282694572e-06,0.13326024062241965,0.00167268584814828,True,False
610.1877689098774,0.4126641916223205,0.001,0.0,3.8028040159066023e-06,0.13326024062241965,0.0016719539173094536,True,False
620.0,0.4126641916223205,0.001,0.0,3.6410392216801313e-06,0.13326024062241965,0.001634720404655953,True,False
630.0,0.4126641916223205,0.001,0.0,3.490349159696038e-06,0.13326024062241965,0.0015988027902665838,True,False
640.0,0.4126641916223205,0.001,0.0,3.352825193925213e-06,0.13326024062241965,0.001564888709595257,True,False
650.0,0.4126641916223205,0.001,0.0,3.2273772699875636e-06,0.13326024062241965,0.001532920018712968,True,False
712.7508569783073,0.4126641916223205,0.001,0.0,2.6564892082747704e-06,0.13326024062241965,0.001371937307605319,True,False
832.5532074018732,0.4126641916223205,0.001,0.0,2.1515282954132076e-06,0.13326024062241965,0.0011986434272963633,True,False
972.4924724660731,0.4126641916223205,0.001,0.0,1.9149670237306182e-06,0.13326024062241965,0.00110803879381438,True,False
1135.9533548066277,0.4126641916223205,0.001,0.0,1.7652758579345118e-06,0.13326024062241965,0.0010616219532011409,True,False
1326.889473009725,0.4126641916223205,0.001,0.0,1.6358321109910534e-06,0.13326024062241965,0.001037283582316583,True,False
1549.918987548337,0.4126641916223205,0.001,0.0,1.5092777101433086e-06,0.13326024062241965,0.0010239531749404165,True,False
1810.4362999534146,0.4126641916223205,0.001,0.0,1.3852609588305143e-06,0.13326024062241965,0.001016269562300053,True,False
2114.7425268811285,0.4126641916223205,0.001,0.0,1.2671577702683123e-06,0.13326024062241965,0.0010116041189743843,True,False
2470.1979048446246,0.4126641916223205,0.001,0.0,1.1574733507213608e-06,0.13326024062241965,0.0010086256694468157,True,False
2885.3998118144273,0.4126641916223205,0.001,0.0,1.0569308690477897e-06,0.13326024062241965,0.001006632820145569,True,False
3370.3907114852836,0.4126641916223205,0.001,0.0,9.648934201633708e-07,0.13326024062241965,0.0010052406524856386,True,False
3936.9010497450113,0.4126641916223205,0.001,0.0,8.800523193519538e-07,0.13326024062241965,0.0010042295597683095,True,False
4598.632978267703,0.4126641916223205,0.001,0.0,8.009795957608645e-07,0.13326024062241965,0.001003469662845368,True,False
5371.591767636877,0.4126641916223205,0.001,0.0,7.264598694822766e-07,0.13326024062241965,0.001002881555438039,True,False
6274.472925867966,0.4126641916223205,0.001,0.0,6.556373429722484e-07,0.13326024062241965,0.0010024151497856062,True,False
7329.114385542688,0.4126641916223205,0.001,0.0,5.880392813795154e-07,0.13326024062241965,0.0010020378812162214,True,False
8561.024696578494,0.4126641916223205,0.001,0.0,5.235283155879955e-07,0.13326024062241965,0.0010017279293211825,True,False
10000.0,0.4126641916223205,0.001,0.0,4.622202010029497e-07,0.13326024062241965,0.0010014702192486782,True,False
20.0,0.5145503198049509,0.001,0.0,3.12421137401743e-06,0.17972945639719132,0.0011418952102728234,True,False
23.361689410840295,0.5145503198049509,0.001,0.0,4.135977985657356e-06,0.17972945639719132,0.0011658238543233842,True,False
27.288426606428374,0.5145503198049509,0.001,0.0,5.438209748960955e-06,0.17972945639719132,0.001193818117782493,True,False
31.87518734449451,0.5145503198049509,0.001,0.0,7.0894617576360876e-06,0.17972945639719132,0.0012265861419974784,True,False
37.23291133272139,0.5145503198049509,0.001,0.0,9.142744604505022e-06,0.17972945639719132,0.0012649693407206387,True,False
43.49118552081964,0.5145503198049509,0.001,0.0,1.1630675453485023e-05,0.17972945639719132,0.001309973012664208,True,False
50.80137841233114,0.5145503198049509,0.001,0.0,1.4542462478121972e-05,0.17972945639719132,0.0013628067782465796,True,False
59.34030120557235,0.5145503198049509,0.001,0.0,1.7794053754716078e-05,0.17972945639719132,0.001424939032320747,True,False
69.31448431551465,0.5145503198049509,0.001,0.0,2.1200879749199027e-05,0.17972945639719132,0.0014981714514309425,True,False
80.9651727125807,0.5145503198049509,0.001,0.0,2.4477655797880806e-05,0.17972945639719132,0.0015847417942502014,True,False
94.5741609003176,0.5145503198049509,0.001,0.0,2.73042141043533e-05,0.17972945639719132,0.001687464709142487,True,False
110.47060866220276,0.5145503198049509,0.001,0.0,2.9477753909872874e-05,0.17972945639719132,0.0018099169127561978,True,False
129.0390024296432,0.5145503198049509,0.001,0.0,3.1072677921788194e-05,0.17972945639719132,0.00195665165667472,True,False
150.72845483229952,0.5145503198049509,0.001,0.0,3.240241956497169e-05,0.17972945639719132,0.002133348255594198,True,False
176.06356735840254,0.5145503198049509,0.001,0.0,3.3686037734645055e-05,0.17972945639719132,0.0023465555862367676,True,False
205.65711885957793,0.5145503198049509,0.001,0.0,3.472555057865319e-05,0.17972945639719132,0.0026020002058921394,True,False
240.22488679628626,0.5145503198049509,0.001,0.0,3.496686618979783e-05,0.17972945639719132,0.002898780092858713,True,False
280.60295970445543,0.5145503198049509,0.001,0.0,3.378793311012429e-05,0.17972945639719132,0.003214017026979584,True,False
327.76795961890105,0.5145503198049509,0.001,0.0,3.062516983602659e-05,0.17972945639719132,0.003473472116031966,True,False
382.86066357208045,0.5145503198049509,0.001,0.0,2.512241294669315e-05,0.17972945639719132,0.0035297714632561697,True,False
447.213595499958,0.5145503198049509,0.001,0.0,1.788890008558308e-05,0.17972945639719132,0.003235456913630418,True,False
450.0,0.5145503198049509,0.001,0.0,1.7589600136924677e-05,0.17972945639719132,0.0032161004609040913,True,False
460.0,0.5145503198049509,0.001,0.0,1.653697781600627e-05,0.17972945639719132,0.0031436475916039033,True,False
470.0,0.5145503198049509,0.001,0.0,1.5522061895423267e-05,0.17972945639719132,0.00306728858017291,True,False
480.0,0.5145503198049509,0.001,0.0,1.4549318063439287e-05,0.17972945639719132,0.0029880098475509867,True,False
490.0,0.5145503198049509,0.001,0.0,1.3622172178484604e-05,0.17972945639719132,0.0029067550742564166,True,False
500.0,0.5145503198049509,0.001,0.0,1.2743048555308167e-05,0.17972945639719132,0.00282440599048167,True,False
510.0,0.5145503198049509,0.001,0.0,1.1913437147903494e-05,0.17972945639719132,0.0027417679530069563,True,False
520.0,0.5145503198049509,0.001,0.0,1.1133982048050495e-05,0.17972945639719132,0.0026595602536759735,True,False
522.3832559187591,0.5145503198049509,0.001,0.0,1.0955622299746448e-05,0.17972945639719132,0.0026401026392925955,True,False
530.0,0.5145503198049509,0.001,0.0,1.0404583795309286e-05,0.17972945639719132,0.0025784108264073615,True,False
540.0,0.5145503198049509,0.001,0.0,9.724508609032512e-06,0.17972945639719132,0.002498854822996387,True,False
550.0,0.5145503198049509,0.001,0.0,9.092498675089544e-06,0.17972945639719132,0.0024213364115531757,True,False
560.0,0.5145503198049509,0.001,0.0,8.506878745428992e-06,0.17972945639719132,0.002346213106378058,True,False
570.0,0.5145503198049509,0.001,0.0,7.96565556893114e-06,0.17972945639719132,0.0022737619505303055,True,False
580.0,0.5145503198049509,0.001,0.0,7.466607762629529e-06,0.17972945639719132,0.0022041869266040673,True,False
590.0,0.5145503198049509,0.001,0.0,7.007364813405026e-06,0.17972945639719132,0.002137627051964074,True,False
600.0,0.5145503198049509,0.001,0.0,6.585474674247749e-06,0.17972945639719132,0.002074164708582237,True,False
610.0,0.5145503198049509,0.001,0.0,6.198460088202573e-06,0.17972945639719132,0.002013833854088708,True,False
610.1877689098774,0.5145503198049509,0.001,0.0,6.191510852349147e-06,0.17972945639719132,0.0020127309943086527,True,False
620.0,0.5145503198049509,0.001,0.0,5.843864281818156e-06,0.17972945639719132,0.001956627852105374,True,False
630.0,0.5145503198049509,0.001,0.0,5.519286880417695e-06,0.17972945639719132,0.0019025067415018295,True,False
640.0,0.5145503198049509,0.001,0.0,5.2224112020438085e-06,0.17972945639719132,0.0018514038333534702,True,False
650.0,0.5145503198049509,0.001,0.0,4.951024033084117e-06,0.17972945639719132,0.0018032315803425672,True,False
712.7508569783073,0.5145503198049509,0.001,0.0,3.7084113221341752e-06,0.17972945639719132,0.0015606406526763586,True,False
832.5532074018732,0.5145503198049509,0.001,0.0,2.6058983955135062e-06,0.17972945639719132,0.0012994642294739114,True,False
972.4924724660731,0.5145503198049509,0.001,0.0,2.1201317873531522e-06,0.17972945639719132,0.0011628902193754334,True,False
1135.9533548066277,0.5145503198049509,0.001,0.0,1.8659738578730156e-06,0.17972945639719132,0.0010929145417644106,True,False
1326.889473009725,0.5145503198049509,0.001,0.0,1.6902763245729702e-06,0.17972945639719132,0.0010562198177215256,True,False
1549.918987548337,0.5145503198049509,0.001,0.0,1.5413507076234012e-06,0.17972945639719132,0.001036120311720067,True,False
1810.4362999534146,0.5145503198049509,0.001,0.0,1.405302129109387e-06,0.17972945639719132,0.0010245344245826118,True,False
2114.7425268811285,0.5145503198049509,0.001,0.0,1.2800207295216026e-06,0.17972945639719132,0.0010174992823298581,True,False
2470.1979048446246,0.5145503198049509,0.001,0.0,1.1656715532826212e-06,0.17972945639719132,0.0010130078771314324,True,False
2885.3998118144273,0.5145503198049509,0.001,0.0,1.0618994100708434e-06,0.17972945639719132,0.0010100026624494376,True,False
3370.3907114852836,0.5145503198049509,0.001,0.0,9.675228206385e-07,0.17972945639719132,0.0010079032419786351,True,False
3936.9010497450113,0.5145503198049509,0.001,0.0,8.809334791637369e-07,0.17972945639719132,0.001006378473077051,True,False
4598.632978267703,0.5145503198049509,0.001,0.0,8.005282351453147e-07,0.17972945639719132,0.0010052325075203808,True,False
5371.591767636877,0.5145503198049509,0.001,0.0,7.249854331314864e-07,0.17972945639719132,0.0010043456041333157,True,False
6274.472925867966,0.5145503198049509,0.001,0.0,6.533834719935072e-07,0.17972945639719132,0.001003642231573009,True,False
7329.114385542688,0.5145503198049509,0.001,0.0,5.852077602508388e-07,0.17972945639719132,0.001003073282303201,True,False
8561.024696578494,0.5145503198049509,0.001,0.0,5.202928466951917e-07,0.17972945639719132,0.001002605850752957,True,False
10000.0,0.5145503198049509,0.001,0.0,4.5873353438086184e-07,0.17972945639719132,0.0010022172035376578,True,False
20.0,0.6415919699029601,0.001,0.0,7.927207442010259e-06,0.2520384490834558,0.0012396198743055396,True,False
23.361689410840295,0.6415919699029601,0.001,0.0,1.0381427500961342e-05,0.2520384490834558,0.0012800238003596153,True,False
27.288426606428374,0.6415919699029601,0.001,0.0,1.3476487711077854e-05,0.2520384490834558,0.0013272909032365188,True,False
31.87518734449451,0.6415919699029601,0.001,0.0,1.730608321765003e-05,0.2520384490834558,0.0013826159778433426,True,False
37.23291133272139,0.6415919699029601,0.001,0.0,2.1930258011758526e-05,0.2520384490834558,0.0014474184567889491,True,False
43.49118552081964,0.6415919699029601,0.001,0.0,2.7340390204529216e-05,0.2520384490834558,0.0015233939351852906,True,False
50.80137841233114,0.6415919699029601,0.001,0.0,3.341465911575194e-05,0.2520384490834558,0.001612582210734149,True,False
59.34030120557235,0.6415919699029601,0.001,0.0,3.9874749284611426e-05,0.2520384490834558,0.0017174588801078538,True,False
69.31448431551465,0.6415919699029601,0.001,0.0,4.627060667478501e-05,0.2520384490834558,0.0018410606288566224,True,False
80.9651727125807,0.6415919699029601,0.001,0.0,5.204038339224866e-05,0.2520384490834558,0.0019871580300939795,True,False
94.5741609003176,0.6415919699029601,0.001,0.0,5.669715715271866e-05,0.2520384490834558,0.0021604920970746916,True,False
110.47060866220276,0.6415919699029601,0.001,0.0,6.013150365138465e-05,0.2520384490834558,0.0023670850814962547,True,False
129.0390024296432,0.6415919699029601,0.001,0.0,6.284262365217593e-05,0.2520384490834558,0.0026145996654588412,True,False
150.72845483229952,0.6415919699029601,0.001,0.0,6.574629380236242e-05,0.2520384490834558,0.0029125869789246553,True,False
176.06356735840254,0.6415919699029601,0.001,0.0,6.94496165722135e-05,0.2520384490834558,0.0032720474402724445,True,False
205.65711885957793,0.6415919699029601,0.001,0.0,7.355161653520813e-05,0.2520384490834558,0.0037025688365720103,True,False
240.22488679628626,0.6415919699029601,0.001,0.0,7.663740669430763e-05,0.2520384490834558,0.00420253062258544,True,False
280.60295970445543,0.6415919699029601,0.001,0.0,7.677176267478769e-05,0.2520384490834558,0.004733252155372721,True,False
327.76795961890105,0.6415919699029601,0.001,0.0,7.187739627398382e-05,0.2520384490834558,0.005169577443866299,True,False
382.86066357208045,0.6415919699029601,0.001,0.0,6.04017375446797e-05,0.2520384490834558,0.005263425871769866,True,False
447.213595499958,0.6415919699029601,0.001,0.0,4.344216632540254e-05,0.2520384490834558,0.004766935087490597,True,False
450.0,0.6415919699029601,0.001,0.0,4.271361377444771e-05,0.2520384490834558,0.0047343125523287,True,False
460.0,0.6415919699029601,0.001,0.0,4.013755580856149e-05,0.2520384490834558,0.004612214668475389,True,False
470.0,0.6415919699029601,0.001,0.0,3.763416426277866e-05,0.2520384490834558,0.004483548951415505,True,False
480.0,0.6415919699029601,0.001,0.0,3.521738507611394e-05,0.2520384490834558,0.004349975246590642,True,False
490.0,0.6415919699029601,0.001,0.0,3.2898444408402394e-05,0.2520384490834558,0.004213081339244528,True,False
500.0,0.6415919699029601,0.001,0.0,3.068590852450814e-05,0.2520384490834558,0.0040743506877097815,True,False
510.0,0.6415919699029601,0.001,0.0,2.8585824789706393e-05,0.2520384490834558,0.00393513820204222,True,False
520.0,0.6415919699029601,0.001,0.0,2.6601924787650333e-05,0.2520384490834558,0.003796653973465346,True,False
522.3832559187591,0.6415919699029601,0.001,0.0,2.6146477720534467e-05,0.2520384490834558,0.0037638766851523222,True,False
530.0,0.6415919699029601,0.001,0.0,2.4735870271963556e-05,0.2520384490834558,0.0036599543940488135,True,False
540.0,0.6415919699029601,0.001,0.0,2.298752381812985e-05,0.2520384490834558,0.003525939776079289,True,False
550.0,0.6415919699029601,0.001,0.0,2.1355228287944783e-05,0.2520384490834558,0.0033953573853847665,True,False
560.0,0.6415919699029601,0.001,0.0,1.983608203814935e-05,0.2520384490834558,0.003268808727411864,True,False
570.0,0.6415919699029601,0.001,0.0,1.8426199814847166e-05,0.2520384490834558,0.0031467599458836473,True,False
580.0,0.6415919699029601,0.001,0.0,1.7120952286120428e-05,0.2520384490834558,0.003029554285029489,True,False
590.0,0.6415919699029601,0.001,0.0,1.5915179819581127e-05,0.2520384490834558,0.0029174257019545227,True,False
600.0,0.6415919699029601,0.001,0.0,1.4803378314054427e-05,0.2520384490834558,0.002810512873394732,True,False
610.0,0.6415919699029601,0.001,0.0,1.3779856799733814e-05,0.2520384490834558,0.00270887300309408,True,False
610.1877689098774,0.6415919699029601,0.001,0.0,1.3761445612492373e-05,0.2520384490834558,0.0027070149811599933,True,False
620.0,0.6415919699029601,0.001,0.0,1.2838867759601413e-05,0.2520384490834558,0.002612494989634561,True,False
630.0,0.6415919699029601,0.001,0.0,1.1974712116447073e-05,0.2520384490834558,0.002521311651535573,True,False
640.0,0.6415919699029601,0.001,0.0,1.118182135839696e-05,0.2520384490834558,0.0024352108226105553,True,False
650.0,0.6415919699029601,0.001,0.0,1.0454819610372645e-05,0.2520384490834558,0.002354045224553513,True,False
712.7508569783073,0.6415919699029601,0.001,0.0,7.096479044066406e-06,0.2520384490834558,0.001945258420995354,True,False
832.5532074018732,0.6415919699029601,0.001,0.0,4.078315648414765e-06,0.2520384490834558,0.0015050389870955297,True,False
972.4924724660731,0.6415919699029601,0.001,0.0,2.778421883342652e-06,0.2520384490834558,0.0012747677545202887,True,False
1135.9533548066277,0.6415919699029601,0.001,0.0,2.1786140304014268e-06,0.2520384490834558,0.001156755091678673,True,False
1326.889473009725,0.6415919699029601,0.001,0.0,1.8497652607418757e-06,0.2520384490834558,0.0010948583331513708,True,False
1549.918987548337,0.6415919699029601,0.001,0.0,1.6283465490429805e-06,0.2520384490834558,0.001060949679646205,True,False
1810.4362999534146,0.6415919699029601,0.001,0.0,1.45527032680004e-06,0.2520384490834558,0.0010414018260008753,True,False
2114.7425268811285,0.6415919699029601,0.001,0.0,1.3095807809282434e-06,0.2520384490834558,0.0010295311460982717,True,False
2470.1979048446246,0.6415919699029601,0.001,0.0,1.1831785519111904e-06,0.2520384490834558,0.0010219521882068863,True,False
2885.3998118144273,0.6415919699029601,0.001,0.0,1.0718556552324898e-06,0.2520384490834558,0.0010168808656764164,True,False
3370.3907114852836,0.6415919699029601,0.001,0.0,9.725144188843515e-07,0.2520384490834558,0.0010133379637903275,True,False
3936.9010497450113,0.6415919699029601,0.001,0.0,8.825345679808194e-07,0.2520384490834558,0.001010764759600268,True,False
4598.632978267703,0.6415919699029601,0.001,0.0,7.997507184276387e-07,0.2520384490834558,0.0010088307901158214,True,False
5371.591767636877,0.6415919699029601,0.001,0.0,7.225162870216906e-07,0.2520384490834558,0.001007334002947057,True,False
6274.472925867966,0.6415919699029601,0.001,0.0,6.497154098061841e-07,0.2520384490834558,0.0010061469416495763,True,False
7329.114385542688,0.6415919699029601,0.001,0.0,5.807134020319182e-07,0.2520384490834558,0.0010051867367293346,True,False
8561.024696578494,0.6415919699029601,0.001,0.0,5.152669606545146e-07,0.2520384490834558,0.0010043978583514903,True,False
10000.0,0.6415919699029601,0.001,0.0,4.534167536984768e-07,0.2520384490834558,0.001003741941949853,True,False
20.0,0.8,0.001,0.0,2.8518759076825973e-05,0.38296601125010515,0.0015352703319204126,True,False
23.361689410840295,0.8,0.001,0.0,3.63792439138428e-05,0.38296601125010515,0.0016254946807890114,True,False
27.288426606428374,0.8,0.001,0.0,4.581872117715097e-05,0.38296601125010515,0.001731033483684796,True,False
31.87518734449451,0.8,0.001,0.0,5.68456507932327e-05,0.38296601125010515,0.0018545486184872416,True,False
37.23291133272139,0.8,0.001,0.0,6.929314948681312e-05,0.38296601125010515,0.0019992009281097267,True,False
43.49118552081964,0.8,0.001,0.0,8.275470704242286e-05,0.38296601125010515,0.0021687641671956598,True,False
50.80137841233114,0.8,0.001,0.0,9.654392609032047e-05,0.38296601125010515,0.0023677753377055284,True,False
59.34030120557235,0.8,0.001,0.0,0.00010971624437775972,0.38296601125010515,0.0026017368890400225,True,False
69.31448431551465,0.8,0.001,0.0,0.00012120231631344651,0.38296601125010515,0.0028773930249563337,True,False
80.9651727125807,0.8,0.001,0.0,0.0001301013457292049,0.38296601125010515,0.003203110326384933,True,False
94.5741609003176,0.8,0.001,0.0,0.00013614266739990716,0.38296601125010515,0.0035893979174332962,True,False
110.47060866220276,0.8,0.001,0.0,0.00014019646925189297,0.38296601125010515,0.004049588911949992,True,False
129.0390024296432,0.8,0.001,0.0,0.00014447658092896264,0.38296601125010515,0.004600622859005944,True,False
150.72845483229952,0.8,0.001,0.0,0.00015192559655510893,0.38296601125010515,0.005263569800051438,True,False
176.06356735840254,0.8,0.001,0.0,0.0001646907726933775,0.38296601125010515,0.006062609382611437,True,False
205.65711885957793,0.8,0.001,0.0,0.00018254155751766359,0.38296601125010515,0.007018606337105822,True,False
240.22488679628626,0.8,0.001,0.0,0.00020222020570610094,0.38296601125010515,0.008127293117584828,True,False
280.60295970445543,0.8,0.001,0.0,0.00021750499987904098,0.38296601125010515,0.00930196513420982,True,False
327.76795961890105,0.8,0.001,0.0,0.0002193189479117591,0.38296601125010515,0.010264477345402853,False,False
382.86066357208045,0.8,0.001,0.0,0.00019784814003970252,0.38296601125010515,0.010465957310670043,False,False
447.213595499958,0.8,0.001,0.0,0.00015130504227939268,0.38296601125010515,0.009360402208496932,True,False
450.0,0.8,0.001,0.0,0.00014908692302950666,0.38296601125010515,0.009287964126742432,True,False
460.0,0.8,0.001,0.0,0.00014112795951737311,0.38296601125010515,0.009016920448345844,True,False
470.0,0.8,0.001,0.0,0.00013322685203365214,0.38296601125010515,0.008731395519452678,True,False
480.0,0.8,0.001,0.0,0.00012544973502182089,0.38296601125010515,0.008435057538291102,True,False
490.0,0.8,0.001,0.0,0.000117853812513391,0.38296601125010515,0.008131414518056934,True,False
500.0,0.8,0.001,0.0,0.00011048705491056854,0.38296601125010515,0.00782374336027003,True,False
510.0,0.8,0.001,0.0,0.00010338825579103705,0.38296601125010515,0.007515036645828032,True,False
520.0,0.8,0.001,0.0,9.658738887330376e-05,0.38296601125010515,0.00720796692457215,True,False
522.3832559187591,0.8,0.001,0.0,9.501308855708324e-05,0.38296601125010515,0.0071352900135052124,True,False
530.0,0.8,0.001,0.0,9.010619832572342e-05,0.38296601125010515,0.0069048672632739385,True,False
540.0,0.8,0.001,0.0,8.395895493651384e-05,0.38296601125010515,0.006607726089639664,True,False
550.0,0.8,0.001,0.0,7.81533149711855e-05,0.38296601125010515,0.006318193943055771,True,False
560.0,0.8,0.001,0.0,7.269122621622603e-05,0.38296601125010515,0.006037599578270213,True,False
570.0,0.8,0.001,0.0,6.756983530031846e-05,0.38296601125010515,0.005766972915119738,True,False
580.0,0.8,0.001,0.0,6.278236068990584e-05,0.38296601125010515,0.005507072527930922,True,False
590.0,0.8,0.001,0.0,5.831890560981101e-05,0.38296601125010515,0.0052584156661156225,True,False
600.0,0.8,0.001,0.0,5.416719421624805e-05,0.38296601125010515,0.005021309143779961,True,False
610.0,0.8,0.001,0.0,5.0313221860665e-05,0.38296601125010515,0.00479587979199314,True,False
610.1877689098774,0.8,0.001,0.0,5.024360774863457e-05,0.38296601125010515,0.004791758675330326,True,False
620.0,0.8,0.001,0.0,4.674181646358022e-05,0.38296601125010515,0.004582103504770728,True,False
630.0,0.8,0.001,0.0,4.3437112579369774e-05,0.38296601125010515,0.004379832210882006,True,False
640.0,0.8,0.001,0.0,4.038294306885071e-05,0.38296601125010515,0.00418881835898166,True,False
650.0,0.8,0.001,0.0,3.756315532421617e-05,0.38296601125010515,0.004008736710313986,True,False
712.7508569783073,0.8,0.001,0.0,2.426441336467189e-05,0.38296601125010515,0.003101467459583173,True,False
832.5532074018732,0.8,0.001,0.0,1.1831350638424887e-05,0.38296601125010515,0.0021236727371872757,True,False
972.4924724660731,0.8,0.001,0.0,6.333620834686471e-06,0.38296601125010515,0.0016117219675019214,True,False
1135.9533548066277,0.8,0.001,0.0,3.885099201794695e-06,0.38296601125010515,0.0013491503302371912,True,False
1326.889473009725,0.8,0.001,0.0,2.7165057948641547e-06,0.38296601125010515,0.0012113543770891902,True,False
1549.918987548337,0.8,0.001,0.0,2.0935522948573038e-06,0.38296601125010515,0.0011358342706940796,True,False
1810.4362999534146,0.8,0.001,0.0,1.716968243359318e-06,0.38296601125010515,0.0010922845192616873,True,False
2114.7425268811285,0.8,0.001,0.0,1.4620202261061976e-06,0.38296601125010515,0.0010658323370685832,True,False
2470.1979048446246,0.8,0.001,0.0,1.273755535158294e-06,0.38296601125010515,0.0010489407888657478,True,False
2885.3998118144273,0.8,0.001,0.0,1.1257181032897634e-06,0.38296601125010515,0.0010376366642933501,True,False
3370.3907114852836,0.8,0.001,0.0,1.0036944805280612e-06,0.38296601125010515,0.0010297386670394806,True,False
3936.9010497450113,0.8,0.001,0.0,8.992371348659489e-07,0.38296601125010515,0.0010240019441906103,True,False
4598.632978267703,0.8,0.001,0.0,8.069879764427412e-07,0.38296601125010515,0.0010196901019544615,True,False
5371.591767636877,0.8,0.001,0.0,7.234787198218129e-07,0.38296601125010515,0.0010163528387900902,True,False
6274.472925867966,0.8,0.001,0.0,6.465139400502196e-07,0.38296601125010515,0.0010137060725993177,True,False
7329.114385542688,0.8,0.001,0.0,5.74795067542766e-07,0.38296601125010515,0.0010115650838551362,True,False
8561.024696578494,0.8,0.001,0.0,5.076548776905554e-07,0.38296601125010515,0.0010098060853014337,True,False
10000.0,0.8,0.001,0.0,4.4485223837931187e-07,0.38296601125010515,0.0010083435490588757,True,False
20.0,0.00401,0.001,0.4,1.0702742847964423e-13,0.013053601021783986,0.0010000066202392058,True,False
23.361689410840295,0.00401,0.001,0.4,1.4358240015035204e-13,0.013053601021783986,0.00100000773723954,True,False
27.288426606428374,0.00401,0.001,0.4,1.918419803474214e-13,0.013053601021783986,0.0010000090442418561,True,False
31.87518734449451,0.00401,0.001,0.4,2.5497363204820904e-13,0.013053601021783986,0.0010000105744210576,True,False
37.23291133272139,0.00401,0.001,0.4,3.3653745971749674e-13,0.013053601021783986,0.001000012367226573,True,False
43.49118552081964,0.00401,0.001,0.4,4.4010803683687126e-13,0.013053601021783986,0.0010000144698370265,True,False
50.80137841233114,0.00401,0.001,0.4,5.68451148748783e-13,0.013053601021783986,0.0010000169390906128,True,False
59.34030120557235,0.00401,0.001,0.4,7.220380240222286e-13,0.013053601021783986,0.0010000198441054375,True,False
69.31448431551465,0.00401,0.001,0.4,8.968759708429669e-13,0.013053601021783986,0.0010000232699187374,True,False
80.9651727125807,0.00401,0.001,0.4,1.082485942279865e-12,0.013053601021783986,0.001000027322655569,True,False
94.5741609003176,0.00401,0.001,0.4,1.2630317798578705e-12,0.013053601021783986,0.0010000321370305385,True,False
110.47060866220276,0.00401,0.001,0.4,1.4289013545385745e-12,0.013053601021783986,0.0010000378874738059,True,False
129.0390024296432,0.00401,0.001,0.4,1.6188661129397201e-12,0.013053601021783986,0.0010000448050281312,True,False
150.72845483229952,0.00401,0.001,0.4,2.095461004963505e-12,0.013053601021783986,0.0010000532037865036,True,False
176.06356735840254,0.00401,0.001,0.4,4.296399024853077e-12,0.013053601021783986,0.0010000635240309385,True,False
205.65711885957793,0.00401,0.001,0.4,1.6331040184991256e-11,0.013053601021783986,0.0010000764070480237,True,False
240.22488679628626,0.00401,0.001,0.4,8.338887322626928e-11,0.013053601021783986,0.0010000928362138084,True,False
280.60295970445543,0.00401,0.001,0.4,4.404623498615104e-10,0.013053601021783986,0.0010001144323939686,True,False
327.76795961890105,0.00401,0.001,0.4,2.1628126548826204e-09,0.013053601021783986,0.0010001441556559741,True,False
382.86066357208045,0.00401,0.001,0.4,9.30424999155341e-09,0.013053601021783986,0.001000188319333301,True,False
447.213595499958,0.00401,0.001,0.4,2.0445447531172722e-08,0.013053601021783986,0.0010003196012095443,True,False
450.0,0.00401,0.001,0.4,1.719919088226385e-08,0.013053601021783986,0.0010003445257083937,True,False
460.0,0.00401,0.001,0.4,1.2521736181790588e-08,0.013053601021783986,0.0010005175393523226,True,False
470.0,0.00401,0.001,0.4,1.0406715845318049e-07,0.013053601021783986,0.001000994259750673,True,False
480.0,0.00401,0.001,0.4,3.3739493686402167e-07,0.013053601021783986,0.0010023100373145804,True,False
490.0,0.00401,0.001,0.4,7.919767598778271e-07,0.013053601021783986,0.0010058191256663391,True,False
500.0,0.00401,0.001,0.4,1.2550920541268273e-06,0.013053601021783986,0.0010144684272207832,True,False
510.0,0.00401,0.001,0.4,1.0216124804729443e-06,0.013053601021783986,0.001032371161446776,True,False
520.0,0.00401,0.001,0.4,4.2397784671965866e-08,0.013053601021783986,0.0010571717107327174,True,False
522.3832559187591,0.00401,0.001,0.4,2.019482487902735e-07,0.013053601021783986,0.0010621059403044244,True,False
530.0,0.00401,0.001,0.4,8.366272583604228e-07,0.013053601021783986,0.0010683199502480858,True,False
540.0,0.00401,0.001,0.4,1.2995609229848881e-06,0.013053601021783986,0.00105223487015793,True,False
550.0,0.00401,0.001,0.4,1.4964319425825323e-06,0.013053601021783986,0.0010285395215933182,True,False
560.0,0.00401,0.001,0.4,1.5768216319322903e-06,0.013053601021783986,0.0010131230492477208,True,False
570.0,0.00401,0.001,0.4,1.6120439664257802e-06,0.013053601021783986,0.001005697465131238,True,False
580.0,0.00401,0.001,0.4,1.6301798944073909e-06,0.013053601021783986,0.0010024914849217073,True,False
590.0,0.00401,0.001,0.4,1.641690332343515e-06,0.013053601021783986,0.0010011440319306333,True,False
600.0,0.00401,0.001,0.4,1.6504261888261595e-06,0.013053601021783986,0.0010005717308909636,True,False
610.0,0.00401,0.001,0.4,1.6578094977903746e-06,0.013053601021783986,0.0010003207618783918,True,False
610.1877689098774,0.00401,0.001,0.4,1.6579393258275843e-06,0.013053601021783986,0.0010003176928579096,True,False
620.0,0.00401,0.001,0.4,1.664371579446211e-06,0.013053601021783986,0.001000204956564831,True,False
630.0,0.00401,0.001,0.4,1.6703164185116748e-06,0.013053601021783986,0.0010001474994767437,True,False
640.0,0.00401,0.001,0.4,1.675727608563271e-06,0.013053601021783986,0.0010001161459337595,True,False
650.0,0.00401,0.001,0.4,1.680644630353001e-06,0.013053601021783986,0.0010000970412192825,True,False
712.7508569783073,0.00401,0.001,0.4,1.7014112805302517e-06,0.013053601021783986,0.0010000489218436872,True,False
832.5532074018732,0.00401,0.001,0.4,1.7027687367887623e-06,0.013053601021783986,0.0010000202232944835,True,False
972.4924724660731,0.00401,0.001,0.4,1.6637754360893098e-06,0.013053601021783986,0.001000009541880397,True,False
1135.9533548066277,0.00401,0.001,0.4,1.5916534582549602e-06,0.013053601021783986,0.0010000050160147147,True,False
1326.889473009725,0.00401,0.001,0.4,1.4970225391541803e-06,0.013053601021783986,0.0010000028918154538,True,False
1549.918987548337,0.00401,0.001,0.4,1.3909305253134718e-06,0.013053601021783986,0.0010000018037277228,True,False
1810.4362999534146,0.00401,0.001,0.4,1.2825146762374118e-06,0.013053601021783986,0.0010000012023448903,True,False
2114.7425268811285,0.00401,0.001,0.4,1.1779030194558615e-06,0.013053601021783986,0.001000000847031556,True,False
2470.1979048446246,0.00401,0.001,0.4,1.0802478697113926e-06,0.013053601021783986,0.0010000006243427997,True,False
2885.3998118144273,0.00401,0.001,0.4,9.904220392709107e-07,0.013053601021783986,0.0010000004772549023,True,False
3370.3907114852836,0.00401,0.001,0.4,9.078983553845177e-07,0.013053601021783986,0.0010000003754571099,True,False
3936.9010497450113,0.00401,0.001,0.4,8.315093107391647e-07,0.013053601021783986,0.0010000003020390604,True,False
4598.632978267703,0.00401,0.001,0.4,7.599743320207963e-07,0.013053601021783986,0.0010000002471571836,True,False
5371.591767636877,0.00401,0.001,0.4,6.922027870892578e-07,0.013053601021783986,0.0010000002048614611,True,False
6274.472925867966,0.00401,0.001,0.4,6.274281433293893e-07,0.013053601021783986,0.0010000001714325349,True,False
7329.114385542688,0.00401,0.001,0.4,5.652324134297615e-07,0.013053601021783986,0.0010000001444679931,True,False
8561.024696578494,0.00401,0.001,0.4,5.055071256032662e-07,0.013053601021783986,0.0010000001223654511,True,False
10000.0,0.00401,0.001,0.4,4.483824205259168e-07,0.013053601021783986,0.0010000001040236786,True,False
20.0,0.005000062579469637,0.001,0.4,1.0733978256638246e-11,0.016036680725329096,0.0010000082629796395,True,False
23.361689410840295,0.005000062579469637,0.001,0.4,1.4399984094982216e-11,0.016036680725329096,0.0010000096571515045,True,False
27.288426606428374,0.005000062579469637,0.001,0.4,1.9239682208397544e-11,0.016036680725329096,0.0010000112884722967,True,False
31.87518734449451,0.005000062579469637,0.001,0.4,2.557055110356907e-11,0.016036680725329096,0.0010000131983489192,True,False
37.23291133272139,0.005000062579469637,0.001,0.4,3.3749206277432274e-11,0.016036680725329096,0.0010000154360197586,True,False
43.49118552081964,0.005000062579469637,0.001,0.4,4.4133092617020626e-11,0.016036680725329096,0.0010000180603703167,True,False
50.80137841233114,0.005000062579469637,0.001,0.4,5.6996783996408396e-11,0.016036680725329096,0.0010000211423425902,True,False
59.34030120557235,0.005000062579469637,0.001,0.4,7.237945136699697e-11,0.016036680725329096,0.0010000247682056208,True,False
69.31448431551465,0.005000062579469637,0.001,0.4,8.985576819826695e-11,0.016036680725329096,0.0010000290440977547,True,False
80.9651727125807,0.005000062579469637,0.001,0.4,1.082927318468596e-10,0.016036680725329096,0.0010000341024778896,True,False
94.5741609003176,0.005000062579469637,0.001,0.4,1.2580943031405127e-10,0.016036680725329096,0.001000040111488686,True,False
110.47060866220276,0.005000062579469637,0.001,0.4,1.402852972760875e-10,0.016036680725329096,0.0010000472888433848,True,False
129.0390024296432,0.005000062579469637,0.001,0.4,1.5044521998561103e-10,0.016036680725329096,0.0010000559229156963,True,False
150.72845483229952,0.005000062579469637,0.001,0.4,1.5666622853684653e-10,0.016036680725329096,0.0010000664057376824,True,False
176.06356735840254,0.005000062579469637,0.001,0.4,1.6112909561428546e-10,0.016036680725329096,0.0010000792868430552,True,False
205.65711885957793,0.005000062579469637,0.001,0.4,1.7220069673581223e-10,0.016036680725329096,0.0010000953666475434,True,False
240.22488679628626,0.005000062579469637,0.001,0.4,2.352193548987337e-10,0.016036680725329096,0.0010001158725427921,True,False
280.60295970445543,0.005000062579469637,0.001,0.4,5.862696031769254e-10,0.016036680725329096,0.0010001428275976843,True,False
327.76795961890105,0.005000062579469637,0.001,0.4,2.3029471704193866e-09,0.016036680725329096,0.0010001799263951606,True,False
382.86066357208045,0.005000062579469637,0.001,0.4,9.443312353873273e-09,0.016036680725329096,0.0010002350488761522,True,False
447.213595499958,0.005000062579469637,0.001,0.4,2.0629390682681825e-08,0.016036680725329096,0.0010003989106445116,True,False
450.0,0.005000062579469637,0.001,0.4,1.7395149180463032e-08,0.016036680725329096,0.0010004300211340347,True,False
460.0,0.005000062579469637,0.001,0.4,1.2240921118747417e-08,0.016036680725329096,0.0010006459752267445,True,False
470.0,0.005000062579469637,0.001,0.4,1.0355254292417071e-07,0.016036680725329096,0.0010012410131781122,True,False
480.0,0.005000062579469637,0.001,0.4,3.3624007758116525e-07,0.016036680725329096,0.001002883351095967,True,False
490.0,0.005000062579469637,0.001,0.4,7.891277041018052e-07,0.016036680725329096,0.001007263339178179,True,False
500.0,0.005000062579469637,0.001,0.4,1.2481703045644221e-06,0.016036680725329096,0.0010180592007404668,True,False
510.0,0.005000062579469637,0.001,0.4,1.0068299329812902e-06,0.016036680725329096,0.001040404751140699,True,False
520.0,0.005000062579469637,0.001,0.4,1.7756257353340743e-08,0.016036680725329096,0.0010713592036837296,True,False
522.3832559187591,0.005000062579469637,0.001,0.4,2.283825130677819e-07,0.016036680725329096,0.001077517604141153,True,False
530.0,0.005000062579469637,0.001,0.4,8.646978896242885e-07,0.016036680725329096,0.0010852725470633087,True,False
540.0,0.005000062579469637,0.001,0.4,1.320218368738857e-06,0.016036680725329096,0.0010651952480629215,True,False
550.0,0.005000062579469637,0.001,0.4,1.507350892548942e-06,0.016036680725329096,0.001035620379166823,True,False
560.0,0.005000062579469637,0.001,0.4,1.5816966069115423e-06,0.016036680725329096,0.0010163789216898192,True,False
570.0,0.005000062579469637,0.001,0.4,1.6141096017552314e-06,0.016036680725329096,0.0010071110246907536,True,False
580.0,0.005000062579469637,0.001,0.4,1.6310706997257896e-06,0.016036680725329096,0.0010031096350106008,True,False
590.0,0.005000062579469637,0.001,0.4,1.6421024241486393e-06,0.016036680725329096,0.0010014278757826114,True,False
600.0,0.005000062579469637,0.001,0.4,1.650641464623348e-06,0.016036680725329096,0.0010007135846455953,True,False
610.0,0.005000062579469637,0.001,0.4,1.6579417158046894e-06,0.016036680725329096,0.0010004003487065196,True,False
610.1877689098774,0.005000062579469637,0.001,0.4,1.6580705580748756e-06,0.016036680725329096,0.0010003965182385768,True,False
620.0,0.005000062579469637,0.001,0.4,1.6644674557531047e-06,0.016036680725329096,0.0010002558110657747,True,False
630.0,0.005000062579469637,0.001,0.4,1.670395699426841e-06,0.016036680725329096,0.001000184098155498,True,False
640.0,0.005000062579469637,0.001,0.4,1.6757989872440149e-06,0.016036680725329096,0.0010001449652722308,True,False
650.0,0.005000062579469637,0.001,0.4,1.6807121485662435e-06,0.016036680725329096,0.0010001211202729223,True,False
712.7508569783073,0.005000062579469637,0.001,0.4,1.7014781350521702e-06,0.016036680725329096,0.0010000610610705332,True,False
832.5532074018732,0.005000062579469637,0.001,0.4,1.7028514593953048e-06,0.016036680725329096,0.0010000252414252833,True,False
972.4924724660731,0.005000062579469637,0.001,0.4,1.6638736710650193e-06,0.016036680725329096,0.0010000119095719953,True,False
1135.9533548066277,0.005000062579469637,0.001,0.4,1.591759378527513e-06,0.016036680725329096,0.0010000062606745344,True,False
1326.889473009725,0.005000062579469637,0.001,0.4,1.497126818961192e-06,0.016036680725329096,0.0010000036093831257,True,False
1549.918987548337,0.005000062579469637,0.001,0.4,1.3910256164706425e-06,0.016036680725329096,0.0010000022513000353,True,False
1810.4362999534146,0.005000062579469637,0.001,0.4,1.28259605380876e-06,0.016036680725329096,0.0010000015006922372,True,False
2114.7425268811285,0.005000062579469637,0.001,0.4,1.1779689514934688e-06,0.016036680725329096,0.0010000010572120957,True,False
2470.1979048446246,0.005000062579469637,0.001,0.4,1.0802985372926344e-06,0.016036680725329096,0.001000000779265874,True,False
2885.3998118144273,0.005000062579469637,0.001,0.4,9.904586425468764e-07,0.016036680725329096,0.0010000005956795057,True,False
3370.3907114852836,0.005000062579469637,0.001,0.4,9.079224865260471e-07,0.016036680725329096,0.0010000004686223632,True,False
3936.9010497450113,0.005000062579469637,0.001,0.4,8.315226119881558e-07,0.016036680725329096,0.001000000376986553,True,False
4598.632978267703,0.005000062579469637,0.001,0.4,7.599783560241491e-07,0.016036680725329096,0.0010000003084861256,True,False
5371.591767636877,0.005000062579469637,0.001,0.4,6.921989669228523e-07,0.016036680725329096,0.0010000002556954648,True,False
6274.472925867966,0.005000062579469637,0.001,0.4,6.274178118159668e-07,0.016036680725329096,0.0010000002139715072,True,False
7329.114385542688,0.005000062579469637,0.001,0.4,5.652168260095181e-07,0.016036680725329096,0.0010000001803157623,True,False
8561.024696578494,0.005000062579469637,0.001,0.4,5.054874784304886e-07,0.016036680725329096,0.0010000001527289406,True,False
10000.0,0.005000062579469637,0.001,0.4,4.483598547988521e-07,0.016036680725329096,0.0010000001298359198,True,False
20.0,0.006234570024591662,0.001,0.4,2.406994623761767e-11,0.019760057076518754,0.001000010315895392,True,False
23.361689410840295,0.006234570024591662,0.001,0.4,3.2290264780834713e-11,0.019760057076518754,0.001000012056445675,True,False
27.288426606428374,0.006234570024591662,0.001,0.4,4.314213133966625e-11,0.019760057076518754,0.0010000140930639457,True,False
31.87518734449451,0.006234570024591662,0.001,0.4,5.733721244892932e-11,0.019760057076518754,0.0010000164774445566,True,False
37.23291133272139,0.006234570024591662,0.001,0.4,7.567478927574469e-11,0.019760057076518754,0.0010000192710590597,True,False
43.49118552081964,0.006234570024591662,0.001,0.4,9.895579844155424e-11,0.019760057076518754,0.0010000225474229296,True,False
50.80137841233114,0.006234570024591662,0.001,0.4,1.2779509496375923e-10,0.019760057076518754,0.00100002639510355,True,False
59.34030120557235,0.006234570024591662,0.001,0.4,1.622794274895657e-10,0.019760057076518754,0.0010000309218033275,True,False
69.31448431551465,0.006234570024591662,0.001,0.4,2.014538542866116e-10,0.019760057076518754,0.0010000362600304706,True,False
80.9651727125807,0.006234570024591662,0.001,0.4,2.4277660363354885e-10,0.019760057076518754,0.0010000425751530394,True,False
94.5741609003176,0.006234570024591662,0.001,0.4,2.820279394763703e-10,0.019760057076518754,0.0010000500770884393,True,False
110.47060866220276,0.006234570024591662,0.001,0.4,3.144423135041527e-10,0.019760057076518754,0.0010000590376404042,True,False
129.0390024296432,0.006234570024591662,0.001,0.4,3.3710121227030205e-10,0.019760057076518754,0.0010000698168286517,True,False
150.72845483229952,0.006234570024591662,0.001,0.4,3.5052932968686183e-10,0.019760057076518754,0.0010000829040850707,True,False
176.06356735840254,0.006234570024591662,0.001,0.4,3.578404224547022e-10,0.019760057076518754,0.0010000989854743703,True,False
205.65711885957793,0.006234570024591662,0.001,0.4,3.677216649396447e-10,0.019760057076518754,0.0010001190602747909,True,False
240.22488679628626,0.006234570024591662,0.001,0.4,4.2569328487576663e-10,0.019760057076518754,0.001000144660822595,True,False
280.60295970445543,0.006234570024591662,0.001,0.4,7.692054188697048e-10,0.019760057076518754,0.0010001783128175345,True,False
327.76795961890105,0.006234570024591662,0.001,0.4,2.4787794605535957e-09,0.019760057076518754,0.0010002246287627984,True,False
382.86066357208045,0.006234570024591662,0.001,0.4,9.617799891139395e-09,0.019760057076518754,0.0010002934463849613,True,False
447.213595499958,0.006234570024591662,0.001,0.4,2.0860156376562022e-08,0.019760057076518754,0.0010004980249880635,True,False
450.0,0.006234570024591662,0.001,0.4,1.76409922728743e-08,0.019760057076518754,0.0010005368667433852,True,False
460.0,0.006234570024591662,0.001,0.4,1.1888583392911933e-08,0.019760057076518754,0.0010008064880985866,True,False
470.0,0.006234570024591662,0.001,0.4,1.0290678366733919e-07,0.019760057076518754,0.0010015494000064932,True,False
480.0,0.006234570024591662,0.001,0.4,3.3479088554048964e-07,0.019760057076518754,0.0010035998730521653,True,False
490.0,0.006234570024591662,0.001,0.4,7.855528243901067e-07,0.019760057076518754,0.0010090683036197068,True,False
500.0,0.006234570024591662,0.001,0.4,1.2394859561226657e-06,0.019760057076518754,0.0010225468834016696,True,False
510.0,0.006234570024591662,0.001,0.4,9.882824879570151e-07,0.019760057076518754,0.001050444825218876,True,False
520.0,0.006234570024591662,0.001,0.4,1.3163865275611641e-08,0.019760057076518754,0.001089089700280709,True,False
522.3832559187591,0.006234570024591662,0.001,0.4,2.615525717120093e-07,0.019760057076518754,0.0010967778200812175,True,False
530.0,0.006234570024591662,0.001,0.4,8.999215971305929e-07,0.019760057076518754,0.0011064578886805223,True,False
540.0,0.006234570024591662,0.001,0.4,1.3461391475955153e-06,0.019760057076518754,0.001081391062604852,True,False
550.0,0.006234570024591662,0.001,0.4,1.5210515020847026e-06,0.019760057076518754,0.0010444687425615875,True,False
560.0,0.006234570024591662,0.001,0.4,1.587813334924526e-06,0.019760057076518754,0.0010204474893796825,True,False
570.0,0.006234570024591662,0.001,0.4,1.61670126364033e-06,0.019760057076518754,0.0010088774211787213,True,False
580.0,0.006234570024591662,0.001,0.4,1.6321882172487534e-06,0.019760057076518754,0.0010038820833861975,True,False
590.0,0.006234570024591662,0.001,0.4,1.6426192529506167e-06,0.019760057076518754,0.0010017825728171328,True,False
600.0,0.006234570024591662,0.001,0.4,1.6509113165419365e-06,0.019760057076518754,0.0010008908494042448,True,False
610.0,0.006234570024591662,0.001,0.4,1.658107335544834e-06,0.019760057076518754,0.0010004998037721471,True,False
610.1877689098774,0.006234570024591662,0.001,0.4,1.65823493714079e-06,0.019760057076518754,0.0010004950217856736,True,False
620.0,0.006234570024591662,0.001,0.4,1.6645874491016954e-06,0.019760057076518754,0.0010003193615968345,True,False
630.0,0.006234570024591662,0.001,0.4,1.6704948475609882e-06,0.019760057076518754,0.001000229834189014,True,False
640.0,0.006234570024591662,0.001,0.4,1.6758882024348054e-06,0.019760057076518754,0.0010001809799361485,True,False
650.0,0.006234570024591662,0.001,0.4,1.6807965040888107e-06,0.019760057076518754,0.0010001512112424163,True,False
712.7508569783073,0.006234570024591662,0.001,0.4,1.7015615385584937e-06,0.019760057076518754,0.0010000762312271086,True,False
832.5532074018732,0.006234570024591662,0.001,0.4,1.702954587567973e-06,0.019760057076518754,0.0010000315124983885,True,False
972.4924724660731,0.006234570024591662,0.001,0.4,1.66399612744339e-06,0.019760057076518754,0.0010000148684390356,True,False
1135.9533548066277,0.006234570024591662,0.001,0.4,1.591891413799118e-06,0.019760057076518754,0.001000007816107317,True,False
1326.889473009725,0.006234570024591662,0.001,0.4,1.4972568098681194e-06,0.019760057076518754,0.001000004506116924,True,False
1549.918987548337,0.006234570024591662,0.001,0.4,1.391144148099599e-06,0.019760057076518754,0.001000002810625399,True,False
1810.4362999534146,0.006234570024591662,0.001,0.4,1.282697482452022e-06,0.019760057076518754,0.0010000018735324403,True,False
2114.7425268811285,0.006234570024591662,0.001,0.4,1.178051118655432e-06,0.019760057076518754,0.0010000013198718785,True,False
2470.1979048446246,0.006234570024591662,0.001,0.4,1.080361669902885e-06,0.019760057076518754,0.001000000972871006,True,False
2885.3998118144273,0.006234570024591662,0.001,0.4,9.905042367419625e-07,0.019760057076518754,0.0010000007436735672,True,False
3370.3907114852836,0.006234570024591662,0.001,0.4,9.079525298272273e-07,0.019760057076518754,0.0010000005850496754,True,False
3936.9010497450113,0.006234570024591662,0.001,0.4,8.315391526458882e-07,0.019760057076518754,0.001000000470647188,True,False
4598.632978267703,0.006234570024591662,0.001,0.4,7.599833306004555e-07,0.019760057076518754,0.0010000003851281516,True,False
5371.591767636877,0.006234570024591662,0.001,0.4,6.92194162321691e-07,0.019760057076518754,0.0010000003192219822,True,False
6274.472925867966,0.006234570024591662,0.001,0.4,6.274048900412055e-07,0.019760057076518754,0.0010000002671317612,True,False
7329.114385542688,0.006234570024591662,0.001,0.4,5.651973529197107e-07,0.019760057076518754,0.0010000002251144826,True,False
8561.024696578494,0.006234570024591662,0.001,0.4,5.054629469425365e-07,0.019760057076518754,0.0010000001906739211,True,False
10000.0,0.006234570024591662,0.001,0.4,4.483316858872044e-07,0.019760057076518754,0.0010000001620928947,True,False
20.0,0.007773875381307699,0.001,0.4,4.083202029521999e-11,0.0244084713930112,0.0010000128828288777,True,False
23.361689410840295,0.007773875381307699,0.001,0.4,5.4776127988442766e-11,0.0244084713930112,0.0010000150564853018,True,False
27.288426606428374,0.007773875381307699,0.001,0.4,7.318363076005676e-11,0.0244084713930112,0.0010000175998811937,True,False
31.87518734449451,0.007773875381307699,0.001,0.4,9.726126503356315e-11,0.0244084713930112,0.0010000205775741768,True,False
37.23291133272139,0.007773875381307699,0.001,0.4,1.283640886129703e-10,0.0244084713930112,0.0010000240663319694,True,False
43.49118552081964,0.007773875381307699,0.001,0.4,1.6784954450852602e-10,0.0244084713930112,0.0010000281579631467,True,False
50.80137841233114,0.007773875381307699,0.001,0.4,2.167589087236573e-10,0.0244084713930112,0.0010000329630736166,True,False
59.34030120557235,0.007773875381307699,0.001,0.4,2.752371817509104e-10,0.0244084713930112,0.001000038616165754,True,False
69.31448431551465,0.007773875381307699,0.001,0.4,3.4166237269572314e-10,0.0244084713930112,0.0010000452827202632,True,False
80.9651727125807,0.007773875381307699,0.001,0.4,4.1172187581479366e-10,0.0244084713930112,0.0010000531692543567,True,False
94.5741609003176,0.007773875381307699,0.001,0.4,4.782589342628839e-10,0.0244084713930112,0.0010000625379199995,True,False
110.47060866220276,0.007773875381307699,0.001,0.4,5.331899284423885e-10,0.0244084713930112,0.0010000737281549395,True,False
129.0390024296432,0.007773875381307699,0.001,0.4,5.715392396381496e-10,0.0244084713930112,0.0010000871895641068,True,False
150.72845483229952,0.007773875381307699,0.001,0.4,5.940234024241515e-10,0.0244084713930112,0.0010001035333668691,True,False
176.06356735840254,0.007773875381307699,0.001,0.4,6.049296389263009e-10,0.0244084713930112,0.001000123616344576,True,False
205.65711885957793,0.007773875381307699,0.001,0.4,6.133432266442656e-10,0.0244084713930112,0.001000148686430752,True,False
240.22488679628626,0.007773875381307699,0.001,0.4,6.65005397591182e-10,0.0244084713930112,0.0010001806572609215,True,False
280.60295970445543,0.007773875381307699,0.001,0.4,9.990750813454463e-10,0.0244084713930112,0.001000222683019172,True,False
327.76795961890105,0.007773875381307699,0.001,0.4,2.6997447077382886e-09,0.0244084713930112,0.001000280523967714,True,False
382.86066357208045,0.007773875381307699,0.001,0.4,9.83707619788693e-09,0.0244084713930112,0.001000366465836938,True,False
447.213595499958,0.007773875381307699,0.001,0.4,2.115010151911012e-08,0.0244084713930112,0.0010006219593798379,True,False
450.0,0.007773875381307699,0.001,0.4,1.7949887303955747e-08,0.0244084713930112,0.0010006704692778331,True,False
460.0,0.007773875381307699,0.001,0.4,1.1445824686477646e-08,0.0244084713930112,0.0010010072031904566,True,False
470.0,0.007773875381307699,0.001,0.4,1.020951881734039e-07,0.0244084713930112,0.0010019350358290236,True,False
480.0,0.007773875381307699,0.001,0.4,3.32969481578807e-07,0.0244084713930112,0.001004495890919852,True,False
490.0,0.007773875381307699,0.001,0.4,7.8106023566199e-07,0.0244084713930112,0.0010113254305057834,True,False
500.0,0.007773875381307699,0.001,0.4,1.2285734622904942e-06,0.0244084713930112,0.001028158727013089,True,False
510.0,0.007773875381307699,0.001,0.4,9.649754305063318e-07,0.0244084713930112,0.0010629996821579493,True,False
520.0,0.007773875381307699,0.001,0.4,5.202294195427726e-08,0.0244084713930112,0.0011112604670051587,True,False
522.3832559187591,0.007773875381307699,0.001,0.4,3.0323991018210705e-07,0.0244084713930112,0.0011208611449566854,True,False
530.0,0.007773875381307699,0.001,0.4,9.441903782159144e-07,0.0244084713930112,0.0011329474813273612,True,False
540.0,0.007773875381307699,0.001,0.4,1.3787150321409314e-06,0.0244084713930112,0.0011016410598149165,True,False
550.0,0.007773875381307699,0.001,0.4,1.5382690999876658e-06,0.0244084713930112,0.0010555317976559389,True,False
560.0,0.007773875381307699,0.001,0.4,1.5954999794676183e-06,0.0244084713930112,0.0010255343520310092,True,False
570.0,0.007773875381307699,0.001,0.4,1.6199578919406932e-06,0.0244084713930112,0.0010110859168582778,True,False
580.0,0.007773875381307699,0.001,0.4,1.6335922581323103e-06,0.0244084713930112,0.0010048478665624075,True,False
590.0,0.007773875381307699,0.001,0.4,1.6432683780376323e-06,0.0244084713930112,0.0010022260496131965,True,False
600.0,0.007773875381307699,0.001,0.4,1.6512500309318057e-06,0.0244084713930112,0.0010011124853132039,True,False
610.0,0.007773875381307699,0.001,0.4,1.6583150274085412e-06,0.0244084713930112,0.0010006241549244113,True,False
610.1877689098774,0.007773875381307699,0.001,0.4,1.6584410679199024e-06,0.0244084713930112,0.0010006181832589158,True,False
620.0,0.007773875381307699,0.001,0.4,1.6647377720779843e-06,0.0244084713930112,0.0010003988213452822,True,False
630.0,0.007773875381307699,0.001,0.4,1.6706189466253463e-06,0.0244084713930112,0.001000287020306633,True,False
640.0,0.007773875381307699,0.001,0.4,1.67599978273536e-06,0.0244084713930112,0.0010002260112189623,True,False
650.0,0.007773875381307699,0.001,0.4,1.6809019414143478e-06,0.0244084713930112,0.001000188835929782,True,False
712.7508569783073,0.007773875381307699,0.001,0.4,1.7016656018720155e-06,0.0244084713930112,0.0010000951995788867,True,False
832.5532074018732,0.007773875381307699,0.001,0.4,1.7030831516162692e-06,0.0244084713930112,0.0010000393536970789,True,False
972.4924724660731,0.007773875381307699,0.001,0.4,1.6641487650126408e-06,0.0244084713930112,0.0010000185681404697,True,False
1135.9533548066277,0.007773875381307699,0.001,0.4,1.5920559943705115e-06,0.0244084713930112,0.0010000097609872407,True,False
1326.889473009725,0.007773875381307699,0.001,0.4,1.4974188380367792e-06,0.0244084713930112,0.0010000056273745664,True,False
1549.918987548337,0.007773875381307699,0.001,0.4,1.391291884811352e-06,0.0244084713930112,0.0010000035099945173,True,False
1810.4362999534146,0.007773875381307699,0.001,0.4,1.2828238913353829e-06,0.0244084713930112,0.0010000023397246363,True,False
2114.7425268811285,0.007773875381307699,0.001,0.4,1.1781535068644544e-06,0.0244084713930112,0.0010000016482966103,True,False
2470.1979048446246,0.007773875381307699,0.001,0.4,1.080440320877507e-06,0.0244084713930112,0.0010000012149513618,True,False
2885.3998118144273,0.007773875381307699,0.001,0.4,9.905610184324232e-07,0.0244084713930112,0.0010000009287226544,True,False
3370.3907114852836,0.007773875381307699,0.001,0.4,9.079899212505183e-07,0.0244084713930112,0.0010000007306280026,True,False
3936.9010497450113,0.007773875381307699,0.001,0.4,8.315597074259884e-07,0.0244084713930112,0.0010000005877588416,True,False
4598.632978267703,0.007773875381307699,0.001,0.4,7.599894650267558e-07,0.0244084713930112,0.0010000004809599386,True,False
5371.591767636877,0.007773875381307699,0.001,0.4,6.9218810694327e-07,0.0244084713930112,0.0010000003986541097,True,False
6274.472925867966,0.007773875381307699,0.001,0.4,6.273887162011604e-07,0.0244084713930112,0.00100000033360259,True,False
7329.114385542688,0.007773875381307699,0.001,0.4,5.651730158318102e-07,0.0244084713930112,0.0010000002811298972,True,False
8561.024696578494,0.007773875381307699,0.001,0.4,5.054323073405698e-07,0.0244084713930112,0.001000000238119302,True,False
10000.0,0.007773875381307699,0.001,0.4,4.482965152430296e-07,0.0244084713930112,0.001000000202426853,True,False
20.0,0.0096932327659693,0.001,0.4,6.194200482789477e-11,0.030213239296499467,0.0010000160947128787,True,False
23.361689410840295,0.0096932327659693,0.001,0.4,8.30937132629212e-11,0.030213239296499467,0.0010000188102948376,True,False
27.288426606428374,0.0096932327659693,0.001,0.4,1.1101497231985825e-10,0.030213239296499467,0.0010000219877979721,True,False
31.87518734449451,0.0096932327659693,0.001,0.4,1.475353937207825e-10,0.030213239296499467,0.0010000257078751251,True,False
37.23291133272139,0.0096932327659693,0.001,0.4,1.947090097558998e-10,0.030213239296499467,0.0010000300664334092,True,False
43.49118552081964,0.0096932327659693,0.001,0.4,2.545926719015271e-10,0.030213239296499467,0.001000035178170722,True,False
50.80137841233114,0.0096932327659693,0.001,0.4,3.2876267143260084e-10,0.030213239296499467,0.0010000411812687766,True,False
59.34030120557235,0.0096932327659693,0.001,0.4,4.1743493518150456e-10,0.030213239296499467,0.001000048243763537,True,False
69.31448431551465,0.0096932327659693,0.001,0.4,5.181452425134754e-10,0.030213239296499467,0.001000056572392711,True,False
80.9651727125807,0.0096932327659693,0.001,0.4,6.243505989133514e-10,0.030213239296499467,0.0010000664251616064,True,False
94.5741609003176,0.0096932327659693,0.001,0.4,7.251995885264149e-10,0.030213239296499467,0.001000078129580975,True,False
110.47060866220276,0.0096932327659693,0.001,0.4,8.084399517557274e-10,0.030213239296499467,0.0010000921097160292,True,False
129.0390024296432,0.0096932327659693,0.001,0.4,8.665187247003749e-10,0.030213239296499467,0.0010001089272657642,True,False
150.72845483229952,0.0096932327659693,0.001,0.4,9.004038466222893e-10,0.030213239296499467,0.0010001293458369559,True,False
176.06356735840254,0.0096932327659693,0.001,0.4,9.158616351816477e-10,0.030213239296499467,0.001000154435821396,True,False
205.65711885957793,0.0096932327659693,0.001,0.4,9.224717017271462e-10,0.030213239296499467,0.0010001857562845044,True,False
240.22488679628626,0.0096932327659693,0.001,0.4,9.66241621598845e-10,0.030213239296499467,0.0010002256979658353,True,False
280.60295970445543,0.0096932327659693,0.001,0.4,1.2884703434398737e-09,0.030213239296499467,0.0010002782014466786,True,False
327.76795961890105,0.0096932327659693,0.001,0.4,2.9779637625206717e-09,0.030213239296499467,0.0010003504631359292,True,False
382.86066357208045,0.0096932327659693,0.001,0.4,1.0113170594797799e-08,0.030213239296499467,0.0010004578318673898,True,False
447.213595499958,0.0096932327659693,0.001,0.4,2.15150907714734e-08,0.030213239296499467,0.001000777037986936,True,False
450.0,0.0096932327659693,0.001,0.4,1.8338740330990644e-08,0.030213239296499467,0.0010008376468863397,True,False
460.0,0.0096932327659693,0.001,0.4,1.0888369229682116e-08,0.030213239296499467,0.001001258367909679,True,False
470.0,0.0096932327659693,0.001,0.4,1.010731707998952e-07,0.030213239296499467,0.0010024176168265736,True,False
480.0,0.0096932327659693,0.001,0.4,3.3067576862139125e-07,0.030213239296499467,0.001005617177291412,True,False
490.0,0.0096932327659693,0.001,0.4,7.754033980317265e-07,0.030213239296499467,0.0010141500245697778,True,False
500.0,0.0096932327659693,0.001,0.4,1.2148349062060526e-06,0.030213239296499467,0.0010351813725093034,True,False
510.0,0.0096932327659693,0.001,0.4,9.356310435859605e-07,0.030213239296499467,0.001078710407422522,True,False
520.0,0.0096932327659693,0.001,0.4,1.009545034791337e-07,0.030213239296499467,0.0011390030162983225,True,False
522.3832559187591,0.0096932327659693,0.001,0.4,3.557338204562832e-07,0.030213239296499467,0.0011509965090693566,True,False
530.0,0.0096932327659693,0.001,0.4,9.999356052059483e-07,0.030213239296499467,0.001166092320084854,True,False
540.0,0.0096932327659693,0.001,0.4,1.4197343274346963e-06,0.030213239296499467,0.0011269773800510743,True,False
550.0,0.0096932327659693,0.001,0.4,1.559948399232347e-06,0.030213239296499467,0.0010693732314458462,True,False
560.0,0.0096932327659693,0.001,0.4,1.6051780982184738e-06,0.030213239296499467,0.0010318986637004582,True,False
570.0,0.0096932327659693,0.001,0.4,1.6240579372439612e-06,0.030213239296499467,0.0010138490248066115,True,False
580.0,0.0096932327659693,0.001,0.4,1.6353595932994125e-06,0.030213239296499467,0.00100605618999594,True,False
590.0,0.0096932327659693,0.001,0.4,1.6440851225985043e-06,0.030213239296499467,0.001002780903242794,True,False
600.0,0.0096932327659693,0.001,0.4,1.6516758802875842e-06,0.030213239296499467,0.0010013897873974989,True,False
610.0,0.0096932327659693,0.001,0.4,1.6585758521037164e-06,0.030213239296499467,0.0010007797404903975,True,False
610.1877689098774,0.0096932327659693,0.001,0.4,1.658699926743168e-06,0.030213239296499467,0.0010007722803675448,True,False
620.0,0.0096932327659693,0.001,0.4,1.6649263128165614e-06,0.030213239296499467,0.0010004982411822008,True,False
630.0,0.0096932327659693,0.001,0.4,1.670774412820819e-06,0.030213239296499467,0.0010003585722817556,True,False
640.0,0.0096932327659693,0.001,0.4,1.6761394452391443e-06,0.030213239296499467,0.001000282355375747,True,False
650.0,0.0096932327659693,0.001,0.4,1.6810338181461049e-06,0.030213239296499467,0.0010002359130273355,True,False
712.7508569783073,0.0096932327659693,0.001,0.4,1.7017954642151167e-06,0.030213239296499467,0.001000118933522697,True,False
832.5532074018732,0.0096932327659693,0.001,0.4,1.703243417860989e-06,0.030213239296499467,0.0010000491649405632,True,False
972.4924724660731,0.0096932327659693,0.001,0.4,1.6643390124970736e-06,0.030213239296499467,0.0010000231973726894,True,False
1135.9533548066277,0.0096932327659693,0.001,0.4,1.5922611247276564e-06,0.030213239296499467,0.0010000121945111786,True,False
1326.889473009725,0.0096932327659693,0.001,0.4,1.4976207827199772e-06,0.030213239296499467,0.001000007030345417,True,False
1549.918987548337,0.0096932327659693,0.001,0.4,1.3914760061961573e-06,0.030213239296499467,0.0010000043850784115,True,False
1810.4362999534146,0.0096932327659693,0.001,0.4,1.2829814116654958e-06,0.030213239296499467,0.0010000029230466936,True,False
2114.7425268811285,0.0096932327659693,0.001,0.4,1.1782810706018054e-06,0.030213239296499467,0.0010000020592372252,True,False
2470.1979048446246,0.0096932327659693,0.001,0.4,1.0805382817391518e-06,0.030213239296499467,0.0010000015178538426,True,False
2885.3998118144273,0.0096932327659693,0.001,0.4,9.906317095520478e-07,0.030213239296499467,0.0010000011602645511,True,False
3370.3907114852836,0.0096932327659693,0.001,0.4,9.080364323788004e-07,0.030213239296499467,0.0010000009127828493,True,False
3936.9010497450113,0.0096932327659693,0.001,0.4,8.31585228677767e-07,0.030213239296499467,0.0010000007342946251,True,False
4598.632978267703,0.0096932327659693,0.001,0.4,7.599970088811858e-07,0.030213239296499467,0.0010000006008693543,True,False
5371.591767636877,0.0096932327659693,0.001,0.4,6.921804558412958e-07,0.030213239296499467,0.0010000004980438284,True,False
6274.472925867966,0.0096932327659693,0.001,0.4,6.273684545199387e-07,0.030213239296499467,0.0010000004167738377,True,False
7329.114385542688,0.0096932327659693,0.001,0.4,5.65142580843947e-07,0.030213239296499467,0.001000000351219387,True,False
8561.024696578494,0.0096932327659693,0.001,0.4,5.053940204113871e-07,0.030213239296499467,0.0010000002974854807,True,False
10000.0,0.0096932327659693,0.001,0.4,4.4825258682656965e-07,0.030213239296499467,0.00100000025289415,True,False
20.0,0.01208647641576361,0.001,0.4,8.859318786727645e-11,0.03746416115697702,0.0010000201170890716,True,False
23.361689410840295,0.01208647641576361,0.001,0.4,1.1884304186340121e-10,0.03746416115697702,0.0010000235113470349,True,False
27.288426606428374,0.01208647641576361,0.001,0.4,1.587726001494867e-10,0.03746416115697702,0.0010000274829692058,True,False
31.87518734449451,0.01208647641576361,0.001,0.4,2.1099688511733503e-10,0.03746416115697702,0.0010000321327651594,True,False
37.23291133272139,0.01208647641576361,0.001,0.4,2.784508553954806e-10,0.03746416115697702,0.001000037580611091,True,False
43.49118552081964,0.01208647641576361,0.001,0.4,3.6407207115218265e-10,0.03746416115697702,0.0010000439698701832,True,False
50.80137841233114,0.01208647641576361,0.001,0.4,4.701090973199847e-10,0.03746416115697702,0.0010000514732585249,True,False
59.34030120557235,0.01208647641576361,0.001,0.4,5.968635645116669e-10,0.03746416115697702,0.001000060300807655,True,False
69.31448431551465,0.01208647641576361,0.001,0.4,7.408045506426163e-10,0.03746416115697702,0.0010000707109232361,True,False
80.9651727125807,0.01208647641576361,0.001,0.4,8.925728791566877e-10,0.03746416115697702,0.0010000830260913957,True,False
94.5741609003176,0.01208647641576361,0.001,0.4,1.0366592838633641e-09,0.03746416115697702,0.0010000976556746091,True,False
110.47060866220276,0.01208647641576361,0.001,0.4,1.15556456740476e-09,0.03746416115697702,0.001000115129720871,True,False
129.0390024296432,0.01208647641576361,0.001,0.4,1.2385029261816072e-09,0.03746416115697702,0.0010001361503096733,True,False
150.72845483229952,0.01208647641576361,0.001,0.4,1.2867751320010665e-09,0.03746416115697702,0.0010001616718895592,True,False
176.06356735840254,0.01208647641576361,0.001,0.4,1.3080168141711983e-09,0.03746416115697702,0.0010001930323666475,True,False
205.65711885957793,0.01208647641576361,0.001,0.4,1.3124206171431698e-09,0.03746416115697702,0.0010002321804515994,True,False
240.22488679628626,0.01208647641576361,0.001,0.4,1.3463114978862385e-09,0.03746416115697702,0.0010002821043844743,True,False
280.60295970445543,0.01208647641576361,0.001,0.4,1.6536712259956898e-09,0.03746416115697702,0.0010003477295909822,True,False
327.76795961890105,0.01208647641576361,0.001,0.4,3.329114729982291e-09,0.03746416115697702,0.0010004380510411333,True,False
382.86066357208045,0.01208647641576361,0.001,0.4,1.0461643645993945e-08,0.03746416115697702,0.0010005722536686919,True,False
447.213595499958,0.01208647641576361,0.001,0.4,2.1975630706654037e-08,0.03746416115697702,0.0010009712576846677,True,False
450.0,0.01208647641576361,0.001,0.4,1.8829405917276942e-08,0.03746416115697702,0.0010010470213427615,True,False
460.0,0.01208647641576361,0.001,0.4,1.0184818872820134e-08,0.03746416115697702,0.0010015729422141314,True,False
470.0,0.01208647641576361,0.001,0.4,9.978303037137815e-08,0.03746416115697702,0.00100302205607082,True,False
480.0,0.01208647641576361,0.001,0.4,3.277801898481092e-07,0.03746416115697702,0.0010070216321179755,True,False
490.0,0.01208647641576361,0.001,0.4,7.682633485911472e-07,0.03746416115697702,0.0010176879405581546,True,False
500.0,0.01208647641576361,0.001,0.4,1.1974970835076926e-06,0.03746416115697702,0.00104397739045834,True,False
510.0,0.01208647641576361,0.001,0.4,8.985967754893132e-07,0.03746416115697702,0.0010983878282573292,True,False
520.0,0.01208647641576361,0.001,0.4,1.627191961728336e-07,0.03746416115697702,0.001173748211423741,True,False
522.3832559187591,0.01208647641576361,0.001,0.4,4.219966671104025e-07,0.03746416115697702,0.0011887378870298884,True,False
530.0,0.01208647641576361,0.001,0.4,1.0703035733250488e-06,0.03746416115697702,0.0012076004314875424,True,False
540.0,0.01208647641576361,0.001,0.4,1.4715108240803687e-06,0.03746416115697702,0.0011587046708850792,True,False
550.0,0.01208647641576361,0.001,0.4,1.587311518003176e-06,0.03746416115697702,0.001086705475621729,True,False
560.0,0.01208647641576361,0.001,0.4,1.6173929534568643e-06,0.03746416115697702,0.0010398679500250854,True,False
570.0,0.01208647641576361,0.001,0.4,1.6292321507460628e-06,0.03746416115697702,0.0010173089418109562,True,False
580.0,0.01208647641576361,0.001,0.4,1.6375894429376814e-06,0.03746416115697702,0.0010075692420232754,True,False
590.0,0.01208647641576361,0.001,0.4,1.6451150832708095e-06,0.03746416115697702,0.0010034756940481273,True,False
600.0,0.01208647641576361,0.001,0.4,1.652212382241558e-06,0.03746416115697702,0.0010017370320934962,True,False
610.0,0.01208647641576361,0.001,0.4,1.6589039874004285e-06,0.03746416115697702,0.001000974572318846,True,False
610.1877689098774,0.01208647641576361,0.001,0.4,1.6590255820236877e-06,0.03746416115697702,0.001000965248346696,True,False
620.0,0.01208647641576361,0.001,0.4,1.6651631348230111e-06,0.03746416115697702,0.0010006227418354321,True,False
630.0,0.01208647641576361,0.001,0.4,1.6709694177219347e-06,0.03746416115697702,0.0010004481761295416,True,False
640.0,0.01208647641576361,0.001,0.4,1.676314424048364e-06,0.03746416115697702,0.0010003529153402848,True,False
650.0,0.01208647641576361,0.001,0.4,1.6811989020926177e-06,0.03746416115697702,0.0010002948682003012,True,False
712.7508569783073,0.01208647641576361,0.001,0.4,1.701957553446043e-06,0.03746416115697702,0.0010001486561070907,True,False
832.5532074018732,0.01208647641576361,0.001,0.4,1.703443178513453e-06,0.03746416115697702,0.0010000614518421705,True,False
972.4924724660731,0.01208647641576361,0.001,0.4,1.6645761190536845e-06,0.03746416115697702,0.0010000289947058585,True,False
1135.9533548066277,0.01208647641576361,0.001,0.4,1.5925167665686857e-06,0.03746416115697702,0.0010000152420936983,True,False
1326.889473009725,0.01208647641576361,0.001,0.4,1.4978724485192885e-06,0.03746416115697702,0.0010000087873330834,True,False
1549.918987548337,0.01208647641576361,0.001,0.4,1.391705440334512e-06,0.03746416115697702,0.0010000054809765615,True,False
1810.4362999534146,0.01208647641576361,0.001,0.4,1.2831776686761387e-06,0.03746416115697702,0.0010000036535613424,True,False
2114.7425268811285,0.01208647641576361,0.001,0.4,1.1784399660541567e-06,0.03746416115697702,0.0010000025738728926,True,False
2470.1979048446246,0.01208647641576361,0.001,0.4,1.0806602595003767e-06,0.03746416115697702,0.0010000018971896276,True,False
2885.3998118144273,0.01208647641576361,0.001,0.4,9.907196807379393e-07,0.03746416115697702,0.0010000014502334889,True,False
3370.3907114852836,0.01208647641576361,0.001,0.4,9.080942562356142e-07,0.03746416115697702,0.0010000011409017065,True,False
3936.9010497450113,0.01208647641576361,0.001,0.4,8.316168812472213e-07,0.03746416115697702,0.0010000009178064975,True,False
4598.632978267703,0.01208647641576361,0.001,0.4,7.600062513768435e-07,0.03746416115697702,0.0010000007510363442,True,False
5371.591767636877,0.01208647641576361,0.001,0.4,6.921707583762426e-07,0.03746416115697702,0.0010000006225129301,True,False
6274.472925867966,0.01208647641576361,0.001,0.4,6.273430419589943e-07,0.03746416115697702,0.0010000005209325194,True,False
7329.114385542688,0.01208647641576361,0.001,0.4,5.651044926446858e-07,0.03746416115697702,0.0010000004389946185,True,False
8561.024696578494,0.01208647641576361,0.001,0.4,5.053461540338589e-07,0.03746416115697702,0.0010000003718317876,True,False
10000.0,0.01208647641576361,0.001,0.4,4.481976979553437e-07,0.03746416115697702,0.0010000003160964823,True,False
20.0,0.015070608090798491,0.001,0.4,1.223434510247747e-10,0.04652448249214048,0.001000025159966949,True,False
23.361689410840295,0.015070608090798491,0.001,0.4,1.641127177963229e-10,0.04652448249214048,0.0010000294050853235,True,False
27.288426606428374,0.015070608090798491,0.001,0.4,2.1924488149230743e-10,0.04652448249214048,0.0010000343722996086,True,False
31.87518734449451,0.015070608090798491,0.001,0.4,2.913480564350301e-10,0.04652448249214048,0.001000040187690024,True,False
37.23291133272139,0.015070608090798491,0.001,0.4,3.844703658845864e-10,0.04652448249214048,0.0010000470011829884,True,False
43.49118552081964,0.015070608090798491,0.001,0.4,5.026610473275977e-10,0.04652448249214048,0.00100005499207958,True,False
50.80137841233114,0.015070608090798491,0.001,0.4,6.490149795027254e-10,0.04652448249214048,0.001000064376391918,True,False
59.34030120557235,0.015070608090798491,0.001,0.4,8.239362497540842e-10,0.04652448249214048,0.001000075416801754,True,False
69.31448431551465,0.015070608090798491,0.001,0.4,1.0225377364845431e-09,0.04652448249214048,0.0010000884364913284,True,False
80.9651727125807,0.015070608090798491,0.001,0.4,1.2318934250644823e-09,0.04652448249214048,0.0010001038387869759,True,False
94.5741609003176,0.015070608090798491,0.001,0.4,1.4306059958444115e-09,0.04652448249214048,0.001000122135669482,True,False
110.47060866220276,0.015070608090798491,0.001,0.4,1.5945569075782927e-09,0.04652448249214048,0.0010001439900585544,True,False
129.0390024296432,0.015070608090798491,0.001,0.4,1.7088996428502653e-09,0.04652448249214048,0.0010001702800302528,True,False
150.72845483229952,0.015070608090798491,0.001,0.4,1.7753808457850325e-09,0.04652448249214048,0.0010002021992936655,True,False
176.06356735840254,0.015070608090798491,0.001,0.4,1.804006502124575e-09,0.04652448249214048,0.0010002414211409544,True,False
205.65711885957793,0.015070608090798491,0.001,0.4,1.8057281425600414e-09,0.04652448249214048,0.001000290382786258,True,False
240.22488679628626,0.015070608090798491,0.001,0.4,1.827242838970105e-09,0.04652448249214048,0.0010003528215648068,True,False
280.60295970445543,0.015070608090798491,0.001,0.4,2.1158998506206825e-09,0.04652448249214048,0.0010004348976179454,True,False
327.76795961890105,0.015070608090798491,0.001,0.4,3.773646181561702e-09,0.04652448249214048,0.0010005478608060615,True,False
382.86066357208045,0.015070608090798491,0.001,0.4,1.090279225669094e-08,0.04652448249214048,0.0010007157054804025,True,False
447.213595499958,0.015070608090798491,0.001,0.4,2.2558446745139793e-08,0.04652448249214048,0.0010012147651537436,True,False
450.0,0.015070608090798491,0.001,0.4,1.9450369031538683e-08,0.04652448249214048,0.0010013095326297872,True,False
460.0,0.015070608090798491,0.001,0.4,9.294223065649254e-09,0.04652448249214048,0.0010019673735100687,True,False
470.0,0.015070608090798491,0.001,0.4,9.814945816331855e-08,0.04652448249214048,0.0010037799756248992,True,False
480.0,0.015070608090798491,0.001,0.4,3.2411363103633517e-07,0.04652448249214048,0.0010087827533393238,True,False
490.0,0.015070608090798491,0.001,0.4,7.592239440537552e-07,0.04652448249214048,0.0010221243262240462,True,False
500.0,0.015070608090798491,0.001,0.4,1.175551761552207e-06,0.04652448249214048,0.0010550070021551053,True,False
510.0,0.015070608090798491,0.001,0.4,8.517173649691401e-07,0.04652448249214048,0.0011230610277274946,True,False
520.0,0.015070608090798491,0.001,0.4,2.4091930844738485e-07,0.04652448249214048,0.0012173116885634818,True,False
522.3832559187591,0.015070608090798491,0.001,0.4,5.058942036395564e-07,0.04652448249214048,0.0012360570074098068,True,False
530.0,0.015070608090798491,0.001,0.4,1.1594001431136647e-06,0.04652448249214048,0.00125963853985439,True,False
540.0,0.015070608090798491,0.001,0.4,1.5370633880129603e-06,0.04652448249214048,0.0011984775397009253,True,False
550.0,0.015070608090798491,0.001,0.4,1.6219526897121028e-06,0.04652448249214048,0.0011084319379693888,True,False
560.0,0.015070608090798491,0.001,0.4,1.6328557079781092e-06,0.04652448249214048,0.0010498575126353096,True,False
570.0,0.015070608090798491,0.001,0.4,1.6357814033307605e-06,0.04652448249214048,0.0010216459727605534,True,False
580.0,0.015070608090798491,0.001,0.4,1.6404110806389482e-06,0.04652448249214048,0.0010094658791807145,True,False
590.0,0.015070608090798491,0.001,0.4,1.6464175699448802e-06,0.04652448249214048,0.0010043466389485492,True,False
600.0,0.015070608090798491,0.001,0.4,1.6528900420587078e-06,0.04652448249214048,0.0010021723242400462,True,False
610.0,0.015070608090798491,0.001,0.4,1.659317738433863e-06,0.04652448249214048,0.0010012188114726364,True,False
610.1877689098774,0.015070608090798491,0.001,0.4,1.6594361875732488e-06,0.04652448249214048,0.0010012071511074075,True,False
620.0,0.015070608090798491,0.001,0.4,1.6654611671995667e-06,0.04652448249214048,0.0010007788181523028,True,False
630.0,0.015070608090798491,0.001,0.4,1.671214389764586e-06,0.04652448249214048,0.0010005605072569415,True,False
640.0,0.015070608090798491,0.001,0.4,1.6765339243551836e-06,0.04652448249214048,0.0010004413733932785,True,False
650.0,0.015070608090798491,0.001,0.4,1.6814057584024766e-06,0.04652448249214048,0.0010003687784062567,True,False
712.7508569783073,0.015070608090798491,0.001,0.4,1.7021599270083954e-06,0.04652448249214048,0.0010001859188307751,True,False
832.5532074018732,0.015070608090798491,0.001,0.4,1.703692157684067e-06,0.04652448249214048,0.0010000768558048314,True,False
972.4924724660731,0.015070608090798491,0.001,0.4,1.6648715567280092e-06,0.04652448249214048,0.0010000362627823325,True,False
1135.9533548066277,0.015070608090798491,0.001,0.4,1.592835321639896e-06,0.04652448249214048,0.0010000190628330899,True,False
1326.889473009725,0.015070608090798491,0.001,0.4,1.4981860331220176e-06,0.04652448249214048,0.0010000109900626377,True,False
1549.918987548337,0.015070608090798491,0.001,0.4,1.3919912938975543e-06,0.04652448249214048,0.0010000068549013133,True,False
1810.4362999534146,0.015070608090798491,0.001,0.4,1.2834221402302504e-06,0.04652448249214048,0.0010000045694066309,True,False
2114.7425268811285,0.015070608090798491,0.001,0.4,1.1786378371070327e-06,0.04652448249214048,0.0010000032190707877,True,False
2470.1979048446246,0.015070608090798491,0.001,0.4,1.08081208904931e-06,0.04652448249214048,0.00100000237276232,True,False
2885.3998118144273,0.015070608090798491,0.001,0.4,9.908291102034283e-07,0.04652448249214048,0.0010000018137666924,True,False
3370.3907114852836,0.015070608090798491,0.001,0.4,9.081660861109953e-07,0.04652448249214048,0.0010000014268947135,True,False
3936.9010497450113,0.015070608090798491,0.001,0.4,8.316560847765331e-07,0.04652448249214048,0.0010000011478756834,True,False
4598.632978267703,0.015070608090798491,0.001,0.4,7.600175184752089e-07,0.04652448249214048,0.0010000009393004152,True,False
5371.591767636877,0.015070608090798491,0.001,0.4,6.921584211339038e-07,0.04652448249214048,0.0010000007785596612,True,False
6274.472925867966,0.015070608090798491,0.001,0.4,6.273111232690809e-07,0.04652448249214048,0.0010000006515162854,True,False
7329.114385542688,0.015070608090798491,0.001,0.4,5.650567855841615e-07,0.04652448249214048,0.0010000005490384814,True,False
8561.024696578494,0.015070608090798491,0.001,0.4,5.052862713794681e-07,0.04652448249214048,0.0010000004650398955,True,False
10000.0,0.015070608090798491,0.001,0.4,4.481290780677938e-07,0.04652448249214048,0.0010000003953333217,True,False
20.0,0.01879151709841743,0.001,0.4,1.652475475935104e-10,0.05784960092260175,0.0010000314908926446,True,False
23.361689410840295,0.01879151709841743,0.001,0.4,2.216570328065523e-10,0.05784960092260175,0.0010000368041976901,True,False
27.288426606428374,0.01879151709841743,0.001,0.4,2.9610816301242987e-10,0.05784960092260175,0.0010000430212976999,True,False
31.87518734449451,0.01879151709841743,0.001,0.4,3.9346905826649934e-10,0.05784960092260175,0.0010000502999981864,True,False
37.23291133272139,0.01879151709841743,0.001,0.4,5.191990772300423e-10,0.05784960092260175,0.0010000588279512523,True,False
43.49118552081964,0.01879151709841743,0.001,0.4,6.78754875296382e-10,0.05784960092260175,0.0010000688295751787,True,False
50.80137841233114,0.01879151709841743,0.001,0.4,8.762991773601892e-10,0.05784960092260175,0.0010000805752368655,True,False
59.34030120557235,0.01879151709841743,0.001,0.4,1.1123566602048071e-09,0.05784960092260175,0.001000094393716309,True,False
69.31448431551465,0.01879151709841743,0.001,0.4,1.3803076686202056e-09,0.05784960092260175,0.001000110689517735,True,False
80.9651727125807,0.01879151709841743,0.001,0.4,1.662691173652551e-09,0.05784960092260175,0.0010001299674561493,True,False
94.5741609003176,0.01879151709841743,0.001,0.4,1.93064157934048e-09,0.05784960092260175,0.0010001528683418067,True,False
110.47060866220276,0.01879151709841743,0.001,0.4,2.1516657812414175e-09,0.05784960092260175,0.0010001802219048136,True,False
129.0390024296432,0.01879151709841743,0.001,0.4,2.305807985506273e-09,0.05784960092260175,0.0010002131271717558,True,False
150.72845483229952,0.01879151709841743,0.001,0.4,2.395420308930787e-09,0.05784960092260175,0.0010002530782256469,True,False
176.06356735840254,0.01879151709841743,0.001,0.4,2.4335269498576995e-09,0.05784960092260175,0.0010003021694113708,True,False
205.65711885957793,0.01879151709841743,0.001,0.4,2.4320165546823412e-09,0.05784960092260175,0.001000363451224168,True,False
240.22488679628626,0.01879151709841743,0.001,0.4,2.4380119721017016e-09,0.05784960092260175,0.0010004416014357561,True,False
280.60295970445543,0.01879151709841743,0.001,0.4,2.7030957111323292e-09,0.05784960092260175,0.0010005443302891054,True,False
327.76795961890105,0.01879151709841743,0.001,0.4,4.3384970052282035e-09,0.05784960092260175,0.0010006857185138108,True,False
382.86066357208045,0.01879151709841743,0.001,0.4,1.1463358706720328e-08,0.05784960092260175,0.0010008957984147062,True,False
447.213595499958,0.01879151709841743,0.001,0.4,2.329871694357888e-08,0.05784960092260175,0.0010015204896413393,True,False
450.0,0.01879151709841743,0.001,0.4,2.023912835328462e-08,0.05784960092260175,0.0010016391214978408,True,False
460.0,0.01879151709841743,0.001,0.4,8.162631776227613e-09,0.05784960092260175,0.0010024626250434918,True,False
470.0,0.01879151709841743,0.001,0.4,9.607315672698069e-08,0.05784960092260175,0.0010047316877354667,True,False
480.0,0.01879151709841743,0.001,0.4,3.194530722207267e-07,0.05784960092260175,0.001010994246257709,True,False
490.0,0.01879151709841743,0.001,0.4,7.477367151668968e-07,0.05784960092260175,0.0010276952340435496,True,False
500.0,0.01879151709841743,0.001,0.4,1.147670949469548e-06,0.05784960092260175,0.0010688569228822905,True,False
510.0,0.01879151709841743,0.001,0.4,7.921534181942746e-07,0.05784960092260175,0.0011540417420838325,True,False
520.0,0.01879151709841743,0.001,0.4,3.40303364654293e-07,0.05784960092260175,0.0012720071714784611,True,False
522.3832559187591,0.01879151709841743,0.001,0.4,6.125226302278186e-07,0.05784960092260175,0.0012954663102346378,True,False
530.0,0.01879151709841743,0.001,0.4,1.2726381142247334e-06,0.05784960092260175,0.0013249668123537775,True,False
540.0,0.01879151709841743,0.001,0.4,1.6203708631534752e-06,0.05784960092260175,0.001248403127205643,True,False
550.0,0.01879151709841743,0.001,0.4,1.6659726190804136e-06,0.05784960092260175,0.0011357029063170368,True,False
560.0,0.01879151709841743,0.001,0.4,1.6525032746628199e-06,0.05784960092260175,0.001062396111666807,True,False
570.0,0.01879151709841743,0.001,0.4,1.6441019352608777e-06,0.05784960092260175,0.0010270896806146004,True,False
580.0,0.01879151709841743,0.001,0.4,1.6439946156632246e-06,0.05784960092260175,0.0010118465042427962,True,False
590.0,0.01879151709841743,0.001,0.4,1.6480704826404846e-06,0.05784960092260175,0.001005439853082656,True,False
600.0,0.01879151709841743,0.001,0.4,1.653748771923702e-06,0.05784960092260175,0.001002718718552952,True,False
610.0,0.01879151709841743,0.001,0.4,1.6598409220414112e-06,0.05784960092260175,0.0010015253982249553,True,False
610.1877689098774,0.01879151709841743,0.001,0.4,1.659955372823596e-06,0.05784960092260175,0.0010015108052204838,True,False
620.0,0.01879151709841743,0.001,0.4,1.665837113029589e-06,0.05784960092260175,0.0010009747421569895,True,False
630.0,0.01879151709841743,0.001,0.4,1.6715227233454755e-06,0.05784960092260175,0.0010007015208236538,True,False
640.0,0.01879151709841743,0.001,0.4,1.6768097104158386e-06,0.05784960092260175,0.0010005524199603313,True,False
650.0,0.01879151709841743,0.001,0.4,1.6816652921303188e-06,0.05784960092260175,0.0010004615631393756,True,False
712.7508569783073,0.01879151709841743,0.001,0.4,1.702412686821475e-06,0.05784960092260175,0.001000232698124325,True,False
832.5532074018732,0.01879151709841743,0.001,0.4,1.7040024554715316e-06,0.05784960092260175,0.0010000961939181643,True,False
972.4924724660731,0.01879151709841743,0.001,0.4,1.6652396482852438e-06,0.05784960092260175,0.0010000453871455975,True,False
1135.9533548066277,0.01879151709841743,0.001,0.4,1.5932321807410332e-06,0.05784960092260175,0.0010000238594101143,True,False
1326.889473009725,0.01879151709841743,0.001,0.4,1.4985766980668558e-06,0.05784960092260175,0.0010000137553852753,True,False
1549.918987548337,0.01879151709841743,0.001,0.4,1.3923473658472574e-06,0.05784960092260175,0.0010000085797378091,True,False
1810.4362999534146,0.01879151709841743,0.001,0.4,1.2837265983556279e-06,0.05784960092260175,0.0010000057191666958,True,False
2114.7425268811285,0.01879151709841743,0.001,0.4,1.1788841627335955e-06,0.05784960092260175,0.0010000040290589754,True,False
2470.1979048446246,0.01879151709841743,0.001,0.4,1.0810009908324147e-06,0.05784960092260175,0.0010000029698011828,True,False
2885.3998118144273,0.01879151709841743,0.001,0.4,9.909651259576435e-07,0.05784960092260175,0.00100000227015029,True,False
3370.3907114852836,0.01879151709841743,0.001,0.4,9.08255229803423e-07,0.05784960092260175,0.001000001785932624,True,False
3936.9010497450113,0.01879151709841743,0.001,0.4,8.317045535610745e-07,0.05784960092260175,0.0010000014367067536,True,False
4598.632978267703,0.01879151709841743,0.001,0.4,7.600311670019622e-07,0.05784960092260175,0.0010000011756491336,True,False
5371.591767636877,0.01879151709841743,0.001,0.4,6.921426550787757e-07,0.05784960092260175,0.0010000009744628438,True,False
6274.472925867966,0.01879151709841743,0.001,0.4,6.272709629495665e-07,0.05784960092260175,0.0010000008154521503,True,False
7329.114385542688,0.01879151709841743,0.001,0.4,5.649969642140817e-07,0.05784960092260175,0.0010000006871888614,True,False
8561.024696578494,0.01879151709841743,0.001,0.4,5.052112944659015e-07,0.05784960092260175,0.0010000005820539606,True,False
10000.0,0.01879151709841743,0.001,0.4,4.4804323551250747e-07,0.05784960092260175,0.0010000004948077503,True,False
20.0,0.02343111258235932,0.001,0.4,2.200489275102888e-10,0.07201024006295803,0.001000039452496687,True,False
23.361689410840295,0.02343111258235932,0.001,0.4,2.9515270964845076e-10,0.07201024006295803,0.0010000461091252053,True,False
27.288426606428374,0.02343111258235932,0.001,0.4,3.94268830879595e-10,0.07201024006295803,0.0010000538980487433,True,False
31.87518734449451,0.02343111258235932,0.001,0.4,5.238709126426538e-10,0.07201024006295803,0.0010000630169697629,True,False
37.23291133272139,0.02343111258235932,0.001,0.4,6.912147244367318e-10,0.07201024006295803,0.0010000737009832747,True,False
43.49118552081964,0.02343111258235932,0.001,0.4,9.035453747217741e-10,0.07201024006295803,0.0010000862312458821,True,False
50.80137841233114,0.02343111258235932,0.001,0.4,1.1663767372270762e-09,0.07201024006295803,0.0010001009464797898,True,False
59.34030120557235,0.02343111258235932,0.001,0.4,1.4803720878384384e-09,0.07201024006295803,0.0010001182585886426,True,False
69.31448431551465,0.02343111258235932,0.001,0.4,1.8366852552217347e-09,0.07201024006295803,0.0010001386743453908,True,False
80.9651727125807,0.02343111258235932,0.001,0.4,2.2120614904161712e-09,0.07201024006295803,0.0010001628261950108,True,False
94.5741609003176,0.02343111258235932,0.001,0.4,2.5681228369532215e-09,0.07201024006295803,0.0010001915169610227,True,False
110.47060866220276,0.02343111258235932,0.001,0.4,2.861743464215808e-09,0.07201024006295803,0.001000225786150965,True,False
129.0390024296432,0.02343111258235932,0.001,0.4,3.0665257495424538e-09,0.07201024006295803,0.0010002670106546098,True,False
150.72845483229952,0.02343111258235932,0.001,0.4,3.185656810989878e-09,0.07201024006295803,0.001000317062299839,True,False
176.06356735840254,0.02343111258235932,0.001,0.4,3.2360239583662637e-09,0.07201024006295803,0.0010003785649404398,True,False
205.65711885957793,0.02343111258235932,0.001,0.4,3.2306689529257217e-09,0.07201024006295803,0.0010004553403247277,True,False
240.22488679628626,0.02343111258235932,0.001,0.4,3.2171831764924406e-09,0.07201024006295803,0.0010005532489050623,True,False
280.60295970445543,0.02343111258235932,0.001,0.4,3.4524802901541446e-09,0.07201024006295803,0.0010006819503162031,True,False
327.76795961890105,0.02343111258235932,0.001,0.4,5.059584528687572e-09,0.07201024006295803,0.001000859085371443,True,False
382.86066357208045,0.02343111258235932,0.001,0.4,1.2179004499780072e-08,0.07201024006295803,0.0010011222797330793,True,False
447.213595499958,0.02343111258235932,0.001,0.4,2.4243302029075542e-08,0.07201024006295803,0.0010019049931029563,True,False
450.0,0.02343111258235932,0.001,0.4,2.124564296018816e-08,0.07201024006295803,0.001002053646639755,True,False
460.0,0.02343111258235932,0.001,0.4,6.7181033678795354e-09,0.07201024006295803,0.0010030855586433572,True,False
470.0,0.02343111258235932,0.001,0.4,9.342158594632943e-08,0.07201024006295803,0.0010059288602312305,True,False
480.0,0.02343111258235932,0.001,0.4,3.1350077281736e-07,0.07201024006295803,0.001013776226531573,True,False
490.0,0.02343111258235932,0.001,0.4,7.330699239235794e-07,0.07201024006295803,0.0010347032476109705,True,False
500.0,0.02343111258235932,0.001,0.4,1.1120842069861636e-06,0.07201024006295803,0.001086279169777423,True,False
510.0,0.02343111258235932,0.001,0.4,7.161186371673622e-07,0.07201024006295803,0.0011930109677252823,True,False
520.0,0.02343111258235932,0.001,0.4,4.672076446277096e-07,0.07201024006295803,0.001340798748765192,True,False
522.3832559187591,0.02343111258235932,0.001,0.4,7.486826875124919e-07,0.07201024006295803,0.0013701841442191878,True,False
530.0,0.02343111258235932,0.001,0.4,1.4172406737067433e-06,0.07201024006295803,0.0014071197484548095,True,False
540.0,0.02343111258235932,0.001,0.4,1.7267413061627934e-06,0.07201024006295803,0.0013111786821012874,True,False
550.0,0.02343111258235932,0.001,0.4,1.7221730277405811e-06,0.07201024006295803,0.0011699904894261195,True,False
560.0,0.02343111258235932,0.001,0.4,1.6775849255301623e-06,0.07201024006295803,0.0010781603873806214,True,False
570.0,0.02343111258235932,0.001,0.4,1.6547218888440796e-06,0.07201024006295803,0.001033933830345334,True,False
580.0,0.02343111258235932,0.001,0.4,1.6485665745857858e-06,0.07201024006295803,0.001014839604722705,True,False
590.0,0.02343111258235932,0.001,0.4,1.65017732800532e-06,0.07201024006295803,0.0010068143549984967,True,False
600.0,0.02343111258235932,0.001,0.4,1.6548413930284056e-06,0.07201024006295803,0.0010034057234458152,True,False
610.0,0.02343111258235932,0.001,0.4,1.6605048553941515e-06,0.07201024006295803,0.0010019108970670257,True,False
610.1877689098774,0.02343111258235932,0.001,0.4,1.6606141959307763e-06,0.07201024006295803,0.00100189261686534,True,False
620.0,0.02343111258235932,0.001,0.4,1.6663127784255494e-06,0.07201024006295803,0.0010012211038065147,True,False
630.0,0.02343111258235932,0.001,0.4,1.6719117787999949e-06,0.07201024006295803,0.0010008788413824457,True,False
640.0,0.02343111258235932,0.001,0.4,1.6771569228968275e-06,0.07201024006295803,0.0010006920606873129,True,False
650.0,0.02343111258235932,0.001,0.4,1.6819914718801954e-06,0.07201024006295803,0.0010005782411345301,True,False
712.7508569783073,0.02343111258235932,0.001,0.4,1.702728530617037e-06,0.07201024006295803,0.0010002915248693558,True,False
832.5532074018732,0.02343111258235932,0.001,0.4,1.7043891135104516e-06,0.07201024006295803,0.0010001205125148563,True,False
972.4924724660731,0.02343111258235932,0.001,0.4,1.6656981390861247e-06,0.07201024006295803,0.001000056861515052,True,False
1135.9533548066277,0.02343111258235932,0.001,0.4,1.593726506987636e-06,0.07201024006295803,0.001000029891375486,True,False
1326.889473009725,0.02343111258235932,0.001,0.4,1.4990632752898136e-06,0.07201024006295803,0.0010000172329395198,True,False
1549.918987548337,0.02343111258235932,0.001,0.4,1.3927907773769732e-06,0.07201024006295803,0.0010000107488226098,True,False
1810.4362999534146,0.02343111258235932,0.001,0.4,1.2841056038492837e-06,0.07201024006295803,0.0010000071650601008,True,False
2114.7425268811285,0.02343111258235932,0.001,0.4,1.1791906747715686e-06,0.07201024006295803,0.0010000050476681724,True,False
2470.1979048446246,0.02343111258235932,0.001,0.4,1.0812358789413778e-06,0.07201024006295803,0.0010000037206143722,True,False
2885.3998118144273,0.02343111258235932,0.001,0.4,9.911340556056913e-07,0.07201024006295803,0.0010000028440809708,True,False
3370.3907114852836,0.02343111258235932,0.001,0.4,9.083657234176812e-07,0.07201024006295803,0.0010000022374454512,True,False
3936.9010497450113,0.02343111258235932,0.001,0.4,8.317643407362851e-07,0.07201024006295803,0.0010000017999296498,True,False
4598.632978267703,0.02343111258235932,0.001,0.4,7.600475586677646e-07,0.07201024006295803,0.0010000014728724907,True,False
5371.591767636877,0.02343111258235932,0.001,0.4,6.921223965061785e-07,0.07201024006295803,0.0010000012208229983,True,False
6274.472925867966,0.02343111258235932,0.001,0.4,6.272203220136774e-07,0.07201024006295803,0.0010000010216117952,True,False
7329.114385542688,0.02343111258235932,0.001,0.4,5.64921845191968e-07,0.07201024006295803,0.0010000008609214453,True,False
8561.024696578494,0.02343111258235932,0.001,0.4,5.051173237458073e-07,0.07201024006295803,0.001000000729206917,True,False
10000.0,0.02343111258235932,0.001,0.4,4.479357629261216e-07,0.07201024006295803,0.0010000006199031288,True,False
20.0,0.029216216762692034,0.001,0.4,2.904642776916523e-10,0.08972064000515168,0.001000049486414072,True,False
23.361689410840295,0.029216216762692034,0.001,0.4,3.89579590767391e-10,0.08972064000515168,0.0010000578360180533,True,False
27.288426606428374,0.029216216762692034,0.001,0.4,5.203702632712068e-10,0.08972064000515168,0.0010000676058932664,True,False
31.87518734449451,0.029216216762692034,0.001,0.4,6.913665517416648e-10,0.08972064000515168,0.0010000790440239382,True,False
37.23291133272139,0.029216216762692034,0.001,0.4,9.121225254446012e-10,0.08972064000515168,0.0010000924452969694,True,False
43.49118552081964,0.029216216762692034,0.001,0.4,1.1921664036254351e-09,0.08972064000515168,0.0010001081623758127,True,False
50.80137841233114,0.029216216762692034,0.001,0.4,1.5387275333523877e-09,0.08972064000515168,0.0010001266201303532,True,False
59.34030120557235,0.029216216762692034,0.001,0.4,1.9526224520983527e-09,0.08972064000515168,0.0010001483352244038,True,False
69.31448431551465,0.029216216762692034,0.001,0.4,2.4221223600158555e-09,0.08972064000515168,0.001000173943319569,True,False
80.9651727125807,0.029216216762692034,0.001,0.4,2.9165263607526293e-09,0.08972064000515168,0.0010002042377122117,True,False
94.5741609003176,0.029216216762692034,0.001,0.4,3.3852773095334725e-09,0.08972064000515168,0.0010002402254104784,True,False
110.47060866220276,0.029216216762692034,0.001,0.4,3.771690373789157e-09,0.08972064000515168,0.001000283210303728,True,False
129.0390024296432,0.029216216762692034,0.001,0.4,4.041226018674246e-09,0.08972064000515168,0.001000334919472141,True,False
150.72845483229952,0.029216216762692034,0.001,0.4,4.198243111666448e-09,0.08972064000515168,0.0010003977008152052,True,False
176.06356735840254,0.029216216762692034,0.001,0.4,4.264605582909799e-09,0.08972064000515168,0.0010004748455272776,True,False
205.65711885957793,0.029216216762692034,0.001,0.4,4.254766757937501e-09,0.08972064000515168,0.0010005711473691776,True,False
240.22488679628626,0.029216216762692034,0.001,0.4,4.216799308982746e-09,0.08972064000515168,0.0010006939573321172,True,False
280.60295970445543,0.029216216762692034,0.001,0.4,4.414344838125396e-09,0.08972064000515168,0.0010008553918866635,True,False
327.76795961890105,0.029216216762692034,0.001,0.4,5.98548535756839e-09,0.08972064000515168,0.0010010775786700077,True,False
382.86066357208045,0.029216216762692034,0.001,0.4,1.3097972732020041e-08,0.08972064000515168,0.0010014077134622807,True,False
447.213595499958,0.029216216762692034,0.001,0.4,2.545552311300492e-08,0.08972064000515168,0.001002389629899872,True,False
450.0,0.029216216762692034,0.001,0.4,2.2537431987497414e-08,0.08972064000515168,0.0010025761360323267,True,False
460.0,0.029216216762692034,0.001,0.4,4.8633079716142724e-09,0.08972064000515168,0.0010038708226377162,True,False
470.0,0.029216216762692034,0.001,0.4,9.001523145445167e-08,0.08972064000515168,0.0010074381581732022,True,False
480.0,0.029216216762692034,0.001,0.4,3.058533759245363e-07,0.08972064000515168,0.001017283697947318,True,False
490.0,0.029216216762692034,0.001,0.4,7.142330141034214e-07,0.08972064000515168,0.0010435388387482264,True,False
500.0,0.029216216762692034,0.001,0.4,1.0663968638066623e-06,0.08972064000515168,0.0011082440894263417,True,False
510.0,0.029216216762692034,0.001,0.4,6.184903854067336e-07,0.08972064000515168,0.00124213724131944,True,False
520.0,0.029216216762692034,0.001,0.4,6.302109509803699e-07,0.08972064000515168,0.0014275086526021599,True,False
522.3832559187591,0.029216216762692034,0.001,0.4,9.2358276115867e-07,0.08972064000515168,0.0014643601130644437,True,False
530.0,0.029216216762692034,0.001,0.4,1.6029878614487458e-06,0.08972064000515168,0.0015106527011284334,True,False
540.0,0.029216216762692034,0.001,0.4,1.8633590462835414e-06,0.08972064000515168,0.0013902788510090627,True,False
550.0,0.029216216762692034,0.001,0.4,1.7943447507828836e-06,0.08972064000515168,0.0012131905767904785,True,False
560.0,0.029216216762692034,0.001,0.4,1.7097905304908068e-06,0.08972064000515168,0.001098021681583682,True,False
570.0,0.029216216762692034,0.001,0.4,1.6683553568652698e-06,0.08972064000515168,0.0010425567160738938,True,False
580.0,0.029216216762692034,0.001,0.4,1.6544329189960294e-06,0.08972064000515168,0.0010186106476992576,True,False
590.0,0.029216216762692034,0.001,0.4,1.6528775788060557e-06,0.08972064000515168,0.00100854615563739,True,False
600.0,0.029216216762692034,0.001,0.4,1.6562387369356557e-06,0.08972064000515168,0.0010042713477385048,True,False
610.0,0.029216216762692034,0.001,0.4,1.6613512220375881e-06,0.08972064000515168,0.0010023966471361936,True,False
610.1877689098774,0.029216216762692034,0.001,0.4,1.6614539913861748e-06,0.08972064000515168,0.0010023737212911934,True,False
620.0,0.029216216762692034,0.001,0.4,1.6669169156102726e-06,0.08972064000515168,0.001001531547428435,True,False
630.0,0.029216216762692034,0.001,0.4,1.6724042402049832e-06,0.08972064000515168,0.0010011022936502459,True,False
640.0,0.029216216762692034,0.001,0.4,1.677595206084348e-06,0.08972064000515168,0.0010008680348140278,True,False
650.0,0.029216216762692034,0.001,0.4,1.6824023093553464e-06,0.08972064000515168,0.0010007252801408342,True,False
712.7508569783073,0.029216216762692034,0.001,0.4,1.703123456375799e-06,0.08972064000515168,0.0010003656609137703,True,False
832.5532074018732,0.029216216762692034,0.001,0.4,1.7048708432776394e-06,0.08972064000515168,0.0010001511601650517,True,False
972.4924724660731,0.029216216762692034,0.001,0.4,1.6662690743851627e-06,0.08972064000515168,0.0010000713222313431,True,False
1135.9533548066277,0.029216216762692034,0.001,0.4,1.5943420503816697e-06,0.08972064000515168,0.0010000374932599412,True,False
1326.889473009725,0.029216216762692034,0.001,0.4,1.4996691335422696e-06,0.08972064000515168,0.0010000216155944255,True,False
1549.918987548337,0.029216216762692034,0.001,0.4,1.3933427774892593e-06,0.08972064000515168,0.0010000134824578169,True,False
1810.4362999534146,0.029216216762692034,0.001,0.4,1.2845772621172813e-06,0.08972064000515168,0.0010000089872793652,True,False
2114.7425268811285,0.029216216762692034,0.001,0.4,1.1795718702911628e-06,0.08972064000515168,0.0010000063313941867,True,False
2470.1979048446246,0.029216216762692034,0.001,0.4,1.0815277263764855e-06,0.08972064000515168,0.0010000046668441334,True,False
2885.3998118144273,0.029216216762692034,0.001,0.4,9.913436610498039e-07,0.08972064000515168,0.0010000035673910493,True,False
3370.3907114852836,0.029216216762692034,0.001,0.4,9.085024608168624e-07,0.08972064000515168,0.0010000028064758295,True,False
3936.9010497450113,0.029216216762692034,0.001,0.4,8.31837879577968e-07,0.08972064000515168,0.001000002257690257,True,False
4598.632978267703,0.029216216762692034,0.001,0.4,7.600670143270705e-07,0.08972064000515168,0.001000001847455744,True,False
5371.591767636877,0.029216216762692034,0.001,0.4,6.920961990175556e-07,0.08972064000515168,0.0010000015313044166,True,False
6274.472925867966,0.029216216762692034,0.001,0.4,6.271562940085573e-07,0.08972064000515168,0.0010000012814297401,True,False
7329.114385542688,0.029216216762692034,0.001,0.4,5.648273585512342e-07,0.08972064000515168,0.0010000010798721917,True,False
8561.024696578494,0.029216216762692034,0.001,0.4,5.049993984096446e-07,0.08972064000515168,0.0010000009146599034,True,False
10000.0,0.029216216762692034,0.001,0.4,4.4780107077979636e-07,0.08972064000515168,0.001000000777557907,True,False
20.0,0.03642965390244639,0.001,0.4,3.8161620315899263e-10,0.11187167031997414,0.0010000621664700015,True,False
23.361689410840295,0.03642965390244639,0.001,0.4,5.117992710547356e-10,0.11187167031997414,0.0010000726555206062,True,False
27.288426606428374,0.03642965390244639,0.001,0.4,6.835629650552697e-10,0.11187167031997414,0.0010000849287639456,True,False
31.87518734449451,0.03642965390244639,0.001,0.4,9.080895515352093e-10,0.11187167031997414,0.0010000992977264498,True,False
37.23291133272139,0.03642965390244639,0.001,0.4,1.197892019094307e-09,0.11187167031997414,0.0010001161328554158,True,False
43.49118552081964,0.03642965390244639,0.001,0.4,1.5654297768719068e-09,0.11187167031997414,0.0010001358771792072,True,False
50.80137841233114,0.03642965390244639,0.001,0.4,2.0201192626928384e-09,0.11187167031997414,0.0010001590644346497,True,False
59.34030120557235,0.03642965390244639,0.001,0.4,2.56293511480229e-09,0.11187167031997414,0.0010001863436736446,True,False
69.31448431551465,0.03642965390244639,0.001,0.4,3.1783818683557934e-09,0.11187167031997414,0.0010002185134377892,True,False
80.9651727125807,0.03642965390244639,0.001,0.4,3.82611727168121e-09,0.11187167031997414,0.001000256570295758,True,False
94.5741609003176,0.03642965390244639,0.001,0.4,4.439889246194017e-09,0.11187167031997414,0.0010003017792896553,True,False
110.47060866220276,0.03642965390244639,0.001,0.4,4.945628577023061e-09,0.11187167031997414,0.001000355778416069,True,False
129.0390024296432,0.03642965390244639,0.001,0.4,5.29847524956243e-09,0.11187167031997414,0.0010004207373018174,True,False
150.72845483229952,0.03642965390244639,0.001,0.4,5.5044647002958015e-09,0.11187167031997414,0.0010004996054738795,True,False
176.06356735840254,0.03642965390244639,0.001,0.4,5.5919239571125285e-09,0.11187167031997414,0.0010005965174684083,True,False
205.65711885957793,0.03642965390244639,0.001,0.4,5.577020818236015e-09,0.11187167031997414,0.0010007174954151056,True,False
240.22488679628626,0.03642965390244639,0.001,0.4,5.508255925164296e-09,0.11187167031997414,0.001000871773960145,True,False
280.60295970445543,0.03642965390244639,0.001,0.4,5.657782032155237e-09,0.11187167031997414,0.0010010745743887894,True,False
327.76795961890105,0.03642965390244639,0.001,0.4,7.183015598120901e-09,0.11187167031997414,0.0010013536945707615,True,False
382.86066357208045,0.03642965390244639,0.001,0.4,1.4286645600488507e-08,0.11187167031997414,0.0010017684247039804,True,False
447.213595499958,0.03642965390244639,0.001,0.4,2.7022408413332477e-08,0.11187167031997414,0.001003002157064086,True,False
450.0,0.03642965390244639,0.001,0.4,2.4207311607495063e-08,0.11187167031997414,0.0010032365247790937,True,False
460.0,0.03642965390244639,0.001,0.4,2.464289069678549e-09,0.11187167031997414,0.0010048634759866892,True,False
470.0,0.03642965390244639,0.001,0.4,8.560671020327315e-08,0.11187167031997414,0.0010093463095999467,True,False
480.0,0.03642965390244639,0.001,0.4,2.95954876973481e-07,0.11187167031997414,0.0010217183500262914,True,False
490.0,0.03642965390244639,0.001,0.4,6.898616999699569e-07,0.11187167031997414,0.001054710088152915,True,False
500.0,0.03642965390244639,0.001,0.4,1.0073137857655179e-06,0.11187167031997414,0.001136014131235998,True,False
510.0,0.03642965390244639,0.001,0.4,4.922177763988511e-07,0.11187167031997414,0.0013042410960427122,True,False
520.0,0.03642965390244639,0.001,0.4,8.411303493160993e-07,0.11187167031997414,0.0015371058501055237,True,False
522.3832559187591,0.03642965390244639,0.001,0.4,1.1499081286614476e-06,0.11187167031997414,0.0015833879678776022,True,False
530.0,0.03642965390244639,0.001,0.4,1.843351334129828e-06,0.11187167031997414,0.0016414837982118837,True,False
540.0,0.03642965390244639,0.001,0.4,2.04011573623486e-06,0.11187167031997414,0.001490215123614135,True,False
550.0,0.03642965390244639,0.001,0.4,1.8877051435328696e-06,0.11187167031997414,0.001267763978897495,True,False
560.0,0.03642965390244639,0.001,0.4,1.7514451842171042e-06,0.11187167031997414,0.0011231108344985632,True,False
570.0,0.03642965390244639,0.001,0.4,1.68598440153378e-06,0.11187167031997414,0.0010534492919155305,True,False
580.0,0.03642965390244639,0.001,0.4,1.662013942138607e-06,0.11187167031997414,0.0010233743910231788,True,False
590.0,0.03642965390244639,0.001,0.4,1.6563623190801735e-06,0.11187167031997414,0.001010733919128425,True,False
600.0,0.03642965390244639,0.001,0.4,1.6580373399799342e-06,0.11187167031997414,0.0010053649350062468,True,False
610.0,0.03642965390244639,0.001,0.4,1.6624363696760014e-06,0.11187167031997414,0.00100301035595196,True,False
610.1877689098774,0.03642965390244639,0.001,0.4,1.6625306230588777e-06,0.11187167031997414,0.0010029815613705742,True,False
620.0,0.03642965390244639,0.001,0.4,1.6676880029153907e-06,0.11187167031997414,0.0010019237923030158,True,False
630.0,0.03642965390244639,0.001,0.4,1.6730301598544273e-06,0.11187167031997414,0.0010013846382874716,True,False
640.0,0.03642965390244639,0.001,0.4,1.678150334250006e-06,0.11187167031997414,0.001001090395256087,True,False
650.0,0.03642965390244639,0.001,0.4,1.6829212365898627e-06,0.11187167031997414,0.0010009110819588765,True,False
712.7508569783073,0.03642965390244639,0.001,0.4,1.7036176809259729e-06,0.11187167031997414,0.0010004593438895917,True,False
832.5532074018732,0.03642965390244639,0.001,0.4,1.7054709071651075e-06,0.11187167031997414,0.0010001898889263608,True,False
972.4924724660731,0.03642965390244639,0.001,0.4,1.666979783876421e-06,0.11187167031997414,0.0010000895960428071,True,False
1135.9533548066277,0.03642965390244639,0.001,0.4,1.5951082404930261e-06,0.11187167031997414,0.0010000470996982527,True,False
1326.889473009725,0.03642965390244639,0.001,0.4,1.5004231989079742e-06,0.11187167031997414,0.0010000271539347674,True,False
1549.918987548337,0.03642965390244639,0.001,0.4,1.3940296413883502e-06,0.11187167031997414,0.0010000169369455128,True,False
1810.4362999534146,0.03642965390244639,0.001,0.4,1.2851638562239032e-06,0.11187167031997414,0.0010000112900162552,True,False
2114.7425268811285,0.03642965390244639,0.001,0.4,1.1800456106714208e-06,0.11187167031997414,0.0010000079536388587,True,False
2470.1979048446246,0.03642965390244639,0.001,0.4,1.0818900179065949e-06,0.11187167031997414,0.0010000058625958532,True,False
2885.3998118144273,0.03642965390244639,0.001,0.4,9.916033758550213e-07,0.11187167031997414,0.0010000044814385536,True,False
3370.3907114852836,0.03642965390244639,0.001,0.4,9.086713198547258e-07,0.11187167031997414,0.001000003525559733,True,False
3936.9010497450113,0.03642965390244639,0.001,0.4,8.319279697355242e-07,0.11187167031997414,0.0010000028361630822,True,False
4598.632978267703,0.03642965390244639,0.001,0.4,7.600897349302471e-07,0.11187167031997414,0.001000002320817094,True,False
5371.591767636877,0.03642965390244639,0.001,0.4,6.920620583272807e-07,0.11187167031997414,0.0010000019236603421,True,False
6274.472925867966,0.03642965390244639,0.001,0.4,6.270750687598081e-07,0.11187167031997414,0.0010000016097621014,True,False
7329.114385542688,0.03642965390244639,0.001,0.4,5.647082605975129e-07,0.11187167031997414,0.0010000013565609747,True,False
8561.024696578494,0.03642965390244639,0.001,0.4,5.048511765304298e-07,0.11187167031997414,0.0010000011490175478,True,False
10000.0,0.03642965390244639,0.001,0.4,4.4763205209186196e-07,0.11187167031997414,0.0010000009767865406,True,False
20.0,0.04542407712235717,0.001,0.4,5.007094000290595e-10,0.13956706380786493,0.0010000782456697059,True,False
23.361689410840295,0.04542407712235717,0.001,0.4,6.714589010256466e-10,0.13956706380786493,0.0010000914476897276,True,False
27.288426606428374,0.04542407712235717,0.001,0.4,8.967067481646977e-10,0.13956706380786493,0.0010001068953810694,True,False
31.87518734449451,0.04542407712235717,0.001,0.4,1.1910831747539454e-09,0.13956706380786493,0.0010001249808463876,True,False
37.23291133272139,0.04542407712235717,0.001,0.4,1.5709403696211986e-09,0.13956706380786493,0.0010001461703492232,True,False
43.49118552081964,0.04542407712235717,0.001,0.4,2.052527452501309e-09,0.13956706380786493,0.0010001710215074898,True,False
50.80137841233114,0.04542407712235717,0.001,0.4,2.6480631498741703e-09,0.13956706380786493,0.0010002002061096438,True,False
59.34030120557235,0.04542407712235717,0.001,0.4,3.3586625470596323e-09,0.13956706380786493,0.0010002345410859781,True,False
69.31448431551465,0.04542407712235717,0.001,0.4,4.163851553849591e-09,0.13956706380786493,0.001000275031522785,True,False
80.9651727125807,0.04542407712235717,0.001,0.4,5.010687922818117e-09,0.13956706380786493,0.001000322931754358,True,False
94.5741609003176,0.04542407712235717,0.001,0.4,5.81253078706761e-09,0.13956706380786493,0.0010003798340309782,True,False
110.47060866220276,0.04542407712235717,0.001,0.4,6.4728728771887165e-09,0.13956706380786493,0.0010004478000251078,True,False
129.0390024296432,0.04542407712235717,0.001,0.4,6.93372867356594e-09,0.13956706380786493,0.0010005295605505116,True,False
150.72845483229952,0.04542407712235717,0.001,0.4,7.203584844649386e-09,0.13956706380786493,0.001000628828050553,True,False
176.06356735840254,0.04542407712235717,0.001,0.4,7.319247178187737e-09,0.13956706380786493,0.0010007508064948792,True,False
205.65711885957793,0.04542407712235717,0.001,0.4,7.298940483426147e-09,0.13956706380786493,0.0010009030756996766,True,False
240.22488679628626,0.04542407712235717,0.001,0.4,7.191406377836905e-09,0.13956706380786493,0.001001097258969207,True,False
280.60295970445543,0.04542407712235717,0.001,0.4,7.279593034815492e-09,0.13956706380786493,0.001001352514813602,True,False
327.76795961890105,0.04542407712235717,0.001,0.4,8.745921414822153e-09,0.13956706380786493,0.001001703831589589,True,False
382.86066357208045,0.04542407712235717,0.001,0.4,1.5838210471429137e-08,0.13956706380786493,0.001002225836826326,True,False
447.213595499958,0.04542407712235717,0.001,0.4,2.9065992840880683e-08,0.13956706380786493,0.0010037790165863406,True,False
450.0,0.04542407712235717,0.001,0.4,2.638546249805057e-08,0.13956706380786493,0.0010040741187568704,True,False
460.0,0.04542407712235717,0.001,0.4,6.670922677101676e-10,0.13956706380786493,0.0010061227120219075,True,False
470.0,0.04542407712235717,0.001,0.4,7.984807983731079e-08,0.13956706380786493,0.0010117673005265197,True,False
480.0,0.04542407712235717,0.001,0.4,2.830230113309157e-07,0.13956706380786493,0.0010273453218593116,True,False
490.0,0.04542407712235717,0.001,0.4,6.580382427880116e-07,0.13956706380786493,0.0010688849173850724,True,False
500.0,0.04542407712235717,0.001,0.4,9.302077213779736e-07,0.13956706380786493,0.0011712486438868732,True,False
510.0,0.04542407712235717,0.001,0.4,3.273965788475053e-07,0.13956706380786493,0.0013830285138608225,True,False
520.0,0.04542407712235717,0.001,0.4,1.1165779664201736e-06,0.13956706380786493,0.001676115213554318,True,False
522.3832559187591,0.04542407712235717,0.001,0.4,1.4454925852391831e-06,0.13956706380786493,0.0017343490695575494,True,False
530.0,0.04542407712235717,0.001,0.4,2.1572675444891942e-06,0.13956706380786493,0.0018073779385490698,True,False
540.0,0.04542407712235717,0.001,0.4,2.2709077166505054e-06,0.13956706380786493,0.0016169025540115891,True,False
550.0,0.04542407712235717,0.001,0.4,2.0095805233211195e-06,0.13956706380786493,0.001336935762520807,True,False
560.0,0.04542407712235717,0.001,0.4,1.8058127768671994e-06,0.13956706380786493,0.0011549096713256981,True,False
570.0,0.04542407712235717,0.001,0.4,1.70898691764787e-06,0.13956706380786493,0.0010672548895942482,True,False
580.0,0.04542407712235717,0.001,0.4,1.6718986419750337e-06,0.13956706380786493,0.001029412267987583,True,False
590.0,0.04542407712235717,0.001,0.4,1.6608985764499096e-06,0.13956706380786493,0.0010135069585063263,True,False
600.0,0.04542407712235717,0.001,0.4,1.6603713466345482e-06,0.13956706380786493,0.0010067511684733734,True,False
610.0,0.04542407712235717,0.001,0.4,1.6638378805833298e-06,0.13956706380786493,0.001003788352302081,True,False
610.1877689098774,0.04542407712235717,0.001,0.4,1.6639210003166482e-06,0.13956706380786493,0.001003752119047351,True,False
620.0,0.04542407712235717,0.001,0.4,1.6686784056751947e-06,0.13956706380786493,0.0010024210759577148,True,False
630.0,0.04542407712235717,0.001,0.4,1.6738299404295276e-06,0.13956706380786493,0.0010017426127724152,True,False
640.0,0.04542407712235717,0.001,0.4,1.678856612841173e-06,0.13956706380786493,0.0010013723294145507,True,False
650.0,0.04542407712235717,0.001,0.4,1.6835791740721362e-06,0.13956706380786493,0.0010011466688523143,True,False
712.7508569783073,0.04542407712235717,0.001,0.4,1.7042369138131619e-06,0.13956706380786493,0.0010005781337573119,True,False
832.5532074018732,0.04542407712235717,0.001,0.4,1.7062182047222763e-06,0.13956706380786493,0.0010002389976734296,True,False
972.4924724660731,0.04542407712235717,0.001,0.4,1.6678640593070782e-06,0.13956706380786493,0.0010001127677524693,True,False
1135.9533548066277,0.04542407712235717,0.001,0.4,1.596061474540278e-06,0.13956706380786493,0.0010000592809988875,True,False
1326.889473009725,0.04542407712235717,0.001,0.4,1.5013612293390821e-06,0.13956706380786493,0.0010000341767685264,True,False
1549.918987548337,0.04542407712235717,0.001,0.4,1.3948837882526988e-06,0.13956706380786493,0.0010000213173819708,True,False
1810.4362999534146,0.04542407712235717,0.001,0.4,1.2858928779557743e-06,0.13956706380786493,0.001000014209987853,True,False
2114.7425268811285,0.04542407712235717,0.001,0.4,1.180633800501596e-06,0.13956706380786493,0.0010000100107190315,True,False
2470.1979048446246,0.04542407712235717,0.001,0.4,1.0823391886072287e-06,0.13956706380786493,0.0010000073788645194,True,False
2885.3998118144273,0.04542407712235717,0.001,0.4,9.919246166667506e-07,0.13956706380786493,0.0010000056404938498,True,False
3370.3907114852836,0.04542407712235717,0.001,0.4,9.088792952693936e-07,0.13956706380786493,0.0010000044373925645,True,False
3936.9010497450113,0.04542407712235717,0.001,0.4,8.320377754555963e-07,0.13956706380786493,0.00100000356969454,True,False
4598.632978267703,0.04542407712235717,0.001,0.4,7.601156278846943e-07,0.13956706380786493,0.001000002921061948,True,False
5371.591767636877,0.04542407712235717,0.001,0.4,6.920171682356369e-07,0.13956706380786493,0.0010000024211868066,True,False
6274.472925867966,0.04542407712235717,0.001,0.4,6.269716330553621e-07,0.13956706380786493,0.0010000020261032852,True,False
7329.114385542688,0.04542407712235717,0.001,0.4,5.645577243473809e-07,0.13956706380786493,0.0010000017074154313,True,False
8561.024696578494,0.04542407712235717,0.001,0.4,5.046645149553441e-07,0.13956706380786493,0.0010000014461937204,True,False
10000.0,0.04542407712235717,0.001,0.4,4.474196363402072e-07,0.13956706380786493,0.0010000012294177898,True,False
20.0,0.05663920903402519,0.001,0.4,6.581197832251744e-10,0.17415698646321526,0.0010000987243185524,True,False
23.361689410840295,0.05663920903402519,0.001,0.4,8.824461125345979e-10,0.17415698646321526,0.0010001153816086548,True,False
27.288426606428374,0.05663920903402519,0.001,0.4,1.1783045948472605e-09,0.17415698646321526,0.0010001348723153612,True,False
31.87518734449451,0.05663920903402519,0.001,0.4,1.5648543148822756e-09,0.17415698646321526,0.0010001576911645332,True,False
37.23291133272139,0.05663920903402519,0.001,0.4,2.0634771167803463e-09,0.17415698646321526,0.0010001844264529414,True,False
43.49118552081964,0.05663920903402519,0.001,0.4,2.695364255051476e-09,0.17415698646321526,0.0010002157817418614,True,False
50.80137841233114,0.05663920903402519,0.001,0.4,3.4763461969643914e-09,0.17415698646321526,0.001000252604645016,True,False
59.34030120557235,0.05663920903402519,0.001,0.4,4.407613672876086e-09,0.17415698646321526,0.001000295925906143,True,False
69.31448431551465,0.05663920903402519,0.001,0.4,5.462017387440449e-09,0.17415698646321526,0.0010003470136715133,True,False
80.9651727125807,0.05663920903402519,0.001,0.4,6.569957300415734e-09,0.17415698646321526,0.001000407450571971,True,False
94.5741609003176,0.05663920903402519,0.001,0.4,7.618040647817517e-09,0.17415698646321526,0.0010004792455987016,True,False
110.47060866220276,0.05663920903402519,0.001,0.4,8.480561287468693e-09,0.17415698646321526,0.0010005650000297743,True,False
129.0390024296432,0.05663920903402519,0.001,0.4,9.08277954527232e-09,0.17415698646321526,0.0010006681594239312,True,False
150.72845483229952,0.05663920903402519,0.001,0.4,9.436852793556078e-09,0.17415698646321526,0.0010007934079004754,True,False
176.06356735840254,0.05663920903402519,0.001,0.4,9.590851297155078e-09,0.17415698646321526,0.001000947311499032,True,False
205.65711885957793,0.05663920903402519,0.001,0.4,9.565418593042072e-09,0.17415698646321526,0.00100113943396911,True,False
240.22488679628626,0.05663920903402519,0.001,0.4,9.409089468876471e-09,0.17415698646321526,0.001001384440920155,True,False
280.60295970445543,0.05663920903402519,0.001,0.4,9.418541355903434e-09,0.17415698646321526,0.0010017065055214717,True,False
327.76795961890105,0.05663920903402519,0.001,0.4,1.0808821661496826e-08,0.17415698646321526,0.0010021497743945998,True,False
382.86066357208045,0.05663920903402519,0.001,0.4,1.7886585667453714e-08,0.17415698646321526,0.001002808410099051,True,False
447.213595499958,0.05663920903402519,0.001,0.4,3.1761485502421194e-08,0.17415698646321526,0.0010047686476968793,True,False
450.0,0.05663920903402519,0.001,0.4,2.925883813877095e-08,0.17415698646321526,0.001005141171000542,True,False
460.0,0.05663920903402519,0.001,0.4,4.801438525416091e-09,0.17415698646321526,0.001007727270154712,True,False
470.0,0.05663920903402519,0.001,0.4,7.223809379494628e-08,0.17415698646321526,0.001014852842318223,True,False
480.0,0.05663920903402519,0.001,0.4,2.659304272761842e-07,0.17415698646321526,0.0010345176026829639,True,False
490.0,0.05663920903402519,0.001,0.4,6.160015253026119e-07,0.17415698646321526,0.0010869525601275255,True,False
500.0,0.05663920903402519,0.001,0.4,8.284235322869593e-07,0.17415698646321526,0.0012161563579474793,True,False
510.0,0.05663920903402519,0.001,0.4,1.0977794895339343e-07,0.17415698646321526,0.0014834303380048533,True,False
520.0,0.05663920903402519,0.001,0.4,1.4804709187465903e-06,0.17415698646321526,0.001853211576436752,True,False
522.3832559187591,0.05663920903402519,0.001,0.4,1.8360132326145084e-06,0.17415698646321526,0.0019266559610870973,True,False
530.0,0.05663920903402519,0.001,0.4,2.5719942546853503e-06,0.17415698646321526,0.0020186481732233355,True,False
540.0,0.05663920903402519,0.001,0.4,2.575723832221044e-06,0.17415698646321526,0.0017781903141818036,True,False
550.0,0.05663920903402519,0.001,0.4,2.170503640153143e-06,0.17415698646321526,0.001424983365783227,True,False
560.0,0.05663920903402519,0.001,0.4,1.8775840219253936e-06,0.17415698646321526,0.0011953831895049607,True,False
570.0,0.05663920903402519,0.001,0.4,1.7393421742895043e-06,0.17415698646321526,0.001084826605264987,True,False
580.0,0.05663920903402519,0.001,0.4,1.6849320484402242e-06,0.17415698646321526,0.001037097510313,True,False
590.0,0.05663920903402519,0.001,0.4,1.6668683530118855e-06,0.17415698646321526,0.0010170367940151017,True,False
600.0,0.05663920903402519,0.001,0.4,1.663431524301373e-06,0.17415698646321526,0.0010085158627498583,True,False
610.0,0.05663920903402519,0.001,0.4,1.665665019245921e-06,0.17415698646321526,0.0010047788458938936,True,False
610.1877689098774,0.05663920903402519,0.001,0.4,1.6657333989922307e-06,0.17415698646321526,0.0010047331439940735,True,False
620.0,0.05663920903402519,0.001,0.4,1.669960950523297e-06,0.17415698646321526,0.001003054243433831,True,False
630.0,0.05663920903402519,0.001,0.4,1.6748590427884125e-06,0.17415698646321526,0.0010021984387276186,True,False
640.0,0.05663920903402519,0.001,0.4,1.6797605228990875e-06,0.17415698646321526,0.0010017313481317505,True,False
650.0,0.05663920903402519,0.001,0.4,1.6844175485530855e-06,0.17415698646321526,0.0010014466779982847,True,False
712.7508569783073,0.05663920903402519,0.001,0.4,1.705014051389675e-06,0.17415698646321526,0.0010007294149972914,True,False
832.5532074018732,0.05663920903402519,0.001,0.4,1.7071485799435848e-06,0.17415698646321526,0.0010003015398268858,True,False
972.4924724660731,0.05663920903402519,0.001,0.4,1.6689635990996265e-06,0.17415698646321526,0.0010001422782640592,True,False
1135.9533548066277,0.05663920903402519,0.001,0.4,1.5972466218538983e-06,0.17415698646321526,0.0010000747946936608,True,False
1326.889473009725,0.05663920903402519,0.001,0.4,1.5025273036872733e-06,0.17415698646321526,0.0010000431208526664,True,False
1549.918987548337,0.05663920903402519,0.001,0.4,1.3959451267142597e-06,0.17415698646321526,0.0010000268961997119,True,False
1810.4362999534146,0.05663920903402519,0.001,0.4,1.2867980274666735e-06,0.17415698646321526,0.0010000179288008884,True,False
2114.7425268811285,0.05663920903402519,0.001,0.4,1.1813632065926782e-06,0.17415698646321526,0.0010000126305752524,True,False
2470.1979048446246,0.05663920903402519,0.001,0.4,1.0828951417796162e-06,0.17415698646321526,0.0010000093099560283,True,False
2885.3998118144273,0.05663920903402519,0.001,0.4,9.923210411155736e-07,0.17415698646321526,0.0010000071166461613,True,False
3370.3907114852836,0.05663920903402519,0.001,0.4,9.091345469780521e-07,0.17415698646321526,0.0010000055986869585,True,False
3936.9010497450113,0.05663920903402519,0.001,0.4,8.321707128944311e-07,0.17415698646321526,0.0010000045039071362,True,False
4598.632978267703,0.05663920903402519,0.001,0.4,7.601440759064104e-07,0.17415698646321526,0.001000003685523442,True,False
5371.591767636877,0.05663920903402519,0.001,0.4,6.919575729069649e-07,0.17415698646321526,0.0010000030548280572,True,False
6274.472925867966,0.05663920903402519,0.001,0.4,6.268391895547509e-07,0.17415698646321526,0.0010000025563485773,True,False
7329.114385542688,0.05663920903402519,0.001,0.4,5.643668468113816e-07,0.17415698646321526,0.0010000021542577722,True,False
8561.024696578494,0.05663920903402519,0.001,0.4,5.044288191591306e-07,0.17415698646321526,0.0010000018246724132,True,False
10000.0,0.05663920903402519,0.001,0.4,4.4715213587398495e-07,0.17415698646321526,0.0010000015511649743,True,False
20.0,0.07062333905780249,0.001,0.4,8.692090354422638e-10,0.21725453077360532,0.0010001249514826499,True,False
23.361689410840295,0.07062333905780249,0.001,0.4,1.1653113370176154e-09,0.21725453077360532,0.0010001460339669056,True,False
27.288426606428374,0.07062333905780249,0.001,0.4,1.555719650321937e-09,0.21725453077360532,0.0010001707025993184,True,False
31.87518734449451,0.07062333905780249,0.001,0.4,2.0656176184213493e-09,0.21725453077360532,0.0010001995835367712,True,False
37.23291133272139,0.07062333905780249,0.001,0.4,2.7230554574027463e-09,0.21725453077360532,0.0010002334213658995,True,False
43.49118552081964,0.07062333905780249,0.001,0.4,3.5557378988553836e-09,0.21725453077360532,0.001000273106560125,True,False
50.80137841233114,0.07062333905780249,0.001,0.4,4.584182154380577e-09,0.21725453077360532,0.0010003197119158533,True,False
59.34030120557235,0.07062333905780249,0.001,0.4,5.809494217551877e-09,0.21725453077360532,0.0010003745420120477,True,False
69.31448431551465,0.07062333905780249,0.001,0.4,7.195414290268237e-09,0.21725453077360532,0.0010004392019017643,True,False
80.9651727125807,0.07062333905780249,0.001,0.4,8.650000792142156e-09,0.21725453077360532,0.0010005156946732915,True,False
94.5741609003176,0.07062333905780249,0.001,0.4,1.002432349574397e-08,0.21725453077360532,0.0010006065630491477,True,False
110.47060866220276,0.07062333905780249,0.001,0.4,1.1154297365723959e-08,0.21725453077360532,0.001000715099396371,True,False
129.0390024296432,0.07062333905780249,0.001,0.4,1.1943716700668638e-08,0.21725453077360532,0.0010008456646711191,True,False
150.72845483229952,0.07062333905780249,0.001,0.4,1.2410384204807967e-08,0.21725453077360532,0.0010010041874535544,True,False
176.06356735840254,0.07062333905780249,0.001,0.4,1.2617574481109742e-08,0.21725453077360532,0.0010011989782418623,True,False
205.65711885957793,0.07062333905780249,0.001,0.4,1.258867599770422e-08,0.21725453077360532,0.0010014421417001889,True,False
240.22488679628626,0.07062333905780249,0.001,0.4,1.237106557515702e-08,0.21725453077360532,0.0010017522398783883,True,False
280.60295970445543,0.07062333905780249,0.001,0.4,1.2278919795435245e-08,0.21725453077360532,0.0010021598685293616,True,False
327.76795961890105,0.07062333905780249,0.001,0.4,1.3570329523938593e-08,0.21725453077360532,0.0010027209039571332,True,False
382.86066357208045,0.07062333905780249,0.001,0.4,2.0629562300176346e-08,0.21725453077360532,0.0010035545294046545,True,False
447.213595499958,0.07062333905780249,0.001,0.4,3.536749821567847e-08,0.21725453077360532,0.001006036426652578,True,False
450.0,0.07062333905780249,0.001,0.4,3.310346897121563e-08,0.21725453077360532,0.0010065082169054794,True,False
460.0,0.07062333905780249,0.001,0.4,1.0338968741904764e-08,0.21725453077360532,0.0010097835194417147,True,False
470.0,0.07062333905780249,0.001,0.4,6.20341141528008e-08,0.21725453077360532,0.001018808025638497,True,False
480.0,0.07062333905780249,0.001,0.4,2.430061283569679e-07,0.21725453077360532,0.0010437125440051773,True,False
490.0,0.07062333905780249,0.001,0.4,5.596628610583798e-07,0.21725453077360532,0.001110115546319227,True,False
500.0,0.07062333905780249,0.001,0.4,6.921170652429698e-07,0.21725453077360532,0.0012737234624852342,True,False
510.0,0.07062333905780249,0.001,0.4,1.8172020746498596e-07,0.21725453077360532,0.0016121094888996148,True,False
520.0,0.07062333905780249,0.001,0.4,1.9682193557746253e-06,0.21725453077360532,0.0020801060641884575,True,False
522.3832559187591,0.07062333905780249,0.001,0.4,2.359486144742906e-06,0.21725453077360532,0.0021730121119382098,True,False
530.0,0.07062333905780249,0.001,0.4,3.127871825658879e-06,0.21725453077360532,0.002289199921536255,True,False
540.0,0.07062333905780249,0.001,0.4,2.984120982096883e-06,0.21725453077360532,0.001984650079881133,True,False
550.0,0.07062333905780249,0.001,0.4,2.3860392991403856e-06,0.21725453077360532,0.0015376642626750972,True,False
560.0,0.07062333905780249,0.001,0.4,1.973688040335375e-06,0.21725453077360532,0.001247175693818269,True,False
570.0,0.07062333905780249,0.001,0.4,1.7799725157141566e-06,0.21725453077360532,0.0011073124475309273,True,False
580.0,0.07062333905780249,0.001,0.4,1.7023603576804547e-06,0.21725453077360532,0.0010469324320173659,True,False
590.0,0.07062333905780249,0.001,0.4,1.6748333601102061e-06,0.21725453077360532,0.001021554312263028,True,False
600.0,0.07062333905780249,0.001,0.4,1.6674967336927082e-06,0.21725453077360532,0.0010107745662329961,True,False
610.0,0.07062333905780249,0.001,0.4,1.6680759001852508e-06,0.21725453077360532,0.0010060467716178625,True,False
610.1877689098774,0.07062333905780249,0.001,0.4,1.668124483433786e-06,0.21725453077360532,0.0010059889518705392,True,False
620.0,0.07062333905780249,0.001,0.4,1.671639617506493e-06,0.21725453077360532,0.0010038648539353314,True,False
630.0,0.07062333905780249,0.001,0.4,1.6761954969579662e-06,0.21725453077360532,0.0010027820642429788,True,False
640.0,0.07062333905780249,0.001,0.4,1.68092656838148e-06,0.21725453077360532,0.0010021910549417026,True,False
650.0,0.07062333905780249,0.001,0.4,1.6854931317311639e-06,0.21725453077360532,0.001001830841577677,True,False
712.7508569783073,0.07062333905780249,0.001,0.4,1.705991667599882e-06,0.21725453077360532,0.0010009231442761326,True,False
832.5532074018732,0.07062333905780249,0.001,0.4,1.708306496372991e-06,0.21725453077360532,0.0010003816326524797,True,False
972.4924724660731,0.07062333905780249,0.001,0.4,1.6703296766840126e-06,0.21725453077360532,0.0010001800705800026,True,False
1135.9533548066277,0.07062333905780249,0.001,0.4,1.5987187816923765e-06,0.21725453077360532,0.0010000946623101017,True,False
1326.889473009725,0.07062333905780249,0.001,0.4,1.5039754631684943e-06,0.21725453077360532,0.0010000545751596137,True,False
1549.918987548337,0.07062333905780249,0.001,0.4,1.3972624807179201e-06,0.21725453077360532,0.0010000340407798616,True,False
1810.4362999534146,0.07062333905780249,0.001,0.4,1.287920394443809e-06,0.21725453077360532,0.0010000226913552393,True,False
2114.7425268811285,0.07062333905780249,0.001,0.4,1.182266229915463e-06,0.21725453077360532,0.001000015985739843,True,False
2470.1979048446246,0.07062333905780249,0.001,0.4,1.0835817765286748e-06,0.21725453077360532,0.001000011783044318,True,False
2885.3998118144273,0.07062333905780249,0.001,0.4,9.928087418842324e-07,0.21725453077360532,0.0010000090071096137,True,False
3370.3907114852836,0.07062333905780249,0.001,0.4,9.094463019332366e-07,0.21725453077360532,0.0010000070859225154,True,False
3936.9010497450113,0.07062333905780249,0.001,0.4,8.323301383672543e-07,0.21725453077360532,0.0010000057003266552,True,False
4598.632978267703,0.07062333905780249,0.001,0.4,7.601734544060434e-07,0.21725453077360532,0.001000004664547859,True,False
5371.591767636877,0.07062333905780249,0.001,0.4,6.918774616559986e-07,0.21725453077360532,0.0010000038663143798,True,False
6274.472925867966,0.07062333905780249,0.001,0.4,6.266686494171836e-07,0.21725453077360532,0.0010000032354187107,True,False
7329.114385542688,0.07062333905780249,0.001,0.4,5.641238125519976e-07,0.21725453077360532,0.001000002726516235,True,False
8561.024696578494,0.07062333905780249,0.001,0.4,5.041303567931976e-07,0.21725453077360532,0.0010000023093797985,True,False
10000.0,0.07062333905780249,0.001,0.4,4.468144391145401e-07,0.21725453077360532,0.0010000019632174775,True,False
20.0,0.08806012839404359,0.001,0.4,1.1574654375101538e-09,0.27070315527367717,0.0010001587808864331,True,False
23.361689410840295,0.08806012839404359,0.001,0.4,1.5514571679129546e-09,0.27070315527367717,0.0010001855712623404,True,False
27.288426606428374,0.08806012839404359,0.001,0.4,2.0707333433549465e-09,0.27070315527367717,0.0010002169187083828,True,False
31.87518734449451,0.08806012839404359,0.001,0.4,2.748619163539048e-09,0.27070315527367717,0.00100025361891037,True,False
37.23291133272139,0.08806012839404359,0.001,0.4,3.622137133229387e-09,0.27070315527367717,0.0010002966180487842,True,False
43.49118552081964,0.08806012839404359,0.001,0.4,4.72768757829003e-09,0.27070315527367717,0.0010003470476900324,True,False
50.80137841233114,0.08806012839404359,0.001,0.4,6.0919152667224515e-09,0.27070315527367717,0.001000406271088103,True,False
59.34030120557235,0.08806012839404359,0.001,0.4,7.715488342101582e-09,0.27070315527367717,0.0010004759460358822,True,False
69.31448431551465,0.08806012839404359,0.001,0.4,9.549434144552142e-09,0.27070315527367717,0.0010005581121558052,True,False
80.9651727125807,0.08806012839404359,0.001,0.4,1.1471304073557931e-08,0.27070315527367717,0.0010006553148770852,True,False
94.5741609003176,0.08806012839404359,0.001,0.4,1.3284231592522859e-08,0.27070315527367717,0.0010007707853749446,True,False
110.47060866220276,0.08806012839404359,0.001,0.4,1.4773070123321418e-08,0.27070315527367717,0.001000908707445057,True,False
129.0390024296432,0.08806012839404359,0.001,0.4,1.5814023405863952e-08,0.27070315527367717,0.001001074622809114,True,False
150.72845483229952,0.08806012839404359,0.001,0.4,1.6433839867064428e-08,0.27070315527367717,0.001001276065275547,True,False
176.06356735840254,0.08806012839404359,0.001,0.4,1.6716728836248414e-08,0.27070315527367717,0.0010015235955267488,True,False
205.65711885957793,0.08806012839404359,0.001,0.4,1.6688985306871087e-08,0.27070315527367717,0.0010018325957801518,True,False
240.22488679628626,0.08806012839404359,0.001,0.4,1.6394900387544774e-08,0.27070315527367717,0.0010022266541798617,True,False
280.60295970445543,0.08806012839404359,0.001,0.4,1.6170971439623434e-08,0.27070315527367717,0.0010027446511698995,True,False
327.76795961890105,0.08806012839404359,0.001,0.4,1.7332853334463966e-08,0.27070315527367717,0.0010034575937491845,True,False
382.86066357208045,0.08806012839404359,0.001,0.4,2.4368746208425218e-08,0.27070315527367717,0.0010045169417213532,True,False
447.213595499958,0.08806012839404359,0.001,0.4,4.027832854660435e-08,0.27070315527367717,0.0010076722681836856,True,False
450.0,0.08806012839404359,0.001,0.4,3.8340357811327e-08,0.27070315527367717,0.0010082722868869414,True,False
460.0,0.08806012839404359,0.001,0.4,1.7891260356041327e-08,0.27070315527367717,0.0010124379204472095,True,False
470.0,0.08806012839404359,0.001,0.4,4.809914190551101e-08,0.27070315527367717,0.0010239154860667487,True,False
480.0,0.08806012839404359,0.001,0.4,2.116904468559e-07,0.27070315527367717,0.0010555882620631321,True,False
490.0,0.08806012839404359,0.001,0.4,4.827649817198965e-07,0.27070315527367717,0.0011400317966358603,True,False
500.0,0.08806012839404359,0.001,0.4,5.06239650810425e-07,0.27070315527367717,0.0013480657625822906,True,False
510.0,0.08806012839404359,0.001,0.4,5.793324244773856e-07,0.27070315527367717,0.001778243300477044,True,False
520.0,0.08806012839404359,0.001,0.4,2.633991824207982e-06,0.27070315527367717,0.0023729106571087058,True,False
522.3832559187591,0.08806012839404359,0.001,0.4,3.0740633522596816e-06,0.27070315527367717,0.0024908886824425705,True,False
530.0,0.08806012839404359,0.001,0.4,3.886571345645962e-06,0.27070315527367717,0.0026381346375493045,True,False
540.0,0.08806012839404359,0.001,0.4,3.541235851112212e-06,0.27070315527367717,0.002250784152268203,True,False
550.0,0.08806012839404359,0.001,0.4,2.6799393495480217e-06,0.27070315527367717,0.0016828704955847975,True,False
560.0,0.08806012839404359,0.001,0.4,2.104694567739429e-06,0.27070315527367717,0.001313910841240661,True,False
570.0,0.08806012839404359,0.001,0.4,1.8353337554177784e-06,0.27070315527367717,0.0011362855946954733,True,False
580.0,0.08806012839404359,0.001,0.4,1.7260816371766907e-06,0.27070315527367717,0.0010596054786141665,True,False
590.0,0.08806012839404359,0.001,0.4,1.6856468573189787e-06,0.27070315527367717,0.001027376032609494,True,False
600.0,0.08806012839404359,0.001,0.4,1.6729881270327596e-06,0.27070315527367717,0.0010136857365578003,True,False
610.0,0.08806012839404359,0.001,0.4,1.6713069825868843e-06,0.27070315527367717,0.0010076812138884996,True,False
610.1877689098774,0.08806012839404359,0.001,0.4,1.6713284887170943e-06,0.27070315527367717,0.0010076077782455997,True,False
620.0,0.08806012839404359,0.001,0.4,1.6738678145777897e-06,0.27070315527367717,0.0010049099451283619,True,False
630.0,0.08806012839404359,0.001,0.4,1.6779526700316794e-06,0.27070315527367717,0.0010035346044264806,True,False
640.0,0.08806012839404359,0.001,0.4,1.682447068329651e-06,0.27070315527367717,0.00100278386171082,True,False
650.0,0.08806012839404359,0.001,0.4,1.6868860256424867e-06,0.27070315527367717,0.001002326259078811,True,False
712.7508569783073,0.08806012839404359,0.001,0.4,1.7072257573191862e-06,0.27070315527367717,0.0010011729986948428,True,False
832.5532074018732,0.08806012839404359,0.001,0.4,1.7097470432769768e-06,0.27070315527367717,0.0010004849323417267,True,False
972.4924724660731,0.08806012839404359,0.001,0.4,1.6720249933488418e-06,0.27070315527367717,0.0010002288140690254,True,False
1135.9533548066277,0.08806012839404359,0.001,0.4,1.6005451575207275e-06,0.27070315527367717,0.0010001202872988993,True,False
1326.889473009725,0.08806012839404359,0.001,0.4,1.505771545340373e-06,0.27070315527367717,0.0010000693488795278,True,False
1549.918987548337,0.08806012839404359,0.001,0.4,1.3988951661492166e-06,0.27070315527367717,0.001000043255875326,True,False
1810.4362999534146,0.08806012839404359,0.001,0.4,1.2893096168475893e-06,0.27070315527367717,0.0010000288341283073,True,False
2114.7425268811285,0.08806012839404359,0.001,0.4,1.1833816808692887e-06,0.27070315527367717,0.0010000203132617394,True,False
2470.1979048446246,0.08806012839404359,0.001,0.4,1.084427270536814e-06,0.27070315527367717,0.0010000149728615062,True,False
2885.3998118144273,0.08806012839404359,0.001,0.4,9.934062146221834e-07,0.27070315527367717,0.0010000114454529188,True,False
3370.3907114852836,0.08806012839404359,0.001,0.4,9.098245662420013e-07,0.27070315527367717,0.001000009004178847,True,False
3936.9010497450113,0.08806012839404359,0.001,0.4,8.325187887958663e-07,0.27070315527367717,0.001000007243485145,True,False
4598.632978267703,0.08806012839404359,0.001,0.4,7.602003824214165e-07,0.27070315527367717,0.0010000059273070896,True,False
5371.591767636877,0.08806012839404359,0.001,0.4,6.917683694762644e-07,0.27070315527367717,0.001000004912980911,True,False
6274.472925867966,0.08806012839404359,0.001,0.4,6.264473859651787e-07,0.27070315527367717,0.0010000041112931948,True,False
7329.114385542688,0.08806012839404359,0.001,0.4,5.638128043328194e-07,0.27070315527367717,0.001000003464623366,True,False
8561.024696578494,0.08806012839404359,0.001,0.4,5.037509233085657e-07,0.27070315527367717,0.001000002934562371,True,False
10000.0,0.08806012839404359,0.001,0.4,4.4638680718467327e-07,0.27070315527367717,0.001000002494688789,True,False
20.0,0.1098020330988402,0.001,0.4,1.5601837102629583e-09,0.3364300160814144,0.0010002028192322061,True,False
23.361689410840295,0.1098020330988402,0.001,0.4,2.090706699597447e-09,0.3364300160814144,0.0010002370400196377,True,False
27.288426606428374,0.1098020330988402,0.001,0.4,2.7895740787764765e-09,0.3364300160814144,0.001000277081805806,True,False
31.87518734449451,0.1098020330988402,0.001,0.4,3.7013308835040887e-09,0.3364300160814144,0.001000323960967335,True,False
37.23291133272139,0.1098020330988402,0.001,0.4,4.875292966078236e-09,0.3364300160814144,0.0010003788861176728,True,False
43.49118552081964,0.1098020330988402,0.001,0.4,6.359650921351207e-09,0.3364300160814144,0.0010004433026763583,True,False
50.80137841233114,0.1098020330988402,0.001,0.4,8.18912195305946e-09,0.3364300160814144,0.001000518952013761,True,False
59.34030120557235,0.1098020330988402,0.001,0.4,1.0363189399293153e-08,0.3364300160814144,0.001000607951736126,True,False
69.31448431551465,0.1098020330988402,0.001,0.4,1.2814643536473374e-08,0.3364300160814144,0.001000712907189119,True,False
80.9651727125807,0.1098020330988402,0.001,0.4,1.5378435637435184e-08,0.3364300160814144,0.0010008370698244239,True,False
94.5741609003176,0.1098020330988402,0.001,0.4,1.7791803452983987e-08,0.3364300160814144,0.001000984567051759,True,False
110.47060866220276,0.1098020330988402,0.001,0.4,1.9770666738295415e-08,0.3364300160814144,0.0010011607431415442,True,False
129.0390024296432,0.1098020330988402,0.001,0.4,2.115572455467255e-08,0.3364300160814144,0.0010013726769594617,True,False
150.72845483229952,0.1098020330988402,0.001,0.4,2.1988390824289673e-08,0.3364300160814144,0.0010016299920417502,True,False
176.06356735840254,0.1098020330988402,0.001,0.4,2.238243257399929e-08,0.3364300160814144,0.0010019461784352265,True,False
205.65711885957793,0.1098020330988402,0.001,0.4,2.2366755885705708e-08,0.3364300160814144,0.0010023408852138157,True,False
240.22488679628626,0.1098020330988402,0.001,0.4,2.1978709066811965e-08,0.3364300160814144,0.0010028442437588975,True,False
280.60295970445543,0.1098020330988402,0.001,0.4,2.158317529029046e-08,0.3364300160814144,0.0010035059200944716,True,False
327.76795961890105,0.1098020330988402,0.001,0.4,2.2574088935590694e-08,0.3364300160814144,0.001004416619753991,True,False
382.86066357208045,0.1098020330988402,0.001,0.4,2.9581549894092812e-08,0.3364300160814144,0.0010057698250874347,True,False
447.213595499958,0.1098020330988402,0.001,0.4,4.7118495025838536e-08,0.3364300160814144,0.0010098027543601323,True,False
450.0,0.1098020330988402,0.001,0.4,4.563659246684115e-08,0.3364300160814144,0.0010105700155796545,True,False
460.0,0.1098020330988402,0.001,0.4,2.8429423911367768e-08,0.3364300160814144,0.0010158969515004432,True,False
470.0,0.1098020330988402,0.001,0.4,2.862399579341146e-08,0.3364300160814144,0.0010305741055253786,True,False
480.0,0.1098020330988402,0.001,0.4,1.6790791927852322e-07,0.3364300160814144,0.0010710740354689585,True,False
490.0,0.1098020330988402,0.001,0.4,3.753538378656329e-07,0.3364300160814144,0.001179042362257055,True,False
500.0,0.1098020330988402,0.001,0.4,2.468778530634319e-07,0.3364300160814144,0.0014449927801173231,True,False
510.0,0.1098020330988402,0.001,0.4,1.1342871773234453e-06,0.3364300160814144,0.0019947751740188027,True,False
520.0,0.1098020330988402,0.001,0.4,3.5638946452309916e-06,0.3364300160814144,0.0027543166642178254,True,False
522.3832559187591,0.1098020330988402,0.001,0.4,4.072171377045297e-06,0.3364300160814144,0.002904880598140979,True,False
530.0,0.1098020330988402,0.001,0.4,4.9460295618031225e-06,0.3364300160814144,0.003092302668569246,True,False
540.0,0.1098020330988402,0.001,0.4,4.318650587142869e-06,0.3364300160814144,0.0025969437716987223,True,False
550.0,0.1098020330988402,0.001,0.4,3.0898394040024257e-06,0.3364300160814144,0.0018716664671390984,True,False
560.0,0.1098020330988402,0.001,0.4,2.2873450260529893e-06,0.3364300160814144,0.0014006671263551143,True,False
570.0,0.1098020330988402,0.001,0.4,1.9124809480519644e-06,0.3364300160814144,0.0011739508137147405,True,False
580.0,0.1098020330988402,0.001,0.4,1.7590984584536784e-06,0.3364300160814144,0.0010760816576946821,True,False
590.0,0.1098020330988402,0.001,0.4,1.700655413605645e-06,0.3364300160814144,0.0010349457625163918,True,False
600.0,0.1098020330988402,0.001,0.4,1.6805669134090095e-06,0.3364300160814144,0.0010174716488090532,True,False
610.0,0.1098020330988402,0.001,0.4,1.6757260919986194e-06,0.3364300160814144,0.0010098071973320124,True,False
610.1877689098774,0.1098020330988402,0.001,0.4,1.6757097116570918e-06,0.3364300160814144,0.0010097134576275693,True,False
620.0,0.1098020330988402,0.001,0.4,1.6768810685574564e-06,0.3364300160814144,0.001006269605003384,True,False
630.0,0.1098020330988402,0.001,0.4,1.6803019867728253e-06,0.3364300160814144,0.001004513812701501,True,False
640.0,0.1098020330988402,0.001,0.4,1.6844594059595153e-06,0.3364300160814144,0.0010035553089156038,True,False
650.0,0.1098020330988402,0.001,0.4,1.6887136218279863e-06,0.3364300160814144,0.001002971013189912,True,False
712.7508569783073,0.1098020330988402,0.001,0.4,1.7087918016134296e-06,0.3364300160814144,0.001001498203729633,True,False
832.5532074018732,0.1098020330988402,0.001,0.4,1.7115385242405523e-06,0.3364300160814144,0.0010006193904227292,True,False
972.4924724660731,0.1098020330988402,0.001,0.4,1.6741256293473228e-06,0.3364300160814144,0.0010002922615643941,True,False
1135.9533548066277,0.1098020330988402,0.001,0.4,1.6028069969031833e-06,0.3364300160814144,0.0010001536428259064,True,False
1326.889473009725,0.1098020330988402,0.001,0.4,1.5079949760021805e-06,0.3364300160814144,0.0010000885797100114,True,False
1549.918987548337,0.1098020330988402,0.001,0.4,1.40091439759793e-06,0.3364300160814144,0.0010000552511640884,True,False
1810.4362999534146,0.1098020330988402,0.001,0.4,1.2910248315955997e-06,0.3364300160814144,0.0010000368302086607,True,False
2114.7425268811285,0.1098020330988402,0.001,0.4,1.1847551925070476e-06,0.3364300160814144,0.0010000259464362218,True,False
2470.1979048446246,0.1098020330988402,0.001,0.4,1.0854640734025978e-06,0.3364300160814144,0.0010000191250831838,True,False
2885.3998118144273,0.1098020330988402,0.001,0.4,9.941339108587854e-07,0.3364300160814144,0.0010000146194769624,True,False
3370.3907114852836,0.1098020330988402,0.001,0.4,9.102793158133338e-07,0.3364300160814144,0.0010000115012004365,True,False
3936.9010497450113,0.1098020330988402,0.001,0.4,8.327376833650035e-07,0.3364300160814144,0.0010000092522377537,True,False
4598.632978267703,0.1098020330988402,0.001,0.4,7.602183558219622e-07,0.3364300160814144,0.0010000075710608894,True,False
5371.591767636877,0.1098020330988402,0.001,0.4,6.916176165105981e-07,0.3364300160814144,0.0010000062754434982,True,False
6274.472925867966,0.1098020330988402,0.001,0.4,6.261577308874777e-07,0.3364300160814144,0.0010000052514329552,True,False
7329.114385542688,0.1098020330988402,0.001,0.4,5.634122980380241e-07,0.3364300160814144,0.0010000044254296894,True,False
8561.024696578494,0.1098020330988402,0.001,0.4,5.032662082626871e-07,0.3364300160814144,0.0010000037483727233,True,False
10000.0,0.1098020330988402,0.001,0.4,4.4584315450624246e-07,0.3364300160814144,0.0010000031865137196,True,False
20.0,0.13691197926364027,0.001,0.4,2.139273364507501e-09,0.4160656537848586,0.0010002608386989564,True,False
23.361689410840295,0.13691197926364027,0.001,0.4,2.8656873763682343e-09,0.4160656537848586,0.0010003048488903413,True,False
27.288426606428374,0.13691197926364027,0.001,0.4,3.821947695669813e-09,0.4160656537848586,0.0010003563452839741,True,False
31.87518734449451,0.13691197926364027,0.001,0.4,5.06844123645257e-09,0.4160656537848586,0.0010004166350146683,True,False
37.23291133272139,0.13691197926364027,0.001,0.4,6.6717066065966505e-09,0.4160656537848586,0.0010004872724496841,True,False
43.49118552081964,0.13691197926364027,0.001,0.4,8.696217652037235e-09,0.4160656537848586,0.001000570116509089,True,False
50.80137841233114,0.13691197926364027,0.001,0.4,1.1187390875351156e-08,0.4160656537848586,0.0010006674067317384,True,False
59.34030120557235,0.13691197926364027,0.001,0.4,1.4141949816496584e-08,0.4160656537848586,0.001000781866529986,True,False
69.31448431551465,0.13691197926364027,0.001,0.4,1.7465601946419863e-08,0.4160656537848586,0.001000916846594848,True,False
80.9651727125807,0.13691197926364027,0.001,0.4,2.093212291414118e-08,0.4160656537848586,0.0010010765285723658,True,False
94.5741609003176,0.13691197926364027,0.001,0.4,2.41860297679215e-08,0.4160656537848586,0.0010012662206785763,True,False
110.47060866220276,0.13691197926364027,0.001,0.4,2.6848564949799098e-08,0.4160656537848586,0.0010014927961390996,True,False
129.0390024296432,0.13691197926364027,0.001,0.4,2.8714923452171877e-08,0.4160656537848586,0.0010017653590570202,True,False
150.72845483229952,0.13691197926364027,0.001,0.4,2.9851523865527844e-08,0.4160656537848586,0.0010020962862701383,True,False
176.06356735840254,0.13691197926364027,0.001,0.4,3.041521610225539e-08,0.4160656537848586,0.0010025029274103529,True,False
205.65711885957793,0.13691197926364027,0.001,0.4,3.0436105720463096e-08,0.4160656537848586,0.0010030105533997587,True,False
240.22488679628626,0.13691197926364027,0.001,0.4,2.993681628613541e-08,0.4160656537848586,0.001003657916838799,True,False
280.60295970445543,0.13691197926364027,0.001,0.4,2.931790080314394e-08,0.4160656537848586,0.001004508894804336,True,False
327.76795961890105,0.13691197926364027,0.001,0.4,3.0081929424221124e-08,0.4160656537848586,0.0010056801481849549,True,False
382.86066357208045,0.13691197926364027,0.001,0.4,3.70576472455246e-08,0.4160656537848586,0.0010074205328028684,True,False
447.213595499958,0.13691197926364027,0.001,0.4,5.692272536661491e-08,0.4160656537848586,0.0010126113238127102,True,False
450.0,0.13691197926364027,0.001,0.4,5.609796243765536e-08,0.4160656537848586,0.0010135994728424592,True,False
460.0,0.13691197926364027,0.001,0.4,4.3567046266630716e-08,0.4160656537848586,0.0010204603596425795,True,False
470.0,0.13691197926364027,0.001,0.4,5.95656062668537e-10,0.4160656537848586,0.0010393637127048038,True,False
480.0,0.13691197926364027,0.001,0.4,1.0486602858295058e-07,0.4160656537848586,0.001091521564091538,True,False
490.0,0.13691197926364027,0.001,0.4,2.2085169016847206e-07,0.4160656537848586,0.0012305524939859999,True,False
500.0,0.13691197926364027,0.001,0.4,1.2575328947606046e-07,0.4160656537848586,0.0015729510252983627,True,False
510.0,0.13691197926364027,0.001,0.4,1.931810183319893e-06,0.4160656537848586,0.002280504559464518,True,False
520.0,0.13691197926364027,0.001,0.4,4.901156341940993e-06,0.4160656537848586,0.003257223125225749,True,False
522.3832559187591,0.13691197926364027,0.001,0.4,5.507515415226205e-06,0.4160656537848586,0.0034506277765503626,True,False
530.0,0.13691197926364027,0.001,0.4,6.468921642688308e-06,0.4160656537848586,0.0036905409202326314,True,False
540.0,0.13691197926364027,0.001,0.4,5.4350621120358156e-06,0.4160656537848586,0.0030525039809899948,True,False
550.0,0.13691197926364027,0.001,0.4,3.6780827098459312e-06,0.4160656537848586,0.0021200035985795554,True,False
560.0,0.13691197926364027,0.001,0.4,2.5493602737736154e-06,0.4160656537848586,0.0015147630050508223,True,False
570.0,0.13691197926364027,0.001,0.4,2.0230931121467677e-06,0.4160656537848586,0.001223485297729753,True,False
580.0,0.13691197926364027,0.001,0.4,1.8063781301869142e-06,0.4160656537848586,0.0010977519052439702,True,False
590.0,0.13691197926364027,0.001,0.4,1.7220825720976052e-06,0.4160656537848586,0.0010449034389242709,True,False
600.0,0.13691197926364027,0.001,0.4,1.6913202239843272e-06,0.4160656537848586,0.0010224529756416292,True,False
610.0,0.13691197926364027,0.001,0.4,1.681933188280027e-06,0.4160656537848586,0.0010126052048740055,True,False
610.1877689098774,0.13691197926364027,0.001,0.4,1.68186220628197e-06,0.4160656537848586,0.001012484757042519,True,False
620.0,0.13691197926364027,0.001,0.4,1.6810590347526855e-06,0.4160656537848586,0.0010080595171164655,True,False
630.0,0.13691197926364027,0.001,0.4,1.6835158196393252e-06,0.4160656537848586,0.001005803152113404,True,False
640.0,0.13691197926364027,0.001,0.4,1.6871785643024495e-06,0.4160656537848586,0.0010045712320002611,True,False
650.0,0.13691197926364027,0.001,0.4,1.6911567763955304e-06,0.4160656537848586,0.0010038201695314877,True,False
712.7508569783073,0.13691197926364027,0.001,0.4,1.7107954709549844e-06,0.4160656537848586,0.0010019265677072555,True,False
832.5532074018732,0.13691197926364027,0.001,0.4,1.7137658312460502e-06,0.4160656537848586,0.0010007965096630036,True,False
972.4924724660731,0.13691197926364027,0.001,0.4,1.6767228548930646e-06,0.4160656537848586,0.0010003758423394729,True,False
1135.9533548066277,0.13691197926364027,0.001,0.4,1.6056010332388126e-06,0.4160656537848586,0.0010001975836197987,True,False
1326.889473009725,0.13691197926364027,0.001,0.4,1.5107398483316103e-06,0.4160656537848586,0.0010001139136911466,True,False
1549.918987548337,0.13691197926364027,0.001,0.4,1.4034039896859696e-06,0.4160656537848586,0.0010000710534400206,True,False
1810.4362999534146,0.13691197926364027,0.001,0.4,1.2931348150058142e-06,0.4160656537848586,0.0010000473640913157,True,False
2114.7425268811285,0.13691197926364027,0.001,0.4,1.1864388301807693e-06,0.4160656537848586,0.0010000333674990971,True,False
2470.1979048446246,0.13691197926364027,0.001,0.4,1.0867279309767497e-06,0.4160656537848586,0.0010000245951742306,True,False
2885.3998118144273,0.13691197926364027,0.001,0.4,9.950127982660817e-07,0.4160656537848586,0.0010000188009082747,True,False
3370.3907114852836,0.13691197926364027,0.001,0.4,9.108186690420794e-07,0.4160656537848586,0.001000014790758951,True,False
3936.9010497450113,0.13691197926364027,0.001,0.4,8.329840333054506e-07,0.4160656537848586,0.0010000118985561404,True,False
4598.632978267703,0.13691197926364027,0.001,0.4,7.602154973307407e-07,0.4160656537848586,0.0010000097365326912,True,False
5371.591767636877,0.13691197926364027,0.001,0.4,6.914058469087436e-07,0.4160656537848586,0.001000008070345281,True,False
6274.472925867966,0.13691197926364027,0.001,0.4,6.257743954130035e-07,0.4160656537848586,0.001000006753448023,True,False
7329.114385542688,0.13691197926364027,0.001,0.4,5.628925004996788e-07,0.4160656537848586,0.001000005691191074,True,False
8561.024696578494,0.13691197926364027,0.001,0.4,5.026432498000943e-07,0.4160656537848586,0.0010000048204822356,True,False
10000.0,0.13691197926364027,0.001,0.4,4.451485745571304e-07,0.4160656537848586,0.0010000040979202254,True,False
20.0,0.17071532772998774,0.001,0.4,3.003103741543193e-09,0.5101453580849983,0.001000338497109126,True,False
23.361689410840295,0.17071532772998774,0.001,0.4,4.020855591364771e-09,0.5101453580849983,0.0010003956103346277,True,False
27.288426606428374,0.17071532772998774,0.001,0.4,5.359362613605654e-09,0.5101453580849983,0.0010004624386326531,True,False
31.87518734449451,0.17071532772998774,0.001,0.4,7.1020626162278706e-09,0.5101453580849983,0.0010005406783205309,True,False
37.23291133272139,0.17071532772998774,0.001,0.4,9.340285189279231e-09,0.5101453580849983,0.0010006323465614382,True,False
43.49118552081964,0.17071532772998774,0.001,0.4,1.2161473652940397e-08,0.5101453580849983,0.0010007398557529297,True,False
50.80137841233114,0.17071532772998774,0.001,0.4,1.5625230962230854e-08,0.5101453580849983,0.0010008661122432047,True,False
59.34030120557235,0.17071532772998774,0.001,0.4,1.9722128889032875e-08,0.5101453580849983,0.001001014650332502,True,False
69.31448431551465,0.17071532772998774,0.001,0.4,2.431587004035614e-08,0.5101453580849983,0.0010011898183812649,True,False
80.9651727125807,0.17071532772998774,0.001,0.4,2.9089244582926183e-08,0.5101453580849983,0.0010013970431377443,True,False
94.5741609003176,0.17071532772998774,0.001,0.4,3.355251581111938e-08,0.5101453580849983,0.0010016432133831586,True,False
110.47060866220276,0.17071532772998774,0.001,0.4,3.7194308426570386e-08,0.5101453580849983,0.0010019372489349452,True,False
129.0390024296432,0.17071532772998774,0.001,0.4,3.975249418709334e-08,0.5101453580849983,0.0010022909648086799,True,False
150.72845483229952,0.17071532772998774,0.001,0.4,4.1338139142474645e-08,0.5101453580849983,0.0010027204233462091,True,False
176.06356735840254,0.17071532772998774,0.001,0.4,4.217349959771547e-08,0.5101453580849983,0.0010032481405782378,True,False
205.65711885957793,0.17071532772998774,0.001,0.4,4.228584400648859e-08,0.5101453580849983,0.0010039069128608795,True,False
240.22488679628626,0.17071532772998774,0.001,0.4,4.1666976217848845e-08,0.5101453580849983,0.001004747033375823,True,False
280.60295970445543,0.17071532772998774,0.001,0.4,4.076075696716683e-08,0.5101453580849983,0.0010058514028662112,True,False
327.76795961890105,0.17071532772998774,0.001,0.4,4.1224233350524095e-08,0.5101453580849983,0.001007371428526897,True,False
382.86066357208045,0.17071532772998774,0.001,0.4,4.817341170675754e-08,0.5101453580849983,0.0010096301003604262,True,False
447.213595499958,0.17071532772998774,0.001,0.4,7.150019096322652e-08,0.5101453580849983,0.0010163736059816192,True,False
450.0,0.17071532772998774,0.001,0.4,7.165900718815454e-08,0.5101453580849983,0.0010176583922685807,True,False
460.0,0.17071532772998774,0.001,0.4,6.613477870724693e-08,0.5101453580849983,0.0010265795278615389,True,False
470.0,0.17071532772998774,0.001,0.4,4.12851473077791e-08,0.5101453580849983,0.0010511589046032456,True,False
480.0,0.17071532772998774,0.001,0.4,1.0606531208878778e-08,0.5101453580849983,0.0011189713425043832,True,False
490.0,0.17071532772998774,0.001,0.4,9.909516037603927e-09,0.5101453580849983,0.0012997027193578743,True,False
500.0,0.17071532772998774,0.001,0.4,6.815871224225001e-07,0.5101453580849983,0.00174468382784227,True,False
510.0,0.17071532772998774,0.001,0.4,3.1216719129090187e-06,0.5101453580849983,0.002663758304002033,True,False
520.0,0.17071532772998774,0.001,0.4,6.897312079590101e-06,0.5101453580849983,0.003931091425056265,True,False
522.3832559187591,0.17071532772998774,0.001,0.4,7.649927222241892e-06,0.5101453580849983,0.004181676347108697,True,False
530.0,0.17071532772998774,0.001,0.4,8.740358023562322e-06,0.5101453580849983,0.004491064702722035,True,False
540.0,0.17071532772998774,0.001,0.4,7.098053106613378e-06,0.5101453580849983,0.003661381952584474,True,False
550.0,0.17071532772998774,0.001,0.4,4.553563366482827e-06,0.5101453580849983,0.0024516946053984015,True,False
560.0,0.17071532772998774,0.001,0.4,2.9391400609979357e-06,0.5101453580849983,0.0016671177917169091,True,False
570.0,0.17071532772998774,0.001,0.4,2.187559519528648e-06,0.5101453580849983,0.0012896294549800116,True,False
580.0,0.17071532772998774,0.001,0.4,1.87658988992645e-06,0.5101453580849983,0.0011266920890387047,True,False
590.0,0.17071532772998774,0.001,0.4,1.753804290793859e-06,0.5101453580849983,0.001058204579850174,True,False
600.0,0.17071532772998774,0.001,0.4,1.7071370993493318e-06,0.5101453580849983,0.0010291088445170118,True,False
610.0,0.17071532772998774,0.001,0.4,1.6909643253404383e-06,0.5101453580849983,0.0010163451121930614,True,False
610.1877689098774,0.17071532772998774,0.001,0.4,1.690811715082674e-06,0.5101453580849983,0.0010161889903864676,True,False
620.0,0.17071532772998774,0.001,0.4,1.6870510900490743e-06,0.5101453580849983,0.0010104527946616084,True,False
630.0,0.17071532772998774,0.001,0.4,1.6880543872721532e-06,0.5101453580849983,0.001007527596439072,True,False
640.0,0.17071532772998774,0.001,0.4,1.690962824318909e-06,0.5101453580849983,0.001005930251426145,True,False
650.0,0.17071532772998774,0.001,0.4,1.694512574146323e-06,0.5101453580849983,0.0010049562371216006,True,False
712.7508569783073,0.17071532772998774,0.001,0.4,1.7133933847279792e-06,0.5101453580849983,0.0010024997753708123,True,False
832.5532074018732,0.17071532772998774,0.001,0.4,1.7165354961878876e-06,0.5101453580849983,0.0010010335354274638,True,False
972.4924724660731,0.17071532772998774,0.001,0.4,1.6799241081555394e-06,0.5101453580849983,0.0010004876968737744,True,False
1135.9533548066277,0.17071532772998774,0.001,0.4,1.6090393241130485e-06,0.5101453580849983,0.0010002563902077313,True,False
1326.889473009725,0.17071532772998774,0.001,0.4,1.5141144331654033e-06,0.5101453580849983,0.0010001478190686522,True,False
1549.918987548337,0.17071532772998774,0.001,0.4,1.4064593235607603e-06,0.5101453580849983,0.0010000922024223638,True,False
1810.4362999534146,0.17071532772998774,0.001,0.4,1.2957163426641216e-06,0.5101453580849983,0.0010000614622196471,True,False
2114.7425268811285,0.17071532772998774,0.001,0.4,1.1884887317625825e-06,0.5101453580849983,0.0010000432996039024,True,False
2470.1979048446246,0.17071532772998774,0.001,0.4,1.0882550057766949e-06,0.5101453580849983,0.0010000319161866935,True,False
2885.3998118144273,0.17071532772998774,0.001,0.4,9.960610403147996e-07,0.5101453580849983,0.0010000243972289038,True,False
3370.3907114852836,0.17071532772998774,0.001,0.4,9.114452241831827e-07,0.5101453580849983,0.0010000191934262928,True,False
3936.9010497450113,0.17071532772998774,0.001,0.4,8.332473121486217e-07,0.5101453580849983,0.0010000154403295705,True,False
4598.632978267703,0.17071532772998774,0.001,0.4,7.601704103965545e-07,0.5101453580849983,0.0010000126347540208,True,False
5371.591767636877,0.17071532772998774,0.001,0.4,6.911028966882782e-07,0.5101453580849983,0.0010000104726037842,True,False
6274.472925867966,0.17071532772998774,0.001,0.4,6.252603356182718e-07,0.5101453580849983,0.0010000087637136437,True,False
7329.114385542688,0.17071532772998774,0.001,0.4,5.622112374537025e-07,0.5101453580849983,0.0010000073852604032,True,False
8561.024696578494,0.17071532772998774,0.001,0.4,5.018364114262042e-07,0.5101453580849983,0.0010000062553719982,True,False
10000.0,0.17071532772998774,0.001,0.4,4.442555578965113e-07,0.5101453580849983,0.0010000053177283688,True,False
20.0,0.21286466880912897,0.001,0.4,4.35397495108377e-09,0.616709450683336,0.0010004446730801564,True,False
23.361689410840295,0.21286466880912897,0.001,0.4,5.825435117057469e-09,0.616709450683336,0.0010005197010569237,True,False
27.288426606428374,0.21286466880912897,0.001,0.4,7.758020622789368e-09,0.616709450683336,0.0010006074914834125,True,False
31.87518734449451,0.21286466880912897,0.001,0.4,1.0269978694939577e-08,0.616709450683336,0.0010007102727852227,True,False
37.23291133272139,0.21286466880912897,0.001,0.4,1.3489499839944214e-08,0.616709450683336,0.0010008306948837674,True,False
43.49118552081964,0.21286466880912897,0.001,0.4,1.7537173190148202e-08,0.616709450683336,0.0010009719269224984,True,False
50.80137841233114,0.21286466880912897,0.001,0.4,2.2491103205829657e-08,0.616709450683336,0.00100113778695364,True,False
59.34030120557235,0.21286466880912897,0.001,0.4,2.832809342097406e-08,0.616709450683336,0.0010013329179807862,True,False
69.31448431551465,0.21286466880912897,0.001,0.4,3.48430290987058e-08,0.616709450683336,0.0010015630324570004,True,False
80.9651727125807,0.21286466880912897,0.001,0.4,4.157729384329357e-08,0.616709450683336,0.0010018352595444523,True,False
94.5741609003176,0.21286466880912897,0.001,0.4,4.7839872080195805e-08,0.616709450683336,0.001002158649129389,True,False
110.47060866220276,0.21286466880912897,0.001,0.4,5.2929695037601265e-08,0.616709450683336,0.0010025449193558215,True,False
129.0390024296432,0.21286466880912897,0.001,0.4,5.651613619599526e-08,0.616709450683336,0.0010030095919342545,True,False
150.72845483229952,0.21286466880912897,0.001,0.4,5.879451822661942e-08,0.616709450683336,0.001003573768539455,True,False
176.06356735840254,0.21286466880912897,0.001,0.4,6.00917576057549e-08,0.616709450683336,0.0010042670295125173,True,False
205.65711885957793,0.21286466880912897,0.001,0.4,6.042207394978843e-08,0.616709450683336,0.0010051324613274857,True,False
240.22488679628626,0.21286466880912897,0.001,0.4,5.971181411888564e-08,0.616709450683336,0.0010062361378337678,True,False
280.60295970445543,0.21286466880912897,0.001,0.4,5.84524200590358e-08,0.616709450683336,0.0010076869735900504,True,False
327.76795961890105,0.21286466880912897,0.001,0.4,5.8526864853440316e-08,0.616709450683336,0.001009683891482822,True,False
382.86066357208045,0.21286466880912897,0.001,0.4,6.548450063540573e-08,0.616709450683336,0.001012651271372126,True,False
447.213595499958,0.21286466880912897,0.001,0.4,9.422765085732865e-08,0.616709450683336,0.0010215231269806394,True,False
450.0,0.21286466880912897,0.001,0.4,9.59330807319067e-08,0.616709450683336,0.0010232153067126944,True,False
460.0,0.21286466880912897,0.001,0.4,1.0143696850279521e-07,0.616709450683336,0.0010349664062119616,True,False
470.0,0.21286466880912897,0.001,0.4,1.0697855857937089e-07,0.616709450683336,0.0010673420380774767,True,False
480.0,0.21286466880912897,0.001,0.4,1.373751157430353e-07,0.616709450683336,0.001156651744262843,True,False
490.0,0.21286466880912897,0.001,0.4,3.71802468160376e-07,0.616709450683336,0.0013946261738275378,True,False
500.0,0.21286466880912897,0.001,0.4,1.552071171619096e-06,0.616709450683336,0.0019803382001954478,True,False
510.0,0.21286466880912897,0.001,0.4,4.985227602671838e-06,0.616709450683336,0.0031892482667842106,True,False
520.0,0.21286466880912897,0.001,0.4,1.0024257209473308e-05,0.616709450683336,0.0048537712141381575,True,False
522.3832559187591,0.21286466880912897,0.001,0.4,1.1005339416114701e-05,0.616709450683336,0.0051822331953147996,True,False
530.0,0.21286466880912897,0.001,0.4,1.229371901156906e-05,0.616709450683336,0.0055851564884187846,True,False
540.0,0.21286466880912897,0.001,0.4,9.694887334377178e-06,0.616709450683336,0.004492212030948405,True,False
550.0,0.21286466880912897,0.001,0.4,5.919124132280906e-06,0.616709450683336,0.0029038841690532937,True,False
560.0,0.21286466880912897,0.001,0.4,3.546803149623301e-06,0.616709450683336,0.001874752587298966,True,False
570.0,0.21286466880912897,0.001,0.4,2.4438477814747728e-06,0.616709450683336,0.0013797726026909532,True,False
580.0,0.21286466880912897,0.001,0.4,1.985878765764504e-06,0.616709450683336,0.0011661392063891931,True,False
590.0,0.21286466880912897,0.001,0.4,1.8030358546194947e-06,0.616709450683336,0.001076340085307658,True,False
600.0,0.21286466880912897,0.001,0.4,1.7315279988716625e-06,0.616709450683336,0.0010381874718365927,True,False
610.0,0.21286466880912897,0.001,0.4,1.7047372163903063e-06,0.616709450683336,0.0010214487818651632,True,False
610.1877689098774,0.21286466880912897,0.001,0.4,1.7044566643642511e-06,0.616709450683336,0.0010212440236802003,True,False
620.0,0.21286466880912897,0.001,0.4,1.6960511475261342e-06,0.616709450683336,0.0010137203060113223,True,False
630.0,0.21286466880912897,0.001,0.4,1.6947561359836882e-06,0.616709450683336,0.0010098828430908915,True,False
640.0,0.21286466880912897,0.001,0.4,1.696457891831038e-06,0.616709450683336,0.0010077868801628967,True,False
650.0,0.21286466880912897,0.001,0.4,1.6993100152573604e-06,0.616709450683336,0.0010065085293445844,True,False
712.7508569783073,0.21286466880912897,0.001,0.4,1.7168380619381196e-06,0.616709450683336,0.0010032831923386656,True,False
832.5532074018732,0.21286466880912897,0.001,0.4,1.719984636494587e-06,0.616709450683336,0.001001357515439171,True,False
972.4924724660731,0.21286466880912897,0.001,0.4,1.6838520597861617e-06,0.616709450683336,0.0010006405941703758,True,False
1135.9533548066277,0.21286466880912897,0.001,0.4,1.6132454244699446e-06,0.616709450683336,0.0010003367774135121,True,False
1326.889473009725,0.21286466880912897,0.001,0.4,1.5182361051691018e-06,0.616709450683336,0.0010001941679333983,True,False
1549.918987548337,0.21286466880912897,0.001,0.4,1.410181569405644e-06,0.616709450683336,0.0010001211136368973,True,False
1810.4362999534146,0.21286466880912897,0.001,0.4,1.2988477944286814e-06,0.616709450683336,0.001000080734921859,True,False
2114.7425268811285,0.21286466880912897,0.001,0.4,1.1909583418345804e-06,0.616709450683336,0.0010000568772764442,True,False
2470.1979048446246,0.21286466880912897,0.001,0.4,1.0900747208220096e-06,0.616709450683336,0.0010000419244156058,True,False
2885.3998118144273,0.21286466880912897,0.001,0.4,9.97286602189007e-07,0.616709450683336,0.0010000320477313576,True,False
3370.3907114852836,0.21286466880912897,0.001,0.4,9.121485861074419e-07,0.616709450683336,0.0010000252121469258,True,False
3936.9010497450113,0.21286466880912897,0.001,0.4,8.335018111260695e-07,0.616709450683336,0.0010000202821612838,True,False
4598.632978267703,0.21286466880912897,0.001,0.4,7.600448760358702e-07,0.616709450683336,0.0010000165968118138,True,False
5371.591767636877,0.21286466880912897,0.001,0.4,6.906605811707323e-07,0.616709450683336,0.0010000137566500414,True,False
6274.472925867966,0.21286466880912897,0.001,0.4,6.245597453657936e-07,0.616709450683336,0.001000011511880338,True,False
7329.114385542688,0.21286466880912897,0.001,0.4,5.613072773247296e-07,0.616709450683336,0.0010000097011659817,True,False
8561.024696578494,0.21286466880912897,0.001,0.4,5.007810789381395e-07,0.616709450683336,0.0010000082169617777,True,False
10000.0,0.21286466880912897,0.001,0.4,4.430979813063729e-07,0.616709450683336,0.0010000069852876816,True,False
20.0,0.2654206147141456,0.001,0.4,6.600865053218796e-09,0.7294286911005486,0.0010005941326047183,True,False
23.361689410840295,0.2654206147141456,0.001,0.4,8.822466850755016e-09,0.7294286911005486,0.0010006943785302006,True,False
27.288426606428374,0.2654206147141456,0.001,0.4,1.1734424486623996e-08,0.7294286911005486,0.0010008116766227675,True,False
31.87518734449451,0.2654206147141456,0.001,0.4,1.550999286223119e-08,0.7294286911005486,0.0010009490043562835,True,False
37.23291133272139,0.2654206147141456,0.001,0.4,2.033425935445228e-08,0.7294286911005486,0.0010011099023898317,True,False
43.49118552081964,0.2654206147141456,0.001,0.4,2.637660276063041e-08,0.7294286911005486,0.0010012986051489647,True,False
50.80137841233114,0.2654206147141456,0.001,0.4,3.373762249428405e-08,0.7294286911005486,0.0010015202141133465,True,False
59.34030120557235,0.2654206147141456,0.001,0.4,4.23621512408456e-08,0.7294286911005486,0.0010017809330464139,True,False
69.31448431551465,0.2654206147141456,0.001,0.4,5.192423011027723e-08,0.7294286911005486,0.0010020883946976046,True,False
80.9651727125807,0.2654206147141456,0.001,0.4,6.173301164637611e-08,0.7294286911005486,0.001002452124818749,True,False
94.5741609003176,0.2654206147141456,0.001,0.4,7.078292743898312e-08,0.7294286911005486,0.0010028842156448081,True,False
110.47060866220276,0.2654206147141456,0.001,0.4,7.809657800969537e-08,0.7294286911005486,0.0010034003247794718,True,False
129.0390024296432,0.2654206147141456,0.001,0.4,8.327456894648963e-08,0.7294286911005486,0.0010040211922558327,True,False
150.72845483229952,0.2654206147141456,0.001,0.4,8.668231749298468e-08,0.7294286911005486,0.0010047750142818277,True,False
176.06356735840254,0.2654206147141456,0.001,0.4,8.882616138771094e-08,0.7294286911005486,0.001005701316740547,True,False
205.65711885957793,0.2654206147141456,0.001,0.4,8.968226307170038e-08,0.7294286911005486,0.0010068576734478423,True,False
240.22488679628626,0.2654206147141456,0.001,0.4,8.903280813684147e-08,0.7294286911005486,0.001008332376311268,True,False
280.60295970445543,0.2654206147141456,0.001,0.4,8.740443703297764e-08,0.7294286911005486,0.0010102709669169577,True,False
327.76795961890105,0.2654206147141456,0.001,0.4,8.702054084155746e-08,0.7294286911005486,0.0010129392734499402,True,False
382.86066357208045,0.2654206147141456,0.001,0.4,9.412117614763724e-08,0.7294286911005486,0.0010169044613566936,True,False
447.213595499958,0.2654206147141456,0.001,0.4,1.319389091635273e-07,0.7294286911005486,0.0010287830411342654,True,False
450.0,0.2654206147141456,0.001,0.4,1.3623960727973672e-07,0.7294286911005486,0.0010310522862147752,True,False
460.0,0.2654206147141456,0.001,0.4,1.6026196388539693e-07,0.7294286911005486,0.001046812902066603,True,False
470.0,0.2654206147141456,0.001,0.4,2.1681673592101325e-07,0.7294286911005486,0.001090233624818829,True,False
480.0,0.2654206147141456,0.001,0.4,3.8509821019376556e-07,0.7294286911005486,0.0012099890921385562,True,False
490.0,0.2654206147141456,0.001,0.4,9.770306729217637e-07,0.7294286911005486,0.001528993168507158,True,False
500.0,0.2654206147141456,0.001,0.4,3.0057748888548397e-06,0.7294286911005486,0.0023137447938303543,True,False
510.0,0.2654206147141456,0.001,0.4,8.09677846530521e-06,0.7294286911005486,0.003931896137346485,True,False
520.0,0.2654206147141456,0.001,0.4,1.5243057023051065e-05,0.7294286911005486,0.006155230756462681,True,False
522.3832559187591,0.2654206147141456,0.001,0.4,1.6603284916261174e-05,0.7294286911005486,0.00659272399871269,True,False
530.0,0.2654206147141456,0.001,0.4,1.8211053876449057e-05,0.7294286911005486,0.00712446510237824,True,False
540.0,0.2654206147141456,0.001,0.4,1.4008337211990352e-05,0.7294286911005486,0.005658527599819662,True,False
550.0,0.2654206147141456,0.001,0.4,8.183982915355159e-06,0.7294286911005486,0.0035378664668856965,True,False
560.0,0.2654206147141456,0.001,0.4,4.554076297402787e-06,0.7294286911005486,0.002165730098630524,True,False
570.0,0.2654206147141456,0.001,0.4,2.868545809775469e-06,0.7294286911005486,0.0015060974340090896,True,False
580.0,0.2654206147141456,0.001,0.4,2.1668319465373287e-06,0.7294286911005486,0.001221432541089861,True,False
590.0,0.2654206147141456,0.001,0.4,1.8843477078700488e-06,0.7294286911005486,0.001101771102194559,True,False
600.0,0.2654206147141456,0.001,0.4,1.7715809700336038e-06,0.7294286911005486,0.0010509253566727264,True,False
610.0,0.2654206147141456,0.001,0.4,1.7271183920808397e-06,0.7294286911005486,0.0010286142829453162,True,False
610.1877689098774,0.2654206147141456,0.001,0.4,1.7266245113667367e-06,0.7294286911005486,0.0010283413298673985,True,False
620.0,0.2654206147141456,0.001,0.4,1.7104584364435738e-06,0.7294286911005486,0.00101831082987791,True,False
630.0,0.2654206147141456,0.001,0.4,1.7052970933129075e-06,0.7294286911005486,0.0010131934538355472,True,False
640.0,0.2654206147141456,0.001,0.4,1.7049455931505975e-06,0.7294286911005486,0.0010103975532375067,True,False
650.0,0.2654206147141456,0.001,0.4,1.70659062725953e-06,0.7294286911005486,0.0010086917513570928,True,False
712.7508569783073,0.2654206147141456,0.001,0.4,1.721587569947225e-06,0.7294286911005486,0.0010043854227637086,True,False
832.5532074018732,0.2654206147141456,0.001,0.4,1.7243019247992208e-06,0.7294286911005486,0.0010018134007138127,True,False
972.4924724660731,0.2654206147141456,0.001,0.4,1.68863976601763e-06,0.7294286911005486,0.0010008557583108804,True,False
1135.9533548066277,0.2654206147141456,0.001,0.4,1.6183413079629005e-06,0.7294286911005486,0.0010004499073421593,True,False
1326.889473009725,0.2654206147141456,0.001,0.4,1.5232155533562164e-06,0.7294286911005486,0.0010002593972721066,True,False
1549.918987548337,0.2654206147141456,0.001,0.4,1.4146609077503314e-06,0.7294286911005486,0.0010001618028271366,True,False
1810.4362999534146,0.2654206147141456,0.001,0.4,1.3025921656861783e-06,0.7294286911005486,0.0010001078593929727,True,False
2114.7425268811285,0.2654206147141456,0.001,0.4,1.1938814232781425e-06,0.7294286911005486,0.0010000759867205824,True,False
2470.1979048446246,0.2654206147141456,0.001,0.4,1.0921931699048315e-06,0.7294286911005486,0.0010000560102537684,True,False
2885.3998118144273,0.2654206147141456,0.001,0.4,9.986712055098934e-07,0.7294286911005486,0.0010000428152920895,True,False
3370.3907114852836,0.2654206147141456,0.001,0.4,9.128899188803885e-07,0.7294286911005486,0.0010000336831096348,True,False
3936.9010497450113,0.2654206147141456,0.001,0.4,8.336918587703579e-07,0.7294286911005486,0.0010000270967415173,True,False
4598.632978267703,0.2654206147141456,0.001,0.4,7.597697840866502e-07,0.7294286911005486,0.0010000221731715211,True,False
5371.591767636877,0.2654206147141456,0.001,0.4,6.899994146047916e-07,0.7294286911005486,0.0010000183787524089,True,False
6274.472925867966,0.2654206147141456,0.001,0.4,6.235855899427989e-07,0.7294286911005486,0.0010000153797657943,True,False
7329.114385542688,0.2654206147141456,0.001,0.4,5.600886617829204e-07,0.7294286911005486,0.0010000129606694266,True,False
8561.024696578494,0.2654206147141456,0.001,0.4,4.993828279786783e-07,0.7294286911005486,0.0010000109777864577,True,False
10000.0,0.2654206147141456,0.001,0.4,4.415812616676007e-07,0.7294286911005486,0.001000009332280504,True,False
20.0,0.3309525395142214,0.001,0.4,1.065877898604665e-08,0.8363852326409904,0.0010008133874210797,True,False
23.361689410840295,0.3309525395142214,0.001,0.4,1.422290440508152e-08,0.8363852326409904,0.001000950627887206,True,False
27.288426606428374,0.3309525395142214,0.001,0.4,1.887997694246533e-08,0.8363852326409904,0.0010011112135764031,True,False
31.87518734449451,0.3309525395142214,0.001,0.4,2.489498593380415e-08,0.8363852326409904,0.0010012992208501712,True,False
37.23291133272139,0.3309525395142214,0.001,0.4,3.2544313467393866e-08,0.8363852326409904,0.0010015194971296254,True,False
43.49118552081964,0.3309525395142214,0.001,0.4,4.206928112844984e-08,0.8363852326409904,0.001001777839681995,True,False
50.80137841233114,0.3309525395142214,0.001,0.4,5.359053957181107e-08,0.8363852326409904,0.0010020812328808406,True,False
59.34030120557235,0.3309525395142214,0.001,0.4,6.697358461250588e-08,0.8363852326409904,0.0010024381702778964,True,False
69.31448431551465,0.3309525395142214,0.001,0.4,8.16607574330467e-08,0.8363852326409904,0.0010028591019208136,True,False
80.9651727125807,0.3309525395142214,0.001,0.4,9.655277832025434e-08,0.8363852326409904,0.0010033570696854016,True,False
94.5741609003176,0.3309525395142214,0.001,0.4,1.1012892794976155e-07,0.8363852326409904,0.0010039486294153833,True,False
110.47060866220276,0.3309525395142214,0.001,0.4,1.2100809596119903e-07,0.8363852326409904,0.0010046552186262602,True,False
129.0390024296432,0.3309525395142214,0.001,0.4,1.2877087016037122e-07,0.8363852326409904,0.0010055052337379186,True,False
150.72845483229952,0.3309525395142214,0.001,0.4,1.3415578595260156e-07,0.8363852326409904,0.0010065372803756759,True,False
176.06356735840254,0.3309525395142214,0.001,0.4,1.3800633408953445e-07,0.8363852326409904,0.0010078054773514963,True,False
205.65711885957793,0.3309525395142214,0.001,0.4,1.4019949553935958e-07,0.8363852326409904,0.0010093886562006816,True,False
240.22488679628626,0.3309525395142214,0.001,0.4,1.4018184142449526e-07,0.8363852326409904,0.0010114077114063097,True,False
280.60295970445543,0.3309525395142214,0.001,0.4,1.384394069357548e-07,0.8363852326409904,0.001014061933736789,True,False
327.76795961890105,0.3309525395142214,0.001,0.4,1.3772058666356932e-07,0.8363852326409904,0.001017715341543289,True,False
382.86066357208045,0.3309525395142214,0.001,0.4,1.4544751622937516e-07,0.8363852326409904,0.0010231446987007749,True,False
447.213595499958,0.3309525395142214,0.001,0.4,1.9996254762340987e-07,0.8363852326409904,0.0010394570035687474,True,False
450.0,0.3309525395142214,0.001,0.4,2.0901718857189305e-07,0.8363852326409904,0.0010425804631218893,True,False
460.0,0.3309525395142214,0.001,0.4,2.6696862402784266e-07,0.8363852326409904,0.0010642781992990296,True,False
470.0,0.3309525395142214,0.001,0.4,4.169273190302025e-07,0.8363852326409904,0.0011240524399077486,True,False
480.0,0.3309525395142214,0.001,0.4,8.372238458655146e-07,0.8363852326409904,0.0012888653374137247,True,False
490.0,0.3309525395142214,0.001,0.4,2.0808744238716426e-06,0.8363852326409904,0.0017276983706701844,True,False
500.0,0.3309525395142214,0.001,0.4,5.6532883112234145e-06,0.8363852326409904,0.0028064312881853895,True,False
510.0,0.3309525395142214,0.001,0.4,1.3759971007554217e-05,0.8363852326409904,0.005027576169848723,True,False
520.0,0.3309525395142214,0.001,0.4,2.4727655390577308e-05,0.8363852326409904,0.008070007364722964,True,False
522.3832559187591,0.3309525395142214,0.001,0.4,2.6769802698778378e-05,0.8363852326409904,0.008666180374342525,True,False
530.0,0.3309525395142214,0.001,0.4,2.8926608990342828e-05,0.8363852326409904,0.009380859817774756,True,False
540.0,0.3309525395142214,0.001,0.4,2.1790772583574203e-05,0.8363852326409904,0.007362698587023319,True,False
550.0,0.3309525395142214,0.001,0.4,1.226195489756332e-05,0.8363852326409904,0.004462541943137887,True,False
560.0,0.3309525395142214,0.001,0.4,6.366577269378837e-06,0.8363852326409904,0.0025898509956545626,True,False
570.0,0.3309525395142214,0.001,0.4,3.63270925984871e-06,0.8363852326409904,0.001690223590185446,True,False
580.0,0.3309525395142214,0.001,0.4,2.4923198868043173e-06,0.8363852326409904,0.0013020532509845353,True,False
590.0,0.3309525395142214,0.001,0.4,2.030371861194702e-06,0.8363852326409904,0.0011388727088255104,True,False
600.0,0.3309525395142214,0.001,0.4,1.84319591300941e-06,0.8363852326409904,0.0010695238289318834,True,False
610.0,0.3309525395142214,0.001,0.4,1.7667918605912547e-06,0.8363852326409904,0.0010390865408814723,True,False
610.1877689098774,0.3309525395142214,0.001,0.4,1.7659116674506592e-06,0.8363852326409904,0.001038714111949445,True,False
620.0,0.3309525395142214,0.001,0.4,1.7356627826092819e-06,0.8363852326409904,0.0010250260627623345,True,False
630.0,0.3309525395142214,0.001,0.4,1.7234381096686846e-06,0.8363852326409904,0.0010180400079857757,True,False
640.0,0.3309525395142214,0.001,0.4,1.7192948773558925e-06,0.8363852326409904,0.0010142214078965308,True,False
650.0,0.3309525395142214,0.001,0.4,1.7186765818300032e-06,0.8363852326409904,0.0010118905452137774,True,False
712.7508569783073,0.3309525395142214,0.001,0.4,1.7286117729442552e-06,0.8363852326409904,0.0010060012082975236,True,False
832.5532074018732,0.3309525395142214,0.001,0.4,1.7297902811241883e-06,0.8363852326409904,0.0010024818221640022,True,False
972.4924724660731,0.3309525395142214,0.001,0.4,1.6944201746138532e-06,0.8363852326409904,0.0010011712674249376,True,False
1135.9533548066277,0.3309525395142214,0.001,0.4,1.6244126441744555e-06,0.8363852326409904,0.0010006158083696306,True,False
1326.889473009725,0.3309525395142214,0.001,0.4,1.5291140301743056e-06,0.8363852326409904,0.0010003550580067735,True,False
1549.918987548337,0.3309525395142214,0.001,0.4,1.4199320406138582e-06,0.8363852326409904,0.0010002214764658337,True,False
1810.4362999534146,0.3309525395142214,0.001,0.4,1.306953308244374e-06,0.8363852326409904,0.001000147640176973,True,False
2114.7425268811285,0.3309525395142214,0.001,0.4,1.1972304007068502e-06,0.8363852326409904,0.0010001040130326313,True,False
2470.1979048446246,0.3309525395142214,0.001,0.4,1.0945539924422931e-06,0.8363852326409904,0.0010000766690287924,True,False
2885.3998118144273,0.3309525395142214,0.001,0.4,1.00013395776255e-06,0.8363852326409904,0.0010000586074649922,True,False
3370.3907114852836,0.3309525395142214,0.001,0.4,9.135683689542873e-07,0.8363852326409904,0.0010000461070444047,True,False
3936.9010497450113,0.3309525395142214,0.001,0.4,8.337008901015963e-07,0.8363852326409904,0.0010000370913710857,True,False
4598.632978267703,0.3309525395142214,0.001,0.4,7.592166946235324e-07,0.8363852326409904,0.0010000303517746492,True,False
5371.591767636877,0.3309525395142214,0.001,0.4,6.889825460154597e-07,0.8363852326409904,0.0010000251577954025,True,False
6274.472925867966,0.3309525395142214,0.001,0.4,6.221957695728975e-07,0.8363852326409904,0.0010000210526335254,True,False
7329.114385542688,0.3309525395142214,0.001,0.4,5.584110069900561e-07,0.8363852326409904,0.0010000177412502467,True,False
8561.024696578494,0.3309525395142214,0.001,0.4,4.974977850791262e-07,0.8363852326409904,0.0010000150269755528,True,False
10000.0,0.3309525395142214,0.001,0.4,4.395645911703383e-07,0.8363852326409904,0.0010000127745194423,True,False
20.0,0.4126641916223205,0.001,0.4,1.8866018148527774e-08,0.9221363163488315,0.0010011553160844085,True,False
23.361689410840295,0.4126641916223205,0.001,0.4,2.5105646593070367e-08,0.9221363163488315,0.001001350250140142,True,False
27.288426606428374,0.4126641916223205,0.001,0.4,3.321608550997584e-08,0.9221363163488315,0.0010015783437155824,True,False
31.87518734449451,0.4126641916223205,0.001,0.4,4.3624330554874184e-08,0.9221363163488315,0.0010018453869991353,True,False
37.23291133272139,0.4126641916223205,0.001,0.4,5.675673869123099e-08,0.9221363163488315,0.00100215826546294,True,False
43.49118552081964,0.4126641916223205,0.001,0.4,7.295262507662977e-08,0.9221363163488315,0.0010025252138432755,True,False
50.80137841233114,0.4126641916223205,0.001,0.4,9.231523903366009e-08,0.9221363163488315,0.00100295615319167,True,False
59.34030120557235,0.4126641916223205,0.001,0.4,1.1449310495284165e-07,0.9221363163488315,0.0010034631484146374,True,False
69.31448431551465,0.4126641916223205,0.001,0.4,1.3843276946322621e-07,0.9221363163488315,0.0010040610437471354,True,False
80.9651727125807,0.4126641916223205,0.001,0.4,1.6225544050268976e-07,0.9221363163488315,0.0010047683653367412,True,False
94.5741609003176,0.4126641916223205,0.001,0.4,1.8355884560098335e-07,0.9221363163488315,0.0010056086312994538,True,False
110.47060866220276,0.4126641916223205,0.001,0.4,2.0040579053708226e-07,0.9221363163488315,0.001006612294808044,True,False
129.0390024296432,0.4126641916223205,0.001,0.4,2.1259778290439157e-07,0.9221363163488315,0.0010078196952655349,True,False
150.72845483229952,0.4126641916223205,0.001,0.4,2.2177988683110981e-07,0.9221363163488315,0.0010092856762052873,True,False
176.06356735840254,0.4126641916223205,0.001,0.4,2.2951282938650107e-07,0.9221363163488315,0.0010110871212211945,True,False
205.65711885957793,0.4126641916223205,0.001,0.4,2.354273645299818e-07,0.9221363163488315,0.0010133360252407297,True,False
240.22488679628626,0.4126641916223205,0.001,0.4,2.3813174986503935e-07,0.9221363163488315,0.0010162041480177352,True,False
280.60295970445543,0.4126641916223205,0.001,0.4,2.377603968045953e-07,0.9221363163488315,0.0010199746448738946,True,False
327.76795961890105,0.4126641916223205,0.001,0.4,2.3785997171595422e-07,0.9221363163488315,0.0010251647597807275,True,False
382.86066357208045,0.4126641916223205,0.001,0.4,2.480655029832475e-07,0.9221363163488315,0.0010328784456259954,True,False
447.213595499958,0.4126641916223205,0.001,0.4,3.376496947298663e-07,0.9221363163488315,0.0010561602330605834,True,False
450.0,0.4126641916223205,0.001,0.4,3.5654377259289327e-07,0.9221363163488315,0.0010606342709215573,True,False
460.0,0.4126641916223205,0.001,0.4,4.846789937087287e-07,0.9221363163488315,0.0010917235968037143,True,False
470.0,0.4126641916223205,0.001,0.4,8.276471272442715e-07,0.9221363163488315,0.001177362480549649,True,False
480.0,0.4126641916223205,0.001,0.4,1.7677967327021232e-06,0.9221363163488315,0.001413387165650276,True,False
490.0,0.4126641916223205,0.001,0.4,4.352441593906409e-06,0.9221363163488315,0.0020413915061823973,True,False
500.0,0.4126641916223205,0.001,0.4,1.1093920294899529e-05,0.9221363163488315,0.003583346978707303,True,False
510.0,0.4126641916223205,0.001,0.4,2.5381229923154836e-05,0.9221363163488315,0.006751114785274486,True,False
520.0,0.4126641916223205,0.001,0.4,4.412811156118135e-05,0.9221363163488315,0.011069174771354495,False,False
522.3832559187591,0.4126641916223205,0.001,0.4,4.753965767440027e-05,0.9221363163488315,0.011909756864735277,False,False
530.0,0.4126641916223205,0.001,0.4,5.071719251747986e-05,0.9221363163488315,0.012895369029121306,False,False
540.0,0.4126641916223205,0.001,0.4,3.752982214222378e-05,0.9221363163488315,0.010004213129401696,False,False
550.0,0.4126641916223205,0.001,0.4,2.0485266209679942e-05,0.9221363163488315,0.005891912289806344,True,False
560.0,0.4126641916223205,0.001,0.4,1.0018984787585339e-05,0.9221363163488315,0.0032448217590015363,True,False
570.0,0.4126641916223205,0.001,0.4,5.173162620275562e-06,0.9221363163488315,0.0019745683618582746,True,False
580.0,0.4126641916223205,0.001,0.4,3.148812597442152e-06,0.9221363163488315,0.001426619887127333,True,False
590.0,0.4126641916223205,0.001,0.4,2.3248457146074486e-06,0.9221363163488315,0.001196249638834356,True,False
600.0,0.4126641916223205,0.001,0.4,1.9873181285046115e-06,0.9221363163488315,0.0010983214655073672,True,False
610.0,0.4126641916223205,0.001,0.4,1.846209778944008e-06,0.9221363163488315,0.0010553251850152759,True,False
610.1877689098774,0.4126641916223205,0.001,0.4,1.8445454674775874e-06,0.9221363163488315,0.0010547989530413906,True,False
620.0,0.4126641916223205,0.001,0.4,1.7856518986780756e-06,0.9221363163488315,0.0010354537022431156,True,False
630.0,0.4126641916223205,0.001,0.4,1.7589671844620014e-06,0.9221363163488315,0.0010255744791660684,True,False
640.0,0.4126641916223205,0.001,0.4,1.7469846514961418e-06,0.9221363163488315,0.0010201706340179353,True,False
650.0,0.4126641916223205,0.001,0.4,1.7416244035839412e-06,0.9221363163488315,0.0010168697113598349,True,False
712.7508569783073,0.4126641916223205,0.001,0.4,1.7403989875930392e-06,0.9221363163488315,0.00100851825969872,True,False
832.5532074018732,0.4126641916223205,0.001,0.4,1.7371003812050034e-06,0.9221363163488315,0.0010035233855268935,True,False
972.4924724660731,0.4126641916223205,0.001,0.4,1.701322095759572e-06,0.9221363163488315,0.0010016629887237274,True,False
1135.9533548066277,0.4126641916223205,0.001,0.4,1.6314235917747055e-06,0.9221363163488315,0.0010008743920627552,True,False
1326.889473009725,0.4126641916223205,0.001,0.4,1.5358309565227657e-06,0.9221363163488315,0.0010005041708108777,True,False
1549.918987548337,0.4126641916223205,0.001,0.4,1.425855702841261e-06,0.9221363163488315,0.0010003144979200398,True,False
1810.4362999534146,0.4126641916223205,0.001,0.4,1.3117609702906208e-06,0.9221363163488315,0.0010002096537866647,True,False
2114.7425268811285,0.4126641916223205,0.001,0.4,1.2008090397586102e-06,0.9221363163488315,0.0010001477036827291,True,False
2470.1979048446246,0.4126641916223205,0.001,0.4,1.096940369538224e-06,0.9221363163488315,0.0010001088747607625,True,False
2885.3998118144273,0.4126641916223205,0.001,0.4,1.0014428624138816e-06,0.9221363163488315,0.0010000832267028628,True,False
3370.3907114852836,0.4126641916223205,0.001,0.4,9.139415786396654e-07,0.9221363163488315,0.0010000654754842566,True,False
3936.9010497450113,0.4126641916223205,0.001,0.4,8.332802855504085e-07,0.9221363163488315,0.0010000526726819938,True,False
4598.632978267703,0.4126641916223205,0.001,0.4,7.581342008622372e-07,0.9221363163488315,0.0010000431019921976,True,False
5371.591767636877,0.4126641916223205,0.001,0.4,6.873588552780419e-07,0.9221363163488315,0.0010000357261545903,True,False
6274.472925867966,0.4126641916223205,0.001,0.4,6.201423440321818e-07,0.9221363163488315,0.0010000298965013856,True,False
7329.114385542688,0.4126641916223205,0.001,0.4,5.560323232955966e-07,0.9221363163488315,0.0010000251940667218,True,False
8561.024696578494,0.4126641916223205,0.001,0.4,4.948925425019013e-07,0.9221363163488315,0.00100002133957,True,False
10000.0,0.4126641916223205,0.001,0.4,4.3682564876412755e-07,0.9221363163488315,0.0010000181408917888,True,False
20.0,0.5145503198049509,0.001,0.4,3.838127034289456e-08,0.9751626336370721,0.0010017429195139122,True,False
23.361689410840295,0.5145503198049509,0.001,0.4,5.081624713998508e-08,0.9751626336370721,0.001002037001182833,True,False
27.288426606428374,0.5145503198049509,0.001,0.4,6.682410343073046e-08,0.9751626336370721,0.0010023811089338237,True,False
31.87518734449451,0.5145503198049509,0.001,0.4,8.712681313552373e-08,0.9751626336370721,0.0010027839784686396,True,False
37.23291133272139,0.5145503198049509,0.001,0.4,1.1237934519775584e-07,0.9751626336370721,0.0010032559980741585,True,False
43.49118552081964,0.5145503198049509,0.001,0.4,1.4298744186753942e-07,0.9751626336370721,0.0010038095918735446,True,False
50.80137841233114,0.5145503198049509,0.001,0.4,1.7882489893498227e-07,0.9751626336370721,0.0010044597284401579,True,False
59.34030120557235,0.5145503198049509,0.001,0.4,2.1886660127646732e-07,0.9751626336370721,0.0010052246112444165,True,False
69.31448431551465,0.5145503198049509,0.001,0.4,2.6085333412003964e-07,0.9751626336370721,0.0010061266376300568,True,False
80.9651727125807,0.5145503198049509,0.001,0.4,3.012901109983087e-07,0.9751626336370721,0.0010071937609099507,True,False
94.5741609003176,0.5145503198049509,0.001,0.4,3.362602815307829e-07,0.9751626336370721,0.0010084614674288662,True,False
110.47060866220276,0.5145503198049509,0.001,0.4,3.633136958170029e-07,0.9751626336370721,0.0010099757090496423,True,False
129.0390024296432,0.5145503198049509,0.001,0.4,3.834752655226593e-07,0.9751626336370721,0.0010117973571907711,True,False
150.72845483229952,0.5145503198049509,0.001,0.4,4.008775000854825e-07,0.9751626336370721,0.001014009172672102,True,False
176.06356735840254,0.5145503198049509,0.001,0.4,4.188856244757139e-07,0.9751626336370721,0.001016727180402615,True,False
205.65711885957793,0.5145503198049509,0.001,0.4,4.36585590273843e-07,0.9751626336370721,0.0010201204004132004,True,False
240.22488679628626,0.5145503198049509,0.001,0.4,4.503490608997432e-07,0.9751626336370721,0.0010244480653617504,True,False
280.60295970445543,0.5145503198049509,0.001,0.4,4.5875057186827665e-07,0.9751626336370721,0.0010301375727178388,True,False
327.76795961890105,0.5145503198049509,0.001,0.4,4.663292841810499e-07,0.9751626336370721,0.0010379697628015113,True,False
382.86066357208045,0.5145503198049509,0.001,0.4,4.873225548851154e-07,0.9751626336370721,0.0010496117762780546,True,False
447.213595499958,0.5145503198049509,0.001,0.4,6.663785532918728e-07,0.9751626336370721,0.0010850306416418046,True,False
450.0,0.5145503198049509,0.001,0.4,7.096023635086782e-07,0.9751626336370721,0.0010918791552077213,True,False
460.0,0.5145503198049509,0.001,0.4,1.0109558292248702e-06,0.9751626336370721,0.0011394926980637576,True,False
470.0,0.5145503198049509,0.001,0.4,1.8295266940096533e-06,0.9751626336370721,0.0012706267098925748,True,False
480.0,0.5145503198049509,0.001,0.4,4.048607412585059e-06,0.9751626336370721,0.0016317613450681024,True,False
490.0,0.5145503198049509,0.001,0.4,9.924802455790749e-06,0.9751626336370721,0.0025914874129939437,True,False
500.0,0.5145503198049509,0.001,0.4,2.4423001636707242e-05,0.9751626336370721,0.004943153553199359,True,False
510.0,0.5145503198049509,0.001,0.4,5.3772499224946646e-05,0.9751626336370721,0.009755384910657028,True,False
520.0,0.5145503198049509,0.001,0.4,9.122629861385567e-05,0.9751626336370721,0.01625986454961159,False,False
522.3832559187591,0.5145503198049509,0.001,0.4,9.785407224244258e-05,0.9751626336370721,0.01751157263863784,False,False
530.0,0.5145503198049509,0.001,0.4,0.0001030998091468005,0.9751626336370721,0.018921762812492415,False,False
540.0,0.5145503198049509,0.001,0.4,7.503636125083535e-05,0.9751626336370721,0.014497628709607358,False,False
550.0,0.5145503198049509,0.001,0.4,3.9996117259133435e-05,0.9751626336370721,0.00831257320064327,True,False
560.0,0.5145503198049509,0.001,0.4,1.867820818002297e-05,0.9751626336370721,0.0043522767196489945,True,False
570.0,0.5145503198049509,0.001,0.4,8.829512195607236e-06,0.9751626336370721,0.0024553554144630665,True,False
580.0,0.5145503198049509,0.001,0.4,4.7100977615954776e-06,0.9751626336370721,0.0016374275840697053,True,False
590.0,0.5145503198049509,0.001,0.4,3.026639023184785e-06,0.9751626336370721,0.0012934952528678148,True,False
600.0,0.5145503198049509,0.001,0.4,2.3312893797644563e-06,0.9751626336370721,0.0011472292195128233,True,False
610.0,0.5145503198049509,0.001,0.4,2.0356979675284492e-06,0.9751626336370721,0.0010829700096720565,True,False
610.1877689098774,0.5145503198049509,0.001,0.4,2.032157253584188e-06,0.9751626336370721,0.001082183202412378,True,False
620.0,0.5145503198049509,0.001,0.4,1.904563398769099e-06,0.9751626336370721,0.001053247421203828,True,False
630.0,0.5145503198049509,0.001,0.4,1.8429756634130712e-06,0.9751626336370721,0.0010384554543276794,True,False
640.0,0.5145503198049509,0.001,0.4,1.8119001675698243e-06,0.9751626336370721,0.0010303545482207568,True,False
650.0,0.5145503198049509,0.001,0.4,1.7948589249305869e-06,0.9751626336370721,0.0010253998901065256,True,False
712.7508569783073,0.5145503198049509,0.001,0.4,1.7650452851514231e-06,0.9751626336370721,0.0010128359336156736,True,False
832.5532074018732,0.5145503198049509,0.001,0.4,1.748313346872088e-06,0.9751626336370721,0.0010053109156803455,True,False
972.4924724660731,0.5145503198049509,0.001,0.4,1.7096108535508137e-06,0.9751626336370721,0.001002507111261485,True,False
1135.9533548066277,0.5145503198049509,0.001,0.4,1.6390270836108556e-06,0.9751626336370721,0.0010013183706202291,True,False
1326.889473009725,0.5145503198049509,0.001,0.4,1.5427971475912017e-06,0.9751626336370721,0.001000760220396634,True,False
1549.918987548337,0.5145503198049509,0.001,0.4,1.4317811851682904e-06,0.9751626336370721,0.0010004742418402426,True,False
1810.4362999534146,0.5145503198049509,0.001,0.4,1.3163405173655107e-06,0.9751626336370721,0.001000316153847546,True,False
2114.7425268811285,0.5145503198049509,0.001,0.4,1.2039462251589583e-06,0.9751626336370721,0.0010002227390587528,True,False
2470.1979048446246,0.5145503198049509,0.001,0.4,1.0986990244266082e-06,0.9751626336370721,0.0010001641869369351,True,False
2885.3998118144273,0.5145503198049509,0.001,0.4,1.001969804459435e-06,0.9751626336370721,0.0010001255100132713,True,False
3370.3907114852836,0.5145503198049509,0.001,0.4,9.134098818419645e-07,0.9751626336370721,0.0010000987409475295,True,False
3936.9010497450113,0.5145503198049509,0.001,0.4,8.318599336032406e-07,0.9751626336370721,0.001000079433904121,True,False
4598.632978267703,0.5145503198049509,0.001,0.4,7.559819216185204e-07,0.9751626336370721,0.00100006500085048,True,False
5371.591767636877,0.5145503198049509,0.001,0.4,6.846176938690718e-07,0.9751626336370721,0.001000053877659223,True,False
6274.472925867966,0.5145503198049509,0.001,0.4,6.169445799786288e-07,0.9751626336370721,0.0010000450861588064,True,False
7329.114385542688,0.5145503198049509,0.001,0.4,5.525022185315365e-07,0.9751626336370721,0.0010000379945533924,True,False
8561.024696578494,0.5145503198049509,0.001,0.4,4.911477887725724e-07,0.9751626336370721,0.0010000321816856497,True,False
10000.0,0.5145503198049509,0.001,0.4,4.329769360822411e-07,0.9751626336370721,0.0010000273578342203,True,False
20.0,0.6415919699029601,0.001,0.4,9.740449286829591e-08,0.9967696451197103,0.001002943617635872,True,False
23.361689410840295,0.6415919699029601,0.001,0.4,1.275772911451545e-07,0.9967696451197103,0.0010034403010137553,True,False
27.288426606428374,0.6415919699029601,0.001,0.4,1.6563780804734118e-07,0.9967696451197103,0.0010040214781367417,True,False
31.87518734449451,0.6415919699029601,0.001,0.4,2.1274442157091946e-07,0.9967696451197103,0.0010047019047208043,True,False
37.23291133272139,0.6415919699029601,0.001,0.4,2.696444073672902e-07,0.9967696451197103,0.0010054991283308724,True,False
43.49118552081964,0.6415919699029601,0.001,0.4,3.3624363946826847e-07,0.9967696451197103,0.001006434135979153,True,False
50.80137841233114,0.6415919699029601,0.001,0.4,4.110587030771469e-07,0.9967696451197103,0.0010075322135922546,True,False
59.34030120557235,0.6415919699029601,0.001,0.4,4.906835540701636e-07,0.9967696451197103,0.0010088241127929921,True,False
69.31448431551465,0.6415919699029601,0.001,0.4,5.696011822437107e-07,0.9967696451197103,0.0010103476715369896,True,False
80.9651727125807,0.6415919699029601,0.001,0.4,6.409228733713684e-07,0.9967696451197103,0.001012150116110438,True,False
94.5741609003176,0.6415919699029601,0.001,0.4,6.986970265682276e-07,0.9967696451197103,0.001014291402615858,True,False
110.47060866220276,0.6415919699029601,0.001,0.4,7.416690683272089e-07,0.9967696451197103,0.0010168491735422164,True,False
129.0390024296432,0.6415919699029601,0.001,0.4,7.762209386531833e-07,0.9967696451197103,0.0010199262866611059,True,False
150.72845483229952,0.6415919699029601,0.001,0.4,8.142360010260092e-07,0.9967696451197103,0.0010236625976092397,True,False
176.06356735840254,0.6415919699029601,0.001,0.4,8.64705662883335e-07,0.9967696451197103,0.0010282541910670317,True,False
205.65711885957793,0.6415919699029601,0.001,0.4,9.262981298241294e-07,0.9967696451197103,0.0010339867446152427,True,False
240.22488679628626,0.6415919699029601,0.001,0.4,9.896244380971095e-07,0.9967696451197103,0.0010412984719890466,True,False
280.60295970445543,0.6415919699029601,0.001,0.4,1.0473070965428622e-06,0.9967696451197103,0.0010509119897361887,True,False
327.76795961890105,0.6415919699029601,0.001,0.4,1.1036015187817442e-06,0.9967696451197103,0.0010641478643927337,True,False
382.86066357208045,0.6415919699029601,0.001,0.4,1.183427816390907e-06,0.9967696451197103,0.0010838276756507015,True,False
447.213595499958,0.6415919699029601,0.001,0.4,1.6704608072964575e-06,0.9967696451197103,0.0011447010068673328,True,False
450.0,0.6415919699029601,0.001,0.4,1.7927464414776648e-06,0.9967696451197103,0.0011566197577586304,True,False
460.0,0.6415919699029601,0.001,0.4,2.6547970561844464e-06,0.9967696451197103,0.0012395656944686386,True,False
470.0,0.6415919699029601,0.001,0.4,5.009316283844864e-06,0.9967696451197103,0.0014679166230459886,True,False
480.0,0.6415919699029601,0.001,0.4,1.1353665764221935e-05,0.9967696451197103,0.0020957689081234484,True,False
490.0,0.6415919699029601,0.001,0.4,2.782666827605418e-05,0.9967696451197103,0.0037600724889564055,True,False
500.0,0.6415919699029601,0.001,0.4,6.719765682034612e-05,0.9967696451197103,0.007820877196014424,True,False
510.0,0.6415919699029601,0.001,0.4,0.00014438551686768442,0.9967696451197103,0.016062094503789426,False,False
520.0,0.6415919699029601,0.001,0.4,0.0002396817227350856,0.9967696451197103,0.027006146139790743,False,False
522.3832559187591,0.6415919699029601,0.001,0.4,0.00025580899894317444,0.9967696451197103,0.029061562027471233,False,False
530.0,0.6415919699029601,0.001,0.4,0.0002652635835396211,0.9967696451197103,0.03117726286839112,False,False
540.0,0.6415919699029601,0.001,0.4,0.00018938734176077165,0.9967696451197103,0.023498190659413387,False,False
550.0,0.6415919699029601,0.001,0.4,9.905238473628675e-05,0.9967696451197103,0.013121016746991399,False,False
560.0,0.6415919699029601,0.001,0.4,4.486916292667509e-05,0.9967696451197103,0.006545765016787829,True,False
570.0,0.6415919699029601,0.001,0.4,1.9919885528851822e-05,0.9967696451197103,0.003407700868229168,True,False
580.0,0.6415919699029601,0.001,0.4,9.468206860985262e-06,0.9967696451197103,0.002055707634703751,True,False
590.0,0.6415919699029601,0.001,0.4,5.178346384582255e-06,0.9967696451197103,0.0014870066820206187,True,False
600.0,0.6415919699029601,0.001,0.4,3.393288738884337e-06,0.9967696451197103,0.0012449369680115332,True,False
610.0,0.6415919699029601,0.001,0.4,2.624874971823843e-06,0.9967696451197103,0.0011384543684408435,True,False
610.1877689098774,0.6415919699029601,0.001,0.4,2.615572480824113e-06,0.9967696451197103,0.0011371494269236662,True,False
620.0,0.6415919699029601,0.001,0.4,2.27641958294722e-06,0.9967696451197103,0.0010891204673055812,True,False
630.0,0.6415919699029601,0.001,0.4,2.106548076641346e-06,0.9967696451197103,0.0010645171665176747,True,False
640.0,0.6415919699029601,0.001,0.4,2.0156923397074422e-06,0.9967696451197103,0.0010510097320838288,True,False
650.0,0.6415919699029601,0.001,0.4,1.9616939099798003e-06,0.9967696451197103,0.0010427271939522633,True,False
712.7508569783073,0.6415919699029601,0.001,0.4,1.8385987677893567e-06,0.9967696451197103,0.0010216277774549578,True,False
832.5532074018732,0.6415919699029601,0.001,0.4,1.7736386020983375e-06,0.9967696451197103,0.0010089541416155026,True,False
972.4924724660731,0.6415919699029601,0.001,0.4,1.7213545737693181e-06,0.9967696451197103,0.0010042284498780188,True,False
1135.9533548066277,0.6415919699029601,0.001,0.4,1.6464100806024007e-06,0.9967696451197103,0.001002224031666498,True,False
1326.889473009725,0.6415919699029601,0.001,0.4,1.5481328718980336e-06,0.9967696451197103,0.001001282641270306,True,False
1549.918987548337,0.6415919699029601,0.001,0.4,1.4354745315747763e-06,0.9967696451197103,0.0010008002154306963,True,False
1810.4362999534146,0.6415919699029601,0.001,0.4,1.3184136912203215e-06,0.9967696451197103,0.0010005334987729366,True,False
2114.7425268811285,0.6415919699029601,0.001,0.4,1.2044596173765854e-06,0.9967696451197103,0.0010003758809381527,True,False
2470.1979048446246,0.6415919699029601,0.001,0.4,1.0978027158436987e-06,0.9967696451197103,0.0010002770801711405,True,False
2885.3998118144273,0.6415919699029601,0.001,0.4,9.998606892436257e-07,0.9967696451197103,0.0010002118136731566,True,False
3370.3907114852836,0.6415919699029601,0.001,0.4,9.102900677682157e-07,0.9967696451197103,0.0010001666398237177,True,False
3936.9010497450113,0.6415919699029601,0.001,0.4,8.279164560587304e-07,0.9967696451197103,0.0010001340575581654,True,False
4598.632978267703,0.6415919699029601,0.001,0.4,7.513826527638656e-07,0.9967696451197103,0.001000109700076023,True,False
5371.591767636877,0.6415919699029601,0.001,0.4,6.79514777557344e-07,0.9967696451197103,0.001000090928102936,True,False
6274.472925867966,0.6415919699029601,0.001,0.4,6.114793799083529e-07,0.9967696451197103,0.0010000760910388031,True,False
7329.114385542688,0.6415919699029601,0.001,0.4,5.46808963775014e-07,0.9967696451197103,0.0010000641227336784,True,False
8561.024696578494,0.6415919699029601,0.001,0.4,4.85354757606693e-07,0.9967696451197103,0.0010000543124738517,True,False
10000.0,0.6415919699029601,0.001,0.4,4.2720565074372274e-07,0.9967696451197103,0.0010000461713350886,True,False
20.0,0.8,0.001,0.4,3.505609255846858e-07,1.0,0.001006577788419045,True,False
23.361689410840295,0.8,0.001,0.4,4.472682390193687e-07,1.0,0.001007687732651367,True,False
27.288426606428374,0.8,0.001,0.4,5.634430315486109e-07,1.0,0.0010089865176397793,True,False
31.87518734449451,0.8,0.001,0.4,6.992125508983716e-07,1.0,0.0010105071298400913,True,False
37.23291133272139,0.8,0.001,0.4,8.525516006501688e-07,1.0,0.0010122887997505727,True,False
43.49118552081964,0.8,0.001,0.4,1.0184891464128048e-06,1.0,0.001014378451233276,True,False
50.80137841233114,0.8,0.001,0.4,1.1886088651216028e-06,1.0,0.001016832625249035,True,False
59.34030120557235,0.8,0.001,0.4,1.3513122856627403e-06,1.0,0.0010197200917859697,True,False
69.31448431551465,0.8,0.001,0.4,1.493460318545665e-06,1.0,0.0010231254782425577,True,False
80.9651727125807,0.8,0.001,0.4,1.603996820808881e-06,1.0,0.001027154423985772,True,False
94.5741609003176,0.8,0.001,0.4,1.6796737335105556e-06,1.0,0.0010319410636441767,True,False
110.47060866220276,0.8,0.001,0.4,1.731445801443484e-06,1.0,0.0010376591294281993,True,False
129.0390024296432,0.8,0.001,0.4,1.7872185514370136e-06,1.0,0.0010445388190485042,True,False
150.72845483229952,0.8,0.001,0.4,1.8848860097125418e-06,1.0,0.0010528932010645717,True,False
176.06356735840254,0.8,0.001,0.4,2.0550948098239387e-06,1.0,0.0010631613277173927,True,False
205.65711885957793,0.8,0.001,0.4,2.305549649543652e-06,1.0,0.0010759830621252995,True,False
240.22488679628626,0.8,0.001,0.4,2.6216951536256494e-06,1.0,0.00109234031979696,True,False
280.60295970445543,0.8,0.001,0.4,2.9845910312917626e-06,1.0,0.0011138531886378238,True,False
327.76795961890105,0.8,0.001,0.4,3.396580167804985e-06,1.0,0.0011434848865685614,True,False
382.86066357208045,0.8,0.001,0.4,3.918104279722334e-06,1.0,0.001187581693273933,True,False
447.213595499958,0.8,0.001,0.4,6.077672086947025e-06,1.0,0.0013314001363478297,True,False
450.0,0.8,0.001,0.4,6.594046968469436e-06,1.0,0.0013606276244511398,True,False
460.0,0.8,0.001,0.4,1.0233648182087982e-05,1.0,0.0015645463852738892,True,False
470.0,0.8,0.001,0.4,2.0178549617399372e-05,1.0,0.00212498998838019,True,False
480.0,0.8,0.001,0.4,4.69117526600317e-05,1.0,0.0036578789484091366,True,False
490.0,0.8,0.001,0.4,0.00011569008554324425,1.0,0.007688069009580595,True,False
500.0,0.8,0.001,0.4,0.0002769296602820187,1.0,0.01738621725402465,False,False
510.0,0.8,0.001,0.4,0.0005831283653550123,1.0,0.03654564452294984,False,False
520.0,0.8,0.001,0.4,0.0009380884652023247,1.0,0.06057844338739621,False,False
522.3832559187591,0.8,0.001,0.4,0.0009922046551369967,1.0,0.06474116022723825,False,False
530.0,0.8,0.001,0.4,0.0009984323896077285,1.0,0.0676610323158004,False,False
540.0,0.8,0.001,0.4,0.0006899820377959109,1.0,0.049258608165982154,False,False
550.0,0.8,0.001,0.4,0.00035391346092994436,1.0,0.026597969489059792,False,False
560.0,0.8,0.001,0.4,0.00015786602990985887,1.0,0.012650907570620484,False,False
570.0,0.8,0.001,0.4,6.812222318186567e-05,1.0,0.0060599265334737576,True,False
580.0,0.8,0.001,0.4,3.03926230396101e-05,1.0,0.003226171003847699,True,False
590.0,0.8,0.001,0.4,1.4785599467881383e-05,1.0,0.002032813587206416,True,False
600.0,0.8,0.001,0.4,8.223254370665067e-06,1.0,0.001523496215692587,True,False
610.0,0.8,0.001,0.4,5.3598949529831685e-06,1.0,0.0012986127257271765,True,False
610.1877689098774,0.8,0.001,0.4,5.324898305958392e-06,1.0,0.0012958495887663837,True,False
620.0,0.8,0.001,0.4,4.037341104323744e-06,1.0,0.0011939090431870572,True,False
630.0,0.8,0.001,0.4,3.375920766268692e-06,1.0,0.001141364901624641,True,False
640.0,0.8,0.001,0.4,3.009997735170522e-06,1.0,0.0011123048186498776,True,False
650.0,0.8,0.001,0.4,2.783614241108623e-06,1.0,0.0010943500877674808,True,False
712.7508569783073,0.8,0.001,0.4,2.210628679333304e-06,1.0,0.001047988781081143,True,False
832.5532074018732,0.8,0.001,0.4,1.8947467885777058e-06,1.0,0.0010199049811657748,True,False
972.4924724660731,0.8,0.001,0.4,1.762171469965601e-06,1.0,0.001009409775891922,True,False
1135.9533548066277,0.8,0.001,0.4,1.6581627878542449e-06,1.0,0.001004952537382863,True,False
1326.889473009725,0.8,0.001,0.4,1.548017754648967e-06,1.0,0.001002857456162797,True,False
1549.918987548337,0.8,0.001,0.4,1.4298306498794489e-06,1.0,0.0010017832243939253,True,False
1810.4362999534146,0.8,0.001,0.4,1.3098711855175083e-06,1.0,0.0010011890952443805,True,False
2114.7425268811285,0.8,0.001,0.4,1.1942876566584104e-06,1.0,0.0010008378972087275,True,False
2470.1979048446246,0.8,0.001,0.4,1.08670380705167e-06,1.0,0.001000617710352091,True,False
2885.3998118144273,0.8,0.001,0.4,9.882567016950006e-07,1.0,0.0010004722368653898,True,False
3370.3907114852836,0.8,0.001,0.4,8.984449432203334e-07,1.0,0.0010003715373444457,True,False
3936.9010497450113,0.8,0.001,0.4,8.160029177917139e-07,1.0,0.0010002989005485343,True,False
4598.632978267703,0.8,0.001,0.4,7.395239447482993e-07,1.0,0.00100024459628567,True,False
5371.591767636877,0.8,0.001,0.4,6.678108952495876e-07,1.0,0.0010002027429055751,True,False
6274.472925867966,0.8,0.001,0.4,6.000220788004995e-07,1.0,0.0010001696616354075,True,False
7329.114385542688,0.8,0.001,0.4,5.356888271856874e-07,1.0,0.0010001429760861926,True,False
8561.024696578494,0.8,0.001,0.4,4.746627044749374e-07,1.0,0.0010001211019946546,True,False
10000.0,0.8,0.001,0.4,4.1703091935296754e-07,1.0,0.0010001029494183236,True,False
