G_mM,Y_0p5,Y_5,Y_36
9.999999999999982011e-09,1.794137504146597119e-19,2.878372578834089328e-19,1.476162133640189435e-17
1.010803336220382749e-08,1.794137504146597119e-19,2.878372578834089328e-19,1.476162133640189435e-17
1.021723384514257942e-08,1.794137504146597119e-19,2.878372578834089328e-19,1.476162133640189435e-17
1.032761405761394785e-08,1.794137504146597119e-19,2.878372578834089328e-19,1.476162133640189435e-17
1.043918674463272197e-08,1.794137504146597119e-19,2.878372578834089328e-19,1.476162133640189435e-17
1.055196478890237068e-08,1.794137504146597119e-19,2.878372578834089328e-19,1.476162133640189435e-17
1.066596121230254167e-08,1.794137504146597119e-19,2.878372578834089328e-19,1.476162133640189435e-17
1.078118917739266564e-08,1.794137504146597119e-19,2.878372578834089328e-19,1.476162133640189435e-17
1.089766198893160955e-08,1.794137504146597119e-19,2.878372578834089328e-19,1.476162133640189435e-17
1.101539309541414140e-08,1.794137504146597119e-19,2.878372578834089328e-19,1.476162133640189435e-17
1.113439609062360287e-08,1.794137504146597119e-19,2.878372578834089328e-19,1.476162133640189435e-17
1.125468471520154573e-08,1.794137504146597119e-19,2.878372578834089328e-19,1.476162133640189435e-17
1.137627285823429072e-08,1.794137504146597119e-19,2.878372578834089328e-19,1.476162133640189435e-17
1.149917455885663058e-08,1.794137504146597119e-19,2.878372578834089328e-19,1.476162133640189435e-17
1.162340400787285095e-08,1.794137504146597119e-19,2.878372578834089328e-19,1.476162133640189435e-17
1.174897554939526761e-08,1.794137504146597119e-19,2.878372578834089328e-19,1.476162133640189435e-17
1.187590368250046211e-08,1.794137504146597119e-19,2.878372578834089328e-19,1.476162133640189435e-17
1.200420306290341755e-08,7.167668147753979602e-19,1.149604563304039370e-18,5.904648534560757741e-17
1.213388850464973329e-08,7.167668147753979602e-19,1.149604563304039370e-18,5.904648534560757741e-17
1.226497498182612357e-08,7.167668147753979602e-19,1.149604563304039370e-18,5.904648534560757741e-17
1.239747763028944008e-08,7.167668147753979602e-19,1.149604563304039370e-18,5.904648534560757741e-17
1.253141174941415222e-08,7.167668147753979602e-19,1.149604563304039370e-18,5.904648534560757741e-17
1.266679280385915192e-08,7.167668147753979602e-19,1.149604563304039370e-18,5.904648534560757741e-17
1.280363642535318994e-08,7.167668147753979602e-19,1.149604563304039370e-18,5.904648534560757741e-17
1.294195841449984185e-08,7.167668147753979602e-19,1.149604563304039370e-18,5.904648534560757741e-17
1.308177474260191939e-08,7.167668147753979602e-19,1.149604563304039370e-18,5.904648534560757741e-17
1.322310155350558197e-08,7.167668147753979602e-19,1.149604563304039370e-18,5.904648534560757741e-17
1.336595516546439315e-08,7.167668147753979602e-19,1.149604563304039370e-18,5.904648534560757741e-17
1.351035207302348917e-08,7.167668147753979602e-19,1.149604563304039370e-18,5.904648534560757741e-17
1.365630894892413254e-08,7.167668147753979602e-19,1.149604563304039370e-18,5.904648534560757741e-17
1.380384264602880616e-08,7.167668147753979602e-19,1.149604563304039370e-18,5.904648534560757741e-17
1.395297019926713753e-08,7.167668147753979602e-19,1.149604563304039370e-18,5.904648534560757741e-17
1.410370882760287634e-08,7.167668147753979602e-19,1.149604563304039370e-18,5.904648534560757741e-17
1.425607593602187581e-08,7.167668147753979602e-19,1.149604563304039370e-18,5.904648534560757741e-17
1.441008911754205393e-08,7.167668147753979602e-19,1.149604563304039370e-18,5.904648534560757741e-17
1.456576615524456523e-08,7.167668147753979602e-19,1.149604563304039370e-18,5.904648534560757741e-17
1.472312502432717075e-08,7.167668147753979602e-19,1.149604563304039370e-18,5.904648534560757741e-17
1.488218389417973511e-08,7.167668147753979602e-19,1.149604563304039370e-18,5.904648534560757741e-17
1.504296113048215179e-08,7.167668147753979602e-19,1.149604563304039370e-18,5.904648534560757741e-17
1.520547529732492484e-08,7.167668147753979602e-19,1.149604563304039370e-18,5.904648534560757741e-17
1.536974515935267838e-08,7.167668147753979602e-19,1.149604563304039370e-18,5.904648534560757741e-17
1.553578968393079411e-08,1.064047886122585750e-18,1.706089928545296585e-18,8.748431468485239128e-17
1.570362804333547951e-08,1.064047886122585750e-18,1.706089928545296585e-18,8.748431468485239128e-17
1.587327961696749174e-08,1.064047886122585750e-18,1.706089928545296585e-18,8.748431468485239128e-17
1.604476399358976711e-08,1.064047886122585750e-18,1.706089928545296585e-18,8.748431468485239128e-17
1.621810097358929678e-08,1.064047886122585750e-18,1.706089928545296585e-18,8.748431468485239128e-17
1.639331057126312649e-08,1.064047886122585750e-18,1.706089928545296585e-18,8.748431468485239128e-17
1.657041301712966784e-08,1.064047886122585750e-18,1.706089928545296585e-18,8.748431468485239128e-17
1.674942876026435533e-08,1.064047886122585750e-18,1.706089928545296585e-18,8.748431468485239128e-17
1.693037847066086977e-08,1.064047886122585750e-18,1.706089928545296585e-18,8.748431468485239128e-17
1.711328304161777934e-08,1.064047886122585750e-18,1.706089928545296585e-18,8.748431468485239128e-17
1.729816359215098208e-08,1.064047886122585750e-18,1.706089928545296585e-18,8.748431468485239128e-17
1.748504146943220458e-08,1.064047886122585750e-18,1.706089928545296585e-18,8.748431468485239128e-17
1.767393825125384796e-08,1.064047886122585750e-18,1.706089928545296585e-18,8.748431468485239128e-17
1.786487574852045919e-08,1.064047886122585750e-18,1.706089928545296585e-18,8.748431468485239128e-17
1.805787600776711890e-08,1.064047886122585750e-18,1.706089928545296585e-18,8.748431468485239128e-17
1.825296131370504335e-08,1.243461636537245606e-18,1.993927186428705662e-18,1.023544773546101831e-16
1.845015419179473489e-08,1.243461636537245606e-18,1.993927186428705662e-18,1.023544773546101831e-16
1.864947741084663119e-08,1.243461636537245606e-18,1.993927186428705662e-18,1.023544773546101831e-16
1.885095398565047415e-08,1.243461636537245606e-18,1.993927186428705662e-18,1.023544773546101831e-16
1.905460717963245561e-08,1.243461636537245606e-18,1.993927186428705662e-18,1.023544773546101831e-16
1.926046050754137716e-08,1.243461636537245606e-18,1.993927186428705662e-18,1.023544773546101831e-16
1.946853773816378780e-08,1.243461636537245606e-18,1.993927186428705662e-18,1.023544773546101831e-16
1.967886289706841371e-08,1.243461636537245606e-18,1.993927186428705662e-18,1.023544773546101831e-16
1.989146026938029701e-08,1.243461636537245606e-18,1.993927186428705662e-18,1.023544773546101831e-16
2.010635440258483220e-08,1.243461636537245606e-18,1.993927186428705662e-18,1.023544773546101831e-16
2.032357010936216664e-08,1.243461636537245606e-18,1.993927186428705662e-18,1.023544773546101831e-16
2.054313247045216382e-08,1.243461636537245606e-18,1.993927186428705662e-18,1.023544773546101831e-16
2.076506683755035602e-08,1.601400950483324143e-18,2.569601702195523432e-18,1.317691786940580713e-16
2.098939883623517111e-08,1.601400950483324143e-18,2.569601702195523432e-18,1.317691786940580713e-16
2.121615436892684360e-08,1.601400950483324143e-18,2.569601702195523432e-18,1.317691786940580713e-16
2.144535961787794055e-08,1.601400950483324143e-18,2.569601702195523432e-18,1.317691786940580713e-16
2.167704104819693172e-08,1.601400950483324143e-18,2.569601702195523432e-18,1.317691786940580713e-16
2.191122541090368226e-08,1.601400950483324143e-18,2.569601702195523432e-18,1.317691786940580713e-16
2.214793974601830724e-08,1.601400950483324143e-18,2.569601702195523432e-18,1.317691786940580713e-16
2.238721138568336155e-08,1.601400950483324143e-18,2.569601702195523432e-18,1.317691786940580713e-16
2.262906795731971925e-08,1.601400950483324143e-18,2.569601702195523432e-18,1.317691786940580713e-16
2.287353738681657571e-08,1.959340264429402679e-18,3.143531749732744647e-18,1.612924213668618661e-16
2.312064790175589034e-08,1.959340264429402679e-18,3.143531749732744647e-18,1.612924213668618661e-16
2.337042803467168990e-08,1.959340264429402679e-18,3.143531749732744647e-18,1.612924213668618661e-16
2.362290662634455026e-08,1.959340264429402679e-18,3.143531749732744647e-18,1.612924213668618661e-16
2.387811282913169978e-08,1.959340264429402679e-18,3.143531749732744647e-18,1.612924213668618661e-16
2.413607611033308526e-08,1.959340264429402679e-18,3.143531749732744647e-18,1.612924213668618661e-16
2.439682625559389332e-08,1.959340264429402679e-18,3.143531749732744647e-18,1.612924213668618661e-16
2.466039337234337848e-08,1.959340264429402679e-18,3.143531749732744647e-18,1.612924213668618661e-16
2.492680789327174808e-08,2.485146899308009245e-18,3.987854372857411325e-18,2.046004133758644595e-16
2.519610057984369800e-08,2.485146899308009245e-18,3.987854372857411325e-18,2.046004133758644595e-16
2.546830252585037580e-08,2.485146899308009245e-18,3.987854372857411325e-18,2.046004133758644595e-16
2.574344516099960600e-08,2.485146899308009245e-18,3.987854372857411325e-18,2.046004133758644595e-16
2.602156025454491670e-08,2.485146899308009245e-18,3.987854372857411325e-18,2.046004133758644595e-16
2.630267991895376134e-08,2.485146899308009245e-18,3.987854372857411325e-18,2.046004133758644595e-16
2.658683661361537565e-08,2.664560649722669101e-18,4.275691630740819631e-18,2.193620347122663693e-16
2.687406314858869330e-08,2.664560649722669101e-18,4.275691630740819631e-18,2.193620347122663693e-16
2.716439268839074380e-08,2.664560649722669101e-18,4.275691630740819631e-18,2.193620347122663693e-16
2.745785875582598582e-08,2.664560649722669101e-18,4.275691630740819631e-18,2.193620347122663693e-16
2.775449523585700298e-08,2.664560649722669101e-18,4.275691630740819631e-18,2.193620347122663693e-16
2.805433637951712766e-08,2.664560649722669101e-18,4.275691630740819631e-18,2.193620347122663693e-16
2.835741680786481433e-08,2.843974400137328573e-18,4.561784420394632155e-18,2.341236560486682790e-16
2.866377151598176411e-08,2.843974400137328573e-18,4.561784420394632155e-18,2.341236560486682790e-16
2.897343587701319581e-08,2.843974400137328573e-18,4.561784420394632155e-18,2.341236560486682790e-16
2.928644564625232153e-08,2.843974400137328573e-18,4.561784420394632155e-18,2.341236560486682790e-16
2.960283696526880509e-08,2.843974400137328573e-18,4.561784420394632155e-18,2.341236560486682790e-16
2.992264636608183199e-08,3.548306598547354396e-18,5.693944301402707910e-18,2.921932693940727575e-16
3.024591077537828384e-08,3.548306598547354396e-18,5.693944301402707910e-18,2.921932693940727575e-16
3.057266751877644744e-08,3.548306598547354396e-18,5.693944301402707910e-18,2.921932693940727575e-16
3.090295432513581438e-08,3.548306598547354396e-18,5.693944301402707910e-18,2.921932693940727575e-16
3.123680933091344429e-08,3.548306598547354396e-18,5.693944301402707910e-18,2.921932693940727575e-16
3.157427108456735162e-08,3.728608535845254851e-18,5.980037091056520433e-18,3.068463493971187359e-16
3.191537855100761085e-08,3.728608535845254851e-18,5.980037091056520433e-18,3.068463493971187359e-16
3.226017111609499478e-08,3.728608535845254851e-18,5.980037091056520433e-18,3.068463493971187359e-16
3.260868859118930989e-08,3.728608535845254851e-18,5.980037091056520433e-18,3.068463493971187359e-16
3.296097121774574116e-08,4.086547849791333580e-18,6.555711606823337817e-18,3.364781334032784621e-16
3.331705967196146971e-08,4.086547849791333580e-18,6.555711606823337817e-18,3.364781334032784621e-16
3.367699506947228523e-08,4.086547849791333580e-18,6.555711606823337817e-18,3.364781334032784621e-16
3.404081897010002690e-08,4.086547849791333580e-18,6.555711606823337817e-18,3.364781334032784621e-16
3.440857338265126335e-08,4.265961600205993051e-18,6.843548864706746894e-18,3.511312134063244405e-16
3.478030076976782017e-08,4.265961600205993051e-18,6.843548864706746894e-18,3.511312134063244405e-16
3.515604405282971763e-08,4.265961600205993051e-18,6.843548864706746894e-18,3.511312134063244405e-16
3.553584661691108768e-08,4.970293798616018490e-18,7.973964277485225325e-18,4.092008267517289190e-16
3.591975231578959294e-08,4.970293798616018490e-18,7.973964277485225325e-18,4.092008267517289190e-16
3.630780547701013530e-08,4.970293798616018490e-18,7.973964277485225325e-18,4.092008267517289190e-16
3.670005090700259583e-08,4.970293798616018490e-18,7.973964277485225325e-18,4.092008267517289190e-16
3.709653389625617383e-08,5.149707549030677961e-18,8.261801535368634402e-18,4.239624480881308534e-16
3.749730022454831971e-08,5.149707549030677961e-18,8.261801535368634402e-18,4.239624480881308534e-16
3.790239616623081612e-08,5.149707549030677961e-18,8.261801535368634402e-18,4.239624480881308534e-16
3.831186849557282214e-08,5.316686683079965200e-18,8.528705174496886371e-18,4.377471974243296766e-16
3.872576449216165457e-08,5.316686683079965200e-18,8.528705174496886371e-18,4.377471974243296766e-16
3.914413194636190865e-08,5.316686683079965200e-18,8.528705174496886371e-18,4.377471974243296766e-16
3.956701916483355350e-08,5.854039747440703400e-18,9.390472479917516279e-18,4.820320614335353812e-16
3.999447497610965066e-08,5.854039747440703400e-18,9.390472479917516279e-18,4.820320614335353812e-16
4.042654873623431788e-08,6.212867248270023113e-18,9.966146995684334433e-18,5.115553041063391514e-16
4.086329033446161975e-08,6.212867248270023113e-18,9.966146995684334433e-18,5.115553041063391514e-16
4.130475019901600056e-08,6.212867248270023113e-18,9.966146995684334433e-18,5.115553041063391514e-16
4.175097930291511298e-08,6.560148319617210806e-18,1.052263236092559126e-17,5.399931334455839530e-16
4.220202916985481773e-08,6.560148319617210806e-18,1.052263236092559126e-17,5.399931334455839530e-16
4.265795188015923932e-08,6.739562070031871048e-18,1.080872515057940456e-17,5.548632961153417448e-16
4.311880007679358157e-08,6.739562070031871048e-18,1.080872515057940456e-17,5.548632961153417448e-16
4.358462697144272729e-08,6.739562070031871048e-18,1.080872515057940456e-17,5.548632961153417448e-16
4.405548635065526447e-08,7.097501383977949006e-18,1.138439966634622271e-17,5.842779974547896576e-16
4.453143258205395839e-08,7.097501383977949006e-18,1.138439966634622271e-17,5.842779974547896576e-16
4.501252062061327156e-08,7.623308018856555957e-18,1.222872228947088862e-17,6.275859894637922510e-16
4.549880601500475226e-08,7.623308018856555957e-18,1.222872228947088862e-17,6.275859894637922510e-16
4.599034491401090033e-08,7.801833582387974445e-18,1.251481507912470037e-17,6.423476108001940868e-16
4.648719407300841696e-08,7.801833582387974445e-18,1.251481507912470037e-17,6.423476108001940868e-16
4.698941086052139414e-08,8.340074833631953629e-18,1.337832685277492760e-17,6.866324748093997914e-16
4.749705326484539690e-08,8.340074833631953629e-18,1.337832685277492760e-17,6.866324748093997914e-16
4.801017990074320577e-08,8.518600397163372116e-18,1.366441964242874090e-17,7.013940961458017258e-16
4.852885001621208072e-08,8.518600397163372116e-18,1.366441964242874090e-17,7.013940961458017258e-16
4.905312349932583513e-08,9.044407032041979067e-18,1.450874226555340680e-17,7.447020881548043192e-16
4.958306088514909963e-08,9.044407032041979067e-18,1.450874226555340680e-17,7.447020881548043192e-16
5.011872336272716368e-08,9.402346345988057796e-18,1.508441678132022496e-17,7.741167894942522320e-16
5.066017278215114356e-08,9.581760096402718038e-18,1.537050957097403825e-17,7.888784108306540678e-16
5.120747166169950247e-08,9.581760096402718038e-18,1.537050957097403825e-17,7.888784108306540678e-16
5.176068319505665054e-08,9.929041167749904961e-18,1.592699493621529508e-17,8.174247815032548254e-16
5.231987125860965726e-08,9.929041167749904961e-18,1.592699493621529508e-17,8.174247815032548254e-16
5.288510041882365189e-08,1.046639423211064393e-17,1.679050670986552077e-17,8.617096455124605300e-16
5.345643593969700377e-08,1.082522173293996287e-17,1.736443675740274160e-17,8.912328881852643002e-16
5.403394379029700392e-08,1.082522173293996287e-17,1.736443675740274160e-17,8.912328881852643002e-16
5.461769065237694114e-08,1.099220086698925088e-17,1.763308486476059090e-17,9.050176375214630248e-16
5.520774392807571753e-08,1.117161461740390958e-17,1.792092212264399843e-17,9.197792588578649592e-16
5.580417174769961297e-08,1.187594681581393502e-17,1.904959306719288185e-17,9.777403308699135310e-16
5.640704297759009623e-08,1.187594681581393502e-17,1.904959306719288185e-17,9.777403308699135310e-16
5.701642722807468503e-08,1.205624875311183548e-17,1.933743032507628939e-17,9.925019522063154654e-16
5.763239486150466666e-08,1.241329988017467399e-17,1.991310484084310754e-17,1.022025194879119334e-15
5.825501700037946082e-08,1.295154113141865318e-17,2.077661661449333631e-17,1.066310058888324940e-15
5.888436553555878271e-08,1.295154113141865318e-17,2.077661661449333631e-17,1.066310058888324940e-15
5.952051313456344680e-08,1.329793401588259989e-17,2.133135751150499582e-17,1.094856429560925599e-15
6.016353324996595611e-08,1.347734776629726013e-17,2.161919476938840644e-17,1.109618050897327534e-15
6.081350012787161807e-08,1.365676151671191883e-17,2.190528755904221665e-17,1.124271130900373512e-15
6.147048881649141798e-08,1.436109371512194581e-17,2.303744744005029163e-17,1.182449285579133996e-15
6.213457517480736454e-08,1.454050746553660451e-17,2.332354022970410493e-17,1.197102365582179974e-15
6.280583588133155830e-08,1.489844677948268324e-17,2.389921474547092308e-17,1.226625608254983843e-15
6.348434844296010797e-08,1.524483966394663149e-17,2.445570011071217991e-17,1.255171978927584502e-15
6.417019120392145115e-08,1.578396910207384934e-17,2.531746741613281136e-17,1.299456842936790108e-15
6.486344335482377794e-08,1.578396910207384934e-17,2.531746741613281136e-17,1.299456842936790108e-15
6.556418494179781193e-08,1.596249466560526937e-17,2.560530467401621890e-17,1.314218464273192042e-15
6.627249687573952785e-08,1.632132216643458677e-17,2.617923472155343973e-17,1.343633165612639955e-15
6.698846094165251469e-08,1.702565436484461375e-17,2.731139460256151779e-17,1.401702778958044483e-15
6.771215980809129456e-08,1.755146099972322071e-17,2.815397275745658792e-17,1.445010770967047076e-15
6.844367703670651050e-08,1.773176293702112116e-17,2.844181001533999237e-17,1.459772392303449011e-15
6.918309709189346557e-08,1.790940031366929943e-17,2.872964727322340299e-17,1.474534013639850748e-15
6.993050535054470138e-08,1.844675337803003686e-17,2.959141457864403136e-17,1.518818877649056551e-15
7.068598811190803219e-08,1.879403444937722379e-17,3.014789994388529435e-17,1.547365248321657210e-15
7.144963260755133171e-08,1.915286195020654427e-17,3.072357445965210942e-17,1.576779949661105123e-15
7.222152701143366221e-08,1.933227570062120297e-17,3.100966724930592272e-17,1.591650112330863013e-15
7.300176045008776194e-08,2.021602164944588865e-17,3.242791991996780791e-17,1.664372805679313322e-15
7.379042301291003960e-08,2.039454721297730868e-17,3.271401270962162121e-17,1.679134427015715257e-15
7.458760576256290662e-08,2.075426290068986783e-17,3.328968722538844244e-17,1.708657669688519126e-15
7.539340074548936763e-08,2.163800884951455351e-17,3.470793989605032764e-17,1.781488904370325588e-15
7.620790100254107378e-08,2.181742259992921222e-17,3.499577715393373826e-17,1.796141984373371566e-15
7.703120057972130775e-08,2.216381548439316047e-17,3.555226251917499509e-17,1.824688355045972028e-15
7.786339453904391968e-08,2.288058229916855968e-17,3.670186708247903407e-17,1.883734840391579766e-15
7.870457896950966979e-08,2.340550074716392488e-17,3.754444523737410420e-17,1.927042832400582359e-15
7.955485099820108945e-08,2.411160931934043228e-17,3.867660511838217610e-17,1.985112445745987084e-15
8.041430880149725030e-08,2.429013488287184923e-17,3.896444237626558672e-17,1.999874067082388821e-15
8.128305161640965918e-08,2.518631544806190714e-17,4.040013972922343900e-17,2.073573632431042537e-15
8.216117975204089333e-08,2.535329458211119669e-17,4.067053230481088253e-17,2.087358381767241262e-15
8.304879460116564515e-08,2.607006139688659282e-17,4.182013686811492152e-17,2.146404867112848605e-15
8.394599865193969534e-08,2.695469553259452026e-17,4.323664507054721555e-17,2.219236101794655067e-15
8.485289549973253972e-08,2.713410928300917896e-17,4.352448232843062001e-17,2.233889181797701046e-15
8.576958985908930759e-08,2.783844148141920285e-17,4.465489774120910075e-17,2.291958795143105771e-15
8.669618757582153499e-08,2.855520829619460207e-17,4.580450230451313973e-17,2.351005280488713114e-15
8.763279563922865902e-08,2.872396380401036896e-17,4.607315041187099211e-17,2.364790029824912233e-15
8.857952219445150371e-08,2.961836799543394645e-17,4.751059223305843555e-17,2.438598136506921708e-15
8.953647655495917348e-08,3.014506281719579515e-17,4.835491485618310300e-17,2.481906128515924301e-15
9.050376921517098231e-08,3.102880876602047775e-17,4.977316752684499436e-17,2.554628821864374610e-15
9.148151186321455664e-08,3.174557558079587696e-17,5.092277209014903334e-17,2.613675307209982348e-15
9.246981739382196489e-08,3.244990777920590394e-17,5.205318750292750792e-17,2.671636379222030919e-15
9.346879992136498546e-08,3.298814903044988313e-17,5.291495480834814245e-17,2.715921243231236525e-15
9.447857479303168357e-08,3.369336941574315186e-17,5.404711468935621435e-17,2.773990856576640856e-15
9.549925860214355592e-08,3.439770161415317268e-17,5.517578563390509777e-17,2.832060469922045581e-15
9.653096920161996645e-08,3.528144756297786144e-17,5.659403830456698913e-17,2.904783163270495890e-15
9.757382571758464530e-08,3.634549544910044757e-17,5.830012823311228494e-17,2.992376019288704484e-15
9.862794856312092163e-08,3.688284851346118500e-17,5.916364000676250447e-17,3.036660883297910090e-15
9.969345945217510761e-08,3.776837083605235111e-17,6.058189267742438967e-17,3.109492117979716552e-15
1.007704814136102309e-07,3.883064234840845374e-17,6.228798260596969781e-17,3.196976432664568598e-15
1.018591388054114787e-07,3.936888359965243292e-17,6.314974991139032001e-17,3.241261296673774599e-15
1.029595573290451531e-07,4.043115511200853555e-17,6.485583983993561583e-17,3.328745611358626645e-15
1.040718640439727924e-07,4.113726368418504604e-17,6.598451078448450541e-17,3.386815224704031370e-15
1.051961873823219803e-07,4.220042338342439042e-17,6.769060071302980122e-17,3.474408080722239569e-15
1.063326571637157753e-07,4.290475558183441740e-17,6.882276059403787313e-17,3.532369152734288141e-15
1.074814046102622819e-07,4.380182433390771398e-17,7.025845794699571924e-17,3.606177259416297616e-15
1.086425623617065222e-07,4.504350959667847839e-17,7.225238513342442567e-17,3.708423195437551794e-15
1.098162644907441289e-07,4.610666929591782277e-17,7.395847506196972149e-17,3.796016051455760387e-15
1.110026465185043144e-07,4.681277786809432710e-17,7.508889047474820839e-17,3.853977123467808959e-15
1.122018454301962231e-07,4.769652381691901586e-17,7.650714314541009359e-17,3.926808358149615421e-15
1.134139996909262527e-07,4.876057170304160199e-17,7.821323307395538940e-17,4.014401214167823226e-15
1.146392492616859073e-07,5.036108446664168380e-17,8.078109030792131975e-17,4.146278934195237426e-15
1.158777356155123783e-07,5.124483041546637257e-17,8.219934297858320495e-17,4.219001627543688130e-15
1.171296017538235880e-07,5.266681761553503435e-17,8.447936295466572467e-17,4.336009184901344439e-15
1.183949922229298931e-07,5.337114981394506133e-17,8.561152283567379657e-17,4.394078798246748770e-15
1.196740531307240213e-07,5.461372326359906133e-17,8.760370555387290568e-17,4.496433275601358706e-15
1.209669321635515986e-07,5.585718490013630924e-17,8.959588827207201479e-17,4.598679211622612884e-15
1.222737786032629156e-07,5.691945641249241187e-17,9.130197820061731061e-17,4.686272067640821478e-15
1.235947433444508285e-07,5.834233179944432157e-17,9.358374264492942766e-17,4.803279624998477787e-15
1.249299789118730487e-07,5.975188438314760496e-17,9.584457347048638914e-17,4.919418851689286448e-15
1.262796394780635729e-07,6.099445783280161112e-17,9.783850065691509557e-17,5.021664787710540626e-15
1.276438808811342715e-07,6.223703128245561728e-17,9.983068337511420468e-17,5.124019265065151352e-15
1.290228606427678799e-07,6.365901848252428523e-17,1.021107033511967121e-16,5.241026822422807661e-15
1.304167379864075283e-07,6.506857106622758094e-17,1.043732786449832709e-16,5.357166049113616322e-15
1.318256738556404799e-07,6.631025632899834535e-17,1.063672058314119773e-16,5.459411985134870500e-15
1.332498309327817163e-07,6.791165727948166275e-17,1.089350630653779077e-16,5.591181163828928941e-15
1.346893736576579522e-07,6.950151180048286200e-17,1.114819866805886824e-16,5.722082011856139734e-15
1.361444682465946456e-07,7.092261081366827587e-17,1.137637511249007995e-16,5.839089569213796043e-15
1.376152827116080713e-07,7.216607245020552379e-17,1.157576783113294936e-16,5.941444046568405980e-15
1.391019868798051013e-07,7.429150366180097079e-17,1.191681137001905002e-16,6.116521217271466620e-15
1.406047524129911441e-07,7.589379279916754228e-17,1.217377154023860156e-16,6.248398937298880820e-15
1.421237528274926214e-07,7.730245719598759624e-17,1.239968017597133797e-16,6.364321081322977963e-15
1.436591635141908595e-07,7.890385814647091364e-17,1.265664034619088951e-16,6.496198801350392163e-15
1.452111617587741167e-07,8.050437091007100161e-17,1.291342606958748254e-16,6.627967980044449815e-15
1.467799267622067974e-07,8.263157849543293213e-17,1.325464405529654170e-16,6.803153692080866214e-15
1.483656396614223336e-07,8.439995857996553908e-17,1.353812014260596024e-16,6.948707620111123379e-15
1.499684835502371173e-07,8.634686422802956606e-17,1.385055440252667711e-16,7.109023169477781888e-15
1.515886435004915427e-07,8.812767892892755757e-17,1.413612385171161244e-16,7.255553969508242461e-15
1.532263065834193501e-07,9.025488651428948808e-17,1.447716739059771064e-16,7.430739681544658070e-15
1.548816618912477606e-07,9.202237841193885328e-17,1.476081792473008768e-16,7.576293609574915236e-15
1.565549005590308355e-07,9.397017224688612202e-17,1.507325218465080701e-16,7.736609158941574533e-15
1.582462157867191841e-07,9.627590539577947256e-17,1.544307944932524751e-16,7.926447950981036516e-15
1.599558028614666297e-07,9.805583190979422232e-17,1.572864889851018037e-16,8.073087292344852847e-15
1.616838591801806088e-07,1.003624532455708023e-16,1.609865061000758183e-16,8.262926084384314830e-15
1.634305842723134188e-07,1.028351655285134424e-16,1.649534268541780632e-16,8.466549625759977115e-15
1.651961798229011174e-07,1.047953939798260833e-16,1.680952141356812298e-16,8.627842047126838242e-15
1.669808496958513169e-07,1.072681062627687234e-16,1.720638793580130598e-16,8.831465588502500527e-15
1.687847999574810915e-07,1.093944256612474122e-16,1.754760592151036514e-16,9.006542759205560378e-15
1.706082389003121183e-07,1.118795725605554122e-16,1.794604246515018696e-16,9.211251713914781829e-15
1.724513770671198747e-07,1.143647194598634245e-16,1.834465345561296975e-16,9.415743585957290184e-15
1.743144272752442782e-07,1.168507545460546786e-16,1.874343889289871104e-16,9.620452540666510058e-15
1.761976046411625093e-07,1.196822943298266299e-16,1.919752397306265916e-16,9.853490783381619269e-15
1.781011266053273791e-07,1.221674412291346423e-16,1.959613496352543948e-16,1.005819973809083914e-14
1.800252129572740211e-07,1.248195672624919565e-16,2.002161076472400627e-16,1.027647635946954780e-14
1.819700858609981100e-07,1.278429554130439295e-16,2.050657293255181101e-16,1.052536163685461673e-14
1.839359698806067195e-07,1.304950814464012190e-16,2.093204873375037534e-16,1.074374679956668115e-14
1.859230920062494417e-07,1.331596420961238932e-16,2.135926900317853945e-16,1.096310883427894739e-14
1.879316816803264333e-07,1.361705956303105063e-16,2.184231225595378590e-16,1.121101723966381450e-14
1.899619708239812774e-07,1.390136818435646004e-16,2.229849069799324835e-16,1.144514089571248287e-14
1.920141938638799826e-07,1.420246353777512135e-16,2.278135950394553630e-16,1.169294075976399422e-14
1.940885877592775769e-07,1.453935282258839084e-16,2.332197020829746734e-16,1.197037240782166401e-14
1.961853920293806600e-07,1.482259561965391015e-16,2.377605528846141546e-16,1.220351919187012898e-14
1.983048487810020231e-07,1.519527883586178783e-16,2.437405899756706765e-16,1.251036554126724885e-14
2.004472027365157011e-07,1.549637418928044914e-16,2.485692780351935561e-16,1.275838248798547171e-14
2.026127012621138590e-07,1.583335229278204281e-16,2.539753850787128664e-16,1.303570559470978574e-14
2.048015943963688222e-07,1.620612432767824466e-16,2.599536777015398034e-16,1.334266048544026136e-14
2.070141348791036128e-07,1.656095498753298033e-16,2.656458775347128778e-16,1.363474521350097753e-14
2.092505781805749603e-07,1.689668962939803554e-16,2.710310509594770203e-16,1.391119998955844548e-14
2.115111825309695834e-07,1.728740303933570357e-16,2.772989253084169899e-16,1.423291650162532324e-14
2.137962089502227932e-07,1.766017507423190541e-16,2.832772179312438775e-16,1.453976285102243996e-14
2.161059212781556351e-07,1.806767521626282534e-16,2.898119959193120775e-16,1.487515557109216068e-14
2.184405862049398837e-07,1.842250587611756101e-16,2.955041957524852012e-16,1.516734884048623260e-14
2.208004733018897558e-07,1.888365250589623112e-16,3.029007410459740110e-16,1.554702642456515972e-14
2.231858550525901061e-07,1.923732852280275251e-16,3.085754961968511368e-16,1.583824282195902824e-14
2.255970068843572426e-07,1.971641652762288880e-16,3.162598787482233449e-16,1.623268202737435433e-14
2.280342072000413612e-07,2.012382785096548455e-16,3.227946567362915449e-16,1.656807474744407506e-14
2.304977374101722662e-07,2.055033519229776075e-16,3.296364611327686768e-16,1.691931450218375551e-14
2.329878819654522428e-07,2.099247462277507458e-16,3.367277244860781397e-16,1.728325359292607393e-14
2.355049283896003153e-07,2.147165144628353504e-16,3.444138515056799329e-16,1.767769279834140319e-14
2.380491673125511738e-07,2.193270925737388098e-16,3.518103967991687427e-16,1.805737038242032715e-14
2.406208925040112320e-07,2.242982745592380515e-16,3.597826166084243984e-16,1.846657120917205538e-14
2.432204009073810787e-07,2.290767199910740545e-16,3.674495544775006580e-16,1.886003354258718123e-14
2.458479926740402483e-07,2.340470137896900791e-16,3.754217742867562644e-16,1.926934291067226363e-14
2.485039711980045264e-07,2.393637004727700428e-16,3.839504794612531831e-16,1.970709010809659588e-14
2.511886431509578038e-07,2.446812753427332235e-16,3.924774401675204676e-16,2.014483730552092496e-14
2.539023185176597999e-07,2.499979620258131872e-16,4.010061453420173370e-16,2.058247596161189671e-14
2.566453106317412521e-07,2.556734762097224744e-16,4.101105250322810523e-16,2.104974640170903006e-14
2.594179362118809574e-07,2.609901628928024381e-16,4.186392302067779217e-16,2.148749359913336230e-14
2.622205153983762084e-07,2.666656770767117253e-16,4.277418654288120520e-16,2.195476403923049565e-14
2.650533717901073638e-07,2.725197168241524326e-16,4.371323379087295313e-16,2.243679610066403113e-14
2.679168324819024833e-07,2.785416238925256588e-16,4.467914584960048753e-16,2.293250437010040799e-14
2.708112281023049392e-07,2.843956636399663660e-16,4.561836754441520383e-16,2.341453643153394347e-14
2.737368928517498785e-07,2.909549237727003359e-16,4.667045633368480414e-16,2.395463810631288407e-14
2.766941645411507040e-07,2.969883772705557296e-16,4.763828730746489190e-16,2.445132324774946435e-14
2.796833846309071641e-07,3.037279393405876029e-16,4.871915982252283698e-16,2.500607800253144974e-14
2.827048982703299727e-07,3.102871994733215727e-16,4.977124861179243730e-16,2.554617967731039034e-14
2.857590543374939735e-07,3.170249851695869626e-16,5.085212112685037252e-16,2.610093443209237574e-14
2.888462054795215447e-07,3.241109401240827750e-16,5.198864217843243896e-16,2.668434409888031932e-14
2.919667081532991026e-07,3.312075533211774884e-16,5.312708214506706370e-16,2.726862209633510898e-14
2.951209226666380850e-07,3.384720338392047208e-16,5.429238692243747491e-16,2.786668484312609736e-14
2.983092132198759157e-07,3.460953418580612767e-16,5.551508470456160234e-16,2.849427083258989001e-14
3.015319479479285963e-07,3.535498943691020473e-16,5.671091767594994330e-16,2.910807207271748393e-14
3.047894989627975724e-07,3.611732023879586032e-16,5.793361545807407074e-16,2.973565806218127342e-14
3.080822423965352150e-07,3.691535615338779993e-16,5.921388069177488769e-16,3.039276729431787348e-14
3.114105584446750057e-07,3.771232624371984942e-16,6.049205256360018293e-16,3.104889965445426067e-14
3.147748314101311366e-07,3.854624490839472138e-16,6.182971080205471611e-16,3.173542358793030451e-14
3.181754497475696430e-07,3.937900893012138152e-16,6.316562457227965443e-16,3.242107919073950227e-14
3.216128061082646746e-07,4.028344963332557974e-16,6.461649879883498864e-16,3.316578127889430856e-14
3.250872973854336043e-07,4.113415503009370359e-16,6.598084740120234486e-16,3.386619850303990846e-14
3.285993247600651634e-07,4.205653710833936552e-16,6.746050535354603369e-16,3.462555367119775639e-14
3.321492937472394919e-07,4.297900800527335409e-16,6.893998885906674923e-16,3.538490883935561063e-14
3.357376142429541835e-07,4.393594055327708821e-16,7.047512090111159600e-16,3.617281037818605627e-14
3.393647005714506112e-07,4.487502054492768032e-16,7.198146921736810787e-16,3.694605883701346657e-14
3.430309715330541361e-07,4.586792466170267344e-16,7.357416871098963430e-16,3.776348361851671646e-14
3.467368504525308478e-07,4.686091759716598826e-16,7.516669375778820715e-16,3.858090840001997267e-14
3.504827652279667651e-07,4.788952682664726539e-16,7.681678625616345967e-16,3.942785642419603314e-14
3.542691483801745802e-07,4.891831369350518593e-16,7.846670430771574875e-16,4.027480444837209361e-14
3.580964371026355674e-07,4.999950358647431573e-16,8.020122906840346740e-16,4.116506046455715391e-14
3.619650733119771361e-07,5.108078229813177711e-16,8.193575382909118604e-16,4.205531648074221421e-14
3.658755036990025416e-07,5.223373769126677162e-16,8.378523904610931043e-16,4.300451044093952886e-14
3.698281797802653986e-07,5.338553844145356419e-16,8.563263090125191311e-16,4.395283607046999112e-14
3.738235579502044526e-07,5.457437658467149599e-16,8.753950912302375373e-16,4.493155327334011003e-14
3.778620995338415761e-07,5.576206008494120612e-16,8.944464287656600935e-16,4.590929360421002238e-14
3.819442708400461121e-07,5.700339007295867876e-16,9.143577891382735267e-16,4.693131879908914112e-14
3.860705432153807583e-07,5.822686750462300446e-16,9.339813122530037095e-16,4.793869091396521192e-14
3.902413930985230109e-07,5.950292559977519271e-16,9.544491579908583563e-16,4.898915393818358049e-14
3.944573020752775717e-07,6.081477762632198667e-16,9.754926782444800956e-16,5.006924874640810120e-14
3.987187569341826320e-07,6.210993173946384552e-16,9.962692948589734073e-16,5.113555880529642633e-14
4.030262497227163851e-07,6.349221698585164896e-16,1.018441486057143790e-15,5.227372322686635531e-14
4.073802778041115491e-07,6.491056261969902325e-16,1.041189351771081067e-15,5.344141089110908856e-14
4.117813439147837775e-07,6.629400250903502865e-16,1.063384221056236400e-15,5.458044364334586361e-14
4.162299562223769741e-07,6.778269254403509070e-16,1.087262502182952053e-15,5.580609237960064464e-14
4.207266283844432473e-07,6.925477348431853935e-16,1.110873879670539673e-15,5.701795636651922379e-14
4.252718796077491928e-07,7.077925745071319726e-16,1.135327835313022222e-15,5.827312834544681539e-14
4.298662347082266087e-07,7.230391905448450845e-16,1.159783535423734306e-15,5.952830032437439437e-14
4.345102241715710859e-07,7.390007970235670936e-16,1.185387095629521110e-15,6.084262732998094237e-14
4.392043842144912250e-07,7.554890983240510439e-16,1.211833233990202644e-15,6.220004524492977552e-14
4.439492568466273270e-07,7.719773996245348956e-16,1.238282861287343645e-15,6.355746315987862130e-14
4.487453899331312994e-07,7.886451146754334337e-16,1.265018581374138360e-15,6.492975123749721077e-14
4.535933372579265175e-07,8.061947993013901216e-16,1.293170809663365363e-15,6.637476200846426278e-14
4.584936585876501832e-07,8.237471484879966580e-16,1.321323037952592366e-15,6.781977277943131479e-14
4.634469197362867557e-07,8.416574369885491530e-16,1.350050940757586067e-15,6.929430679307115844e-14
4.684536926305002387e-07,8.600917557502138392e-16,1.379623166185704626e-15,7.081214879872002085e-14
4.735145553756682333e-07,8.790660921368889203e-16,1.410057158919243598e-15,7.237427566837807072e-14
4.786300923226374516e-07,8.983974796506269400e-16,1.441065081700319930e-15,7.396581723937557699e-14
4.838008941351925909e-07,9.182546737992434866e-16,1.472917327104520922e-15,7.560077534371544990e-14
4.890275578582578388e-07,9.382912816982748183e-16,1.505057409766605363e-15,7.725038652805835813e-14
4.943106869868349783e-07,9.586742824817698917e-16,1.537752233325701481e-15,7.892854408307387668e-14
4.996508915356830185e-07,9.799534638304551802e-16,1.571884498705984908e-15,8.068040120343803909e-14
5.050487881097578777e-07,1.001054119615608999e-15,1.605730671296614619e-15,8.241760524379915355e-14
5.105049999754053968e-07,1.023395572476650341e-15,1.641569026605443514e-15,8.425705522018153481e-14
5.160201571323270586e-07,1.045559387961043529e-15,1.677119544656388764e-15,8.608185211656085550e-14
5.215948963863232830e-07,1.068606949394261302e-15,1.714088315377996232e-15,8.797937170628863872e-14
5.272298614228213926e-07,1.092013338328308447e-15,1.751631016147140664e-15,8.990641453868921359e-14
5.329257028811989423e-07,1.116124059460765588e-15,1.790307621265522742e-15,9.189141844310185517e-14
5.386830784299102475e-07,1.140593608094052102e-15,1.829556411963212446e-15,9.390594559018728839e-14
5.445026528424203469e-07,1.165408661424919437e-15,1.869363432494373294e-15,9.594912764927867981e-14
5.503850980739683163e-07,1.190941369757445320e-15,1.910318313120608466e-15,9.805124765238231925e-14
5.563310933391507219e-07,1.217358712225679103e-15,1.952691446417505265e-15,1.002260903488344086e-13
5.623413251903487185e-07,1.243595752756614982e-15,1.994776742456519011e-15,1.023862799652834627e-13
5.684164875969966751e-07,1.271087801353570055e-15,2.038876899300716495e-15,1.046498009310873253e-13
5.745572820257169972e-07,1.298746829084574676e-15,2.083242215315812477e-15,1.069269981048940293e-13
5.807644175213111942e-07,1.327636883835751136e-15,2.129582269366811891e-15,1.093055728840551415e-13
5.870386107886296364e-07,1.356359959452878244e-15,2.175655419778682679e-15,1.116702543725466912e-13
5.933805862753266749e-07,1.386325608519659310e-15,2.223720752908752651e-15,1.141373988797262035e-13
5.997910762555080030e-07,1.416290369399557257e-15,2.271786086038823017e-15,1.166044348455723806e-13
6.062708209142825443e-07,1.447498591915992477e-15,2.321843601887092172e-15,1.191738252887731471e-13
6.128205684332280770e-07,1.479589672194368965e-15,2.373322859342482419e-15,1.218159384253223887e-13
6.194410750767805475e-07,1.511504003282980615e-15,2.424510790603530147e-15,1.244433984818685572e-13
6.261331052795514149e-07,1.545017070761425845e-15,2.478268323566773292e-15,1.272026277171088093e-13
6.328974317345999191e-07,1.579055944874749798e-15,2.532870179153141295e-15,1.300050564030246945e-13
6.397348354826466139e-07,1.613454534675786244e-15,2.588045964787046461e-15,1.328371168729467444e-13
6.466461060022591887e-07,1.648735982238763957e-15,2.644640003091613253e-15,1.357419000362172442e-13
6.536320413010041188e-07,1.684735084803400614e-15,2.702383645959484102e-15,1.387057296848333274e-13
6.606934480075950626e-07,1.721427861323848069e-15,2.761238515089608041e-15,1.417266520747946311e-13
6.678311414650263572e-07,1.759553283286963267e-15,2.822394337814569827e-15,1.448655588941138041e-13
6.750459458247161776e-07,1.798025098134542600e-15,2.884103156968313558e-15,1.480330120841055621e-13
6.823386941416681478e-07,1.837560072681360908e-15,2.947521554987061829e-15,1.512879495887821911e-13
6.897102284706587075e-07,1.877813590416721475e-15,3.012087813100884424e-15,1.546019335788044034e-13
6.971613999634654838e-07,1.919128491477554582e-15,3.078358416675022755e-15,1.580035104248448345e-13
7.046930689671448175e-07,1.961137954681082199e-15,3.145743735447872852e-15,1.614621800122304863e-13
7.123061051233727406e-07,2.004400649576862772e-15,3.215140426089448011e-15,1.650240724076375610e-13
7.200013874688531087e-07,2.048022171973472521e-15,3.285111046778560332e-15,1.686154880457174777e-13
7.277798045368225355e-07,2.092874721390254109e-15,3.357054661035346352e-15,1.723081727478184043e-13
7.356422544596409056e-07,2.138802865122640499e-15,3.430725298839432663e-15,1.760895357192711293e-13
7.435896450724900186e-07,2.185602320187486434e-15,3.505793255695425777e-15,1.799426445120720977e-13
7.516228940182046099e-07,2.233477369567936777e-15,3.582586491630489844e-15,1.838842144915581184e-13
7.597429288532216671e-07,2.282594992398041078e-15,3.661373654751982038e-15,1.879281389483987286e-13
7.679506871546827696e-07,2.332765116684785945e-15,3.741847718651494611e-15,1.920585708479240031e-13
7.762471166286901937e-07,2.383830533349837711e-15,3.823757479903964956e-15,1.962628108541313073e-13
7.846331752197339340e-07,2.435779695963714258e-15,3.907087238295326660e-15,2.005398820950203840e-13
7.931098312213006537e-07,2.489330259528073938e-15,3.992984853920654048e-15,2.049487225146035443e-13
8.016780633876768460e-07,2.544110961925722338e-15,4.080855463113655135e-15,2.094588319982077397e-13
8.103388610469606048e-07,2.599608431138145971e-15,4.169875676869960674e-15,2.140280965084909167e-13
8.190932242152958763e-07,2.656874280435102285e-15,4.261732395967589465e-15,2.187428064054709683e-13
8.279421637123325788e-07,2.714858672920600464e-15,4.354740464096752047e-15,2.235166713291300015e-13
8.368867012779495426e-07,2.774609669116865086e-15,4.450583293099008543e-15,2.284359816394859346e-13
8.459278696902253418e-07,2.835245299448837213e-15,4.547846119240157187e-15,2.334282317258570385e-13
8.550667128846824273e-07,2.897480554357526236e-15,4.647675058147041388e-15,2.385521424495888278e-13
8.643042860748347389e-07,2.961128026410568514e-15,4.749766572347712862e-15,2.437923009413447941e-13
8.736416558740205829e-07,3.025670790841917297e-15,4.853295528369571447e-15,2.491060504571160186e-13
8.830799004185611174e-07,3.092148026304965190e-15,4.959927893371882304e-15,2.545793557329204767e-13
8.926201094922465601e-07,3.160060571771330181e-15,5.068862956437259953e-15,2.601705368967494056e-13
9.022633846521678040e-07,3.229381781634514770e-15,5.180057105859965409e-15,2.658778572872691385e-13
9.120108393559073077e-07,3.299779474000188069e-15,5.292976534361741424e-15,2.716736388644739237e-13
9.218635990901042977e-07,3.372469576711505352e-15,5.409575046359736606e-15,2.776583909030513105e-13
9.318228015004101625e-07,3.446403141059360500e-15,5.528167485544159916e-15,2.837453888776500147e-13
9.418895965228397580e-07,3.521757804420400877e-15,5.649039944704666250e-15,2.899495029509396789e-13
9.520651465165583272e-07,3.598881736052856659e-15,5.772750653674725964e-15,2.962990624109262429e-13
9.623506263980863533e-07,3.677785594199327634e-15,5.899315312668404683e-15,3.027953697536099821e-13
9.727472237769643802e-07,3.758457832430331685e-15,6.028714732535178104e-15,3.094371224829906212e-13
9.832561390928725054e-07,3.840898450745867233e-15,6.160952402211505695e-15,3.162245376817349063e-13
9.938785857542500754e-07,3.925297521138950036e-15,6.296333603637565075e-15,3.231732453018460415e-13
1.004615790278393452e-06,4.011287334239916182e-15,6.434263473147065050e-15,3.302528537699843512e-13
1.015468992433078228e-06,4.098876771917600013e-15,6.574761199890530708e-15,3.374642314168167699e-13
1.026439445379708006e-06,4.188772830931060092e-15,6.718958943748970751e-15,3.448653393143552506e-13
1.037528415818010073e-06,4.280604249163102399e-15,6.866258352119632938e-15,3.524258944305935918e-13
1.048737184132294908e-06,4.374228028525524742e-15,7.016434388600899474e-15,3.601340657601958913e-13
1.060067044539295408e-06,4.470324520170888974e-15,7.170577345836268625e-15,3.680457520898405178e-13
1.071519305237604675e-06,4.568548219401615851e-15,7.328132482928728712e-15,3.761326241315215820e-13
1.083095288558719354e-06,4.668373319582825860e-15,7.488255477255153695e-15,3.843512653518967046e-13
1.094796331119733627e-06,4.770850545797393726e-15,7.652631485125335401e-15,3.927882917349838475e-13
1.106623783977665654e-06,4.875286224089507269e-15,7.820151024745250475e-15,4.013866105394378909e-13
1.118579012785450546e-06,4.982375804788744116e-15,7.991927066845379372e-15,4.102033145066040051e-13
1.130663397949637571e-06,5.091590816699577372e-15,8.167111799866140530e-15,4.191952041858065065e-13
1.142878334789769992e-06,5.203112449946186086e-15,8.345998294470105409e-15,4.283768241157151204e-13
1.155225233699497087e-06,5.317298643842518682e-15,8.529156991768351314e-15,4.377779146216693847e-13
1.167705520309425126e-06,5.433611157137328833e-15,8.715727868923688156e-15,4.473539737569933405e-13
1.180320635651726788e-06,5.552933735779442898e-15,8.907127434138548616e-15,4.571779412977021082e-13
1.193072036326530410e-06,5.674730803078266665e-15,9.102493920107510114e-15,4.672056409211199491e-13
1.205961194670104941e-06,5.799204865643177974e-15,9.302151797921280093e-15,4.774536794512502739e-13
1.218989598924862632e-06,5.926150752304148446e-15,9.505780085425609786e-15,4.879052329814228753e-13
1.232158753411201905e-06,6.055939725178372890e-15,9.713968412882105529e-15,4.985909101676441245e-13
1.245470178701192937e-06,6.188741427960550997e-15,9.926985428398124891e-15,5.095244957592502865e-13
1.258925411794164420e-06,6.324732609840446620e-15,1.014511896923154974e-14,5.207207513775776816e-13
1.272526006294165004e-06,6.463016202065987016e-15,1.036693333802942310e-14,5.321058689159444061e-13
1.286273532589344128e-06,6.604682898129792370e-15,1.059417300302134061e-14,5.437693949743689408e-13
1.300169578033288639e-06,6.749538185104432514e-15,1.082652744886243585e-14,5.556954825181814363e-13
1.314215747128297648e-06,6.897417748416507258e-15,1.106372977191357901e-14,5.678705638807122728e-13
1.328413661710648534e-06,7.048475244396818582e-15,1.130603292006806203e-14,5.803071213152975410e-13
1.342764961137860896e-06,7.203259572539207869e-15,1.155431436084537312e-14,5.930507421819465774e-13
1.357271302477984916e-06,7.361235156153083275e-15,1.180771232694008971e-14,6.060570330753169478e-13
1.371934360700933810e-06,7.522399330677791895e-15,1.206622681835221178e-14,6.193258854540751780e-13
1.386755828871884330e-06,7.687471527488761473e-15,1.233100743964504537e-14,6.329163458035669523e-13
1.401737418346767726e-06,7.855901070718381233e-15,1.260117497883087136e-14,6.467832609291162245e-13
1.416880858969861785e-06,8.028428708227273762e-15,1.287791741877404753e-14,6.609876310600688901e-13
1.432187899273540466e-06,8.203953976467104180e-15,1.315946761315799052e-14,6.754388241830729393e-13
1.447660306680158701e-06,8.383913073628074279e-15,1.344813000451399884e-14,6.902550418101528110e-13
1.463299867706132062e-06,8.567600779324889368e-15,1.374277068849283365e-14,7.053781057866299066e-13
1.479108388168205805e-06,8.755541123818661143e-15,1.404423398771762099e-14,7.208514326458464035e-13
1.495087693391977862e-06,8.947555581545860306e-15,1.435223206493047427e-14,7.366601522251326086e-13
1.511239628422650593e-06,9.143823566256898092e-15,1.466705450185751100e-14,7.528190261458249428e-13
1.527566058238069522e-06,9.343830817746381444e-15,1.498787442055790010e-14,7.692858318292479292e-13
1.544068867964063044e-06,9.548617402854583720e-15,1.531635953265913528e-14,7.861460998460861519e-13
1.560749963092107231e-06,9.758003019644207017e-15,1.565222374537156086e-14,8.033851771163363610e-13
1.577611269699344124e-06,9.972015201908632346e-15,1.599550543699623490e-14,8.210048003013323244e-13
1.594654734670973836e-06,1.019026670016676640e-14,1.634558881024810153e-14,8.389737094970676339e-13
1.611882325925055397e-06,1.041419460079569291e-14,1.670477830765846555e-14,8.574097805915667101e-13
1.629296032639719321e-06,1.064220727290064423e-14,1.707052177220741822e-14,8.761823298194690235e-13
1.646897865482864732e-06,1.087571693362597362e-14,1.744507829025229525e-14,8.954073878661320555e-13
1.664689856844312879e-06,1.111418356534667087e-14,1.782759132789236048e-14,9.150406698675465428e-13
1.682674061070465762e-06,1.135780168099016537e-14,1.821836442259956615e-14,9.350978057757159926e-13
1.700852554701529985e-06,1.160637765581590966e-14,1.861708880349727043e-14,9.555633827213036440e-13
1.719227436711270493e-06,1.186080767038909536e-14,1.902520540134312464e-14,9.765107746456580089e-13
1.737800828749372321e-06,1.212091319914618842e-14,1.944242463441101125e-14,9.979255455514428865e-13
1.756574875386414592e-06,1.238651482833677761e-14,1.986845866544304682e-14,1.019792716734655211e-12
1.775551744361494247e-06,1.265813747640885813e-14,2.030415356153058831e-14,1.042155704728637159e-12
1.794733626832521740e-06,1.293543563866484603e-14,2.074895109284016535e-14,1.064985963162716448e-12
1.814122737629223636e-06,1.321947247480398282e-14,2.120455734930032027e-14,1.088370867810244097e-12
1.833721315508876686e-06,1.350865990667903335e-14,2.166842366282761562e-14,1.112179951988526828e-12
1.853531623414808088e-06,1.380509938445574706e-14,2.214392383497809058e-14,1.136586013500266769e-12
1.873555948737673604e-06,1.410776149953644485e-14,2.262940934327477260e-14,1.161504607188113370e-12
1.893796603579588266e-06,1.441679457913063079e-14,2.312510696858751353e-14,1.186947455516069110e-12
1.914255925021084058e-06,1.473274396998461142e-14,2.363190464524517446e-14,1.212959928761476275e-12
1.934936275390950467e-06,1.505579175040945641e-14,2.415008497710095555e-14,1.239556571463005047e-12
1.955840042539017214e-06,1.538610223497856199e-14,2.467991661226220648e-14,1.266751493993991506e-12
1.976969640111857336e-06,1.572298441429676338e-14,2.522029006893491337e-14,1.294487277989090362e-12
1.998327507831478389e-06,1.606765776895475779e-14,2.577315740706798838e-14,1.322864541264322741e-12
2.019916111777025276e-06,1.641977324150742561e-14,2.633796563023264760e-14,1.351854520366349008e-12
2.041737944669524352e-06,1.677970298225884517e-14,2.691530611315872985e-14,1.381487823951175534e-12
2.063795526159706065e-06,1.714796125141441582e-14,2.750600747825529241e-14,1.411806891680144745e-12
2.086091403118934935e-06,1.752348400108801726e-14,2.810835840218910020e-14,1.442723913614571726e-12
2.108628149933286271e-06,1.790786996766947419e-14,2.872493197559880772e-14,1.474370876015816978e-12
2.131408368800782733e-06,1.830041748352103543e-14,2.935459429413517141e-14,1.506689709270535175e-12
2.154434690031879272e-06,1.870165235527757339e-14,2.999818968042132992e-14,1.539723612829402153e-12
2.177709772353157473e-06,1.911104611174356198e-14,3.065487381183414460e-14,1.573429387241741875e-12
2.201236303214305548e-06,1.953018949562688689e-14,3.132719535645705919e-14,1.607937824814248747e-12
2.225016999098446213e-06,1.995855758847955292e-14,3.201431348060341580e-14,1.643205726096246733e-12
2.249054605835777747e-06,2.039577823999747859e-14,3.271563332060692007e-14,1.679202482431729461e-12
2.273351898920626043e-06,2.084276095354910662e-14,3.343261150743927632e-14,1.716002878799379294e-12
2.297911683831915293e-06,2.129983791102876671e-14,3.416578184837874731e-14,1.753634593239201933e-12
2.322736796357101338e-06,2.176685723247942548e-14,3.491490011787318780e-14,1.792084600791194826e-12
2.347830102919606227e-06,2.224397257423188334e-14,3.568021054147474304e-14,1.831366034956693696e-12
2.373194500909786603e-06,2.273120702914510530e-14,3.646175498642092346e-14,1.871480415314365565e-12
2.398832919019482917e-06,2.322978007780977913e-14,3.726148376819241663e-14,1.912528359680231759e-12
2.424748317580181239e-06,2.373880708609020046e-14,3.807798561199147788e-14,1.954437036819610228e-12
2.450943688904811804e-06,2.425919844554168606e-14,3.891271191538513771e-14,1.997281231711183334e-12
2.477422057633280010e-06,2.479074720862044683e-14,3.976533820728267920e-14,2.041044228989613637e-12
2.504186481081693442e-06,2.533435222045231703e-14,4.063730018503707354e-14,2.085799728220250577e-12
2.531240049595360737e-06,2.588948589802865405e-14,4.152775875942987482e-14,2.131504421411084743e-12
2.558585886905642329e-06,2.645720163099298238e-14,4.243839734230264867e-14,2.178244924546134148e-12
2.586227150490614959e-06,2.703734309845385106e-14,4.336896647469856342e-14,2.226008538289396157e-12
2.614167031939652021e-06,2.762988720755229507e-14,4.431942952278479506e-14,2.274793091814204114e-12
2.642408757321940917e-06,2.823537042316579214e-14,4.529064999833499078e-14,2.324642978525899951e-12
2.670955587558978498e-06,2.885432921017181999e-14,4.628348443524988672e-14,2.375602591829826403e-12
2.699810818801092880e-06,2.948694653506832548e-14,4.729822764866028684e-14,2.427686476264653450e-12
2.728977782808032715e-06,3.013338671242871118e-14,4.833514305326885755e-14,2.480908416579716648e-12
2.758459847333667526e-06,3.079402189255705225e-14,4.939482551274189318e-14,2.535299129972356551e-12
2.788260416514848683e-06,3.146882542984684960e-14,5.047723839324656344e-14,2.590856337074571918e-12
2.818382931264447928e-06,3.215870771585342947e-14,5.158383832575459157e-14,2.647654931406378890e-12
2.848830869668690798e-06,3.286331081126284028e-14,5.271404789128197975e-14,2.705665498266437795e-12
2.879607747388737481e-06,3.358404249228503034e-14,5.387013140959074066e-14,2.765004068340106317e-12
2.910717118066602182e-06,3.431984137559451409e-14,5.505038279075233198e-14,2.825583048771365681e-12
2.942162573735504165e-06,3.507231863219749173e-14,5.625738559221477792e-14,2.887535185610910606e-12
2.973947745234600913e-06,3.584110655272430881e-14,5.749055018371648319e-14,2.950830087285401469e-12
3.006076302628224975e-06,3.662654797731189405e-14,5.875042956168623801e-14,3.015496083082843804e-12
3.038551955629648194e-06,3.742955329751556734e-14,6.003848035709573408e-14,3.081608283605920093e-12
3.071378454029422028e-06,3.825009764410259665e-14,6.135466768058039093e-14,3.149164409486629905e-12
3.104559588128346921e-06,3.908838530005612684e-14,6.269931425876269457e-14,3.218181393172976619e-12
3.138099189175116007e-06,3.994528757670862217e-14,6.407381915516275431e-14,3.288730980486308957e-12
3.172001129808696707e-06,4.082080447406008266e-14,6.547818236978059540e-14,3.360813062885292738e-12
3.206269324505459513e-06,4.171547334517486639e-14,6.691326915885809594e-14,3.434471925233938134e-12
3.240907730031197546e-06,4.263018060056244157e-14,6.838049254166121257e-14,3.509780507308259357e-12
3.275920345897973352e-06,4.356455231354497864e-14,6.987926288792835002e-14,3.586708200452250440e-12
3.311311214825907713e-06,4.451951042210726740e-14,7.141105427331352805e-14,3.665330766516594507e-12
3.347084423210001949e-06,4.549537822627481189e-14,7.297638306041268136e-14,3.745674906669295689e-12
3.383244101591951787e-06,4.649234579804063339e-14,7.457555802010247384e-14,3.827756033779691757e-12
3.419794425137082393e-06,4.751147629710395925e-14,7.621028349784321690e-14,3.911661957786466615e-12
3.456739614116435053e-06,4.855312766277874103e-14,7.788113516815065850e-14,3.997422093390960743e-12
3.494083934394057185e-06,4.961764895251009519e-14,7.958866777192183871e-14,4.085064986963846018e-12
3.531831697919560464e-06,5.070469110885290528e-14,8.133232831272794206e-14,4.174562200675783532e-12
3.569987263225997051e-06,5.181656164132983107e-14,8.311581157427928490e-14,4.266103464777479598e-12
3.608555035933117862e-06,5.295235104657243298e-14,8.493766092560414398e-14,4.359613994290251048e-12
3.647539469256071761e-06,5.411280096062822029e-14,8.679907132743979445e-14,4.455154897984778462e-12
3.686945064519568109e-06,5.529911931765839191e-14,8.870197041717992827e-14,4.552825382639747902e-12
3.726776371677660651e-06,5.651133898057764097e-14,9.064641925121258333e-14,4.652628704495161370e-12
3.767037989839085818e-06,5.774997509777824090e-14,9.263324296301037084e-14,4.754606760505692809e-12
3.807734567798279121e-06,5.901573466601924079e-14,9.466357022351784161e-14,4.858817837367355908e-12
3.848870804572184393e-06,6.030967906862613881e-14,9.673910712266351902e-14,4.965349310853501079e-12
3.890451449942799996e-06,6.163129315720663632e-14,9.885902852697482973e-14,5.074159066926786824e-12
3.932481305005614440e-06,6.298269525747725845e-14,1.010267309160947864e-13,5.185421205885915344e-12
3.974965222723967004e-06,6.436280711056176762e-14,1.032404837775396203e-13,5.299047049461534943e-12
4.017908108489389673e-06,6.577377990509135686e-14,1.055037411584039453e-13,5.415213628568349300e-12
4.061314920688009601e-06,6.721542445725991050e-14,1.078161942878111228e-13,5.533905421795688886e-12
4.105190671273066304e-06,6.868898067595642131e-14,1.101798370929475691e-13,5.655224675079575019e-12
4.149540426343623203e-06,7.019480827686861421e-14,1.125952452483290700e-13,5.779200803121346563e-12
4.194369306729491311e-06,7.173361070400800423e-14,1.150635456804319391e-13,5.905891875534348843e-12
4.239682488582551399e-06,7.330557092387253824e-14,1.175850297154505059e-13,6.035312653939918988e-12
4.285485203974384872e-06,7.491228678466517321e-14,1.201622652106187226e-13,6.167595016058083924e-12
4.331782741500411546e-06,7.655464292052162296e-14,1.227966704186073082e-13,6.302811576040858551e-12
4.378580446890499608e-06,7.823297328970997476e-14,1.254887774022262313e-13,6.440990120469582347e-12
4.425883723626259510e-06,7.994766247715067925e-14,1.282392071921652690e-13,6.582161909248261115e-12
4.473698033564921003e-06,8.169995039173272921e-14,1.310499467377379012e-13,6.726429405395584533e-12
4.522028897569996604e-06,8.349087887667017290e-14,1.339226654950398716e-13,6.873878139482235268e-12
4.570881896148739952e-06,8.532080498309007525e-14,1.368579391385869406e-13,7.024537526209552989e-12
4.620262670096503256e-06,8.719081585173752790e-14,1.398575103921404621e-13,7.178497220718890965e-12
4.670176921148048034e-06,8.910230948876674474e-14,1.429236226418437156e-13,7.335872168282270725e-12
4.720630412635890455e-06,9.105546619611502527e-14,1.460565637249545939e-13,7.496677347603699372e-12
4.771628970155777017e-06,9.305153831728773773e-14,1.492583432688735474e-13,7.661015764408527395e-12
4.823178482239297310e-06,9.509122219080134169e-14,1.525300759887993301e-13,7.828944728520769334e-12
4.875284901033852421e-06,9.717523103072309293e-14,1.558729097448270139e-13,8.000523069343101300e-12
4.927954242989894273e-06,9.930533588169815454e-14,1.592896792978296857e-13,8.175896449344891432e-12
4.981192589555584963e-06,1.014822535105413037e-13,1.627815394857753159e-13,8.355123915011480165e-12
5.035006087879041289e-06,1.037065061711399073e-13,1.663493311423505875e-13,8.538248665793547573e-12
5.089400951518082290e-06,1.059798782309423778e-13,1.699959099620473837e-13,8.725417341032455289e-12
5.144383461157677162e-06,1.083032401130942930e-13,1.737226732639175513e-13,8.916701795090885812e-12
5.199959965335148613e-06,1.106769613033390805e-13,1.775302176560956471e-13,9.112132419542177152e-12
5.256136881173203643e-06,1.131031698974489936e-13,1.814219518295022939e-13,9.311884400098366856e-12
5.312920695120881545e-06,1.155822122883084699e-13,1.853984340139709557e-13,9.515986066047460058e-12
5.370317963702511449e-06,1.181160371579394003e-13,1.894627868076326375e-13,9.724598058562826348e-12
5.428335314274760723e-06,1.207048203673446004e-13,1.936152980477451818e-13,9.937734922183132067e-12
5.486979445791867406e-06,1.233507024469127116e-13,1.978593991033162575e-13,1.015557281949241472e-11
5.546257129579096490e-06,1.260547358981003591e-13,2.021967733861873796e-13,1.037819825793335935e-11
5.606175210114644499e-06,1.288176365995354713e-13,2.066285757343265438e-13,1.060567028399131123e-11
5.666740605819907680e-06,1.316413523450529515e-13,2.111579270013965305e-13,1.083814932175697079e-11
5.727960309858285737e-06,1.345267659924147653e-13,2.157862436955997329e-13,1.107570787684101996e-11
5.789841390942703236e-06,1.374758253354558667e-13,2.205166536484718298e-13,1.131850669895815806e-11
5.852390994151756345e-06,1.404894407657315439e-13,2.253506100020481079e-13,1.156662024746306855e-11
5.915616341754727998e-06,1.435686372509050994e-13,2.302897630232737138e-13,1.182013329313710089e-11
5.979524734045505394e-06,1.467155784142240767e-13,2.353375807149891341e-13,1.207922373522562494e-11
6.044123550185504828e-06,1.499316622618427147e-13,2.404963064633375978e-13,1.234400673608333300e-11
6.109420249055702984e-06,1.532179519534602283e-13,2.457676446137794417e-13,1.261456988856624305e-11
6.175422370117877161e-06,1.565767647686550369e-13,2.511553126281119019e-13,1.289110389979706055e-11
6.242137534285156094e-06,1.600088050396255042e-13,2.566604426662159784e-13,1.317366694793046540e-11
6.309573444801921168e-06,1.635162017503307829e-13,2.622864451634806197e-13,1.346243400159582599e-11
6.377737888133325687e-06,1.671005323206755123e-13,2.680358513433068971e-13,1.375753509331050311e-11
6.446638734864315319e-06,1.707634185799084631e-13,2.739112656967615680e-13,1.405910372891452387e-11
6.516283940608420755e-06,1.745066306844879623e-13,2.799155247291860701e-13,1.436728578795992076e-11
6.586681546926306496e-06,1.783317451661317500e-13,2.860511614084496490e-13,1.468221086879871944e-11
6.657839682254353589e-06,1.822407231414780420e-13,2.923213157773656819e-13,1.500404037239361868e-11
6.729766562843165360e-06,1.862355221744174824e-13,2.987291296232155687e-13,1.533293569970732209e-11
6.802470493706262100e-06,1.903177187966678113e-13,3.052771376583370320e-13,1.566902666617451967e-11
6.875959869579016381e-06,1.944892874476705066e-13,3.119684973702255437e-13,1.601247554108858040e-11
6.950243175887950131e-06,1.987525196495842872e-13,3.188068878423773986e-13,1.636347118636954281e-11
7.025328989730501028e-06,2.031091828943068325e-13,3.257951508135385064e-13,1.672215926448677180e-11
7.101225980865373425e-06,2.075610606610997063e-13,3.329361367447961519e-13,1.708868630624029602e-11
7.177942912713605081e-06,2.121106363204884157e-13,3.402338352349913670e-13,1.746325680350215975e-11
7.255488643370376825e-06,2.167602031710055031e-13,3.476919236231520707e-13,1.784605972673373607e-11
7.333872126627888684e-06,2.215115526855944492e-13,3.553132785373889675e-13,1.823724269214838334e-11
7.413102413009169534e-06,2.263673289966066801e-13,3.631021338020952913e-13,1.863702299949548789e-11
7.493188650813051479e-06,2.313294754569427540e-13,3.710616137598701456e-13,1.904556096432441230e-11
7.574140087170554614e-06,2.363997879804805219e-13,3.791945932943560102e-13,1.946300420284852141e-11
7.655966069112551725e-06,2.415819783002050705e-13,3.875070332534933756e-13,1.988965869308654596e-11
7.738676044649029723e-06,2.468771024703206220e-13,3.960006187935920574e-13,2.032561083393983640e-11
7.822279563860009630e-06,2.522887167911075632e-13,4.046810630481038949e-13,2.077115390409111922e-11
7.906786279998231860e-06,2.578186038536407101e-13,4.135512199670526221e-13,2.122643443434042633e-11
7.992205950603777038e-06,2.634701076815353056e-13,4.226164555347124226e-13,2.169172779405048128e-11
8.078548438630707911e-06,2.692451893914296917e-13,4.318799150273012465e-13,2.216719538418398606e-11
8.165823713585896676e-06,2.751473955135485650e-13,4.413472871557158390e-13,2.265312928946899967e-11
8.254041852680169859e-06,2.811781498114657392e-13,4.510208554288687215e-13,2.314964662600421431e-11
8.343213041991799549e-06,2.873420637514790754e-13,4.609080163920533744e-13,2.365712707137370373e-11
8.433347577642734007e-06,2.936403674724217751e-13,4.710107430388374809e-13,2.417567189464149815e-11
8.524455866987389768e-06,3.000769672202064365e-13,4.813353032435700214e-13,2.470560292086099030e-11
8.616548429814283079e-06,3.066545275554826643e-13,4.918859709534134968e-13,2.524713929498422859e-11
8.709635899560793729e-06,3.133762281872925639e-13,5.026678435045346430e-13,2.580054292724859994e-11
8.803729024540881703e-06,3.202452692529764194e-13,5.136860583558699174e-13,2.636607724747015928e-11
8.898838669186154778e-06,3.272648313497630841e-13,5.249457110991176800e-13,2.694400394880362759e-11
8.994975815300331097e-06,3.344384841007363835e-13,5.364525323124122685e-13,2.753461706972106701e-11
9.092151563327249177e-06,3.417697420613931949e-13,5.482121601170717632e-13,2.813820608995853878e-11
9.190377133632567680e-06,3.492611125833049780e-13,5.602286137678971657e-13,2.875497734659074926e-11
9.289663867799334486e-06,3.569168509698292895e-13,5.725087211135389683e-13,2.938528099395910437e-11
9.390023229937545377e-06,3.647406600720824251e-13,5.850584203238509940e-13,3.002942214175167433e-11
9.491466808007782086e-06,3.727355623900279917e-13,5.978825610205111763e-13,3.068764956670450024e-11
9.594006315159310909e-06,3.809061836009539361e-13,6.109885589379638702e-13,3.136034403181500166e-11
9.697653591082469057e-06,3.892553410336539157e-13,6.243809357378599756e-13,3.204773759845389720e-11
9.802420603375770750e-06,3.977876470426125901e-13,6.380670931988976467e-13,3.275020994420525410e-11
9.908319448927663598e-06,4.065071899520534786e-13,6.520535817992792093e-13,3.346809754720248540e-11
1.001536235531340451e-05,4.154178733433284814e-13,6.663466729022899415e-13,3.420172212395765571e-11
1.012356168220683831e-05,4.245237509013727019e-13,6.809528576742121282e-13,3.495141700490549446e-11
1.023292992280751951e-05,4.338289296023341913e-13,6.958787336938901091e-13,3.571752073046475243e-11
1.034347970528324328e-05,4.433385254026604694e-13,7.111324999620031570e-13,3.650045422392616735e-11
1.045522379422814323e-05,4.530566363966307964e-13,7.267207331237766132e-13,3.730055483175382245e-11
1.056817509213655416e-05,4.629875027884257439e-13,7.426502348608378534e-13,3.811817183995845023e-11
1.068234664089279896e-05,4.731357484789595613e-13,7.589284226520991039e-13,3.895368601153746379e-11
1.079775162327707775e-05,4.835070383241733314e-13,7.755643799436316835e-13,3.980756342297629700e-11
1.091440336448754367e-05,4.941054446609269921e-13,7.925646432578921209e-13,4.068013968407767975e-11
1.103231533367899924e-05,5.049361296313858167e-13,8.099374900966297459e-13,4.157183962562037545e-11
1.115150114551805732e-05,5.160045662431242763e-13,8.276916986239759150e-13,4.248311380267914035e-11
1.127197456175509194e-05,5.273152096415487338e-13,8.458344176707354575e-13,4.341432919350205039e-11
1.139374949281335347e-05,5.388737131361710861e-13,8.643747132382977490e-13,4.436595089770253464e-11
1.151683999939505314e-05,5.506857620112308976e-13,8.833217054065668756e-13,4.533844737967535552e-11
1.164126029410489148e-05,5.627568417089191287e-13,9.026841932732930910e-13,4.633227006282594599e-11
1.176702474309111854e-05,5.750922804623481904e-13,9.224707229883331219e-13,4.734785767122372828e-11
1.189414786770431580e-05,5.876984687761431630e-13,9.426915485359405818e-13,4.838573630471147664e-11
1.202264434617409621e-05,6.005808920924949055e-13,9.633554655249290733e-13,4.944635782085995589e-11
1.215252901530392052e-05,6.137452152673447028e-13,9.844715574013700160e-13,5.053018818761325241e-11
1.228381687218422821e-05,6.271985455721322353e-13,1.006051231243017072e-12,5.163781276838216459e-11
1.241652307592408796e-05,6.409469164603554299e-13,1.028104160126202891e-12,5.276972835684946484e-11
1.255066294940145902e-05,6.549961597670895075e-13,1.050639701378511317e-12,5.392641492279123939e-11
1.268625198103256690e-05,6.693533827637743508e-13,1.073669253355354535e-12,5.510845793815962125e-11
1.282330582656020331e-05,6.840258392726851958e-13,1.097204453404291855e-12,5.631645427174673264e-11
1.296184031086135039e-05,6.990193948799990328e-13,1.121254709442485988e-12,5.755088693248600877e-11
1.310187142977451876e-05,7.143418514192983672e-13,1.145832534540547522e-12,5.881239848507091510e-11
1.324341535194662328e-05,7.299999377944104465e-13,1.170948721723413037e-12,6.010154249030155271e-11
1.338648842069990628e-05,7.460014522861702799e-13,1.196615784061693523e-12,6.141896151287141289e-11
1.353110715591901184e-05,7.623540324135867308e-13,1.222845969466828822e-12,6.276528400710060723e-11
1.367728825595845649e-05,7.790645829414902786e-13,1.249650351823140433e-12,6.414107840395193277e-11
1.382504859957069140e-05,7.961412654191507751e-13,1.277042023364691330e-12,6.554701679136152598e-11
1.397440524785501164e-05,8.135927645379127674e-13,1.305034917159231673e-12,6.698381413109220608e-11
1.412537544622751938e-05,8.314265241920446076e-13,1.333640972347324790e-12,6.845208346459475458e-11
1.427797662641227978e-05,8.496515887885783909e-13,1.362874694182299321e-12,6.995256916833332715e-11
1.443222640845420505e-05,8.682754022217824696e-13,1.392748027038123722e-12,7.148588428375873114e-11
1.458814260275347338e-05,8.873080844930045921e-13,1.423277201447206169e-12,7.305286186560446988e-11
1.474574321212193522e-05,9.067579508078456631e-13,1.454475553869161684e-12,7.465418659260133657e-11
1.490504643386194221e-05,9.266338794823904381e-13,1.486357327887085117e-12,7.629058949062951392e-11
1.506607066186739714e-05,9.469454389539320008e-13,1.518937871332460265e-12,7.796285813560379245e-11
1.522883448874762130e-05,9.677022012125113354e-13,1.552232537270176057e-12,7.967178086322836940e-11
1.539335670797414935e-05,9.889140935229223765e-13,1.586257252695168477e-12,8.141817488120206674e-11
1.555965631605070573e-05,1.010591059137322640e-12,1.621027960302587883e-12,8.320285859117838691e-11
1.572775251470663206e-05,1.032743190523266906e-12,1.656560853991009582e-12,8.502666331122950572e-11
1.589766471311400604e-05,1.055380598800233526e-12,1.692872148592627781e-12,8.689042111921694112e-11
1.606941253012872124e-05,1.078514273504529003e-12,1.729979477192307277e-12,8.879503703277819898e-11
1.624301579655579197e-05,1.102155387138957861e-12,1.767900757223234134e-12,9.074143093971346822e-11
1.641849455743900200e-05,1.126314405209565110e-12,1.806652777447650018e-12,9.273046444112693779e-11
1.659586907437556768e-05,1.151003205439540185e-12,1.846254585714153768e-12,9.476311516880813655e-11
1.677515982785555832e-05,1.176232947008884425e-12,1.886724087244654231e-12,9.684030203368526800e-11
1.695638751962657157e-05,1.202015873573783108e-12,1.928080921262479852e-12,9.896303349328652120e-11
1.713957307508422984e-05,1.228363853087370281e-12,1.970344119916016105e-12,1.011322859854467834e-10
1.732473764568821637e-05,1.255289143416821208e-12,2.013533346851146479e-12,1.033490688360249331e-10
1.751190261140453896e-05,1.282805015850545773e-12,2.057669893302613423e-12,1.056144751647891922e-10
1.770108958317417351e-05,1.310923898787600671e-12,2.102773691564408125e-12,1.079295277567237598e-10
1.789232040540834865e-05,1.339659437443073421e-12,2.148866629479407161e-12,1.102953501231702182e-10
1.808561715851082343e-05,1.369024401279784392e-12,2.195969192338031493e-12,1.127129937040247867e-10
1.828100216142737182e-05,1.399033332581572622e-12,2.244104703680509830e-12,1.151836556016530431e-10
1.847849797422284658e-05,1.429700043542659669e-12,2.293295316508890502e-12,1.177084731121458812e-10
1.867812740068610370e-05,1.461038547975689287e-12,2.343563517018652791e-12,1.202885999213355618e-10
1.887991349096289592e-05,1.493064641396192899e-12,2.394934634888490262e-12,1.229253366800196545e-10
1.908387954421754163e-05,1.525792147544821448e-12,2.447430847543006089e-12,1.256198213355371252e-10
1.929004911132307777e-05,1.559237531630016100e-12,2.501078562742259775e-12,1.283734094606001843e-10
1.949844599758042874e-05,1.593415725849658323e-12,2.555901737268448233e-12,1.311873306114331274e-10
1.970909426546730274e-05,1.628343007116570066e-12,2.611926473599691208e-12,1.340629245137135481e-10
1.992201823741639885e-05,1.664036062685913886e-12,2.669179544089907902e-12,1.370015655178044238e-10
2.013724249862384303e-05,1.700511550502684764e-12,2.727687668758971486e-12,1.400046247178286684e-10
2.035479189988789029e-05,1.737786494444873927e-12,2.787478150279143059e-12,1.430735040336479593e-10
2.057469156047834027e-05,1.775878627163605312e-12,2.848579433949374925e-12,1.462096631291131978e-10
2.079696687103689664e-05,1.814805320706128004e-12,2.911019387649633963e-12,1.494145322533740907e-10
2.102164349650890741e-05,1.854585725269831761e-12,2.974828726232039305e-12,1.526896882949215724e-10
2.124874737910679092e-05,1.895238099312475206e-12,3.040036741062633955e-12,1.560366343341399901e-10
2.147830474130529692e-05,1.936781595696009099e-12,3.106674148738004812e-12,1.594569472595203042e-10
2.171034208886949679e-05,1.979235531596956224e-12,3.174771939736250595e-12,1.629522175272202335e-10
2.194488621391516109e-05,2.022619599894892213e-12,3.244361697654668206e-12,1.665240664191360533e-10
2.218196419800216789e-05,2.066955259184916177e-12,3.315477844340363905e-12,1.701742604454681628e-10
2.242160341526171791e-05,2.112262877368634281e-12,3.388153053683277749e-12,1.739044767868995670e-10
2.266383153555691262e-05,2.158563569312822376e-12,3.462421189300683318e-12,1.777164539499666522e-10
2.290867652767768800e-05,2.205878780289775979e-12,3.538316657339472093e-12,1.816119571423737768e-10
2.315616666257022246e-05,2.254231390881794418e-12,3.615876152688854722e-12,1.855928705331266336e-10
2.340633051660122906e-05,2.303643730995308747e-12,3.695135498003924902e-12,1.896610323782469681e-10
2.365919697485751818e-05,2.354139219453870174e-12,3.776132256919071456e-12,1.938183708059805020e-10
2.391479523448121001e-05,2.405741430513732943e-12,3.858904240783169989e-12,1.980668265353676396e-10
2.417315480804095958e-05,2.458475177451854498e-12,3.943491253127815977e-12,2.024084427484674958e-10
2.443430552693967540e-05,2.512364752179491592e-12,4.029932258395384871e-12,2.068452192108057654e-10
2.469827754485880606e-05,2.567435350782148095e-12,4.118267672425821457e-12,2.113792305814282828e-10
2.496510134124028943e-05,2.623712831932742027e-12,4.208538973440219257e-12,2.160126053558821126e-10
2.523480772480572723e-05,2.681224349280668559e-12,4.300789719065803192e-12,2.207475797027170385e-10
2.550742783711356087e-05,2.739996825546731874e-12,4.395063090124661270e-12,2.255863697103362434e-10
2.578299315615509220e-05,2.800057055552825889e-12,4.491402070313970548e-12,2.305311818069641449e-10
2.606153549998891221e-05,2.861433585625378417e-12,4.589852448435821734e-12,2.355843660210092267e-10
2.634308703041477763e-05,2.924156357432409499e-12,4.690462251445042399e-12,2.407483874346933915e-10
2.662768025668719993e-05,2.988253411033823440e-12,4.793276455221529875e-12,2.460255547221769952e-10
2.691534803926908873e-05,3.053755046925142345e-12,4.898343665883564122e-12,2.514183625974660624e-10
2.720612359362598170e-05,3.120692832156383078e-12,5.005714516621509659e-12,2.569294098657049725e-10
2.750004049406126066e-05,3.189098499868510347e-12,5.115439907529370534e-12,2.625613091167876875e-10
2.779713267759284181e-05,3.259002732477405478e-12,5.227569057033774400e-12,2.683165866502480665e-10
2.809743444787151626e-05,3.330439736724502771e-12,5.342156830405011898e-12,2.741980585709800268e-10
2.840098047914208943e-05,3.403442320456895081e-12,5.459255858249569923e-12,2.802084260386054145e-10
2.870780582024683828e-05,3.478045241091884979e-12,5.578921888538661070e-12,2.863505507453782074e-10
2.901794589867252963e-05,3.554283770306979319e-12,5.701211499610376278e-12,2.926273364975896335e-10
2.933143652464081686e-05,3.632192842268669693e-12,5.826180725528718393e-12,2.990416594234910282e-10
2.964831389524338017e-05,3.711810211136801741e-12,5.953890130741682229e-12,3.055966281468696419e-10
2.996861459862119396e-05,3.793172428466182286e-12,6.084398338104123418e-12,3.122952516505687908e-10
3.029237561818922222e-05,3.876318656192866799e-12,6.217768172894863133e-12,3.191407543719784216e-10
3.061963433690669786e-05,3.961286831443198740e-12,6.354060482165749284e-12,3.261362596965072882e-10
3.095042854159353487e-05,4.048117756634407591e-12,6.493340711386883774e-12,3.332851267613400191e-10
3.128479642729335773e-05,4.136851850486988798e-12,6.635673700697891891e-12,3.405906833352160000e-10
3.162277660168374787e-05,4.227531109141343485e-12,6.781126812739459480e-12,3.480563872193919245e-10
3.196440808953384603e-05,4.320198115829400582e-12,6.929768350420648930e-12,3.556857440818525336e-10
3.230973033721066244e-05,4.414896122587814393e-12,7.081667689498482832e-12,3.634823149466625605e-10
3.265878321723350515e-05,4.511669801664063821e-12,7.236896492727831941e-12,3.714497777369028067e-10
3.301160703287793621e-05,4.610565079425507353e-12,7.395528425513097137e-12,3.795919139240860011e-10
3.336824252282932318e-05,4.711627876022195887e-12,7.557637141047398852e-12,3.879125035686876649e-10
3.372873086588684005e-05,4.814906243252698229e-12,7.723299716914995593e-12,3.964155031108498614e-10
3.409311368571788344e-05,4.920448414105711043e-12,7.892593527259741123e-12,4.051048836437948098e-10
3.446143305566448320e-05,5.028303841050518173e-12,8.065597893052034531e-12,4.139847167700193916e-10
3.483373150360110406e-05,5.138523591280157895e-12,8.242394724053130919e-12,4.230592066209884268e-10
3.521005201684510575e-05,5.251159626391861635e-12,8.423067369210570237e-12,4.323326312448147732e-10
3.559043804712031536e-05,5.366263883113625617e-12,8.607699142582528953e-12,4.418092667358673953e-10
3.597493351557418649e-05,5.483892037440227251e-12,8.796379345242150977e-12,4.514936971202778688e-10
3.636358281784891092e-05,5.604097987216301658e-12,8.989194436523830069e-12,4.613903596762951168e-10
3.675643082920793310e-05,5.726939012502135065e-12,9.186236290591345323e-12,4.715039703077708268e-10
3.715352290971717612e-05,5.852472725539910197e-12,9.387597320649161826e-12,4.818392721624312921e-10
3.755490490948261239e-05,5.980758171217250361e-12,9.593372240855334991e-12,4.924011266980561335e-10
3.796062317394432111e-05,6.111855628113360473e-12,9.803657738361492208e-12,5.031944966414891184e-10
3.837072454922783247e-05,6.245826448625387204e-12,1.001855222385386697e-11,5.142244331807606022e-10
3.878525638755290730e-05,6.382734458750948022e-12,1.023815807668392058e-11,5.254961911274423983e-10
3.920426655270145322e-05,6.522642970227453283e-12,1.046257685281410705e-11,5.370149830705275674e-10
3.962780342554386579e-05,6.665618258671943665e-12,1.069191486188280432e-11,5.487862653828438299e-10
4.005591590962532595e-05,6.811727566936976109e-12,1.092627996087171329e-11,5.608155743236404370e-10
4.048865343681245371e-05,6.961040000402999722e-12,1.116578300027001532e-11,5.731085995210704566e-10
4.092606597300096850e-05,7.113625099662040024e-12,1.141053552137630976e-11,5.856710659877619018e-10
4.136820402388501354e-05,7.269554811404385354e-12,1.166065293646420112e-11,5.985088975840651603e-10
4.181511864078851011e-05,7.428902222752284565e-12,1.191625247554318307e-11,6.116281112987949956e-10
4.226686142656021551e-05,7.591742832255372543e-12,1.217745524483115977e-11,6.250349231855712406e-10
4.272348454153174598e-05,7.758152546141065798e-12,1.244438299425481347e-11,6.387355826202033294e-10
4.318504070954031984e-05,7.928210434358460173e-12,1.271716256235464782e-11,6.527365994777003911e-10
4.365158322401647810e-05,8.101995749823143272e-12,1.299592106853055463e-11,6.670444986117759599e-10
4.412316595413770428e-05,8.279590226156672735e-12,1.328078962003679615e-11,6.816660093680153945e-10
4.459984335104807897e-05,8.461077738399183734e-12,1.357190275549664378e-11,6.966080372545881593e-10
4.508167045414593409e-05,8.646543559596958009e-12,1.386939725517504455e-11,7.118776029420182781e-10
4.556870289743864645e-05,8.836074395441726770e-12,1.417341220029053906e-11,7.274818448681766752e-10
4.606099691596648820e-05,9.029759951920510281e-12,1.448409147981611086e-11,7.434281485110088427e-10
4.655860935229577132e-05,9.227691212233065955e-12,1.480158103770831241e-11,7.597240047420950044e-10
4.706159766308224844e-05,9.429960869338904366e-12,1.512602955150541789e-11,7.763770449940420559e-10
4.757001992570498679e-05,9.636664336713956210e-12,1.545759007387201950e-11,7.933951249458516893e-10
4.808393484497276851e-05,9.847898766015884508e-12,1.579641843989953843e-11,8.107862428998375091e-10
4.860340175990207536e-05,1.006376362351737003e-11,1.614267419341884232e-11,8.285585880825186254e-10
4.912848065056873152e-05,1.028435998755028596e-11,1.649651947228506335e-11,8.467204825750059223e-10
4.965923214503348206e-05,1.050979155659781257e-11,1.685812060805496324e-11,8.652804634787921448e-10
5.019571752634240184e-05,1.074016472390212983e-11,1.722764826554437424e-11,8.842472908392681473e-10
5.073799873960302225e-05,1.097558783760475311e-11,1.760527623565620647e-11,9.036298845832092447e-10
5.128613839913639960e-05,1.121617115100805783e-11,1.799118136734616733e-11,9.234373222394067594e-10
5.184019979570744937e-05,1.146202814597374474e-11,1.838554569412954896e-11,9.436789467202117782e-10
5.240024690383238750e-05,1.171327426370377263e-11,1.878855438781998486e-11,9.643642625560210979e-10
5.296634438916565055e-05,1.197002756377503696e-11,1.920039681742167278e-11,9.855029895146952444e-10
5.353855761596648433e-05,1.223240899325999081e-11,1.962126699047983004e-11,1.007105085395239071e-09
5.411695265464629883e-05,1.250054176055488900e-11,2.005136253605571978e-11,1.029180694036502764e-09
5.470159628939707408e-05,1.277455191714220244e-11,2.049088564499502501e-11,1.051740193183909527e-09
5.529255602590316820e-05,1.305456857164365102e-11,2.094004341533255526e-11,1.074794212832941919e-09
5.588990009913545034e-05,1.334072290126820660e-11,2.139904625959276715e-11,1.098353552737727254e-09
5.649369748123011652e-05,1.363314966972348004e-11,2.186811034006738727e-11,1.122429307884820020e-09
5.710401788945254083e-05,1.393198681243243622e-11,2.234745691463985406e-11,1.147032834953929175e-09
5.772093179424725299e-05,1.423737386000168489e-11,2.283730979683955295e-11,1.172175621525611709e-09
5.834451042737438770e-05,1.454945533464812058e-11,2.333790080556057647e-11,1.197869566226454021e-09
5.897482579013504548e-05,1.486837749410580486e-11,2.384946453863491627e-11,1.224126710414896235e-09
5.961195066168448051e-05,1.519429069953220339e-11,2.437224218972892824e-11,1.250959433772714044e-09
6.025595860743563655e-05,1.552734761337699109e-11,2.490647862810352989e-11,1.278380304952144808e-09
6.090692398755333557e-05,1.586770479012477441e-11,2.545242497693825053e-11,1.306402213236524553e-09
6.156492196554028487e-05,1.621552285748519491e-11,2.601033888895719152e-11,1.335038383193367972e-09
6.223002851691585794e-05,1.657096528803049190e-11,2.658048258215781853e-11,1.364302273839469773e-09
6.290232043798822518e-05,1.693419858837928882e-11,2.716312313985949076e-11,1.394207593836691676e-09
6.358187535472217898e-05,1.730539402405553335e-11,2.775853527219665732e-11,1.424768443246943134e-09
6.426877173170181972e-05,1.768472623658151828e-11,2.836699911808890931e-11,1.455999200757736619e-09
6.496308888119054219e-05,1.807237304896495170e-11,2.898879991030306462e-11,1.487914506749738864e-09
6.566490697228877628e-05,1.846851711062106257e-11,2.962423062530040756e-11,1.520529398647814817e-09
6.637430704019079677e-05,1.887334492836071169e-11,3.027359042891550133e-11,1.553859232120017930e-09
6.709137099554102212e-05,1.928704622867222202e-11,3.093718364886441000e-11,1.587919627024007476e-09
6.781618163389240451e-05,1.970981584334210822e-11,3.161532280139706063e-11,1.622726624466357662e-09
6.854882264526600299e-05,2.014185255392396318e-11,3.230832674390539268e-11,1.658296590092229046e-09
6.928937862381432842e-05,2.058335936974094045e-11,3.301652110755148467e-11,1.694646237855921110e-09
7.003793507758892080e-05,2.103454442406632906e-11,3.374023974866511374e-11,1.731792703611896248e-09
7.079457843841370415e-05,2.149561873056347151e-11,3.447982114292793721e-11,1.769753360377429992e-09
7.155939607186428139e-05,2.196680020055504847e-11,3.523561482246124407e-11,1.808546148623888620e-09
7.233247628735628659e-05,2.244830954759335904e-11,3.600797482709223386e-11,1.848189240232761521e-09
7.311390834834158802e-05,2.294037428696585657e-11,3.679726609608559408e-11,1.888701366724652224e-09
7.390378248261510706e-05,2.344322435871018321e-11,3.760385746584805051e-11,1.930101459227676841e-09
7.470218989273297110e-05,2.395709681102360171e-11,3.842812916939726669e-11,1.972409034016279342e-09
7.550922276654317949e-05,2.448223368993097526e-11,3.927046945558242392e-11,2.015644019062181499e-09
7.632497428783019205e-05,2.501888143531767675e-11,4.013127362613774390e-11,2.059826703888286228e-09
7.714953864707383314e-05,2.556729199471594050e-11,4.101094581678458581e-11,2.104977831720269275e-09
7.798301105232572326e-05,2.612772458102670252e-11,4.190990181280312293e-11,2.151118743629471331e-09
7.882548774020195069e-05,2.670044108592254425e-11,4.282856169784326468e-11,2.198271001460305075e-09
7.967706598699515438e-05,2.728571135567777220e-11,4.376735831808446681e-11,2.246456821887047147e-09
8.053784411990643833e-05,2.788381127090837578e-11,4.472673419801594793e-11,2.295698918377656444e-09
8.140792152839885219e-05,2.849502099062656384e-11,4.570713871963151859e-11,2.346020356616719710e-09
8.228739867567281738e-05,2.911962861867621068e-11,4.670903401524328840e-11,2.397444856684521638e-09
8.317637711026694132e-05,2.975792758891068265e-11,4.773289076505768832e-11,2.449996576951250990e-09
8.407495947778266098e-05,3.041021809606189141e-11,4.877919049115119639e-11,2.503700232929761170e-09
8.498324953273634806e-05,3.107680651397791684e-11,4.984842463290218443e-11,2.558581048540510939e-09
8.590135215053933636e-05,3.175800647921095909e-11,5.094109627226996892e-11,2.614664845983787946e-09
8.682937333960741657e-05,3.245413911128771630e-11,5.205772050013318086e-11,2.671978062889240707e-09
8.776742025360050297e-05,3.316553029308115936e-11,5.319882004290787311e-11,2.730547529806143403e-09
8.871560120379592810e-05,3.389251476357564102e-11,5.436493183570384608e-11,2.790400805921743041e-09
8.967402567159409141e-05,3.463543489660998845e-11,5.555660506154233273e-11,2.851566079420310812e-09
9.064280432115971449e-05,3.539463999388070193e-11,5.677440001396271352e-11,2.914072108436661460e-09
9.162204901219973287e-05,3.617048661534750197e-11,5.801888862559640145e-11,2.977948248734190634e-09
9.261187281287908482e-05,3.696333982091857352e-11,5.929065647081638027e-11,3.043224556276434280e-09
9.361239001287626729e-05,3.777357230890931023e-11,6.059030137190704043e-11,3.109931715589791896e-09
9.462371613657914705e-05,3.860156545433275112e-11,6.191843507026480463e-11,3.178101125511175660e-09
9.564596795642483508e-05,3.944770722521318051e-11,6.327567987701909130e-11,3.247764727801249024e-09
9.667926350638221501e-05,4.031239723992222615e-11,6.466267680050979555e-11,3.318955423617519883e-09
9.772372209558082511e-05,4.119604101794517246e-11,6.608007630932803980e-11,3.391706599405797513e-09
9.877946432208679895e-05,4.209905396339912422e-11,6.752854472579220401e-11,3.466052455888974640e-09
9.984661208682796502e-05,4.302186144052888926e-11,6.900876435329411286e-11,3.542028013819717457e-09
1.009252886076682817e-04,4.396489625125624507e-11,7.052142942389935179e-11,3.619668906015270063e-09
1.020156184336362698e-04,4.492860219769751801e-11,7.206725180973625159e-11,3.699011671178846342e-09
1.031177274593053005e-04,4.591343281116813762e-11,7.364695899592377801e-11,3.780093648723074513e-09
1.042317429393301584e-04,4.691985104664639739e-11,7.526129358339814013e-11,3.862952954456741083e-09
1.053577935031404340e-04,4.794832942044234549e-11,7.691101350348232967e-11,3.947628491004758960e-09
1.064960091697929003e-04,4.899935250777938471e-11,7.859689603016303458e-11,4.034160153493992400e-09
1.076465213629833225e-04,5.007341411303079382e-11,8.031973325145121705e-11,4.122588597817509903e-09
1.088094629262224421e-04,5.117101882404681523e-11,8.208033454303794722e-11,4.212955366868159112e-09
1.099849681381738866e-04,5.229268298383108663e-11,8.387952814006032581e-11,4.305302971618937016e-09
1.111731727281588711e-04,5.343893389117244503e-11,8.571815985317288213e-11,4.399674825129863897e-09
1.123742138918280554e-04,5.461031054672192775e-11,8.759709425827488334e-11,4.496115303656751797e-09
1.135882303070028768e-04,5.580736383507105159e-11,8.951721499655889600e-11,4.594669762281156075e-09
1.148153621496881042e-04,5.703065690400764835e-11,9.147942537635227778e-11,4.695384565084867842e-09
1.160557511102564021e-04,5.828076403474212174e-11,9.348464657108154320e-11,4.798306993432486640e-09
1.173095404098097678e-04,5.955827334732470316e-11,9.553382194555355167e-11,4.903485467612822796e-09
1.185768748167157426e-04,6.086378644892345379e-11,9.762791650470355483e-11,5.010969518618149341e-09
1.198579006633231661e-04,6.219791557119790820e-11,9.976791229343246548e-11,5.120809552066806385e-09
1.211527658628585051e-04,6.356128910281524051e-11,1.019548172672278211e-10,5.233057303425548155e-09
1.224616199265046940e-04,6.495454780666222986e-11,1.041896592353700504e-10,5.347765527581331512e-09
1.237846139806636936e-04,6.637834667793229457e-11,1.064734888404842801e-10,5.464988150799184679e-09
1.251219007844073076e-04,6.783335486241230020e-11,1.088073794154938842e-10,5.584780264318265102e-09
1.264736347471148617e-04,6.932025764513293185e-11,1.111924301847196669e-10,5.707198288466357443e-09
1.278399719463020406e-04,7.083975291804950162e-11,1.136297605961026838e-10,5.832299681117853982e-09
1.292210701456424700e-04,7.239255504010215857e-11,1.161205165070884528e-10,5.960143256045479553e-09
1.306170888131839933e-04,7.397939504949250931e-11,1.186658705335207122e-10,6.090789200503994911e-09
1.320281891397606471e-04,7.560101871677800099e-11,1.212670189218097992e-10,6.224298914371934921e-09
1.334545340576059999e-04,7.725818843493360905e-11,1.239251845808185066e-10,6.360735166016966004e-09
1.348962882591650634e-04,7.895168296888311164e-11,1.266416166736565022e-10,6.500162071781572853e-09
1.363536182161107369e-04,8.068229931180971459e-11,1.294175936164210968e-10,6.642645249134882140e-09
1.378266921985653575e-04,8.245085074890859197e-11,1.322544199486214609e-10,6.788251656248568786e-09
1.393156802945299004e-04,8.425816870215109074e-11,1.351534293005189060e-10,6.937049744931596039e-09
1.408207544295235697e-04,8.610510353054109262e-11,1.381159856892667917e-10,7.089109526080639909e-09
1.423420883864339142e-04,8.799252334260916291e-11,1.411434815860398376e-10,7.244502471667264826e-09
1.438798578255842437e-04,8.992131502582114189e-11,1.442373395977014331e-10,7.403301600051411300e-09
1.454342403050151754e-04,9.189238586663099412e-11,1.473990150503610139e-10,7.565581609053070294e-09
1.470054153009864371e-04,9.390666283282583668e-11,1.506299948310472788e-10,7.731418816580174663e-09
1.485935642287002794e-04,9.596509295455813219e-11,1.539317980174611843e-10,7.900891192322671179e-09
1.501988704632484792e-04,9.806864412371382664e-11,1.573059771479487441e-10,8.074078423854183432e-09
1.518215193607849647e-04,1.002183046915637250e-10,1.607541175708144437e-10,8.251061882875671005e-09
1.534616982799291316e-04,1.024150865347846225e-10,1.642778423794219133e-10,8.431924878333803681e-09
1.551195966033984148e-04,1.046600219663453071e-10,1.678788074474372016e-10,8.616752401240298585e-09
1.567954057598753442e-04,1.069541666807342472e-10,1.715587061476154882e-10,8.805631367913044845e-09
1.584893192461109040e-04,1.092985987334329299e-10,1.753192677224676559e-10,8.998650535639483143e-09
1.602015326492667953e-04,1.116944211397505783e-10,1.791622614552838391e-10,9.195900716720120883e-09
1.619322436694977405e-04,1.141427603844466619e-10,1.830894942680007443e-10,9.397474655382657443e-09
1.636816521427805532e-04,1.166447673525506999e-10,1.871028122301665986e-10,9.603467105280496072e-09
1.654499600639870445e-04,1.192016190506684025e-10,1.912041033029897116e-10,9.813974970270855522e-09
1.672373716102074884e-04,1.218145164096074187e-10,1.953952938312127905e-10,1.002909712412761061e-08
1.690440931643259477e-04,1.244846892306900538e-10,1.996783564595098776e-10,1.024893481735421655e-08
1.708703333388501703e-04,1.272133920121630311e-10,2.040553034564063643e-10,1.047359133397600569e-08
1.727163029999992817e-04,1.300019091761773733e-10,2.085281950842375932e-10,1.070317242158095225e-08
1.745822152920500870e-04,1.328515507193372392e-10,2.130991326282537396e-10,1.093778593324182090e-08
1.764682856619496530e-04,1.357636569138730654e-10,2.177702659397005751e-10,1.117754221500871631e-08
1.783747318841905646e-04,1.387395967986120463e-10,2.225437910127529656e-10,1.142255398086947225e-08
1.803017740859564201e-04,1.417807698967316113e-10,2.274219527337968237e-10,1.167293645483025679e-08
1.822496347725388361e-04,1.448886057006110115e-10,2.324070440650180520e-10,1.192880732804174397e-08
1.842185388530291905e-04,1.480645661321089538e-10,2.375014099921340102e-10,1.219028696231411696e-08
1.862087136662864302e-04,1.513101436374027398e-10,2.427074444541296840e-10,1.245749823164671954e-08
1.882203890071886411e-04,1.546268650657004549e-10,2.480275965762422976e-10,1.273056684307623527e-08
1.902537971531648847e-04,1.580162898768797798e-10,2.534643677933335873e-10,1.300962118808360670e-08
1.923091728910153518e-04,1.614800112286286961e-10,2.590203135978466173e-10,1.329479243300896091e-08
1.943867535440210509e-04,1.650196582883960671e-10,2.646980472311009164e-10,1.358621470845624157e-08
1.964867789993465037e-04,1.686368951258224652e-10,2.705002379370794127e-10,1.388402501876973244e-08
1.986094917357368280e-04,1.723334222013414856e-10,2.764296133122273856e-10,1.418836336446868452e-08
2.007551368515176921e-04,1.761109787669487928e-10,2.824889631868942483e-10,1.449937293957545825e-08
2.029239620928939406e-04,1.799713399467319447e-10,2.886811349362028368e-10,1.481719989163063500e-08
2.051162178825560517e-04,1.839163208775975730e-10,2.950090401037954109e-10,1.514199366240426778e-08
2.073321573485949415e-04,1.879477771924450274e-10,3.014756552025444349e-10,1.547390702794762074e-08
2.095720363537295074e-04,1.920676038344369847e-10,3.080840197938931174e-10,1.581309600047181874e-08
2.118361135248498627e-04,1.962777381674298275e-10,3.148372414909904481e-10,1.615972008493955458e-08
2.141246502828783788e-04,2.005801599209060584e-10,3.217384958522782892e-10,1.651394227418071653e-08
2.164379108729565574e-04,2.049768922682332065e-10,3.287910281277043904e-10,1.687592913757068299e-08
2.187761623949547500e-04,2.094700020105185476e-10,3.359981535500484726e-10,1.724585083687732947e-08
2.211396748343128860e-04,2.140616022349523450e-10,3.433632615966581254e-10,1.762388134464620972e-08
2.235287210932144825e-04,2.187538519479868003e-10,3.508898153945850232e-10,1.801019841326627388e-08
2.259435770220974361e-04,2.235489571651411859e-10,3.585813534824979829e-10,1.840498366647019893e-08
2.283845214515035189e-04,2.284491724750991307e-10,3.664414923105059584e-10,1.880842272611069006e-08
2.308518362242757401e-04,2.334568024821239678e-10,3.744739285515782944e-10,1.922070533242424674e-08
2.333458062280997531e-04,2.385742016097695510e-10,3.826824387980074408e-10,1.964202532709874913e-08
2.358667194283986036e-04,2.438037757484668702e-10,3.910708821903223215e-10,2.007258078938426100e-08
2.384148669015827163e-04,2.491479846394176315e-10,3.996432042498853085e-10,2.051257423168453103e-08
2.409905428686591597e-04,2.546093402145728938e-10,4.084034342168334663e-10,2.096221246366322883e-08
2.435940447292023019e-04,2.601904114621211156e-10,4.173556928478518188e-10,2.142170699243586087e-08
2.462256730956952641e-04,2.658938220266067765e-10,4.265041885748540147e-10,2.189127382480743960e-08
2.488857318282385392e-04,2.717222533486713056e-10,4.358532225342843956e-10,2.237113372614357618e-08
2.515745280696354510e-04,2.776784466377161459e-10,4.454071917315833010e-10,2.286151238285685709e-08
2.542923722808562996e-04,2.837652026987061790e-10,4.551705887673056548e-10,2.336264038721104328e-08
2.570395782768860422e-04,2.899853831303337590e-10,4.651480037647581595e-10,2.387475333750474566e-08
2.598164632629571371e-04,2.963419130490882001e-10,4.753441287207033796e-10,2.439809206101529445e-08
2.626233478711780130e-04,3.028377812358063319e-10,4.857637577617961747e-10,2.493290262658956301e-08
2.654605561975533694e-04,3.094760420781372675e-10,4.964117902427595775e-10,2.547943650474241627e-08
2.683284158394058476e-04,3.162598170156225398e-10,5.072932330752499247e-10,2.603795068629238355e-08
2.712272579332021104e-04,3.231922962832069750e-10,5.184132035277279867e-10,2.660870782596186067e-08
2.741574171927874484e-04,3.302767392887178612e-10,5.297769298150895418e-10,2.719197627363700309e-08
2.771192319480338465e-04,3.375164769088284534e-10,5.413897547951934649e-10,2.778803026344672840e-08
2.801130441839031924e-04,3.449149143250382767e-10,5.532571405132017619e-10,2.839715014690950119e-08
2.831391995799373350e-04,3.524755297926465503e-10,5.653846662285852704e-10,2.901962229166427746e-08
2.861980475501699510e-04,3.602018785301219786e-10,5.777780346550871691e-10,2.965573940210158533e-08
2.892899412834720393e-04,3.680975941615188483e-10,5.904430742616765021e-10,3.030580063734797177e-08
2.924152377843327222e-04,3.761663888576983174e-10,6.033857395254957706e-10,3.097011162418240805e-08
2.955742979140810992e-04,3.844120569139453624e-10,6.166121166380167728e-10,3.164898474966373981e-08
2.987674864325509986e-04,3.928384756372674814e-10,6.301284249599270170e-10,3.234273923613272824e-08
3.019951720402010392e-04,4.014496074656085218e-10,6.439410203931867031e-10,3.305170131455258472e-08
3.052577274206842023e-04,4.102495017069185759e-10,6.580563981896226786e-10,3.377620436789204796e-08
3.085555292838803578e-04,4.192422962187155223e-10,6.724811956356653325e-10,3.451658906940705958e-08
3.118889584093928295e-04,4.284322196338812815e-10,6.872221956250187954e-10,3.527320356640122019e-08
3.152583996905156116e-04,4.378235931814448007e-10,7.022863295823905783e-10,3.604640362914453123e-08
3.186642421786726478e-04,4.474208336859894128e-10,7.176806822642673161e-10,3.683655289878178033e-08
3.221068791283428863e-04,4.572284532345824629e-10,7.334124912390639088e-10,3.764402285922031854e-08
3.255867080424651493e-04,4.672510642589809011e-10,7.494891550285563669e-10,3.846919325599110850e-08
3.291041307183360429e-04,4.774933796280026452e-10,7.659182332631394759e-10,3.931245210362949822e-08
3.326595532940036185e-04,4.879602155874250671e-10,7.827074513866578609e-10,4.017419592783096240e-08
3.362533862951616647e-04,4.986564944618495408e-10,7.998647050071094490e-10,4.105482998796080781e-08
3.398860446825517851e-04,5.095872455295657077e-10,8.173980612817536153e-10,4.195476834847439664e-08
3.435579478998740215e-04,5.207576092725253313e-10,8.353157657432148740e-10,4.287443422993979573e-08
3.472695199222217426e-04,5.321728388098763877e-10,8.536262446109038563e-10,4.381426012615390544e-08
3.510211893050330469e-04,5.438383011405359966e-10,8.723381067552880591e-10,4.477468790671398054e-08
3.548133892335745632e-04,5.557594828142640841e-10,8.914601528249496812e-10,4.575616928385394293e-08
3.586465575729590031e-04,5.679419892211139953e-10,9.110013740830257074e-10,4.675916575448328690e-08
3.625211369187038399e-04,5.803915497429156534e-10,9.309709606847091722e-10,4.778414902317265500e-08
3.664375746478326840e-04,5.931140184664905360e-10,9.513783028128983478e-10,4.883160106196012788e-08
3.703963229705354568e-04,6.061153780730215180e-10,9.722329969321148939e-10,4.990201443022251645e-08
3.743978389823803140e-04,6.194017430293084367e-10,9.935448508840963866e-10,5.099589253723686139e-08
3.784425847170923914e-04,6.329793608783035412e-10,1.015323885974179296e-09,5.211374974855092329e-08
3.825310271999024601e-04,6.468546169758125834e-10,1.037580344564970036e-09,5.325611177575514083e-08
3.866636385014727575e-04,6.610340362606505766e-10,1.060324692916338285e-09,5.442351582279630954e-08
3.908408957924014025e-04,6.755242867043603857e-10,1.083567626717126945e-09,5.561651086948757592e-08
3.950632813983230140e-04,6.903321823923322962e-10,1.107320076034207874e-09,5.683565792538658526e-08
3.993312828555975079e-04,7.054646875313039338e-10,1.131593211721657794e-09,5.808153035921847321e-08
4.036453929676039887e-04,7.209289179912521201e-10,1.156398447922326594e-09,5.935471402695459274e-08
4.080061098616422815e-04,7.367321466451728406e-10,1.181747450608752810e-09,6.065580771010244671e-08
4.124139370464487728e-04,7.528818047697515530e-10,1.207652139845739999e-09,6.198542323227906052e-08
4.168693834703348007e-04,7.693854879535827066e-10,1.234124699250606753e-09,6.334418594439076602e-08
4.213729635799492198e-04,7.862509563920475327e-10,1.261177576490361537e-09,6.473273475024895358e-08
4.259251973796833023e-04,8.034861429067537767e-10,1.288823496119242845e-09,6.615172276552445542e-08
4.305266104917096796e-04,8.210991520546836843e-10,1.317075458167445672e-09,6.760181724535056758e-08
4.351777342166741371e-04,8.390982674317552353e-10,1.345946749849991507e-09,6.908370018499069410e-08
4.398791055950419956e-04,8.574919535584425948e-10,1.375450948593381161e-09,7.059806847581231735e-08
4.446312674691080789e-04,8.762888609202367450e-10,1.405601930115971653e-09,7.214563431937215688e-08
4.494347685456725984e-04,8.954978298206004589e-10,1.436413874613859476e-09,7.372712554544223335e-08
4.542901634594021985e-04,9.151278932906682326e-10,1.467901271427335032e-09,7.534328585101798905e-08
4.591980128368675996e-04,9.351882846317291255e-10,1.500078931133534650e-09,7.699487542128313107e-08
4.641588833612767017e-04,9.556884373095331373e-10,1.532961985384205853e-09,7.868267092168622044e-08
4.691733478379068361e-04,9.766379932730490358e-10,1.566565900247400452e-09,8.040746618185954503e-08
4.742419852602440251e-04,9.980468049084751709e-10,1.600906479342283302e-09,8.217007235712863557e-08
4.793653808768330994e-04,1.019924941091346545e-09,1.635999873536632191e-09,8.397131842617433738e-08
4.845441262588582416e-04,1.042282691415190049e-09,1.671862587746774087e-09,8.581205153988454736e-08
4.897788193684451214e-04,1.065130570847402157e-09,1.708511488396931776e-09,8.769313740428816115e-08
4.950700646277054378e-04,1.088479325737832844e-09,1.745963813055666241e-09,8.961546077539488409e-08
5.004184729885260367e-04,1.112339937043790751e-09,1.784237175611713672e-09,9.157992572436184675e-08
5.058246620031125801e-04,1.136723627034968012e-09,1.823349577032121567e-09,9.358745619007741205e-08
5.112892558952954625e-04,1.161641864504430995e-09,1.863319413709528878e-09,9.563899640779094864e-08
5.168128856326025845e-04,1.187106368978627374e-09,1.904165484225468709e-09,9.773551125557679514e-08
5.223961889991187140e-04,1.213129117657677763e-09,1.945907000483566714e-09,9.987798682634705760e-08
5.280398106691237391e-04,1.239722349545444256e-09,1.988563594331538798e-09,1.020674307672603320e-07
5.337444022815305200e-04,1.266898573192745192e-09,2.032155329978320239e-09,1.043048729178362647e-07
5.395106225151260256e-04,1.294670570661331823e-09,2.076702710352649377e-09,1.065913656355794887e-07
5.453391371646269239e-04,1.323051404231475850e-09,2.122226687869926337e-09,1.089279843486721685e-07
5.512306192175508166e-04,1.352054423742835048e-09,2.168748676196907158e-09,1.113158281601149693e-07
5.571857489319287067e-04,1.381693270100125354e-09,2.216290555886335706e-09,1.137560201370983270e-07
5.632052139148472063e-04,1.411981884861987747e-09,2.264874689747453759e-09,1.162497080993381165e-07
5.692897092018428182e-04,1.442934515101146251e-09,2.314523930649007064e-09,1.187980650197017484e-07
5.754399373371553396e-04,1.474565719024854526e-09,2.365261630529423490e-09,1.214022894876795704e-07
5.816566084548466763e-04,1.506890376109108446e-09,2.417111656650023666e-09,1.240636065421141278e-07
5.879404403607929814e-04,1.539923691066176760e-09,2.470098397978031322e-09,1.267832679995375702e-07
5.942921586155715859e-04,1.573681201614459954e-09,2.524246777621140199e-09,1.295625530926117766e-07
6.007124966182336148e-04,1.608178788244105157e-09,2.579582268513776344e-09,1.324027692748538868e-07
6.072021956909871149e-04,1.643432677269703990e-09,2.636130898305093641e-09,1.353052524719094715e-07
6.137620051647925401e-04,1.679459452390046087e-09,2.693919267906163086e-09,1.382713680330257279e-07
6.203926824658852288e-04,1.716276060876114981e-09,2.752974561400295908e-09,1.413025112403276302e-07
6.270949932032314879e-04,1.753899821584312610e-09,2.813324558925941550e-09,1.444001079692917641e-07
6.338697112569257643e-04,1.792348433521243508e-09,2.874997650379485002e-09,1.475656153928540586e-07
6.407176188675524310e-04,1.831639982901248947e-09,2.938022846773480518e-09,1.508005225638424778e-07
6.476395067265028642e-04,1.871792954548061018e-09,3.002429798483788566e-09,1.541063513519059720e-07
6.546361740672732889e-04,1.912826236197180754e-09,3.068248802187325334e-09,1.574846567995299167e-07
6.617084287577481650e-04,1.954759132663347070e-09,3.135510823571552466e-09,1.609370282871187873e-07
6.688570873934816894e-04,1.997611370502629055e-09,3.204247504809520493e-09,1.644650899177752754e-07
6.760829753919806676e-04,2.041403109040154094e-09,3.274491182254011970e-09,1.680705014241630639e-07
6.833869270880181361e-04,2.086154950826733732e-09,3.346274903207114247e-09,1.717549590304335516e-07
6.907697858299654842e-04,2.131887949871465578e-09,3.419632439134565821e-09,1.755201961295238271e-07
6.982324040771696388e-04,2.178623621575217893e-09,3.494598301585774495e-09,1.793679841010155247e-07
7.057756434983826835e-04,2.226383953910235718e-09,3.571207760137415447e-09,1.833001332317825056e-07
7.134003750712551890e-04,2.275191416750545037e-09,3.649496857353993908e-09,1.873184934837036688e-07
7.211074791828984585e-04,2.325068974076528740e-09,3.729502428366008784e-09,1.914249554989727931e-07
7.288978457315452861e-04,2.376040092346088308e-09,3.811262114297126375e-09,1.956214512886847070e-07
7.367723742292970864e-04,2.428128753710863320e-09,3.894814383464703263e-09,1.999099553221561869e-07
7.447319739059872100e-04,2.481359466296108677e-09,3.980198547873732566e-09,2.042924853715945447e-07
7.527775638141642398e-04,2.535757275400728784e-09,4.067454781165676820e-09,2.087711034355673572e-07
7.609100729352106639e-04,2.591347776744586224e-09,4.156624139888772229e-09,2.133479168288659421e-07
7.691304402866084178e-04,2.648157127210234452e-09,4.247748580714180111e-09,2.180250790672257663e-07
7.774396150303570412e-04,2.706212057784687049e-09,4.340870981200398245e-09,2.228047909327682406e-07
7.858385565825763263e-04,2.765539885919428777e-09,4.436035159615649148e-09,2.276893014917926776e-07
7.943282347242795792e-04,2.826168527886868524e-09,4.533285894763763195e-09,2.326809091113745937e-07
8.029096297133505623e-04,2.888126514044722114e-09,4.632668950464302646e-09,2.377819627171425086e-07
8.115837323977283463e-04,2.951442999398328695e-09,4.734231092498321810e-09,2.429948626619343201e-07
8.203515443298170940e-04,3.016147779209648578e-09,4.838020113636256693e-09,2.483220620115779395e-07
8.292140778821238114e-04,3.082271303468489850e-09,4.944084856869007944e-09,2.537660677358068297e-07
8.381723563641604955e-04,3.149844688845729796e-09,5.052475234562199648e-09,2.593294416927297665e-07
8.472274141405945237e-04,3.218899735721633067e-09,5.163242255779787158e-09,2.650148020304252820e-07
8.563802967506823054e-04,3.289468943595893139e-09,5.276438051003172623e-09,2.708248244562237657e-07
8.656320610289927001e-04,3.361585522797488921e-09,5.392115890910402717e-09,2.767622432001206741e-07
8.749837752274348393e-04,3.435283414088746987e-09,5.510330217821955779e-09,2.828298526290028463e-07
8.844365191385982665e-04,3.510597303657933106e-09,5.631136669753468237e-09,2.890305084813064391e-07
8.939913842204391149e-04,3.587562637214780866e-09,5.754592103022297024e-09,2.953671290272152664e-07
9.036494737222995274e-04,3.666215641159536610e-09,5.880754626200109833e-09,3.018426968114001711e-07
9.134119028122950155e-04,3.746593334049452898e-09,6.009683618518762165e-09,3.084602595973289418e-07
9.232797987060774531e-04,3.828733550049583860e-09,6.141439767468828411e-09,3.152229322981079332e-07
9.332543007969882351e-04,3.912674951563696253e-09,6.276085089072061585e-09,3.221338980158738657e-07
9.433365607876197058e-04,3.998457050652003357e-09,6.413682962231719310e-09,3.291964098050478069e-07
9.535277428227895190e-04,4.086120227169718754e-09,6.554298157828550051e-09,3.364137921667322654e-07
9.638290236239684811e-04,4.175705746918045120e-09,6.697996867832477580e-09,3.437894425419143395e-07
9.742415926251432254e-04,4.267255781984538044e-09,6.844846737941603594e-09,3.513268329866925396e-07
9.847666521101555714e-04,4.360813430020320246e-09,6.994916898485459512e-09,3.590295117591513524e-07
9.954054173515239877e-04,4.456422736223588398e-09,7.148277999698156660e-09,3.669011051291789513e-07
1.006159116750766566e-03,4.554128710955028936e-09,7.305002239975280487e-09,3.749453188294483469e-07
1.017028991980230279e-03,4.653977354450728080e-09,7.465163405509956089e-09,3.831659400889387229e-07
1.028016298126471512e-03,4.756015676387149781e-09,7.628836901677572883e-09,3.915668392444490233e-07
1.039122303835166841e-03,4.860291718816790290e-09,7.796099789828364663e-09,4.001519716285655174e-07
1.050348291457598717e-03,4.966854579685587200e-09,7.967030824997584421e-09,4.089253795061481531e-07
1.061695557198721711e-03,5.075754434127202838e-09,8.141710490084860369e-09,4.178911938274898110e-07
1.073165411266829893e-03,5.187042560017931350e-09,8.320221036824787519e-09,4.270536363316305084e-07
1.084759178024832750e-03,5.300771360650342164e-09,8.502646522162572314e-09,4.364170214138108852e-07
1.096478196143182982e-03,5.416994391569838089e-09,8.689072851309251692e-09,4.459857583346139631e-07
1.108323818754438413e-03,5.535766384149806528e-09,8.879587815542584809e-09,4.557643531606843875e-07
1.120297413609503117e-03,5.657143270507922455e-09,9.074281132191999348e-09,4.657574108168105846e-07
1.132400363235553818e-03,5.781182215036782787e-09,9.273244495188048746e-09,4.759696376807141104e-07
1.144634065095673269e-03,5.907941634415646233e-09,9.476571607197267258e-09,4.864058432319009261e-07
1.156999931750209241e-03,6.037481230770891406e-09,9.684358232777856564e-09,4.970709427802820056e-07
1.169499391019868887e-03,6.169862017309974253e-09,9.896702239528205552e-09,5.079699595782790532e-07
1.182133886150591416e-03,6.305146347688446634e-09,1.011370364516310217e-08,5.191080272369549629e-07
1.194904875980186063e-03,6.443397945878784013e-09,1.033546466544824442e-08,5.304903921864280608e-07
1.207813835106776989e-03,6.584681936280816065e-09,1.056208976249408855e-08,5.421224161541971226e-07
1.220862254059067479e-03,6.729064874491182002e-09,1.079368569409813380e-08,5.540095786980613720e-07
1.234051639468446409e-03,6.876614778866828829e-09,1.103036156438684182e-08,5.661574798056857709e-07
1.247383514242940894e-03,7.027401162243050103e-09,1.127222887469478826e-08,5.785718425052370314e-07
1.260859417743072147e-03,7.181495065403036623e-09,1.151940157722974541e-08,5.912585156207052424e-07
1.274480905959588959e-03,7.338969091194908531e-09,1.177199612982805170e-08,6.042234765816051177e-07
1.288249551693130624e-03,7.499897437658422801e-09,1.203013154907017184e-08,6.174728341494252341e-07
1.302166944735831233e-03,7.664355935340364533e-09,1.229392947014562047e-08,6.310128314905424384e-07
1.316234692054885731e-03,7.832422079824400608e-09,1.256351419902128638e-08,6.448498488532848297e-07
1.330454417978088784e-03,8.004175072527268508e-09,1.283901277789387355e-08,6.589904069278286578e-07
1.344827764381402186e-03,8.179695855438438847e-09,1.312055504090298702e-08,6.734411697057200378e-07
1.359356390878522624e-03,8.359067149536856286e-09,1.340827367575970666e-08,6.882089476428777691e-07
1.374041975012511808e-03,8.542373496917648367e-09,1.370230429132204846e-08,7.033007011273805266e-07
1.388886212449493094e-03,8.729701297700730880e-09,1.400278547678652690e-08,7.187235435188410924e-07
1.403890817174441481e-03,8.921138852386655653e-09,1.430985886963343220e-08,7.344847446348626818e-07
1.419057521689089975e-03,9.116776403769276470e-09,1.462366922286039807e-08,7.505917342020020485e-07
1.434388077211962717e-03,9.316706179714368868e-09,1.494436447360453106e-08,7.670521053781528191e-07
1.449884253880594524e-03,9.521022437005868792e-09,1.527209581345495968e-08,7.838736183611107249e-07
1.465547840955907979e-03,9.729821506933840940e-09,1.560701776160187340e-08,8.010642041431265497e-07
1.481380647028813363e-03,9.943201838434606268e-09,1.594928823402038544e-08,8.186319680616194343e-07
1.497384500229036403e-03,1.016126404906022829e-08,1.629906862522328585e-08,8.365851939960353950e-07
1.513561248436205925e-03,1.038411096817104577e-08,1.665652387756006266e-08,8.549323479235531461e-07
1.529912759493207283e-03,1.061184769064610970e-08,1.702182256735872000e-08,8.736820823410581413e-07
1.546440921421868763e-03,1.084458162299429205e-08,1.739513697888775202e-08,8.928432400612668396e-07
1.563147642640950411e-03,1.108242253530788872e-08,1.777664318770509481e-08,9.124248584904496595e-07
1.580034852186502047e-03,1.132548261586657863e-08,1.816652114822693360e-08,9.324361741232356655e-07
1.597104499934598508e-03,1.157387652269666169e-08,1.856495477644516182e-08,9.528866267878813489e-07
1.614358556826483992e-03,1.182772143637821779e-08,1.897213203462828032e-08,9.737858639940024427e-07
1.631799015096135246e-03,1.208713712008121227e-08,1.938824502761779708e-08,9.951437458744607032e-07
1.649427888500311270e-03,1.235224597338694877e-08,1.981349008916370818e-08,1.016970349617215203e-06
1.667247212551058958e-03,1.262317309247961354e-08,2.024806787847207253e-08,1.039275974420125198e-06
1.685259044750747094e-03,1.290004632747074051e-08,2.069218347215595728e-08,1.062071146211087924e-06
1.703465464829633479e-03,1.318299634667818922e-08,2.114604646734570809e-08,1.085366622939318946e-06
1.721868574986004869e-03,1.347215669608136597e-08,2.160987107705029731e-08,1.109173399470676376e-06
1.740470500128892982e-03,1.376766386495291497e-08,2.208387623543774556e-08,1.133502712990846565e-06
1.759273388123446360e-03,1.406965734961454415e-08,2.256828570010106566e-08,1.158366048253970627e-06
1.778279410038919066e-03,1.437827972170573503e-08,2.306332816156377718e-08,1.183775143203564397e-06
1.797490760399356440e-03,1.469367669420267020e-08,2.356923734917959189e-08,1.209741994407618207e-06
1.816909657436985509e-03,1.501599719334894446e-08,2.408625214650106726e-08,1.236278862979635007e-06
1.836538343348340834e-03,1.534539342853188042e-08,2.461461670338264026e-08,1.263398280332948698e-06
1.856379084553164398e-03,1.568202096434025486e-08,2.515458055154465761e-08,1.291113054111748143e-06
1.876434171956081927e-03,1.602603879788450527e-08,2.570639872861379046e-08,1.319436274557353077e-06
1.896705921211142357e-03,1.637760943118041838e-08,2.627033189421565955e-08,1.348381320467131767e-06
1.917196672989180577e-03,1.673689895178051583e-08,2.684664645932364841e-08,1.377961865832673437e-06
1.937908793248085395e-03,1.710407711137857268e-08,2.743561471233686901e-08,1.408191886311346572e-06
1.958844673505984006e-03,1.747931740701657524e-08,2.803751494933437709e-08,1.439085665911578236e-06
1.980006731117382214e-03,1.786279716529457274e-08,2.865263160916502908e-08,1.470657803925605298e-06
2.001397409552267779e-03,1.825469762414252008e-08,2.928125540459137978e-08,1.502923221661858944e-06
2.023019178678267527e-03,1.865520402540664354e-08,2.992368347082941003e-08,1.535897170066955082e-06
2.044874535045815289e-03,1.906450569856548874e-08,3.058021949980802993e-08,1.569595236618067927e-06
2.066966002176417842e-03,1.948279615412456095e-08,3.125117388999272980e-08,1.604033353011890421e-06
2.089296130854033807e-03,1.991027317707666663e-08,3.193686389628951063e-08,1.639227802858478019e-06
2.111867499419601939e-03,2.034713891982047808e-08,3.263761377909741406e-08,1.675195229331132519e-06
2.134682714068734857e-03,2.079360000210820445e-08,3.335375496462174997e-08,1.711952643395247099e-06
2.157744409152662340e-03,2.124986760830561053e-08,3.408562620089053760e-08,1.749517431814856876e-06
2.181055247482393405e-03,2.171615758950151761e-08,3.483357372154093876e-08,1.787907365559058048e-06
2.204617920636179999e-03,2.219269056871090029e-08,3.559795141456162787e-08,1.827140608462953027e-06
2.228435149270297476e-03,2.267969204614987514e-08,3.637912099116083390e-08,1.867235725895003798e-06
2.252509683433187408e-03,2.317739250821270645e-08,3.717745216057948818e-08,1.908211693728296463e-06
2.276844302882992215e-03,2.368602753823401007e-08,3.799332280774438101e-08,1.950087907458992376e-06
2.301441817408504155e-03,2.420583793119900420e-08,3.882711917727642790e-08,1.992884191650398852e-06
2.326305067153621071e-03,2.473706980970250516e-08,3.967923605948584335e-08,2.036620809479181049e-06
2.351436922945265937e-03,2.527997474189838110e-08,4.055007697957894607e-08,2.081318472445686258e-06
2.376840286624870395e-03,2.583480986516179959e-08,4.144005439600940607e-08,2.126998350554794588e-06
2.402518091383433994e-03,2.640183800844586652e-08,4.234958989674312392e-08,2.173682082388339250e-06
2.428473302100209869e-03,2.698132782099855272e-08,4.327911440572305424e-08,2.221391785702646207e-06
2.454708915685025958e-03,2.757355390186388709e-08,4.422906839060395003e-08,2.270150068089031227e-06
2.481227961424347164e-03,2.817879693320502844e-08,4.519990207659799967e-08,2.319980037950042028e-06
2.508033501331033768e-03,2.879734381658945141e-08,4.619207566508287359e-08,2.370905315719266860e-06
2.535128630497901058e-03,2.942948781172992898e-08,4.720605955615399308e-08,2.422950045282704742e-06
2.562516477455093183e-03,3.007552868032286655e-08,4.824233457934093284e-08,2.476138905820951414e-06
2.590200204531320233e-03,3.073577282986529491e-08,4.930139222429413759e-08,2.530497123648019169e-06
2.618183008218981107e-03,3.141053346407374375e-08,5.038373488207105833e-08,2.586050484595684875e-06
2.646468119543268424e-03,3.210013073493297866e-08,5.148987608901281970e-08,2.642825346529285227e-06
2.675058804435223418e-03,3.280489189922737217e-08,5.262034077784643573e-08,2.700848652235803307e-06
2.703958364108837061e-03,3.352515147655203468e-08,5.377566553112815856e-08,2.760147942430811653e-06
2.733170135442226055e-03,3.426125141517813784e-08,5.495639884729058461e-08,2.820751369413190552e-06
2.762697491362922295e-03,3.501354125591808213e-08,5.616310140351304991e-08,2.882687710556162725e-06
2.792543841237333895e-03,3.578237830655208659e-08,5.739634633548553488e-08,2.945986382665574968e-06
2.822712631264384740e-03,3.656812781225078772e-08,5.865671951078075941e-08,3.010677456010494943e-06
2.853207344873460484e-03,3.737116313863504709e-08,5.994481982249355935e-08,3.076791669392980596e-06
2.884031503126598985e-03,3.819186595189221362e-08,6.126125947814400566e-08,3.144360444976020815e-06
2.915188665125056575e-03,3.903062640766329295e-08,6.260666430267932063e-08,3.213415903833273955e-06
2.946682428420256683e-03,3.988784334113093813e-08,6.398167404335285893e-08,3.283990881597690674e-06
2.978516429429185416e-03,4.076392446458594061e-08,6.538694268665210581e-08,3.356118944725672230e-06
3.010694343854247983e-03,4.165928656550180858e-08,6.682313877601693720e-08,3.429834406803342825e-06
3.043219887107715630e-03,4.257435571523202524e-08,6.829094574658389058e-08,3.505172345726689758e-06
3.076096814740701072e-03,4.350956747556146160e-08,6.979106225650251995e-08,3.582168620705649461e-06
3.109328922876798598e-03,4.446536711527655454e-08,7.132420253434977077e-08,3.660859890092562435e-06
3.142920048650403152e-03,4.544220982930762609e-08,7.289109673060542797e-08,3.741283629422395303e-06
3.176874070649766523e-03,4.644056096513752126e-08,7.449249128084513973e-08,3.823478150051023195e-06
3.211194909364817503e-03,4.746089625089242676e-08,7.612914927159733348e-08,3.907482617932123558e-06
3.245886527639873110e-03,4.850370203286788902e-08,7.780185082134893228e-08,3.993337073170784361e-06
3.280952931131183182e-03,4.956947551472115112e-08,7.951139346420813423e-08,4.081082449713665866e-06
3.316398168769449286e-03,5.065872500640590393e-08,8.125859254922001655e-08,4.170760595841927291e-06
3.352226333227333564e-03,5.177197017574146185e-08,8.304428164388311878e-08,4.262414294880806290e-06
3.388441561392015189e-03,5.290974230636535752e-08,8.486931294792146401e-08,4.356087286433885362e-06
3.425048034842863819e-03,5.407258456319635934e-08,8.673455771908671128e-08,4.451824288236259829e-06
3.462049980334238729e-03,5.526105226367169933e-08,8.864090670824588011e-08,4.549671018483335994e-06
3.499451670283565408e-03,5.647571315373334998e-08,9.058927060206808551e-08,4.649674218549077249e-06
3.537257423264624986e-03,5.771714769335171354e-08,9.258058048101207625e-08,4.751881676491168362e-06
3.575471604506203979e-03,5.898594934513657420e-08,9.461578828227657874e-08,4.856342250808764148e-06
3.614098626396122088e-03,6.028272487438355104e-08,9.669586728107649002e-08,4.963105895142040506e-06
3.653142948990716152e-03,6.160809465113934805e-08,9.882181257517764611e-08,5.072223683138154408e-06
3.692609080529789777e-03,6.296269296319785192e-08,1.009946415869477553e-07,5.183747834216884167e-06
3.732501577957198207e-03,6.434716833598342814e-08,1.032153945764603702e-07,5.297731739902006392e-06
3.772825047446985627e-03,6.576218385730834921e-08,1.054851351624174903e-07,5.414229990555670898e-06
3.813584144935243999e-03,6.720841751535814441e-08,1.078049508643041431e-07,5.533298403200586144e-06
3.854783576657706910e-03,6.868656253818329175e-08,1.101759536469276421e-07,5.654994049465722405e-06
3.896428099693163838e-03,7.019732774689115179e-08,1.125992804869580217e-07,5.779375284660411908e-06
3.938522522512703100e-03,7.174143791404355408e-08,1.150760939478141159e-07,5.906501777276419988e-06
3.981071705534964741e-03,7.331963413108292113e-08,1.176075827690216189e-07,6.036434539233430802e-06
4.024080561687318376e-03,7.493267418841487768e-08,1.201949624758908168e-07,6.169235957166512321e-06
4.067554056973140750e-03,7.658133295713504364e-08,1.228394759918127237e-07,6.304969823847860601e-06
4.111497211045211236e-03,7.826640278806206011e-08,1.255423942783183770e-07,6.443701371033467780e-06
4.155915097785305504e-03,7.998869391484566438e-08,1.283050169816940218e-07,6.585497302646053676e-06
4.200812845890060203e-03,8.174903486977493874e-08,1.311286730999365081e-07,6.730425829001293803e-06
4.246195639463120827e-03,8.354827290842132471e-08,1.340147216639072229e-07,6.878556701763451168e-06
4.292068718613772232e-03,8.538727444522412502e-08,1.369645524360281548e-07,7.029961249799721886e-06
4.338437380061951204e-03,8.726692549933725388e-08,1.399795866254249287e-07,7.184712415879800249e-06
4.385306977749844903e-03,8.918813215267518076e-08,1.430612776226637252e-07,7.342884794379878326e-06
4.432682923460075190e-03,9.115182101661784053e-08,1.462111117483583110e-07,7.504554669698576763e-06
4.480570687440578979e-03,9.315893971315210844e-08,1.494306090249299209e-07,7.669800055861064595e-06
4.528975799036199373e-03,9.521045736538459616e-08,1.527213239634215627e-07,7.838700736895142020e-06
4.577903847327172322e-03,9.730736510300166771e-08,1.560848463742624689e-07,8.011338308435991899e-06
4.627360481774439420e-03,9.945067657644436555e-08,1.595228021920350894e-07,8.187796220050362920e-06
4.677351412871969850e-03,1.016414284882707205e-07,1.630368543277909832e-07,8.368159818972858334e-06
4.727882412806116638e-03,1.038806811337115323e-07,1.666287035361317115e-07,8.552516394600395407e-06
4.778959316122112153e-03,1.061695189576799635e-07,1.703000893086487093e-07,8.740955224339415453e-06
4.830588020397718479e-03,1.085090511236596325e-07,1.740527907864737802e-07,8.933567620432673924e-06
4.882774486924236490e-03,1.109004120996193392e-07,1.778886277000905806e-07,9.130446978184920652e-06
4.935524741394794676e-03,1.133447622540565976e-07,1.818094613254041329e-07,9.331688825023463200e-06
4.988844874600109440e-03,1.158432884719863454e-07,1.858171954718218046e-07,9.537390871200007318e-06
5.042741043131756737e-03,1.183972047836600037e-07,1.899137774907337798e-07,9.747653061539462318e-06
5.097219470093041806e-03,1.210077530103937011e-07,1.941011993114480385e-07,9.962577628596769303e-06
5.152286445817556328e-03,1.236762034247779939e-07,1.983814985001856225e-07,1.018226914699843204e-05
5.207948328595453369e-03,1.264038554322023216e-07,2.027567593532829299e-07,1.040683458953581699e-05
5.264211545407660418e-03,1.291920382632021098e-07,2.072291140077272423e-07,1.063638338415152763e-05
5.321082592667929038e-03,1.320421116907183019e-07,2.118007435916718359e-07,1.087102747297350629e-05
5.378568036972956184e-03,1.349554667592537081e-07,2.164738793940339777e-07,1.111088137232928361e-05
5.436674515860589335e-03,1.379335265379044323e-07,2.212508040723768518e-07,1.135606223472491579e-05
5.495408738576236865e-03,1.409777468891379346e-07,2.261338528860619732e-07,1.160668991211949265e-05
5.554777486847515752e-03,1.440896172615221393e-07,2.311254149678096212e-07,1.186288702116920901e-05
5.614787615667352592e-03,1.472706614972400344e-07,2.362279346189889551e-07,1.212477900969081966e-05
5.675446054085458124e-03,1.505224386669178266e-07,2.414439126487086791e-07,1.239249422536916412e-05
5.736759806008398174e-03,1.538465439217274866e-07,2.467759077406166172e-07,1.266616398588897894e-05
5.798735951008294857e-03,1.572446093690288697e-07,2.522265378574579779e-07,1.294592265100146040e-05
5.861381645140279449e-03,1.607183049733641935e-07,2.577984816863120333e-07,1.323190769667817891e-05
5.924704121768720362e-03,1.642693394778002069e-07,2.634944801164544151e-07,1.352425979093860852e-05
5.988710692402485561e-03,1.678994613520719360e-07,2.693173377602110713e-07,1.382312287188329983e-05
6.053408747539122323e-03,1.716104597620885759e-07,2.752699245080679822e-07,1.412864422748295039e-05
6.118805757518204144e-03,1.754041655721634137e-07,2.813551771363116364e-07,1.444097457806318802e-05
6.184909273383897704e-03,1.792824523677353856e-07,2.875761009474802278e-07,1.476026816047187323e-05
6.251726927756838352e-03,1.832472375065497759e-07,2.939357714565125450e-07,1.508668281459011306e-05
6.319266435715439022e-03,1.873004832018011740e-07,3.004373361281403951e-07,1.542038007247205518e-05
6.387535595686663799e-03,1.914441976287815446e-07,3.070840161519863814e-07,1.576152524941833454e-05
6.456542290346541091e-03,1.956804360670005800e-07,3.138791082745800193e-07,1.611028753796885465e-05
6.526294487530286299e-03,2.000113020701818285e-07,3.208259866760479045e-07,1.646684010418741984e-05
6.596800241152318486e-03,2.044389486672771158e-07,3.279281048965997305e-07,1.683136018649956871e-05
6.668067692136201395e-03,2.089655795993083164e-07,3.351889978204631519e-07,1.720402919747723009e-05
6.740105069354644131e-03,2.135934505873618320e-07,3.426122837097786087e-07,1.758503282818642968e-05
6.812920690579600536e-03,2.183248706387764202e-07,3.502016662997875198e-07,1.797456115567699070e-05
6.886522963442746545e-03,2.231622033836523688e-07,3.579609369426179860e-07,1.837280875296614703e-05
6.960920386406217568e-03,2.281078684550369960e-07,3.658939768211669694e-07,1.877997480261641176e-05
7.036121549743892985e-03,2.331643429037858810e-07,3.740047592185642447e-07,1.919626321316365077e-05
7.112135136533269397e-03,2.383341626528756851e-07,3.822973518509695343e-07,1.962188273879418484e-05
7.188969923658061409e-03,2.436199239926001574e-07,3.907759192658851000e-07,2.005704710238065869e-05
7.266634782821572436e-03,2.490242851205502272e-07,3.994447253123557039e-07,2.050197512220498677e-05
7.345138681571134788e-03,2.545499677203955385e-07,4.083081356733730273e-07,2.095689084187172667e-05
7.424490684333500193e-03,2.601997585891877896e-07,4.173706204761375057e-07,2.142202366421300710e-05
7.504699953461467857e-03,2.659765113082289893e-07,4.266367569721790466e-07,2.189760848877696434e-05
7.585775750291815986e-03,2.718831479663249951e-07,4.361112323015035228e-07,2.238388585362441186e-05
7.667727436214658195e-03,2.779226609238132586e-07,4.457988463221709181e-07,2.288110208048084462e-05
7.750564473754366183e-03,2.840981146366659593e-07,4.557045145362011317e-07,2.338950942482780757e-05
7.834296427662102921e-03,2.904126475272613713e-07,4.658332710903506653e-07,2.390936622983407455e-05
7.918932966020293326e-03,2.968694739130031867e-07,4.761902718696931513e-07,2.444093708504478074e-05
8.004483861358898875e-03,3.034718859858966526e-07,4.867807976729094972e-07,2.498449298926041701e-05
8.090958991783801443e-03,3.102232558570000731e-07,4.976102574916573621e-07,2.554031151875331778e-05
8.178368342117384865e-03,3.171270376554866966e-07,5.086841918775471326e-07,2.610867699997438573e-05
8.266722005051442557e-03,3.241867696908697963e-07,5.200082764103939766e-07,2.668988068745440181e-05
8.356030182312464138e-03,3.314060766814159642e-07,5.315883252726800455e-07,2.728422094714978537e-05
8.446303185839667063e-03,3.387886720444127748e-07,5.434302949232169408e-07,2.789200344487443800e-05
8.537551438975598053e-03,3.463383602578711833e-07,5.555402878853797624e-07,2.851354134060700443e-05
8.629785477669680779e-03,3.540590392955404792e-07,5.679245566529597284e-07,2.914915548882644988e-05
8.723015951694737535e-03,3.619547031260166870e-07,5.805895076987968325e-07,2.979917464411898780e-05
8.817253625876689607e-03,3.700294442987330954e-07,5.935417056228007711e-07,3.046393567392919848e-05
8.912509381337439807e-03,3.782874565977670502e-07,6.067878774087309022e-07,3.114378377688851416e-05
9.008794216751360440e-03,3.867330377849498011e-07,6.203349168242314974e-07,3.183907270848676475e-05
9.106119249615180281e-03,3.953705924237838741e-07,6.341898889504766942e-07,3.255016501338863958e-05
9.204495717531688617e-03,4.042046347857276220e-07,6.483600348439505757e-07,3.327743226452298378e-05
9.303934979507273717e-03,4.132397918532408478e-07,6.628527763534025218e-07,3.402125531012786190e-05
9.404448517263488266e-03,4.224808064124625554e-07,6.776757210806052500e-07,3.478202452816700702e-05
9.506047936562799644e-03,4.319325402403884065e-07,6.928366674926951187e-07,3.556014008851541192e-05
9.608744968548580540e-03,4.415999773948147685e-07,7.083436101993071383e-07,3.635601222359328104e-05
9.712551471099738903e-03,4.514882276060904571e-07,7.242047453930778618e-07,3.717006150737311326e-05
9.817479430199818960e-03,4.616025297753840379e-07,7.404284764609470687e-07,3.800271914314277424e-05
9.923540961320977474e-03,4.719482555851776983e-07,7.570234197754958795e-07,3.885442726049435002e-05
1.003074831082288558e-02,4.825309132201990758e-07,7.739984106634352456e-07,3.972563922139482016e-05
1.013911385736677821e-02,4.933561512160211213e-07,7.913625095788624313e-07,4.061681993675079810e-05
1.024865011334467196e-02,5.044297624202915625e-07,8.091250084571927997e-07,4.152844619223333407e-05
1.035936972632421627e-02,5.157576880903747477e-07,8.272954372878915378e-07,4.246100698531686481e-05
1.047128548050896973e-02,5.273460221177104645e-07,8.458835708904477612e-07,4.341500387273401236e-05
1.058441029821453883e-02,5.392010153923028200e-07,8.648994359151545505e-07,4.439095132945144041e-05
1.069875724136065166e-02,5.513290803119010881e-07,8.843533180759532525e-07,4.538937711953852747e-05
1.081433951297936479e-02,5.637367954326569765e-07,9.042557696102052119e-07,4.641082267866528750e-05
1.093117045873947049e-02,5.764309102785181969e-07,9.246176169931004552e-07,4.745584350964806057e-05
1.104926356848756792e-02,5.894183503097495627e-07,9.454499689072915878e-07,4.852500959107591296e-05
1.116863247780558455e-02,6.027062220511533604e-07,9.667642244686987255e-07,4.961890579906179930e-05
1.128929096958522504e-02,6.163018183995595862e-07,9.885720817398578641e-07,5.073813234372839131e-05
1.141125297561940664e-02,6.302126241010655022e-07,1.010885546515565461e-06,5.188330521964614519e-05
1.153453257821090636e-02,6.444463214203299610e-07,1.033716941416559252e-06,5.305505667205478440e-05
1.165914401179829821e-02,6.590107959965574979e-07,1.057078915282684191e-06,5.425403567842865558e-05
1.178510166459963843e-02,6.739141429002301840e-07,1.080984452888020486e-06,5.548090844653859999e-05
1.191242008027372165e-02,6.891646728988353303e-07,1.105446884991296279e-06,5.673635892969050110e-05
1.204111395959937998e-02,7.047709189338539024e-07,1.130479898725109486e-06,5.802108935932272894e-05
1.217119816217289777e-02,7.207416428234059239e-07,1.156097548347153524e-06,5.933582079614896425e-05
1.230268770812377802e-02,7.370858421957132054e-07,1.182314266361648943e-06,6.068129370026461986e-05
1.243559777984905301e-02,7.538127576664857506e-07,1.209144875032057486e-06,6.205826852130060748e-05
1.256994372376622933e-02,7.709318802625478401e-07,1.236604598288735002e-06,6.346752630880465103e-05
1.270574105208538938e-02,7.884529591105599114e-07,1.264709074061835340e-06,6.490986934440772503e-05
1.284300544460021017e-02,8.063860093939075749e-07,1.293474367044343088e-06,6.638612179602198246e-05
1.298175275049845596e-02,8.247413205921701394e-07,1.322916981908356595e-06,6.789713039525377555e-05
1.312199899019199194e-02,8.435294650133351591e-07,1.353053876990979196e-06,6.944376513886962702e-05
1.326376035716660649e-02,8.627613066340964384e-07,1.383902478474312920e-06,7.102692001556921498e-05
1.340705321985168584e-02,8.824480102532272741e-07,1.415480695067711178e-06,7.264751375847960403e-05
1.355189412351033226e-02,9.026010509749892842e-07,1.447806933219341495e-06,7.430649062475903031e-05
1.369829979214966936e-02,9.232322240415900689e-07,1.480900112887677468e-06,7.600482120387326665e-05
1.384628713045188593e-02,9.443536550188820910e-07,1.514779683879550519e-06,7.774350325488728439e-05
1.399587322572613986e-02,9.659778103528295839e-07,1.549465642782961507e-06,7.952356257420966051e-05
1.414707534988156323e-02,9.881175083194090268e-07,1.584978550530931028e-06,8.134605389565240303e-05
1.429991096142144841e-02,1.010785930373221689e-06,1.621339550604906614e-06,8.321206182323556580e-05
1.445439770745924647e-02,1.033996632919328301e-06,1.658570387916995469e-06,8.512270179874973156e-05
1.461055342575608498e-02,1.057763559521920642e-06,1.696693428392943536e-06,8.707912110519447379e-05
1.476839614678041902e-02,1.082101053569725044e-06,1.735731679287643490e-06,8.908249990772026624e-05
1.492794409578991968e-02,1.107023871417564832e-06,1.775708810264470561e-06,9.113405233367410886e-05
1.508921569493584282e-02,1.132547196023681195e-06,1.816649175269776900e-06,9.323502759334968118e-05
1.525222956539016433e-02,1.158686651100453431e-06,1.858577835230895297e-06,9.538671114289313288e-05
1.541700452949556523e-02,1.185458315808343028e-06,1.901520581625484849e-06,9.759042589181018696e-05
1.558355961293889785e-02,1.212878740009201981e-06,1.945503960948098181e-06,9.984753345639629297e-05
1.575191404694788189e-02,1.240964960104398090e-06,1.990555300114775614e-06,1.021594354611778680e-04
1.592208727051165965e-02,1.269734515482661021e-06,2.036702732845676931e-06,1.045275748904070726e-04
1.609409893262530103e-02,1.299205465609716138e-06,2.083975227077097257e-06,1.069534374922397052e-04
1.626796889455861192e-02,1.329396407776955710e-06,2.132402613430627486e-06,1.094385532370086863e-04
1.644371723214928596e-02,1.360326495546157947e-06,2.182015614798718742e-06,1.119844978326272174e-04
1.662136423812112657e-02,1.392015457917266833e-06,2.232845877090116588e-06,1.145928942993384980e-04
1.680093042442702689e-02,1.424483619251757945e-06,2.284926001187171530e-06,1.172654146064747995e-04
1.698243652461739819e-02,1.457751919982886881e-06,2.338289576165381072e-06,1.200037813737912546e-04
1.716590349623417847e-02,1.491841938151285099e-06,2.392971213836736282e-06,1.228097696405292417e-04
1.735135252323070226e-02,1.526775911798669385e-06,2.449006584669527380e-06,1.256852087048907450e-04
1.753880501841758102e-02,1.562576762257825884e-06,2.506432455145726873e-06,1.286319840370515053e-04
1.772828262593531545e-02,1.599268118383201784e-06,2.565286726627147587e-06,1.316520392693475996e-04
1.791980722375329654e-02,1.636874341757891349e-06,2.625608475787706168e-06,1.347473782665611973e-04
1.811340092619597927e-02,1.675420552924998830e-06,2.687437996688798370e-06,1.379200672802439109e-04
1.830908608649629843e-02,1.714932658688219323e-06,2.750816844569675501e-06,1.411722371907402301e-04
1.850688529937668386e-02,1.755437380530521325e-06,2.815787881431289463e-06,1.445060858409255155e-04
1.870682140365797705e-02,1.796962284200117773e-06,2.882395323492413925e-06,1.479238804656770375e-04
1.890891748489637730e-02,1.839535810516458660e-06,2.950684790602701702e-06,1.514279602213984999e-04
1.911319687804922257e-02,1.883187307455397565e-06,3.020703357707522748e-06,1.550207388204441310e-04
1.931968317016919193e-02,1.927947063568719880e-06,3.092499608453096021e-06,1.587047072749556338e-04
1.952840020312783531e-02,1.973846342798798896e-06,3.166123691029409116e-06,1.624824367550855555e-04
1.973937207636845131e-02,2.020917420755911345e-06,3.241627376359204022e-06,1.663565815671366971e-04
1.995262314968876405e-02,2.069193622522852658e-06,3.319064118736762154e-06,1.703298822569058123e-04
2.016817804605348236e-02,2.118709362057956125e-06,3.398489119030488707e-06,1.744051688440454698e-04
2.038606165443757404e-02,2.169500183275901150e-06,3.479959390576654100e-06,1.785853641939463615e-04
2.060629913269995325e-02,2.221602802870995338e-06,3.563533827868035817e-06,1.828734875324193110e-04
2.082891591048833049e-02,2.275055154986630107e-06,3.649273278203787014e-06,1.872726581116718940e-04
2.105393769217545410e-02,2.329896437793614408e-06,3.737240616401135253e-06,1.917860990326940697e-04
2.128139045982709032e-02,2.386167162083483793e-06,3.827500822739037946e-06,1.964171412327349255e-04
2.151130047620188404e-02,2.443909201966836266e-06,3.920121064278275868e-06,2.011692276452306126e-04
2.174369428778401281e-02,2.503165847780156636e-06,4.015170779723903256e-06,2.060459175406403594e-04
2.197859872784820034e-02,2.563981861293659217e-06,4.112721767978491086e-06,2.110508910557463936e-04
2.221604091955805757e-02,2.626403533348796274e-06,4.212848280592493977e-06,2.161879539219388176e-04
2.245604827909786563e-02,2.690478744029749370e-06,4.315627118279077166e-06,2.214610424010026032e-04
2.269864851883814788e-02,2.756257025487913894e-06,4.421137731684227792e-06,2.268742284381209957e-04
2.294386965053553037e-02,2.823789627561374612e-06,4.529462326640031147e-06,2.324317250437080260e-04
2.319173998856694299e-02,2.893129586308062336e-06,4.640685974091327555e-06,2.381378919137411060e-04
2.344228815319917072e-02,2.964331795606661483e-06,4.754896724942986926e-06,2.439972413011860927e-04
2.369554307389331801e-02,3.037453081966698040e-06,4.872185730054635560e-06,2.500144441500519238e-04
2.395153399264519228e-02,3.112552282708150012e-06,4.992647365639908867e-06,2.561943365051577303e-04
2.421029046736170726e-02,3.189690327675172813e-06,5.116379364334367045e-06,2.625419262110425742e-04
2.447184237527382997e-02,3.268930324656026641e-06,5.243482952207987941e-06,2.690623999140534040e-04
2.473621991638616860e-02,3.350337648692545269e-06,5.374062992016326919e-06,2.757611303825609943e-04
2.500345361696425933e-02,3.433980035473502181e-06,5.508228133002124711e-06,2.826436841611529804e-04
2.527357433305911505e-02,3.519927679010270373e-06,5.646090967565482567e-06,2.897158295749683579e-04
2.554661325407003511e-02,3.608253333811913533e-06,5.787768195150932611e-06,2.969835451018744583e-04
2.582260190634588434e-02,3.699032421777384231e-06,5.933380793700585094e-06,3.044530281302126710e-04
2.610157215682533047e-02,3.792343144051774789e-06,6.083054199069294731e-06,3.121307041222339158e-04
2.638355621671614054e-02,3.888266598085350285e-06,6.236918492784880325e-06,3.200232362026554254e-04
2.666858664521474381e-02,3.986886900158621550e-06,6.395108598575586031e-06,3.281375351937681475e-04
2.695669635326545729e-02,4.088291313659264835e-06,6.557764488123128158e-06,3.364807701203589266e-04
2.724791860736059529e-02,4.192570383385511932e-06,6.725031396481951532e-06,3.450603792067813251e-04
2.754228703338158432e-02,4.299818076197166222e-06,6.897060047679627068e-06,3.538840813922978514e-04
2.783983562048154489e-02,4.410131928325955342e-06,7.074006890998420348e-06,3.629598883900327002e-04
2.814059872500989518e-02,4.523613199694230218e-06,7.256034348497836992e-06,3.722961173179060285e-04
2.844461107447910156e-02,4.640367035597006217e-06,7.443311074347434806e-06,3.819014039303880812e-04
2.875190777157477298e-02,4.760502636118605178e-06,7.636012226565389746e-06,3.917847164812165886e-04
2.906252429820858213e-02,4.884133433695642755e-06,7.834319751823259982e-06,4.019553702505236636e-04
2.937649651961522779e-02,5.011377279237512540e-06,8.038422683976278525e-06,4.124230427697281125e-04
2.969386068849358754e-02,5.142356637247850550e-06,8.248517457030510127e-06,4.231977897801652514e-04
3.001465344919269571e-02,5.277198790417107092e-06,8.464808233300936773e-06,4.342900619635886019e-04
3.033891184194265067e-02,5.416036054182520383e-06,8.687507247556373560e-06,4.457107224847683415e-04
3.066667330713176293e-02,5.559006001762413203e-06,8.916835167964281891e-06,4.574710653872441062e-04
3.099797568962939925e-02,5.706251700232577909e-06,9.153021474746087842e-06,4.695828348882340859e-04
3.133285724315577198e-02,5.857921958203622157e-06,9.396304857439361364e-06,4.820582456179135387e-04
3.167135663469889534e-02,6.014171585729460221e-06,9.646933631777481844e-06,4.949100038540731918e-04
3.201351294897931271e-02,6.175161667074445454e-06,9.905166177193329411e-06,5.081513298028741184e-04
3.235936569296277154e-02,6.341059847033884579e-06,1.017127139606112140e-05,5.217959809818724761e-04
3.270895480042222692e-02,6.512040631512752431e-06,1.044552919580678142e-05,5.358582767622228991e-04
3.306232063654854919e-02,6.688285703137283184e-06,1.072823099512945367e-05,5.503531241326321865e-04
3.341950400261133741e-02,6.869984252685471072e-06,1.101968025559449831e-05,5.652960447484507841e-04
3.378054614067003969e-02,7.057333327183489833e-06,1.132019303995671048e-05,5.807032033342138461e-04
3.414548873833590792e-02,7.250538195580461551e-06,1.163009859867688016e-05,5.965914375131834996e-04
3.451437393358556399e-02,7.449812732909672980e-06,1.194973998608819150e-05,6.129782891369608185e-04
3.488724431962617056e-02,7.655379823969468784e-06,1.227947470786946128e-05,6.298820371983876107e-04
3.526414294981378844e-02,7.867471787549526067e-06,1.261967540147029522e-05,6.473217324101696946e-04
3.564511334262433079e-02,8.086330822324540017e-06,1.297073055128748185e-05,6.653172335394053841e-04
3.603019948667841865e-02,8.312209475593071689e-06,1.333304524048154826e-05,6.838892455925946797e-04
3.641944584582053335e-02,8.545371136097013932e-06,1.370704194141480453e-05,7.030593599502430249e-04
3.681289736425308323e-02,8.786090552230249885e-06,1.409316134680939269e-05,7.228500965559461061e-04
3.721059947172562082e-02,9.034654377039487056e-06,1.449186324387540503e-05,7.432849482723743410e-04
3.761259808878073679e-02,9.291361741458934007e-06,1.490362743372103659e-05,7.643884275194653185e-04
3.801893963205602717e-02,9.556524857346740311e-06,1.532895469855928219e-05,7.861861153202172672e-04
3.842967101964363252e-02,9.830469651949172698e-06,1.576836781931863847e-05,8.087047128839302060e-04
3.884483967650761288e-02,1.011353643553381028e-05,1.622241264645028210e-05,8.319720958658425496e-04
3.926449353995992847e-02,1.040608060401033183e-05,1.669165922684820598e-05,8.560173714480890164e-04
3.968868106519522765e-02,1.070847337848024718e-05,1.717670298999527637e-05,8.808709383965477105e-04
4.011745123088614196e-02,1.102110258377127260e-05,1.767816599663215964e-05,9.065645502570846915e-04
4.055085354483829035e-02,1.134437346809652964e-05,1.819669825338078462e-05,9.331313818611037397e-04
4.098893804970674820e-02,1.167870956615665267e-05,1.873297909703983588e-05,9.606060993243852215e-04
4.143175532877424461e-02,1.202455360808747848e-05,1.928771865240521411e-05,9.890249337294986908e-04
4.187935651179169882e-02,1.238236847681665476e-05,1.986165936772569423e-05,1.018425758694589678e-03
4.233179328088201160e-02,1.275263821655078256e-05,2.045557763215831516e-05,1.048848172043599864e-03
4.278911787650720167e-02,1.313586909524053799e-05,2.107028547978935767e-05,1.080333581802469210e-03
4.325138310350077481e-02,1.353259072407887026e-05,2.170663238511973223e-05,1.112925296762013903e-03
4.371864233716454828e-02,1.394335723722118908e-05,2.236550715512844345e-05,1.146668621858173455e-03
4.419094952943167925e-02,1.436874853513846336e-05,2.304783992338310102e-05,1.181610958637422954e-03
4.466835921509617474e-02,1.480937159518788505e-05,2.375460425194570024e-05,1.217801911088211512e-03
4.515092651810984764e-02,1.526586185320863632e-05,2.448681934717857392e-05,1.255293397136250091e-03
4.563870715794687144e-02,1.573888466016774729e-05,2.524555239590428005e-05,1.294139766117832508e-03
4.613175745603784184e-02,1.622913681811373335e-05,2.603192102874628706e-05,1.334397922562876974e-03
4.663013434227265136e-02,1.673734819994798643e-05,2.684709591788134658e-05,1.376127456638264954e-03
4.713389536157391868e-02,1.726428345778780295e-05,2.769230351685802788e-05,1.419390781621767067e-03
4.764309868054143055e-02,1.781074382497217036e-05,2.856882895057962819e-05,1.464253278797405513e-03
4.815780309416835964e-02,1.837756901706219824e-05,2.947801906403232298e-05,1.510783450185390836e-03
4.867806803262973714e-02,1.896563923749023734e-05,3.042128563882323154e-05,1.559053079541912251e-03
4.920395356814499105e-02,1.957587729386172363e-05,3.140010878715432439e-05,1.609137402089860823e-03
4.973552042191384942e-02,2.020925083125656526e-05,3.241604053340732853e-05,1.661115283466457673e-03
5.027282997112758611e-02,2.086677468922855811e-05,3.347070859407836159e-05,1.715069408399029494e-03
5.081594425605590742e-02,2.154951338965544030e-05,3.456582036752870206e-05,1.771086479653530927e-03
5.136492598721039554e-02,2.225858376293902578e-05,3.570316714557418282e-05,1.829257427824453313e-03
5.191983855258548719e-02,2.299515772054081658e-05,3.688462855971388866e-05,1.889677632569866693e-03
5.248074602497715402e-02,2.376046518231830724e-05,3.811217727556815050e-05,1.952447155929342955e-03
5.304771316938159537e-02,2.455579716757924603e-05,3.938788394981980207e-05,2.017670988393705477e-03
5.362080545047294422e-02,2.538250905933984276e-05,4.071392246486399066e-05,2.085459308435715347e-03
5.420008904016223455e-02,2.624202405181621001e-05,4.209257545724214320e-05,2.155927756248125077e-03
5.478563082523788680e-02,2.713583679177004827e-05,4.352624015688376250e-05,2.229197722476111091e-03
5.537749841508889104e-02,2.806551722494756714e-05,4.501743455516945614e-05,2.305396652772965811e-03
5.597576014951091000e-02,2.903271465954238633e-05,4.656880392093689915e-05,2.384658369054864797e-03
5.658048510659768188e-02,3.003916205926615470e-05,4.818312768459713069e-05,2.467123408373284293e-03
5.719174311071671679e-02,3.108668057942715870e-05,4.986332671183630949e-05,2.552939380378623294e-03
5.780960474057165316e-02,3.217718436012418607e-05,5.161247098951058954e-05,2.642261344393275965e-03
5.843414133735158611e-02,3.331268559155491787e-05,5.343378774776961121e-05,2.735252207170867349e-03
5.906542501296856845e-02,3.449529986731834837e-05,5.533067004385436506e-05,2.832083142474243771e-03
5.970352865838358253e-02,3.572725184247964905e-05,5.730668583443734746e-05,2.932934033659641802e-03
6.034852595202346015e-02,3.701088121422322773e-05,5.936558756506680307e-05,3.037993940521155432e-03
6.100049136828777224e-02,3.834864904392318633e-05,6.151132230688238333e-05,3.147461591709731828e-03
6.165950018614805433e-02,3.974314444057484581e-05,6.374804247255350987e-05,3.261545904107660074e-03
6.232562849783987446e-02,4.119709162673264850e-05,6.608011714531526238e-05,3.380466530610839494e-03
6.299895321764893696e-02,4.271335740932334467e-05,6.851214405693440161e-05,3.504454437841136340e-03
6.367955209079147194e-02,4.429495907902073002e-05,7.104896225254636263e-05,3.633752515385641358e-03
6.436750370239177621e-02,4.594507276326806848e-05,7.369566548254322233e-05,3.768616218237169895e-03
6.506288748655557341e-02,4.766704225952423166e-05,7.645761636407660236e-05,3.909314244191271041e-03
6.576578373554188561e-02,4.946438837682383063e-05,7.934046135716111572e-05,4.056129248033307766e-03
6.647627360903403393e-02,5.134081881546980679e-05,8.235014660312816551e-05,4.209358594440105496e-03
6.719443914351071190e-02,5.330023861633174589e-05,8.549293467582538516e-05,4.369315151599929142e-03
6.792036326171833893e-02,5.534676121316321041e-05,8.877542229905906039e-05,4.536328127651026963e-03
6.865412978224534613e-02,5.748472012321440331e-05,9.220455908675500092e-05,4.710743952122386884e-03
6.939582342920085078e-02,5.971868131360438337e-05,9.578766736580985447e-05,4.892927204662552571e-03
7.014552984199695640e-02,6.205345628294058622e-05,9.953246314483766189e-05,5.083261593422898003e-03
7.090333558523706503e-02,6.449411590014758893e-05,1.034470782959704836e-04,5.282150985569652145e-03
7.166932815871113194e-02,6.704600504480612028e-05,1.075400840206065974e-04,5.490020492485457766e-03
7.244359600749888939e-02,6.971475809592296829e-05,1.118205156741839063e-04,5.707317612319242998e-03
7.322622853218160865e-02,7.250631531876969771e-05,1.162978990293934940e-04,5.934513432636251244e-03
7.401731609916548105e-02,7.542694020233165853e-05,1.209822780618834701e-04,6.172103896014326067e-03
7.481695005111525798e-02,7.848323780293614321e-05,1.258842443473328840e-04,6.420611131521115726e-03
7.562522271750117542e-02,8.168217415283379106e-05,1.310149681638889737e-04,6.680584855092592915e-03
7.644222742525980108e-02,8.503109679596930395e-05,1.363862313994820461e-04,6.952603841920657231e-03
7.726805850957012278e-02,8.853775651666288187e-05,1.420104623690878452e-04,7.237277474025497100e-03
7.810281132474534982e-02,9.221033033083009917e-05,1.479007726532326715e-04,7.535247366266983014e-03
7.894658225524382733e-02,9.605744581325655572e-05,1.540709960752320281e-04,7.847189074100263326e-03
7.979946872679748171e-02,1.000882068387572166e-04,1.605357299415213778e-04,8.173813886437331783e-03
8.066156921766112764e-02,1.043122208194391365e-04,1.673103786764249294e-04,8.515870707006838528e-03
8.153298326998334455e-02,1.087396275249842499e-04,1.744111999901808770e-04,8.874148027624840021e-03
8.241381150129996336e-02,1.133811295779002667e-04,1.818553537270472186e-04,9.249475996797235089e-03
8.330415561615205078e-02,1.182480247207925213e-04,1.896609535484211010e-04,9.642728587045575062e-03
8.420411841782858564e-02,1.233522399583038992e-04,1.978471216147971088e-04,1.005482586431067846e-02
8.511380382023746305e-02,1.287063676821269839e-04,2.064340464395277833e-04,1.048673636271176338e-02
8.603331685990334154e-02,1.343237038936386288e-04,2.154430440971047422e-04,1.093947956783541432e-02
8.696276370809574718e-02,1.402182886450833988e-04,2.248966229787873817e-04,1.141412851157985048e-02
8.790225168308817005e-02,1.464049488270560576e-04,2.348185522992230390e-04,1.191181248139691444e-02
8.885188926254958264e-02,1.528993434372080760e-04,2.452339345690645808e-04,1.243371984654168504e-02
8.981178609606928209e-02,1.597180114724661159e-04,2.561692822602373658e-04,1.298110100363720522e-02
9.078205301781838710e-02,1.668784225950940608e-04,2.676525989032314291e-04,1.355527144352062195e-02
9.176280205934665701e-02,1.743990307311785019e-04,2.797134648688193929e-04,1.415761494090942742e-02
9.275414646251836648e-02,1.822993307687951093e-04,2.923831281002966013e-04,1.478958686792118150e-02
9.375620069258774891e-02,1.905999185323494741e-04,3.056946000769005141e-04,1.545271763189630908e-02
9.476908045141561876e-02,1.993225542192024187e-04,3.196827573042110467e-04,1.614861623728572684e-02
9.579290269082893494e-02,2.084902294947909868e-04,3.343844486432211139e-04,1.687897397056935603e-02
9.682778562612454065e-02,2.181272384530073469e-04,3.498386088063439817e-04,1.764556820625182848e-02
9.787384874971888360e-02,2.282592526598926528e-04,3.660863783663410300e-04,1.845026633094728336e-02
9.893121284494552081e-02,2.389134005101756371e-04,3.831712306421346443e-04,1.929502978135596777e-02
9.999999999999989453e-02,2.501183511385519573e-04,4.011391058448024417e-04,2.018191819059289918e-02
1.010803336220383458e-01,2.619044031404130115e-04,4.200385528870703472e-04,2.111309363580018625e-02
1.021723384514258703e-01,2.743035783699849812e-04,4.399208792802688779e-04,2.209082497824228775e-02
1.032761405761395412e-01,2.873497210981147622e-04,4.608403095649350051e-04,2.311749228517566770e-02
1.043918674463272800e-01,3.010786028264443408e-04,4.828541527437603571e-04,2.419559132061852719e-02
1.055196478890237655e-01,3.155280330700229894e-04,5.060229792092936886e-04,2.532773808975025825e-02
1.066596121230254796e-01,3.307379764366093580e-04,5.304108076838586362e-04,2.651667341902991595e-02
1.078118917739263327e-01,3.467506763474454963e-04,5.560853027146122739e-04,2.776526755117589632e-02
1.089766198893157706e-01,3.636107857617740572e-04,5.831179832935575466e-04,2.907652473092497622e-02
1.101539309541410966e-01,3.813655052855602378e-04,6.115844432001949459e-04,3.045358775394948689e-02
1.113439609062357033e-01,4.000647290637728373e-04,6.415645836933521820e-04,3.189974244743980225e-02
1.125468471520155306e-01,4.197611988752121374e-04,6.731428592086030832e-04,3.341842204664341454e-02
1.137627285823429729e-01,4.405106668694221735e-04,7.064085367488395512e-04,3.501321142709188511e-02
1.149917455885663825e-01,4.623720674063190356e-04,7.414559696873933379e-04,3.668785114730567509e-02
1.162340400787285899e-01,4.854076984813796513e-04,7.783848867364787528e-04,3.844624125148155686e-02
1.174897554939527411e-01,5.096834132417677691e-04,8.173006968673802866e-04,4.029244477597808405e-02
1.187590368250046879e-01,5.352688221228336625e-04,8.583148110046128539e-04,4.223069089741905008e-02
1.200420306290342493e-01,5.622375061583033580e-04,9.015449813514875938e-04,4.426537765381681477e-02
1.213388850464974106e-01,5.906672420432563294e-04,9.471156592424174927e-04,4.640107416345936459e-02
1.226497498182613083e-01,6.206402395543693905e-04,9.951583724541620234e-04,4.864252225926472134e-02
1.239747763028940380e-01,6.522433919593182425e-04,1.045812122947905676e-03,5.099463744911730823e-02
1.253141174941411751e-01,6.855685400739870575e-04,1.099223806052223749e-03,5.346250910521965077e-02
1.266679280385911432e-01,7.207127506550720444e-04,1.155548652138105835e-03,5.605139977801325279e-02
1.280363642535315150e-01,7.577786098438140869e-04,1.214950691876472578e-03,5.876674352261796602e-02
1.294195841449985174e-01,7.968745324066576477e-04,1.277603246210285001e-03,6.161414311833290219e-02
1.308177474260192874e-01,8.381150875481992212e-04,1.343689442213503137e-03,6.459936605449452529e-02
1.322310155350558958e-01,8.816213421028571860e-04,1.413402756050885110e-03,6.772833914921796983e-02
1.336595516546440210e-01,9.275212219419861097e-04,1.486947584292230449e-03,7.100714166128239968e-02
1.351035207302349883e-01,9.759498924650667363e-04,1.564539844875881486e-03,7.444199675006400729e-02
1.365630894892413960e-01,1.027050159074591228e-03,1.646407609054924021e-03,7.803926113403986120e-02
1.380384264602881328e-01,1.080972888566346076e-03,1.732791765698718208e-03,8.180541279542093147e-02
1.395297019926714788e-01,1.137877452397725430e-03,1.823946719358388946e-03,8.574703657707764826e-02
1.410370882760283440e-01,1.197932192828605807e-03,1.920141123540957838e-03,8.987080751860432315e-02
1.425607593602183365e-01,1.261314912959814443e-03,2.021658650669028601e-03,9.418347178133744391e-02
1.441008911754201316e-01,1.328213391724671110e-03,2.128798800233233299e-03,9.869182501789908191e-02
1.456576615524452223e-01,1.398825924918772456e-03,2.241877746671797934e-03,1.034026880507586399e-01
1.472312502432717995e-01,1.473361893381177267e-03,2.361229228533779853e-03,1.083228797367591506e-01
1.488218389417974297e-01,1.552042359467350205e-03,2.487205480501128614e-03,1.134591869110550405e-01
1.504296113048216033e-01,1.635100692979824790e-03,2.620178209858122116e-03,1.188183313248175055e-01
1.520547529732493575e-01,1.722783227744932588e-03,2.760539619001948445e-03,1.244069335166925888e-01
1.536974515935268792e-01,1.815349950045703955e-03,2.908703475589575864e-03,1.302314735888904507e-01
1.553578968393080351e-01,1.913075220138088506e-03,3.065106231905997177e-03,1.362982488949624760e-01
1.570362804333548801e-01,2.016248528092448242e-03,3.230208195021848101e-03,1.426133286881984541e-01
1.587327961696750334e-01,2.125175285212946991e-03,3.404494749280363979e-03,1.491825058271267213e-01
1.604476399358977790e-01,2.240177652292890589e-03,3.588477632612703180e-03,1.560112456877502385e-01
1.621810097358925007e-01,2.361595405965700480e-03,3.782696268128813745e-03,1.631046324908208556e-01
1.639331057126308111e-01,2.489786844405413556e-03,3.987719152361866859e-03,1.704673133160533594e-01
1.657041301712962045e-01,2.625129733619548274e-03,4.204145301460775024e-03,1.781034401432660674e-01
1.674942876026430660e-01,2.768022295557869602e-03,4.432605756522547784e-03,1.860166103320385622e-01
1.693037847066088120e-01,2.918884239232882698e-03,4.673765149132961920e-03,1.942098060255080250e-01
1.711328304161779112e-01,3.078157836011481598e-03,4.928323328039466329e-03,2.026853330390615826e-01
1.729816359215099464e-01,3.246309040190076701e-03,5.197017047710817891e-03,2.114447598692185959e-01
1.748504146943221649e-01,3.423828655905628276e-03,5.480621719339112338e-03,2.204888575299690234e-01
1.767393825125385953e-01,3.611233551365024101e-03,5.779953224616220589e-03,2.298175409913257861e-01
1.786487574852047011e-01,3.809067921288554308e-03,6.095869792355848756e-03,2.394298130552010018e-01
1.805787600776713187e-01,4.017904598361890511e-03,6.429273937738275158e-03,2.493237115546505789e-01
1.825296131370505448e-01,4.238346414373549836e-03,6.781114463623423919e-03,2.594962608014358407e-01
1.845015419179468208e-01,4.471027611576871424e-03,7.152388523001962026e-03,2.699434282310289590e-01
1.864947741084657662e-01,4.716615304658557453e-03,7.544143741235552654e-03,2.806600872013174652e-01
1.885095398565042046e-01,4.975810993516635930e-03,7.957480396269553044e-03,2.916399868889917868e-01
1.905460717963239903e-01,5.249352126845662977e-03,8.393553654479392334e-03,3.028757301939545843e-01
1.926046050754132155e-01,5.538013716298399551e-03,8.853575859237308721e-03,3.143587605057510670e-01
1.946853773816379918e-01,5.842610000733865043e-03,9.338818868647978666e-03,3.260793581058760160e-01
1.967886289706842762e-01,6.163996159772765909e-03,9.850616438200883104e-03,3.380266468757895937e-01
1.989146026938030942e-01,6.503070075560795152e-03,1.039036664332113752e-02,3.501886118531409298e-01
2.010635440258484452e-01,6.860774141280827354e-03,1.095953433595605979e-02,3.625521280292381965e-01
2.032357010936217678e-01,7.238097114562257010e-03,1.155965362842205357e-02,3.751030006118456495e-01
2.054313247045217450e-01,7.636076013500048623e-03,1.219233039674034492e-02,3.878260167917875756e-01
2.076506683755036942e-01,8.055798052517694485e-03,1.285924479461081869e-02,4.007050088536989185e-01
2.098939883623518465e-01,8.498402614785079134e-03,1.356215376800929372e-02,4.137229282653228646e-01
2.121615436892678175e-01,8.965083257331588756e-03,1.430289355914146111e-02,4.268619301713352243e-01
2.144535961787787659e-01,9.457089744372256662e-03,1.508338218714127058e-02,4.401034675124607110e-01
2.167704104819686839e-01,9.975730103690376091e-03,1.590562189146547956e-02,4.534283937946994025e-01
2.191122541090361753e-01,1.052237270019032271e-02,1.677170152240603507e-02,4.668170733526930682e-01
2.214793974601832194e-01,1.109844831994685060e-02,1.768379886151822886e-02,4.802494977913187024e-01
2.238721138568337543e-01,1.170545225722991085e-02,1.864418285304673614e-02,4.937054071556654655e-01
2.262906795731973453e-01,1.234494639607930030e-02,1.965521572563078828e-02,5.071644142761108087e-01
2.287353738681658921e-01,1.301856127702910940e-02,2.071935498167310624e-02,5.206061306654964360e-01
2.312064790175590578e-01,1.372799813855403624e-02,2.183915522979645862e-02,5.340102923121347045e-01
2.337042803467170304e-01,1.447503092171081862e-02,2.301726983376738492e-02,5.473568837162567924e-01
2.362290662634456417e-01,1.526150822529055012e-02,2.425645234916928503e-02,5.606262585586643254e-01
2.387811282913171462e-01,1.608935519757656238e-02,2.555955771695881187e-02,5.737992554671726975e-01
2.413607611033310174e-01,1.696057534952219448e-02,2.692954318086135390e-02,5.868573074563522285e-01
2.439682625559382312e-01,1.787725227282505394e-02,2.836946889336940114e-02,5.997825437553417904e-01
2.466039337234330608e-01,1.884155124498562359e-02,2.988249817292887647e-02,6.125578829025359884e-01
2.492680789327167412e-01,1.985572070199890377e-02,3.147189737275195992e-02,6.251671161693815870e-01
2.519610057984362217e-01,2.092209355784976216e-02,3.314103531961745674e-02,6.375949805726621733e-01
2.546830252585038923e-01,2.204308834847552162e-02,3.489338227904928424e-02,6.498272209396053212e-01
2.574344516099962288e-01,2.322121017632027690e-02,3.673250840141938089e-02,6.618506406968208688e-01
2.602156025454493427e-01,2.445905143007508567e-02,3.866208160188973342e-02,6.736531412572378530e-01
2.630267991895378077e-01,2.575929225264524114e-02,4.068586482567016632e-02,6.852237500731498399e-01
2.658683661361539441e-01,2.712470072888431560e-02,4.280771264896423428e-02,6.965526376043709167e-01
2.687406314858871159e-01,2.855813276314838819e-02,4.503156716518041947e-02,7.076311236139858352e-01
2.716439268839075938e-01,3.006253161531383805e-02,4.736145310562133587e-02,7.184516733477688266e-01
2.745785875582600344e-01,3.164092706257061460e-02,4.980147214396602601e-02,7.290078842747974575e-01
2.775449523585701850e-01,3.329643415308820159e-02,5.235579633451504372e-02,7.392944641650213145e-01
2.805433637951704196e-01,3.503225151657770459e-02,5.502866063544253894e-02,7.493072013541649534e-01
2.835741680786473262e-01,3.685165919587666400e-02,5.782435447027219066e-02,7.590429280977677440e-01
2.866377151598167861e-01,3.875801596299437157e-02,6.074721228353870822e-02,7.684994779453875324e-01
2.897343587701310952e-01,4.075475608262425775e-02,6.380160305020231293e-02,7.776756380746778774e-01
2.928644564625234037e-01,4.284538548598005453e-02,6.699191870290371886e-02,7.865710975150446149e-01
2.960283696526882502e-01,4.503347731799843545e-02,7.032256144666584885e-02,7.951863921642947641e-01
2.992264636608185091e-01,4.732266682153531134e-02,7.379792993725801942e-02,8.035228474615924155e-01
3.024591077537829853e-01,4.971664552315233770e-02,7.742240430710360666e-02,8.115825195284290805e-01
3.057266751877646405e-01,5.221915468658238496e-02,8.120033003151315432e-02,8.193681355291175805e-01
3.090295432513583407e-01,5.483397800194333982e-02,8.513600063806897600e-02,8.268830339355608405e-01
3.123680933091346756e-01,5.756493348133410320e-02,8.923363927325815570e-02,8.341311053102207218e-01
3.157427108456736797e-01,6.041586453462265832e-02,9.349737915291712886e-02,8.411167341482800319e-01
3.191537855100751719e-01,6.339063020307519891e-02,9.793124293668992175e-02,8.478447422467928485e-01
3.226017111609489896e-01,6.649309453300818185e-02,1.025391210814475818e-01,8.543203339966833898e-01
3.260868859118921104e-01,6.972711507690892985e-02,1.073247492443818313e-01,8.605490439240910394e-01
3.296097121774564931e-01,7.309653051550212000e-02,1.122916848231681336e-01,8.665366867418140551e-01
3.331705967196149087e-01,7.660514740103219200e-02,1.174432827379996297e-01,8.722893101102237035e-01
3.367699506947230415e-01,8.025672602961822499e-02,1.227826705782660566e-01,8.778131502506117956e-01
3.404081897010004520e-01,8.405496545891961990e-02,1.283127232549736985e-01,8.831145905028535692e-01
3.440857338265128074e-01,8.800348769644557312e-02,1.340360373183089593e-01,8.882001228736088327e-01
3.478030076976784124e-01,9.210582109372612847e-02,1.399549051178992642e-01,8.930763125812293257e-01
3.515604405282973799e-01,9.636538299207632330e-02,1.460712890008283027e-01,8.977497655688354561e-01
3.553584661691110980e-01,1.007854616768232708e-01,1.523867957590365196e-01,9.022270989275478215e-01
3.591975231578961592e-01,1.053691977085189496e-01,1.589026515529753103e-01,9.065149141473337613e-01
3.630780547701003003e-01,1.101195647117073906e-01,1.656196775518486985e-01,9.106197730929569412e-01
3.670005090700249051e-01,1.150393497141442428e-01,1.725382665420907291e-01,9.145481765868085366e-01
3.709653389625606756e-01,1.201311331417978107e-01,1.796583607644326452e-01,9.183065454684717910e-01
3.749730022454821343e-01,1.253972685873362414e-01,1.869794312456262431e-01,9.219012039923859536e-01
3.790239616623070629e-01,1.308398624819197553e-01,1.945004588932169598e-01,9.253383654194810015e-01
3.831186849557284835e-01,1.364607538117527941e-01,2.022199176203445525e-01,9.286241196557900590e-01
3.872576449216167949e-01,1.422614940317832033e-01,2.101357597621079099e-01,9.317644227904277043e-01
3.914413194636193194e-01,1.482433273389423267e-01,2.182454040353455915e-01,9.347650883865983307e-01
3.956701916483357784e-01,1.544071714760541225e-01,2.265457262794773330e-01,9.376317803821289099e-01
3.999447497610967295e-01,1.607535992449189710e-01,2.350330531974752779e-01,9.403700074601613057e-01
4.042654873623434120e-01,1.672828209126703547e-01,2.437031592928758095e-01,9.429851187557627412e-01
4.086329033446164383e-01,1.739946676991592778e-01,2.525512671712623614e-01,9.454823007701155246e-01
4.130475019901602152e-01,1.808885765346257557e-01,2.615720513431011862e-01,9.478665753704282881e-01
4.175097930291498671e-01,1.879635762759779560e-01,2.707596456294344978e-01,9.501427987605614023e-01
4.220202916985469899e-01,1.952182755665492209e-01,2.801076542333414965e-01,9.523156613144501126e-01
4.265795188015911177e-01,2.026508525180040765e-01,2.896091664986996661e-01,9.543896881715970837e-01
4.311880007679345650e-01,2.102590463840836865e-01,2.992567753343690629e-01,9.563692405010760789e-01
4.358462697144260267e-01,2.180401513840508065e-01,3.090425992371956254e-01,9.582585173475745011e-01
4.405548635065529295e-01,2.259910128190142919e-01,3.189583078019897489e-01,9.600615579798900123e-01
4.453143258205398691e-01,2.341080256068574783e-01,3.289951505617393912e-01,9.617822446689801019e-01
4.501252062061329995e-01,2.423871353414713270e-01,3.391439889577485545e-01,9.634243058290598016e-01
4.549880601500477795e-01,2.508238419593639135e-01,3.493953311977390785e-01,9.649913194613211065e-01
4.599034491401093327e-01,2.594132060721127120e-01,3.597393697215223174e-01,9.664867168456309221e-01
4.648719407300844209e-01,2.681498579964978202e-01,3.701660209590044159e-01,9.679137864309704797e-01
4.698941086052142446e-01,2.770280094861011233e-01,3.806649670350236159e-01,9.692756778804655360e-01
4.749705326484542356e-01,2.860414681390532343e-01,3.912256990504042187e-01,9.705754062315775643e-01
4.801017990074306629e-01,2.951836544268566787e-01,4.018375615490879516e-01,9.718158561364071968e-01
4.852885001621193850e-01,3.044476212594331432e-01,4.124897977678043670e-01,9.729997861511191504e-01
4.905312349932569038e-01,3.138260759721193116e-01,4.231715952575409445e-01,9.741298330472074607e-01
4.958306088514895515e-01,3.233114045918842328e-01,4.338721314652880245e-01,9.752085161207393327e-01
5.011872336272719108e-01,3.328956982130751308e-01,4.445806188700796024e-01,9.762382414788267626e-01
5.066017278215118047e-01,3.425707812879161818e-01,4.552863492789308020e-01,9.772213062854052668e-01
5.120747166169953291e-01,3.523282416144855045e-01,4.659787369057850626e-01,9.781599029509759902e-01
5.176068319505668924e-01,3.621594617850172337e-01,4.766473598791504673e-01,9.790561232532730696e-01
5.231987125860969590e-01,3.720556518409681157e-01,4.872819998516841888e-01,9.799119623779211086e-01
5.288510041882368284e-01,3.820078828681986449e-01,4.978726794164002878e-01,9.807293228700125765e-01
5.345643593969704455e-01,3.920071212563703833e-01,5.084096970690433759e-01,9.815100184892192603e-01
5.403394379029703432e-01,4.020442633412603106e-01,5.188836594935468671e-01,9.822557779625343821e-01
5.461769065237697118e-01,4.121101701472449363e-01,5.292855109866301255e-01,9.829682486300792554e-01
5.520774392807555886e-01,4.221957019496814789e-01,5.396065598776796923e-01,9.836489999805717588e-01
5.580417174769944921e-01,4.322917523831917297e-01,5.498385018403147972e-01,9.842995270740909630e-01
5.640704297758992736e-01,4.423892818317900488e-01,5.599734400317442073e-01,9.849212538506727510e-01
5.701642722807451769e-01,4.524793498500883637e-01,5.700039020344853657e-01,9.855155363240651889e-01
5.763239486150469881e-01,4.625531463811712318e-01,5.799228536116176613e-01,9.860836656606517536e-01
5.825501700037949426e-01,4.726020215557874549e-01,5.897237093209944936e-01,9.866268711441419370e-01
5.888436553555881359e-01,4.826175138788827423e-01,5.994003400653162839e-01,9.871463230271430023e-01
5.952051313456347970e-01,4.925913766325589194e-01,6.089470776831563681e-01,9.876431352711361189e-01
6.016353324996598362e-01,5.025156023492151069e-01,6.183587167110454752e-01,9.881183681767661264e-01
6.081350012787165582e-01,5.123824452339903468e-01,6.276305134679750486e-01,9.885730309066351751e-01
6.147048881649145313e-01,5.221844414415589553e-01,6.367581826314256954e-01,9.890080839030510607e-01
6.213457517480739378e-01,5.319144271382189038e-01,6.457378914881118925e-01,9.894244412033688096e-01
6.280583588133160644e-01,5.415655543056975274e-01,6.545662520531971840e-01,9.898229726557330466e-01
6.348434844295991475e-01,5.511313042677649099e-01,6.632403112589018157e-01,9.902045060381384767e-01
6.417019120392126741e-01,5.606054989442857961e-01,6.717575394173930237e-01,9.905698290838190756e-01
6.486344335482359114e-01,5.699823098594012372e-01,6.801158171638662653e-01,9.909196914160329772e-01
6.556418494179760970e-01,5.792562649509372941e-01,6.883134210840645695e-01,9.912548063953454669e-01
6.627249687573956161e-01,5.884222532466031330e-01,6.963490082264041092e-01,9.915758528825232565e-01
6.698846094165256115e-01,5.974755274889810286e-01,7.042215996927283506e-01,9.918834769201496648e-01
6.771215980809133228e-01,6.064117048056700821e-01,7.119305634938252192e-01,9.921782933360470125e-01
6.844367703670655168e-01,6.152267655329507479e-01,7.194755968463601992e-01,9.924608872715582342e-01
6.918309709189350842e-01,6.239170503113646848e-01,7.268567080774031020e-01,9.927318156376930824e-01
6.993050535054474715e-01,6.324792555792989601e-01,7.340741982912120100e-01,9.929916085020878969e-01
7.068598811190808240e-01,6.409104275963454223e-01,7.411286429408789900e-01,9.932407704096668510e-01
7.144963260755112788e-01,6.492079551318945541e-01,7.480208734349822475e-01,9.934797816398215353e-01
7.222152701143345066e-01,6.573695609562307807e-01,7.547519588967689375e-01,9.937090994028450197e-01
7.300176045008754944e-01,6.653932922715033449e-01,7.613231881808083523e-01,9.939291589782918157e-01
7.379042301290982264e-01,6.732775102184951344e-01,7.677360522396754483e-01,9.941403747978391214e-01
7.458760576256269204e-01,6.810208785922696739e-01,7.739922269211895189e-01,9.943431414751474628e-01
7.539340074548941395e-01,6.886223518957370615e-01,7.800935562651664101e-01,9.945378347851386858e-01
7.620790100254112298e-01,6.960811628550774843e-01,7.860420363576203773e-01,9.947248125950116648e-01
7.703120057972135948e-01,7.033968095150771038e-01,7.918397997900228358e-01,9.949044157492459295e-01
7.786339453904397301e-01,7.105690420257182449e-01,7.974891007614738347e-01,9.950769689107437088e-01
7.870457896950971977e-01,7.175978492242867102e-01,8.029923008527518613e-01,9.952427813601878448e-01
7.955485099820114314e-01,7.244834451096704431e-01,8.083518554929572941e-01,9.954021477556030950e-01
8.041430880149730287e-01,7.312262552977626395e-01,8.135703011320133404e-01,9.955553488540312967e-01
8.128305161640970722e-01,7.378269035389711794e-01,8.186502431255755496e-01,9.957026521971470423e-01
8.216117975204064727e-01,7.442861983709380125e-01,8.235943443329045710e-01,9.958443127625675739e-01
8.304879460116539880e-01,7.506051199717640454e-01,8.284053144229870380e-01,9.959805735825273398e-01
8.394599865193944632e-01,7.567848072713865282e-01,8.330858998795634962e-01,9.961116663315212616e-01
8.485289549973229484e-01,7.628265453713878319e-01,8.376388746917643457e-01,9.962378118844472663e-01
8.576958985908905708e-01,7.687317533164222949e-01,8.420670317136736971e-01,9.963592208467032529e-01
8.669618757582159274e-01,7.745019722537394014e-01,8.463731746733248462e-01,9.964760940576359305e-01
8.763279563922872217e-01,7.801388540109213121e-01,8.505601108093203688e-01,9.965886230686702429e-01
8.857952219445155428e-01,7.856441501160869034e-01,8.546306441114570607e-01,9.966969905973819266e-01
8.953647655495923230e-01,7.910197012792548055e-01,8.585875691402848897e-01,9.968013709587246751e-01
9.050376921517103712e-01,7.962674273485835785e-01,8.624336653995443580e-01,9.969019304745574406e-01
9.148151186321461514e-01,8.013893177505616583e-01,8.661716922347140191e-01,9.969988278625675493e-01
9.246981739382201804e-01,8.063874224190690221e-01,8.698043842305290818e-01,9.970922146056306890e-01
9.346879992136504223e-01,8.112638432144904099e-01,8.733344470802140158e-01,9.971822353025967534e-01
9.447857479303141126e-01,8.160207258307379252e-01,8.767645538992787646e-01,9.972690280014455677e-01
9.549925860214327766e-01,8.206602521851095178e-01,8.800973419570506939e-01,9.973527245157058907e-01
9.653096920161967631e-01,8.251846332833620012e-01,8.833354097995840259e-01,9.974334507249894566e-01
9.757382571758436152e-01,8.295961025501742414e-01,8.864813147382142322e-01,9.975113268604506311e-01
9.862794856312098180e-01,8.338969096133197478e-01,8.895375706787591596e-01,9.975864677759358479e-01
9.969345945217517047e-01,8.380893145282940493e-01,8.925066462671903400e-01,9.976589832055573481e-01
1.007704814136102911e+00,8.421755824288987835e-01,8.953909633285240810e-01,9.977289780083804516e-01
1.018591388054115310e+00,8.461579785882228366e-01,8.981928955765936529e-01,9.977965524008848286e-01
1.029595573290452259e+00,8.500387638737286755e-01,9.009147675734081595e-01,9.978618021778232761e-01
1.040718640439728615e+00,8.538201905795560487e-01,9.035588539177867862e-01,9.979248189220708554e-01
1.051961873823220373e+00,8.575044986187869700e-01,9.061273786440117162e-01,9.979856902040268318e-01
1.063326571637158491e+00,8.610939120582131734e-01,9.086225148122657469e-01,9.980444997711052091e-01
1.074814046102623433e+00,8.645906359780786143e-01,9.110463842736520323e-01,9.981013277278169005e-01
1.086425623617061964e+00,8.679968536393507517e-01,9.134010575936151177e-01,9.981562507069281498e-01
1.098162644907438201e+00,8.713147239412569744e-01,9.156885541185644239e-01,9.982093420321468402e-01
1.110026465185040001e+00,8.745463791520969865e-01,9.179108421714755606e-01,9.982606718727740081e-01
1.122018454301958901e+00,8.776939228967138851e-01,9.200698393631865368e-01,9.983103073907255709e-01
1.134139996909263148e+00,8.807594283844332184e-01,9.221674130070052211e-01,9.983583128803169560e-01
1.146392492616859826e+00,8.837449368617573686e-01,9.242053806251158132e-01,9.984047499011782234e-01
1.158777356155124449e+00,8.866524562746574967e-01,9.261855105361133100e-01,9.984496774046498491e-01
1.171296017538236534e+00,8.894839601258308637e-01,9.281095225137742100e-01,9.984931518539886808e-01
1.183949922229299734e+00,8.922413865129243948e-01,9.299790885079419755e-01,9.985352273387027022e-01
1.196740531307241007e+00,8.949266373342991132e-01,9.317958334191147607e-01,9.985759556833092576e-01
1.209669321635514772e+00,8.975415776495510034e-01,9.335613359190008120e-01,9.986153865508023975e-01
1.222737786032627616e+00,9.000880351826110459e-01,9.352771293099485517e-01,9.986535675410939117e-01
1.235947433444506638e+00,9.025677999558836540e-01,9.369447024167536497e-01,9.986905442846863989e-01
1.249299789118729187e+00,9.049826240444844849e-01,9.385655005049192701e-01,9.987263605318159598e-01
1.262796394780634213e+00,9.073342214402621009e-01,9.401409262199600381e-01,9.987610582372958845e-01
1.276438808811338976e+00,9.096242680158728167e-01,9.416723405428469862e-01,9.987946776412762739e-01
1.290228606427674896e+00,9.118544015797630520e-01,9.431610637571422595e-01,9.988272573461264292e-01
1.304167379864076048e+00,9.140262220134793836e-01,9.446083764238046854e-01,9.988588343896317445e-01
1.318256738556405683e+00,9.161412914832659515e-01,9.460155203600417728e-01,9.988894443146961732e-01
1.332498309327817987e+00,9.182011347184498851e-01,9.473836996189621829e-01,9.989191212357184657e-01
1.346893736576580514e+00,9.202072393495919211e-01,9.487140814671067846e-01,9.989478979018138194e-01
1.361444682465947187e+00,9.221610562998935334e-01,9.500077973572694789e-01,9.989758057570341521e-01
1.376152827116081667e+00,9.240640002237947570e-01,9.512659438943033008e-01,9.990028749977414302e-01
1.391019868798049286e+00,9.259174499871373198e-01,9.524895837918693209e-01,9.990291346272707207e-01
1.406047524129909965e+00,9.277227491836915751e-01,9.536797468183441095e-01,9.990546125080216333e-01
1.421237528274924555e+00,9.294812066832346398e-01,9.548374307303164610e-01,9.990793354111017210e-01
1.436591635141906798e+00,9.311940972067435096e-01,9.559636021923185734e-01,9.991033290636489594e-01
1.452111617587736880e+00,9.328626619246179752e-01,9.570591976816209545e-01,9.991266181939384428e-01
1.467799267622063697e+00,9.344881090741807839e-01,9.581251243770975146e-01,9.991492265743940893e-01
1.483656396614224438e+00,9.360716145930144672e-01,9.591622610313198516e-01,9.991711770625988365e-01
1.499684835502371971e+00,9.376143227649844647e-01,9.601714588251856197e-01,9.991924916404049117e-01
1.515886435004916377e+00,9.391173468760797283e-01,9.611535422045183186e-01,9.992131914512406565e-01
1.532263065834194471e+00,9.405817698774434632e-01,9.621093096981814252e-01,9.992332968356947287e-01
1.548816618912478571e+00,9.420086450532235700e-01,9.630395347173723586e-01,9.992528273654693871e-01
1.565549005590309184e+00,9.433989966910815150e-01,9.639449663358431453e-01,9.992718018757766885e-01
1.582462157867190022e+00,9.447538207534124099e-01,9.648263300508886919e-01,9.992902384962559781e-01
1.599558028614664673e+00,9.460740855475194833e-01,9.656843285250146236e-01,9.993081546804822857e-01
1.616838591801804226e+00,9.473607323931684254e-01,9.665196423082718091e-01,9.993255672341371243e-01
1.634305842723132285e+00,9.486146762861031867e-01,9.673329305412967649e-01,9.993424923419023109e-01
1.651961798229009126e+00,9.498368065562736717e-01,9.681248316391602993e-01,9.993589455931403132e-01
1.669808496958508304e+00,9.510279875196494537e-01,9.688959639561699477e-01,9.993749420064194089e-01
1.687847999574805913e+00,9.521890591226405132e-01,9.696469264318103853e-01,9.993904960529387260e-01
1.706082389003122257e+00,9.533208375782518118e-01,9.703782992180524092e-01,9.994056216789041214e-01
1.724513770671199708e+00,9.544241159932201901e-01,9.710906442882795142e-01,9.994203323269087447e-01
1.743144272752443991e+00,9.554996649854808899e-01,9.717845060281246061e-01,9.994346409563613642e-01
1.761976046411626307e+00,9.565482332913934904e-01,9.724604118085150573e-01,9.994485600630091948e-01
1.781011266053275088e+00,9.575705483622605207e-01,9.731188725412592833e-01,9.994621016976006356e-01
1.800252129572741389e+00,9.585673169497355151e-01,9.737603832175174556e-01,9.994752774837241116e-01
1.819700858609978988e+00,9.595392256797905528e-01,9.743854234295099559e-01,9.994880986348633201e-01
1.839359698806064980e+00,9.604869416149856010e-01,9.749944578758359404e-01,9.995005759707087378e-01
1.859230920062492132e+00,9.614111128048272725e-01,9.755879368507760496e-01,9.995127199327553669e-01
1.879316816803262125e+00,9.623123688240742268e-01,9.761662967179633998e-01,9.995245405992241317e-01
1.899619708239810745e+00,9.631913212988743034e-01,9.767299603688089915e-01,9.995360476993342402e-01
1.920141938638794121e+00,9.640485644206852056e-01,9.772793376660702247e-01,9.995472506269623691e-01
1.940885877592769981e+00,9.648846754479452059e-01,9.778148258729588704e-01,9.995581584537104325e-01
1.961853920293807896e+00,9.657002151955162983e-01,9.783368100681714141e-01,9.995687799414160191e-01
1.983048487810021410e+00,9.664957285119384345e-01,9.788456635472371214e-01,9.995791235541238162e-01
2.004472027365158393e+00,9.672717447445726702e-01,9.793417482105690741e-01,9.995891974695507720e-01
2.026127012621139922e+00,9.680287781927227053e-01,9.798254149385985379e-01,9.995990095900619821e-01
2.048015943963689356e+00,9.687673285488620500e-01,9.802970039543761338e-01,9.996085675531819481e-01
2.070141348791037395e+00,9.694878813280991547e-01,9.807568451740100723e-01,9.996178787416626355e-01
2.092505781805747311e+00,9.701909082860381561e-01,9.812052585453111542e-01,9.996269502931287576e-01
2.115111825309693661e+00,9.708768678252027717e-01,9.816425543750073590e-01,9.996357891093182735e-01
2.137962089502225549e+00,9.715462053902074180e-01,9.820690336448822944e-01,9.996444018649361940e-01
2.161059212781553995e+00,9.721993538518679534e-01,9.824849883171870024e-01,9.996527950161422371e-01
2.184405862049392688e+00,9.728367338804507769e-01,9.828907016296657417e-01,9.996609748086842107e-01
2.208004733018891219e+00,9.734587543082744432e-01,9.832864483805299205e-01,9.996689472856957748e-01
2.231858550525902540e+00,9.740658124818750707e-01,9.836724952037072534e-01,9.996767182951742381e-01
2.255970068843573983e+00,9.746582946039582529e-01,9.840491008346814450e-01,9.996842934971507111e-01
2.280342072000415055e+00,9.752365760653605165e-01,9.844165163672374819e-01,9.996916783705664944e-01
2.304977374101723875e+00,9.758010217672467013e-01,9.847749855014091835e-01,9.996988782198700241e-01
2.329878819654524147e+00,9.763519864337729670e-01,9.851247447829289960e-01,9.997058981813461420e-01
2.355049283896004653e+00,9.768898149154429111e-01,9.854660238344615797e-01,9.997127432291890159e-01
2.380491673125508800e+00,9.774148424833887239e-01,9.857990455789004125e-01,9.997194181813308100e-01
2.406208925040109747e+00,9.779273951148056421e-01,9.861240264550019674e-01,9.997259277050347670e-01
2.432204009073807960e+00,9.784277897697669646e-01,9.864411766256113712e-01,9.997322763222666886e-01
2.458479926740399613e+00,9.789163346596472248e-01,9.867507001787436671e-01,9.997384684148504785e-01
2.485039711980042476e+00,9.793933295073788958e-01,9.870527953217588246e-01,9.997445082294201812e-01
2.511886431509570361e+00,9.798590657997628961e-01,9.873476545688758543e-01,9.997503998821755111e-01
2.539023185176590314e+00,9.803138270320531644e-01,9.876354649222541804e-01,9.997561473634497542e-01
2.566453106317414079e+00,9.807578889450325743e-01,9.879164080468678666e-01,9.997617545420989238e-01
2.594179362118811394e+00,9.811915197547919076e-01,9.881906604393914106e-01,9.997672251697182766e-01
2.622205153983763637e+00,9.816149803754208314e-01,9.884583935913030528e-01,9.997725628846952928e-01
2.650533717901075281e+00,9.820285246348178232e-01,9.887197741464133216e-01,9.997777712161048935e-01
2.679168324819026559e+00,9.824323994838203289e-01,9.889749640530129948e-01,9.997828535874546674e-01
2.708112281023050905e+00,9.828268451988506627e-01,9.892241207108304346e-01,9.997878133202842132e-01
2.737368928517495359e+00,9.832120955782757132e-01,9.894673971129824830e-01,9.997926536376280371e-01
2.766941645411503892e+00,9.835883781326618669e-01,9.897049419830971084e-01,9.997973776673454438e-01
2.796833846309068505e+00,9.839559142691202132e-01,9.899368999077761133e-01,9.998019884453226425e-01
2.827048982703296520e+00,9.843149194699111204e-01,9.901634114645666562e-01,9.998064889185555026e-01
2.857590543374936232e+00,9.846656034654944767e-01,9.903846133455993517e-01,9.998108819481131837e-01
2.888462054795207123e+00,9.850081704021891316e-01,9.906006384770476014e-01,9.998151703119924072e-01
2.919667081532982600e+00,9.853428190046137347e-01,9.908116161345562611e-01,9.998193567078639266e-01
2.951209226666382968e+00,9.856697427330698424e-01,9.910176720547849705e-01,9.998234437557163012e-01
2.983092132198760904e+00,9.859891299360263872e-01,9.912189285432004837e-01,9.998274340004009719e-01
3.015319479479288134e+00,9.863011639978583878e-01,9.914155045782573339e-01,9.998313299140834109e-01
3.047894989627977669e+00,9.866060234819914454e-01,9.916075159120910643e-01,9.998351338986050107e-01
3.080822423965354329e+00,9.869038822695969104e-01,9.917950751678479282e-01,9.998388482877559325e-01
3.114105584446752228e+00,9.871949096939791612e-01,9.919782919337757354e-01,9.998424753494660200e-01
3.147748314101307621e+00,9.874792706707914425e-01,9.921572728541846464e-01,9.998460172879161112e-01
3.181754497475692389e+00,9.877571258242162644e-01,9.923321217173937114e-01,9.998494762455726326e-01
3.216128061082643264e+00,9.880286316092370402e-01,9.925029395407699573e-01,9.998528543051471429e-01
3.250872973854332493e+00,9.882939404301269715e-01,9.926698246529592762e-01,9.998561534914870430e-01
3.285993247600642153e+00,9.885532007552801925e-01,9.928328727734150316e-01,9.998593757733982290e-01
3.321492937472385165e+00,9.888065572284950866e-01,9.929921770893147537e-01,9.998625230654020202e-01
3.357376142429544075e+00,9.890541507768364493e-01,9.931478283299605136e-01,9.998655972294295813e-01
3.393647005714508058e+00,9.892961187151737557e-01,9.932999148387513522e-01,9.998686000764570592e-01
3.430309715330543519e+00,9.895325948475142130e-01,9.934485226428114713e-01,9.998715333680818773e-01
3.467368504525310868e+00,9.897637095652260797e-01,9.935937355203615651e-01,9.998743988180459619e-01
3.504827652279669525e+00,9.899895899422601619e-01,9.937356350659077853e-01,9.998771980937019022e-01
3.542691483801748031e+00,9.902103598274605289e-01,9.938743007533276108e-01,9.998799328174314827e-01
3.580964371026351234e+00,9.904261399340619221e-01,9.940098099969273404e-01,9.998826045680142549e-01
3.619650733119767150e+00,9.906370479264663409e-01,9.941422382105399302e-01,9.998852148819469265e-01
3.658755036990021026e+00,9.908431985043854029e-01,9.942716588647341203e-01,9.998877652547192296e-01
3.698281797802649873e+00,9.910447034844309666e-01,9.943981435421980208e-01,9.998902571420467122e-01
3.738235579502040107e+00,9.912416718792448345e-01,9.945217619913659934e-01,9.998926919610582331e-01
3.778620995338404676e+00,9.914342099742375902e-01,9.946425821783428933e-01,9.998950710914473738e-01
3.819442708400449860e+00,9.916224214020223915e-01,9.947606703371906223e-01,9.998973958765814407e-01
3.860705432153809902e+00,9.918064072146126620e-01,9.948760910186317252e-01,9.998996676245742732e-01
3.902413930985232593e+00,9.919862659534589566e-01,9.949889071372238769e-01,9.999018876093246355e-01
3.944573020752778270e+00,9.921620937173947219e-01,9.950991800170601032e-01,9.999040570715166387e-01
3.987187569341828830e+00,9.923339842285557877e-01,9.952069694360430319e-01,9.999061772195906306e-01
4.030262497227166563e+00,9.925020288963435355e-01,9.953123336687851319e-01,9.999082492306785586e-01
4.073802778041118344e+00,9.926663168794904735e-01,9.954153295281791269e-01,9.999102742515109110e-01
4.117813439147832710e+00,9.928269351462921666e-01,9.955160124056862125e-01,9.999122533992929052e-01
4.162299562223765292e+00,9.929839685330630328e-01,9.956144363103840433e-01,9.999141877625508101e-01
4.207266283844427690e+00,9.931374998008736243e-01,9.957106539068197870e-01,9.999160784019544002e-01
4.252718796077487262e+00,9.932876096906239072e-01,9.958047165517033283e-01,9.999179263511077664e-01
4.298662347082260915e+00,9.934343769765063836e-01,9.958966743294865864e-01,9.999197326173191458e-01
4.345102241715697922e+00,9.935778785179113504e-01,9.959865760868622520e-01,9.999214981823428827e-01
4.392043842144899735e+00,9.937181893098200325e-01,9.960744694662163612e-01,9.999232240030992980e-01
4.439492568466276268e+00,9.938553825317404389e-01,9.961604009380783387e-01,9.999249110123706874e-01
4.487453899331315554e+00,9.939895295952252408e-01,9.962444158325911570e-01,9.999265601194755604e-01
4.535933372579267875e+00,9.941207001900218554e-01,9.963265583700434691e-01,9.999281722109230053e-01
4.584936585876504545e+00,9.942489623288943701e-01,9.964068716904883605e-01,9.999297481510428520e-01
4.634469197362870219e+00,9.943743823911627144e-01,9.964853978824844694e-01,9.999312887826001806e-01
4.684536926304997628e+00,9.944970251649959403e-01,9.965621780109841232e-01,9.999327949273878469e-01
4.735145553756677117e+00,9.946169538885009098e-01,9.966372521443975785e-01,9.999342673868016895e-01
4.786300923226369797e+00,9.947342302896453603e-01,9.967106593808654491e-01,9.999357069423985278e-01
4.838008941351921166e+00,9.948489146250475423e-01,9.967824378737554225e-01,9.999371143564350639e-01
4.890275578582572003e+00,9.949610657176727324e-01,9.968526248564192338e-01,9.999384903723919082e-01
4.943106869868335806e+00,9.950707409934671510e-01,9.969212566662261077e-01,9.999398357154816175e-01
4.996508915356815628e+00,9.951779965169645914e-01,9.969883687679007567e-01,9.999411510931396352e-01
5.050487881097581955e+00,9.952828870258956240e-01,9.970539957761868077e-01,9.999424371955026869e-01
5.105049999754057488e+00,9.953854659648317948e-01,9.971181714778551974e-01,9.999436946958705219e-01
5.160201571323274727e+00,9.954857855178936843e-01,9.971809288530860682e-01,9.999449242511555536e-01
5.215948963863236365e+00,9.955838966405524681e-01,9.972423000962327144e-01,9.999461265023171785e-01
5.272298614228216884e+00,9.956798490905509613e-01,9.973023166359995528e-01,9.999473020747855490e-01
5.329257028811992036e+00,9.957736914579736753e-01,9.973610091550424439e-01,9.999484515788705785e-01
5.386830784299095676e+00,9.958654711944896487e-01,9.974184076090175655e-01,9.999495756101595134e-01
5.445026528424197210e+00,9.959552346417943625e-01,9.974745412450910509e-01,9.999506747499037340e-01
5.503850980739676935e+00,9.960430270592740554e-01,9.975294386199294872e-01,9.999517495653927890e-01
5.563310933391500512e+00,9.961288926509179742e-01,9.975831276171851503e-01,9.999528006103187705e-01
5.623413251903470744e+00,9.962128745914980987e-01,9.976356354644936308e-01,9.999538284251288101e-01
5.684164875969949904e+00,9.962950150520413217e-01,9.976869887500002809e-01,9.999548335373684704e-01
5.745572820257153879e+00,9.963753552246138456e-01,9.977372134384243640e-01,9.999558164620148126e-01
5.807644175213114934e+00,9.964539353464382243e-01,9.977863348866841120e-01,9.999567777017992487e-01
5.870386107886300664e+00,9.965307947233640329e-01,9.978343778590873514e-01,9.999577177475228451e-01
5.933805862753271043e+00,9.966059717527090411e-01,9.978813665421072399e-01,9.999586370783601907e-01
5.997910762555083153e+00,9.966795039454932059e-01,9.979273245587534369e-01,9.999595361621569367e-01
6.062708209142829041e+00,9.967514279480800266e-01,9.979722749825511441e-01,9.999604154557180102e-01
6.128205684332284520e+00,9.968217795632439149e-01,9.980162403511397828e-01,9.999612754050863916e-01
6.194410750767798568e+00,9.968905937706808995e-01,9.980592426795042993e-01,9.999621164458170064e-01
6.261331052795507723e+00,9.969579047469787625e-01,9.981013034728480893e-01,9.999629390032396259e-01
6.328974317345991807e+00,9.970237458850615964e-01,9.981424437391199778e-01,9.999637434927174384e-01
6.397348354826458916e+00,9.970881498131252130e-01,9.981826840012044677e-01,9.999645303198954061e-01
6.466461060022573371e+00,9.971511484130766156e-01,9.982220443087883588e-01,9.999652998809455129e-01
6.536320413010021646e+00,9.972127728384929668e-01,9.982605442499065118e-01,9.999660525628011332e-01
6.606934480075954852e+00,9.972730535321168155e-01,9.982982029621847442e-01,9.999667887433877356e-01
6.678311414650267785e+00,9.973320202428911374e-01,9.983350391437832982e-01,9.999675087918467042e-01
6.750459458247166644e+00,9.973897020425611659e-01,9.983710710640515407e-01,9.999682130687521653e-01
6.823386941416685225e+00,9.974461273418431251e-01,9.984063165739011092e-01,9.999689019263229284e-01
6.897102284706591036e+00,9.975013239061806258e-01,9.984407931159086091e-01,9.999695757086286552e-01
6.971613999634659109e+00,9.975553188710948316e-01,9.984745177341520783e-01,9.999702347517895884e-01
7.046930689671452086e+00,9.976081387571426040e-01,9.985075070837917677e-01,9.999708793841713961e-01
7.123061051233719354e+00,9.976598094844936204e-01,9.985397774404016769e-01,9.999715099265751306e-01
7.200013874688522719e+00,9.977103563871372316e-01,9.985713447090582839e-01,9.999721266924213037e-01
7.277798045368216506e+00,9.977598042267270539e-01,9.986022244331950182e-01,9.999727299879309639e-01
7.356422544596386892e+00,9.978081772060770627e-01,9.986324318032281377e-01,9.999733201122982251e-01
7.435896450724879259e+00,9.978554989823154031e-01,9.986619816649604520e-01,9.999738973578626844e-01
7.516228940182023699e+00,9.979017926797091320e-01,9.986908885277691050e-01,9.999744620102737347e-01
7.597429288532222103e+00,9.979470809021644406e-01,9.987191665725857481e-01,9.999750143486538789e-01
7.679506871546832869e+00,9.979913857454156823e-01,9.987468296596714312e-01,9.999755546457527178e-01
7.762471166286906588e+00,9.980347288089090885e-01,9.987738913361946524e-01,9.999760831681036022e-01
7.846331752197344578e+00,9.980771312073897228e-01,9.988003648436165616e-01,9.999766001761697387e-01
7.931098312213011425e+00,9.981186135822014416e-01,9.988262631248900902e-01,9.999771059244916271e-01
8.016780633876773976e+00,9.981591961123051915e-01,9.988515988314768945e-01,9.999776006618269486e-01
8.103388610469611564e+00,9.981988985250259683e-01,9.988763843301881051e-01,9.999780846312893434e-01
8.190932242152950238e+00,9.982377401065336553e-01,9.989006317098538812e-01,9.999785580704818599e-01
8.279421637123316913e+00,9.982757397120652909e-01,9.989243527878238771e-01,9.999790212116289601e-01
8.368867012779485748e+00,9.983129157758967587e-01,9.989475591163085033e-01,9.999794742817026405e-01
8.459278696902227779e+00,9.983492863210703394e-01,9.989702619885600932e-01,9.999799175025473330e-01
8.550667128846798803e+00,9.983848689688830103e-01,9.989924724449006366e-01,9.999803510910011406e-01
8.643042860748321843e+00,9.984196809481437063e-01,9.990142012786018544e-01,9.999807752590129661e-01
8.736416558740211613e+00,9.984537391042052068e-01,9.990354590416176128e-01,9.999811902137587527e-01
8.830799004185616141e+00,9.984870599077769748e-01,9.990562560501766720e-01,9.999815961577525059e-01
8.926201094922470602e+00,9.985196594635227241e-01,9.990766023902365456e-01,9.999819932889557617e-01
9.022633846521683765e+00,9.985515535184509295e-01,9.990965079228050216e-01,9.999823818008850562e-01
9.120108393559078763e+00,9.985827574701028331e-01,9.991159822891296782e-01,9.999827618827145104e-01
9.218635990901049126e+00,9.986132863745428301e-01,9.991350349157620547e-01,9.999831337193778591e-01
9.318228015004089926e+00,9.986431549541560093e-01,9.991536750194972560e-01,9.999834974916669283e-01
9.418895965228387013e+00,9.986723776052592871e-01,9.991719116121940969e-01,9.999838533763282244e-01
9.520651465165572702e+00,9.987009684055296876e-01,9.991897535054781176e-01,9.999842015461561928e-01
9.623506263980852182e+00,9.987289411212549872e-01,9.992072093153302470e-01,9.999845421700861436e-01
9.727472237769614338e+00,9.987563092144121635e-01,9.992242874665648866e-01,9.999848754132820705e-01
9.832561390928695744e+00,9.987830858495759800e-01,9.992409961972011923e-01,9.999852014372244691e-01
9.938785857542505653e+00,9.988092839006634804e-01,9.992573435627256639e-01,9.999855203997958242e-01
1.004615790278394094e+01,9.988349159575189429e-01,9.992733374402577029e-01,9.999858324553626554e-01
1.015468992433078910e+01,9.988599943323428487e-01,9.992889855326093640e-01,9.999861377548568964e-01
1.026439445379708637e+01,9.988845310659680843e-01,9.993042953722528488e-01,9.999864364458552757e-01
1.037528415818010608e+01,9.989085379339882609e-01,9.993192743251908539e-01,9.999867286726548121e-01
1.048737184132295575e+01,9.989320264527428161e-01,9.993339295947348822e-01,9.999870145763499751e-01
1.060067044539296077e+01,9.989550078851581194e-01,9.993482682251944027e-01,9.999872942949044052e-01
1.071519305237603525e+01,9.989774932464553503e-01,9.993622971054779702e-01,9.999875679632236336e-01
1.083095288558718217e+01,9.989994933097217089e-01,9.993760229726089683e-01,9.999878357132238049e-01
1.094796331119732358e+01,9.990210186113522850e-01,9.993894524151579750e-01,9.999880976739010663e-01
1.106623783977662434e+01,9.990420794563641405e-01,9.994025918765950811e-01,9.999883539713966263e-01
1.118579012785447269e+01,9.990626859235876012e-01,9.994154476585628277e-01,9.999886047290632574e-01
1.130663397949634330e+01,9.990828478707347582e-01,9.994280259240703179e-01,9.999888500675278014e-01
1.142878334789770634e+01,9.991025749393518396e-01,9.994403327006153859e-01,9.999890901047526759e-01
1.155225233699497878e+01,9.991218765596555640e-01,9.994523738832313819e-01,9.999893249560974917e-01
1.167705520309425893e+01,9.991407619552563624e-01,9.994641552374633475e-01,9.999895547343766733e-01
1.180320635651727557e+01,9.991592401477752405e-01,9.994756824022745789e-01,9.999897795499178565e-01
1.193072036326531205e+01,9.991773199613507295e-01,9.994869608928852456e-01,9.999899995106180661e-01
1.205961194670105563e+01,9.991950100270425850e-01,9.994979961035448390e-01,9.999902147219982274e-01
1.218989598924863316e+01,9.992123187871355672e-01,9.995087933102413391e-01,9.999904252872571231e-01
1.232158753411200358e+01,9.992292544993418568e-01,9.995193576733449881e-01,9.999906313073230191e-01
1.245470178701191521e+01,9.992458252409075481e-01,9.995296942401923346e-01,9.999908328809058444e-01
1.258925411794162841e+01,9.992620389126261049e-01,9.995398079476115472e-01,9.999910301045462635e-01
1.272526006294161327e+01,9.992779032427575592e-01,9.995497036243866651e-01,9.999912230726646367e-01
1.286273532589340363e+01,9.992934257908601126e-01,9.995593859936671155e-01,9.999914118776086491e-01
1.300169578033284701e+01,9.993086139515314770e-01,9.995688596753204980e-01,9.999915966096998288e-01
1.314215747128298517e+01,9.993234749580680587e-01,9.995781291882319675e-01,9.999917773572781776e-01
1.328413661710649407e+01,9.993380158860368789e-01,9.995871989525501045e-01,9.999919542067486899e-01
1.342764961137861768e+01,9.993522436567701117e-01,9.995960732918813818e-01,9.999921272426217644e-01
1.357271302477985664e+01,9.993661650407751340e-01,9.996047564354354487e-01,9.999922965475573911e-01
1.371934360700934619e+01,9.993797866610725222e-01,9.996132525201182339e-01,9.999924622024060072e-01
1.386755828871885221e+01,9.993931149964535576e-01,9.996215655925813071e-01,9.999926242862490211e-01
1.401737418346766262e+01,9.994061563846665663e-01,9.996296996112210564e-01,9.999927828764377802e-01
1.416880858969860135e+01,9.994189170255299848e-01,9.996376584481337924e-01,9.999929380486324293e-01
1.432187899273538889e+01,9.994314029839750368e-01,9.996454458910258856e-01,9.999930898768396581e-01
1.447660306680157127e+01,9.994436201930193553e-01,9.996530656450814956e-01,9.999932384334497826e-01
1.463299867706127877e+01,9.994555744566745448e-01,9.996605213347847796e-01,9.999933837892710509e-01
1.479108388168201316e+01,9.994672714527861324e-01,9.996678165057052423e-01,9.999935260135670578e-01
1.495087693391978867e+01,9.994787167358121227e-01,9.996749546262382324e-01,9.999936651740893856e-01
1.511239628422651649e+01,9.994899157395352729e-01,9.996819390893089130e-01,9.999938013371115764e-01
1.527566058238070568e+01,9.995008737797187459e-01,9.996887732140365967e-01,9.999939345674623281e-01
1.544068867964064040e+01,9.995115960566983704e-01,9.996954602473612228e-01,9.999940649285572469e-01
1.560749963092108317e+01,9.995220876579186120e-01,9.997020033656335292e-01,9.999941924824291561e-01
1.577611269699345087e+01,9.995323535604108134e-01,9.997084056761690318e-01,9.999943172897605148e-01
1.594654734670974960e+01,9.995423986332164779e-01,9.997146702187676981e-01,9.999944394099116174e-01
1.611882325925053649e+01,9.995522276397553751e-01,9.997207999671980927e-01,9.999945589009506808e-01
1.629296032639717495e+01,9.995618452401423548e-01,9.997267978306492164e-01,9.999946758196822660e-01
1.646897865482862855e+01,9.995712559934494257e-01,9.997326666551499263e-01,9.999947902216749229e-01
1.664689856844308125e+01,9.995804643599208728e-01,9.997384092249546050e-01,9.999949021612885014e-01
1.682674061070460780e+01,9.995894747031353056e-01,9.997440282639005193e-01,9.999950116917011300e-01
1.700852554701524966e+01,9.995982912921230756e-01,9.997495264367322054e-01,9.999951188649345291e-01
1.719227436711271650e+01,9.996069183034329564e-01,9.997549063503978761e-01,9.999952237318801007e-01
1.737800828749373494e+01,9.996153598231556359e-01,9.997601705553160745e-01,9.999953263423237981e-01
1.756574875386415968e+01,9.996236198489003577e-01,9.997653215466142385e-01,9.999954267449699952e-01
1.775551744361495210e+01,9.996317022917290407e-01,9.997703617653393993e-01,9.999955249874653562e-01
1.794733626832523044e+01,9.996396109780453232e-01,9.997752935996419010e-01,9.999956211164227060e-01
1.814122737629224957e+01,9.996473496514441948e-01,9.997801193859330304e-01,9.999957151774426789e-01
1.833721315508877936e+01,9.996549219745186621e-01,9.997848414100166670e-01,9.999958072151368116e-01
1.853531623414805907e+01,9.996623315306276680e-01,9.997894619081952872e-01,9.999958972731488593e-01
1.873555948737671528e+01,9.996695818256227106e-01,9.997939830683525431e-01,9.999959853941760013e-01
1.893796603579585991e+01,9.996766762895401559e-01,9.997984070310095284e-01,9.999960716199897126e-01
1.914255925021078752e+01,9.996836182782506963e-01,9.998027358903608386e-01,9.999961559914559706e-01
1.934936275390944616e+01,9.996904110750773897e-01,9.998069716952840968e-01,9.999962385485550165e-01
1.955840042539011492e+01,9.996970578923751738e-01,9.998111164503308279e-01,9.999963193304008957e-01
1.976969640111858695e+01,9.997035618730757411e-01,9.998151721166909089e-01,9.999963983752604424e-01
1.998327507831479721e+01,9.997099260921988861e-01,9.998191406131402559e-01,9.999964757205714871e-01
2.019916111777026302e+01,9.997161535583306557e-01,9.998230238169640849e-01,9.999965514029610647e-01
2.041737944669525717e+01,9.997222472150676387e-01,9.998268235648613000e-01,9.999966254582636216e-01
2.063795526159707450e+01,9.997282099424307233e-01,9.998305416538287860e-01,9.999966979215376695e-01
2.086091403118935972e+01,9.997340445582484358e-01,9.998341798420258275e-01,9.999967688270833266e-01
2.108628149933283780e+01,9.997397538195061939e-01,9.998377398496196555e-01,9.999968382084579721e-01
2.131408368800780551e+01,9.997453404236706920e-01,9.998412233596121190e-01,9.999969060984938984e-01
2.154434690031876798e+01,9.997508070099813127e-01,9.998446320186484826e-01,9.999969725293123002e-01
2.177709772353151152e+01,9.997561561607158920e-01,9.998479674378079052e-01,9.999970375323404825e-01
2.201236303214299284e+01,9.997613904024258424e-01,9.998512311933767105e-01,9.999971011383256281e-01
2.225016999098439641e+01,9.997665122071470734e-01,9.998544248276055590e-01,9.999971633773508950e-01
2.249054605835779341e+01,9.997715239935824894e-01,9.998575498494471914e-01,9.999972242788489618e-01
2.273351898920627434e+01,9.997764281282595089e-01,9.998606077352821808e-01,9.999972838716157941e-01
2.297911683831916818e+01,9.997812269266607155e-01,9.998635999296241472e-01,9.999973421838262988e-01
2.322736796357103017e+01,9.997859226543314159e-01,9.998665278458138683e-01,9.999973992430458702e-01
2.347830102919607498e+01,9.997905175279629963e-01,9.998693928666934072e-01,9.999974550762447123e-01
2.373194500909788118e+01,9.997950137164501871e-01,9.998721963452709138e-01,9.999975097098106058e-01
2.398832919019484322e+01,9.997994133419283447e-01,9.998749396053653316e-01,9.999975631695610101e-01
2.424748317580178281e+01,9.998037184807853084e-01,9.998776239422414447e-01,9.999976154807570516e-01
2.450943688904808937e+01,9.998079311646533851e-01,9.998802506232278287e-01,9.999976666681134052e-01
2.477422057633276964e+01,9.998120533813779076e-01,9.998828208883231428e-01,9.999977167558113944e-01
2.504186481081686466e+01,9.998160870759653651e-01,9.998853359507889893e-01,9.999977657675116482e-01
2.531240049595353625e+01,9.998200341515112166e-01,9.998877969977283398e-01,9.999978137263622058e-01
2.558585886905634865e+01,9.998238964701068321e-01,9.998902051906528587e-01,9.999978606550137261e-01
2.586227150490616467e+01,9.998276758537258946e-01,9.998925616660375715e-01,9.999979065756263719e-01
2.614167031939653540e+01,9.998313740850941489e-01,9.998948675358626526e-01,9.999979515098837979e-01
2.642408757321942403e+01,9.998349929085366128e-01,9.998971238881440016e-01,9.999979954790009229e-01
2.670955587558979971e+01,9.998385340308089120e-01,9.998993317874516062e-01,9.999980385037358088e-01
2.699810818801094570e+01,9.998419991219101854e-01,9.999014922754181356e-01,9.999980806043982096e-01
2.728977782808034291e+01,9.998453898158767839e-01,9.999036063712338773e-01,9.999981218008605621e-01
2.758459847333669046e+01,9.998487077115597588e-01,9.999056750721339037e-01,9.999981621125668685e-01
2.788260416514845375e+01,9.998519543733862536e-01,9.999076993538714708e-01,9.999982015585412443e-01
2.818382931264444835e+01,9.998551313321023537e-01,9.999096801711838678e-01,9.999982401573986879e-01
2.848830869668687527e+01,9.998582400855016150e-01,9.999116184582456102e-01,9.999982779273527411e-01
2.879607747388729067e+01,9.998612820991360506e-01,9.999135151291149715e-01,9.999983148862241489e-01
2.910717118066593656e+01,9.998642588070135728e-01,9.999153710781667481e-01,9.999983510514494078e-01
2.942162573735495812e+01,9.998671716122778941e-01,9.999171871805190293e-01,9.999983864400902034e-01
2.973947745234602991e+01,9.998700218878762147e-01,9.999189642924488641e-01,9.999984210688404040e-01
3.006076302628226671e+01,9.998728109772111461e-01,9.999207032517993810e-01,9.999984549540336110e-01
3.038551955629650081e+01,9.998755401947772015e-01,9.999224048783785790e-01,9.999984881116519286e-01
3.071378454029424176e+01,9.998782108267860735e-01,9.999240699743476846e-01,9.999985205573339586e-01
3.104559588128348935e+01,9.998808241317765910e-01,9.999256993246035119e-01,9.999985523063804616e-01
3.138099189175117942e+01,9.998833813412119076e-01,9.999272936971510539e-01,9.999985833737633500e-01
3.172001129808693065e+01,9.998858836600632571e-01,9.999288538434667473e-01,9.999986137741317949e-01
3.206269324505456098e+01,9.998883322673820517e-01,9.999303804988579625e-01,9.999986435218197744e-01
3.240907730031193523e+01,9.998907283168586568e-01,9.999318743828097267e-01,9.999986726308527363e-01
3.275920345897964125e+01,9.998930729373693982e-01,9.999333361993266722e-01,9.999987011149541472e-01
3.311311214825898475e+01,9.998953672335121334e-01,9.999347666372684351e-01,9.999987289875518215e-01
3.347084423209992110e+01,9.998976122861287230e-01,9.999361663706742842e-01,9.999987562617848047e-01
3.383244101591953523e+01,9.998998091528186194e-01,9.999375360590848638e-01,9.999987829505097015e-01
3.419794425137084914e+01,9.999019588684386894e-01,9.999388763478539444e-01,9.999988090663055607e-01
3.456739614116437309e+01,9.999040624455940440e-01,9.999401878684540668e-01,9.999988346214814250e-01
3.494083934394059554e+01,9.999061208751177654e-01,9.999414712387767468e-01,9.999988596280811048e-01
3.531831697919562885e+01,9.999081351265396433e-01,9.999427270634250187e-01,9.999988840978899507e-01
3.569987263225998930e+01,9.999101061485455855e-01,9.999439559339997619e-01,9.999989080424388499e-01
3.608555035933120081e+01,9.999120348694268134e-01,9.999451584293804762e-01,9.999989314730112211e-01
3.647539469256067690e+01,9.999139221975191782e-01,9.999463351159986191e-01,9.999989544006469000e-01
3.686945064519564141e+01,9.999157690216329275e-01,9.999474865481071673e-01,9.999989768361499110e-01
3.726776371677656385e+01,9.999175762114729249e-01,9.999486132680417416e-01,9.999989987900904653e-01
3.767037989839074896e+01,9.999193446180512090e-01,9.999497158064787339e-01,9.999990202728116229e-01
3.807734567798267733e+01,9.999210750740887832e-01,9.999507946826852178e-01,9.999990412944345097e-01
3.848870804572172943e+01,9.999227683944099665e-01,9.999518504047663070e-01,9.999990618648623153e-01
3.890451449942802498e+01,9.999244253763269752e-01,9.999528834699038526e-01,9.999990819937848441e-01
3.932481305005617145e+01,9.999260468000181756e-01,9.999538943645934763e-01,9.999991016906846220e-01
3.974965222723969305e+01,9.999276334288959012e-01,9.999548835648733869e-01,9.999991209648390056e-01
4.017908108489392305e+01,9.999291860099680518e-01,9.999558515365504219e-01,9.999991398253268438e-01
4.061314920688012364e+01,9.999307052741907009e-01,9.999567987354198717e-01,9.999991582810311419e-01
4.105190671273069114e+01,9.999321919368143741e-01,9.999577256074815290e-01,9.999991763406447243e-01
4.149540426343618549e+01,9.999336466977215565e-01,9.999586325891504091e-01,9.999991940126723433e-01
4.194369306729486624e+01,9.999350702417569847e-01,9.999595201074632511e-01,9.999992113054371190e-01
4.239682488582545972e+01,9.999364632390522756e-01,9.999603885802798020e-01,9.999992282270827593e-01
4.285485203974380397e+01,9.999378263453422289e-01,9.999612384164812129e-01,9.999992447855777788e-01
4.331782741500398970e+01,9.999391602022736913e-01,9.999620700161627740e-01,9.999992609887192740e-01
4.378580446890486400e+01,9.999404654377099799e-01,9.999628837708234297e-01,9.999992768441376967e-01
4.425883723626262167e+01,9.999417426660266450e-01,9.999636800635500755e-01,9.999992923592984084e-01
4.473698033564924259e+01,9.999429924884020160e-01,9.999644592691993017e-01,9.999993075415068988e-01
4.522028897569999373e+01,9.999442154931004190e-01,9.999652217545746957e-01,9.999993223979115609e-01
4.570881896148743095e+01,9.999454122557510649e-01,9.999659678785989270e-01,9.999993369355072437e-01
4.620262670096506241e+01,9.999465833396187220e-01,9.999666979924846100e-01,9.999993511611382502e-01
4.670176921148051008e+01,9.999477292958706132e-01,9.999674124398991726e-01,9.999993650815022228e-01
4.720630412635893691e+01,9.999488506638352092e-01,9.999681115571281698e-01,9.999993787031521419e-01
4.771628970155772009e+01,9.999499479712589123e-01,9.999687956732332683e-01,9.999993920325010999e-01
4.823178482239291753e+01,9.999510217345529695e-01,9.999694651102076781e-01,9.999994050758239661e-01
4.875284901033847262e+01,9.999520724590388321e-01,9.999701201831293629e-01,9.999994178392607180e-01
4.927954242989879674e+01,9.999531006391850774e-01,9.999707612003077006e-01,9.999994303288196607e-01
4.981192589555570294e+01,9.999541067588425536e-01,9.999713884634309213e-01,9.999994425503797579e-01
5.035006087879026637e+01,9.999550912914711986e-01,9.999720022677077713e-01,9.999994545096939635e-01
5.089400951518085492e+01,9.999560547003640831e-01,9.999726029020064022e-01,9.999994662123913303e-01
5.144383461157680415e+01,9.999569974388660132e-01,9.999731906489915945e-01,9.999994776639803407e-01
5.199959965335152390e+01,9.999579199505864713e-01,9.999737657852577621e-01,9.999994888698509055e-01
5.256136881173207342e+01,9.999588226696105586e-01,9.999743285814589600e-01,9.999994998352770281e-01
5.312920695120885028e+01,9.999597060207022770e-01,9.999748793024375582e-01,9.999995105654201355e-01
5.370317963702515129e+01,9.999605704195053679e-01,9.999754182073485875e-01,9.999995210653298550e-01
5.428335314274764301e+01,9.999614162727393785e-01,9.999759455497817529e-01,9.999995313399480112e-01
5.486979445791860854e+01,9.999622439783915073e-01,9.999764615778824473e-01,9.999995413941099587e-01
5.546257129579090162e+01,9.999630539259040107e-01,9.999769665344662162e-01,9.999995512325472458e-01
5.606175210114637508e+01,9.999638464963580553e-01,9.999774606571363300e-01,9.999995608598902797e-01
5.666740605819891385e+01,9.999646220626534632e-01,9.999779441783935852e-01,9.999995702806694364e-01
5.727960309858269028e+01,9.999653809896841272e-01,9.999784173257468822e-01,9.999995794993179477e-01
5.789841390942686417e+01,9.999661236345102067e-01,9.999788803218204736e-01,9.999995885201737877e-01
5.852390994151760140e+01,9.999668503465271030e-01,9.999793333844584353e-01,9.999995973474821165e-01
5.915616341754731877e+01,9.999675614676287738e-01,9.999797767268285842e-01,9.999996059853969443e-01
5.979524734045509859e+01,9.999682573323704915e-01,9.999802105575215094e-01,9.999996144379823537e-01
6.044123550185508975e+01,9.999689382681249405e-01,9.999806350806500488e-01,9.999996227092159407e-01
6.109420249055707330e+01,9.999696045952378709e-01,9.999810504959447677e-01,9.999996308029898140e-01
6.175422370117881599e+01,9.999702566271783111e-01,9.999814569988483282e-01,9.999996387231118167e-01
6.242137534285149059e+01,9.999708946706861168e-01,9.999818547806077484e-01,9.999996464733088564e-01
6.309573444801913666e+01,9.999715190259172992e-01,9.999822440283649971e-01,9.999996540572275716e-01
6.377737888133318478e+01,9.999721299865850233e-01,9.999826249252441457e-01,9.999996614784359972e-01
6.446638734864308162e+01,9.999727278400978303e-01,9.999829976504380769e-01,9.999996687404260065e-01
6.516283940608401792e+01,9.999733128676948635e-01,9.999833623792938608e-01,9.999996758466140889e-01
6.586681546926287467e+01,9.999738853445794273e-01,9.999837192833939126e-01,9.999996828003440141e-01
6.657839682254358138e+01,9.999744455400477738e-01,9.999840685306377042e-01,9.999996896048870543e-01
6.729766562843170163e+01,9.999749937176155568e-01,9.999844102853210348e-01,9.999996962634445374e-01
6.802470493706266552e+01,9.999755301351432868e-01,9.999847447082126362e-01,9.999997027791492910e-01
6.875959869579020278e+01,9.999760550449563468e-01,9.999850719566308888e-01,9.999997091550663075e-01
6.950243175887953839e+01,9.999765686939654508e-01,9.999853921845170968e-01,9.999997153941956318e-01
7.025328989730505214e+01,9.999770713237812192e-01,9.999857055425087626e-01,9.999997214994722494e-01
7.101225980865378062e+01,9.999775631708291979e-01,9.999860121780098643e-01,9.999997274737680852e-01
7.177942912713596968e+01,9.999780444664607693e-01,9.999863122352607991e-01,9.999997333198942240e-01
7.255488643370368607e+01,9.999785154370621765e-01,9.999866058554062187e-01,9.999997390406002440e-01
7.333872126627881016e+01,9.999789763041612156e-01,9.999868931765609759e-01,9.999997446385777700e-01
7.413102413009147540e+01,9.999794272845311527e-01,9.999871743338762942e-01,9.999997501164599178e-01
7.493188650813030449e+01,9.999798685902936413e-01,9.999874494596021623e-01,9.999997554768237373e-01
7.574140087170532354e+01,9.999803004290177544e-01,9.999877186831505060e-01,9.999997607221907669e-01
7.655966069112555772e+01,9.999807230038179062e-01,9.999879821311560280e-01,9.999997658550283663e-01
7.738676044649034225e+01,9.999811365134498864e-01,9.999882399275358269e-01,9.999997708777510486e-01
7.822279563860014662e+01,9.999815411524044517e-01,9.999884921935465742e-01,9.999997757927214792e-01
7.906786279998236466e+01,9.999819371109982535e-01,9.999887390478442439e-01,9.999997806022515867e-01
7.992205950603781162e+01,9.999823245754644319e-01,9.999889806065371811e-01,9.999997853086036725e-01
8.078548438630711814e+01,9.999827037280386577e-01,9.999892169832420574e-01,9.999997899139915214e-01
8.165823713585902510e+01,9.999830747470469516e-01,9.999894482891381609e-01,9.999997944205815115e-01
8.254041852680160218e+01,9.999834378069886176e-01,9.999896746330181330e-01,9.999997988304933916e-01
8.343213041991789680e+01,9.999837930786179552e-01,9.999898961213402604e-01,9.999998031458012804e-01
8.433347577642724957e+01,9.999841407290257500e-01,9.999901128582779908e-01,9.999998073685349986e-01
8.524455866987364061e+01,9.999844809217163233e-01,9.999903249457700039e-01,9.999998115006808463e-01
8.616548429814258725e+01,9.999848138166866907e-01,9.999905324835663967e-01,9.999998155441822689e-01
8.709635899560768735e+01,9.999851395705000590e-01,9.999907355692777555e-01,9.999998195009413005e-01
8.803729024540886883e+01,9.999854583363601002e-01,9.999909342984192318e-01,9.999998233728190078e-01
8.898838669186159223e+01,9.999857702641834489e-01,9.999911287644572822e-01,9.999998271616362677e-01
8.994975815300337274e+01,9.999860755006696467e-01,9.999913190588519685e-01,9.999998308691753213e-01
9.092151563327254848e+01,9.999863741893704194e-01,9.999915052711010333e-01,9.999998344971797737e-01
9.190377133632573248e+01,9.999866664707576236e-01,9.999916874887819773e-01,9.999998380473562598e-01
9.289663867799340835e+01,9.999869524822888600e-01,9.999918657975926939e-01,9.999998415213741110e-01
9.390023229937534666e+01,9.999872323584724221e-01,9.999920402813928799e-01,9.999998449208676865e-01
9.491466808007771760e+01,9.999875062309299123e-01,9.999922110222416727e-01,9.999998482474358186e-01
9.594006315159299447e+01,9.999877742284599691e-01,9.999923781004388390e-01,9.999998515026425894e-01
9.697653591082458036e+01,9.999880364770967756e-01,9.999925415945601914e-01,9.999998546880195516e-01
9.802420603375742303e+01,9.999882931001705666e-01,9.999927015814956688e-01,9.999998578050643960e-01
9.908319448927635165e+01,9.999885442183653605e-01,9.999928581364857516e-01,9.999998608552433943e-01
1.001536235531341106e+02,9.999887899497760246e-01,9.999930113331562120e-01,9.999998638399910655e-01
1.012356168220684367e+02,9.999890304099634530e-01,9.999931612435531969e-01,9.999998667607108427e-01
1.023292992280752713e+02,9.999892657120089678e-01,9.999933079381773116e-01,9.999998696187765157e-01
1.034347970528324936e+02,9.999894959665678318e-01,9.999934514860155943e-01,9.999998724155323426e-01
1.045522379422814936e+02,9.999897212819212067e-01,9.999935919545759333e-01,9.999998751522936047e-01
1.056817509213656052e+02,9.999899417640271126e-01,9.999937294099171536e-01,9.999998778303472724e-01
1.068234664089280557e+02,9.999901575165697221e-01,9.999938639166808807e-01,9.999998804509527828e-01
1.079775162327706539e+02,9.999903686410095416e-01,9.999939955381218493e-01,9.999998830153429275e-01
1.091440336448753072e+02,9.999905752366293754e-01,9.999941243361376575e-01,9.999998855247231866e-01
1.103231533367898578e+02,9.999907774005827310e-01,9.999942503712977437e-01,9.999998879802739493e-01
1.115150114551802432e+02,9.999909752279382280e-01,9.999943737028719193e-01,9.999998903831500696e-01
1.127197456175505863e+02,9.999911688117244513e-01,9.999944943888590121e-01,9.999998927344815325e-01
1.139374949281332050e+02,9.999913582429752479e-01,9.999946124860126240e-01,9.999998950353738980e-01
1.151683999939506009e+02,9.999915436107704725e-01,9.999947280498692193e-01,9.999998972869095226e-01
1.164126029410489878e+02,9.999917250022790638e-01,9.999948411347736599e-01,9.999998994901472260e-01
1.176702474309112603e+02,9.999919025028000119e-01,9.999949517939045185e-01,9.999999016461228463e-01
1.189414786770432357e+02,9.999920761958018822e-01,9.999950600793002797e-01,9.999999037558505721e-01
1.202264434617410416e+02,9.999922461629631165e-01,9.999951660418817667e-01,9.999999058203222768e-01
1.215252901530392791e+02,9.999924124842091144e-01,9.999952697314785643e-01,9.999999078405090724e-01
1.228381687218423508e+02,9.999925752377513133e-01,9.999953711968502246e-01,9.999999098173607548e-01
1.241652307592407425e+02,9.999927345001228263e-01,9.999954704857109133e-01,9.999999117518071357e-01
1.255066294940144473e+02,9.999928903462147467e-01,9.999955676447505049e-01,9.999999136447578207e-01
1.268625198103255229e+02,9.999930428493116752e-01,9.999956627196576742e-01,9.999999154971028759e-01
1.282330582656016702e+02,9.999931920811262476e-01,9.999957557551407694e-01,9.999999173097136040e-01
1.296184031086131085e+02,9.999933381118319975e-01,9.999958467949486840e-01,9.999999190834421015e-01
1.310187142977448218e+02,9.999934810100978844e-01,9.999959358818923949e-01,9.999999208191227007e-01
1.324341535194663209e+02,9.999936208431186024e-01,9.999960230578635034e-01,9.999999225175716377e-01
1.338648842069991360e+02,9.999937576766479985e-01,9.999961083638559955e-01,9.999999241795872740e-01
1.353110715591901965e+02,9.999938915750292701e-01,9.999961918399834504e-01,9.999999258059516505e-01
1.367728825595846445e+02,9.999940226012254962e-01,9.999962735254991353e-01,9.999999273974292668e-01
1.382504859957070096e+02,9.999941508168482818e-01,9.999963534588146574e-01,9.999999289547684134e-01
1.397440524785502021e+02,9.999942762821883990e-01,9.999964316775168394e-01,9.999999304787018373e-01
1.412537544622750261e+02,9.999943990562419893e-01,9.999965082183865928e-01,9.999999319699456324e-01
1.427797662641226282e+02,9.999945191967408720e-01,9.999965831174161268e-01,9.999999334292013486e-01
1.443222640845418709e+02,9.999946367601777464e-01,9.999966564098246025e-01,9.999999348571548818e-01
1.458814260275343031e+02,9.999947518018332815e-01,9.999967281300760069e-01,9.999999362544781389e-01
1.474574321212189147e+02,9.999948643758024280e-01,9.999967983118955850e-01,9.999999376218280389e-01
1.490504643386189798e+02,9.999949745350198427e-01,9.999968669882842720e-01,9.999999389598472899e-01
1.506607066186740553e+02,9.999950823312840908e-01,9.999969341915351251e-01,9.999999402691653883e-01
1.522883448874763133e+02,9.999951878152831819e-01,9.999969999532490883e-01,9.999999415503979527e-01
1.539335670797416071e+02,9.999952910366172176e-01,9.999970643043486485e-01,9.999999428041473903e-01
1.555965631605071735e+02,9.999953920438224841e-01,9.999971272750924900e-01,9.999999440310034515e-01
1.572775251470664273e+02,9.999954908843943224e-01,9.999971888950913712e-01,9.999999452315425641e-01
1.589766471311401688e+02,9.999955876048085557e-01,9.999972491933200036e-01,9.999999464063297205e-01
1.606941253012873005e+02,9.999956822505448040e-01,9.999973081981313738e-01,9.999999475559171458e-01
1.624301579655577257e+02,9.999957748661060242e-01,9.999973659372707324e-01,9.999999486808454074e-01
1.641849455743898147e+02,9.999958654950417136e-01,9.999974224378881393e-01,9.999999497816435268e-01
1.659586907437554828e+02,9.999959541799662288e-01,9.999974777265507875e-01,9.999999508588292008e-01
1.677515982785550932e+02,9.999960409625802127e-01,9.999975318292562143e-01,9.999999519129084691e-01
1.695638751962652293e+02,9.999961258836894684e-01,9.999975847714440702e-01,9.999999529443777124e-01
1.713957307508418069e+02,9.999962089832248324e-01,9.999976365780087750e-01,9.999999539537214321e-01
1.732473764568822503e+02,9.999962903002601600e-01,9.999976872733100652e-01,9.999999549414142486e-01
1.751190261140454822e+02,9.999963698730311989e-01,9.999977368811857614e-01,9.999999559079210121e-01
1.770108958317418342e+02,9.999964477389536865e-01,9.999977854249615383e-01,9.999999568536956929e-01
1.789232040540836124e+02,9.999965239346405577e-01,9.999978329274635813e-01,9.999999577791833794e-01
1.808561715851083420e+02,9.999965984959194865e-01,9.999978794110275793e-01,9.999999586848189459e-01
1.828100216142738361e+02,9.999966714578493177e-01,9.999979248975106039e-01,9.999999595710286071e-01
1.847849797422285860e+02,9.999967428547369419e-01,9.999979694083006576e-01,9.999999604382285856e-01
1.867812740068608264e+02,9.999968127201537271e-01,9.999980129643272209e-01,9.999999612868271104e-01
1.887991349096287195e+02,9.999968810869500624e-01,9.999980555860703557e-01,9.999999621172226405e-01
1.908387954421751829e+02,9.999969479872726774e-01,9.999980972935711421e-01,9.999999629298065296e-01
1.929004911132302027e+02,9.999970134525772991e-01,9.999981381064404484e-01,9.999999637249599171e-01
1.949844599758037305e+02,9.999970775136468593e-01,9.999981780438688128e-01,9.999999645030572815e-01
1.970909426546724603e+02,9.999971402006019305e-01,9.999982171246348805e-01,9.999999652644641079e-01
1.992201823741641249e+02,9.999972015429181571e-01,9.999982553671142860e-01,9.999999660095389986e-01
2.013724249862385420e+02,9.999972615694389111e-01,9.999982927892889784e-01,9.999999667386316737e-01
2.035479189988790552e+02,9.999973203083881712e-01,9.999983294087548824e-01,9.999999674520853032e-01
2.057469156047835384e+02,9.999973777873850667e-01,9.999983652427305580e-01,9.999999681502350635e-01
2.079696687103690920e+02,9.999974340334560896e-01,9.999984003080649719e-01,9.999999688334095804e-01
2.102164349650892063e+02,9.999974890730475297e-01,9.999984346212457131e-01,9.999999695019298196e-01
2.124874737910676572e+02,9.999975429320392406e-01,9.999984681984070978e-01,9.999999701561101961e-01
2.147830474130527136e+02,9.999975956357554097e-01,9.999985010553368303e-01,9.999999707962583528e-01
2.171034208886947283e+02,9.999976472089771029e-01,9.999985332074842193e-01,9.999999714226753822e-01
2.194488621391509469e+02,9.999976976759534786e-01,9.999985646699672825e-01,9.999999720356557154e-01
2.218196419800210322e+02,9.999977470604139995e-01,9.999985954575791869e-01,9.999999726354874552e-01
2.242160341526165155e+02,9.999977953855792023e-01,9.999986255847966854e-01,9.999999732224527094e-01
2.266383153555692616e+02,9.999978426741708004e-01,9.999986550657851136e-01,9.999999737968278124e-01
2.290867652767770153e+02,9.999978889484237854e-01,9.999986839144061612e-01,9.999999743588822154e-01
2.315616666257023724e+02,9.999979342300959750e-01,9.999987121442246440e-01,9.999999749088805956e-01
2.340633051660124124e+02,9.999979785404785604e-01,9.999987397685140555e-01,9.999999754470816349e-01
2.365919697485753375e+02,9.999980219004056536e-01,9.999987668002628949e-01,9.999999759737381311e-01
2.391479523448122393e+02,9.999980643302648353e-01,9.999987932521815504e-01,9.999999764890978859e-01
2.417315480804097376e+02,9.999981058500064801e-01,9.999988191367071844e-01,9.999999769934029281e-01
2.443430552693964728e+02,9.999981464791523056e-01,9.999988444660110609e-01,9.999999774868909563e-01
2.469827754485877733e+02,9.999981862368062524e-01,9.999988692520023204e-01,9.999999779697934521e-01
2.496510134124025910e+02,9.999982251416613677e-01,9.999988935063354178e-01,9.999999784423377891e-01
2.523480772480565122e+02,9.999982632120110182e-01,9.999989172404145643e-01,9.999999789047461229e-01
2.550742783711348523e+02,9.999983004657548857e-01,9.999989404653989444e-01,9.999999793572358353e-01
2.578299315615501541e+02,9.999983369204097361e-01,9.999989631922092670e-01,9.999999798000195339e-01
2.606153549998892913e+02,9.999983725931157474e-01,9.999989854315310955e-01,9.999999802333053855e-01
2.634308703041479589e+02,9.999984075006459472e-01,9.999990071938211766e-01,9.999999806572974492e-01
2.662768025668721634e+02,9.999984416594136505e-01,9.999990284893119918e-01,9.999999810721947879e-01
2.691534803926910513e+02,9.999984750854794546e-01,9.999990493280165316e-01,9.999999814781928009e-01
2.720612359362600046e+02,9.999985077945602319e-01,9.999990697197328471e-01,9.999999818754822245e-01
2.750004049406127820e+02,9.999985398020351246e-01,9.999990896740487134e-01,9.999999822642495761e-01
2.779713267759281052e+02,9.999985711229539831e-01,9.999991092003466253e-01,9.999999826446780427e-01
2.809743444787148405e+02,9.999986017720429166e-01,9.999991283078073501e-01,9.999999830169462589e-01
2.840098047914205495e+02,9.999986317637132860e-01,9.999991470054155895e-01,9.999999833812293071e-01
2.870780582024680712e+02,9.999986611120664781e-01,9.999991653019620896e-01,9.999999837376986056e-01
2.901794589867244554e+02,9.999986898309016770e-01,9.999991832060499686e-01,9.999999840865215761e-01
2.933143652464073057e+02,9.999987179337219700e-01,9.999992007260973814e-01,9.999999844278625316e-01
2.964831389524339897e+02,9.999987454337410098e-01,9.999992178703419610e-01,9.999999847618815663e-01
2.996861459862121251e+02,9.999987723438890086e-01,9.999992346468450366e-01,9.999999850887358877e-01
3.029237561818924291e+02,9.999987986768185122e-01,9.999992510634942988e-01,9.999999854085793727e-01
3.061963433690672218e+02,9.999988244449110608e-01,9.999992671280086842e-01,9.999999857215622345e-01
3.095042854159355556e+02,9.999988496602820742e-01,9.999992828479417062e-01,9.999999860278314667e-01
3.128479642729337797e+02,9.999988743347876241e-01,9.999992982306844524e-01,9.999999863275316203e-01
3.162277660168371085e+02,9.999988984800294300e-01,9.999993132834698040e-01,9.999999866208029164e-01
3.196440808953381065e+02,9.999989221073598555e-01,9.999993280133750995e-01,9.999999869077836889e-01
3.230973033721062393e+02,9.999989452278883473e-01,9.999993424273263543e-01,9.999999871886086078e-01
3.265878321723346858e+02,9.999989678524853209e-01,9.999993565321009248e-01,9.999999874634102337e-01
3.301160703287789602e+02,9.999989899917893776e-01,9.999993703343301732e-01,9.999999877323170194e-01
3.336824252282928569e+02,9.999990116562090803e-01,9.999993838405042412e-01,9.999999879954560855e-01
3.372873086588674596e+02,9.999990328559311692e-01,9.999993970569729385e-01,9.999999882529506667e-01
3.409311368571790126e+02,9.999990536009233377e-01,9.999994099899507383e-01,9.999999885049219994e-01
3.446143305566450863e+02,9.999990739009394503e-01,9.999994226455186652e-01,9.999999887514887664e-01
3.483373150360112618e+02,9.999990937655244272e-01,9.999994350296267376e-01,9.999999889927667640e-01
3.521005201684512826e+02,9.999991132040177977e-01,9.999994471480982972e-01,9.999999892288692349e-01
3.559043804712033534e+02,9.999991322255593618e-01,9.999994590066307865e-01,9.999999894599072015e-01
3.597493351557414485e+02,9.999991508390930761e-01,9.999994706107999676e-01,9.999999896859897985e-01
3.636358281784887367e+02,9.999991690533701627e-01,9.999994819660619205e-01,9.999999899072226084e-01
3.675643082920789197e+02,9.999991868769548820e-01,9.999994930777558189e-01,9.999999901237102140e-01
3.715352290971713387e+02,9.999992043182273083e-01,9.999995039511060391e-01,9.999999903355543118e-01
3.755490490948257047e+02,9.999992213853883261e-01,9.999995145912251582e-01,9.999999905428542668e-01
3.796062317394427623e+02,9.999992380864625163e-01,9.999995250031157301e-01,9.999999907457075565e-01
3.837072454922771954e+02,9.999992544293022645e-01,9.999995351916736164e-01,9.999999909442096602e-01
3.878525638755278919e+02,9.999992704215917572e-01,9.999995451616889852e-01,9.999999911384541695e-01
3.920426655270148331e+02,9.999992860708500908e-01,9.999995549178498644e-01,9.999999913285321229e-01
3.962780342554389108e+02,9.999993013844352685e-01,9.999995644647429183e-01,9.999999915145327822e-01
4.005591590962534951e+02,9.999993163695477527e-01,9.999995738068571116e-01,9.999999916965437441e-01
4.048865343681248419e+02,9.999993310332330188e-01,9.999995829485852639e-01,9.999999918746509397e-01
4.092606597300099338e+02,9.999993453823856626e-01,9.999995918942250483e-01,9.999999920489373029e-01
4.136820402388496518e+02,9.999993594237521766e-01,9.999996006479829891e-01,9.999999922194855451e-01
4.181511864078846088e+02,9.999993731639348349e-01,9.999996092139750159e-01,9.999999923863756024e-01
4.226686142656016614e+02,9.999993866093934702e-01,9.999996175962282408e-01,9.999999925496857456e-01
4.272348454153170110e+02,9.999993997664504697e-01,9.999996257986839554e-01,9.999999927094929131e-01
4.318504070954026588e+02,9.999994126412918849e-01,9.999996338251990746e-01,9.999999928658724890e-01
4.365158322401642863e+02,9.999994252399708738e-01,9.999996416795473575e-01,9.999999930188976371e-01
4.412316595413757341e+02,9.999994375684113646e-01,9.999996493654215168e-01,9.999999931686404109e-01
4.459984335104810498e+02,9.999994496324099424e-01,9.999996568864355506e-01,9.999999933151713094e-01
4.508167045414596146e+02,9.999994614376385149e-01,9.999996642461256302e-01,9.999999934585588335e-01
4.556870289743867488e+02,9.999994729896480861e-01,9.999996714479522097e-01,9.999999935988709288e-01
4.606099691596651837e+02,9.999994842938697559e-01,9.999996784953013584e-01,9.999999937361734315e-01
4.655860935229579809e+02,9.999994953556188282e-01,9.999996853914864259e-01,9.999999938705309566e-01
4.706159766308219332e+02,9.999995061800959206e-01,9.999996921397500405e-01,9.999999940020063427e-01
4.757001992570493485e+02,9.999995167723910727e-01,9.999996987432652196e-01,9.999999941306616513e-01
4.808393484497271402e+02,9.999995271374841899e-01,9.999997052051365909e-01,9.999999942565571676e-01
4.860340175990202169e+02,9.999995372802484850e-01,9.999997115284022797e-01,9.999999943797525104e-01
4.912848065056867313e+02,9.999995472054533652e-01,9.999997177160355744e-01,9.999999945003051893e-01
4.965923214503342251e+02,9.999995569177649868e-01,9.999997237709458142e-01,9.999999946182722699e-01
5.019571752634234940e+02,9.999995664217501412e-01,9.999997296959796111e-01,9.999999947337087081e-01
5.073799873960287528e+02,9.999995757218772541e-01,9.999997354939232919e-01,9.999999948466691269e-01
5.128613839913642778e+02,9.999995848225191608e-01,9.999997411675021208e-01,9.999999949572065949e-01
5.184019979570747410e+02,9.999995937279547720e-01,9.999997467193845191e-01,9.999999950653731817e-01
5.240024690383241932e+02,9.999996024423710717e-01,9.999997521521801769e-01,9.999999951712195134e-01
5.296634438916568115e+02,9.999996109698653379e-01,9.999997574684438284e-01,9.999999952747953280e-01
5.353855761596652201e+02,9.999996193144473633e-01,9.999997626706750298e-01,9.999999953761496974e-01
5.411695265464624072e+02,9.999996274800402318e-01,9.999997677613200464e-01,9.999999954753299169e-01
5.470159628939701406e+02,9.999996354704832058e-01,9.999997727427717420e-01,9.999999955723827272e-01
5.529255602590310446e+02,9.999996432895336129e-01,9.999997776173727981e-01,9.999999956673539803e-01
5.588990009913538870e+02,9.999996509408674017e-01,9.999997823874147151e-01,9.999999957602879741e-01
5.649369748123004911e+02,9.999996584280821388e-01,9.999997870551406987e-01,9.999999958512286735e-01
5.710401788945247290e+02,9.999996657546983414e-01,9.999997916227452155e-01,9.999999959402183780e-01
5.772093179424708751e+02,9.999996729241605875e-01,9.999997960923758811e-01,9.999999960272996091e-01
5.834451042737422313e+02,9.999996799398396252e-01,9.999998004661342366e-01,9.999999961125128900e-01
5.897482579013508257e+02,9.999996868050345933e-01,9.999998047460763040e-01,9.999999961958984107e-01
5.961195066168452286e+02,9.999996935229729100e-01,9.999998089342152507e-01,9.999999962774952511e-01
6.025595860743567300e+02,9.999997000968131600e-01,9.999998130325195023e-01,9.999999963573418249e-01
6.090692398755337535e+02,9.999997065296466481e-01,9.999998170429162947e-01,9.999999964354757687e-01
6.156492196554031580e+02,9.999997128244973998e-01,9.999998209672910088e-01,9.999999965119337197e-01
6.223002851691578599e+02,9.999997189843257139e-01,9.999998248074893903e-01,9.999999965867518714e-01
6.290232043798814630e+02,9.999997250120272740e-01,9.999998285653163288e-01,9.999999966599648626e-01
6.358187535472210357e+02,9.999997309104362575e-01,9.999998322425388553e-01,9.999999967316076654e-01
6.426877173170174729e+02,9.999997366823262235e-01,9.999998358408861421e-01,9.999999968017139196e-01
6.496308888119046969e+02,9.999997423304106681e-01,9.999998393620499471e-01,9.999999968703161546e-01
6.566490697228869067e+02,9.999997478573452447e-01,9.999998428076853907e-01,9.999999969374467890e-01
6.637430704019060386e+02,9.999997532657286525e-01,9.999998461794132876e-01,9.999999970031375751e-01
6.709137099554105816e+02,9.999997585581040793e-01,9.999998494788185921e-01,9.999999970674193772e-01
6.781618163389244955e+02,9.999997637369593129e-01,9.999998527074525079e-01,9.999999971303223933e-01
6.854882264526605695e+02,9.999997688047297384e-01,9.999998558668329318e-01,9.999999971918761554e-01
6.928937862381437753e+02,9.999997737637978945e-01,9.999998589584458974e-01,9.999999972521097513e-01
7.003793507758896340e+02,9.999997786164953606e-01,9.999998619837445757e-01,9.999999973110511586e-01
7.079457843841362319e+02,9.999997833651039780e-01,9.999998649441512732e-01,9.999999973687283550e-01
7.155939607186419380e+02,9.999997880118564053e-01,9.999998678410582098e-01,9.999999974251682078e-01
7.233247628735621220e+02,9.999997925589372283e-01,9.999998706758274070e-01,9.999999974803974734e-01
7.311390834834151065e+02,9.999997970084846255e-01,9.999998734497913544e-01,9.999999975344422420e-01
7.390378248261501994e+02,9.999998013625904791e-01,9.999998761642548972e-01,9.999999975873277158e-01
7.470218989273288344e+02,9.999998056233019295e-01,9.999998788204937927e-01,9.999999976390787637e-01
7.550922276654308689e+02,9.999998097926225959e-01,9.999998814197571528e-01,9.999999976897198106e-01
7.632497428782996849e+02,9.999998138725121333e-01,9.999998839632671110e-01,9.999999977392746153e-01
7.714953864707387083e+02,9.999998178648895619e-01,9.999998864522195996e-01,9.999999977877664925e-01
7.798301105232576447e+02,9.999998217716316029e-01,9.999998888877847936e-01,9.999999978352182017e-01
7.882548774020200426e+02,9.999998255945754533e-01,9.999998912711075549e-01,9.999999978816521695e-01
7.967706598699520555e+02,9.999998293355180090e-01,9.999998936033090979e-01,9.999999979270901562e-01
8.053784411990648096e+02,9.999998329962185295e-01,9.999998958854853237e-01,9.999999979715533671e-01
8.140792152839875371e+02,9.999998365783980825e-01,9.999998981187097069e-01,9.999999980150630075e-01
8.228739867567272768e+02,9.999998400837408763e-01,9.999999003040319634e-01,9.999999980576392833e-01
8.317637711026684428e+02,9.999998435138951480e-01,9.999999024424799376e-01,9.999999980993022897e-01
8.407495947778255641e+02,9.999998468704738297e-01,9.999999045350584925e-01,9.999999981400716775e-01
8.498324953273624942e+02,9.999998501550546592e-01,9.999999065827522848e-01,9.999999981799665427e-01
8.590135215053924185e+02,9.999998533691822900e-01,9.999999085865233228e-01,9.999999982190056480e-01
8.682937333960717297e+02,9.999998565143677354e-01,9.999999105473140748e-01,9.999999982572074231e-01
8.776742025360024400e+02,9.999998595920901456e-01,9.999999124660465810e-01,9.999999982945898536e-01
8.871560120379598402e+02,9.999998626037962524e-01,9.999999143436226756e-01,9.999999983311702589e-01
8.967402567159414275e+02,9.999998655509020340e-01,9.999999161809257631e-01,9.999999983669662917e-01
9.064280432115978101e+02,9.999998684347936040e-01,9.999999179788187087e-01,9.999999984019943833e-01
9.162204901219979547e+02,9.999998712568263226e-01,9.999999197381476135e-01,9.999999984362710759e-01
9.261187281287914175e+02,9.999998740183274615e-01,9.999999214597395936e-01,9.999999984698126898e-01
9.361239001287616475e+02,9.999998767205949823e-01,9.999999231444037795e-01,9.999999985026345461e-01
9.462371613657903708e+02,9.999998793648998685e-01,9.999999247929323154e-01,9.999999985347525211e-01
9.564596795642472671e+02,9.999998819524852367e-01,9.999999264061006921e-01,9.999999985661818247e-01
9.667926350638210806e+02,9.999998844845674473e-01,9.999999279846668587e-01,9.999999985969367788e-01
9.772372209558070608e+02,9.999998869623374365e-01,9.999999295293733326e-01,9.999999986270320385e-01
9.877946432208668739e+02,9.999998893869600503e-01,9.999999310409464215e-01,9.999999986564817034e-01
9.984661208682766755e+02,9.999998917595752657e-01,9.999999325200965572e-01,9.999999986852997624e-01
1.009252886076683467e+03,9.999998940812986348e-01,9.999999339675195165e-01,9.999999987134996493e-01
1.020156184336363253e+03,9.999998963532215068e-01,9.999999353838957550e-01,9.999999987410945756e-01
1.031177274593053653e+03,9.999998985764123605e-01,9.999999367698908515e-01,9.999999987680979752e-01
1.042317429393302291e+03,9.999999007519165817e-01,9.999999381261569509e-01,9.999999987945216162e-01
1.053577935031404877e+03,9.999999028807570189e-01,9.999999394533316543e-01,9.999999988203789325e-01
1.064960091697927737e+03,9.999999049639343163e-01,9.999999407520386852e-01,9.999999988456813593e-01
1.076465213629832078e+03,9.999999070024281345e-01,9.999999420228891100e-01,9.999999988704411091e-01
1.088094629262223179e+03,9.999999089971969291e-01,9.999999432664798960e-01,9.999999988946698393e-01
1.099849681381737582e+03,9.999999109491785054e-01,9.999999444833961304e-01,9.999999989183788740e-01
1.111731727281587382e+03,9.999999128592907960e-01,9.999999456742099113e-01,9.999999989415792045e-01
1.123742138918279124e+03,9.999999147284316381e-01,9.999999468394810131e-01,9.999999989642821552e-01
1.135882303070027547e+03,9.999999165574798843e-01,9.999999479797576640e-01,9.999999989864980510e-01
1.148153621496877804e+03,9.999999183472957354e-01,9.999999490955755466e-01,9.999999990082373280e-01
1.160557511102564831e+03,9.999999200987206294e-01,9.999999501874593522e-01,9.999999990295103114e-01
1.173095404098098470e+03,9.999999218125780187e-01,9.999999512559227810e-01,9.999999990503267711e-01
1.185768748167158037e+03,9.999999234896735922e-01,9.999999523014678759e-01,9.999999990706970321e-01
1.198579006633232439e+03,9.999999251307960524e-01,9.999999533245864658e-01,9.999999990906304204e-01
1.211527658628585868e+03,9.999999267367167821e-01,9.999999543257593881e-01,9.999999991101360397e-01
1.224616199265045680e+03,9.999999283081911772e-01,9.999999553054575996e-01,9.999999991292232160e-01
1.237846139806635392e+03,9.999999298459579800e-01,9.999999562641413986e-01,9.999999991479012751e-01
1.251219007844071712e+03,9.999999313507399457e-01,9.999999572022618688e-01,9.999999991661785437e-01
1.264736347471147155e+03,9.999999328232449525e-01,9.999999581202598797e-01,9.999999991840637925e-01
1.278399719463018982e+03,9.999999342641652245e-01,9.999999590185671972e-01,9.999999992015651262e-01
1.292210701456423294e+03,9.999999356741781087e-01,9.999999598976059278e-01,9.999999992186913156e-01
1.306170888131835909e+03,9.999999370539468524e-01,9.999999607577896299e-01,9.999999992354502432e-01
1.320281891397602521e+03,9.999999384041197148e-01,9.999999615995228686e-01,9.999999992518496805e-01
1.334545340576060880e+03,9.999999397253319655e-01,9.999999624232008832e-01,9.999999992678971772e-01
1.348962882591651578e+03,9.999999410182046633e-01,9.999999632292112528e-01,9.999999992836007268e-01
1.363536182161108400e+03,9.999999422833454332e-01,9.999999640179333404e-01,9.999999992989671016e-01
1.378266921985654335e+03,9.999999435213494658e-01,9.999999647897371835e-01,9.999999993140040733e-01
1.393156802945299887e+03,9.999999447327987401e-01,9.999999655449861580e-01,9.999999993287184141e-01
1.408207544295233902e+03,9.999999459182626893e-01,9.999999662840353132e-01,9.999999993431172296e-01
1.423420883864337384e+03,9.999999470782988675e-01,9.999999670072322600e-01,9.999999993572070700e-01
1.438798578255840766e+03,9.999999482134526163e-01,9.999999677149167265e-01,9.999999993709948187e-01
1.454342403050150097e+03,9.999999493242576198e-01,9.999999684074215578e-01,9.999999993844869151e-01
1.470054153009862830e+03,9.999999504112363491e-01,9.999999690850722711e-01,9.999999993976894652e-01
1.485935642287000974e+03,9.999999514748997287e-01,9.999999697481877226e-01,9.999999994106087975e-01
1.501988704632480449e+03,9.999999525157478031e-01,9.999999703970794407e-01,9.999999994232510181e-01
1.518215193607850551e+03,9.999999535342697365e-01,9.999999710320528479e-01,9.999999994356222333e-01
1.534616982799292373e+03,9.999999545309450344e-01,9.999999716534060390e-01,9.999999994477278831e-01
1.551195966033985087e+03,9.999999555062418777e-01,9.999999722614316688e-01,9.999999994595738517e-01
1.567954057598754616e+03,9.999999564606188995e-01,9.999999728564151757e-01,9.999999994711659124e-01
1.584893192461110175e+03,9.999999573945247411e-01,9.999999734386364469e-01,9.999999994825091720e-01
1.602015326492666190e+03,9.999999583083987176e-01,9.999999740083691524e-01,9.999999994936091818e-01
1.619322436694975522e+03,9.999999592026705963e-01,9.999999745658815220e-01,9.999999995044711598e-01
1.636816521427803764e+03,9.999999600777601527e-01,9.999999751114354574e-01,9.999999995151001020e-01
1.654499600639868504e+03,9.999999609340796125e-01,9.999999756452870869e-01,9.999999995255010043e-01
1.672373716102073104e+03,9.999999617720312095e-01,9.999999761676879872e-01,9.999999995356787519e-01
1.690440931643257727e+03,9.999999625920090729e-01,9.999999766788836286e-01,9.999999995456383406e-01
1.708703333388499914e+03,9.999999633943986721e-01,9.999999771791141523e-01,9.999999995553842114e-01
1.727163029999987657e+03,9.999999641795770389e-01,9.999999776686149255e-01,9.999999995649211382e-01
1.745822152920501821e+03,9.999999649479138775e-01,9.999999781476159866e-01,9.999999995742534509e-01
1.764682856619497670e+03,9.999999656997697883e-01,9.999999786163427107e-01,9.999999995833855904e-01
1.783747318841906690e+03,9.999999664354989326e-01,9.999999790750152551e-01,9.999999995923219975e-01
1.803017740859565492e+03,9.999999671554469227e-01,9.999999795238497802e-01,9.999999996010663361e-01
1.822496347725389569e+03,9.999999678599521546e-01,9.999999799630565622e-01,9.999999996096233801e-01
1.842185388530289629e+03,9.999999685493460300e-01,9.999999803928426578e-01,9.999999996179970152e-01
1.862087136662862122e+03,9.999999692239526228e-01,9.999999808134099055e-01,9.999999996261907942e-01
1.882203890071884189e+03,9.999999698840889018e-01,9.999999812249562581e-01,9.999999996342089359e-01
1.902537971531646463e+03,9.999999705300657293e-01,9.999999816276750053e-01,9.999999996420549930e-01
1.923091728910151460e+03,9.999999711621864185e-01,9.999999820217554403e-01,9.999999996497328514e-01
1.943867535440208258e+03,9.999999717807483979e-01,9.999999824073829702e-01,9.999999996572458416e-01
1.964867789993459155e+03,9.999999723860423240e-01,9.999999827847391165e-01,9.999999996645979605e-01
1.986094917357369468e+03,9.999999729783529689e-01,9.999999831540010709e-01,9.999999996717920947e-01
2.007551368515178183e+03,9.999999735579586657e-01,9.999999835153424721e-01,9.999999996788319079e-01
2.029239620928940667e+03,9.999999741251319740e-01,9.999999838689331844e-01,9.999999996857210638e-01
2.051162178825561568e+03,9.999999746801397915e-01,9.999999842149392970e-01,9.999999996924622270e-01
2.073321573485950921e+03,9.999999752232426875e-01,9.999999845535237908e-01,9.999999996990587281e-01
2.095720363537296180e+03,9.999999757546963464e-01,9.999999848848457606e-01,9.999999997055138978e-01
2.118361135248496339e+03,9.999999762747503462e-01,9.999999852090611929e-01,9.999999997118306228e-01
2.141246502828781104e+03,9.999999767836494913e-01,9.999999855263220772e-01,9.999999997180116784e-01
2.164379108729563086e+03,9.999999772816329235e-01,9.999999858367778494e-01,9.999999997240602845e-01
2.187761623949545083e+03,9.999999777689344560e-01,9.999999861405746149e-01,9.999999997299789944e-01
2.211396748343126546e+03,9.999999782457836828e-01,9.999999864378545933e-01,9.999999997357708059e-01
2.235287210932142443e+03,9.999999787124046469e-01,9.999999867287584498e-01,9.999999997414383834e-01
2.259435770220967697e+03,9.999999791690169504e-01,9.999999870134224089e-01,9.999999997469846136e-01
2.283845214515036787e+03,9.999999796158349774e-01,9.999999872919803634e-01,9.999999997524116058e-01
2.308518362242758940e+03,9.999999800530687821e-01,9.999999875645633196e-01,9.999999997577223576e-01
2.333458062280999002e+03,9.999999804809240889e-01,9.999999878312993973e-01,9.999999997629190895e-01
2.358667194283987556e+03,9.999999808996019590e-01,9.999999880923141626e-01,9.999999997680044661e-01
2.384148669015828546e+03,9.999999813092994572e-01,9.999999883477301843e-01,9.999999997729807077e-01
2.409905428686588948e+03,9.999999817102092070e-01,9.999999885976676994e-01,9.999999997778501459e-01
2.435940447292020053e+03,9.999999821025192803e-01,9.999999888422440586e-01,9.999999997826151121e-01
2.462256730956949923e+03,9.999999824864145292e-01,9.999999890815745029e-01,9.999999997872780488e-01
2.488857318282382494e+03,9.999999828620752540e-01,9.999999893157711650e-01,9.999999997918408434e-01
2.515745280696351983e+03,9.999999832296784241e-01,9.999999895449446230e-01,9.999999997963059384e-01
2.542923722808560342e+03,9.999999835893965683e-01,9.999999897692022355e-01,9.999999998006749991e-01
2.570395782768853223e+03,9.999999839413987734e-01,9.999999899886494736e-01,9.999999998049504679e-01
2.598164632629563584e+03,9.999999842858506849e-01,9.999999902033896992e-01,9.999999998091342324e-01
2.626233478711782027e+03,9.999999846229141731e-01,9.999999904135239426e-01,9.999999998132281798e-01
2.654605561975535693e+03,9.999999849527477780e-01,9.999999906191507915e-01,9.999999998172345306e-01
2.683284158394060341e+03,9.999999852755064866e-01,9.999999908203669463e-01,9.999999998211546171e-01
2.712272579332022815e+03,9.999999855913420665e-01,9.999999910172673312e-01,9.999999998249908817e-01
2.741574171927876250e+03,9.999999859004031766e-01,9.999999912099438726e-01,9.999999998287447678e-01
2.771192319480335300e+03,9.999999862028351449e-01,9.999999913984877198e-01,9.999999998324182737e-01
2.801130441839028663e+03,9.999999864987798581e-01,9.999999915829875796e-01,9.999999998360126208e-01
2.831391995799370306e+03,9.999999867883766491e-01,9.999999917635298274e-01,9.999999998395302514e-01
2.861980475501696674e+03,9.999999870717619643e-01,9.999999919401992843e-01,9.999999998429721648e-01
2.892899412834717168e+03,9.999999873490685864e-01,9.999999921130796610e-01,9.999999998463403594e-01
2.924152377843323848e+03,9.999999876204269667e-01,9.999999922822515597e-01,9.999999998496362785e-01
2.955742979140802163e+03,9.999999878859647806e-01,9.999999924477948055e-01,9.999999998528616985e-01
2.987674864325511862e+03,9.999999881458069284e-01,9.999999926097871139e-01,9.999999998560176184e-01
3.019951720402012143e+03,9.999999884000757566e-01,9.999999927683048684e-01,9.999999998591060368e-01
3.052577274206843867e+03,9.999999886488903922e-01,9.999999929234223428e-01,9.999999998621281749e-01
3.085555292838805599e+03,9.999999888923681857e-01,9.999999930752129229e-01,9.999999998650855870e-01
3.118889584093930353e+03,9.999999891306230460e-01,9.999999932237473299e-01,9.999999998679792723e-01
3.152583996905152617e+03,9.999999893637679937e-01,9.999999933690956189e-01,9.999999998708112292e-01
3.186642421786722480e+03,9.999999895919117199e-01,9.999999935113266236e-01,9.999999998735822349e-01
3.221068791283425071e+03,9.999999898151618050e-01,9.999999936505065135e-01,9.999999998762938436e-01
3.255867080424647611e+03,9.999999900336232761e-01,9.999999937867011246e-01,9.999999998789472766e-01
3.291041307183356821e+03,9.999999902473989399e-01,9.999999939199744059e-01,9.999999998815437552e-01
3.326595532940032626e+03,9.999999904565891606e-01,9.999999940503888629e-01,9.999999998840847226e-01
3.362533862951613173e+03,9.999999906612921929e-01,9.999999941780063351e-01,9.999999998865710671e-01
3.398860446825508006e+03,9.999999908616046262e-01,9.999999943028861082e-01,9.999999998890040098e-01
3.435579478998742616e+03,9.999999910576202744e-01,9.999999944250875794e-01,9.999999998913847721e-01
3.472695199222219344e+03,9.999999912494313969e-01,9.999999945446673699e-01,9.999999998937146861e-01
3.510211893050332492e+03,9.999999914371282550e-01,9.999999946616826563e-01,9.999999998959944181e-01
3.548133892335747532e+03,9.999999916207992223e-01,9.999999947761878394e-01,9.999999998982251892e-01
3.586465575729592729e+03,9.999999918005303412e-01,9.999999948882370981e-01,9.999999999004083318e-01
3.625211369187034506e+03,9.999999919764064327e-01,9.999999949978827241e-01,9.999999999025447339e-01
3.664375746478322526e+03,9.999999921485099863e-01,9.999999951051764535e-01,9.999999999046349508e-01
3.703963229705350386e+03,9.999999923169219374e-01,9.999999952101690237e-01,9.999999999066804257e-01
3.743978389823798807e+03,9.999999924817215557e-01,9.999999953129091734e-01,9.999999999086820468e-01
3.784425847170919496e+03,9.999999926429862240e-01,9.999999954134458635e-01,9.999999999106410353e-01
3.825310271999020642e+03,9.999999928007918815e-01,9.999999955118260564e-01,9.999999999125576133e-01
3.866636385014716325e+03,9.999999929552124689e-01,9.999999956080959373e-01,9.999999999144332241e-01
3.908408957924002607e+03,9.999999931063210390e-01,9.999999957023006925e-01,9.999999999162686448e-01
3.950632813983232609e+03,9.999999932541880909e-01,9.999999957944849527e-01,9.999999999180644306e-01
3.993312828555977376e+03,9.999999933988836798e-01,9.999999958846920167e-01,9.999999999198222467e-01
4.036453929676042662e+03,9.999999935404755291e-01,9.999999959729640731e-01,9.999999999215418711e-01
4.080061098616425170e+03,9.999999936790301414e-01,9.999999960593425330e-01,9.999999999232247472e-01
4.124139370464489730e+03,9.999999938146129086e-01,9.999999961438685858e-01,9.999999999248716520e-01
4.168693834703342873e+03,9.999999939472876687e-01,9.999999962265813114e-01,9.999999999264830297e-01
4.213729635799487369e+03,9.999999940771164830e-01,9.999999963075199005e-01,9.999999999280599905e-01
4.259251973796827770e+03,9.999999942041601919e-01,9.999999963867223229e-01,9.999999999296030895e-01
4.305266104917091980e+03,9.999999943284791915e-01,9.999999964642261041e-01,9.999999999311131038e-01
4.351777342166736162e+03,9.999999944501315463e-01,9.999999965400673263e-01,9.999999999325906996e-01
4.398791055950415284e+03,9.999999945691744330e-01,9.999999966142818497e-01,9.999999999340365431e-01
4.446312674691067514e+03,9.999999946856639177e-01,9.999999966869044243e-01,9.999999999354515223e-01
4.494347685456728868e+03,9.999999947996547345e-01,9.999999967579691340e-01,9.999999999368359704e-01
4.542901634594025381e+03,9.999999949112003961e-01,9.999999968275098405e-01,9.999999999381909976e-01
4.591980128368678379e+03,9.999999950203536381e-01,9.999999968955586294e-01,9.999999999395167150e-01
4.641588833612770031e+03,9.999999951271654197e-01,9.999999969621478080e-01,9.999999999408138995e-01
4.691733478379071130e+03,9.999999952316861451e-01,9.999999970273089067e-01,9.999999999420835506e-01
4.742419852602434730e+03,9.999999953339649972e-01,9.999999970910721236e-01,9.999999999433258902e-01
4.793653808768325689e+03,9.999999954340499375e-01,9.999999971534676568e-01,9.999999999445415844e-01
4.845441262588577047e+03,9.999999955319880396e-01,9.999999972145249272e-01,9.999999999457310773e-01
4.897788193684446014e+03,9.999999956278254887e-01,9.999999972742723564e-01,9.999999999468949241e-01
4.950700646277048691e+03,9.999999957216073598e-01,9.999999973327384772e-01,9.999999999480341240e-01
5.004184729885255365e+03,9.999999958133775069e-01,9.999999973899504901e-01,9.999999999491487879e-01
5.058246620031120074e+03,9.999999959031792285e-01,9.999999974459350405e-01,9.999999999502395820e-01
5.112892558952939908e+03,9.999999959910546021e-01,9.999999975007188846e-01,9.999999999513070614e-01
5.168128856326028654e+03,9.999999960770453722e-01,9.999999975543277797e-01,9.999999999523514482e-01
5.223961889991190219e+03,9.999999961611913957e-01,9.999999976067865948e-01,9.999999999533732975e-01
5.280398106691241082e+03,9.999999962435325296e-01,9.999999976581204209e-01,9.999999999543736084e-01
5.337444022815308017e+03,9.999999963241075207e-01,9.999999977083529057e-01,9.999999999553521590e-01
5.395106225151263970e+03,9.999999964029544497e-01,9.999999977575079191e-01,9.999999999563098374e-01
5.453391371646262996e+03,9.999999964801098429e-01,9.999999978056086647e-01,9.999999999572470877e-01
5.512306192175501565e+03,9.999999965556104486e-01,9.999999978526777911e-01,9.999999999581641319e-01
5.571857489319280830e+03,9.999999966294914611e-01,9.999999978987370586e-01,9.999999999590614141e-01
5.632052139148465358e+03,9.999999967017877411e-01,9.999999979438084496e-01,9.999999999599394895e-01
5.692897092018421972e+03,9.999999967725334837e-01,9.999999979879131695e-01,9.999999999607989132e-01
5.754399373371546972e+03,9.999999968417614404e-01,9.999999980310717573e-01,9.999999999616396851e-01
5.816566084548449908e+03,9.999999969095048069e-01,9.999999980733047522e-01,9.999999999624624714e-01
5.879404403607912172e+03,9.999999969757948914e-01,9.999999981146315831e-01,9.999999999632678271e-01
5.942921586155719524e+03,9.999999970406630023e-01,9.999999981550721229e-01,9.999999999640556414e-01
6.007124966182340359e+03,9.999999971041398927e-01,9.999999981946453564e-01,9.999999999648264692e-01
6.072021956909874461e+03,9.999999971662550946e-01,9.999999982333697135e-01,9.999999999655809768e-01
6.137620051647929358e+03,9.999999972270380288e-01,9.999999982712631796e-01,9.999999999663192751e-01
6.203926824658856276e+03,9.999999972865171172e-01,9.999999983083440735e-01,9.999999999670418083e-01
6.270949932032308425e+03,9.999999973447205592e-01,9.999999983446296037e-01,9.999999999677485762e-01
6.338697112569250748e+03,9.999999974016755555e-01,9.999999983801367565e-01,9.999999999684404672e-01
6.407176188675517551e+03,9.999999974574086403e-01,9.999999984148822962e-01,9.999999999691174812e-01
6.476395067265020771e+03,9.999999975119465701e-01,9.999999984488825433e-01,9.999999999697798403e-01
6.546361740672725318e+03,9.999999975653144357e-01,9.999999984821535959e-01,9.999999999704279885e-01
6.617084287577474242e+03,9.999999976175376615e-01,9.999999985147107751e-01,9.999999999710623699e-01
6.688570873934797419e+03,9.999999976686405612e-01,9.999999985465697350e-01,9.999999999716828736e-01
6.760829753919810173e+03,9.999999977186477818e-01,9.999999985777455747e-01,9.999999999722903876e-01
6.833869270880186377e+03,9.999999977675818608e-01,9.999999986082522829e-01,9.999999999728848010e-01
6.907697858299658947e+03,9.999999978154665570e-01,9.999999986381048478e-01,9.999999999734663358e-01
6.982324040771700311e+03,9.999999978623240748e-01,9.999999986673171470e-01,9.999999999740354362e-01
7.057756434983831241e+03,9.999999979081766188e-01,9.999999986959026144e-01,9.999999999745924351e-01
7.134003750712544388e+03,9.999999979530456162e-01,9.999999987238751276e-01,9.999999999751374435e-01
7.211074791828976231e+03,9.999999979969521613e-01,9.999999987512476762e-01,9.999999999756707947e-01
7.288978457315443848e+03,9.999999980399167931e-01,9.999999987780330279e-01,9.999999999761927105e-01
7.367723742292962925e+03,9.999999980819600509e-01,9.999999988042437282e-01,9.999999999767033021e-01
7.447319739059863423e+03,9.999999981231014745e-01,9.999999988298923226e-01,9.999999999772029025e-01
7.527775638141633863e+03,9.999999981633602708e-01,9.999999988549909125e-01,9.999999999776918447e-01
7.609100729352097915e+03,9.999999982027554246e-01,9.999999988795508221e-01,9.999999999781704618e-01
7.691304402866062446e+03,9.999999982413056987e-01,9.999999989035841530e-01,9.999999999786386429e-01
7.774396150303576178e+03,9.999999982790294117e-01,9.999999989271020073e-01,9.999999999790969429e-01
7.858385565825768936e+03,9.999999983159436612e-01,9.999999989501152653e-01,9.999999999795452510e-01
7.943282347242801734e+03,9.999999983520662106e-01,9.999999989726349181e-01,9.999999999799840111e-01
8.029096297133510234e+03,9.999999983874136023e-01,9.999999989946716239e-01,9.999999999804134454e-01
8.115837323977289088e+03,9.999999984220032667e-01,9.999999990162354857e-01,9.999999999808335538e-01
8.203515443298161699e+03,9.999999984558507471e-01,9.999999990373370506e-01,9.999999999812444473e-01
8.292140778821229105e+03,9.999999984889722526e-01,9.999999990579858666e-01,9.999999999816469032e-01
8.381723563641595319e+03,9.999999985213831044e-01,9.999999990781919257e-01,9.999999999820404772e-01
8.472274141405934643e+03,9.999999985530991786e-01,9.999999990979641096e-01,9.999999999824257246e-01
8.563802967506813729e+03,9.999999985841346861e-01,9.999999991173126324e-01,9.999999999828028674e-01
8.656320610289916658e+03,9.999999986145043929e-01,9.999999991362460428e-01,9.999999999831716835e-01
8.749837752274323066e+03,9.999999986442228428e-01,9.999999991547731115e-01,9.999999999835323949e-01
8.844365191385955768e+03,9.999999986733040247e-01,9.999999991729030535e-01,9.999999999838857789e-01
8.939913842204396133e+03,9.999999987017612613e-01,9.999999991906440844e-01,9.999999999842315024e-01
9.036494737222999902e+03,9.999999987296079862e-01,9.999999992080045308e-01,9.999999999845696763e-01
9.134119028122955569e+03,9.999999987568576332e-01,9.999999992249926084e-01,9.999999999849006338e-01
9.232797987060781452e+03,9.999999987835224147e-01,9.999999992416161998e-01,9.999999999852243748e-01
9.332543007969887185e+03,9.999999988096156534e-01,9.999999992578831876e-01,9.999999999855415656e-01
9.433365607876185095e+03,9.999999988351488955e-01,9.999999992738014543e-01,9.999999999858515398e-01
9.535277428227884229e+03,9.999999988601345757e-01,9.999999992893782164e-01,9.999999999861550748e-01
9.638290236239674414e+03,9.999999988845842402e-01,9.999999993046206903e-01,9.999999999864521705e-01
9.742415926251420387e+03,9.999999989085096574e-01,9.999999993195365366e-01,9.999999999867426048e-01
9.847666521101544276e+03,9.999999989319217075e-01,9.999999993341320836e-01,9.999999999870270440e-01
9.954054173515229195e+03,9.999999989548318258e-01,9.999999993484148808e-01,9.999999999873051548e-01
1.006159116750763678e+04,9.999999989772502262e-01,9.999999993623911454e-01,9.999999999875776036e-01
1.017028991980230785e+04,9.999999989991879001e-01,9.999999993760675387e-01,9.999999999878441681e-01
1.028016298126472066e+04,9.999999990206549505e-01,9.999999993894508332e-01,9.999999999881047374e-01
1.039122303835167440e+04,9.999999990416617024e-01,9.999999994025469130e-01,9.999999999883598667e-01
1.050348291457599407e+04,9.999999990622177037e-01,9.999999994153621063e-01,9.999999999886095559e-01
1.061695557198722236e+04,9.999999990823329465e-01,9.999999994279024085e-01,9.999999999888539159e-01
1.073165411266828596e+04,9.999999991020166457e-01,9.999999994401738146e-01,9.999999999890930580e-01
1.084759178024831454e+04,9.999999991212779049e-01,9.999999994521817648e-01,9.999999999893269820e-01
1.096478196143181594e+04,9.999999991401262722e-01,9.999999994639322543e-01,9.999999999895557989e-01
1.108323818754437161e+04,9.999999991585701853e-01,9.999999994754307231e-01,9.999999999897798419e-01
1.120297413609501928e+04,9.999999991766187479e-01,9.999999994866825004e-01,9.999999999899990000e-01
1.132400363235552686e+04,9.999999991942800648e-01,9.999999994976932483e-01,9.999999999902138281e-01
1.144634065095671940e+04,9.999999992115622405e-01,9.999999995084674076e-01,9.999999999904235493e-01
1.156999931750205906e+04,9.999999992284741568e-01,9.999999995190105295e-01,9.999999999906289405e-01
1.169499391019869654e+04,9.999999992450231412e-01,9.999999995293277211e-01,9.999999999908298909e-01
1.182133886150592298e+04,9.999999992612169653e-01,9.999999995394235341e-01,9.999999999910266224e-01
1.194904875980186807e+04,9.999999992770638446e-01,9.999999995493027427e-01,9.999999999912191351e-01
1.207813835106777697e+04,9.999999992925705516e-01,9.999999995589700097e-01,9.999999999914075399e-01
1.220862254059068437e+04,9.999999993077447469e-01,9.999999995684298870e-01,9.999999999915917259e-01
1.234051639468444955e+04,9.999999993225933137e-01,9.999999995776870376e-01,9.999999999917720261e-01
1.247383514242939418e+04,9.999999993371235796e-01,9.999999995867454583e-01,9.999999999919485516e-01
1.260859417743070662e+04,9.999999993513419838e-01,9.999999995956097010e-01,9.999999999921213023e-01
1.274480905959587471e+04,9.999999993652556318e-01,9.999999996042837624e-01,9.999999999922903893e-01
1.288249551693129069e+04,9.999999993788706298e-01,9.999999996127717505e-01,9.999999999924557015e-01
1.302166944735829748e+04,9.999999993921936392e-01,9.999999996210774400e-01,9.999999999926175720e-01
1.316234692054881816e+04,9.999999994052307661e-01,9.999999996292054938e-01,9.999999999927758898e-01
1.330454417978089805e+04,9.999999994179883389e-01,9.999999996371587985e-01,9.999999999929308769e-01
1.344827764381402994e+04,9.999999994304724638e-01,9.999999996449415729e-01,9.999999999930825334e-01
1.359356390878523416e+04,9.999999994426885808e-01,9.999999996525574808e-01,9.999999999932308592e-01
1.374041975012512557e+04,9.999999994546426851e-01,9.999999996600099639e-01,9.999999999933760764e-01
1.388886212449494087e+04,9.999999994663404390e-01,9.999999996673026859e-01,9.999999999935181849e-01
1.403890817174442418e+04,9.999999994777872825e-01,9.999999996744388664e-01,9.999999999936571848e-01
1.419057521689088389e+04,9.999999994889886556e-01,9.999999996814222802e-01,9.999999999937932982e-01
1.434388077211961172e+04,9.999999994999495545e-01,9.999999996882554809e-01,9.999999999939263029e-01
1.449884253880592951e+04,9.999999995106755302e-01,9.999999996949422432e-01,9.999999999940566431e-01
1.465547840955906395e+04,9.999999995211714676e-01,9.999999997014856756e-01,9.999999999941840967e-01
1.481380647028811654e+04,9.999999995314421408e-01,9.999999997078886649e-01,9.999999999943088858e-01
1.497384500229034711e+04,9.999999995414924348e-01,9.999999997141543195e-01,9.999999999944310103e-01
1.513561248436201458e+04,9.999999995513273454e-01,9.999999997202857482e-01,9.999999999945504703e-01
1.529912759493208250e+04,9.999999995609513137e-01,9.999999997262855045e-01,9.999999999946671547e-01
1.546440921421869643e+04,9.999999995703687805e-01,9.999999997321565859e-01,9.999999999947816187e-01
1.563147642640951381e+04,9.999999995795840757e-01,9.999999997379016570e-01,9.999999999948935292e-01
1.580034852186503122e+04,9.999999995886019732e-01,9.999999997435237153e-01,9.999999999950032192e-01
1.597104499934599517e+04,9.999999995974262479e-01,9.999999997490249815e-01,9.999999999951102447e-01
1.614358556826482163e+04,9.999999996060613405e-01,9.999999997544084529e-01,9.999999999952152718e-01
1.631799015096133371e+04,9.999999996145112480e-01,9.999999997596762391e-01,9.999999999953178564e-01
1.649427888500309200e+04,9.999999996227800780e-01,9.999999997648311156e-01,9.999999999954182206e-01
1.667247212551057237e+04,9.999999996308710504e-01,9.999999997698754139e-01,9.999999999955165864e-01
1.685259044750745306e+04,9.999999996387888279e-01,9.999999997748115765e-01,9.999999999956127317e-01
1.703465464829631674e+04,9.999999996465367413e-01,9.999999997796417128e-01,9.999999999957068786e-01
1.721868574985999658e+04,9.999999996541184544e-01,9.999999997843684874e-01,9.999999999957988051e-01
1.740470500128887943e+04,9.999999996615374087e-01,9.999999997889934544e-01,9.999999999958889552e-01
1.759273388123447512e+04,9.999999996687973791e-01,9.999999997935196117e-01,9.999999999959771069e-01
1.778279410038920105e+04,9.999999996759014742e-01,9.999999997979486244e-01,9.999999999960633712e-01
1.797490760399357532e+04,9.999999996828532467e-01,9.999999998022823799e-01,9.999999999961477481e-01
1.816909657436986527e+04,9.999999996896560273e-01,9.999999998065234319e-01,9.999999999962304598e-01
1.836538343348342096e+04,9.999999996963129245e-01,9.999999998106735566e-01,9.999999999963115060e-01
1.856379084553162102e+04,9.999999997028268250e-01,9.999999998147344193e-01,9.999999999963905539e-01
1.876434171956079808e+04,9.999999997092009485e-01,9.999999998187082406e-01,9.999999999964680475e-01
1.896705921211140230e+04,9.999999997154385145e-01,9.999999998225970188e-01,9.999999999965436537e-01
1.917196672989178478e+04,9.999999997215422987e-01,9.999999998264021972e-01,9.999999999966179276e-01
1.937908793248083020e+04,9.999999997275150765e-01,9.999999998301258852e-01,9.999999999966903141e-01
1.958844673505981700e+04,9.999999997333599566e-01,9.999999998337696372e-01,9.999999999967612574e-01
1.980006731117376330e+04,9.999999997390793816e-01,9.999999998373352295e-01,9.999999999968308684e-01
2.001397409552269164e+04,9.999999997446759048e-01,9.999999998408243274e-01,9.999999999968988140e-01
2.023019178678268872e+04,9.999999997501526350e-01,9.999999998442384852e-01,9.999999999969653164e-01
2.044874535045816447e+04,9.999999997555116815e-01,9.999999998475794794e-01,9.999999999970304865e-01
2.066966002176418988e+04,9.999999997607558200e-01,9.999999998508489751e-01,9.999999999970942133e-01
2.089296130854035073e+04,9.999999997658876039e-01,9.999999998540483048e-01,9.999999999971562747e-01
2.111867499419599699e+04,9.999999997709092536e-01,9.999999998571789117e-01,9.999999999972174480e-01
2.134682714068732457e+04,9.999999997758232118e-01,9.999999998602423501e-01,9.999999999972771780e-01
2.157744409152659864e+04,9.999999997806316987e-01,9.999999998632400633e-01,9.999999999973354647e-01
2.181055247482391133e+04,9.999999997853370459e-01,9.999999998661733835e-01,9.999999999973926412e-01
2.204617920636177223e+04,9.999999997899415849e-01,9.999999998690441982e-01,9.999999999974484854e-01
2.228435149270295005e+04,9.999999997944470920e-01,9.999999998718529515e-01,9.999999999975034415e-01
2.252509683433184910e+04,9.999999997988561207e-01,9.999999998746016416e-01,9.999999999975568432e-01
2.276844302882985721e+04,9.999999998031707804e-01,9.999999998772914900e-01,9.999999999976093568e-01
2.301441817408505813e+04,9.999999998073926255e-01,9.999999998799234957e-01,9.999999999976605380e-01
2.326305067153622804e+04,9.999999998115239874e-01,9.999999998824992131e-01,9.999999999977108311e-01
2.351436922945267725e+04,9.999999998155666425e-01,9.999999998850195304e-01,9.999999999977597920e-01
2.376840286624871806e+04,9.999999998195227002e-01,9.999999998874857798e-01,9.999999999978078646e-01
2.402518091383435603e+04,9.999999998233939369e-01,9.999999998898991826e-01,9.999999999978548271e-01
2.428473302100207366e+04,9.999999998271821289e-01,9.999999998922608491e-01,9.999999999979009013e-01
2.454708915685023385e+04,9.999999998308889415e-01,9.999999998945716673e-01,9.999999999979458654e-01
2.481227961424344176e+04,9.999999998345163732e-01,9.999999998968330805e-01,9.999999999979901633e-01
2.508033501331030857e+04,9.999999998380658672e-01,9.999999998990461991e-01,9.999999999980331289e-01
2.535128630497898121e+04,9.999999998415394220e-01,9.999999999012114671e-01,9.999999999980754284e-01
2.562516477455089989e+04,9.999999998449383698e-01,9.999999999033305498e-01,9.999999999981167287e-01
2.590200204531312920e+04,9.999999998482644870e-01,9.999999999054040023e-01,9.999999999981570298e-01
2.618183008218973555e+04,9.999999998515189947e-01,9.999999999074329349e-01,9.999999999981966647e-01
2.646468119543270222e+04,9.999999998547040025e-01,9.999999999094185688e-01,9.999999999982351895e-01
2.675058804435225102e+04,9.999999998578205096e-01,9.999999999113616811e-01,9.999999999982730481e-01
2.703958364108838941e+04,9.999999998608702922e-01,9.999999999132628270e-01,9.999999999983101295e-01
2.733170135442227547e+04,9.999999998638545717e-01,9.999999999151233387e-01,9.999999999983462118e-01
2.762697491362924120e+04,9.999999998667746803e-01,9.999999999169438825e-01,9.999999999983818499e-01
2.792543841237330707e+04,9.999999998696325054e-01,9.999999999187254573e-01,9.999999999984164889e-01
2.822712631264381707e+04,9.999999998724287131e-01,9.999999999204687295e-01,9.999999999984503507e-01
2.853207344873457259e+04,9.999999998751650798e-01,9.999999999221745872e-01,9.999999999984837684e-01
2.884031503126595635e+04,9.999999998778427157e-01,9.999999999238440296e-01,9.999999999985164090e-01
2.915188665125053376e+04,9.999999998804630641e-01,9.999999999254773897e-01,9.999999999985480503e-01
2.946682428420253564e+04,9.999999998830270131e-01,9.999999999270758888e-01,9.999999999985792476e-01
2.978516429429176787e+04,9.999999998855361172e-01,9.999999999286400820e-01,9.999999999986096677e-01
3.010694343854250110e+04,9.999999998879913754e-01,9.999999999301709686e-01,9.999999999986395327e-01
3.043219887107717659e+04,9.999999998903938980e-01,9.999999999316686594e-01,9.999999999986687316e-01
3.076096814740703121e+04,9.999999998927447953e-01,9.999999999331343759e-01,9.999999999986973753e-01
3.109328922876800789e+04,9.999999998950453994e-01,9.999999999345685620e-01,9.999999999987252419e-01
3.142920048650405079e+04,9.999999998972965987e-01,9.999999999359721059e-01,9.999999999987525534e-01
3.176874070649762871e+04,9.999999998994998363e-01,9.999999999373455628e-01,9.999999999987793098e-01
3.211194909364813793e+04,9.999999999016554453e-01,9.999999999386892657e-01,9.999999999988055110e-01
3.245886527639869382e+04,9.999999999037648690e-01,9.999999999400045469e-01,9.999999999988311572e-01
3.280952931131179503e+04,9.999999999058289957e-01,9.999999999412914065e-01,9.999999999988561372e-01
3.316398168769445329e+04,9.999999999078489354e-01,9.999999999425506214e-01,9.999999999988807842e-01
3.352226333227329451e+04,9.999999999098255765e-01,9.999999999437828579e-01,9.999999999989047650e-01
3.388441561392011499e+04,9.999999999117596960e-01,9.999999999449886712e-01,9.999999999989281907e-01
3.425048034842853667e+04,9.999999999136524043e-01,9.999999999461688382e-01,9.999999999989510613e-01
3.462049980334241263e+04,9.999999999155047004e-01,9.999999999473232482e-01,9.999999999989738209e-01
3.499451670283567364e+04,9.999999999173170284e-01,9.999999999484531221e-01,9.999999999989958033e-01
3.537257423264627141e+04,9.999999999190906097e-01,9.999999999495590153e-01,9.999999999990172306e-01
3.575471604506205767e+04,9.999999999208259993e-01,9.999999999506408166e-01,9.999999999990383248e-01
3.614098626396124746e+04,9.999999999225243075e-01,9.999999999516995253e-01,9.999999999990590860e-01
3.653142948990711739e+04,9.999999999241862003e-01,9.999999999527356964e-01,9.999999999990792920e-01
3.692609080529785570e+04,9.999999999258123440e-01,9.999999999537494411e-01,9.999999999990990540e-01
3.732501577957194240e+04,9.999999999274036266e-01,9.999999999547415364e-01,9.999999999991182609e-01
3.772825047446981625e+04,9.999999999289607144e-01,9.999999999557122043e-01,9.999999999991371347e-01
3.813584144935239601e+04,9.999999999304844955e-01,9.999999999566622222e-01,9.999999999991556754e-01
3.854783576657702361e+04,9.999999999319757471e-01,9.999999999575918119e-01,9.999999999991738830e-01
3.896428099693152035e+04,9.999999999334348022e-01,9.999999999585015287e-01,9.999999999991916466e-01
3.938522522512691648e+04,9.999999999348626600e-01,9.999999999593917055e-01,9.999999999992088551e-01
3.981071705534967623e+04,9.999999999362598757e-01,9.999999999602626755e-01,9.999999999992257305e-01
4.024080561687321460e+04,9.999999999376270043e-01,9.999999999611151047e-01,9.999999999992423838e-01
4.067554056973143452e+04,9.999999999389648231e-01,9.999999999619491042e-01,9.999999999992587041e-01
4.111497211045213771e+04,9.999999999402739981e-01,9.999999999627652292e-01,9.999999999992746913e-01
4.155915097785308171e+04,9.999999999415550844e-01,9.999999999635640346e-01,9.999999999992902344e-01
4.200812845890055178e+04,9.999999999428086372e-01,9.999999999643454096e-01,9.999999999993053335e-01
4.246195639463116095e+04,9.999999999440354337e-01,9.999999999651102423e-01,9.999999999993200994e-01
4.292068718613767123e+04,9.999999999452358068e-01,9.999999999658585326e-01,9.999999999993347544e-01
4.338437380061946897e+04,9.999999999464105338e-01,9.999999999665908357e-01,9.999999999993489652e-01
4.385306977749840007e+04,9.999999999475601697e-01,9.999999999673075957e-01,9.999999999993630651e-01
4.432682923460070015e+04,9.999999999486848257e-01,9.999999999680089235e-01,9.999999999993768318e-01
4.480570687440565962e+04,9.999999999497855008e-01,9.999999999686949304e-01,9.999999999993901545e-01
4.528975799036202079e+04,9.999999999508627502e-01,9.999999999693665043e-01,9.999999999994032551e-01
4.577903847327175026e+04,9.999999999519166849e-01,9.999999999700235342e-01,9.999999999994160227e-01
4.627360481774442451e+04,9.999999999529479711e-01,9.999999999706664644e-01,9.999999999994284572e-01
4.677351412871972570e+04,9.999999999539571638e-01,9.999999999712957388e-01,9.999999999994406696e-01
4.727882412806119100e+04,9.999999999549448182e-01,9.999999999719113575e-01,9.999999999994526600e-01
4.778959316122106975e+04,9.999999999559113784e-01,9.999999999725138755e-01,9.999999999994645394e-01
4.830588020397713262e+04,9.999999999568569553e-01,9.999999999731032929e-01,9.999999999994760858e-01
4.882774486924231314e+04,9.999999999577824372e-01,9.999999999736804979e-01,9.999999999994871880e-01
4.935524741394789453e+04,9.999999999586879351e-01,9.999999999742449353e-01,9.999999999994982902e-01
4.988844874600104231e+04,9.999999999595740041e-01,9.999999999747973822e-01,9.999999999995088373e-01
5.042741043131751212e+04,9.999999999604411993e-01,9.999999999753380608e-01,9.999999999995194955e-01
5.097219470093036216e+04,9.999999999612897428e-01,9.999999999758669711e-01,9.999999999995297095e-01
5.152286445817541244e+04,9.999999999621200786e-01,9.999999999763846681e-01,9.999999999995399236e-01
5.207948328595457133e+04,9.999999999629325398e-01,9.999999999768911518e-01,9.999999999995496935e-01
5.264211545407663652e+04,9.999999999637275705e-01,9.999999999773867554e-01,9.999999999995595745e-01
5.321082592667932477e+04,9.999999999645058368e-01,9.999999999778719229e-01,9.999999999995689004e-01
5.378568036972959817e+04,9.999999999652670057e-01,9.999999999783465432e-01,9.999999999995782263e-01
5.436674515860592510e+04,9.999999999660119654e-01,9.999999999788110605e-01,9.999999999995873301e-01
5.495408738576230826e+04,9.999999999667411599e-01,9.999999999792655858e-01,9.999999999995959898e-01
5.554777486847509135e+04,9.999999999674544782e-01,9.999999999797102301e-01,9.999999999996045386e-01
5.614787615667345381e+04,9.999999999681524754e-01,9.999999999801453265e-01,9.999999999996131983e-01
5.675446054085451760e+04,9.999999999688355956e-01,9.999999999805712081e-01,9.999999999996214139e-01
5.736759806008391024e+04,9.999999999695041719e-01,9.999999999809879858e-01,9.999999999996296296e-01
5.798735951008288248e+04,9.999999999701583153e-01,9.999999999813957707e-01,9.999999999996374012e-01
5.861381645140262117e+04,9.999999999707983589e-01,9.999999999817948959e-01,9.999999999996451727e-01
5.924704121768724144e+04,9.999999999714247467e-01,9.999999999821854724e-01,9.999999999996530553e-01
5.988710692402489803e+04,9.999999999720375898e-01,9.999999999825675001e-01,9.999999999996603828e-01
6.053408747539125761e+04,9.999999999726374433e-01,9.999999999829415342e-01,9.999999999996677102e-01
6.118805757518207974e+04,9.999999999732243072e-01,9.999999999833073527e-01,9.999999999996748157e-01
6.184909273383901746e+04,9.999999999737986256e-01,9.999999999836652886e-01,9.999999999996819211e-01
6.251726927756842633e+04,9.999999999743608425e-01,9.999999999840156750e-01,9.999999999996885824e-01
6.319266435715431726e+04,9.999999999749107360e-01,9.999999999843585119e-01,9.999999999996952438e-01
6.387535595686656598e+04,9.999999999754488611e-01,9.999999999846941323e-01,9.999999999997017941e-01
6.456542290346533991e+04,9.999999999759754399e-01,9.999999999850223142e-01,9.999999999997082334e-01
6.526294487530279002e+04,9.999999999764905834e-01,9.999999999853436128e-01,9.999999999997144506e-01
6.596800241152310628e+04,9.999999999769950687e-01,9.999999999856580279e-01,9.999999999997204458e-01
6.668067692136192636e+04,9.999999999774884518e-01,9.999999999859657818e-01,9.999999999997264410e-01
6.740105069354624720e+04,9.999999999779712878e-01,9.999999999862667632e-01,9.999999999997324363e-01
6.812920690579604707e+04,9.999999999784440208e-01,9.999999999865613054e-01,9.999999999997382094e-01
6.886522963442750915e+04,9.999999999789063176e-01,9.999999999868496303e-01,9.999999999997437605e-01
6.960920386406221951e+04,9.999999999793587335e-01,9.999999999871316270e-01,9.999999999997493116e-01
7.036121549743897049e+04,9.999999999798014905e-01,9.999999999874076284e-01,9.999999999997547517e-01
7.112135136533273908e+04,9.999999999802345885e-01,9.999999999876776346e-01,9.999999999997600808e-01
7.188969923658053449e+04,9.999999999806586937e-01,9.999999999879419788e-01,9.999999999997651878e-01
7.266634782821564295e+04,9.999999999810735840e-01,9.999999999882007717e-01,9.999999999997700728e-01
7.345138681571125926e+04,9.999999999814795926e-01,9.999999999884536805e-01,9.999999999997751798e-01
7.424490684333491663e+04,9.999999999818767193e-01,9.999999999887014823e-01,9.999999999997798428e-01
7.504699953461458790e+04,9.999999999822656305e-01,9.999999999889438440e-01,9.999999999997847278e-01
7.585775750291807344e+04,9.999999999826458819e-01,9.999999999891809876e-01,9.999999999997891686e-01
7.667727436214649060e+04,9.999999999830181396e-01,9.999999999894131353e-01,9.999999999997938316e-01
7.750564473754343635e+04,9.999999999833824038e-01,9.999999999896401759e-01,9.999999999997982725e-01
7.834296427662107453e+04,9.999999999837386744e-01,9.999999999898622205e-01,9.999999999998023803e-01
7.918932966020298772e+04,9.999999999840875065e-01,9.999999999900797132e-01,9.999999999998065991e-01
8.004483861358903232e+04,9.999999999844289000e-01,9.999999999902926540e-01,9.999999999998108180e-01
8.090958991783806414e+04,9.999999999847628551e-01,9.999999999905007098e-01,9.999999999998148148e-01
8.178368342117390421e+04,9.999999999850898158e-01,9.999999999907045467e-01,9.999999999998188116e-01
8.266722005051432643e+04,9.999999999854095600e-01,9.999999999909039428e-01,9.999999999998228084e-01
8.356030182312455145e+04,9.999999999857225319e-01,9.999999999910991200e-01,9.999999999998265832e-01
8.446303185839658545e+04,9.999999999860287314e-01,9.999999999912898563e-01,9.999999999998303579e-01
8.537551438975588826e+04,9.999999999863283806e-01,9.999999999914767068e-01,9.999999999998339106e-01
8.629785477669669490e+04,9.999999999866217015e-01,9.999999999916594495e-01,9.999999999998374633e-01
8.723015951694727119e+04,9.999999999869088052e-01,9.999999999918385285e-01,9.999999999998410161e-01
8.817253625876663136e+04,9.999999999871896916e-01,9.999999999920136107e-01,9.999999999998443467e-01
8.912509381337444938e+04,9.999999999874642498e-01,9.999999999921848071e-01,9.999999999998476774e-01
9.008794216751365457e+04,9.999999999877331458e-01,9.999999999923525618e-01,9.999999999998511191e-01
9.106119249615186709e+04,9.999999999879961576e-01,9.999999999925164307e-01,9.999999999998542277e-01
9.204495717531695846e+04,9.999999999882537294e-01,9.999999999926770800e-01,9.999999999998573363e-01
9.303934979507280514e+04,9.999999999885057500e-01,9.999999999928340655e-01,9.999999999998604450e-01
9.404448517263492977e+04,9.999999999887524416e-01,9.999999999929878314e-01,9.999999999998633315e-01
9.506047936562787800e+04,9.999999999889934710e-01,9.999999999931381556e-01,9.999999999998664402e-01
9.608744968548568431e+04,9.999999999892297264e-01,9.999999999932854822e-01,9.999999999998693268e-01
9.712551471099727496e+04,9.999999999894606528e-01,9.999999999934294781e-01,9.999999999998719913e-01
9.817479430199808849e+04,9.999999999896866942e-01,9.999999999935702544e-01,9.999999999998748779e-01
9.923540961320966017e+04,9.999999999899079617e-01,9.999999999937083661e-01,9.999999999998775424e-01
1.003074831082287419e+05,9.999999999901243442e-01,9.999999999938432582e-01,9.999999999998802069e-01
1.013911385736674856e+05,9.999999999903363967e-01,9.999999999939752637e-01,9.999999999998826494e-01
1.024865011334467854e+05,9.999999999905434533e-01,9.999999999941046047e-01,9.999999999998850919e-01
1.035936972632422257e+05,9.999999999907462911e-01,9.999999999942310591e-01,9.999999999998877565e-01
1.047128548050897662e+05,9.999999999909449100e-01,9.999999999943547380e-01,9.999999999998899769e-01
1.058441029821454576e+05,9.999999999911390880e-01,9.999999999944756413e-01,9.999999999998924194e-01
1.069875724136065837e+05,9.999999999913290472e-01,9.999999999945943241e-01,9.999999999998946398e-01
1.081433951297935128e+05,9.999999999915152316e-01,9.999999999947102314e-01,9.999999999998970823e-01
1.093117045873945754e+05,9.999999999916970861e-01,9.999999999948238072e-01,9.999999999998991917e-01
1.104926356848755531e+05,9.999999999918751659e-01,9.999999999949348295e-01,9.999999999999011902e-01
1.116863247780557285e+05,9.999999999920494709e-01,9.999999999950435203e-01,9.999999999999034106e-01
1.128929096958521259e+05,9.999999999922201122e-01,9.999999999951497687e-01,9.999999999999054090e-01
1.141125297561939224e+05,9.999999999923870897e-01,9.999999999952536855e-01,9.999999999999074074e-01
1.153453257821087318e+05,9.999999999925502925e-01,9.999999999953554930e-01,9.999999999999094058e-01
1.165914401179826382e+05,9.999999999927100536e-01,9.999999999954550800e-01,9.999999999999114042e-01
1.178510166459964530e+05,9.999999999928664840e-01,9.999999999955526686e-01,9.999999999999134026e-01
1.191242008027372940e+05,9.999999999930193617e-01,9.999999999956480368e-01,9.999999999999151790e-01
1.204111395959938673e+05,9.999999999931692418e-01,9.999999999957415175e-01,9.999999999999169553e-01
1.217119816217290499e+05,9.999999999933155692e-01,9.999999999958326669e-01,9.999999999999187317e-01
1.230268770812378498e+05,9.999999999934588990e-01,9.999999999959222619e-01,9.999999999999205080e-01
1.243559777984903922e+05,9.999999999935993422e-01,9.999999999960094144e-01,9.999999999999222844e-01
1.256994372376621614e+05,9.999999999937365658e-01,9.999999999960951236e-01,9.999999999999238387e-01
1.270574105208537512e+05,9.999999999938710138e-01,9.999999999961790564e-01,9.999999999999253930e-01
1.284300544460019591e+05,9.999999999940025752e-01,9.999999999962609909e-01,9.999999999999271694e-01
1.298175275049844058e+05,9.999999999941311390e-01,9.999999999963411490e-01,9.999999999999287237e-01
1.312199899019197619e+05,9.999999999942570383e-01,9.999999999964196418e-01,9.999999999999302780e-01
1.326376035716656770e+05,9.999999999943801621e-01,9.999999999964963582e-01,9.999999999999316103e-01
1.340705321985169430e+05,9.999999999945008433e-01,9.999999999965715203e-01,9.999999999999331646e-01
1.355189412351034116e+05,9.999999999946187490e-01,9.999999999966450170e-01,9.999999999999344968e-01
1.369829979214967752e+05,9.999999999947341012e-01,9.999999999967170705e-01,9.999999999999360512e-01
1.384628713045189506e+05,9.999999999948470109e-01,9.999999999967875697e-01,9.999999999999373834e-01
1.399587322572614939e+05,9.999999999949575891e-01,9.999999999968562925e-01,9.999999999999387157e-01
1.414707534988154657e+05,9.999999999950658358e-01,9.999999999969237940e-01,9.999999999999400480e-01
1.429991096142143069e+05,9.999999999951716401e-01,9.999999999969898523e-01,9.999999999999413802e-01
1.445439770745923161e+05,9.999999999952752239e-01,9.999999999970542452e-01,9.999999999999424904e-01
1.461055342575606774e+05,9.999999999953763652e-01,9.999999999971174169e-01,9.999999999999438227e-01
1.476839614678040089e+05,9.999999999954757302e-01,9.999999999971793674e-01,9.999999999999449329e-01
1.492794409578990308e+05,9.999999999955726526e-01,9.999999999972399856e-01,9.999999999999462652e-01
1.508921569493582647e+05,9.999999999956675767e-01,9.999999999972990494e-01,9.999999999999473754e-01
1.525222956539012084e+05,9.999999999957606134e-01,9.999999999973570031e-01,9.999999999999484857e-01
1.541700452949557512e+05,9.999999999958516517e-01,9.999999999974137355e-01,9.999999999999495959e-01
1.558355961293890723e+05,9.999999999959405805e-01,9.999999999974691356e-01,9.999999999999508171e-01
1.575191404694789089e+05,9.999999999960275110e-01,9.999999999975235365e-01,9.999999999999517053e-01
1.592208727051166934e+05,9.999999999961129982e-01,9.999999999975764942e-01,9.999999999999528155e-01
1.609409893262530968e+05,9.999999999961960429e-01,9.999999999976285636e-01,9.999999999999539257e-01
1.626796889455859491e+05,9.999999999962779773e-01,9.999999999976794118e-01,9.999999999999548139e-01
1.644371723214926897e+05,9.999999999963576913e-01,9.999999999977291498e-01,9.999999999999559241e-01
1.662136423812110734e+05,9.999999999964357400e-01,9.999999999977779996e-01,9.999999999999568123e-01
1.680093042442700535e+05,9.999999999965122344e-01,9.999999999978255172e-01,9.999999999999577005e-01
1.698243652461737802e+05,9.999999999965870634e-01,9.999999999978721466e-01,9.999999999999585887e-01
1.716590349623415968e+05,9.999999999966603381e-01,9.999999999979178877e-01,9.999999999999594769e-01
1.735135252323065361e+05,9.999999999967318365e-01,9.999999999979625187e-01,9.999999999999603650e-01
1.753880501841753139e+05,9.999999999968018916e-01,9.999999999980062615e-01,9.999999999999612532e-01
1.772828262593532563e+05,9.999999999968706144e-01,9.999999999980490051e-01,9.999999999999621414e-01
1.791980722375330806e+05,9.999999999969376718e-01,9.999999999980907495e-01,9.999999999999628075e-01
1.811340092619599018e+05,9.999999999970032860e-01,9.999999999981318277e-01,9.999999999999636957e-01
1.830908608649631205e+05,9.999999999970676789e-01,9.999999999981719068e-01,9.999999999999643618e-01
1.850688529937669518e+05,9.999999999971307396e-01,9.999999999982110976e-01,9.999999999999652500e-01
1.870682140365795349e+05,9.999999999971920239e-01,9.999999999982495114e-01,9.999999999999659162e-01
1.890891748489635647e+05,9.999999999972523090e-01,9.999999999982870369e-01,9.999999999999665823e-01
1.911319687804919959e+05,9.999999999973112619e-01,9.999999999983236743e-01,9.999999999999674705e-01
1.931968317016916990e+05,9.999999999973691045e-01,9.999999999983596455e-01,9.999999999999681366e-01
1.952840020312781271e+05,9.999999999974255038e-01,9.999999999983948396e-01,9.999999999999688027e-01
1.973937207636842795e+05,9.999999999974806819e-01,9.999999999984293675e-01,9.999999999999694689e-01
1.995262314968870778e+05,9.999999999975346388e-01,9.999999999984630072e-01,9.999999999999701350e-01
2.016817804605349374e+05,9.999999999975875964e-01,9.999999999984959809e-01,9.999999999999708011e-01
2.038606165443758946e+05,9.999999999976393328e-01,9.999999999985281773e-01,9.999999999999714673e-01
2.060629913269996759e+05,9.999999999976898479e-01,9.999999999985598187e-01,9.999999999999719114e-01
2.082891591048834380e+05,9.999999999977394749e-01,9.999999999985905719e-01,9.999999999999725775e-01
2.105393769217546505e+05,9.999999999977879916e-01,9.999999999986208810e-01,9.999999999999732436e-01
2.128139045982706593e+05,9.999999999978353982e-01,9.999999999986506349e-01,9.999999999999736877e-01
2.151130047620186233e+05,9.999999999978816945e-01,9.999999999986795007e-01,9.999999999999743538e-01
2.174369428778398724e+05,9.999999999979273246e-01,9.999999999987078114e-01,9.999999999999747979e-01
2.197859872784817417e+05,9.999999999979718446e-01,9.999999999987355670e-01,9.999999999999754641e-01
2.221604091955803451e+05,9.999999999980151433e-01,9.999999999987625454e-01,9.999999999999759082e-01
2.245604827909783926e+05,9.999999999980576648e-01,9.999999999987890797e-01,9.999999999999765743e-01
2.269864851883812225e+05,9.999999999980994092e-01,9.999999999988151700e-01,9.999999999999770184e-01
2.294386965053546301e+05,9.999999999981402654e-01,9.999999999988405941e-01,9.999999999999774625e-01
2.319173998856695835e+05,9.999999999981800114e-01,9.999999999988653521e-01,9.999999999999779066e-01
2.344228815319918504e+05,9.999999999982193133e-01,9.999999999988897770e-01,9.999999999999783507e-01
2.369554307389333262e+05,9.999999999982573939e-01,9.999999999989134247e-01,9.999999999999787947e-01
2.395153399264520849e+05,9.999999999982945864e-01,9.999999999989369615e-01,9.999999999999792388e-01
2.421029046736172168e+05,9.999999999983313348e-01,9.999999999989596100e-01,9.999999999999796829e-01
2.447184237527380174e+05,9.999999999983671950e-01,9.999999999989820365e-01,9.999999999999801270e-01
2.473621991638613981e+05,9.999999999984022780e-01,9.999999999990037969e-01,9.999999999999805711e-01
2.500345361696423206e+05,9.999999999984362509e-01,9.999999999990251132e-01,9.999999999999810152e-01
2.527357433305908635e+05,9.999999999984700016e-01,9.999999999990460964e-01,9.999999999999814593e-01
2.554661325407000550e+05,9.999999999985028643e-01,9.999999999990665245e-01,9.999999999999819034e-01
2.582260190634585742e+05,9.999999999985350607e-01,9.999999999990866195e-01,9.999999999999823475e-01
2.610157215682525421e+05,9.999999999985663690e-01,9.999999999991061594e-01,9.999999999999825695e-01
2.638355621671606204e+05,9.999999999985970112e-01,9.999999999991253663e-01,9.999999999999830136e-01
2.666858664521476021e+05,9.999999999986270982e-01,9.999999999991441291e-01,9.999999999999834577e-01
2.695669635326547432e+05,9.999999999986565191e-01,9.999999999991625588e-01,9.999999999999836797e-01
2.724791860736061353e+05,9.999999999986852739e-01,9.999999999991804334e-01,9.999999999999841238e-01
2.754228703338160412e+05,9.999999999987136956e-01,9.999999999991980859e-01,9.999999999999843459e-01
2.783983562048156164e+05,9.999999999987413402e-01,9.999999999992151833e-01,9.999999999999847899e-01
2.814059872500986094e+05,9.999999999987682076e-01,9.999999999992319477e-01,9.999999999999850120e-01
2.844461107447906979e+05,9.999999999987946309e-01,9.999999999992484900e-01,9.999999999999854561e-01
2.875190777157474076e+05,9.999999999988204991e-01,9.999999999992648103e-01,9.999999999999856781e-01
2.906252429820855032e+05,9.999999999988458121e-01,9.999999999992804645e-01,9.999999999999861222e-01
2.937649651961519266e+05,9.999999999988706811e-01,9.999999999992957855e-01,9.999999999999863443e-01
2.969386068849355215e+05,9.999999999988947730e-01,9.999999999993108846e-01,9.999999999999865663e-01
3.001465344919260824e+05,9.999999999989185318e-01,9.999999999993257616e-01,9.999999999999870104e-01
3.033891184194266680e+05,9.999999999989417354e-01,9.999999999993401945e-01,9.999999999999872324e-01
3.066667330713178380e+05,9.999999999989644950e-01,9.999999999993544053e-01,9.999999999999874545e-01
3.099797568962941878e+05,9.999999999989866994e-01,9.999999999993682831e-01,9.999999999999876765e-01
3.133285724315579282e+05,9.999999999990082378e-01,9.999999999993818278e-01,9.999999999999881206e-01
3.167135663469891297e+05,9.999999999990296651e-01,9.999999999993950395e-01,9.999999999999883427e-01
3.201351294897927437e+05,9.999999999990504262e-01,9.999999999994079181e-01,9.999999999999885647e-01
3.235936569296273519e+05,9.999999999990707433e-01,9.999999999994205746e-01,9.999999999999887867e-01
3.270895480042218696e+05,9.999999999990906163e-01,9.999999999994331201e-01,9.999999999999890088e-01
3.306232063654850936e+05,9.999999999991103783e-01,9.999999999994452216e-01,9.999999999999892308e-01
3.341950400261129835e+05,9.999999999991294741e-01,9.999999999994571009e-01,9.999999999999894529e-01
3.378054614066999638e+05,9.999999999991480149e-01,9.999999999994687583e-01,9.999999999999896749e-01
3.414548873833586695e+05,9.999999999991662225e-01,9.999999999994801936e-01,9.999999999999898970e-01
3.451437393358546542e+05,9.999999999991843191e-01,9.999999999994914068e-01,9.999999999999901190e-01
3.488724431962618837e+05,9.999999999992016386e-01,9.999999999995022870e-01,9.999999999999903411e-01
3.526414294981381390e+05,9.999999999992187361e-01,9.999999999995129452e-01,9.999999999999905631e-01
3.564511334262435557e+05,9.999999999992355004e-01,9.999999999995232702e-01,9.999999999999907851e-01
3.603019948667844292e+05,9.999999999992520427e-01,9.999999999995337063e-01,9.999999999999910072e-01
3.641944584582055686e+05,9.999999999992678079e-01,9.999999999995434763e-01,9.999999999999912292e-01
3.681289736425304436e+05,9.999999999992837951e-01,9.999999999995534683e-01,9.999999999999914513e-01
3.721059947172557586e+05,9.999999999992990052e-01,9.999999999995629052e-01,9.999999999999914513e-01
3.761259808878069161e+05,9.999999999993141042e-01,9.999999999995724531e-01,9.999999999999916733e-01
3.801893963205598411e+05,9.999999999993288702e-01,9.999999999995814459e-01,9.999999999999918954e-01
3.842967101964358590e+05,9.999999999993433031e-01,9.999999999995905497e-01,9.999999999999921174e-01
3.884483967650756822e+05,9.999999999993572919e-01,9.999999999995994315e-01,9.999999999999923395e-01
3.926449353995980928e+05,9.999999999993709476e-01,9.999999999996077582e-01,9.999999999999923395e-01
3.968868106519525754e+05,9.999999999993846034e-01,9.999999999996161959e-01,9.999999999999925615e-01
4.011745123088617111e+05,9.999999999993978150e-01,9.999999999996246336e-01,9.999999999999927836e-01
4.055085354483831325e+05,9.999999999994105826e-01,9.999999999996325162e-01,9.999999999999930056e-01
4.098893804970677593e+05,9.999999999994233502e-01,9.999999999996402877e-01,9.999999999999930056e-01
4.143175532877427177e+05,9.999999999994358957e-01,9.999999999996480593e-01,9.999999999999932276e-01
4.187935651179173146e+05,9.999999999994479971e-01,9.999999999996556088e-01,9.999999999999934497e-01
4.233179328088196344e+05,9.999999999994597655e-01,9.999999999996629363e-01,9.999999999999934497e-01
4.278911787650714978e+05,9.999999999994712008e-01,9.999999999996702638e-01,9.999999999999936717e-01
4.325138310350072570e+05,9.999999999994826361e-01,9.999999999996774802e-01,9.999999999999936717e-01
4.371864233716450399e+05,9.999999999994937383e-01,9.999999999996843636e-01,9.999999999999938938e-01
4.419094952943162643e+05,9.999999999995046185e-01,9.999999999996910249e-01,9.999999999999941158e-01
4.466835921509612235e+05,9.999999999995152766e-01,9.999999999996976863e-01,9.999999999999941158e-01
4.515092651810972020e+05,9.999999999995256017e-01,9.999999999997042366e-01,9.999999999999943379e-01
4.563870715794689604e+05,9.999999999995358158e-01,9.999999999997104538e-01,9.999999999999943379e-01
4.613175745603786781e+05,9.999999999995456967e-01,9.999999999997166711e-01,9.999999999999945599e-01
4.663013434227267862e+05,9.999999999995554667e-01,9.999999999997227773e-01,9.999999999999945599e-01
4.713389536157394759e+05,9.999999999995650146e-01,9.999999999997287725e-01,9.999999999999947820e-01
4.764309868054145481e+05,9.999999999995743405e-01,9.999999999997345457e-01,9.999999999999947820e-01
4.815780309416830423e+05,9.999999999995834443e-01,9.999999999997402078e-01,9.999999999999950040e-01
4.867806803262968315e+05,9.999999999995923261e-01,9.999999999997458699e-01,9.999999999999950040e-01
4.920395356814493425e+05,9.999999999996013189e-01,9.999999999997514211e-01,9.999999999999952260e-01
4.973552042191379587e+05,9.999999999996096456e-01,9.999999999997566391e-01,9.999999999999952260e-01
5.027282997112753219e+05,9.999999999996181943e-01,9.999999999997617461e-01,9.999999999999954481e-01
5.081594425605584984e+05,9.999999999996261879e-01,9.999999999997668532e-01,9.999999999999954481e-01
5.136492598721034010e+05,9.999999999996341815e-01,9.999999999997719602e-01,9.999999999999956701e-01
5.191983855258533731e+05,9.999999999996421751e-01,9.999999999997768452e-01,9.999999999999956701e-01
5.248074602497718297e+05,9.999999999996499467e-01,9.999999999997816191e-01,9.999999999999958922e-01
5.304771316938162781e+05,9.999999999996573852e-01,9.999999999997862821e-01,9.999999999999958922e-01
5.362080545047298074e+05,9.999999999996647126e-01,9.999999999997909450e-01,9.999999999999958922e-01
5.420008904016226297e+05,9.999999999996719291e-01,9.999999999997953859e-01,9.999999999999961142e-01
5.478563082523791818e+05,9.999999999996789235e-01,9.999999999997997158e-01,9.999999999999961142e-01
5.537749841508882819e+05,9.999999999996856959e-01,9.999999999998040456e-01,9.999999999999963363e-01
5.597576014951084508e+05,9.999999999996925792e-01,9.999999999998083755e-01,9.999999999999963363e-01
5.658048510659761960e+05,9.999999999996990185e-01,9.999999999998123723e-01,9.999999999999963363e-01
5.719174311071664561e+05,9.999999999997055689e-01,9.999999999998162581e-01,9.999999999999965583e-01
5.780960474057157990e+05,9.999999999997120081e-01,9.999999999998203659e-01,9.999999999999965583e-01
5.843414133735151263e+05,9.999999999997181144e-01,9.999999999998242517e-01,9.999999999999965583e-01
5.906542501296839910e+05,9.999999999997241096e-01,9.999999999998279154e-01,9.999999999999967804e-01
5.970352865838361904e+05,9.999999999997299938e-01,9.999999999998315792e-01,9.999999999999967804e-01
6.034852595202350058e+05,9.999999999997358779e-01,9.999999999998352429e-01,9.999999999999967804e-01
6.100049136828781338e+05,9.999999999997416511e-01,9.999999999998386846e-01,9.999999999999970024e-01
6.165950018614808796e+05,9.999999999997470912e-01,9.999999999998422373e-01,9.999999999999970024e-01
6.232562849783991696e+05,9.999999999997524203e-01,9.999999999998456790e-01,9.999999999999970024e-01
6.299895321764885448e+05,9.999999999997577493e-01,9.999999999998488986e-01,9.999999999999972244e-01
6.367955209079140332e+05,9.999999999997629674e-01,9.999999999998521183e-01,9.999999999999972244e-01
6.436750370239170734e+05,9.999999999997680744e-01,9.999999999998553379e-01,9.999999999999972244e-01
6.506288748655549716e+05,9.999999999997731814e-01,9.999999999998583355e-01,9.999999999999972244e-01
6.576578373554180143e+05,9.999999999997778444e-01,9.999999999998615552e-01,9.999999999999974465e-01
6.647627360903396038e+05,9.999999999997826183e-01,9.999999999998644418e-01,9.999999999999974465e-01
6.719443914351062849e+05,9.999999999997872813e-01,9.999999999998673283e-01,9.999999999999974465e-01
6.792036326171813998e+05,9.999999999997919442e-01,9.999999999998702149e-01,9.999999999999974465e-01
6.865412978224538965e+05,9.999999999997964961e-01,9.999999999998729905e-01,9.999999999999975575e-01
6.939582342920090305e+05,9.999999999998007150e-01,9.999999999998758771e-01,9.999999999999975575e-01
7.014552984199699713e+05,9.999999999998049338e-01,9.999999999998784306e-01,9.999999999999975575e-01
7.090333558523710817e+05,9.999999999998091527e-01,9.999999999998809841e-01,9.999999999999975575e-01
7.166932815871117637e+05,9.999999999998133715e-01,9.999999999998836486e-01,9.999999999999977796e-01
7.244359600749880774e+05,9.999999999998172573e-01,9.999999999998859801e-01,9.999999999999977796e-01
7.322622853218152886e+05,9.999999999998211431e-01,9.999999999998885336e-01,9.999999999999977796e-01
7.401731609916540328e+05,9.999999999998250289e-01,9.999999999998909761e-01,9.999999999999977796e-01
7.481695005111517385e+05,9.999999999998289146e-01,9.999999999998933076e-01,9.999999999999977796e-01
7.562522271750108339e+05,9.999999999998324673e-01,9.999999999998955280e-01,9.999999999999980016e-01
7.644222742525971262e+05,9.999999999998361311e-01,9.999999999998977485e-01,9.999999999999980016e-01
7.726805850956989452e+05,9.999999999998396838e-01,9.999999999998999689e-01,9.999999999999980016e-01
7.810281132474512560e+05,9.999999999998431255e-01,9.999999999999021894e-01,9.999999999999980016e-01
7.894658225524388254e+05,9.999999999998464562e-01,9.999999999999042988e-01,9.999999999999980016e-01
7.979946872679725057e+05,9.999999999998497868e-01,9.999999999999062972e-01,9.999999999999982236e-01
8.066156921766118612e+05,9.999999999998530065e-01,9.999999999999081846e-01,9.999999999999982236e-01
8.153298326998311095e+05,9.999999999998562261e-01,9.999999999999104050e-01,9.999999999999982236e-01
8.241381150130002061e+05,9.999999999998591127e-01,9.999999999999120703e-01,9.999999999999982236e-01
8.330415561615165789e+05,9.999999999998621103e-01,9.999999999999140687e-01,9.999999999999982236e-01
8.420411841782848351e+05,9.999999999998651079e-01,9.999999999999159561e-01,9.999999999999982236e-01
8.511380382023766870e+05,9.999999999998679945e-01,9.999999999999177325e-01,9.999999999999984457e-01
8.603331685990323313e+05,9.999999999998707700e-01,9.999999999999193978e-01,9.999999999999984457e-01
8.696276370809596265e+05,9.999999999998735456e-01,9.999999999999210631e-01,9.999999999999984457e-01
8.790225168308806606e+05,9.999999999998762101e-01,9.999999999999228395e-01,9.999999999999984457e-01
8.885188926254964899e+05,9.999999999998790967e-01,9.999999999999245048e-01,9.999999999999984457e-01
8.981178609606901882e+05,9.999999999998816502e-01,9.999999999999260591e-01,9.999999999999984457e-01
9.078205301781843882e+05,9.999999999998842037e-01,9.999999999999277245e-01,9.999999999999984457e-01
9.176280205934637925e+05,9.999999999998867573e-01,9.999999999999293898e-01,9.999999999999986677e-01
9.275414646251843078e+05,9.999999999998890887e-01,9.999999999999308331e-01,9.999999999999986677e-01
9.375620069258747390e+05,9.999999999998915312e-01,9.999999999999322764e-01,9.999999999999986677e-01
9.476908045141568873e+05,9.999999999998938627e-01,9.999999999999338307e-01,9.999999999999986677e-01
9.579290269082866143e+05,9.999999999998960831e-01,9.999999999999351630e-01,9.999999999999986677e-01
9.682778562612460228e+05,9.999999999998984146e-01,9.999999999999367173e-01,9.999999999999986677e-01
9.787384874971929239e+05,9.999999999999004130e-01,9.999999999999379385e-01,9.999999999999986677e-01
9.893121284494522261e+05,9.999999999999025224e-01,9.999999999999391598e-01,9.999999999999986677e-01
9.999999999999995343e+05,9.999999999999046318e-01,9.999999999999406031e-01,9.999999999999988898e-01
