G_mM,Y_0p5,Y_5,Y_36
9.999999999999982011e-09,1.118242385777741508e-13,1.954368016247602547e-13,1.902085202508048778e-11
1.010803336220382749e-08,1.130323139003531720e-13,1.975481719483935549e-13,1.922634100793602776e-11
1.021723384514257942e-08,1.142534395461057218e-13,1.996823508608608149e-13,1.943404933100254435e-11
1.032761405761394785e-08,1.154877579370754640e-13,2.018395864499996702e-13,1.964400215182671320e-11
1.043918674463272197e-08,1.167354109638804849e-13,2.040201272280922586e-13,1.985622264896716029e-11
1.055196478890237068e-08,1.179965417925602085e-13,2.062242236174211923e-13,2.007073595286113196e-11
1.066596121230254167e-08,1.192712972028477115e-13,2.084521315580481931e-13,2.028756670597621460e-11
1.078118917739266564e-08,1.205598249310419632e-13,2.107041095367022484e-13,2.050674006585908389e-11
1.089766198893160955e-08,1.218622743077186396e-13,2.129804185867796872e-13,2.072828167802606575e-11
1.101539309541414140e-08,1.231787928566065143e-13,2.152813169827872332e-13,2.095221621205417266e-11
1.113439609062360287e-08,1.245095347973961653e-13,2.176070731859006984e-13,2.117856977431996441e-11
1.125468471520154573e-08,1.258546517989355459e-13,2.199579533228509685e-13,2.140736898627907709e-11
1.137627285823429072e-08,1.272143019071791076e-13,2.223342332825934646e-13,2.163864000852691943e-11
1.149917455885663058e-08,1.285886405109535668e-13,2.247361840729712897e-13,2.187240946251912430e-11
1.162340400787285095e-08,1.299778268253495390e-13,2.271640845540517339e-13,2.210870445768099100e-11
1.174897554939526761e-08,1.313820202780277847e-13,2.296182133736797984e-13,2.234755210343780587e-11
1.187590368250046211e-08,1.328013847606236761e-13,2.320988568197022057e-13,2.258898002429394132e-11
1.200420306290341755e-08,1.342361578203517989e-13,2.346064297866635325e-13,2.283302912837216655e-11
1.213388850464973329e-08,1.356863541245569344e-13,2.371409585901256931e-13,2.307970190973960761e-11
1.226497498182612357e-08,1.371522185541261095e-13,2.397028702213027008e-13,2.332903930362845656e-11
1.239747763028944008e-08,1.386339192520989108e-13,2.422924594569324079e-13,2.358107085931228331e-11
1.253141174941415222e-08,1.401316271249277195e-13,2.449100248937534141e-13,2.383582468926511052e-11
1.266679280385915192e-08,1.416455147796266581e-13,2.475558678873939999e-13,2.409333088494901699e-11
1.280363642535318994e-08,1.431757576929077291e-13,2.502302948868169270e-13,2.435361902274699874e-11
1.294195841449984185e-08,1.447225325106190988e-13,2.529336150998745367e-13,2.461671916701169879e-11
1.308177474260191939e-08,1.462860174728855394e-13,2.556661398566419595e-13,2.488266192428427553e-11
1.322310155350558197e-08,1.478663939020999741e-13,2.584281862171956482e-13,2.515147733180795236e-11
1.336595516546439315e-08,1.494638430143701905e-13,2.612200703927228999e-13,2.542319697206319785e-11
1.351035207302348917e-08,1.510785500646380201e-13,2.640421168710798525e-13,2.569785240042104803e-11
1.365630894892413254e-08,1.527107010518410926e-13,2.668946499279001783e-13,2.597547465717346258e-11
1.380384264602880616e-08,1.543604853760404443e-13,2.697780012665972850e-13,2.625609632784964637e-11
1.395297019926713753e-08,1.560280929687226888e-13,2.726925028028066924e-13,2.653974942868086926e-11
1.410370882760287634e-08,1.577137154619360801e-13,2.756384889988313378e-13,2.682646703316598314e-11
1.425607593602187581e-08,1.594175483139927708e-13,2.786163017447536413e-13,2.711628210636614845e-11
1.441008911754205393e-08,1.611397885774815446e-13,2.816262854773233898e-13,2.740922823685929986e-11
1.456576615524456523e-08,1.628806350055528757e-13,2.846687873921797986e-13,2.770533944697417983e-11
1.472312502432717075e-08,1.646402887959147019e-13,2.877441593538522387e-13,2.800464921685102513e-11
1.488218389417973511e-08,1.664189517839856237e-13,2.908527536513145074e-13,2.830719262608616021e-11
1.504296113048215179e-08,1.682168296314480391e-13,2.939949300013200365e-13,2.861300461872879521e-11
1.520547529732492484e-08,1.700341323576738478e-13,2.971710557606241056e-13,2.892212024726582527e-11
1.536974515935267838e-08,1.718710673249071638e-13,3.003814929804250979e-13,2.923457548590461643e-11
1.553578968393079411e-08,1.737278721866477590e-13,3.036266571919343814e-13,2.955041075479827796e-11
1.570362804333547951e-08,1.756047124288074850e-13,3.069068372296660201e-13,2.986965370556061158e-11
1.587327961696749174e-08,1.775018269803073877e-13,3.102224509592763840e-13,3.019234521920494747e-11
1.604476399358976711e-08,1.794194375518811076e-13,3.135738863230811926e-13,3.051852281517590980e-11
1.621810097358929678e-08,1.813577644725558493e-13,3.169615276556176822e-13,3.084822439245003630e-11
1.639331057126312649e-08,1.833170326416184644e-13,3.203857682047583679e-13,3.118148801266045356e-11
1.657041301712966784e-08,1.852974663206452174e-13,3.238470003694868104e-13,3.151835206275336897e-11
1.674942876026435533e-08,1.872992963608888898e-13,3.273456269476778976e-13,3.185885501100326492e-11
1.693037847066086977e-08,1.893227515941853423e-13,3.308820481905393522e-13,3.220303684381245907e-11
1.711328304161777934e-08,1.913680680797576654e-13,3.344566768703928108e-13,3.255093695117590155e-11
1.729816359215098208e-08,1.934354809202630062e-13,3.380699236373374238e-13,3.290259529238646130e-11
1.748504146943220458e-08,1.955252278754861965e-13,3.417222035981399307e-13,3.325805280267634008e-11
1.767393825125384796e-08,1.976375507440461118e-13,3.454139399240134965e-13,3.361735039016830387e-11
1.786487574852045919e-08,1.997726945131148642e-13,3.491455610917281320e-13,3.398052999314327130e-11
1.805787600776711890e-08,2.019309041698645909e-13,3.529174945169424283e-13,3.434763251972401483e-11
1.825296131370504335e-08,2.041124552052931309e-13,3.567302221564392798e-13,3.471870576382732719e-11
1.845015419179473489e-08,2.063175489233935828e-13,3.605840956625257935e-13,3.509378334114056591e-11
1.864947741084663119e-08,2.085464651728532113e-13,3.644796042075421335e-13,3.547291299136167801e-11
1.885095398565047415e-08,2.107994618013420583e-13,3.684171983393746473e-13,3.585613868597847758e-11
1.905460717963245561e-08,2.130767970816706829e-13,3.723973292425767261e-13,3.624350420671281221e-11
1.926046050754137716e-08,2.153787360888964577e-13,3.764204606228156241e-13,3.663505450099182879e-11
1.946853773816378780e-08,2.177055425163703203e-13,3.804870530024247404e-13,3.703083489577460073e-11
1.967886289706841371e-08,2.200574877099710309e-13,3.845975809104073349e-13,3.743089126020873614e-11
1.989146026938029701e-08,2.224348408898750913e-13,3.887525146313212412e-13,3.783526946344181731e-11
2.010635440258483220e-08,2.248378776533655265e-13,3.929523359097271910e-13,3.824401632345133649e-11
2.032357010936216664e-08,2.272668747668614752e-13,3.971975284001861884e-13,3.865717917329384608e-11
2.054313247045216382e-08,2.297221133544715267e-13,4.014885838217057136e-13,3.907480537313532784e-11
2.076506683755035602e-08,2.322039285331386648e-13,4.058260870588712655e-13,3.949695212386315986e-11
2.098939883623517111e-08,2.347125025818217812e-13,4.102103575062042992e-13,3.992365046576929535e-11
2.121615436892684360e-08,2.372481792265576256e-13,4.146419951160717958e-13,4.035495857568041293e-11
2.144535961787794055e-08,2.398112480942632413e-13,4.191215073119294080e-13,4.079092628072019427e-11
2.167704104819693172e-08,2.424020080586601503e-13,4.236494148872361103e-13,4.123160432973279526e-11
2.191122541090368226e-08,2.450207561866230233e-13,4.282262377865616709e-13,4.167704257695132691e-11
2.214793974601830724e-08,2.476677952844222401e-13,4.328525055044782306e-13,4.212729326223832515e-11
2.238721138568336155e-08,2.503434312405963572e-13,4.375287522044480354e-13,4.258240813748666922e-11
2.262906795731971925e-08,2.530479743013732808e-13,4.422555203266018186e-13,4.304244001185683973e-11
2.287353738681657571e-08,2.557817850921218357e-13,4.470334403833138512e-13,4.350745045085366354e-11
2.312064790175589034e-08,2.585450785213287474e-13,4.518628871591190472e-13,4.397747553712221109e-11
2.337042803467168990e-08,2.613382254177330861e-13,4.567445094175071159e-13,4.445257830007627937e-11
2.362290662634455026e-08,2.641615475063543788e-13,4.616788693352803272e-13,4.493281401583405542e-11
2.387811282913169978e-08,2.670153710824716729e-13,4.666665371536873769e-13,4.541823787918541892e-11
2.413607611033308526e-08,2.699000249922067160e-13,4.717080875706445999e-13,4.590890611507843455e-11
2.439682625559389332e-08,2.728158426519408767e-13,4.768041033485146561e-13,4.640487494846115405e-11
2.466039337234337848e-08,2.757631617294596371e-13,4.819551746774399909e-13,4.690620204108117644e-11
2.492680789327174808e-08,2.787423709094001608e-13,4.871619804564732275e-13,4.741295351282678910e-11
2.519610057984369800e-08,2.817537148600791277e-13,4.924249487379398493e-13,4.792517070557156251e-11
2.546830252585037580e-08,2.847975922569337765e-13,4.977447762475632383e-13,4.844292223327091332e-11
2.574344516099960600e-08,2.878743538408178409e-13,5.031220760954915350e-13,4.896626673361174106e-11
2.602156025454491670e-08,2.909843533285680953e-13,5.085574662729846930e-13,4.949526533834809391e-11
2.630267991895376134e-08,2.941279515581235347e-13,5.140515772924169832e-13,5.002997874548318968e-11
2.658683661361537565e-08,2.973055356198445909e-13,5.196050859306183914e-13,5.057047296646762430e-11
2.687406314858869330e-08,3.005174242627678006e-13,5.252185490588342915e-13,5.111680230148025199e-11
2.716439268839074380e-08,3.037640118046408509e-13,5.308926559750086837e-13,5.166903373791096917e-11
2.745785875582598582e-08,3.070456721564709882e-13,5.366280601115214327e-13,5.222723092869036323e-11
2.775449523585700298e-08,3.103627865629376478e-13,5.424254280585331583e-13,5.279145847557890570e-11
2.805433637951712766e-08,3.137157361624353314e-13,5.482854253450934142e-13,5.336178192916695863e-11
2.835741680786481433e-08,3.171049354668821475e-13,5.542087769224880220e-13,5.393827082513039345e-11
2.866377151598176411e-08,3.205307237383403098e-13,5.601960755275266931e-13,5.452098382826553900e-11
2.897343587701319581e-08,3.239935212281237374e-13,5.662480554492753581e-13,5.510999147729700944e-11
2.928644564625232153e-08,3.274937280996610126e-13,5.723654163845693944e-13,5.570536279282159663e-11
2.960283696526880509e-08,3.310317484489297273e-13,5.785488646091347086e-13,5.630716579238736259e-11
2.992264636608183199e-08,3.346080682114400615e-13,5.847992492242872108e-13,5.691548334950742773e-11
3.024591077537828384e-08,3.382229465102834072e-13,5.911170231123583009e-13,5.753035932723190823e-11
3.057266751877644744e-08,3.418768777837784740e-13,5.975030502302229561e-13,5.815187852384312203e-11
3.090295432513581438e-08,3.455702835586604045e-13,6.039580680502814163e-13,5.878011199314475641e-11
3.123680933091344429e-08,3.493035917387708650e-13,6.104828233827136268e-13,5.941513265949085690e-11
3.157427108456735162e-08,3.530772573306537913e-13,6.170781122732672424e-13,6.005701794740004504e-11
3.191537855100761085e-08,3.568916644486866752e-13,6.237446051321038321e-13,6.070583294660246198e-11
3.226017111609499478e-08,3.607472796844900576e-13,6.304831183783091770e-13,6.136165754857443568e-11
3.260868859118930989e-08,3.646445494355142598e-13,6.372944319287381817e-13,6.202456768681622053e-11
3.296097121774574116e-08,3.685839724977674420e-13,6.441794171680453061e-13,6.269464764453103550e-11
3.331705967196146971e-08,3.725659037572225176e-13,6.511386948463802860e-13,6.337195811972210487e-11
3.367699506947228523e-08,3.765908535949643024e-13,6.581731565095136960e-13,6.405658586255038635e-11
3.404081897010002690e-08,3.806592857329155329e-13,6.652836128465299438e-13,6.474860976144347161e-11
3.440857338265126335e-08,3.847716943968247485e-13,6.724709276020816924e-13,6.544811363874436518e-11
3.478030076976782017e-08,3.889285072779633943e-13,6.797358482230159306e-13,6.615517098810501848e-11
3.515604405282971763e-08,3.931302257231820281e-13,6.870792509750996385e-13,6.686986611983811215e-11
3.553584661691108768e-08,3.973774150629660053e-13,6.945021237530153656e-13,6.759229613990504103e-11
3.591975231578959294e-08,4.016704102016880887e-13,7.020050518657931382e-13,6.832251730036326681e-11
3.630780547701013530e-08,4.060097849726421127e-13,7.095890384881195043e-13,6.906062719514386046e-11
3.670005090700259583e-08,4.103960379592659664e-13,7.172549550046488227e-13,6.980671113760822594e-11
3.709653389625617383e-08,4.148297026065126915e-13,7.250037334956061109e-13,7.056085989011221440e-11
3.749730022454831971e-08,4.193112399791773906e-13,7.328361795567410431e-13,7.132315131092528422e-11
3.790239616623081612e-08,4.238411934067280953e-13,7.407532430949494969e-13,7.209367811428192632e-11
3.831186849557282214e-08,4.284201121705989191e-13,7.487558842037962106e-13,7.287253350238629478e-11
3.872576449216165457e-08,4.330484717903593738e-13,7.568449339457039201e-13,7.365979883062370710e-11
3.914413194636190865e-08,4.377268319633840895e-13,7.650213698164637974e-13,7.445556925307691836e-11
3.956701916483355350e-08,4.424557865045670508e-13,7.732862304318820994e-13,7.525994534571378550e-11
3.999447497610965066e-08,4.472357777725244339e-13,7.816402887054783713e-13,7.607300258117430970e-11
4.042654873623431788e-08,4.520674593143804029e-13,7.900846868175281144e-13,7.689485186411734925e-11
4.086329033446161975e-08,4.569512877309555749e-13,7.986202229360016210e-13,7.772557164921973010e-11
4.130475019901600056e-08,4.618878776690249175e-13,8.072479706933800266e-13,7.856526544026718482e-11
4.175097930291511298e-08,4.668778493021890384e-13,8.159690147577027867e-13,7.941403975019171951e-11
4.220202916985481773e-08,4.719216796380089951e-13,8.247841885258372854e-13,8.027197493132987657e-11
4.265795188015923932e-08,4.770200238178856330e-13,8.336946365125042784e-13,8.113918248474789480e-11
4.311880007679358157e-08,4.821734223015890281e-13,8.427013039557093364e-13,8.201575504335198361e-11
4.358462697144272729e-08,4.873824955815751949e-13,8.518052748868250730e-13,8.290179714108608643e-11
4.405548635065526447e-08,4.926478684017042613e-13,8.610076414016704266e-13,8.379741583307067947e-11
4.453143258205395839e-08,4.979701001404955010e-13,8.703093809960365694e-13,8.470270621916969794e-11
4.501252062061327156e-08,5.033499038647329356e-13,8.797117400513352907e-13,8.561778915320106857e-11
4.549880601500475226e-08,5.087877521180035412e-13,8.892155443244323795e-13,8.654274498750137255e-11
4.599034491401090033e-08,5.142843740161424805e-13,8.988220679978574359e-13,8.747769842542695751e-11
4.648719407300841696e-08,5.198403507261160795e-13,9.085323271918554488e-13,8.842274768442565897e-11
4.698941086052139414e-08,5.254563997786830475e-13,9.183475755033953760e-13,8.937801497378668880e-11
4.749705326484539690e-08,5.311330703489924631e-13,9.282687728138197430e-13,9.034359352282362397e-11
4.801017990074320577e-08,5.368710945288625804e-13,9.382971988234373098e-13,9.131960852286247526e-11
4.852885001621208072e-08,5.426710825010939825e-13,9.484339197369497290e-13,9.230616309815704232e-11
4.905312349932583513e-08,5.485338039824330476e-13,9.586802808313477273e-13,9.330338837699747215e-11
4.958306088514909963e-08,5.544597878475731960e-13,9.690372063346324124e-13,9.431137406447205974e-11
5.011872336272716368e-08,5.604498165674737517e-13,9.795060644438002058e-13,9.533025383715690769e-11
5.066017278215114356e-08,5.665045574000376917e-13,9.900880206835766288e-13,9.636014106666860014e-11
5.120747166169950247e-08,5.726246840865596522e-13,1.000784252463134577e-12,9.740114969392164003e-11
5.176068319505665054e-08,5.788109792042839917e-13,1.011596127767248361e-12,9.845341377502410172e-11
5.231987125860965726e-08,5.850640545302878230e-13,1.022524715983953739e-12,9.951703643422978484e-11
5.288510041882365189e-08,5.913847362187093065e-13,1.033571460436931827e-12,1.005921591285198765e-10
5.345643593969700377e-08,5.977737009868262706e-13,1.044737544477579509e-12,1.016788962867785300e-10
5.403394379029700392e-08,6.042316374558481012e-13,1.056024171406186969e-12,1.027773652385984030e-10
5.461769065237694114e-08,6.107593675285089465e-13,1.067432777543100163e-12,1.038877055433009143e-10
5.520774392807571753e-08,6.173576156440995152e-13,1.078964629218624883e-12,1.050100409554125082e-10
5.580417174769961297e-08,6.240271995602346749e-13,1.090621155113105591e-12,1.061445105191755304e-10
5.640704297759009623e-08,6.307687597509703884e-13,1.102403475123479137e-12,1.072912227536194080e-10
5.701642722807468503e-08,6.375831760444240813e-13,1.114313126800115974e-12,1.084503274654283185e-10
5.763239486150466666e-08,6.444712353755296638e-13,1.126351485555570397e-12,1.096219583582877873e-10
5.825501700037946082e-08,6.514337091615951797e-13,1.138519899213500500e-12,1.108062470484576247e-10
5.888436553555878271e-08,6.584713492634689638e-13,1.150819682278667911e-12,1.120033212755498099e-10
5.952051313456344680e-08,6.655850704770687804e-13,1.163252433421458267e-12,1.132133367832126309e-10
6.016353324996595611e-08,6.727756192427024600e-13,1.175819456959963527e-12,1.144364198742585262e-10
6.081350012787161807e-08,6.800438461600832027e-13,1.188522240147876174e-12,1.156727159907542053e-10
6.147048881649141798e-08,6.873906458309581491e-13,1.201362345577794890e-12,1.169223769725907152e-10
6.213457517480736454e-08,6.948167658647715209e-13,1.214341080538924033e-12,1.181855300443009752e-10
6.280583588133155830e-08,7.023231368939219520e-13,1.227460071290544838e-12,1.194623334978192287e-10
6.348434844296010797e-08,7.099105735937561838e-13,1.240720741631889147e-12,1.207529258894181714e-10
6.417019120392145115e-08,7.175800339119455427e-13,1.254124765996694432e-12,1.220574704178380497e-10
6.486344335482377794e-08,7.253322716224701994e-13,1.267673461011944658e-12,1.233760947684720101e-10
6.556418494179781193e-08,7.331682837859210995e-13,1.281368570508060718e-12,1.247089686192129571e-10
6.627249687573952785e-08,7.410889518246920974e-13,1.295211633945413489e-12,1.260562422918241155e-10
6.698846094165251469e-08,7.490952640839951357e-13,1.309204379025531013e-12,1.274180839731800032e-10
6.771215980809129456e-08,7.571880206781174112e-13,1.323348204080972476e-12,1.287946292646259398e-10
6.844367703670651050e-08,7.653681798735853542e-13,1.337644783757697665e-12,1.301860413377927747e-10
6.918309709189346557e-08,7.736367124785682712e-13,1.352095814985004516e-12,1.315924853704087782e-10
6.993050535054470138e-08,7.819946216119079213e-13,1.366703050931093527e-12,1.330141320163062069e-10
7.068598811190803219e-08,7.904427739223685444e-13,1.381468006226330063e-12,1.344511286694303325e-10
7.144963260755133171e-08,7.989822189753837582e-13,1.396392514895600788e-12,1.359036538453467130e-10
7.222152701143366221e-08,8.076138915484714770e-13,1.411478211050410948e-12,1.373718662968499099e-10
7.300176045008776194e-08,8.163388917987763563e-13,1.426727017424557791e-12,1.388559538922571174e-10
7.379042301291003960e-08,8.251580747899858797e-13,1.442140428062845836e-12,1.403560611248052319e-10
7.458760576256290662e-08,8.340725567282960459e-13,1.457720394136856780e-12,1.418723787635199523e-10
7.539340074548936763e-08,8.430833968510851909e-13,1.473468766649259196e-12,1.434050863541250604e-10
7.620790100254107378e-08,8.521915084662794827e-13,1.489387142360438297e-12,1.449543391794085778e-10
7.703120057972130775e-08,8.613980150074622255e-13,1.505477483689756012e-12,1.465203290656639018e-10
7.786339453904391968e-08,8.707040598898166715e-13,1.521741789983250481e-12,1.481032497639535818e-10
7.870457896950966979e-08,8.801105894759373907e-13,1.538181714664653301e-12,1.497032625211392632e-10
7.955485099820108945e-08,8.896187910767570463e-13,1.554799333055576562e-12,1.513205690313451429e-10
8.041430880149725030e-08,8.992296358193001497e-13,1.571596342085317998e-12,1.529553349331597057e-10
8.128305161640965918e-08,9.089443858392147669e-13,1.588574948016631922e-12,1.546077747705747732e-10
8.216117975204089333e-08,9.187640082246914665e-13,1.605736840775481719e-12,1.562780531791300808e-10
8.304879460116564515e-08,9.286897679810760679e-13,1.623084231505733919e-12,1.579663846757080273e-10
8.394599865193969534e-08,9.387227816334198756e-13,1.640619070954525390e-12,1.596729600293343632e-10
8.485289549973253972e-08,9.488641096945226517e-13,1.658343213520081329e-12,1.613979588128422415e-10
8.576958985908930759e-08,9.591150741385477770e-13,1.676258969029625396e-12,1.631416067664160553e-10
8.669618757582153499e-08,9.694767549284696875e-13,1.694368224988057140e-12,1.649040869057859452e-10
8.763279563922865902e-08,9.799503274712887820e-13,1.712673035706983380e-12,1.666855993527294530e-10
8.857952219445150371e-08,9.905371238382538036e-13,1.731175729052520850e-12,1.684863704709477494e-10
8.953647655495917348e-08,1.001238265762386290e-12,1.749878266170697997e-12,1.703065915445456968e-10
9.050376921517098231e-08,1.012055040356334217e-12,1.768782895768724103e-12,1.721464815363513788e-10
9.148151186321455664e-08,1.022988647685243395e-12,1.787891716088215942e-12,1.740062440652581447e-10
9.246981739382196489e-08,1.034040396650209055e-12,1.807207014036391883e-12,1.758861020249608066e-10
9.346879992136498546e-08,1.045211490292359392e-12,1.826730892311536695e-12,1.777862599831825653e-10
9.447857479303168357e-08,1.056503318608326831e-12,1.846465780009792209e-12,1.797069541985648660e-10
9.549925860214355592e-08,1.067917112060797091e-12,1.866413828428343054e-12,1.816483946878254474e-10
9.653096920161996645e-08,1.079454236200828062e-12,1.886577423157765330e-12,1.836108127214714830e-10
9.757382571758464530e-08,1.091116022674527340e-12,1.906958892064175773e-12,1.855944355849246241e-10
9.862794856312092163e-08,1.102903744352339367e-12,1.927560460085888510e-12,1.875994797740552415e-10
9.969345945217510761e-08,1.114818837677487822e-12,1.948384636539064601e-12,1.896261888128307272e-10
1.007704814136102309e-07,1.126862676278698479e-12,1.969433823992060842e-12,1.916747974688741396e-10
1.018591388054114787e-07,1.139036576709593912e-12,1.990710321660987606e-12,1.937455285816613932e-10
1.029595573290451531e-07,1.151342047580986021e-12,2.012216767044258293e-12,1.958386395822950220e-10
1.040718640439727924e-07,1.163780405021357240e-12,2.033955459994650623e-12,1.979543542319713952e-10
1.051961873823219803e-07,1.176353189739621955e-12,2.055929093400591101e-12,2.000929339739880693e-10
1.063326571637157753e-07,1.189061774301654181e-12,2.078140066434880710e-12,2.022546129524512479e-10
1.074814046102622819e-07,1.201907654457768138e-12,2.100590992827038503e-12,2.044396456435361921e-10
1.086425623617065222e-07,1.214892359438085987e-12,2.123284545092153670e-12,2.066482913488957940e-10
1.098162644907441289e-07,1.228017318352159163e-12,2.146223221510828948e-12,2.088807941889048000e-10
1.110026465185043144e-07,1.241284016959501563e-12,2.169409617985912230e-12,2.111374061185619128e-10
1.122018454301962231e-07,1.254694091413053533e-12,2.192846594636982120e-12,2.134184057143214355e-10
1.134139996909262527e-07,1.268249036293992500e-12,2.216536763283557653e-12,2.157240469372794656e-10
1.146392492616859073e-07,1.281950470537071281e-12,2.240482953485209843e-12,2.180546058698232222e-10
1.158777356155123783e-07,1.295799873843552754e-12,2.264687751382562550e-12,2.204103335452308756e-10
1.171296017538235880e-07,1.309798919034739068e-12,2.289154080337431900e-12,2.227915144227020582e-10
1.183949922229298931e-07,1.323949149689242160e-12,2.313884638543802254e-12,2.251984118431940300e-10
1.196740531307240213e-07,1.338252299210875545e-12,2.338882455050181216e-12,2.276313196457675600e-10
1.209669321635515986e-07,1.352709967934498447e-12,2.364150326946132590e-12,2.300905110392107083e-10
1.222737786032629156e-07,1.367323802110136376e-12,2.389691131541238798e-12,2.325762650608380181e-10
1.235947433444508285e-07,1.382095563094585947e-12,2.415507947119576264e-12,2.350888820559723396e-10
1.249299789118730487e-07,1.397026881301391597e-12,2.441603622977387184e-12,2.376286390829401404e-10
1.262796394780635729e-07,1.412119506395988455e-12,2.467981217025409453e-12,2.401958339658876086e-10
1.276438808811342715e-07,1.427375180284998261e-12,2.494643774016599098e-12,2.427907626041919607e-10
1.290228606427678799e-07,1.442795688770792371e-12,2.521594414679486502e-12,2.454137286505257648e-10
1.304167379864075283e-07,1.458382790234184613e-12,2.548836211992591041e-12,2.480650319893516821e-10
1.318256738556404799e-07,1.474138256873052410e-12,2.576372263552214887e-12,2.507449733455244051e-10
1.332498309327817163e-07,1.490063957285865473e-12,2.604205835459145790e-12,2.534538707668215138e-10
1.346893736576579522e-07,1.506161732224395644e-12,2.632340143941937358e-12,2.561920373671051623e-10
1.361444682465946456e-07,1.522433390342312283e-12,2.660778350900240446e-12,2.589597808112429673e-10
1.376152827116080713e-07,1.538880809059749033e-12,2.689523736865958155e-12,2.617574201229517317e-10
1.391019868798051013e-07,1.555506014170849325e-12,2.718579842979943746e-12,2.645853005136531190e-10
1.406047524129911441e-07,1.572310772878090519e-12,2.747949757288498076e-12,2.674437221931229167e-10
1.421237528274926214e-07,1.589297027222951569e-12,2.777636874074661645e-12,2.703330155710365110e-10
1.436591635141908595e-07,1.606466838392516887e-12,2.807644795599302897e-12,2.732535311993723600e-10
1.452111617587741167e-07,1.623822138331179659e-12,2.837976898743237008e-12,2.762055979967875670e-10
1.467799267622067974e-07,1.641364982592913420e-12,2.868636775156218328e-12,2.791895650242421517e-10
1.483656396614223336e-07,1.659097294194163194e-12,2.899627786863502462e-12,2.822057597364842278e-10
1.499684835502371173e-07,1.677021222857506851e-12,2.930953690199328491e-12,2.852545474872385308e-10
1.515886435004915427e-07,1.695138735282568554e-12,2.962617922740081342e-12,2.883362635387675783e-10
1.532263065834193501e-07,1.713452027532233198e-12,2.994624322737797228e-12,2.914512806998879866e-10
1.548816618912477606e-07,1.731963134434878218e-12,3.026976445764444759e-12,2.945999451037419000e-10
1.565549005590308355e-07,1.750674221549563161e-12,3.059678077228715218e-12,2.977826255740604384e-10
1.582462157867191841e-07,1.769587499287662496e-12,3.092733079788206514e-12,3.009996978203687485e-10
1.599558028614666297e-07,1.788705048711575449e-12,3.126145091357129014e-12,3.042515159188705187e-10
1.616838591801806088e-07,1.808029180672102718e-12,3.159918149464234422e-12,3.075384728206853855e-10
1.634305842723134188e-07,1.827562099203512252e-12,3.194056107429341245e-12,3.108609437473688323e-10
1.651961798229011174e-07,1.847305960086634145e-12,3.228562731985579537e-12,3.142192945948340001e-10
1.669808496958513169e-07,1.867263193636729458e-12,3.263442271186196319e-12,3.176139395679899603e-10
1.687847999574810915e-07,1.887435978592211122e-12,3.298698532510998706e-12,3.210452489273673219e-10
1.706082389003121183e-07,1.907826743992918367e-12,3.334335761466566349e-12,3.245136359019358298e-10
1.724513770671198747e-07,1.928437794525117054e-12,3.370357985819425711e-12,3.280194924939852431e-10
1.743144272752442782e-07,1.949271508636935170e-12,3.406769362367246062e-12,3.315632235285634445e-10
1.761976046411625093e-07,1.970330321639035048e-12,3.443574147227720343e-12,3.351452426412814963e-10
1.781011266053273791e-07,1.991616607090430254e-12,3.480776489346294218e-12,3.387659537625763012e-10
1.800252129572740211e-07,2.013132881822459646e-12,3.518380786605138655e-12,3.424257853026957498e-10
1.819700858609981100e-07,2.034881622384406474e-12,3.556391368126409355e-12,3.461251583794522855e-10
1.839359698806067195e-07,2.056865294590757410e-12,3.594812542658922682e-12,3.498644926196400688e-10
1.859230920062494417e-07,2.079086459487456027e-12,3.633648786607092131e-12,3.536442229126595965e-10
1.879316816803264333e-07,2.101547710112263149e-12,3.672904631553121182e-12,3.574647910608148927e-10
1.899619708239812774e-07,2.124251610274534057e-12,3.712584558782535345e-12,3.613266329294457808e-10
1.920141938638799826e-07,2.147200786704408992e-12,3.752693158663108234e-12,3.652301952818810560e-10
1.940885877592775769e-07,2.170397937874474662e-12,3.793235147834865781e-12,3.691759371620192322e-10
1.961853920293806600e-07,2.193845641092295447e-12,3.834215029866672453e-12,3.731642969292672941e-10
1.983048487810020231e-07,2.217546753088983333e-12,3.875637798348621326e-12,3.771957607369489938e-10
2.004472027365157011e-07,2.241503811846612812e-12,3.917507888301781894e-12,3.812707595978170747e-10
2.026127012621138590e-07,2.265719732021678943e-12,3.959830394334049416e-12,3.853897899667768544e-10
2.048015943963688222e-07,2.290197312738765743e-12,4.002610207956602815e-12,3.895533277226799676e-10
2.070141348791036128e-07,2.314939301786748724e-12,4.045852131971713055e-12,3.937618402862372382e-10
2.092505781805749603e-07,2.339948557597302043e-12,4.089561161879472832e-12,3.980158138649914187e-10
2.115111825309695834e-07,2.365228067525933349e-12,4.133742518347807816e-12,4.023157567877760215e-10
2.137962089502227932e-07,2.390780648978265143e-12,4.178401126419017729e-12,4.066621478612606603e-10
2.161059212781556351e-07,2.416609305465141250e-12,4.223542234137699909e-12,4.110554979354554579e-10
2.184405862049398837e-07,2.442716942821393199e-12,4.269170921043969747e-12,4.154963020284662940e-10
2.208004733018897558e-07,2.469106748643671293e-12,4.315292757548058082e-12,4.199851015697351722e-10
2.231858550525901061e-07,2.495781521418848125e-12,4.361912634948924350e-12,4.245223728718643380e-10
2.255970068843572426e-07,2.522744619756311111e-12,4.409036422890204276e-12,4.291086868864600032e-10
2.280342072000413612e-07,2.549998924939032209e-12,4.456669157194224599e-12,4.337445343212293221e-10
2.304977374101722662e-07,2.577547663464010262e-12,4.504816476819011939e-12,4.384304638980496419e-10
2.329878819654522428e-07,2.605394038658091608e-12,4.553483980400359674e-12,4.431670200283996873e-10
2.355049283896003153e-07,2.633541292748471529e-12,4.602677334060747410e-12,4.479547544433029757e-10
2.380491673125511738e-07,2.661992601427868769e-12,4.652402088261512489e-12,4.527942070811831240e-10
2.406208925040112320e-07,2.690751320329687348e-12,4.702664107765180236e-12,4.576859494087252492e-10
2.432204009073810787e-07,2.719820700290216820e-12,4.753469073549787405e-12,4.626305337262508262e-10
2.458479926740402483e-07,2.749204144558589857e-12,4.804822934417880404e-12,4.676285388470993166e-10
2.485039711980045264e-07,2.778905046286853570e-12,4.856731620284221694e-12,4.726805427171083920e-10
2.511886431509578038e-07,2.808926836358269439e-12,4.909201127276925270e-12,4.777871281618126660e-10
2.539023185176597999e-07,2.839272929713331221e-12,4.962237423298540972e-12,4.829488760006487883e-10
2.566453106317412521e-07,2.869946904652743656e-12,5.015846762963909815e-12,4.881663957077162408e-10
2.594179362118809574e-07,2.900952228621844386e-12,5.070035205643382506e-12,4.934402760184041825e-10
2.622205153983762084e-07,2.932292530725618651e-12,5.124809094448489336e-12,4.987711352715940164e-10
2.650533717901073638e-07,2.963971433054234962e-12,5.180174759969645269e-12,5.041595888241304763e-10
2.679168324819024833e-07,2.995992589902249548e-12,5.236138587975056464e-12,5.096062584577921079e-10
2.708112281023049392e-07,3.028359646211129125e-12,5.292706949801816561e-12,5.151117639753693040e-10
2.737368928517498785e-07,3.061076446100630696e-12,5.349886563558211160e-12,5.206767597170603343e-10
2.766941645411507040e-07,3.094146636425353217e-12,5.407683802279110798e-12,5.263018659736254615e-10
2.796833846309071641e-07,3.127574163763896989e-12,5.466105564249512323e-12,5.319877533238085150e-10
2.827048982703299727e-07,3.161362809846662058e-12,5.525158458495455255e-12,5.377350657520074566e-10
2.857590543374939735e-07,3.195516479269631353e-12,5.584849309236361301e-12,5.435444674391419070e-10
2.888462054795215447e-07,3.230039161019163899e-12,5.645185087973912384e-12,5.494166364190477317e-10
2.919667081532991026e-07,3.264934794659043265e-12,5.706172680047547821e-12,5.553522427011713193e-10
2.951209226666380850e-07,3.300207435497534945e-12,5.767819173044530777e-12,5.613519767083556868e-10
2.983092132198759157e-07,3.335861153935389456e-12,5.830131680443245134e-12,5.674165306526664322e-10
3.015319479479285963e-07,3.371900039823532390e-12,5.893117350738746524e-12,5.735465998366435143e-10
3.047894989627975724e-07,3.408328256243328313e-12,5.956783459335012670e-12,5.797428923042565150e-10
3.080822423965352150e-07,3.445150086059456246e-12,6.021137491736071174e-12,5.860061372990460190e-10
3.114105584446750057e-07,3.482369677792221311e-12,6.086186698091448003e-12,5.923370395305222605e-10
3.147748314101311366e-07,3.519991406986916985e-12,6.151938726042988125e-12,5.987363439385830298e-10
3.181754497475696430e-07,3.558019562779044987e-12,6.218401071069164274e-12,6.052047799023157935e-10
3.216128061082646746e-07,3.596458616583064692e-12,6.285581548679640864e-12,6.117431081664130322e-10
3.250872973854336043e-07,3.635312877516077668e-12,6.353487689581788328e-12,6.183520610377801916e-10
3.285993247600651634e-07,3.674586959095733201e-12,6.422127556948662901e-12,6.250324239306868812e-10
3.321492937472394919e-07,3.714285318494286325e-12,6.491508940823254521e-12,6.317849547704453979e-10
3.357376142429541835e-07,3.754412592399540041e-12,6.561639944488627521e-12,6.386104424955506850e-10
3.393647005714506112e-07,3.794973336191188066e-12,6.632528529675592135e-12,6.455096612156417016e-10
3.430309715330541361e-07,3.835972310166612333e-12,6.704183015709488178e-12,6.524834215838632470e-10
3.467368504525308478e-07,3.877414221799496594e-12,6.776611630447853791e-12,6.595325233824802359e-10
3.504827652279667651e-07,3.919303855832796105e-12,6.849822735660485172e-12,6.666577811955037567e-10
3.542691483801745802e-07,3.961646025706447296e-12,6.923824744474965634e-12,6.738600135649211004e-10
3.580964371026355674e-07,4.004445693021824288e-12,6.998626327868942201e-12,6.811400646240171162e-10
3.619650733119771361e-07,4.047707726274547015e-12,7.074235994894467249e-12,6.884987617795610164e-10
3.658755036990025416e-07,4.091437197283647700e-12,7.150662609227011147e-12,6.959369684396389837e-10
3.698281797802653986e-07,4.135639074452746725e-12,7.227914854365335438e-12,7.034555297405845903e-10
3.738235579502044526e-07,4.180318516435808207e-12,7.306001746784946838e-12,7.110553224012118059e-10
3.778620995338415761e-07,4.225480629594522046e-12,7.384932210220220542e-12,7.187372157394612550e-10
3.819442708400461121e-07,4.271130679824525453e-12,7.464715447902265849e-12,7.265021051796505933e-10
3.860705432153807583e-07,4.317273884980586844e-12,7.545360579658835094e-12,7.343508783114731589e-10
3.902413930985230109e-07,4.363915626915393403e-12,7.626877011181088183e-12,7.422844507557682666e-10
3.944573020752775717e-07,4.411061288757056768e-12,7.709274150919069856e-12,7.503037377538432595e-10
3.987187569341826320e-07,4.458716238009774344e-12,7.792561379097265543e-12,7.584096524053607389e-10
4.030262497227163851e-07,4.506886103957965289e-12,7.876748534764715965e-12,7.666031523778785199e-10
4.073802778041115491e-07,4.555576397697007807e-12,7.961845248992629452e-12,7.748851749797762731e-10
4.117813439147837775e-07,4.604792639994225932e-12,8.047861171103335778e-12,7.832566590646706430e-10
4.162299562223769741e-07,4.654540691091576284e-12,8.134806542943748080e-12,7.917186021509746157e-10
4.207266283844432473e-07,4.704826167200407850e-12,8.222691180218456550e-12,8.002719588699905427e-10
4.252718796077491928e-07,4.755654924417558071e-12,8.311525317558818065e-12,8.089177252491130236e-10
4.298662347082266087e-07,4.807032782065215732e-12,8.401319125505062720e-12,8.176568919209610696e-10
4.345102241715710859e-07,4.858965749715914164e-12,8.492083106937500863e-12,8.264904800433666752e-10
4.392043842144912250e-07,4.911459819298856402e-12,8.583827733964215759e-12,8.354195097982223020e-10
4.439492568466273270e-07,4.964520979660978263e-12,8.676563474236619251e-12,8.444449989817913031e-10
4.487453899331312994e-07,5.018155381308863569e-12,8.770301075539524631e-12,8.535679943974218182e-10
4.535933372579265175e-07,5.072369292619279969e-12,8.865051494696687137e-12,8.627895620961540267e-10
4.584936585876501832e-07,5.127168872495335081e-12,8.960825494772923454e-12,8.721107498843848950e-10
4.634469197362867557e-07,5.182560497086895225e-12,9.057634219772031993e-12,8.815326415969376530e-10
4.684536926305002387e-07,5.238550564119703701e-12,9.155488851473377439e-12,8.910563264634111189e-10
4.735145553756682333e-07,5.295145561342989169e-12,9.254400727639693522e-12,9.006829070241320019e-10
4.786300923226374516e-07,5.352351975124275241e-12,9.354381185609268532e-12,9.104134873104451909e-10
4.838008941351925909e-07,5.410176458273561305e-12,9.455441851979353747e-12,9.202491989510906825e-10
4.890275578582578388e-07,5.468625639261558057e-12,9.557594311539408176e-12,9.301911686680025482e-10
4.943106869868349783e-07,5.527706289937587728e-12,9.660850399501173140e-12,9.402405493166007708e-10
4.996508915356830185e-07,5.587425283228107171e-12,9.765222128281993652e-12,9.503985090420211703e-10
5.050487881097578777e-07,5.647789387049887084e-12,9.870721325453607721e-12,9.606661996695254025e-10
5.105049999754053968e-07,5.708805751414659951e-12,9.977360487512363368e-12,9.710448371652758647e-10
5.160201571323270586e-07,5.770481239258084517e-12,1.008515160947337827e-11,9.815355891864384037e-10
5.215948963863232830e-07,5.832823099437040133e-12,1.019410735952081346e-11,9.921396879377211832e-10
5.272298614228213926e-07,5.895838482175830968e-12,1.030424023436324373e-11,1.002858350415444101e-09
5.329257028811989423e-07,5.959534711474909606e-12,1.041556303439930806e-11,1.013692822135042901e-09
5.386830784299102475e-07,6.023919066269841621e-12,1.052808848150540934e-11,1.024644341265299086e-09
5.445026528424203469e-07,6.088999004374030744e-12,1.064182960867580093e-11,1.035714176527316231e-09
5.503850980739683163e-07,6.154782066928402824e-12,1.075679959703588323e-11,1.046903609925816506e-09
5.563310933391507219e-07,6.221275873937434365e-12,1.087301176310886970e-11,1.058213938348596135e-09
5.623413251903487185e-07,6.288487998746439743e-12,1.099047934319795273e-11,1.069646449737341647e-09
5.684164875969966751e-07,6.356426359702190146e-12,1.110921617674202299e-11,1.081202491186505262e-09
5.745572820257169972e-07,6.425098644619060247e-12,1.122923569974543301e-11,1.092883369912574426e-09
5.807644175213111942e-07,6.494512934353751938e-12,1.135055203496381164e-11,1.104690460661615263e-09
5.870386107886296364e-07,6.564677092091065040e-12,1.147317892485047335e-11,1.116625100687358540e-09
5.933805862753266749e-07,6.635599346424001425e-12,1.159713075107221703e-11,1.128688690381386421e-09
5.997910762555080030e-07,6.707287782354379741e-12,1.172242164381245455e-11,1.140882604001795471e-09
6.062708209142825443e-07,6.779750780781758735e-12,1.184906625001582667e-11,1.153208268073653867e-09
6.128205684332280770e-07,6.852996706450360570e-12,1.197707918946252602e-11,1.165667104621865545e-09
6.194410750767805475e-07,6.927033866285310585e-12,1.210647497985383026e-11,1.178260526914989484e-09
6.261331052795514149e-07,7.001871008932637105e-12,1.223726891159231892e-11,1.190990023097817994e-09
6.328974317345999191e-07,7.077516673444137908e-12,1.236947590857270072e-11,1.203857045313825900e-09
6.397348354826466139e-07,7.153979571053486496e-12,1.250311119519642638e-11,1.216863075825060365e-09
6.466461060022591887e-07,7.231268577948839237e-12,1.263819028512389992e-11,1.230009624490962832e-09
6.536320413010041188e-07,7.309392594338788918e-12,1.277472873233776584e-11,1.243298204586762697e-09
6.606934480075950626e-07,7.388360664235678383e-12,1.291274234421405611e-11,1.256730354572345029e-09
6.678311414650263572e-07,7.468181957493417967e-12,1.305224714629330292e-11,1.270307634649354252e-09
6.750459458247161776e-07,7.548865586465672643e-12,1.319325906500823511e-11,1.284031594555196791e-09
6.823386941416681478e-07,7.630420970138643658e-12,1.333579456137949124e-11,1.297903836402688688e-09
6.897102284706587075e-07,7.712857422382559054e-12,1.347986991391655038e-11,1.311925944493753334e-09
6.971613999634654838e-07,7.796184561999624205e-12,1.362550193359458060e-11,1.326099554882206776e-09
7.046930689671448175e-07,7.880411935199310470e-12,1.377270730384315730e-11,1.340426291395515224e-09
7.123061051233727406e-07,7.965549340299367552e-12,1.392150315015085767e-11,1.354907820666926400e-09
7.200013874688531087e-07,8.051606509189352039e-12,1.407190648022289346e-11,1.369545798025058100e-09
7.277798045368225355e-07,8.138593477734224861e-12,1.422393483444238414e-11,1.384341930550420986e-09
7.356422544596409056e-07,8.226520261711066109e-12,1.437760571753910524e-11,1.399297921934847785e-09
7.435896450724900186e-07,8.315396988815169683e-12,1.453293682927510715e-11,1.414415495036534348e-09
7.516228940182046099e-07,8.405233948614050785e-12,1.468994615357805640e-11,1.429696399335132722e-09
7.597429288532216671e-07,8.496041533771775300e-12,1.484865185370344391e-11,1.445142403612205479e-09
7.679506871546827696e-07,8.587830208376004110e-12,1.500907221705679627e-11,1.460755286978006203e-09
7.762471166286901937e-07,8.680610565969658382e-12,1.517122575939479361e-11,1.476536851667128323e-09
7.846331752197339340e-07,8.774393295539682620e-12,1.533513116115861251e-11,1.492488915718960271e-09
7.931098312213006537e-07,8.869189299599805835e-12,1.550080747714951588e-11,1.508613333716395697e-09
8.016780633876768460e-07,8.965009500220214724e-12,1.566827379591210695e-11,1.524911963143036834e-09
8.103388610469606048e-07,9.061864907475166091e-12,1.583754935963991048e-11,1.541386677314390312e-09
8.190932242152958763e-07,9.159766805335633248e-12,1.600865389036101930e-11,1.558039395306672272e-09
8.279421637123325788e-07,9.258726395614208029e-12,1.618160696473126721e-11,1.574872022505839714e-09
8.368867012779495426e-07,9.358755207269037904e-12,1.635642873240662173e-11,1.591886519953499192e-09
8.459278696902253418e-07,9.459864686781028508e-12,1.653313919851968872e-11,1.609084834919669720e-09
8.550667128846824273e-07,9.562066609796065254e-12,1.671175894374987385e-11,1.626468969869159498e-09
8.643042860748347389e-07,9.665372748984044507e-12,1.689230854304658317e-11,1.644040927239668153e-09
8.736416558740205829e-07,9.769794956622412977e-12,1.707480871100147880e-11,1.661802723863999602e-09
8.830799004185611174e-07,9.875345417129576508e-12,1.725928074220969415e-11,1.679756431281778209e-09
8.926201094922465601e-07,9.982036262419095847e-12,1.744574584064745987e-11,1.697904114038396466e-09
9.022633846521678040e-07,1.008987981476116011e-11,1.763422554093329868e-11,1.716247867340006732e-09
9.120108393559073077e-07,1.019888847135696077e-11,1.782474151074910533e-11,1.734789800218568727e-09
9.218635990901042977e-07,1.030907497185830125e-11,1.801731601475802448e-11,1.753532079340680187e-09
9.318228015004101625e-07,1.042045191094410072e-11,1.821197106507869780e-11,1.772476847706410237e-09
9.418895965228397580e-07,1.053303217260134066e-11,1.840872917955544356e-11,1.791626296191073166e-09
9.520651465165583272e-07,1.064682877951906609e-11,1.860761311754153406e-11,1.810982639851591245e-09
9.623506263980863533e-07,1.076185489702093793e-11,1.880864588860029227e-11,1.830548118766885415e-09
9.727472237769643802e-07,1.087812377928496264e-11,1.901185065721730391e-11,1.850324986489261407e-09
9.832561390928725054e-07,1.099564887467204274e-11,1.921725092700934899e-11,1.870315531460855506e-09
9.938785857542500754e-07,1.111444375472751551e-11,1.942487041763548060e-11,1.890522061452823919e-09
1.004615790278393452e-06,1.123452207942593010e-11,1.963473300261590335e-11,1.910946899959789248e-09
1.015468992433078228e-06,1.135589776797121332e-11,1.984686300898981488e-11,1.931592415342473919e-09
1.026439445379708006e-06,1.147858485616204897e-11,2.006128496668091126e-11,1.952460994233351724e-09
1.037528415818010073e-06,1.160259750957124470e-11,2.027802363375182830e-11,1.973555046443456338e-09
1.048737184132294908e-06,1.172794999580530443e-11,2.049710394525857875e-11,1.994876998510335725e-09
1.060067044539295408e-06,1.185465688782784637e-11,2.071855137105730378e-11,2.016429329834918271e-09
1.071519305237604675e-06,1.198273276168476075e-11,2.094239138588526305e-11,2.038214519709693529e-09
1.083095288558719354e-06,1.211219235901413091e-11,2.116864975373866304e-11,2.060235075078765785e-09
1.094796331119733627e-06,1.224305075008759193e-11,2.139735281288719475e-11,2.082493559626265788e-09
1.106623783977665654e-06,1.237532293991772645e-11,2.162852678827384876e-11,2.104992525623256774e-09
1.118579012785450546e-06,1.250902427734943406e-11,2.186219850521842583e-11,2.127734583680285141e-09
1.130663397949637571e-06,1.264417017489239577e-11,2.209839490024520161e-11,2.150722356010730377e-09
1.142878334789769992e-06,1.278077623349978954e-11,2.233714323945963583e-11,2.173958495651390488e-09
1.155225233699497087e-06,1.291885827594180971e-11,2.257847117627284829e-11,2.197445693917569699e-09
1.167705520309425126e-06,1.305843216697126882e-11,2.282240643816152341e-11,2.221186650094744467e-09
1.180320635651726788e-06,1.319951412643952219e-11,2.306897737250360710e-11,2.245184122160297609e-09
1.193072036326530410e-06,1.334212038588928621e-11,2.331821234726261096e-11,2.269440871968258815e-09
1.205961194670104941e-06,1.348626743928121004e-11,2.357014018965103924e-11,2.293959704395315706e-09
1.218989598924862632e-06,1.363197190376037923e-11,2.382478994122589721e-11,2.318743445897258258e-09
1.232158753411201905e-06,1.377925062254030033e-11,2.408219103933872657e-11,2.343794961967450326e-09
1.245470178701192937e-06,1.392812065331783254e-11,2.434237329612561212e-11,2.369117154019242581e-09
1.258925411794164420e-06,1.407859918303252125e-11,2.460536674910267901e-11,2.394712944773994904e-09
1.272526006294165004e-06,1.423070348110115528e-11,2.487120158030943020e-11,2.420585272649423969e-09
1.286273532589344128e-06,1.438445124027410454e-11,2.513990871159221787e-11,2.446737146114001944e-09
1.300169578033288639e-06,1.453986020378716638e-11,2.541151915350629166e-11,2.473171584019109770e-09
1.314215747128297648e-06,1.469694826909583208e-11,2.568606418506808466e-11,2.499891630346566922e-09
1.328413661710648534e-06,1.485573359394781047e-11,2.596357554135969882e-11,2.526900373944291456e-09
1.342764961137860896e-06,1.501623458745510278e-11,2.624408539570222245e-11,2.554200945598481821e-09
1.357271302477984916e-06,1.517846970443229371e-11,2.652762600248565577e-11,2.581796484445039433e-09
1.371934360700933810e-06,1.534245769920540489e-11,2.681423013837902017e-11,2.609690180938008635e-09
1.386755828871884330e-06,1.550821755588886370e-11,2.710393098242475436e-11,2.637885263972598022e-09
1.401737418346767726e-06,1.567576836169364817e-11,2.739676189341757655e-11,2.666384980254908842e-09
1.416880858969861785e-06,1.584512955903555889e-11,2.769275685132678824e-11,2.695192637080607734e-09
1.432187899273540466e-06,1.601632057587563175e-11,2.799194981086724966e-11,2.724311538329574420e-09
1.447660306680158701e-06,1.618936130400310578e-11,2.829437553701844790e-11,2.753745068261134095e-09
1.463299867706132062e-06,1.636427169175089557e-11,2.860006889344324413e-11,2.783496620026502858e-09
1.479108388168205805e-06,1.654107193700935005e-11,2.890906518034570092e-11,2.813569628606741272e-09
1.495087693391977862e-06,1.671978249944903824e-11,2.922140015590555819e-11,2.843967574499633593e-09
1.511239628422650593e-06,1.690042396118096667e-11,2.953710979116148572e-11,2.874693958291050218e-09
1.527566058238069522e-06,1.708301717640602451e-11,2.985623053401560487e-11,2.905752327981243856e-09
1.544068867964063044e-06,1.726758330266279103e-11,3.017879936101573167e-11,2.937146281370483498e-09
1.560749963092107231e-06,1.745414367094714486e-11,3.050485355346084941e-11,2.968879447814408102e-09
1.577611269699344124e-06,1.764271977093862119e-11,3.083443066811446245e-11,3.000955481799094332e-09
1.594654734670973836e-06,1.783333337450372459e-11,3.116756875643018657e-11,3.033378086661803134e-09
1.611882325925055397e-06,1.802600663762333425e-11,3.150430654133293150e-11,3.066151031832574023e-09
1.629296032639719321e-06,1.822076162508570259e-11,3.184468258530753260e-11,3.099278069472743040e-09
1.646897865482864732e-06,1.841762097763808596e-11,3.218873645762132550e-11,3.132763051289455860e-09
1.664689856844312879e-06,1.861660734251112745e-11,3.253650773963828993e-11,3.166609829586265304e-09
1.682674061070465762e-06,1.881774377039373480e-11,3.288803671730036921e-11,3.200822324711381415e-09
1.700852554701529985e-06,1.902105340338001181e-11,3.324336383592843117e-11,3.235404473224451432e-09
1.719227436711270493e-06,1.922655984271572548e-11,3.360253034410463935e-11,3.270360289651829046e-09
1.737800828749372321e-06,1.943428678711008385e-11,3.396557766040120632e-11,3.305693804785522696e-09
1.756574875386414592e-06,1.964425821788439641e-11,3.433254769723157496e-11,3.341409098214507555e-09
1.775551744361494247e-06,1.985649839886579113e-11,3.470348286106264192e-11,3.377510296969252365e-09
1.794733626832521740e-06,2.007103183653028563e-11,3.507842598153250713e-11,3.414001569340771134e-09
1.814122737629223636e-06,2.028788337130171639e-11,3.545742047337608700e-11,3.450887140983621498e-09
1.833721315508876686e-06,2.050707791109495285e-11,3.584050986826277572e-11,3.488171247826834348e-09
1.853531623414808088e-06,2.072864096529229615e-11,3.622773874921109160e-11,3.525858229872523027e-09
1.873555948737673604e-06,2.095259800958365627e-11,3.661915164045400460e-11,3.563952419776147461e-09
1.893796603579588266e-06,2.117897492449892907e-11,3.701479377377352602e-11,3.602458219647514681e-09
1.914255925021084058e-06,2.140779787020411960e-11,3.741471086969957802e-11,3.641380079959646860e-09
1.934936275390950467e-06,2.163909333889990902e-11,3.781894922876554756e-11,3.680722505973714392e-09
1.955840042539017214e-06,2.187288800687278296e-11,3.822755547387045110e-11,3.720490035943058372e-09
1.976969640111857336e-06,2.210920881410258668e-11,3.864057668843564854e-11,3.760687252011178941e-09
1.998327507831478389e-06,2.234808316907390527e-11,3.905806077442379895e-11,3.801318816267273016e-09
2.019916111777025276e-06,2.258953862248080600e-11,3.948005588230984974e-11,3.842389414900814824e-09
2.041737944669524352e-06,2.283360307799019341e-11,3.990661078056001099e-11,3.883903794338421203e-09
2.063795526159706065e-06,2.308030478108187619e-11,4.033777483313618450e-11,3.925866759129319873e-09
2.086091403118934935e-06,2.332967208787846611e-11,4.077359759924475915e-11,3.968283132121597457e-09
2.108628149933286271e-06,2.358173396681107127e-11,4.121412970705573595e-11,4.011157840724394659e-09
2.131408368800782733e-06,2.383651943541452215e-11,4.165942187132577811e-11,4.054495821211635964e-09
2.154434690031879272e-06,2.409405798684949644e-11,4.210952563723732664e-11,4.098302090209580484e-09
2.177709772353157473e-06,2.435437927519233631e-11,4.256449283159176123e-11,4.142581691020162118e-09
2.201236303214305548e-06,2.461751355311709989e-11,4.302437632765850920e-11,4.187339770503319702e-09
2.225016999098446213e-06,2.488349112282670943e-11,4.348922908508144299e-11,4.232581481943926401e-09
2.249054605835777747e-06,2.515234264002834918e-11,4.395910468085904007e-11,4.278312040788767868e-09
2.273351898920626043e-06,2.542409926645260043e-11,4.443405757759332997e-11,4.324536746713611671e-09
2.297911683831915293e-06,2.569879240031441261e-11,4.491414264938532263e-11,4.371260940465006725e-09
2.322736796357101338e-06,2.597645374986238448e-11,4.539941531404949604e-11,4.418490015951085522e-09
2.347830102919606227e-06,2.625711537153513232e-11,4.588993159635601923e-11,4.466229425880322020e-09
2.373194500909786603e-06,2.654080969111201713e-11,4.638574816792856834e-11,4.514484685014666730e-09
2.398832919019482917e-06,2.682756958130128047e-11,4.688692248030765662e-11,4.563261385540587433e-09
2.424748317580181239e-06,2.711742804777382673e-11,4.739351221847831877e-11,4.612565141413420250e-09
2.450943688904811804e-06,2.741041865037110993e-11,4.790557603515913548e-11,4.662401661281724942e-09
2.477422057633280010e-06,2.770657521560392308e-11,4.842317304953325091e-11,4.712776698090861891e-09
2.504186481081693442e-06,2.800593200352000847e-11,4.894636313799289711e-11,4.763696080340158911e-09
2.531240049595360737e-06,2.830852354933924693e-11,4.947520665867483419e-11,4.815165681340824843e-09
2.558585886905642329e-06,2.861438488420783923e-11,5.000976483621939266e-11,4.867191460828915533e-09
2.586227150490614959e-06,2.892355128766027171e-11,5.055009932862477741e-11,4.919779418879312591e-09
2.614167031939652021e-06,2.923605848105822643e-11,5.109627256680270577e-11,4.972935631527506219e-09
2.642408757321940917e-06,2.955194258411996843e-11,5.164834767796618649e-11,5.026666243422942624e-09
2.670955587558978498e-06,2.987124011736489709e-11,5.220638848881282731e-11,5.080977465741598173e-09
2.699810818801092880e-06,3.019398798670221491e-11,5.277045950111929756e-11,5.135875576267306963e-09
2.728977782808032715e-06,3.052022345005739187e-11,5.334062583062130163e-11,5.191366912533074487e-09
2.758459847333667526e-06,3.084998419209062114e-11,5.391695333944027723e-11,5.247457884426966061e-09
2.788260416514848683e-06,3.118330833195559878e-11,5.449950864945340639e-11,5.304154975954212460e-09
2.818382931264447928e-06,3.152023442159897604e-11,5.508835913762471086e-11,5.361464744532369317e-09
2.848830869668690798e-06,3.186080130323204108e-11,5.568357268961500543e-11,5.419393796972366146e-09
2.879607747388737481e-06,3.220504849440164719e-11,5.628521837040429137e-11,5.477948855408625214e-09
2.910717118066602182e-06,3.255301555410584428e-11,5.689336531797700403e-11,5.537136648454723980e-09
2.942162573735504165e-06,3.290474290544059818e-11,5.750808418027907984e-11,5.596964052199512668e-09
2.973947745234600913e-06,3.326027104707058813e-11,5.812944573789536409e-11,5.657437954551550180e-09
3.006076302628224975e-06,3.361964112132310600e-11,5.875752189512764136e-11,5.718565354351163788e-09
3.038551955629648194e-06,3.398289466218606100e-11,5.939238524196786947e-11,5.780353316151928600e-09
3.071378454029422028e-06,3.435007362517409823e-11,6.003410910439483203e-11,5.842808976428725062e-09
3.104559588128346921e-06,3.472122044610425963e-11,6.068276764815086742e-11,5.905939553554006151e-09
3.138099189175116007e-06,3.509637802005153982e-11,6.133843584202737974e-11,5.969752343378963804e-09
3.172001129808696707e-06,3.547558969932945392e-11,6.200118945277153889e-11,6.034254720101027143e-09
3.206269324505459513e-06,3.585889928658153488e-11,6.267110503532402414e-11,6.099454134447535146e-09
3.240907730031197546e-06,3.624635115328919282e-11,6.334826013782576113e-11,6.165358133790927017e-09
3.275920345897973352e-06,3.663798997055156752e-11,6.403273283366781313e-11,6.231974316333812843e-09
3.311311214825907713e-06,3.703386107566283713e-11,6.472460235837038242e-11,6.299310394138391755e-09
3.347084423210001949e-06,3.743401018801215128e-11,6.542394861680274287e-11,6.367374144004169113e-09
3.383244101591951787e-06,3.783848352047040880e-11,6.613085237609326179e-11,6.436173425983694736e-09
3.419794425137082393e-06,3.824732789045819614e-11,6.684539545896390760e-11,6.505716203795960965e-09
3.456739614116435053e-06,3.866059054138681917e-11,6.756766043431013260e-11,6.576010513081267136e-09
3.494083934394057185e-06,3.907831919962709157e-11,6.829773071354983683e-11,6.647064472488970185e-09
3.531831697919560464e-06,3.950056208481902954e-11,6.903569057099667139e-11,6.718886283894364794e-09
3.569987263225997051e-06,3.992736816144866343e-11,6.978162558273573096e-11,6.791484275502666409e-09
3.608555035933117862e-06,4.035878659456204436e-11,7.053562167459438712e-11,6.864866810056498246e-09
3.647539469256071761e-06,4.079486730988770737e-11,7.129776610367037002e-11,6.939042380532164074e-09
3.686945064519568109e-06,4.123566074247243877e-11,7.206814701521159248e-11,7.014019564704248362e-09
3.726776371677660651e-06,4.168121782339562458e-11,7.284685342181839951e-11,7.089807026663745824e-09
3.767037989839085818e-06,4.213159000676564050e-11,7.363397525119361609e-11,7.166413517902439781e-09
3.807734567798279121e-06,4.258682937632386485e-11,7.442960353077585148e-11,7.243847897834732856e-09
3.848870804572184393e-06,4.304698858252384756e-11,7.523383027844505547e-11,7.322119122140600892e-09
3.890451449942799996e-06,4.351212073720280326e-11,7.604674831810141174e-11,7.401236224873364449e-09
3.932481305005614440e-06,4.398227970735361677e-11,7.686845179451650977e-11,7.481208368395256413e-09
3.974965222723967004e-06,4.445751970954090839e-11,7.769903546238875944e-11,7.562044775224322230e-09
4.017908108489389673e-06,4.493789579859992148e-11,7.853859554181135748e-11,7.643754809904889036e-09
4.061314920688009601e-06,4.542346342357738017e-11,7.938722894196324381e-11,7.726347903643359249e-09
4.105190671273066304e-06,4.591427875445187576e-11,8.024503383177473767e-11,7.809833610966911125e-09
4.149540426343623203e-06,4.641039851898624931e-11,8.111210935512532359e-11,7.894221581041725691e-09
4.194369306729491311e-06,4.691188005587013958e-11,8.198855572400917184e-11,7.979521566700428990e-09
4.239682488582551399e-06,4.741878127496934701e-11,8.287447414828956492e-11,8.065743418911762674e-09
4.285485203974384872e-06,4.793116085629156077e-11,8.376996718331901674e-11,8.152897117929322323e-09
4.331782741500411546e-06,4.844907806823882266e-11,8.467513841351585666e-11,8.240992746019467246e-09
4.378580446890499608e-06,4.897259271287069828e-11,8.559009235643971276e-11,8.330040474367473244e-09
4.425883723626259510e-06,4.950176526566919177e-11,8.651493470493719781e-11,8.420050590512268027e-09
4.473698033564921003e-06,5.003665695418972799e-11,8.744977246763300455e-11,8.511033508268484171e-09
4.522028897569996604e-06,5.057732964242295726e-11,8.839471376604542984e-11,8.602999750566188680e-09
4.570881896148739952e-06,5.112384578519842740e-11,8.934986775160746714e-11,8.695959941318063055e-09
4.620262670096503256e-06,5.167626858495514278e-11,9.031534488558798287e-11,8.789924830332953420e-09
4.670176921148048034e-06,5.223466195241606028e-11,9.129125686502613235e-11,8.884905288788605147e-09
4.720630412635890455e-06,5.279909038648591692e-11,9.227771641560242638e-11,8.980912287462795343e-09
4.771628970155777017e-06,5.336961915780561276e-11,9.327483761188215773e-11,9.077956929400180860e-09
4.823178482239297310e-06,5.394631421447732496e-11,9.428273571220645442e-11,9.176050431044151350e-09
4.875284901033852421e-06,5.452924219449986291e-11,9.530152718055118659e-11,9.275204128255109209e-09
4.927954242989894273e-06,5.511847060167051250e-11,9.633132999467370371e-11,9.375429502471075525e-09
4.981192589555584963e-06,5.571406751723354518e-11,9.737226314081156622e-11,9.476738134215017755e-09
5.035006087879041289e-06,5.631610173284290339e-11,9.842444684712713158e-11,9.579141724429968542e-09
5.089400951518082290e-06,5.692464298109456797e-11,9.948800298650531196e-11,9.682652134899186490e-09
5.144383461157677162e-06,5.753976157511378063e-11,1.005630544460413303e-10,9.787281325569154178e-09
5.199959965335148613e-06,5.816152855448450278e-11,1.016497253825562301e-10,9.893041379246272961e-09
5.256136881173203643e-06,5.879001595638269608e-11,1.027481416962770319e-10,9.999944549851633481e-09
5.312920695120881545e-06,5.942529631678032558e-11,1.038584301596643169e-10,1.010800317531843891e-08
5.370317963702511449e-06,6.006744322907991228e-11,1.049807193929979976e-10,1.021722977350514548e-08
5.428335314274760723e-06,6.071653080450499247e-11,1.061151389214737375e-10,1.032763695070115549e-08
5.486979445791867406e-06,6.137263420703312172e-11,1.072618201098299045e-10,1.043923749122346776e-08
5.546257129579096490e-06,6.203582928065393156e-11,1.084208955123106726e-10,1.055204429688132728e-08
5.606175210114644499e-06,6.270619269189753179e-11,1.095924991194805861e-10,1.066607040757939669e-08
5.666740605819907680e-06,6.338380198191415082e-11,1.107767664513901064e-10,1.078132901270370721e-08
5.727960309858285737e-06,6.406873549940829618e-11,1.119738344389433585e-10,1.089783343981702787e-08
5.789841390942703236e-06,6.476107252127228056e-11,1.131838416359082188e-10,1.101559717290351510e-08
5.852390994151756345e-06,6.546089302216017294e-11,1.144069278152694821e-10,1.113463381528301465e-08
5.915616341754727998e-06,6.616827793839368552e-11,1.156432344297512894e-10,1.125495713463981944e-08
5.979524734045505394e-06,6.688330913575777062e-11,1.168929045579125588e-10,1.137658105499827477e-08
6.044123550185504828e-06,6.760606930661669742e-11,1.181560827224848365e-10,1.149951964308674239e-08
6.109420249055702984e-06,6.833664198479389382e-11,1.194329149164755450e-10,1.162378710657548734e-08
6.175422370117877161e-06,6.907511176016164836e-11,1.207235489783770314e-10,1.174939783487635754e-08
6.242137534285156094e-06,6.982156395287718365e-11,1.220281340246840902e-10,1.187636633966471582e-08
6.309573444801921168e-06,7.057608495434532874e-11,1.233468210413576213e-10,1.200470731668891642e-08
6.377737888133325687e-06,7.133876201549860404e-11,1.246797625192265771e-10,1.213443560624477147e-08
6.446638734864315319e-06,7.210968334904344001e-11,1.260271126282226501e-10,1.226556621296543189e-08
6.516283940608420755e-06,7.288893812340193223e-11,1.273890272097400449e-10,1.239811430484544001e-08
6.586681546926306496e-06,7.367661648620090147e-11,1.287656638156845297e-10,1.253209521454199223e-08
6.657839682254353589e-06,7.447280953823200248e-11,1.301571816639067538e-10,1.266752443872430514e-08
6.729766562843165360e-06,7.527760940498161166e-11,1.315637417644744191e-10,1.280441764756191823e-08
6.802470493706262100e-06,7.609110916573863102e-11,1.329855067923389911e-10,1.294279067274232916e-08
6.875959869579016381e-06,7.691340289153833560e-11,1.344226411571567738e-10,1.308265951606467243e-08
6.950243175887950131e-06,7.774458577451128127e-11,1.358753112280323315e-10,1.322404036933805364e-08
7.025328989730501028e-06,7.858475395431978375e-11,1.373436850287673145e-10,1.336694958480514908e-08
7.101225980865373425e-06,7.943400455673934135e-11,1.388279323081059813e-10,1.351140368389856442e-08
7.177942912713605081e-06,8.029243590707920755e-11,1.403282249098508822e-10,1.365741939134448049e-08
7.255488643370376825e-06,8.116014733886916379e-11,1.418447364415838739e-10,1.380501360265846045e-08
7.333872126627888684e-06,8.203723917791672471e-11,1.433776422436817176e-10,1.395420338357615100e-08
7.413102413009169534e-06,8.292381295955395095e-11,1.449271197704672049e-10,1.410500600461779185e-08
7.493188650813051479e-06,8.381997121309120334e-11,1.464933482143635165e-10,1.425743890557487721e-08
7.574140087170554614e-06,8.472581756990915041e-11,1.480765086932865876e-10,1.441151971372768864e-08
7.655966069112551725e-06,8.564145700632018532e-11,1.496767846757262191e-10,1.456726628540403863e-08
7.738676044649029723e-06,8.656699527600597067e-11,1.512943609892436330e-10,1.472469660811425012e-08
7.822279563860009630e-06,8.750253962712308491e-11,1.529294250723707101e-10,1.488382892506474668e-08
7.906786279998231860e-06,8.844819823580333916e-11,1.545821659867152669e-10,1.504468163634419304e-08
7.992205950603777038e-06,8.940408056667293795e-11,1.562527750445023259e-10,1.520727336168181724e-08
8.078548438630707911e-06,9.037029718823518862e-11,1.579414454881185040e-10,1.537162290783478097e-08
8.165823713585896676e-06,9.134696001498801142e-11,1.596483729122220721e-10,1.553774931101440722e-08
8.254041852680169859e-06,9.233418188600345109e-11,1.613737545273316889e-10,1.570567176542576259e-08
8.343213041991799549e-06,9.333207728766644903e-11,1.631177904227612111e-10,1.587540974401301790e-08
8.433347577642734007e-06,9.434076148181807661e-11,1.648806820435002617e-10,1.604698285261075078e-08
8.524455866987389768e-06,9.536035132723315101e-11,1.666626336244125987e-10,1.622041096831044039e-08
8.616548429814283079e-06,9.639096479049615098e-11,1.684638513385879135e-10,1.639571415691228590e-08
8.709635899560793729e-06,9.743272115952803046e-11,1.702845436663964999e-10,1.657291270868252036e-08
8.803729024540881703e-06,9.848574102689940070e-11,1.721249213695980623e-10,1.675202713599490043e-08
8.898838669186154778e-06,9.955014623785716967e-11,1.739851973983884049e-10,1.693307816395084217e-08
8.994975815300331097e-06,1.006260600546412954e-10,1.758655871802339195e-10,1.711608675946783938e-08
9.092151563327249177e-06,1.017136070064101827e-10,1.777663083567159896e-10,1.730107410419713693e-08
9.190377133632567680e-06,1.028129128960430164e-10,1.796875807949909832e-10,1.748806159696359263e-08
9.289663867799334486e-06,1.039241050539484993e-10,1.816296270323959036e-10,1.767707089567683764e-08
9.390023229937545377e-06,1.050473121053005195e-10,1.835926718687693733e-10,1.786812387886300720e-08
9.491466808007782086e-06,1.061826640397611779e-10,1.855769424891162125e-10,1.806124265808085395e-08
9.594006315159310909e-06,1.073302923391291811e-10,1.875826686858040743e-10,1.825644959706100995e-08
9.697653591082469057e-06,1.084903298081339979e-10,1.896100825635744499e-10,1.845376728562670911e-08
9.802420603375770750e-06,1.096629107751020697e-10,1.916594188901339949e-10,1.865321857217088327e-08
9.908319448927663598e-06,1.108481710467856921e-10,1.937309150163587933e-10,1.885482655742100377e-08
1.001536235531340451e-05,1.120462478113247252e-10,1.958248107086389357e-10,1.905861457651973223e-08
1.012356168220683831e-05,1.132572797602618218e-10,1.979413483594028609e-10,1.926460621981786211e-08
1.023292992280751951e-05,1.144814071270177251e-10,2.000807730575752563e-10,1.947282534073605176e-08
1.034347970528324328e-05,1.157187717068728247e-10,2.022433326195613826e-10,1.968329605774381429e-08
1.045522379422814323e-05,1.169695167457929060e-10,2.044292773990961129e-10,1.989604273725346226e-08
1.056817509213655416e-05,1.182337870542605766e-10,2.066388604831249029e-10,2.011109001010264083e-08
1.068234664089279896e-05,1.195117290283196325e-10,2.088723377304283692e-10,2.032846277773527947e-08
1.079775162327707775e-05,1.208034907417243483e-10,2.111299679316377679e-10,2.054818622735575909e-08
1.091440336448754367e-05,1.221092217327313869e-10,2.134120124367850851e-10,2.077028579457213527e-08
1.103231533367899924e-05,1.234290732236850521e-10,2.157187355392128875e-10,2.099478720170172432e-08
1.115150114551805732e-05,1.247631981180410922e-10,2.180504044702689672e-10,2.122171645698497397e-08
1.127197456175509194e-05,1.261117508394512231e-10,2.204072891185361937e-10,2.145109982725912169e-08
1.139374949281335347e-05,1.274748876680490641e-10,2.227896626172637953e-10,2.168296389540309569e-08
1.151683999939505314e-05,1.288527664712300416e-10,2.251978008732338462e-10,2.191733551327553718e-08
1.164126029410489148e-05,1.302455468641419538e-10,2.276319828479558356e-10,2.215424183145384922e-08
1.176702474309111854e-05,1.316533901476142685e-10,2.300924904494332894e-10,2.239371028641142483e-08
1.189414786770431580e-05,1.330764594676923116e-10,2.325796088101750389e-10,2.263576862852170437e-08
1.202264434617409621e-05,1.345149196185845179e-10,2.350936259436071414e-10,2.288044488865934217e-08
1.215252901530392052e-05,1.359689372204774672e-10,2.376348330541298487e-10,2.312776740826457227e-08
1.228381687218422821e-05,1.374386808337924027e-10,2.402035247366064554e-10,2.337776485894332254e-08
1.241652307592408796e-05,1.389243206851821449e-10,2.427999984992875521e-10,2.363046619494438481e-08
1.255066294940145902e-05,1.404260288518295168e-10,2.454245550836301733e-10,2.388590068677510855e-08
1.268625198103256690e-05,1.419439793673073855e-10,2.480774986504164853e-10,2.414409793589469943e-08
1.282330582656020331e-05,1.434783481867169800e-10,2.507591367190584783e-10,2.440508787254548741e-08
1.296184031086135039e-05,1.450293130014330902e-10,2.534697798433221244e-10,2.466890072029377504e-08
1.310187142977451876e-05,1.465970535938836667e-10,2.562097422312287819e-10,2.493556706017074568e-08
1.324341535194662328e-05,1.481817516047855651e-10,2.589793413390739165e-10,2.520511778824621435e-08
1.338648842069990628e-05,1.497835907255203640e-10,2.617788982065260320e-10,2.547758414970518342e-08
1.353110715591901184e-05,1.514027566244790243e-10,2.646087373295056060e-10,2.575299772594373904e-08
1.367728825595845649e-05,1.530394368368441046e-10,2.674691864653650305e-10,2.603139041599910440e-08
1.382504859957069140e-05,1.546938211461532886e-10,2.703605773016009608e-10,2.631279450147671371e-08
1.397440524785501164e-05,1.563661013490905265e-10,2.732832450443553288e-10,2.659724260575052763e-08
1.412537544622751938e-05,1.580564711996862659e-10,2.762375283195198521e-10,2.688476768553199824e-08
1.427797662641227978e-05,1.597651267128677661e-10,2.792237697058381709e-10,2.717540308273039905e-08
1.443222640845420505e-05,1.614922658349752760e-10,2.822423151566004616e-10,2.746918246717062054e-08
1.458814260275347338e-05,1.632380889678538472e-10,2.852935149168678292e-10,2.776613992591870712e-08
1.474574321212193522e-05,1.650027984126633714e-10,2.883777225514944527e-10,2.806630986953748494e-08
1.490504643386194221e-05,1.667865987465531088e-10,2.914952956028043103e-10,2.836972709633588035e-08
1.506607066186739714e-05,1.685896967959839499e-10,2.946465955441145898e-10,2.867642678632353659e-08
1.522883448874762130e-05,1.704123016573479085e-10,2.978319878162378246e-10,2.898644450625315459e-08
1.539335670797414935e-05,1.722546246758172169e-10,3.010518417905554137e-10,2.929981620455103056e-08
1.555965631605070573e-05,1.741168794693649012e-10,3.043065308095516948e-10,2.961657821703715220e-08
1.572775251470663206e-05,1.759992819944488931e-10,3.075964323035367286e-10,2.993676727698279181e-08
1.589766471311400604e-05,1.779020505361275062e-10,3.109219277728191089e-10,3.026042051383636692e-08
1.606941253012872124e-05,1.798254057653471731e-10,3.142834028868140907e-10,3.058757546254905797e-08
1.624301579655579197e-05,1.817695708326859197e-10,3.176812476485156857e-10,3.091827008089778681e-08
1.641849455743900200e-05,1.837347711279363188e-10,3.211158559755700581e-10,3.125254270594740889e-08
1.659586907437556768e-05,1.857212346641137495e-10,3.245876263689877196e-10,3.159043212187855736e-08
1.677515982785555832e-05,1.877291918314062509e-10,3.280969614859402596e-10,3.193197751785955281e-08
1.695638751962657157e-05,1.897588756135710963e-10,3.316442685143324906e-10,3.227721852266516265e-08
1.713957307508422984e-05,1.918105214263813279e-10,3.352299588941548195e-10,3.262619517960038256e-08
1.732473764568821637e-05,1.938843672574970087e-10,3.388544485592041379e-10,3.297894797013983571e-08
1.751190261140453896e-05,1.959806538340769339e-10,3.425181582324975223e-10,3.333551783997996504e-08
1.770108958317417351e-05,1.980996243061551148e-10,3.462215128706741454e-10,3.369594614896787181e-08
1.789232040540834865e-05,2.002415245941931721e-10,3.499649422717998352e-10,3.406027472618773266e-08
1.808561715851082343e-05,2.024066031762975589e-10,3.537488807054637443e-10,3.442854583745654562e-08
1.828100216142737182e-05,2.045951113531883614e-10,3.575737673728763175e-10,3.480080222780462566e-08
1.847849797422284658e-05,2.068073031187439305e-10,3.614400461825501100e-10,3.517708710070977811e-08
1.867812740068610370e-05,2.090434351443770945e-10,3.653481657235599341e-10,3.555744411432909389e-08
1.887991349096289592e-05,2.113037670834355822e-10,3.692985797948253338e-10,3.594191743552801808e-08
1.908387954421754163e-05,2.135885611947403389e-10,3.732917467504045749e-10,3.633055167248633889e-08
1.929004911132307777e-05,2.158980827812239473e-10,3.773281302637072186e-10,3.672339195315286083e-08
1.949844599758042874e-05,2.182325998911634335e-10,3.814081988064885196e-10,3.712048387043012408e-08
1.970909426546730274e-05,2.205923835484998680e-10,3.855324260512226976e-10,3.752187352516998881e-08
1.992201823741639885e-05,2.229777077597470296e-10,3.897012908829874550e-10,3.792760752473680926e-08
2.013724249862384303e-05,2.253888494677573864e-10,3.939152773186072786e-10,3.833773297547101757e-08
2.035479189988789029e-05,2.278260886387695424e-10,3.981748746592413276e-10,3.875229749876502834e-08
2.057469156047834027e-05,2.302897082948252130e-10,4.024805775461977558e-10,3.917134923526517713e-08
2.079696687103689664e-05,2.327799944594575547e-10,4.068328858673437569e-10,3.959493683711843750e-08
2.102164349650890741e-05,2.352972364563523242e-10,4.112323052770502560e-10,4.002310951638985653e-08
2.124874737910679092e-05,2.378417266079231602e-10,4.156793466717903691e-10,4.045591699610293882e-08
2.147830474130529692e-05,2.404137604493701580e-10,4.201745265628020535e-10,4.089340954548186173e-08
2.171034208886949679e-05,2.430136367259160002e-10,4.247183670707822608e-10,4.133563798022263179e-08
2.194488621391516109e-05,2.456416574178895883e-10,4.293113959710905996e-10,4.178265366574615449e-08
2.218196419800216789e-05,2.482981279424549738e-10,4.339541470460379594e-10,4.223450855252185731e-08
2.242160341526171791e-05,2.509833569122380382e-10,4.386471596623522094e-10,4.269125513380408090e-08
2.266383153555691262e-05,2.536976562729655738e-10,4.433909790114137317e-10,4.315294647027453065e-08
2.290867652767768800e-05,2.564413413860489276e-10,4.481861562552642758e-10,4.361963620435608796e-08
2.315616666257022246e-05,2.592147311724937824e-10,4.530332487763927562e-10,4.409137858249673826e-08
2.340633051660122906e-05,2.620181478682322811e-10,4.579328197509561204e-10,4.456822841564401608e-08
2.365919697485751818e-05,2.648519173339436798e-10,4.628854386907950283e-10,4.505024113218973237e-08
2.391479523448121001e-05,2.677163688952018500e-10,4.678916811626638335e-10,4.553747274825805065e-08
2.417315480804095958e-05,2.706118355895879380e-10,4.729521292209517680e-10,4.602997991221913297e-08
2.443430552693967540e-05,2.735386539578402890e-10,4.780673710422363568e-10,4.652781986874206752e-08
2.469827754485880606e-05,2.764971642296407114e-10,4.832380012514685991e-10,4.703105048926586640e-08
2.496510134124028943e-05,2.794877103714427839e-10,4.884646210034669572e-10,4.753973028108108163e-08
2.523480772480572723e-05,2.825106401932885312e-10,4.937478381707334714e-10,4.805391840552029420e-08
2.550742783711356087e-05,2.855663051668480765e-10,4.990882670251208485e-10,4.857367464591472543e-08
2.578299315615509220e-05,2.886550605800647276e-10,5.044865285084153384e-10,4.909905943535429250e-08
2.606153549998891221e-05,2.917772656787264732e-10,5.099432504795763658e-10,4.963013388076080107e-08
2.634308703041477763e-05,2.949332836979266089e-10,5.154590677697012347e-10,5.016695976600550949e-08
2.662768025668719993e-05,2.981234816134628237e-10,5.210346217478192063e-10,5.070959951284445245e-08
2.691534803926908873e-05,3.013482305506094897e-10,5.266705610348066838e-10,5.125811624825825505e-08
2.720612359362598170e-05,3.046079057325697825e-10,5.323675414129807144e-10,5.181257379531626707e-08
2.750004049406126066e-05,3.079028864480584214e-10,5.381262257711333544e-10,5.237303667054691608e-08
2.779713267759284181e-05,3.112335559376829836e-10,5.439472839041940048e-10,5.293957006056941840e-08
2.809743444787151626e-05,3.146003019233499914e-10,5.498313934387303663e-10,5.351223991605503145e-08
2.840098047914208943e-05,3.180035161192471594e-10,5.557792389800276199e-10,5.409111286573595128e-08
2.870780582024683828e-05,3.214435946783473207e-10,5.617915128896705664e-10,5.467625629358586287e-08
2.901794589867252963e-05,3.249209380188443759e-10,5.678689149846123209e-10,5.526773830913510138e-08
2.933143652464081686e-05,3.284359508345696686e-10,5.740121525533036113e-10,5.586562774909722672e-08
2.964831389524338017e-05,3.319890424506218494e-10,5.802219409794134294e-10,5.646999423801281727e-08
2.996861459862119396e-05,3.355806264632728214e-10,5.864990031111051585e-10,5.708090812714480420e-08
3.029237561818922222e-05,3.392111211664898779e-10,5.928440700065728049e-10,5.769844056607447400e-08
3.061963433690669786e-05,3.428809491752614849e-10,5.992578802757278597e-10,5.832266344016003641e-08
3.095042854159353487e-05,3.465905379914589231e-10,6.057411810697915517e-10,5.895364946569068444e-08
3.128479642729335773e-05,3.503403196410854850e-10,6.122947274471749842e-10,5.959147212823977471e-08
3.162277660168374787e-05,3.541307309075719609e-10,6.189192827798844472e-10,6.023620572343740686e-08
3.196440808953384603e-05,3.579622133472946513e-10,6.256156187821714382e-10,6.088792535810901453e-08
3.230973033721066244e-05,3.618352133263496968e-10,6.323845155746243741e-10,6.154670695664605894e-08
3.265878321723350515e-05,3.657501821049435436e-10,6.392267618312376848e-10,6.221262727748861507e-08
3.301160703287793621e-05,3.697075759424027470e-10,6.461431549627726297e-10,6.288576392773729222e-08
3.336824252282932318e-05,3.737078559567712288e-10,6.531345008714279356e-10,6.356619534189945679e-08
3.372873086588684005e-05,3.777514884496175314e-10,6.602016145193836757e-10,6.425400083575571025e-08
3.409311368571788344e-05,3.818389447199297259e-10,6.673453196024027277e-10,6.494926057578038506e-08
3.446143305566448320e-05,3.859707012454376421e-10,6.745664488675283063e-10,6.565205560882642316e-08
3.483373150360110406e-05,3.901472397640274478e-10,6.818658442542111088e-10,6.636246787614091245e-08
3.521005201684510575e-05,3.943690472569484352e-10,6.892443568675698743e-10,6.708058021116924656e-08
3.559043804712031536e-05,3.986366159682633457e-10,6.967028470091630197e-10,6.780647634335042803e-08
3.597493351557418649e-05,4.029504437242349535e-10,7.042421847361948907e-10,6.854024094984184987e-08
3.636358281784891092e-05,4.073110335577145682e-10,7.118632492065975792e-10,6.928195959547193884e-08
3.675643082920793310e-05,4.117188941872754443e-10,7.195669295153987211e-10,7.003171881021889439e-08
3.715352290971717612e-05,4.161745398366340839e-10,7.273541243789350609e-10,7.078960606215542399e-08
3.755490490948261239e-05,4.206784903804736481e-10,7.352257423888825132e-10,7.155570977975989539e-08
3.796062317394432111e-05,4.252312713902527543e-10,7.431827020939613410e-10,7.233011935985932188e-08
3.837072454922783247e-05,4.298334141326112404e-10,7.512259319967532684e-10,7.311292516974392714e-08
3.878525638755290730e-05,4.344854558407159082e-10,7.593563710269571514e-10,7.390421858951205601e-08
3.920426655270145322e-05,4.391879394640655815e-10,7.675749681050592698e-10,7.470409197335793653e-08
3.962780342554386579e-05,4.439414139936171345e-10,7.758826827102413114e-10,7.551263870240794088e-08
4.005591590962532595e-05,4.487464344882504113e-10,7.842804849272804784e-10,7.632995318916648919e-08
4.048865343681245371e-05,4.536035620455399543e-10,7.927693553937065020e-10,7.715613087469676662e-08
4.092606597300096850e-05,4.585133638826380170e-10,8.013502854434764003e-10,7.799126824011500011e-08
4.136820402388501354e-05,4.634764134333126208e-10,8.100242772742050660e-10,7.883546282429301028e-08
4.181511864078851011e-05,4.684932904839927614e-10,8.187923441876135390e-10,7.968881324584391764e-08
4.226686142656021551e-05,4.735645812200022732e-10,8.276555106678389185e-10,8.055141921342369121e-08
4.272348454153174598e-05,4.786908780811183260e-10,8.366148121297388128e-10,8.142338149778139053e-08
4.318504070954031984e-05,4.838727802690830755e-10,8.456712958072533311e-10,8.230480202075939240e-08
4.365158322401647810e-05,4.891108933253325614e-10,8.548260200133867674e-10,8.319578378310095805e-08
4.412316595413770428e-05,4.944058295637900120e-10,8.640800548978404183e-10,8.409643093591072362e-08
4.459984335104807897e-05,4.997582080069882684e-10,8.734344823355964200e-10,8.500684877314532952e-08
4.508167045414593409e-05,5.051686544794944584e-10,8.828903960882062851e-10,8.592714374462601709e-08
4.556870289743864645e-05,5.106378016418148891e-10,8.924489018657598610e-10,8.685742346360212983e-08
4.606099691596648820e-05,5.161662891689541827e-10,9.021111176375792279e-10,8.779779673537861685e-08
4.655860935229577132e-05,5.217547637391489735e-10,9.118781736124812392e-10,8.874837355799387092e-08
4.706159766308224844e-05,5.274038791251667271e-10,9.217512123968837893e-10,8.970926513515079820e-08
4.757001992570498679e-05,5.331142962920882080e-10,9.317313891709497895e-10,9.068058389465135210e-08
4.808393484497276851e-05,5.388866835001912739e-10,9.418198718613364973e-10,9.166244350417413659e-08
4.860340175990207536e-05,5.447217163576683368e-10,9.520178412379687210e-10,9.265495888195554461e-08
4.912848065056873152e-05,5.506200778411395116e-10,9.623264909492675109e-10,9.365824620015131419e-08
4.965923214503348206e-05,5.565824585037589539e-10,9.727470278842020472e-10,9.467242291826249997e-08
5.019571752634240184e-05,5.626095565043365805e-10,9.832806722255561422e-10,9.569760779050917292e-08
5.073799873960302225e-05,5.687020777082028193e-10,9.939286576231032580e-10,9.673392088128280271e-08
5.128613839913639960e-05,5.748607356630820253e-10,1.004692231155617203e-09,9.778148356292332562e-08
5.184019979570744937e-05,5.810862518397220091e-10,1.015572653745979900e-09,9.884041855378076851e-08
5.240024690383238750e-05,5.873793556335943069e-10,1.026571200170518809e-09,9.991084992133276688e-08
5.296634438916565055e-05,5.937407844983883098e-10,1.037689159286721685e-09,1.009929031030318191e-07
5.353855761596648433e-05,6.001712840048935989e-10,1.048927834139346892e-09,1.020867049179080233e-07
5.411695265464629883e-05,6.066716079443087031e-10,1.060288542139752024e-09,1.031923835824552594e-07
5.470159628939707408e-05,6.132425184012589171e-10,1.071772615194288676e-09,1.043100687241045586e-07
5.529255602590316820e-05,6.198847858798507683e-10,1.083381399923739187e-09,1.054398914025863142e-07
5.588990009913545034e-05,6.265991893711628202e-10,1.095116257781737680e-09,1.065819841205571961e-07
5.649369748123011652e-05,6.333865164632507680e-10,1.106978565247466750e-09,1.077364808434984907e-07
5.710401788945254083e-05,6.402475634801685822e-10,1.118969714066743386e-09,1.089035170234638733e-07
5.772093179424725299e-05,6.471831354007662555e-10,1.131091111113649235e-09,1.100832295831120697e-07
5.834451042737438770e-05,6.541940462721393853e-10,1.143344179108690672e-09,1.112757569893359630e-07
5.897482579013504548e-05,6.612811190026915387e-10,1.155730356261841203e-09,1.124812392145232765e-07
5.961195066168448051e-05,6.684451856800336168e-10,1.168251096823045883e-09,1.136998177939471990e-07
6.025595860743563655e-05,6.756870874110240821e-10,1.180907870807393659e-09,1.149316357964068989e-07
6.090692398755333557e-05,6.830076747747566359e-10,1.193702164783947611e-09,1.161768379013809366e-07
6.156492196554028487e-05,6.904078077154246128e-10,1.206635481688776911e-09,1.174355703819212089e-07
6.223002851691585794e-05,6.978883556862310721e-10,1.219709341077925811e-09,1.187079811282381980e-07
6.290232043798822518e-05,7.054501976497074691e-10,1.232925279126776722e-09,1.199942196486496876e-07
6.358187535472217898e-05,7.130942224060286710e-10,1.246284849203899931e-09,1.212944371242877626e-07
6.426877173170181972e-05,7.208213285595328217e-10,1.259789621812267742e-09,1.226087864032700842e-07
6.496308888119054219e-05,7.286324246318089259e-10,1.273441184788742936e-09,1.239374220223062442e-07
6.566490697228877628e-05,7.365284292288832855e-10,1.287241143593338243e-09,1.252805002314485845e-07
6.637430704019079677e-05,7.445102711495239118e-10,1.301191121501064967e-09,1.266381790161322583e-07
6.709137099554102212e-05,7.525788893899171975e-10,1.315292759608724757e-09,1.280106180954672418e-07
6.781618163389240451e-05,7.607352334257485002e-10,1.329547717328749874e-09,1.293979789713335281e-07
6.854882264526600299e-05,7.689802632433436310e-10,1.343957672442259590e-09,1.308004249335048297e-07
6.928937862381432842e-05,7.773149494415965312e-10,1.358524321278811498e-09,1.322181210763479387e-07
7.003793507758892080e-05,7.857402734532544583e-10,1.373249379102647296e-09,1.336512343373995722e-07
7.079457843841370415e-05,7.942572274232221405e-10,1.388134579899196022e-09,1.350999334771425073e-07
7.155939607186428139e-05,8.028668147210678915e-10,1.403181677271502093e-09,1.365643891634516693e-07
7.233247628735628659e-05,8.115700496798813469e-10,1.418392443983521724e-09,1.380447739311196418e-07
7.311390834834158802e-05,8.203679580589328484e-10,1.433768672770176144e-09,1.395412622565160296e-07
7.390378248261510706e-05,8.292615767622300996e-10,1.449312175842236647e-09,1.410540305135889150e-07
7.470218989273297110e-05,8.382519544269125193e-10,1.465024785918150099e-09,1.425832570703472306e-07
7.550922276654317949e-05,8.473401512717954013e-10,1.480908355957274016e-09,1.441291222655467072e-07
7.632497428783019205e-05,8.565272392558403493e-10,1.496964759437677321e-09,1.456918084356366121e-07
7.714953864707383314e-05,8.658143022628792867e-10,1.513195890677867687e-09,1.472714999436584484e-07
7.798301105232572326e-05,8.752024363635009758e-10,1.529603665296253766e-09,1.488683832275548914e-07
7.882548774020195069e-05,8.846927495352019614e-10,1.546190019720699467e-09,1.504826467487160575e-07
7.967706598699515438e-05,8.942863623297510293e-10,1.562956912355321144e-09,1.521144811091466068e-07
8.053784411990643833e-05,9.039844077756193240e-10,1.579906323410074328e-09,1.537640790312148532e-07
8.140792152839885219e-05,9.137880312721206689e-10,1.597040254715483057e-09,1.554316353432847828e-07
8.228739867567281738e-05,9.236983912400885865e-10,1.614360730859726594e-09,1.571173470875032198e-07
8.317637711026694132e-05,9.337166588655170004e-10,1.631869798741275136e-09,1.588214134779698718e-07
8.407495947778266098e-05,9.438440184272368741e-10,1.649569528141465678e-09,1.605440359546851763e-07
8.498324953273634806e-05,9.540816673529290569e-10,1.667462011820850564e-09,1.622854181960476628e-07
8.590135215053933636e-05,9.644308164798405494e-10,1.685549365976749343e-09,1.640457661595182311e-07
8.682937333960741657e-05,9.748926902251607552e-10,1.703833730541208112e-09,1.658252881133379351e-07
8.776742025360050297e-05,9.854685264225542551e-10,1.722317268892801526e-09,1.676241946081718349e-07
8.871560120379592810e-05,9.961595769218216700e-10,1.741002168907134180e-09,1.694426985783894934e-07
8.967402567159409141e-05,1.006967107539689445e-09,1.759890642870465170e-09,1.712810153335257992e-07
9.064280432115971449e-05,1.017892398191284626e-09,1.778984927708695882e-09,1.731393625819472257e-07
9.162204901219973287e-05,1.028936743072307738e-09,1.798287285304855558e-09,1.750179604605369218e-07
9.261187281287908482e-05,1.040101450883931617e-09,1.817800002895743502e-09,1.769170315745453087e-07
9.361239001287626729e-05,1.051387844953222772e-09,1.837525393277997137e-09,1.788368010155366965e-07
9.462371613657914705e-05,1.062797263429768841e-09,1.857465795154439771e-09,1.807774963972278837e-07
9.564596795642483508e-05,1.074331059263784148e-09,1.877623573095879320e-09,1.827393478507710831e-07
9.667926350638221501e-05,1.085990600903657674e-09,1.898001118758415432e-09,1.847225881430595702e-07
9.772372209558082511e-05,1.097777271775050957e-09,1.918600849974281129e-09,1.867274525895978237e-07
9.877946432208679895e-05,1.109692470936358488e-09,1.939425211898476033e-09,1.887541791635628940e-07
9.984661208682796502e-05,1.121737613210818592e-09,1.960476677236909387e-09,1.908030085205280774e-07
1.009252886076682817e-04,1.133914129087776183e-09,1.981757746076407416e-09,1.928741839803539604e-07
1.020156184336362698e-04,1.146223465242841437e-09,2.003270946792176362e-09,1.949679516171373099e-07
1.031177274593053005e-04,1.158667084590713341e-09,2.025018836140968666e-09,1.970845602656090840e-07
1.042317429393301584e-04,1.171246466400924184e-09,2.047003999462905111e-09,1.992242615432013604e-07
1.053577935031404340e-04,1.183963106540488638e-09,2.069229051105708874e-09,2.013873098909013771e-07
1.064960091697929003e-04,1.196818517785744654e-09,2.091696634970327508e-09,2.035739626254912034e-07
1.076465213629833225e-04,1.209814229793974338e-09,2.114409424460211880e-09,2.057844799346140120e-07
1.088094629262224421e-04,1.222951789447555964e-09,2.137370123083604988e-09,2.080191249362792019e-07
1.099849681381738866e-04,1.236232761053141821e-09,2.160581464801370577e-09,2.102781637130473245e-07
1.111731727281588711e-04,1.249658726513415658e-09,2.184046214327079384e-09,2.125618653390311653e-07
1.123742138918280554e-04,1.263231285524250142e-09,2.207767167471231242e-09,2.148705019155174754e-07
1.135882303070028768e-04,1.276952055814806791e-09,2.231747151563153595e-09,2.172043486118479851e-07
1.148153621496881042e-04,1.290822673362442452e-09,2.255989025822390288e-09,2.195636837006345336e-07
1.160557511102564021e-04,1.304844792461052420e-09,2.280495681482639276e-09,2.219487885693890960e-07
1.173095404098097678e-04,1.319020086194250826e-09,2.305270042615388775e-09,2.243599478034242748e-07
1.185768748167157426e-04,1.333350246533683957e-09,2.330315066303087927e-09,2.267974491987304235e-07
1.198579006633231661e-04,1.347836984341369515e-09,2.355633742644030483e-09,2.292615837665299048e-07
1.211527658628585051e-04,1.362482030062568954e-09,2.381229095960959145e-09,2.317526458471367155e-07
1.224616199265046940e-04,1.377287133491428183e-09,2.407104184394447565e-09,2.342709330735756796e-07
1.237846139806636936e-04,1.392254064322810433e-09,2.433262100865754297e-09,2.368167464631038297e-07
1.251219007844073076e-04,1.407384612134227946e-09,2.459705973043714891e-09,2.393903904150145526e-07
1.264736347471148617e-04,1.422680586970409270e-09,2.486438964369350665e-09,2.419921728103459941e-07
1.278399719463020406e-04,1.438143819066959105e-09,2.513464273571367101e-09,2.446224049633825193e-07
1.292210701456424700e-04,1.453776159518571345e-09,2.540785135834010034e-09,2.472814017382790797e-07
1.306170888131839933e-04,1.469579480521679616e-09,2.568404823221513944e-09,2.499694815865810405e-07
1.320281891397606471e-04,1.485555675325883781e-09,2.596326644593210063e-09,2.526869665426695782e-07
1.334545340576059999e-04,1.501706658688956767e-09,2.624553946397662365e-09,2.554341822975535502e-07
1.348962882591650634e-04,1.518034367042224234e-09,2.653090112963627104e-09,2.582114582304250188e-07
1.363536182161107369e-04,1.534540758934730163e-09,2.681938567274872067e-09,2.610191274819357540e-07
1.378266921985653575e-04,1.551227815060127257e-09,2.711102771017506196e-09,2.638575269586977313e-07
1.393156802945299004e-04,1.568097538588923341e-09,2.740586225161040878e-09,2.667269973921644681e-07
1.408207544295235697e-04,1.585151955584163193e-09,2.770392470684405130e-09,2.696278834060524640e-07
1.423420883864339142e-04,1.602393115046174055e-09,2.800525088654890475e-09,2.725605335263443424e-07
1.438798578255842437e-04,1.619823089267345875e-09,2.830987700846141715e-09,2.755253002413363926e-07
1.454342403050151754e-04,1.637443974262372761e-09,2.861783970493034511e-09,2.785225400738850802e-07
1.470054153009864371e-04,1.655257889865929780e-09,2.892917602461236657e-09,2.815526135981336713e-07
1.485935642287002794e-04,1.673266980074910036e-09,2.924392343843769497e-09,2.846158854984750964e-07
1.501988704632484792e-04,1.691473413325510746e-09,2.956211984447205662e-09,2.877127246167766308e-07
1.518215193607849647e-04,1.709879382762665603e-09,2.988380357261530409e-09,2.908435039973544855e-07
1.534616982799291316e-04,1.728487106705680463e-09,3.020901339275712336e-09,2.940086009657808526e-07
1.551195966033984148e-04,1.747298828710196000e-09,3.053778851582540256e-09,2.972083971417067139e-07
1.567954057598753442e-04,1.766316817999282181e-09,3.087016860135832598e-09,3.004432785099154638e-07
1.584893192461109040e-04,1.785543369678345171e-09,3.120619376123524820e-09,3.037136354569209270e-07
1.602015326492667953e-04,1.804980805286641320e-09,3.154590456933067761e-09,3.070198628672869159e-07
1.619322436694977405e-04,1.824631472839578558e-09,3.188934206222946092e-09,3.103623601272057858e-07
1.636816521427805532e-04,1.844497747241209241e-09,3.223654774647631400e-09,3.137415311976124663e-07
1.654499600639870445e-04,1.864582030708094659e-09,3.258756360594203893e-09,3.171577846845605640e-07
1.672373716102074884e-04,1.884886752827230842e-09,3.294243210286129652e-09,3.206115338507440228e-07
1.690440931643259477e-04,1.905414371373592723e-09,3.330119619212153105e-09,3.241031967520199349e-07
1.708703333388501703e-04,1.926167372024547552e-09,3.366389931625029289e-09,3.276331961912412750e-07
1.727163029999992817e-04,1.947148269385079504e-09,3.403058542335436660e-09,3.312019598914592035e-07
1.745822152920500870e-04,1.968359606611754612e-09,3.440129896054514079e-09,3.348099204320801283e-07
1.764682856619496530e-04,1.989803956384696038e-09,3.477608489090788344e-09,3.384575154151007380e-07
1.783747318841905646e-04,2.011483920870704638e-09,3.515498869288632780e-09,3.421451874568126382e-07
1.803017740859564201e-04,2.033402132280831224e-09,3.553805637000242092e-09,3.458733842844474341e-07
1.822496347725388361e-04,2.055561253147033733e-09,3.592533445569712936e-09,3.496425587832113582e-07
1.842185388530291905e-04,2.077963976776974780e-09,3.631687002129513387e-09,3.534531690724360734e-07
1.862087136662864302e-04,2.100613027458299283e-09,3.671271067955532426e-09,3.573056785411999557e-07
1.882203890071886411e-04,2.123511161087206119e-09,3.711290459566176746e-09,3.612005559552209517e-07
1.902537971531648847e-04,2.146661165395471151e-09,3.751750049120077535e-09,3.651382754946740591e-07
1.923091728910153518e-04,2.170065860212548502e-09,3.792654764872365367e-09,3.691193167997894393e-07
1.943867535440210509e-04,2.193728098245807429e-09,3.834009592540325130e-09,3.731441651036884652e-07
1.964867789993465037e-04,2.217650765041528276e-09,3.875819575233781332e-09,3.772133112247661424e-07
1.986094917357368280e-04,2.241836779711145958e-09,3.918089814725042853e-09,3.813272516901474316e-07
2.007551368515176921e-04,2.266289095296978353e-09,3.960825472087898314e-09,3.854864887989061879e-07
2.029239620928939406e-04,2.291010698904338220e-09,4.004031767928091756e-09,3.896915306448374300e-07
2.051162178825560517e-04,2.316004612492508108e-09,4.047713983767012172e-09,3.939428912485612865e-07
2.073321573485949415e-04,2.341273893240359985e-09,4.091877462678786358e-09,3.982410906232092369e-07
2.095720363537295074e-04,2.366821633648707252e-09,4.136527609471087365e-09,4.025866547881144398e-07
2.118361135248498627e-04,2.392650962461904301e-09,4.181669892294632749e-09,4.069801159291638052e-07
2.141246502828783788e-04,2.418765044743733723e-09,4.227309842775822989e-09,4.114220124089913478e-07
2.164379108729565574e-04,2.445167082569747378e-09,4.273453057227255789e-09,4.159128888859884862e-07
2.187761623949547500e-04,2.471860315230482752e-09,4.320105197002772681e-09,4.204532963489226509e-07
2.211396748343128860e-04,2.498848019972696194e-09,4.367271989792869352e-09,4.250437922418848073e-07
2.235287210932144825e-04,2.526133512349997750e-09,4.414959230236949098e-09,4.296849405253668320e-07
2.259435770220974361e-04,2.553720146588470780e-09,4.463172780563603628e-09,4.343773117385863552e-07
2.283845214515035189e-04,2.581611316240751383e-09,4.511918571732792326e-09,4.391214831084119689e-07
2.308518362242757401e-04,2.609810454700979758e-09,4.561202604335237386e-09,4.439180386393670415e-07
2.333458062280997531e-04,2.638321035498359573e-09,4.611030949107701085e-09,4.487675691632667491e-07
2.358667194283986036e-04,2.667146572944539290e-09,4.661409748062222148e-09,4.536706724480352330e-07
2.384148669015827163e-04,2.696290622715206581e-09,4.712345215502657859e-09,4.586279532976042425e-07
2.409905428686591597e-04,2.725756782094223648e-09,4.763843638453373719e-09,4.636400235935797968e-07
2.435940447292023019e-04,2.755548690895970005e-09,4.815911378268527462e-09,4.687075024507152945e-07
2.462256730956952641e-04,2.785670031650490316e-09,4.868554870958673882e-09,4.738310162512856991e-07
2.488857318282385392e-04,2.816124530239186416e-09,4.921780628298784009e-09,4.790111987493779403e-07
2.515745280696354510e-04,2.846915956631054792e-09,4.975595239117065300e-09,4.842486911998501991e-07
2.542923722808562996e-04,2.878048125249262011e-09,5.030005369934389623e-09,4.895441424183523967e-07
2.570395782768860422e-04,2.909524895483015252e-09,5.085017765860083535e-09,4.948982088683743418e-07
2.598164632629571371e-04,2.941350172449946138e-09,5.140639251923411141e-09,5.003115547922112647e-07
2.626233478711780130e-04,2.973527907457172520e-09,5.196876733878956011e-09,5.057848522893647635e-07
2.654605561975533694e-04,3.006062098571415765e-09,5.253737199204917338e-09,5.113187814115609482e-07
2.683284158394058476e-04,3.038956791328344105e-09,5.311227718340576272e-09,5.169140302852848742e-07
2.712272579332021104e-04,3.072216079273885015e-09,5.369355445633655123e-09,5.225712952041972363e-07
2.741574171927874484e-04,3.105844104487783796e-09,5.428127620256058408e-09,5.282912807158566725e-07
2.771192319480338465e-04,3.139845058306131787e-09,5.487551567464898116e-09,5.340746997466677118e-07
2.801130441839031924e-04,3.174223182086192027e-09,5.547634699939491377e-09,5.399222737321950988e-07
2.831391995799373350e-04,3.208982767513670804e-09,5.608384518319558077e-09,5.458347326670733043e-07
2.861980475501699510e-04,3.244128157489241023e-09,5.669808612754655058e-09,5.518128152581462707e-07
2.892899412834720393e-04,3.279663746861166572e-09,5.731914664181968323e-09,5.578572690486571593e-07
2.924152377843327222e-04,3.315593982788157498e-09,5.794710444963824452e-09,5.639688504789180376e-07
2.955742979140810992e-04,3.351923365717195513e-09,5.858203820595021985e-09,5.701483250537111190e-07
2.987674864325509986e-04,3.388656449870211501e-09,5.922402750553843937e-09,5.763964674237257918e-07
3.019951720402010392e-04,3.425797844134543377e-09,5.987315289857007632e-09,5.827140615393767326e-07
3.052577274206842023e-04,3.463352212594254874e-09,6.052949589990258607e-09,5.891019007387744185e-07
3.085555292838803578e-04,3.501324275323341366e-09,6.119313900293337310e-09,5.955607878840587856e-07
3.118889584093928295e-04,3.539718809126111939e-09,6.186416569254742577e-09,6.020915354859662241e-07
3.152583996905156116e-04,3.578540648199239109e-09,6.254266045667711579e-09,6.086949658189910125e-07
3.186642421786726478e-04,3.617794685079078321e-09,6.322870880287032805e-09,6.153719110790265140e-07
3.221068791283428863e-04,3.657485871112191854e-09,6.392239726651200732e-09,6.221232134671602400e-07
3.255867080424651493e-04,3.697619217496199287e-09,6.462381342900945098e-09,6.289497253628491008e-07
3.291041307183360429e-04,3.738199795903882788e-09,6.533304592869842074e-09,6.358523094340106072e-07
3.326595532940036185e-04,3.779232739315932585e-09,6.605018447541008273e-09,6.428318387747658862e-07
3.362533862951616647e-04,3.820723242934251557e-09,6.677531986642163878e-09,6.498891970643279207e-07
3.398860446825517851e-04,3.862676564743039284e-09,6.750854399625673750e-09,6.570252786602583952e-07
3.435579478998740215e-04,3.905098026640830493e-09,6.824994987649431585e-09,6.642409887906730241e-07
3.472695199222217426e-04,3.947993015168868944e-09,6.899963164847008148e-09,6.715372436806529600e-07
3.510211893050330469e-04,3.991366982135531184e-09,6.975768459420598402e-09,6.789149706557488321e-07
3.548133892335745632e-04,4.035225445981346614e-09,7.052420516026822154e-09,6.863751083756634778e-07
3.586465575729590031e-04,4.079573992182245554e-09,7.129929096480879745e-09,6.939186069025682206e-07
3.625211369187038399e-04,4.124418274468857381e-09,7.208304081886837435e-09,7.015464279073782624e-07
3.664375746478326840e-04,4.169764015476979721e-09,7.287555473776200981e-09,7.092595447831784419e-07
3.703963229705354568e-04,4.215617007907571041e-09,7.367693396134423769e-09,7.170589428389743984e-07
3.743978389823803140e-04,4.261983115359283956e-09,7.448728096854634550e-09,7.249456194437521234e-07
3.784425847170923914e-04,4.308868273198088467e-09,7.530669949260112993e-09,7.329205841743052211e-07
3.825310271999024601e-04,4.356278489690485423e-09,7.613529454083482251e-09,7.409848590066283559e-07
3.866636385014727575e-04,4.404219846854211317e-09,7.697317240951410482e-09,7.491394784616835755e-07
3.908408957924014025e-04,4.452698501509715539e-09,7.782044070226913299e-09,7.573854897832117965e-07
3.950632813983230140e-04,4.501720686263832810e-09,7.867720834723897345e-09,7.657239531070579730e-07
3.993312828555975079e-04,4.551292710604410309e-09,7.954358561624167911e-09,7.741559416454610078e-07
4.036453929676039887e-04,4.601420961826689576e-09,8.041968414092434559e-09,7.826825418446677374e-07
4.080061098616422815e-04,4.652111906214134135e-09,8.130561693344636538e-09,7.913048535869258318e-07
4.124139370464487728e-04,4.703372089949611949e-09,8.220149840235568737e-09,8.000239903452780067e-07
4.168693834703348007e-04,4.755208140476588121e-09,8.310744437642356288e-09,8.088410794143449383e-07
4.213729635799492198e-04,4.807626767210280193e-09,8.402357211704045938e-09,8.177572620310703389e-07
4.259251973796833023e-04,4.860634763169343864e-09,8.495000034674927511e-09,8.267736936535958614e-07
4.305266104917096796e-04,4.914239005607634670e-09,8.588684926029372586e-09,8.358915440677741155e-07
4.351777342166741371e-04,4.968446457530790691e-09,8.683424055109083777e-09,8.451119976449790277e-07
4.398791055950419956e-04,5.023264168695946504e-09,8.779229742874363467e-09,8.544362535135729438e-07
4.446312674691080789e-04,5.078699276894172491e-09,8.876114464143480331e-09,8.638655257742100161e-07
4.494347685456725984e-04,5.134759009148838691e-09,8.974090849686447095e-09,8.734010437073043249e-07
4.542901634594021985e-04,5.191450682820873686e-09,9.073171688158800067e-09,8.830440519573198950e-07
4.591980128368675996e-04,5.248781707225891940e-09,9.173369928925213244e-09,8.927958108111843905e-07
4.641588833612767017e-04,5.306759584388710732e-09,9.274698683379938304e-09,9.026575963245107883e-07
4.691733478379068361e-04,5.365391910796207917e-09,9.377171228009821326e-09,9.126307006195026774e-07
4.742419852602440251e-04,5.424686378441462080e-09,9.480801006220676227e-09,9.227164320649337252e-07
4.793653808768330994e-04,5.484650776259563549e-09,9.585601630842574949e-09,9.329161155179368320e-07
4.845441262588582416e-04,5.545292991483274083e-09,9.691586886504188352e-09,9.432310925548947251e-07
4.897788193684451214e-04,5.606621010948107772e-09,9.798770731910145127e-09,9.536627216956083923e-07
4.950700646277054378e-04,5.668642922683202846e-09,9.907167302622411721e-09,9.642123786703243249e-07
5.004184729885260367e-04,5.731366917062073833e-09,1.001679091307238105e-08,9.748814566194229581e-07
5.058246620031125801e-04,5.794801288451194925e-09,1.012765605944135528e-08,9.856713663698262743e-07
5.112892558952954625e-04,5.858954436637520164e-09,1.023977742215501318e-08,9.965835366818283921e-07
5.168128856326025845e-04,5.923834868273108876e-09,1.035316986840885210e-08,1.007619414491048939e-06
5.223961889991187140e-04,5.989451198465361383e-09,1.046784845494681501e-08,1.018780465181612824e-06
5.280398106691237391e-04,6.055812152115470846e-09,1.058382843040252767e-08,1.030068172812677554e-06
5.337444022815305200e-04,6.122926565902658332e-09,1.070112523876382545e-08,1.041484040455891578e-06
5.395106225151260256e-04,6.190803389412280905e-09,1.081975452134684635e-08,1.053029590388412565e-06
5.453391371646269239e-04,6.259451686996887090e-09,1.093973212004918515e-08,1.064706364407160852e-06
5.512306192175508166e-04,6.328880639502287208e-09,1.106107408036302612e-08,1.076515924124473760e-06
5.571857489319287067e-04,6.399099545618752086e-09,1.118379665374057024e-08,1.088459851197831727e-06
5.632052139148472063e-04,6.470117823963035751e-09,1.130791630123110700e-08,1.100539747682822867e-06
5.692897092018428182e-04,6.541945014594423791e-09,1.143344969612996432e-08,1.112757236290980009e-06
5.754399373371553396e-04,6.614590780618471949e-09,1.156041372678345325e-08,1.125113960664888530e-06
5.816566084548466763e-04,6.688064910402410873e-09,1.168882550045831954e-08,1.137611585751562924e-06
5.879404403607929814e-04,6.762377319038371542e-09,1.181870234589965915e-08,1.150251798054023421e-06
5.942921586155715859e-04,6.837538050216558929e-09,1.195006181660698684e-08,1.163036305948827680e-06
6.007124966182336148e-04,6.913557278361579931e-09,1.208292169456574888e-08,1.175966840049338650e-06
6.072021956909871149e-04,6.990445310146790213e-09,1.221729999289287492e-08,1.189045153464319285e-06
6.137620051647925401e-04,7.068212586741274099e-09,1.235321495976693809e-08,1.202273022177872984e-06
6.203926824658852288e-04,7.146869685674932536e-09,1.249068508168532592e-08,1.215652245369984574e-06
6.270949932032314879e-04,7.226427322865336983e-09,1.262972908700878861e-08,1.229184645757529637e-06
6.338697112569257643e-04,7.306896354608668775e-09,1.277036594943805937e-08,1.242872069936477085e-06
6.407176188675524310e-04,7.388287779624744518e-09,1.291261489159022268e-08,1.256716388727453408e-06
6.476395067265028642e-04,7.470612741385513792e-09,1.305649538906850414e-08,1.270719497571566042e-06
6.546361740672732889e-04,7.553882529828799541e-09,1.320202717345545329e-08,1.284883316824542753e-06
6.617084287577481650e-04,7.638108584114909721e-09,1.334923023713229640e-08,1.299209792222062536e-06
6.688570873934816894e-04,7.723302494300409149e-09,1.349812483620442279e-08,1.313700895166954623e-06
6.760829753919806676e-04,7.809476003906509510e-09,1.364873149498861470e-08,1.328358623166147629e-06
6.833869270880181361e-04,7.896641012140314005e-09,1.380107100989585624e-08,1.343185000205728335e-06
6.907697858299654842e-04,7.984809576258916082e-09,1.395516445356480288e-08,1.358182077156851093e-06
6.982324040771696388e-04,8.073993913761960761e-09,1.411103317869046630e-08,1.373351932145971484e-06
7.057756434983826835e-04,8.164206405069709703e-09,1.426869882270797413e-08,1.388696671010474444e-06
7.134003750712551890e-04,8.255459595772029484e-09,1.442818331172036752e-08,1.404218427683356610e-06
7.211074791828984585e-04,8.347766199336642135e-09,1.458950886523435414e-08,1.419919364651511585e-06
7.288978457315452861e-04,8.441139099381401864e-09,1.475269800012927626e-08,1.435801673343557106e-06
7.367723742292970864e-04,8.535591352490739162e-09,1.491777353558195217e-08,1.451867574607801333e-06
7.447319739059872100e-04,8.631136190730895364e-09,1.508475859746009054e-08,1.468119319141168905e-06
7.527775638141642398e-04,8.727787024317045763e-09,1.525367662298524648e-08,1.484559187943173744e-06
7.609100729352106639e-04,8.825557444455042209e-09,1.542455136569882186e-08,1.501189492797113187e-06
7.691304402866084178e-04,8.924461225980261542e-09,1.559740690007365511e-08,1.518012576720841978e-06
7.774396150303570412e-04,9.024512330223579611e-09,1.577226762652415497e-08,1.535030814454716393e-06
7.858385565825763263e-04,9.125724907959088953e-09,1.594915827655695557e-08,1.552246612960297384e-06
7.943282347242795792e-04,9.228113302094591411e-09,1.612810391747331587e-08,1.569662411880480477e-06
8.029096297133505623e-04,9.331692051015125036e-09,1.630912995821309770e-08,1.587280684107870972e-06
8.115837323977283463e-04,9.436475891262187205e-09,1.649226215403680656e-08,1.605103936239192552e-06
8.203515443298170940e-04,9.542479760745895311e-09,1.667752661213951423e-08,1.623134709122789481e-06
8.292140778821238114e-04,9.649718802039605787e-09,1.686494979740929648e-08,1.641375578418516859e-06
8.381723563641604955e-04,9.758208365160863891e-09,1.705455853728732611e-08,1.659829155071315475e-06
8.472274141405945237e-04,9.867964011250461534e-09,1.724638002819800780e-08,1.678498085935434008e-06
8.563802967506823054e-04,9.979001515771839541e-09,1.744044184113996793e-08,1.697385054321604685e-06
8.656320610289927001e-04,1.009133687154977037e-08,1.763677192699797358e-08,1.716492780509954134e-06
8.749837752274348393e-04,1.020498629261511512e-08,1.783539862326020821e-08,1.735824022407814250e-06
8.844365191385982665e-04,1.031996621761116484e-08,1.803635065997554369e-08,1.755381576126609018e-06
8.939913842204391149e-04,1.043629331303096576e-08,1.823965716540778965e-08,1.775168276532448590e-06
9.036494737222995274e-04,1.055398447736414936e-08,1.844534767328308271e-08,1.795186997953712018e-06
9.134119028122950155e-04,1.067305684417590049e-08,1.865345212817459407e-08,1.815440654702225147e-06
9.232797987060774531e-04,1.079352778645688841e-08,1.886400089310158633e-08,1.835932201814541709e-06
9.332543007969882351e-04,1.091541491991725552e-08,1.907702475528805628e-08,1.856664635612050638e-06
9.433365607876197058e-04,1.103873610717499511e-08,1.929255493348206908e-08,1.877640994412381673e-06
9.535277428227895190e-04,1.116350946169689457e-08,1.951062308484322133e-08,1.898864359201258768e-06
9.638290236239684811e-04,1.128975335176595167e-08,1.973126131187764064e-08,1.920337854306411998e-06
9.742415926251432254e-04,1.141748640455825003e-08,1.995450216956165182e-08,1.942064648091065452e-06
9.847666521101555714e-04,1.154672751036886110e-08,2.018037867272986293e-08,1.964047953672661422e-06
9.954054173515239877e-04,1.167749582699759378e-08,2.040892430373662133e-08,1.986291029669886919e-06
1.006159116750766566e-03,1.180981078376305548e-08,2.064017301947523671e-08,2.008797180882850664e-06
1.017028991980230279e-03,1.194369208627156998e-08,2.087415925970921523e-08,2.031569759107612835e-06
1.028016298126471512e-03,1.207915972073032881e-08,2.111091795461378091e-08,2.054612163867107162e-06
1.039122303835166841e-03,1.221623395853135485e-08,2.135048453278493286e-08,2.077927843192058722e-06
1.050348291457598717e-03,1.235493536109322542e-08,2.159289492970159223e-08,2.101520294444455811e-06
1.061695557198721711e-03,1.249528478439104412e-08,2.183818559564425848e-08,2.125393065087162817e-06
1.073165411266829893e-03,1.263730338396565476e-08,2.208639350444789714e-08,2.149549753537295318e-06
1.084759178024832750e-03,1.278101261976206562e-08,2.233755616195879947e-08,2.173994009988288434e-06
1.096478196143182982e-03,1.292643426132402287e-08,2.259171161511406759e-08,2.198729537293607994e-06
1.108323818754438413e-03,1.307359039276432719e-08,2.284889846062661385e-08,2.223760091812240183e-06
1.120297413609503117e-03,1.322250341792540344e-08,2.310915585400608820e-08,2.249089484286332882e-06
1.132400363235553818e-03,1.337319606617130868e-08,2.337252351968019070e-08,2.274721580826187404e-06
1.144634065095673269e-03,1.352569139712378784e-08,2.363904175927280388e-08,2.300660303716738471e-06
1.156999931750209241e-03,1.368001280677506237e-08,2.390875146228707671e-08,2.326909632455845085e-06
1.169499391019868887e-03,1.383618403285574764e-08,2.418169411548754201e-08,2.353473604668203077e-06
1.182133886150591416e-03,1.399422916059636450e-08,2.445791181296815520e-08,2.380356317085160635e-06
1.194904875980186063e-03,1.415417262868121155e-08,2.473744726656031755e-08,2.407561926557663403e-06
1.207813835106776989e-03,1.431603923512721223e-08,2.502034381610506966e-08,2.435094651055017714e-06
1.220862254059067479e-03,1.447985414353252323e-08,2.530664544037489317e-08,2.462958770729398399e-06
1.234051639468446409e-03,1.464564288904114025e-08,2.559639676749870438e-08,2.491158628929009034e-06
1.247383514242940894e-03,1.481343138487742306e-08,2.588964308638112231e-08,2.519698633310950250e-06
1.260859417743072147e-03,1.498324592865772182e-08,2.618643035773398427e-08,2.548583256912204377e-06
1.274480905959588959e-03,1.515511320909176916e-08,2.648680522578952445e-08,2.577817039292787304e-06
1.288249551693130624e-03,1.532906031257659517e-08,2.679081502982194433e-08,2.607404587654823415e-06
1.302166944735831233e-03,1.550511473020253539e-08,2.709850781639430807e-08,2.637350578034467485e-06
1.316234692054885731e-03,1.568330436442495036e-08,2.740993235101890061e-08,2.667659756437897837e-06
1.330454417978088784e-03,1.586365753652193382e-08,2.772513813118915713e-08,2.698336940108626282e-06
1.344827764381402186e-03,1.604620299365016994e-08,2.804417539871252565e-08,2.729387018728908478e-06
1.359356390878522624e-03,1.623096991611034519e-08,2.836709515240859267e-08,2.760814955652895575e-06
1.374041975012511808e-03,1.641798792531897909e-08,2.869394916204146493e-08,2.792625789266390602e-06
1.388886212449493094e-03,1.660728709107013028e-08,2.902478998101002365e-08,2.824824634217831715e-06
1.403890817174441481e-03,1.679889793958670612e-08,2.935967096042144639e-08,2.857416682790951856e-06
1.419057521689089975e-03,1.699285146144955461e-08,2.969864626294614158e-08,2.890407206251845747e-06
1.434388077211962717e-03,1.718917911976907578e-08,3.004177087710263483e-08,2.923801556239222005e-06
1.449884253880594524e-03,1.738791285859737062e-08,3.038910063195630712e-08,2.957605166194860101e-06
1.465547840955907979e-03,1.758908511138429010e-08,3.074069221190107920e-08,2.991823552803229253e-06
1.481380647028813363e-03,1.779272880943294816e-08,3.109660317143563004e-08,3.026462317426767966e-06
1.497384500229036403e-03,1.799887739111527144e-08,3.145689195126913611e-08,3.061527147677094996e-06
1.513561248436205925e-03,1.820756481050532966e-08,3.182161789341091180e-08,3.097023818880541948e-06
1.529912759493207283e-03,1.841882554701546039e-08,3.219084125801153545e-08,3.132958195717625776e-06
1.546440921421868763e-03,1.863269461435026088e-08,3.256462323901145211e-08,3.169336233747029613e-06
1.563147642640950411e-03,1.884920757020871196e-08,3.294302598109779234e-08,3.206163981055592466e-06
1.580034852186502047e-03,1.906840052632951561e-08,3.332611259725999691e-08,3.243447579966067389e-06
1.597104499934598508e-03,1.929031015826441257e-08,3.371394718587138097e-08,3.281193268699090766e-06
1.614358556826483992e-03,1.951497371529833115e-08,3.410659484802749486e-08,3.319407383062724198e-06
1.631799015096135246e-03,1.974242903140045116e-08,3.450412170668411223e-08,3.358096358312567232e-06
1.649427888500311270e-03,1.997271453537146347e-08,3.490659492439242574e-08,3.397266730879223881e-06
1.667247212551058958e-03,2.020586926196886134e-08,3.531408272274180826e-08,3.436925140258834003e-06
1.685259044750747094e-03,2.044193286259474923e-08,3.572665440104127670e-08,3.477078330834037855e-06
1.703465464829633479e-03,2.068094561702154486e-08,3.614438035681087338e-08,3.517733153864217648e-06
1.721868574986004869e-03,2.092294844454680099e-08,3.656733210527702266e-08,3.558896569387004774e-06
1.740470500128892982e-03,2.116798291598738709e-08,3.699558230033624568e-08,3.600575648254495768e-06
1.759273388123446360e-03,2.141609126547032701e-08,3.742920475516070583e-08,3.642777574141384887e-06
1.778279410038919066e-03,2.166731640290642118e-08,3.786827446399957955e-08,3.685509645665135859e-06
1.797490760399356440e-03,2.192170192621441435e-08,3.831286762354304701e-08,3.728779278466306662e-06
1.816909657436985509e-03,2.217929213444858024e-08,3.876306165586541700e-08,3.772594007439924837e-06
1.836538343348340834e-03,2.244013204058877343e-08,3.921893523077851165e-08,3.816961488911969139e-06
1.856379084553164398e-03,2.270426738482593933e-08,3.968056828905134092e-08,3.861889502898043456e-06
1.876434171956081927e-03,2.297174464844476909e-08,4.014804206667175336e-08,3.907385955465777530e-06
1.896705921211142357e-03,2.324261106735346939e-08,4.062143911849502025e-08,3.953458881035082996e-06
1.917196672989180577e-03,2.351691464653726463e-08,4.110084334350123974e-08,4.000116444837444507e-06
1.937908793248085395e-03,2.379470417446427671e-08,4.158634000997574042e-08,4.047366945364845300e-06
1.958844673505984006e-03,2.407602923780421139e-08,4.207801578123104333e-08,4.095218816874086173e-06
1.980006731117382214e-03,2.436094023675434415e-08,4.257595874239313406e-08,4.143680631993134660e-06
2.001397409552267779e-03,2.464948840007855378e-08,4.308025842668542454e-08,4.192761104279556712e-06
2.023019178678267527e-03,2.494172580143323389e-08,4.359100584396136224e-08,4.242469090995672763e-06
2.044874535045815289e-03,2.523770537503808410e-08,4.410829350809302218e-08,4.292813595776972399e-06
2.066966002176417842e-03,2.553748093224064658e-08,4.463221546592054896e-08,4.343803771445421639e-06
2.089296130854033807e-03,2.584110717855422494e-08,4.516286732702968612e-08,4.395448922911252122e-06
2.111867499419601939e-03,2.614863973051980879e-08,4.570034629322267943e-08,4.447758510038509989e-06
2.134682714068734857e-03,2.646013513353242477e-08,4.624475118967187079e-08,4.500742150676868863e-06
2.157744409152662340e-03,2.677565087961795925e-08,4.679618249598964101e-08,4.554409623686873244e-06
2.181055247482393405e-03,2.709524542578636057e-08,4.735474237830458791e-08,4.608770872059886959e-06
2.204617920636179999e-03,2.741897821294252634e-08,4.792053472231127632e-08,4.663836006136194099e-06
2.228435149270297476e-03,2.774690968481897217e-08,4.849366516636081093e-08,4.719615306822241065e-06
2.252509683433187408e-03,2.807910130770171692e-08,4.907424113593442880e-08,4.776119228949625340e-06
2.276844302882992215e-03,2.841561559029889628e-08,4.966237187836878630e-08,4.833358404650061845e-06
2.301441817408504155e-03,2.875651610432382555e-08,5.025816849882934246e-08,4.891343646860219776e-06
2.326305067153621071e-03,2.910186750543456066e-08,5.086174399690724470e-08,4.950085952880297748e-06
2.351436922945265937e-03,2.945173555436655628e-08,5.147321330355149391e-08,5.009596507969792162e-06
2.376840286624870395e-03,2.980618713906601394e-08,5.209269331975391196e-08,5.069886689110718050e-06
2.402518091383433994e-03,3.016529029683000965e-08,5.272030295524150081e-08,5.130968068774569576e-06
2.428473302100209869e-03,3.052911423726379336e-08,5.335616316860087630e-08,5.192852418827031804e-06
2.454708915685025958e-03,3.089772936551817502e-08,5.400039700789039443e-08,5.255551714477846111e-06
2.481227961424347164e-03,3.127120730634549849e-08,5.465312965268160596e-08,5.319078138375690164e-06
2.508033501331033768e-03,3.164962092828809011e-08,5.531448845633561707e-08,5.383444084719405650e-06
2.535128630497901058e-03,3.203304436881852085e-08,5.598460298994032294e-08,5.448662163535237676e-06
2.562516477455093183e-03,3.242155305989999673e-08,5.666360508698235617e-08,5.514745205023782444e-06
2.590200204531320233e-03,3.281522375394981130e-08,5.735162888872380653e-08,5.581706263975891879e-06
2.618183008218981107e-03,3.321413455064888468e-08,5.804881089105749612e-08,5.649558624332670414e-06
2.646468119543268424e-03,3.361836492424238986e-08,5.875528999222240997e-08,5.718315803827635678e-06
2.675058804435223418e-03,3.402799575163409514e-08,5.947120754190176229e-08,5.787991558767526600e-06
2.703958364108837061e-03,3.444310934063288802e-08,6.019670739059114049e-08,5.858599888832912618e-06
2.733170135442226055e-03,3.486378945966639981e-08,6.093193594153086286e-08,5.930155042135602099e-06
2.762697491362922295e-03,3.529012136731686581e-08,6.167704220232261782e-08,6.002671520239353893e-06
2.792543841237333895e-03,3.572219184327901488e-08,6.243217783903915949e-08,6.076164083425727014e-06
2.822712631264384740e-03,3.616008921926182983e-08,6.319749723022831596e-08,6.150647755950808609e-06
2.853207344873460484e-03,3.660390341152707986e-08,6.397315752378256965e-08,6.226137831578254251e-06
2.884031503126598985e-03,3.705372595337782508e-08,6.475931869372046673e-08,6.302649879106082199e-06
2.915188665125056575e-03,3.750965002889032578e-08,6.555614359913787362e-08,6.380199748102378181e-06
2.946682428420256683e-03,3.797177050715867789e-08,6.636379804406083379e-08,6.458803574729539677e-06
2.978516429429185416e-03,3.844018397768797214e-08,6.718245083929926199e-08,6.538477787766036428e-06
3.010694343854247983e-03,3.891498878601711174e-08,6.801227386470949070e-08,6.619239114661789687e-06
3.043219887107715630e-03,3.939628507105010206e-08,6.885344213443339627e-08,6.701104587890778712e-06
3.076096814740701072e-03,3.988417480238697637e-08,6.970613386214862905e-08,6.784091551297030245e-06
3.109328922876798598e-03,4.037876181912084297e-08,7.057053052886853189e-08,6.868217666695194746e-06
3.142920048650403152e-03,4.088015186931810412e-08,7.144681695194540126e-08,6.953500920585092618e-06
3.176874070649766523e-03,4.138845265064109736e-08,7.233518135606835210e-08,7.039959631059597378e-06
3.211194909364817503e-03,4.190377385158443213e-08,7.323581544532935746e-08,7.127612454818962088e-06
3.245886527639873110e-03,4.242622719419717430e-08,7.414891447789174390e-08,7.216478394435459256e-06
3.280952931131183182e-03,4.295592647714816517e-08,7.507467734125583186e-08,7.306576805680607161e-06
3.316398168769449286e-03,4.349298762069527189e-08,7.601330663085002743e-08,7.397927405169613399e-06
3.352226333227333564e-03,4.403752871204754216e-08,7.696500872931486643e-08,7.490550278079458638e-06
3.388441561392015189e-03,4.458967005202553615e-08,7.792999388804755122e-08,7.584465886083066931e-06
3.425048034842863819e-03,4.514953420298539182e-08,7.890847631096350365e-08,7.679695075500620567e-06
3.462049980334238729e-03,4.571724603784229278e-08,7.990067424017245059e-08,7.776259085636519962e-06
3.499451670283565408e-03,4.629293279018623137e-08,8.090681004356632912e-08,7.874179557304274767e-06
3.537257423264624986e-03,4.687672410579946572e-08,8.192711030486014610e-08,7.973478541586797276e-06
3.575471604506203979e-03,4.746875209521899712e-08,8.296180591545213222e-08,8.074178508775956814e-06
3.614098626396122088e-03,4.806915138800186809e-08,8.401113216926719899e-08,8.176302357603012859e-06
3.653142948990716152e-03,4.867805918769713087e-08,8.507532885882994351e-08,8.279873424586870449e-06
3.692609080529789777e-03,4.929561532875620438e-08,8.615464037472829959e-08,8.384915493712896968e-06
3.732501577957198207e-03,4.992196233471927982e-08,8.724931580730713555e-08,8.491452806330251416e-06
3.772825047446985627e-03,5.055724547739541489e-08,8.835960905009791210e-08,8.599510071215096606e-06
3.813584144935243999e-03,5.120161283848365138e-08,8.948577890751448792e-08,8.709112475050986951e-06
3.854783576657706910e-03,5.185521537158464788e-08,9.062808920323123674e-08,8.820285692976556402e-06
3.896428099693163838e-03,5.251820696669457582e-08,9.178680889290189062e-08,8.933055899552768911e-06
3.938522522512703100e-03,5.319074451581099750e-08,9.296221217881522989e-08,9.047449779922211595e-06
3.981071705534964741e-03,5.387298798033546660e-08,9.415457862770196080e-08,9.163494541269667353e-06
4.024080561687318376e-03,5.456510046047611242e-08,9.536419329202528065e-08,9.281217924628966409e-06
4.067554056973140750e-03,5.526724826565026552e-08,9.659134683302628365e-08,9.400648216853643862e-06
4.111497211045211236e-03,5.597960098765749666e-08,9.783633564860970991e-08,9.521814263062825076e-06
4.155915097785305504e-03,5.670233157491709815e-08,9.909946200308950094e-08,9.644745479266920914e-06
4.200812845890060203e-03,5.743561640903972329e-08,1.003810341610141820e-07,9.769471865389072011e-06
4.246195639463120827e-03,5.817963538330436031e-08,1.016813665243210705e-07,9.896024018612965007e-06
4.292068718613772232e-03,5.893457198299297524e-08,1.030007797727399680e-07,1.002443314704576367e-05
4.338437380061951204e-03,5.970061336792110755e-08,1.043396010080312903e-07,1.015473108375149498e-05
4.385306977749844903e-03,6.047795045729495436e-08,1.056981639022931718e-07,1.028695030118510716e-05
4.432682923460075190e-03,6.126677801631013953e-08,1.070768088493102928e-07,1.042112392592009750e-05
4.480570687440578979e-03,6.206729474553947785e-08,1.084758831207783986e-07,1.055728575384828487e-05
4.528975799036199373e-03,6.287970337210300230e-08,1.098957410256436647e-07,1.069547026568729391e-05
4.577903847327172322e-03,6.370421074390297352e-08,1.113367440747972154e-07,1.083571264300669292e-05
4.627360481774439420e-03,6.454102792563258943e-08,1.127992611488731181e-07,1.097804878455394568e-05
4.677351412871969850e-03,6.539037029788825006e-08,1.142836686714652448e-07,1.112251532311243390e-05
4.727882412806116638e-03,6.625245765847710680e-08,1.157903507861860234e-07,1.126914964272936366e-05
4.778959316122112153e-03,6.712751432679075181e-08,1.173196995390805942e-07,1.141798989646643857e-05
4.830588020397718479e-03,6.801576925060928315e-08,1.188721150652903328e-07,1.156907502456362244e-05
4.882774486924236490e-03,6.891745611617573768e-08,1.204480057814306021e-07,1.172244477315907902e-05
4.935524741394794676e-03,6.983281346060106894e-08,1.220477885820417939e-07,1.187813971340490483e-05
4.988844874600109440e-03,7.076208478800557260e-08,1.236718890425741175e-07,1.203620126122005098e-05
5.042741043131756737e-03,7.170551868828289805e-08,1.253207416269490924e-07,1.219667169748606877e-05
5.097219470093041806e-03,7.266336895933996551e-08,1.269947899012029100e-07,1.235959418883726231e-05
5.152286445817556328e-03,7.363589473239586323e-08,1.286944867524704176e-07,1.252501280896762611e-05
5.207948328595453369e-03,7.462336060115333963e-08,1.304202946147422152e-07,1.269297256060114844e-05
5.264211545407660418e-03,7.562603675382778755e-08,1.321726856996108041e-07,1.286351939794224847e-05
5.321082592667929038e-03,7.664419910954366271e-08,1.339521422346551980e-07,1.303670024987333883e-05
5.378568036972956184e-03,7.767812945783010314e-08,1.357591567072365402e-07,1.321256304367613411e-05
5.436674515860589335e-03,7.872811560240057648e-08,1.375942321157846945e-07,1.339115672948587658e-05
5.495408738576236865e-03,7.979445150861209138e-08,1.394578822275148488e-07,1.357253130536555107e-05
5.554777486847515752e-03,8.087743745550374697e-08,1.413506318441475207e-07,1.375673784316333261e-05
5.614787615667352592e-03,8.197738019117269797e-08,1.432730170734597503e-07,1.394382851493544890e-05
5.675446054085458124e-03,8.309459309362872895e-08,1.452255856104136412e-07,1.413385662030107710e-05
5.736759806008398174e-03,8.422939633516331381e-08,1.472088970244256262e-07,1.432687661439514434e-05
5.798735951008294857e-03,8.538211705185111268e-08,1.492235230556072400e-07,1.452294413669366526e-05
5.861381645140279449e-03,8.655308951794562510e-08,1.512700479195572208e-07,1.472211604066989358e-05
5.924704121768720362e-03,8.774265532480379606e-08,1.533490686200724418e-07,1.492445042422491070e-05
5.988710692402485561e-03,8.895116356526562011e-08,1.554611952713865083e-07,1.513000666103998112e-05
6.053408747539122323e-03,9.017897102278419737e-08,1.576070514287201836e-07,1.533884543274011966e-05
6.118805757518204144e-03,9.142644236682880969e-08,1.597872744297851673e-07,1.555102876212464068e-05
6.184909273383897704e-03,9.269395035303646352e-08,1.620025157445932449e-07,1.576662004720419459e-05
6.251726927756838352e-03,9.398187602950476575e-08,1.642534413359971319e-07,1.598568409628114888e-05
6.319266435715439022e-03,9.529060894921423435e-08,1.665407320309426060e-07,1.620828716407261605e-05
6.387535595686663799e-03,9.662054738813283687e-08,1.688650839016529209e-07,1.643449698880285640e-05
6.456542290346541091e-03,9.797209857023769124e-08,1.712272086589022863e-07,1.666438283046630078e-05
6.526294487530286299e-03,9.934567889875018987e-08,1.736278340561484688e-07,1.689801551015182766e-05
6.596800241152318486e-03,1.007417141940751646e-07,1.760677043053814472e-07,1.713546745050307401e-05
6.668067692136201395e-03,1.021606399391567914e-07,1.785475805059344505e-07,1.737681271744498927e-05
6.740105069354644131e-03,1.036029015315034496e-07,1.810682410849522872e-07,1.762212706303847122e-05
6.812920690579600536e-03,1.050689545434928586e-07,1.836304822523283740e-07,1.787148796974583686e-05
6.886522963442746545e-03,1.065592649893226765e-07,1.862351184672579475e-07,1.812497469582819017e-05
6.960920386406217568e-03,1.080743096009697319e-07,1.888829829205368242e-07,1.838266832227021056e-05
7.036121549743892985e-03,1.096145761118743280e-07,1.915749280303569165e-07,1.864465180102168780e-05
7.112135136533269397e-03,1.111805635492120183e-07,1.943118259531161215e-07,1.891101000469676014e-05
7.188969923658061409e-03,1.127727825349775955e-07,1.970945691096237226e-07,1.918182977777577525e-05
7.266634782821572436e-03,1.143917555964218328e-07,1.999240707276575763e-07,1.945719998939059113e-05
7.345138681571134788e-03,1.160380174855966221e-07,2.028012654004330779e-07,1.973721158766504654e-05
7.424490684333500193e-03,1.177121155088278544e-07,2.057271096624302143e-07,2.002195765574095237e-05
7.504699953461467857e-03,1.194146098661647468e-07,2.087025825826513909e-07,2.031153346949727824e-05
7.585775750291815986e-03,1.211460740017573241e-07,2.117286863769808032e-07,2.060603655713329259e-05
7.667727436214658195e-03,1.229070949639892451e-07,2.148064470375930210e-07,2.090556676040542631e-05
7.750564473754366183e-03,1.246982737778465354e-07,2.179369149837456601e-07,2.121022629794802703e-05
7.834296427662102921e-03,1.265202258283840011e-07,2.211211657319682875e-07,2.152011983047644772e-05
7.918932966020293326e-03,1.283735812561753979e-07,2.243603005871959110e-07,2.183535452803306350e-05
8.004483861358898875e-03,1.302589853649553425e-07,2.276554473552090000e-07,2.215604013930306431e-05
8.090958991783801443e-03,1.321770990426159429e-07,2.310077610784135254e-07,2.248228906320008582e-05
8.178368342117384865e-03,1.341285991950375921e-07,2.344184247940539262e-07,2.281421642263506432e-05
8.266722005051442557e-03,1.361141791937203108e-07,2.378886503165422950e-07,2.315194014063270113e-05
8.356030182312464138e-03,1.381345493379480846e-07,2.414196790451869321e-07,2.349558101891585559e-05
8.446303185839667063e-03,1.401904373312732724e-07,2.450127827969535817e-07,2.384526281892760421e-05
8.537551438975598053e-03,1.422825887734858096e-07,2.486692646662812974e-07,2.420111234548257800e-05
8.629785477669680779e-03,1.444117676688983300e-07,2.523904599134209772e-07,2.456325953319515851e-05
8.723015951694737535e-03,1.465787569498401883e-07,2.561777368793512789e-07,2.493183753549222883e-05
8.817253625876689607e-03,1.487843590186291358e-07,2.600324979329878241e-07,2.530698281676560136e-05
8.912509381337439807e-03,1.510293963057139661e-07,2.639561804466554045e-07,2.568883524727821397e-05
9.008794216751360440e-03,1.533147118473064104e-07,2.679502578056237230e-07,2.607753820137806783e-05
9.106119249615180281e-03,1.556411698815136880e-07,2.720162404499723722e-07,2.647323865886098306e-05
9.204495717531688617e-03,1.580096564635384822e-07,2.761556769497845460e-07,2.687608730957425835e-05
9.303934979507273717e-03,1.604210801021088457e-07,2.803701551174419073e-07,2.728623866162756937e-05
9.404448517263488266e-03,1.628763724168537471e-07,2.846613031565270012e-07,2.770385115316934406e-05
9.506047936562799644e-03,1.653764888169634974e-07,2.890307908479260857e-07,2.812908726777460172e-05
9.608744968548580540e-03,1.679224092034062416e-07,2.934803307770999326e-07,2.856211365384377099e-05
9.712551471099738903e-03,1.705151386943788559e-07,2.980116796019633487e-07,2.900310124794865419e-05
9.817479430199818960e-03,1.731557083750649103e-07,3.026266393632450912e-07,2.945222540230937823e-05
9.923540961320977474e-03,1.758451760732963555e-07,3.073270588401187844e-07,2.990966601667566937e-05
1.003074831082288558e-02,1.785846271608704338e-07,3.121148349506759708e-07,3.037560767457173015e-05
1.013911385736677821e-02,1.813751753834005638e-07,3.169919142022623519e-07,3.085023978438788619e-05
1.024865011334467196e-02,1.842179637172150767e-07,3.219602941890910662e-07,3.133375672507255705e-05
1.035936972632421627e-02,1.871141652570365221e-07,3.270220251436487540e-07,3.182635799705535012e-05
1.047128548050896973e-02,1.900649841335198911e-07,3.321792115402873213e-07,3.232824837824808988e-05
1.058441029821453883e-02,1.930716564630600938e-07,3.374340137552102050e-07,3.283963808552568960e-05
1.069875724136065166e-02,1.961354513309108087e-07,3.427886497846832594e-07,3.336074294187791874e-05
1.081433951297936479e-02,1.992576718081311800e-07,3.482453970223604423e-07,3.389178454930309151e-05
1.093117045873947049e-02,2.024396560047639261e-07,3.538065940999360665e-07,3.443299046786419798e-05
1.104926356848756792e-02,2.056827781603676543e-07,3.594746427930758694e-07,3.498459440109690134e-05
1.116863247780558455e-02,2.089884497724185619e-07,3.652520099935418540e-07,3.554683638784795184e-05
1.128929096958522504e-02,2.123581207660924773e-07,3.711412297536273268e-07,3.611996300115384036e-05
1.141125297561940664e-02,2.157932807046208101e-07,3.771449054015116754e-07,3.670422755401219286e-05
1.153453257821090636e-02,2.192954600441197032e-07,3.832657117343350774e-07,3.729989031271336067e-05
1.165914401179829821e-02,2.228662314331886861e-07,3.895063972895248128e-07,3.790721871778180232e-05
1.178510166459963843e-02,2.265072110594684915e-07,3.958697866981822875e-07,3.852648761289816228e-05
1.191242008027372165e-02,2.302200600458048804e-07,4.023587831251753133e-07,3.915797948225471472e-05
1.204111395959937998e-02,2.340064858965459110e-07,4.089763707968484828e-07,3.980198469642865861e-05
1.217119816217289777e-02,2.378682439975360420e-07,4.157256176225722471e-07,4.045880176738456460e-05
1.230268770812377802e-02,2.418071391709592180e-07,4.226096779121614595e-07,4.112873761279765372e-05
1.243559777984905301e-02,2.458250272881014599e-07,4.296317951945149385e-07,4.181210783022188928e-05
1.256994372376622933e-02,2.499238169415950994e-07,4.367953051402137670e-07,4.250923698136525219e-05
1.270574105208538938e-02,2.541054711803842680e-07,4.441036385937344425e-07,4.322045888702814463e-05
1.284300544460021017e-02,2.583720093094276326e-07,4.515603247188108059e-07,4.394611693304229872e-05
1.298175275049845596e-02,2.627255087573067818e-07,4.591689942624652870e-07,4.468656438774730385e-05
1.312199899019199194e-02,2.671681070140871025e-07,4.669333829418313385e-07,4.544216473141241285e-05
1.326376035716660649e-02,2.717020036433939358e-07,4.748573349606762564e-07,4.621329199826605406e-05
1.340705321985168584e-02,2.763294623704644649e-07,4.829448066587070021e-07,4.700033113143843523e-05
1.355189412351033226e-02,2.810528132499515136e-07,4.911998703002613307e-07,4.780367835145836865e-05
1.369829979214966936e-02,2.858744549181682716e-07,4.996267180105792171e-07,4.862374153909731648e-05
1.384628713045188593e-02,2.907968569312029424e-07,5.082296658621409391e-07,4.946094063280645861e-05
1.399587322572613986e-02,2.958225621937877850e-07,5.170131581196294967e-07,5.031570804157999894e-05
1.414707534988156323e-02,3.009541894833209769e-07,5.259817716511803689e-07,5.118848907397919641e-05
1.429991096142144841e-02,3.061944360719249180e-07,5.351402205109802125e-07,5.207974238382598390e-05
1.445439770745924647e-02,3.115460804518263016e-07,5.444933607024321275e-07,5.298994043344233950e-05
1.461055342575608498e-02,3.170119851681018463e-07,5.540461951289757774e-07,5.391956997514457287e-05
1.476839614678041902e-02,3.225950997634895579e-07,5.638038787407519033e-07,5.486913255177028624e-05
1.492794409578991968e-02,3.282984638406272917e-07,5.737717238865073680e-07,5.583914501716195325e-05
1.508921569493584282e-02,3.341252102463506686e-07,5.839552058788170838e-07,5.683014007739300668e-05
1.525222956539016433e-02,3.400785683835860223e-07,5.943599687823055741e-07,5.784266685366669380e-05
1.541700452949556523e-02,3.461618676570622709e-07,6.049918314357453441e-07,5.887729146795709560e-05
1.558355961293889785e-02,3.523785410582964976e-07,6.158567937175667907e-07,5.993459765230979547e-05
1.575191404694788189e-02,3.587321288961559615e-07,6.269610430657881181e-07,6.101518738287882383e-05
1.592208727051165965e-02,3.652262826792554749e-07,6.383109612633113568e-07,6.211968153975836479e-05
1.609409893262530103e-02,3.718647691586616960e-07,6.499131315033892484e-07,6.324872059404656533e-05
1.626796889455861192e-02,3.786514745357391996e-07,6.617743457437073830e-07,6.440296532297064475e-05
1.644371723214928596e-02,3.855904088444892525e-07,6.739016123654302797e-07,6.558309755465296671e-05
1.662136423812112657e-02,3.926857105157429100e-07,6.863021641500765691e-07,6.678982094376702716e-05
1.680093042442702689e-02,3.999416511317034325e-07,6.989834665890640365e-07,6.802386177953806639e-05
1.698243652461739819e-02,4.073626403792954881e-07,7.119532265407139327e-07,6.928596982750701049e-05
1.716590349623417847e-02,4.149532312122049549e-07,7.252194012519838605e-07,7.057691920674832539e-05
1.735135252323070226e-02,4.227181252304891964e-07,7.387902077604487859e-07,7.189750930404853978e-05
1.753880501841758102e-02,4.306621782884212623e-07,7.526741326951653226e-07,7.324856572684586308e-05
1.772828262593531545e-02,4.387904063414813500e-07,7.668799424955005067e-07,7.463094129679621403e-05
1.791980722375329654e-02,4.471079915429842798e-07,7.814166940662432078e-07,7.604551708573791034e-05
1.811340092619597927e-02,4.556202886026665744e-07,7.962937458905455308e-07,7.749320349614983365e-05
1.830908608649629843e-02,4.643328314197653107e-07,8.115207696225977378e-07,7.897494138823039618e-05
1.850688529937668386e-02,4.732513400033861957e-07,8.271077621823946559e-07,8.049170325576830221e-05
1.870682140365797705e-02,4.823817276936422952e-07,8.430650583761601430e-07,8.204449445309510184e-05
1.890891748489637730e-02,4.917301086984369428e-07,8.594033440684263257e-07,8.363435447563981925e-05
1.911319687804922257e-02,5.013028059609984573e-07,8.761336699321662362e-07,8.526235829665947011e-05
1.931968317016919193e-02,5.111063593739142800e-07,8.932674658045020666e-07,8.692961776280004225e-05
1.952840020312783531e-02,5.211475343564914243e-07,9.108165556774063902e-07,8.863728305136690301e-05
1.973937207636845131e-02,5.314333308134042544e-07,9.287931733547696018e-07,9.038654419232953010e-05
1.995262314968876405e-02,5.419709924927968605e-07,9.472099788076018653e-07,9.217863265815795558e-05
2.016817804605348236e-02,5.527680167638257729e-07,9.660800752622886092e-07,9.401482302487863439e-05
2.038606165443757404e-02,5.638321648343208905e-07,9.854170270580409814e-07,9.589643470785581705e-05
2.060629913269995325e-02,5.751714724292319086e-07,1.005234878309661503e-06,9.782483377580274413e-05
2.082891591048833049e-02,5.867942609548091781e-07,1.025548172419224142e-06,9.980143484726037488e-05
2.105393769217545410e-02,5.987091491703872707e-07,1.046371972474896670e-06,1.018277030732545627e-04
2.128139045982709032e-02,6.109250653942713083e-07,1.067721882583213027e-06,1.039051562106146632e-04
2.151130047620188404e-02,6.234512602707339171e-07,1.089614070181988967e-06,1.060353667905493597e-04
2.174369428778401281e-02,6.362973201261023140e-07,1.112065289382804988e-06,1.082199643872160691e-04
2.197859872784820034e-02,6.494731809421615230e-07,1.135092905392356393e-06,1.104606379910720777e-04
2.221604091955805757e-02,6.629891429811542028e-07,1.158714920072609925e-06,1.127591384928238805e-04
2.245604827909786563e-02,6.768558860930426446e-07,1.182949998693333771e-06,1.151172812831686618e-04
2.269864851883814788e-02,6.910844857398231222e-07,1.207817497937834613e-06,1.175369489742349486e-04
2.294386965053553037e-02,7.056864297760496586e-07,1.233337495230303464e-06,1.200200942493524829e-04
2.319173998856694299e-02,7.206736360210952645e-07,1.259530819446888716e-06,1.225687428471789885e-04
2.344228815319917072e-02,7.360584706666596601e-07,1.286419083086519502e-06,1.251849966875621533e-04
2.369554307389331801e-02,7.518537675610892941e-07,1.314024715974133855e-06,1.278710371461698166e-04
2.395153399264519228e-02,7.680728484168873583e-07,1.342371000577357453e-06,1.306291284857698470e-04
2.421029046736170726e-02,7.847295439890546403e-07,1.371482109019903286e-06,1.334616214522073502e-04
2.447184237527382997e-02,8.018382162753584725e-07,1.401383141880979465e-06,1.363709570437644119e-04
2.473621991638616860e-02,8.194137817916933806e-07,1.432100168873639516e-06,1.393596704628867120e-04
2.500345361696425933e-02,8.374717359798527837e-07,1.463660271502228753e-06,1.424303952600054475e-04
2.527357433305911505e-02,8.560281788066662996e-07,1.496091587801977185e-06,1.455858676794332090e-04
2.554661325407003511e-02,8.750998416184610534e-07,1.529423359272512788e-06,1.488289312181683506e-04
2.582260190634588434e-02,8.947041153166998843e-07,1.563685980120378123e-06,1.521625414087661107e-04
2.610157215682533047e-02,9.148590799263995327e-07,1.598911048935701738e-06,1.555897708383944752e-04
2.638355621671614054e-02,9.355835356313996166e-07,1.635131422932466677e-06,1.591138144166280284e-04
2.666858664521474381e-02,9.568970353544337801e-07,1.672381274888614337e-06,1.627379949051611420e-04
2.695669635326545729e-02,9.788199189674984955e-07,1.710696152935403263e-06,1.664657687239400258e-04
2.724791860736059529e-02,1.001373349218138987e-06,1.750113043345656748e-06,1.703007320481734826e-04
2.754228703338158432e-02,1.024579349466672856e-06,1.790670436486953497e-06,1.742466272123389492e-04
2.783983562048154489e-02,1.048460843331942624e-06,1.832408396110349321e-06,1.783073494376643771e-04
2.814059872500989518e-02,1.073041696350683489e-06,1.875368632158246300e-06,1.824869539009007472e-04
2.844461107447910156e-02,1.098346759760433815e-06,1.919594577283558605e-06,1.867896631629499863e-04
2.875190777157477298e-02,1.124401916522161241e-06,1.965131467283192704e-06,1.912198749770212974e-04
2.906252429820858213e-02,1.151234129707529283e-06,2.012026425664170392e-06,1.957821704974368917e-04
2.937649651961522779e-02,1.178871493380912076e-06,2.060328552569779809e-06,2.004813229110850175e-04
2.969386068849358754e-02,1.207343286114559901e-06,2.110089018307647556e-06,2.053223065149176651e-04
3.001465344919269571e-02,1.236680027283930763e-06,2.161361161736634698e-06,2.103103062643543557e-04
3.033891184194265067e-02,1.266913536299149878e-06,2.214200593785172697e-06,2.154507278189397520e-04
3.066667330713176293e-02,1.298076994935267829e-06,2.268665306385286189e-06,2.207492081127469081e-04
3.099797568962939925e-02,1.330205012938754502e-06,2.324815787132431006e-06,2.262116264795023415e-04
3.133285724315577198e-02,1.363333697091231467e-06,2.382715139987472320e-06,2.318441163630046928e-04
3.167135663469889534e-02,1.397500723930051641e-06,2.442429212369647072e-06,2.376530776465460358e-04
3.201351294897931271e-02,1.432745416330189175e-06,2.504026728997840439e-06,2.436451896358548868e-04
3.235936569296277154e-02,1.469108824169095172e-06,2.567579432867568120e-06,2.498274247329762120e-04
3.270895480042222692e-02,1.506633809306885793e-06,2.633162233769736270e-06,2.562070628403015338e-04
3.306232063654854919e-02,1.545365135130061176e-06,2.700853364784966259e-06,2.627917065366225683e-04
3.341950400261133741e-02,1.585349560919887399e-06,2.770734547209841043e-06,2.695892970692556796e-04
3.378054614067003969e-02,1.626635941323331593e-06,2.842891164400723719e-06,2.766081312090923837e-04
3.414548873833590792e-02,1.669275331224270429e-06,2.917412445055467474e-06,2.838568790187720242e-04
3.451437393358556399e-02,1.713321096323372666e-06,2.994391656471986968e-06,2.913446025859430790e-04
3.488724431962617056e-02,1.758829029763276588e-06,3.073926308371972453e-06,2.990807757783326489e-04
3.526414294981378844e-02,1.805857475148534372e-06,3.156118367900523051e-06,3.070753050794834552e-04
3.564511334262433079e-02,1.854467456335108143e-06,3.241074486456649615e-06,3.153385515682572359e-04
3.603019948667841865e-02,1.904722814387513248e-06,3.328906239050418244e-06,3.238813541091163629e-04
3.641944584582053335e-02,1.956690352123401676e-06,3.419730376920328109e-06,3.327150538238097502e-04
3.681289736425308323e-02,2.010439986693859583e-06,3.513669094194376947e-06,3.418515199198624292e-04
3.721059947172562082e-02,2.066044910676249784e-06,3.610850309428118906e-06,3.513031769560378431e-04
3.761259808878073679e-02,2.123581762180715750e-06,3.711407962895475639e-06,3.610830336289875056e-04
3.801893963205602717e-02,2.183130804510268575e-06,3.815482330575887747e-06,3.712047131717928126e-04
3.842967101964363252e-02,2.244776115941317829e-06,3.923220355828450121e-06,3.816824854595814924e-04
3.884483967650761288e-02,2.308605790231836993e-06,4.034775999814164436e-06,3.925313009241334305e-04
3.926449353995992847e-02,2.374712148498101454e-06,4.150310611786435732e-06,4.037668263849944613e-04
3.968868106519522765e-02,2.443191963144480027e-06,4.269993320445980742e-06,4.154054829118729634e-04
4.011745123088614196e-02,2.514146694573624233e-06,4.394001447631290737e-06,4.274644858402171905e-04
4.055085354483829035e-02,2.587682741445420095e-06,4.522520945687413361e-06,4.399618870686642898e-04
4.098893804970674820e-02,2.663911705309956487e-06,4.655746859955271050e-06,4.529166197765234362e-04
4.143175532877424461e-02,2.742950670484132934e-06,4.793883817901261710e-06,4.663485457067766972e-04
4.187935651179169882e-02,2.824922500099737001e-06,4.937146546508588856e-06,4.802785051697321074e-04
4.233179328088201160e-02,2.909956149312261395e-06,5.085760419659162911e-06,4.947283699326361162e-04
4.278911787650720167e-02,2.998186996716000541e-06,5.239962037333204182e-06,5.097210991698136176e-04
4.325138310350077481e-02,3.089757195086008880e-06,5.399999838584877536e-06,5.252807986603350628e-04
4.371864233716454828e-02,3.184816042631171202e-06,5.566134750363461849e-06,5.414327834306520600e-04
4.419094952943167925e-02,3.283520376023544337e-06,5.738640874391036394e-06,5.582036440529934002e-04
4.466835921509617474e-02,3.386034986547615192e-06,5.917806214444731473e-06,5.756213168231975701e-04
4.515092651810984764e-02,3.492533060800880752e-06,6.103933446545001861e-06,5.937151580560633309e-04
4.563870715794687144e-02,3.603196647467571807e-06,6.297340734709372726e-06,6.125160227511167611e-04
4.613175745603784184e-02,3.718217151786431863e-06,6.498362595104203112e-06,6.320563478978981874e-04
4.663013434227265136e-02,3.837795859437313192e-06,6.707350811608573599e-06,6.523702407068421435e-04
4.713389536157391868e-02,3.962144491683059512e-06,6.924675405999534023e-06,6.734935720700290949e-04
4.764309868054143055e-02,4.091485793722376959e-06,7.150725666176282515e-06,6.954640755754964033e-04
4.815780309416835964e-02,4.226054158334590735e-06,7.385911236059671331e-06,7.183214524191173156e-04
4.867806803262973714e-02,4.366096287032963331e-06,7.630663271040648177e-06,7.421074825800756062e-04
4.920395356814499105e-02,4.511871891088786574e-06,7.885435663105502411e-06,7.668661426494981703e-04
4.973552042191384942e-02,4.663654434939826689e-06,8.150706340030371502e-06,7.926437307262308198e-04
5.027282997112758611e-02,4.821731924658536044e-06,8.426978643320140005e-06,8.194889988197586166e-04
5.081594425605590742e-02,4.986407744338378177e-06,8.714782789886531906e-06,8.474532932297301757e-04
5.136492598721039554e-02,5.158001543432287271e-06,9.014677422767188980e-06,8.765907033995644056e-04
5.191983855258548719e-02,5.336850178282411794e-06,9.327251256545834637e-06,9.069582197744432452e-04
5.248074602497715402e-02,5.523308711292778699e-06,9.653124823504992470e-06,9.386159012278145553e-04
5.304771316938159537e-02,5.717751471418420253e-06,9.992952326930368222e-06,9.716270526557091924e-04
5.362080545047294422e-02,5.920573179887796322e-06,1.034742360841111285e-05,1.006058413376667961e-03
5.420008904016223455e-02,6.132190145334674216e-06,1.071726623643319445e-05,1.041980357015975236e-03
5.478563082523788680e-02,6.353041532787976416e-06,1.110324772403907676e-05,1.079467103595628140e-03
5.537749841508889104e-02,6.583590711257870530e-06,1.150617788383298191e-05,1.118596944596747739e-03
5.597576014951091000e-02,6.824326684979125041e-06,1.192691132917495467e-05,1.159452481811546658e-03
5.658048510659768188e-02,7.075765613689941970e-06,1.236635013096109443e-05,1.202120880850909889e-03
5.719174311071671679e-02,7.338452427699697952e-06,1.282544664004279110e-05,1.246694140231854571e-03
5.780960474057165316e-02,7.612962543859955247e-06,1.330520648596831686e-05,1.293269377024264559e-03
5.843414133735158611e-02,7.899903688968857663e-06,1.380669176345645352e-05,1.341949130099973596e-03
5.906542501296856845e-02,8.199917837572831710e-06,1.433102441876962255e-05,1.392841682093222963e-03
5.970352865838358253e-02,8.513683271577559891e-06,1.487938984893658955e-05,1.446061401248900863e-03
6.034852595202346015e-02,8.841916769589231004e-06,1.545304072766410616e-05,1.501729104411734291e-03
6.100049136828777224e-02,9.185375934418022956e-06,1.605330107266927776e-05,1.559972442485437361e-03
6.165950018614805433e-02,9.544861667741651724e-06,1.668157057015274826e-05,1.620926309774721897e-03
6.232562849783987446e-02,9.921220801525106584e-06,1.733932917317813696e-05,1.684733278710965438e-03
6.299895321764893696e-02,1.031534889642838402e-05,1.802814199183299569e-05,1.751544061554894923e-03
6.367955209079147194e-02,1.072819321811226554e-05,1.874966449423136745e-05,1.821518000767590470e-03
6.436750370239177621e-02,1.116075590308344011e-05,1.950564803869519895e-05,1.894823589845902930e-03
6.506288748655557341e-02,1.161409732648923537e-05,2.029794575879449007e-05,1.971639026527242499e-03
6.576578373554188561e-02,1.208933968509878213e-05,2.112851882436978654e-05,2.052152800384645509e-03
6.647627360903403393e-02,1.258767080959656878e-05,2.199944310321311856e-05,2.136564316956596470e-03
6.719443914351071190e-02,1.311034822123968489e-05,2.291291624969922698e-05,2.225084560682428873e-03
6.792036326171833893e-02,1.365870344894993220e-05,2.387126524843998510e-05,2.317936799052736346e-03
6.865412978224534613e-02,1.423414662396725662e-05,2.487695444287705827e-05,2.415357330524539083e-03
6.939582342920085078e-02,1.483817137034950166e-05,2.593259408075084243e-05,2.517596278904001006e-03
7.014552984199695640e-02,1.547236001079761183e-05,2.704094941046828474e-05,2.624918437053164449e-03
7.090333558523706503e-02,1.613838910861022479e-05,2.820495036470494835e-05,2.737604162946921400e-03
7.166932815871113194e-02,1.683803536793785399e-05,2.942770186996161640e-05,2.855950331276384691e-03
7.244359600749888939e-02,1.757318191599621947e-05,3.071249482339525081e-05,2.980271343977870975e-03
7.322622853218160865e-02,1.834582499246319382e-05,3.206281778097557910e-05,3.110900203253996309e-03
7.401731609916548105e-02,1.915808107297842762e-05,3.348236940397576744e-05,3.248189650852738308e-03
7.481695005111525798e-02,2.001219445544553119e-05,3.497507171391348366e-05,3.392513377573433235e-03
7.562522271750117542e-02,2.091054533974633363e-05,3.654508420939062358e-05,3.544267307181108492e-03
7.644222742525980108e-02,2.185565843353357327e-05,3.819681890186857532e-05,3.703870959134064871e-03
7.726805850957012278e-02,2.285021211890720649e-05,3.993495633114762150e-05,3.871768894751286775e-03
7.810281132474534982e-02,2.389704821713373460e-05,4.176446262542495637e-05,4.048432251686747210e-03
7.894658225524382733e-02,2.499918239099836400e-05,4.369060767504577764e-05,4.234360371811144753e-03
7.979946872679748171e-02,2.615981522704579663e-05,4.571898449371068020e-05,4.430082527852661871e-03
8.066156921766112764e-02,2.738234404274268936e-05,4.785552984574565586e-05,4.636159754392864089e-03
8.153298326998334455e-02,2.867037546658891630e-05,5.010654622326129451e-05,4.853186789066946116e-03
8.241381150129996336e-02,3.002773884240736923e-05,5.247872526261056919e-05,5.081794130073772654e-03
8.330415561615205078e-02,3.145850051240312560e-05,5.497917269541329800e-05,5.322650216348540596e-03
8.420411841782858564e-02,3.296697903721830297e-05,5.761543493575075497e-05,5.576463737004158476e-03
8.511380382023746305e-02,3.455776141504929142e-05,6.039552741182505595e-05,5.843986076890047947e-03
8.603331685990334154e-02,3.623572036599685556e-05,6.332796475752834012e-05,6.126013905353252902e-03
8.696276370809574718e-02,3.800603275217263232e-05,6.642179298694660811e-05,6.423391915507609476e-03
8.790225168308817005e-02,3.987419920874244285e-05,6.968662378293456327e-05,6.737015721524691400e-03
8.885188926254958264e-02,4.184606506604336554e-05,7.313267103952530101e-05,7.067834921646384480e-03
8.981178609606928209e-02,4.392784264814355801e-05,7.677078980704626009e-05,7.416856334770664631e-03
9.078205301781838710e-02,4.612613503885824748e-05,8.061251779863410900e-05,7.785147418592212182e-03
9.176280205934665701e-02,4.844796141216995328e-05,8.467011962716575874e-05,8.173839877356687753e-03
9.275414646251836648e-02,5.090078403035285833e-05,8.895663395266878253e-05,8.584133467320561456e-03
9.375620069258774891e-02,5.349253701984923228e-05,9.348592373200628140e-05,9.017300007980197027e-03
9.476908045141561876e-02,5.623165704211943299e-05,9.827272977509870589e-05,9.474687607034027945e-03
9.579290269082893494e-02,5.912711598432720254e-05,1.033327278252192346e-04,9.957725106860248684e-03
9.682778562612454065e-02,6.218845580278884485e-05,1.086825893949069043e-04,1.046792676000345146e-02
9.787384874971888360e-02,6.542582566081382581e-05,1.143400466041453404e-04,1.100689714078136559e-02
9.893121284494552081e-02,6.885002151162816515e-05,1.203239612831788372e-04,1.157633629957855771e-02
9.999999999999989453e-02,7.247252828687800869e-05,1.266543986193473801e-04,1.217804516572615174e-02
1.010803336220383458e-01,7.630556486151191659e-05,1.333527056451767239e-04,1.281393120400523000e-02
1.021723384514258703e-01,8.036213197678711132e-05,1.404415948839249904e-04,1.348601432875120090e-02
1.032761405761395412e-01,8.465606331484954914e-05,1.479452334890549072e-04,1.419643307826192087e-02
1.043918674463272800e-01,8.920207993065897890e-05,1.558893382354199623e-04,1.494745105066292747e-02
1.055196478890237655e-01,9.401584826011568654e-05,1.643012767425797507e-04,1.574146360054325469e-02
1.066596121230254796e-01,9.911404193724031514e-05,1.732101753348445200e-04,1.658100479352512396e-02
1.078118917739263327e-01,1.045144076679038790e-04,1.826470339679340713e-04,1.746875461337966604e-02
1.089766198893157706e-01,1.102358354233095824e-04,1.926448486792285177e-04,1.840754641336588698e-02
1.101539309541410966e-01,1.162984332329362235e-04,2.032387420470437467e-04,1.940037460005341816e-02
1.113439609062357033e-01,1.227236068742450952e-04,2.144661021746541976e-04,2.045040253397968286e-02
1.125468471520155306e-01,1.295341447749679981e-04,2.263667307466355459e-04,2.156097062700014153e-02
1.137627285823429729e-01,1.367543084635200793e-04,2.389830007389939206e-04,2.273560461109829997e-02
1.149917455885663825e-01,1.444099289238119145e-04,2.523600244001192165e-04,2.397802394762847678e-02
1.162340400787285899e-01,1.525285092328013538e-04,2.665458321574249757e-04,2.529215033945296856e-02
1.174897554939527411e-01,1.611393338822964612e-04,2.815915631441816584e-04,2.668211630109678517e-02
1.187590368250046879e-01,1.702735852112054779e-04,2.975516680832417885e-04,2.815227373387270762e-02
1.200420306290342493e-01,1.799644674002325452e-04,3.144841253083632067e-04,2.970720244379207800e-02
1.213388850464974106e-01,1.902473385085871513e-04,3.324506707507955943e-04,3.135171853000997405e-02
1.226497498182613083e-01,2.011598510609725529e-04,3.515170427675572661e-04,3.309088256039108972e-02
1.239747763028940380e-01,2.127421017238149492e-04,3.717532427399045146e-04,3.493000743861166685e-02
1.253141174941411751e-01,2.250367906416014699e-04,3.932338124244819577e-04,3.687466585386128121e-02
1.266679280385911432e-01,2.380893910382007926e-04,4.160381290970463974e-04,3.893069718979163402e-02
1.280363642535315150e-01,2.519483297235119426e-04,4.402507195883742334e-04,4.110421375376612646e-02
1.294195841449985174e-01,2.666651791833399006e-04,4.659615943750068743e-04,4.340160617080907751e-02
1.308177474260192874e-01,2.822948619696434938e-04,4.932666029531512916e-04,4.582954776892057824e-02
1.322310155350558958e-01,2.988958681498686478e-04,5.222678117933932281e-04,4.839499776379659751e-02
1.336595516546440210e-01,3.165304866171651083e-04,5.530739062454205664e-04,5.110520303147580295e-02
1.351035207302349883e-01,3.352650511090809527e-04,5.858006178377788038e-04,5.396769823739876182e-02
1.365630894892413960e-01,3.551702018298138509e-04,6.205711784958394114e-04,5.699030406989133435e-02
1.380384264602881328e-01,3.763211636211620742e-04,6.575168032832604632e-04,6.018112330563705342e-02
1.395297019926714788e-01,3.987980416793154479e-04,6.967772033569626577e-04,6.354853441458105379e-02
1.410370882760283440e-01,4.226861358693260692e-04,7.385011309142929924e-04,6.710118239251895711e-02
1.425607593602183365e-01,4.480762747458497662e-04,7.828469580024175400e-04,7.084796649187163897e-02
1.441008911754201316e-01,4.750651704480441263e-04,8.299832911547558615e-04,7.479802450560686655e-02
1.456576615524452223e-01,5.037557956982718563e-04,8.800896239172193445e-04,7.896071324675381364e-02
1.472312502432717995e-01,5.342577841982631883e-04,9.333570294275823345e-04,8.334558485738111089e-02
1.488218389417974297e-01,5.666878557829065251e-04,9.899888953148335783e-04,8.796235857738186892e-02
1.504296113048216033e-01,6.011702677610009180e-04,1.050201703291836833e-03,9.282088760613409206e-02
1.520547529732493575e-01,6.378372939431552289e-04,1.114225855922247078e-03,9.793112070024723170e-02
1.536974515935268792e-01,6.768297329310331333e-04,1.182306553153677749e-03,1.033030581697622491e-01
1.553578968393080351e-01,7.182974473176345501e-04,1.254704721320425631e-03,1.089467019645637968e-01
1.570362804333548801e-01,7.623999355262859722e-04,1.331697997432113425e-03,1.148719995840193631e-01
1.587327961696750334e-01,8.093069380959159228e-04,1.413581771678064239e-03,1.210887815973707426e-01
1.604476399358977790e-01,8.591990803015707836e-04,1.500670291189980720e-03,1.276066926315035654e-01
1.621810097358925007e-01,9.122685530825681757e-04,1.593297828218153377e-03,1.344351157677280972e-01
1.639331057126308111e-01,9.687198343348319557e-04,1.691819915986173201e-03,1.415830903909365002e-01
1.657041301712962045e-01,1.028770452709543278e-03,1.796614655596751129e-03,1.490592236537279236e-01
1.674942876026430660e-01,1.092651796146159454e-03,1.908084097464268639e-03,1.568715958548648204e-01
1.693037847066088120e-01,1.160609967453934835e-03,2.026655700847193251e-03,1.650276601853765679e-01
1.711328304161779112e-01,1.232906689341901679e-03,2.152783875144055874e-03,1.735341374656563518e-01
1.729816359215099464e-01,1.309820261382360585e-03,2.286951606698766053e-03,1.823969066810872397e-01
1.748504146943221649e-01,1.391646571475449066e-03,2.429672174930566468e-03,1.916208923191068114e-01
1.767393825125385953e-01,1.478700164464055332e-03,2.581490961663026641e-03,2.012099497136177750e-01
1.786487574852047011e-01,1.571315370625379557e-03,2.742987357567460566e-03,2.111667498080169736e-01
1.805787600776713187e-01,1.669847496838699867e-03,2.914776769659464632e-03,2.214926649501035849e-01
1.825296131370505448e-01,1.774674083297213484e-03,3.097512733789590036e-03,2.321876575237384055e-01
1.845015419179468208e-01,1.886196228692663037e-03,3.291889136044859939e-03,2.432501733953493506e-01
1.864947741084657662e-01,2.004839986854673947e-03,3.498642546925060520e-03,2.546770422997717831e-01
1.885095398565042046e-01,2.131057837870548553e-03,3.718554672071911794e-03,2.664633874004534997e-01
1.905460717963239903e-01,2.265330236742543833e-03,3.952454923203087972e-03,2.786025463245448419e-01
1.926046050754132155e-01,2.408167242658902207e-03,4.201223112735620775e-03,2.910860059853846438e-01
1.946853773816379918e-01,2.560110231957299712e-03,4.465792275364126145e-03,3.039033534553142735e-01
1.967886289706842762e-01,2.721733697843895568e-03,4.747151619584482479e-03,3.170422450343293175e-01
1.989146026938030942e-01,2.893647139896056170e-03,5.046349611817882268e-03,3.304883954704419535e-01
2.010635440258484452e-01,3.076497046315224311e-03,5.364497195378821817e-03,3.442255890234836024e-01
2.032357010936217678e-01,3.270968971810633234e-03,5.702771146045459288e-03,3.582357137268980529e-01
2.054313247045217450e-01,3.477789713876425215e-03,6.062417565414358195e-03,3.724988197957305736e-01
2.076506683755036942e-01,3.697729590071852784e-03,6.444755512547288394e-03,3.869932026614253395e-01
2.098939883623518465e-01,3.931604818723049427e-03,6.851180773636138775e-03,4.016955105965072104e-01
2.121615436892678175e-01,4.180280005229784247e-03,7.283169768510331689e-03,4.165808763391775082e-01
2.144535961787787659e-01,4.444670735876364576e-03,7.742283591777120340e-03,4.316230715566509168e-01
2.167704104819686839e-01,4.725746280707674406e-03,8.230172185207655644e-03,4.467946824162582486e-01
2.191122541090361753e-01,5.024532406632929542e-03,8.748578636646268600e-03,4.620673039856805220e-01
2.214793974601832194e-01,5.342114301454499621e-03,9.299343599213265657e-03,4.774117506792528998e-01
2.238721138568337543e-01,5.679639608979809504e-03,9.884409822877001164e-03,4.927982795262594862e-01
2.262906795731973453e-01,6.038321574756859433e-03,1.050582678857985355e-02,5.081968226779811637e-01
2.287353738681658921e-01,6.419442301262244348e-03,1.116575543298539870e-02,5.235772253077848326e-01
2.312064790175590578e-01,6.824356110569415775e-03,1.186647294957753236e-02,5.389094849047258995e-01
2.337042803467170304e-01,7.254493011611512845e-03,1.261037764924647676e-02,5.541639879219765197e-01
2.362290662634456417e-01,7.711362268130196249e-03,1.339999386064743940e-02,5.693117398191570588e-01
2.387811282913171462e-01,8.196556062251532729e-03,1.423797684748545449e-02,5.843245847284729289e-01
2.413607611033310174e-01,8.711753247348536650e-03,1.512711771646268154e-02,5.991754112703666646e-01
2.439682625559382312e-01,9.258723182423248335e-03,1.607034828590254635e-02,6.138383414322153842e-01
2.466039337234330608e-01,9.839329638662410241e-03,1.707074588103517365e-02,6.282888998872109276e-01
2.492680789327167412e-01,1.045553476707720281e-02,1.813153801757867375e-02,6.425041616507671804e-01
2.519610057984362217e-01,1.110940311422095594e-02,1.925610693058186704e-02,6.564628765281040890e-01
2.546830252585038923e-01,1.180310567088079486e-02,2.044799390050724280e-02,6.701455693779780898e-01
2.574344516099962288e-01,1.253892393634483543e-02,2.171090332322687944e-02,6.835346157833516179e-01
2.602156025454493427e-01,1.331925397836191197e-02,2.304870646501345696e-02,6.966142932615951855e-01
2.630267991895378077e-01,1.414661046620438109e-02,2.446544483771425152e-02,7.093708086477147345e-01
2.658683661361539441e-01,1.502363065134211181e-02,2.596533312317938699e-02,7.217923027313215556e-01
2.687406314858871159e-01,1.595307826710602034e-02,2.755276156966984455e-02,7.338688336110131827e-01
2.716439268839075938e-01,1.693784731537697347e-02,2.923229777647393113e-02,7.455923405423208195e-01
2.745785875582600344e-01,1.798096570477771688e-02,3.100868777637009327e-02,7.569565902941565172e-01
2.775449523585701850e-01,1.908559870107602238e-02,3.288685631896789280e-02,7.679571081938659782e-01
2.805433637951704196e-01,2.025505214653755548e-02,3.487190625143617162e-02,7.785910961353840198e-01
2.835741680786473262e-01,2.149277540080893334e-02,3.696911688680026148e-02,7.888573398537832571e-01
2.866377151598167861e-01,2.280236395158572599e-02,3.918394124399164624e-02,7.987561077395769482e-01
2.897343587701310952e-01,2.418756163885457319e-02,4.152200203832452641e-02,8.082890433856755319e-01
2.928644564625234037e-01,2.565226243192102532e-02,4.398908629621907374e-02,8.174590539376406229e-01
2.960283696526882502e-01,2.720051169378865860e-02,4.659113846399520059e-02,8.262701961629351777e-01
2.992264636608185091e-01,2.883650686280533892e-02,4.933425187766841274e-02,8.347275619761165277e-01
3.024591077537829853e-01,3.056459747685689662e-02,5.222465845906295451e-02,8.428371649624442075e-01
3.057266751877646405e-01,3.238928446090223040e-02,5.526871650359009569e-02,8.506058292401199594e-01
3.090295432513583407e-01,3.431521859432839355e-02,5.847289642689932482e-02,8.580410817975580029e-01
3.123680933091346756e-01,3.634719807059377805e-02,6.184376434166549696e-02,8.651510492425456000e-01
3.157427108456736797e-01,3.849016505801538396e-02,6.538796334230571883e-02,8.719443597093067266e-01
3.191537855100751719e-01,4.074920116746634513e-02,6.911219238475023452e-02,8.784300504908411078e-01
3.226017111609489896e-01,4.312952173032220254e-02,7.302318266083876463e-02,8.846174818000041018e-01
3.260868859118921104e-01,4.563646878836836313e-02,7.712767138276575840e-02,8.905162569152196284e-01
3.296097121774564931e-01,4.827550269673608341e-02,8.143237291256567867e-02,8.961361488363983607e-01
3.331705967196149087e-01,5.105219224142161505e-02,8.594394719511855296e-02,9.014870334637138383e-01
3.367699506947230415e-01,5.397220317476404683e-02,9.066896548079647622e-02,9.065788292161025552e-01
3.404081897010004520e-01,5.704128507561781469e-02,9.561387335581601754e-02,9.114214429269746898e-01
3.440857338265128074e-01,6.026525644598902665e-02,1.007849511345605131e-01,9.160247217905016504e-01
3.478030076976784124e-01,6.364998796291561345e-02,1.061882717087142269e-01,9.203984110819033448e-01
3.515604405282973799e-01,6.720138381345215628e-02,1.118296559926799660e-01,9.245521173378468127e-01
3.553584661691110980e-01,7.092536105202237873e-02,1.177146261532383414e-01,9.284952766570208071e-01
3.591975231578961592e-01,7.482782693327325041e-02,1.238483568632702120e-01,9.322371277647016896e-01
3.630780547701003003e-01,7.891465419005919135e-02,1.302356248739953704e-01,9.357866894772562949e-01
3.670005090700249051e-01,8.319165424541671849e-02,1.368807572567997954e-01,9.391527422016956450e-01
3.709653389625606756e-01,8.766454836944639895e-02,1.437875787233703073e-01,9.423438131103595294e-01
3.749730022454821343e-01,9.233893681691281163e-02,1.509593584903687058e-01,9.453681646404320515e-01
3.790239616623070629e-01,9.722026600909258742e-02,1.583987572109638864e-01,9.482337859812428604e-01
3.831186849557284835e-01,1.023137938538196262e-01,1.661077745486921053e-01,9.509483872283074346e-01
3.872576449216167949e-01,1.076245533306375568e-01,1.740876980177533395e-01,9.535193959010097586e-01
3.914413194636193194e-01,1.131573145032040706e-01,1.823390537562766811e-01,9.559539555400679012e-01
3.956701916483357784e-01,1.189165451581640776e-01,1.908615599334194113e-01,9.582589261208702691e-01
3.999447497610967295e-01,1.249063703082887306e-01,1.996540835158624738e-01,9.604408860389992419e-01
4.042654873623434120e-01,1.311305308370335487e-01,2.087146011323698924e-01,9.625061354443307238e-01
4.086329033446164383e-01,1.375923416012167499e-01,2.180401647751745997e-01,9.644607007197675275e-01
4.130475019901602152e-01,1.442946493474486780e-01,2.276268730626146153e-01,9.663103399196594223e-01
4.175097930291498671e-01,1.512397908353384224e-01,2.374698487575338801e-01,9.680605490011242598e-01
4.220202916985469899e-01,1.584295515954537159e-01,2.475632231898029501e-01,9.697165686986893851e-01
4.265795188015911177e-01,1.658651257814176549e-01,2.579001281684966118e-01,9.712833919088305068e-01
4.311880007679345650e-01,1.735470776023629869e-01,2.684726958900017224e-01,9.727657714660482569e-01
4.358462697144260267e-01,1.814753048430997884e-01,2.792720672532424397e-01,9.741682282060830644e-01
4.405548635065529295e-01,1.896490049937237521e-01,2.902884088835389620e-01,9.754950592247180197e-01
4.453143258205398691e-01,1.980666445169494971e-01,3.015109390441036985e-01,9.767503462523754454e-01
4.501252062061329995e-01,2.067259317793470053e-01,3.129279624812364435e-01,9.779379640754434222e-01
4.549880601500477795e-01,2.156237941608646902e-01,3.245269141083993447e-01,9.790615889449565401e-01
4.599034491401093327e-01,2.247563598352608216e-01,3.362944112892056747e-01,9.801247069220303532e-01
4.648719407300844209e-01,2.341189446815923614e-01,3.482163143330136990e-01,9.811306221173022868e-01
4.698941086052142446e-01,2.437060447437548738e-01,3.602777946732777514e-01,9.820824647886606806e-01
4.749705326484542356e-01,2.535113346013577185e-01,3.724634100618637311e-01,9.829831992678006447e-01
4.801017990074306629e-01,2.635276719512658072e-01,3.847571859857941701e-01,9.838356316916800903e-01
4.852885001621193850e-01,2.737471086258838615e-01,3.971427024001056294e-01,9.846424175198419393e-01
4.905312349932569038e-01,2.841609081925929314e-01,4.096031847746485766e-01,9.854060688228525322e-01
4.958306088514895515e-01,2.947595701902003262e-01,4.221215983766187230e-01,9.861289613308570345e-01
5.011872336272719108e-01,3.055328609644483717e-01,4.346807446564237565e-01,9.868133412345074795e-01
5.066017278215118047e-01,3.164698509674233051e-01,4.472633585735649175e-01,9.874613317333372775e-01
5.120747166169953291e-01,3.275589582874151029e-01,4.598522056924818635e-01,9.880749393290744198e-01
5.176068319505668924e-01,3.387879980782913525e-01,4.724301778952958997e-01,9.886560598634475117e-01
5.231987125860969590e-01,3.501442374635806432e-01,4.849803865989075202e-01,9.892064843017943643e-01
5.288510041882368284e-01,3.616144554020291335e-01,4.974862524258809593e-01,9.897279042652495917e-01
5.345643593969704455e-01,3.731850069209486365e-01,5.099315903602731348e-01,9.902219173155072385e-01
5.403394379029703432e-01,3.848418910530738701e-01,5.223006895181677711e-01,9.906900319971624347e-01
5.461769065237697118e-01,3.965708217537726177e-01,5.345783867751709995e-01,9.911336726434490929e-01
5.520774392807555886e-01,4.083573010297466555e-01,5.467501336161316727e-01,9.915541839518291489e-01
5.580417174769944921e-01,4.201866934789362240e-01,5.588020557023226642e-01,9.919528353363952222e-01
5.640704297758992736e-01,4.320443014249508162e-01,5.707210047847960377e-01,9.923308250644164996e-01
5.701642722807451769e-01,4.439154398282373903e-01,5.824946027261115322e-01,9.926892841846274296e-01
5.763239486150469881e-01,4.557855101701985823e-01,5.941112775229522303e-01,9.930292802550173548e-01
5.825501700037949426e-01,4.676400725350773335e-01,6.055602913464251946e-01,9.933518208779810177e-01
5.888436553555881359e-01,4.794649151566441336e-01,6.168317607326162522e-01,9.936578570507051955e-01
5.952051313456347970e-01,4.912461207510577244e-01,6.279166691609895379e-01,9.939482863386324141e-01
6.016353324996598362e-01,5.029701290224950494e-01,6.388068723513039560e-01,9.942239558797618670e-01
6.081350012787165582e-01,5.146237948019390940e-01,6.494950966893097144e-01,9.944856652274175479e-01
6.147048881649145313e-01,5.261944413602046566e-01,6.599749312573021109e-01,9.947341690389738256e-01
6.213457517480739378e-01,5.376699085215943530e-01,6.702408139972874102e-01,9.949701796178281876e-01
6.280583588133160644e-01,5.490385952924541346e-01,6.802880125723281823e-01,9.951943693157263571e-01
6.348434844295991475e-01,5.602894968072457127e-01,6.901126005161306587e-01,9.954073728023179468e-01
6.417019120392126741e-01,5.714122354816419946e-01,6.997114292729538221e-01,9.956097892085943313e-01
6.486344335482359114e-01,5.823970863457835767e-01,7.090820967305431211e-01,9.958021841506259353e-01
6.556418494179760970e-01,5.932349966096683858e-01,7.182229128392629836e-01,9.959850916397681164e-01
6.627249687573956161e-01,6.039175995853220957e-01,7.271328628922387738e-01,9.961590158852672294e-01
6.698846094165256115e-01,6.144372231558705710e-01,7.358115690155415667e-01,9.963244329949455524e-01
6.771215980809133228e-01,6.247868930392215248e-01,7.442592503857116126e-01,9.964817925794045017e-01
6.844367703670655168e-01,6.349603311429352637e-01,7.524766826553627164e-01,9.966315192649425336e-01
6.918309709189350842e-01,6.449519493472654075e-01,7.604651570279058470e-01,9.967740141201467674e-01
6.993050535054474715e-01,6.547568390847442465e-01,7.682264393803620584e-01,9.969096560008832153e-01
7.068598811190808240e-01,6.643707571076428176e-01,7.757627297901743546e-01,9.970388028181887963e-01
7.144963260755112788e-01,6.737901078493440110e-01,7.830766227786866152e-01,9.971617927333414899e-01
7.222152701143345066e-01,6.830119227927510250e-01,7.901710685413738666e-01,9.972789452841783753e-01
7.300176045008754944e-01,6.920338372589172060e-01,7.970493353936967118e-01,9.973905624465186914e-01
7.379042301290982264e-01,7.008540650229079239e-01,8.037149736221113061e-01,9.974969296343579872e-01
7.458760576256269204e-01,7.094713711522608879e-01,8.101717808927753062e-01,9.975983166422991433e-01
7.539340074548941395e-01,7.178850434471395481e-01,8.164237693361195980e-01,9.976949785335161858e-01
7.620790100254112298e-01,7.260948628411725281e-01,8.224751343939287196e-01,9.977871564763538537e-01
7.703120057972135948e-01,7.341010730989386834e-01,8.283302254870582582e-01,9.978750785325168904e-01
7.786339453904397301e-01,7.419043501206423752e-01,8.339935185363117620e-01,9.979589603996275038e-01
7.870457896950971977e-01,7.495057711377658416e-01,8.394695903464952647e-01,9.980390061107845545e-01
7.955485099820114314e-01,7.569067840557041071e-01,8.447630948439697196e-01,9.981154086936140368e-01
8.041430880149730287e-01,7.641091771713930392e-01,8.498787411411520276e-01,9.981883507911526454e-01
8.128305161640970722e-01,7.711150494661306309e-01,8.548212733871495272e-01,9.982580052467859844e-01
8.216117975204064727e-01,7.779267816466240992e-01,8.595954523519029333e-01,9.983245356553305250e-01
8.304879460116539880e-01,7.845470080811373093e-01,8.642060386816553530e-01,9.983880968822311797e-01
8.394599865193944632e-01,7.909785897527210619e-01,8.686577777560438030e-01,9.984488355527376680e-01
8.485289549973229484e-01,7.972245883281493528e-01,8.729553860714631686e-01,9.985068905128098304e-01
8.576958985908905708e-01,8.032882414194542076e-01,8.771035390713144420e-01,9.985623932634086763e-01
8.669618757582159274e-01,8.091729390950214151e-01,8.811068603411934541e-01,9.986154683697274770e-01
8.763279563922872217e-01,8.148822016790693290e-01,8.849699120857433821e-01,9.986662338468323963e-01
8.857952219445155428e-01,8.204196588620917829e-01,8.886971868036986910e-01,9.987148015230948861e-01
8.953647655495923230e-01,8.257890301303056901e-01,8.922931000782816646e-01,9.987612773827170276e-01
9.050376921517103712e-01,8.309941065095299839e-01,8.957619844016233568e-01,9.988057618885751721e-01
9.148151186321461514e-01,8.360387336078589637e-01,8.991080839539222769e-01,9.988483502865358465e-01
9.246981739382201804e-01,8.409267959321342634e-01,9.023355502606632550e-01,9.988891328923327206e-01
9.346879992136504223e-01,8.456622024453058772e-01,9.054484386541871155e-01,9.989281953620233745e-01
9.447857479303141126e-01,8.502488733252944186e-01,9.084507054691879357e-01,9.989656189469897640e-01
9.549925860214327766e-01,8.546907278807270858e-01,9.113462059051962161e-01,9.990014807343895464e-01
9.653096920161967631e-01,8.589916735748732712e-01,9.141386924927334956e-01,9.990358538739086969e-01
9.757382571758436152e-01,8.631555961060684012e-01,9.168318141035227686e-01,9.990688077916154430e-01
9.862794856312098180e-01,8.671863504908342568e-01,9.194291154488544171e-01,9.991004083916752432e-01
9.969345945217517047e-01,8.710877530946030678e-01,9.219340370138990881e-01,9.991307182466298009e-01
1.007704814136102911e+00,8.748635745544200981e-01,9.243499153794049183e-01,9.991597967769143551e-01
1.018591388054115310e+00,8.785175335379884487e-01,9.266799838857273652e-01,9.991877004202358581e-01
1.029595573290452259e+00,8.820532912840441941e-01,9.289273735975972501e-01,9.992144827914071215e-01
1.040718640439728615e+00,8.854744468700049831e-01,9.310951145313016708e-01,9.992401948331892658e-01
1.051961873823220373e+00,8.887845331542277849e-01,9.331861371091130231e-01,9.992648849586699411e-01
1.063326571637158491e+00,8.919870133418492664e-01,9.352032738087785457e-01,9.992885991856630401e-01
1.074814046102623433e+00,8.950852781250741019e-01,9.371492609787238637e-01,9.993113812635981974e-01
1.086425623617061964e+00,8.980826433508317663e-01,9.390267407922797682e-01,9.993332727933346149e-01
1.098162644907438201e+00,9.009823481709161586e-01,9.408382633167441389e-01,9.993543133403040013e-01
1.110026465185040001e+00,9.037875536319770475e-01,9.425862886754261538e-01,9.993745405413743121e-01
1.122018454301958901e+00,9.065013416650706812e-01,9.442731892829988594e-01,9.993939902057925595e-01
1.134139996909263148e+00,9.091267144367988218e-01,9.459012521365004478e-01,9.994126964105489730e-01
1.146392492616859826e+00,9.116665940263943835e-01,9.474726811461958720e-01,9.994306915904845878e-01
1.158777356155124449e+00,9.141238223954261111e-01,9.489895994922452616e-01,9.994480066234412430e-01
1.171296017538236534e+00,9.165011616190097410e-01,9.504540519946926835e-01,9.994646709107415372e-01
1.183949922229299734e+00,9.188012943496328688e-01,9.518680074857687190e-01,9.994807124532627540e-01
1.196740531307241007e+00,9.210268244867910736e-01,9.532333611748152746e-01,9.994961579233601068e-01
1.209669321635514772e+00,9.231802780276677778e-01,9.545519369973716195e-01,9.995110327328711186e-01
1.222737786032627616e+00,9.252641040760271052e-01,9.558254899410614236e-01,9.995253610974292879e-01
1.235947433444506638e+00,9.272806759883334138e-01,9.570557083419295452e-01,9.995391660972937631e-01
1.249299789118729187e+00,9.292322926378639991e-01,9.582442161457925822e-01,9.995524697348915355e-01
1.262796394780634213e+00,9.311211797792225964e-01,9.593925751299871019e-01,9.995652929892622218e-01
1.276438808811338976e+00,9.329494914972263908e-01,9.605022870816462000e-01,9.995776558675748547e-01
1.290228606427674896e+00,9.347193117255838679e-01,9.615747959293031721e-01,9.995895774538863243e-01
1.304167379864076048e+00,9.364326558221538477e-01,9.626114898252166041e-01,9.996010759552953484e-01
1.318256738556405683e+00,9.380914721888323760e-01,9.636137031763490901e-01,9.996121687456347438e-01
1.332498309327817987e+00,9.396976439253154068e-01,9.645827186224146255e-01,9.996228724068444427e-01
1.346893736576580514e+00,9.412529905070515790e-01,9.655197689598198352e-01,9.996332027681533727e-01
1.361444682465947187e+00,9.427592694787406691e-01,9.664260390107138887e-01,9.996431749431895497e-01
1.376152827116081667e+00,9.442181781556479025e-01,9.673026674366872468e-01,9.996528033651375100e-01
1.391019868798049286e+00,9.456313553258786087e-01,9.681507484969448241e-01,9.996621018200482212e-01
1.406047524129909965e+00,9.470003829475351909e-01,9.689713337510463820e-01,9.996710834784070521e-01
1.421237528274924555e+00,9.483267878354177949e-01,9.697654337065156893e-01,9.996797609250517302e-01
1.436591635141906798e+00,9.496120433325826449e-01,9.705340194118188268e-01,9.996881461875342101e-01
1.452111617587736880e+00,9.508575709626804207e-01,9.712780239953737738e-01,9.996962507630124950e-01
1.467799267622063697e+00,9.520647420595493848e-01,9.719983441513945222e-01,9.997040856437484635e-01
1.483656396614224438e+00,9.532348793710383461e-01,9.726958415734923147e-01,9.997116613412941888e-01
1.499684835502371971e+00,9.543692586344857398e-01,9.733713443370529683e-01,9.997189879094331433e-01
1.515886435004916377e+00,9.554691101216994387e-01,9.740256482314963993e-01,9.997260749659465651e-01
1.532263065834194471e+00,9.565356201516407308e-01,9.746595180435833061e-01,9.997329317132678250e-01
1.548816618912478571e+00,9.575699325693611819e-01,9.752736887929944753e-01,9.997395669580846356e-01
1.565549005590309184e+00,9.585731501900363050e-01,9.758688669214397038e-01,9.997459891299484980e-01
1.582462157867190022e+00,9.595463362072041980e-01,9.764457314365935225e-01,9.997522062989396829e-01
1.599558028614664673e+00,9.604905155645646619e-01,9.770049350121626786e-01,9.997582261924434777e-01
1.616838591801804226e+00,9.614066762909019292e-01,9.775471050454137556e-01,9.997640562110827744e-01
1.634305842723132285e+00,9.622957707978866404e-01,9.780728446734823223e-01,9.997697034438524089e-01
1.651961798229009126e+00,9.631587171406755798e-01,9.785827337497942091e-01,9.997751746824977692e-01
1.669808496958508304e+00,9.639964002413833333e-01,9.790773297819118648e-01,9.997804764351775342e-01
1.687847999574805913e+00,9.648096730756178241e-01,9.795571688321130788e-01,9.997856149394500624e-01
1.706082389003122257e+00,9.655993578223942553e-01,9.800227663819902624e-01,9.997905961746160752e-01
1.724513770671199708e+00,9.663662469778345754e-01,9.804746181623394952e-01,9.997954258734537136e-01
1.743144272752443991e+00,9.671111044331438533e-01,9.809132009495848958e-01,9.998001095333780563e-01
1.761976046411626307e+00,9.678346665174277774e-01,9.813389733299606732e-01,9.998046524270548518e-01
1.781011266053275088e+00,9.685376430059758901e-01,9.817523764326429037e-01,9.998090596124943330e-01
1.800252129572741389e+00,9.692207180946873502e-01,9.821538346329985458e-01,9.998133359426574218e-01
1.819700858609978988e+00,9.698845513413525410e-01,9.825437562270866731e-01,9.998174860745947523e-01
1.839359698806064980e+00,9.705297785745480299e-01,9.829225340785153753e-01,9.998215144781447128e-01
1.859230920062492132e+00,9.711570127709178157e-01,9.832905462387289131e-01,9.998254254442150435e-01
1.879316816803262125e+00,9.717668449016422239e-01,9.836481565417668493e-01,9.998292230926634216e-01
1.899619708239810745e+00,9.723598447489065766e-01,9.839957151745014619e-01,9.998329113798067880e-01
1.920141938638794121e+00,9.729365616931953120e-01,9.843335592233337650e-01,9.998364941055686295e-01
1.940885877592769981e+00,9.734975254722391114e-01,9.846620131982907198e-01,9.998399749202907527e-01
1.961853920293807896e+00,9.740432469124437054e-01,9.849813895354360138e-01,9.998433573312200950e-01
1.983048487810021410e+00,9.745742186336325830e-01,9.852919890784775925e-01,9.998466447086928888e-01
2.004472027365158393e+00,9.750909157279260553e-01,9.855941015404192651e-01,9.998498402920266148e-01
2.026127012621139922e+00,9.755937964135722451e-01,9.858880059460778389e-01,9.998529471951370651e-01
2.048015943963689356e+00,9.760833026645384658e-01,9.861739710562548167e-01,9.998559684118939472e-01
2.070141348791037395e+00,9.765598608166564665e-01,9.864522557743192754e-01,9.998589068212273556e-01
2.092505781805747311e+00,9.770238821511074701e-01,9.867231095359386694e-01,9.998617651919984306e-01
2.115111825309693661e+00,9.774757634560115038e-01,9.869867726826545562e-01,9.998645461876450868e-01
2.137962089502225549e+00,9.779158875668743089e-01,9.872434768199839228e-01,9.998672523706149118e-01
2.161059212781553995e+00,9.783446238866296829e-01,9.874934451606918184e-01,9.998698862065946713e-01
2.184405862049392688e+00,9.787623288859917947e-01,9.877368928538601267e-01,9.998724500685469696e-01
2.208004733018891219e+00,9.791693465848233524e-01,9.879740273003507767e-01,9.998749462405643884e-01
2.231858550525902540e+00,9.795660090151979693e-01,9.882050484552388214e-01,9.998773769215472118e-01
2.255970068843573983e+00,9.799526366668211974e-01,9.884301491177636123e-01,9.998797442287185033e-01
2.280342072000415055e+00,9.803295389154588202e-01,9.886495152093296435e-01,9.998820502009768685e-01
2.304977374101723875e+00,9.806970144349946850e-01,9.888633260400621072e-01,9.998842968021037780e-01
2.329878819654524147e+00,9.810553515937265878e-01,9.890717545644006625e-01,9.998864859238234537e-01
2.355049283896004653e+00,9.814048288354904059e-01,9.892749676262027059e-01,9.998886193887304152e-01
2.380491673125508800e+00,9.817457150461815774e-01,9.894731261937939060e-01,9.998906989530850220e-01
2.406208925040109747e+00,9.820782699062238219e-01,9.896663855854012093e-01,9.998927263094862239e-01
2.432204009073807960e+00,9.824027442295215629e-01,9.898548956853708836e-01,9.998947030894272947e-01
2.458479926740399613e+00,9.827193802894086394e-01,9.900388011515658393e-01,9.998966308657394331e-01
2.485039711980042476e+00,9.830284121320930213e-01,9.902182416143185950e-01,9.998985111549283378e-01
2.511886431509570361e+00,9.833300658780751435e-01,9.903933518672969338e-01,9.999003454194094198e-01
2.539023185176590314e+00,9.836245600120085975e-01,9.905642620506230900e-01,9.999021350696465360e-01
2.566453106317414079e+00,9.839121056614433813e-01,9.907310978265835288e-01,9.999038814661972419e-01
2.594179362118811394e+00,9.841929068648889167e-01,9.908939805482347429e-01,9.999055859216722242e-01
2.622205153983763637e+00,9.844671608296070575e-01,9.910530274212110413e-01,9.999072497026081363e-01
2.650533717901075281e+00,9.847350581795392133e-01,9.912083516590217691e-01,9.999088740312628287e-01
2.679168324819026559e+00,9.849967831937488372e-01,9.913600626321144027e-01,9.999104600873325310e-01
2.708112281023050905e+00,9.852525140357535349e-01,9.915082660109628687e-01,9.999120090095972024e-01
2.737368928517495359e+00,9.855024229740998454e-01,9.916530639034397687e-01,9.999135218974959383e-01
2.766941645411503892e+00,9.857466765945273046e-01,9.917945549867086541e-01,9.999149998126369843e-01
2.796833846309068505e+00,9.859854360040490873e-01,9.919328346338680547e-01,9.999164437802430250e-01
2.827048982703296520e+00,9.862188570272690802e-01,9.920679950355719701e-01,9.999178547905362979e-01
2.857590543374936232e+00,9.864470903952375913e-01,9.922001253168313273e-01,9.999192338000685298e-01
2.888462054795207123e+00,9.866702819271414571e-01,9.923293116492045707e-01,9.999205817329920309e-01
2.919667081532982600e+00,9.868885727051097678e-01,9.924556373585661229e-01,9.999218994822807183e-01
2.951209226666382968e+00,9.871020992424046625e-01,9.925791830286403439e-01,9.999231879109001797e-01
2.983092132198760904e+00,9.873109936452587609e-01,9.927000266004766260e-01,9.999244478529301094e-01
3.015319479479288134e+00,9.875153837686097003e-01,9.928182434680347113e-01,9.999256801146400031e-01
3.047894989627977669e+00,9.877153933659690299e-01,9.929339065700408806e-01,9.999268854755219982e-01
3.080822423965354329e+00,9.879111422336598336e-01,9.930470864782734441e-01,9.999280646892813040e-01
3.114105584446752228e+00,9.881027463496399044e-01,9.931578514824189741e-01,9.999292184847863307e-01
3.147748314101307621e+00,9.882903180071279658e-01,9.932662676716503825e-01,9.999303475669818475e-01
3.181754497475692389e+00,9.884739659432326686e-01,9.933723990130500781e-01,9.999314526177637275e-01
3.216128061082643264e+00,9.886537954627830915e-01,9.934763074270205330e-01,9.999325342968194974e-01
3.250872973854332493e+00,9.888299085575462666e-01,9.935780528597959460e-01,9.999335932424360252e-01
3.285993247600642153e+00,9.890024040210156908e-01,9.936776933531791256e-01,9.999346300722743441e-01
3.321492937472385165e+00,9.891713775589408009e-01,9.937752851116167241e-01,9.999356453841132808e-01
3.357376142429544075e+00,9.893369218957644984e-01,9.938708825667190716e-01,9.999366397565655484e-01
3.393647005714508058e+00,9.894991268771300419e-01,9.939645384393308580e-01,9.999376137497637540e-01
3.430309715330543519e+00,9.896580795686082954e-01,9.940563037992501405e-01,9.999385679060212029e-01
3.467368504525310868e+00,9.898138643507939927e-01,9.941462281226940423e-01,9.999395027504649480e-01
3.504827652279669525e+00,9.899665630109110159e-01,9.942343593475975183e-01,9.999404187916467457e-01
3.542691483801748031e+00,9.901162548310619149e-01,9.943207439268376691e-01,9.999413165221279209e-01
3.580964371026351234e+00,9.902630166732538930e-01,9.944054268794632057e-01,9.999421964190430279e-01
3.619650733119767150e+00,9.904069230613223862e-01,9.944884518400105566e-01,9.999430589446414164e-01
3.658755036990021026e+00,9.905480462598759139e-01,9.945698611059835548e-01,9.999439045468088150e-01
3.698281797802649873e+00,9.906864563503727794e-01,9.946496956835682024e-01,9.999447336595664870e-01
3.738235579502040107e+00,9.908222213044440840e-01,9.947279953316570111e-01,9.999455467035553990e-01
3.778620995338404676e+00,9.909554070545668614e-01,9.948047986042432012e-01,9.999463440864974073e-01
3.819442708400449860e+00,9.910860775621879171e-01,9.948801428912558142e-01,9.999471262036428998e-01
3.860705432153809902e+00,9.912142948833987388e-01,9.949540644578942494e-01,9.999478934381994533e-01
3.902413930985232593e+00,9.913401192322510713e-01,9.950265984825219512e-01,9.999486461617451694e-01
3.944573020752778270e+00,9.914636090418088576e-01,9.950977790931736511e-01,9.999493847346246911e-01
3.987187569341828830e+00,9.915848210230159276e-01,9.951676394027365591e-01,9.999501095063346723e-01
4.030262497227166563e+00,9.917038102214671413e-01,9.952362115428498024e-01,9.999508208158894851e-01
4.073802778041118344e+00,9.918206300721620350e-01,9.953035266965767347e-01,9.999515189921779346e-01
4.117813439147832710e+00,9.919353324523141335e-01,9.953696151298980777e-01,9.999522043543037642e-01
4.162299562223765292e+00,9.920479677322930900e-01,9.954345062220674167e-01,9.999528772119152809e-01
4.207266283844427690e+00,9.921585848247681527e-01,9.954982284948792337e-01,9.999535378655218798e-01
4.252718796077487262e+00,9.922672312321197952e-01,9.955608096408854468e-01,9.999541866068002438e-01
4.298662347082260915e+00,9.923739530921862340e-01,9.956222765506039796e-01,9.999548237188873312e-01
4.345102241715697922e+00,9.924787952224066734e-01,9.956826553387595480e-01,9.999554494766651480e-01
4.392043842144899735e+00,9.925818011624190085e-01,9.957419713695888630e-01,9.999560641470325306e-01
4.439492568466276268e+00,9.926830132151749364e-01,9.958002492812504380e-01,9.999566679891701559e-01
4.487453899331315554e+00,9.927824724866187722e-01,9.958575130093718641e-01,9.999572612547926731e-01
4.535933372579267875e+00,9.928802189239939180e-01,9.959137858097641960e-01,9.999578441883941737e-01
4.584936585876504545e+00,9.929762913528190627e-01,9.959690902803419732e-01,9.999584170274846695e-01
4.634469197362870219e+00,9.930707275125871814e-01,9.960234483822698603e-01,9.999589800028166886e-01
4.684536926304997628e+00,9.931635640912345186e-01,9.960768814603730981e-01,9.999595333386046558e-01
4.735145553756677117e+00,9.932548367584229654e-01,9.961294102628339697e-01,9.999600772527373893e-01
4.786300923226369797e+00,9.933445801976820144e-01,9.961810549602035936e-01,9.999606119569811602e-01
4.838008941351921166e+00,9.934328281374479319e-01,9.962318351637545755e-01,9.999611376571770904e-01
4.890275578582572003e+00,9.935196133810451080e-01,9.962817699431978369e-01,9.999616545534312229e-01
4.943106869868335806e+00,9.936049678356458914e-01,9.963308778437874880e-01,9.999621628402973750e-01
4.996508915356815628e+00,9.936889225402437686e-01,9.963791769028380596e-01,9.999626627069544416e-01
5.050487881097581955e+00,9.937715076926806335e-01,9.964266846656736343e-01,9.999631543373768139e-01
5.105049999754057488e+00,9.938527526757586772e-01,9.964734182010306363e-01,9.999636379104992479e-01
5.160201571323274727e+00,9.939326860824700960e-01,9.965193941159348201e-01,9.999641136003759589e-01
5.215948963863236365e+00,9.940113357403789207e-01,9.965646285700718865e-01,9.999645815763339440e-01
5.272298614228216884e+00,9.940887287351825030e-01,9.966091372896683787e-01,9.999650420031215292e-01
5.329257028811992036e+00,9.941648914334829668e-01,9.966529355809026214e-01,9.999654950410514775e-01
5.386830784299095676e+00,9.942398495048004881e-01,9.966960383428634662e-01,9.999659408461386567e-01
5.445026528424197210e+00,9.943136279428462787e-01,9.967384600800690553e-01,9.999663795702341540e-01
5.503850980739676935e+00,9.943862510860945747e-01,9.967802149145675861e-01,9.999668113611546172e-01
5.563310933391500512e+00,9.944577426376652873e-01,9.968213165976304024e-01,9.999672363628056004e-01
5.623413251903470744e+00,9.945281256845521778e-01,9.968617785210535098e-01,9.999676547153025785e-01
5.684164875969949904e+00,9.945974227162137637e-01,9.969016137280819478e-01,9.999680665550874092e-01
5.745572820257153879e+00,9.946656556425516049e-01,9.969408349239714529e-01,9.999684720150404660e-01
5.807644175213114934e+00,9.947328458112966176e-01,9.969794544861968477e-01,9.999688712245892175e-01
5.870386107886300664e+00,9.947990140248254010e-01,9.970174844743253662e-01,9.999692643098131439e-01
5.933805862753271043e+00,9.948641805564260032e-01,9.970549366395602409e-01,9.999696513935446562e-01
5.997910762555083153e+00,9.949283651660308925e-01,9.970918224339713198e-01,9.999700325954680169e-01
6.062708209142829041e+00,9.949915871154384472e-01,9.971281530194230358e-01,9.999704080322138200e-01
6.128205684332284520e+00,9.950538651830397319e-01,9.971639392762063903e-01,9.999707778174499184e-01
6.194410750767798568e+00,9.951152176780651004e-01,9.971991918113918274e-01,9.999711420619709079e-01
6.261331052795507723e+00,9.951756624543715013e-01,9.972339209669061066e-01,9.999715008737835031e-01
6.328974317345991807e+00,9.952352169237851376e-01,9.972681368273491609e-01,9.999718543581889163e-01
6.397348354826458916e+00,9.952938980690114734e-01,9.973018492275538271e-01,9.999722026178634593e-01
6.466461060022573371e+00,9.953517224561325705e-01,9.973350677599036596e-01,9.999725457529362593e-01
6.536320413010021646e+00,9.954087062467016356e-01,9.973678017814110452e-01,9.999728838610633108e-01
6.606934480075954852e+00,9.954648652094524319e-01,9.974000604205696119e-01,9.999732170375006390e-01
6.678311414650267785e+00,9.955202147316327688e-01,9.974318525839839245e-01,9.999735453751749104e-01
6.750459458247166644e+00,9.955747698299777237e-01,9.974631869627877956e-01,9.999738689647499346e-01
6.823386941416685225e+00,9.956285451613348103e-01,9.974940720388566495e-01,9.999741878946940554e-01
6.897102284706591036e+00,9.956815550329501940e-01,9.975245160908208231e-01,9.999745022513417680e-01
6.971613999634659109e+00,9.957338134124312790e-01,9.975545271998875752e-01,9.999748121189574457e-01
7.046930689671452086e+00,9.957853339373934354e-01,9.975841132554791324e-01,9.999751175797926273e-01
7.123061051233719354e+00,9.958361299248034149e-01,9.976132819606886581e-01,9.999754187141457473e-01
7.200013874688522719e+00,9.958862143800293332e-01,9.976420408375672455e-01,9.999757156004163150e-01
7.277798045368216506e+00,9.959356000056054370e-01,9.976703972322418235e-01,9.999760083151598700e-01
7.356422544596386892e+00,9.959842992097250880e-01,9.976983583198723027e-01,9.999762969331401630e-01
7.435896450724879259e+00,9.960323241144650730e-01,9.977259311094532901e-01,9.999765815273790048e-01
7.516228940182023699e+00,9.960796865637575603e-01,9.977531224484647021e-01,9.999768621692062265e-01
7.597429288532222103e+00,9.961263981311122562e-01,9.977799390273768276e-01,9.999771389283076406e-01
7.679506871546832869e+00,9.961724701270978644e-01,9.978063873840169462e-01,9.999774118727690064e-01
7.762471166286906588e+00,9.962179136065958396e-01,9.978324739077958361e-01,9.999776810691229922e-01
7.846331752197344578e+00,9.962627393758258787e-01,9.978582048438079388e-01,9.999779465823904756e-01
7.931098312213011425e+00,9.963069579991588043e-01,9.978835862968007397e-01,9.999782084761236201e-01
8.016780633876773976e+00,9.963505798057177287e-01,9.979086242350229119e-01,9.999784668124458431e-01
8.103388610469611564e+00,9.963936148957774908e-01,9.979333244939547765e-01,9.999787216520906741e-01
8.190932242152950238e+00,9.964360731469693588e-01,9.979576927799220787e-01,9.999789730544409450e-01
8.279421637123316913e+00,9.964779642202947763e-01,9.979817346736000738e-01,9.999792210775645396e-01
8.368867012779485748e+00,9.965192975659566965e-01,9.980054556334105875e-01,9.999794657782508089e-01
8.459278696902227779e+00,9.965600824290157256e-01,9.980288609988146042e-01,9.999797072120445440e-01
8.550667128846798803e+00,9.966003278548701827e-01,9.980519559935049356e-01,9.999799454332802817e-01
8.643042860748321843e+00,9.966400426945764002e-01,9.980747457285021884e-01,9.999801804951147233e-01
8.736416558740211613e+00,9.966792356100035999e-01,9.980972352051555863e-01,9.999804124495573765e-01
8.830799004185616141e+00,9.967179150788364472e-01,9.981194293180551957e-01,9.999806413475027522e-01
8.926201094922470602e+00,9.967560893994276139e-01,9.981413328578550015e-01,9.999808672387584529e-01
9.022633846521683765e+00,9.967937666955015708e-01,9.981629505140097169e-01,9.999810901720750378e-01
9.120108393559078763e+00,9.968309549207234888e-01,9.981842868774334354e-01,9.999813101951731120e-01
9.218635990901049126e+00,9.968676618631262532e-01,9.982053464430735712e-01,9.999815273547710825e-01
9.318228015004089926e+00,9.969038951494106904e-01,9.982261336124124140e-01,9.999817416966111372e-01
9.418895965228387013e+00,9.969396622491144555e-01,9.982466526958909681e-01,9.999819532654841137e-01
9.520651465165572702e+00,9.969749704786602384e-01,9.982669079152631797e-01,9.999821621052554788e-01
9.623506263980852182e+00,9.970098270052825118e-01,9.982869034058781121e-01,9.999823682588879770e-01
9.727472237769614338e+00,9.970442388508408138e-01,9.983066432188968387e-01,9.999825717684657223e-01
9.832561390928695744e+00,9.970782128955185675e-01,9.983261313234420564e-01,9.999827726752164025e-01
9.938785857542505653e+00,9.971117558814158732e-01,9.983453716086858609e-01,9.999829710195332622e-01
1.004615790278394094e+01,9.971448744160357203e-01,9.983643678858752368e-01,9.999831668409958629e-01
1.015468992433078910e+01,9.971775749756689455e-01,9.983831238902990401e-01,9.999833601783920667e-01
1.026439445379708637e+01,9.972098639086817151e-01,9.984016432831975818e-01,9.999835510697365759e-01
1.037528415818010608e+01,9.972417474387059722e-01,9.984199296536151458e-01,9.999837395522905847e-01
1.048737184132295575e+01,9.972732316677388464e-01,9.984379865202008819e-01,9.999839256625819850e-01
1.060067044539296077e+01,9.973043225791525801e-01,9.984558173329562969e-01,9.999841094364216865e-01
1.071519305237603525e+01,9.973350260406174117e-01,9.984734254749322302e-01,9.999842909089230458e-01
1.083095288558718217e+01,9.973653478069405276e-01,9.984908142638770912e-01,9.999844701145179648e-01
1.094796331119732358e+01,9.973952935228240779e-01,9.985079869538385777e-01,9.999846470869746540e-01
1.106623783977662434e+01,9.974248687255435897e-01,9.985249467367177667e-01,9.999848218594130644e-01
1.118579012785447269e+01,9.974540788475523279e-01,9.985416967437800162e-01,9.999849944643213195e-01
1.130663397949634330e+01,9.974829292190088292e-01,9.985582400471231246e-01,9.999851649335707027e-01
1.142878334789770634e+01,9.975114250702344920e-01,9.985745796611028569e-01,9.999853332984308674e-01
1.155225233699497878e+01,9.975395715341017766e-01,9.985907185437181699e-01,9.999854995895836041e-01
1.167705520309425893e+01,9.975673736483544607e-01,9.986066595979575800e-01,9.999856638371381612e-01
1.180320635651727557e+01,9.975948363578628353e-01,9.986224056731083376e-01,9.999858260706442348e-01
1.193072036326531205e+01,9.976219645168169503e-01,9.986379595660263009e-01,9.999859863191050691e-01
1.205961194670105563e+01,9.976487628908562444e-01,9.986533240223740560e-01,9.999861446109904461e-01
1.218989598924863316e+01,9.976752361591422202e-01,9.986685017378206242e-01,9.999863009742501196e-01
1.232158753411200358e+01,9.977013889163718341e-01,9.986834953592097497e-01,9.999864554363245839e-01
1.245470178701191521e+01,9.977272256747361512e-01,9.986983074856966569e-01,9.999866080241580635e-01
1.258925411794162841e+01,9.977527508658244892e-01,9.987129406698497247e-01,9.999867587642098377e-01
1.272526006294161327e+01,9.977779688424764926e-01,9.987273974187268477e-01,9.999869076824652314e-01
1.286273532589340363e+01,9.978028838805821366e-01,9.987416801949169365e-01,9.999870548044463847e-01
1.300169578033284701e+01,9.978275001808348810e-01,9.987557914175564378e-01,9.999872001552232437e-01
1.314215747128298517e+01,9.978518218704336418e-01,9.987697334633172108e-01,9.999873437594239967e-01
1.328413661710649407e+01,9.978758530047422415e-01,9.987835086673662044e-01,9.999874856412447333e-01
1.342764961137861768e+01,9.978995975689004538e-01,9.987971193242999313e-01,9.999876258244592142e-01
1.357271302477985664e+01,9.979230594793933040e-01,9.988105676890550733e-01,9.999877643324285303e-01
1.371934360700934619e+01,9.979462425855778474e-01,9.988238559777904424e-01,9.999879011881102064e-01
1.386755828871885221e+01,9.979691506711690918e-01,9.988369863687506234e-01,9.999880364140676381e-01
1.401737418346766262e+01,9.979917874556848423e-01,9.988499610031007503e-01,9.999881700324781963e-01
1.416880858969860135e+01,9.980141565958535743e-01,9.988627819857440748e-01,9.999883020651418875e-01
1.432187899273538889e+01,9.980362616869842274e-01,9.988754513861131112e-01,9.999884325334904567e-01
1.447660306680157127e+01,9.980581062642983614e-01,9.988879712389437948e-01,9.999885614585940496e-01
1.463299867706127877e+01,9.980796938042306721e-01,9.989003435450265478e-01,9.999886888611699831e-01
1.479108388168201316e+01,9.981010277256897600e-01,9.989125702719372502e-01,9.999888147615908496e-01
1.495087693391978867e+01,9.981221113912914777e-01,9.989246533547518903e-01,9.999889391798900684e-01
1.511239628422651649e+01,9.981429481085556388e-01,9.989365946967387888e-01,9.999890621357714338e-01
1.527566058238070568e+01,9.981635411310744166e-01,9.989483961700349468e-01,9.999891836486147767e-01
1.544068867964064040e+01,9.981838936596477696e-01,9.989600596163044077e-01,9.999893037374829596e-01
1.560749963092108317e+01,9.982040088433919989e-01,9.989715868473793003e-01,9.999894224211287597e-01
1.577611269699345087e+01,9.982238897808178857e-01,9.989829796458836730e-01,9.999895397180017520e-01
1.594654734670974960e+01,9.982435395208819617e-01,9.989942397658423401e-01,9.999896556462540831e-01
1.611882325925053649e+01,9.982629610640091355e-01,9.990053689332739628e-01,9.999897702237467989e-01
1.629296032639717495e+01,9.982821573630933365e-01,9.990163688467674774e-01,9.999898834680558402e-01
1.646897865482862855e+01,9.983011313244669616e-01,9.990272411780460882e-01,9.999899953964784816e-01
1.664689856844308125e+01,9.983198858088502270e-01,9.990379875725142744e-01,9.999901060260381058e-01
1.682674061070460780e+01,9.983384236322743188e-01,9.990486096497938062e-01,9.999902153734903099e-01
1.700852554701524966e+01,9.983567475669823388e-01,9.990591090042439948e-01,9.999903234553282338e-01
1.719227436711271650e+01,9.983748603423070467e-01,9.990694872054692866e-01,9.999904302877884454e-01
1.737800828749373494e+01,9.983927646455258431e-01,9.990797457988154218e-01,9.999905358868546035e-01
1.756574875386415968e+01,9.984104631226968785e-01,9.990898863058517154e-01,9.999906402682643414e-01
1.775551744361495210e+01,9.984279583794721802e-01,9.990999102248412367e-01,9.999907434475129309e-01
1.794733626832523044e+01,9.984452529818909072e-01,9.991098190312018845e-01,9.999908454398581670e-01
1.814122737629224957e+01,9.984623494571542857e-01,9.991196141779514761e-01,9.999909462603258081e-01
1.833721315508877936e+01,9.984792502943808934e-01,9.991292970961473952e-01,9.999910459237129068e-01
1.853531623414805907e+01,9.984959579453426270e-01,9.991388691953103640e-01,9.999911444445935826e-01
1.873555948737671528e+01,9.985124748251837934e-01,9.991483318638413325e-01,9.999912418373229084e-01
1.893796603579585991e+01,9.985288033131233254e-01,9.991576864694269311e-01,9.999913381160397963e-01
1.914255925021078752e+01,9.985449457531381245e-01,9.991669343594351549e-01,9.999914332946733264e-01
1.934936275390944616e+01,9.985609044546309709e-01,9.991760768613016097e-01,9.999915273869457444e-01
1.955840042539011492e+01,9.985766816930835565e-01,9.991851152829062110e-01,9.999916204063755698e-01
1.976969640111858695e+01,9.985922797106921989e-01,9.991940509129418890e-01,9.999917123662830365e-01
1.998327507831479721e+01,9.986077007169887887e-01,9.992028850212727464e-01,9.999918032797924239e-01
2.019916111777026302e+01,9.986229468894476380e-01,9.992116188592854442e-01,9.999918931598366090e-01
2.041737944669525717e+01,9.986380203740788941e-01,9.992202536602314833e-01,9.999919820191603970e-01
2.063795526159707450e+01,9.986529232860044125e-01,9.992287906395610486e-01,9.999920698703237409e-01
2.086091403118935972e+01,9.986676577100251917e-01,9.992372309952504139e-01,9.999921567257051835e-01
2.108628149933283780e+01,9.986822257011714887e-01,9.992455759081199096e-01,9.999922425975058538e-01
2.131408368800780551e+01,9.986966292852419436e-01,9.992538265421458954e-01,9.999923274977514653e-01
2.154434690031876798e+01,9.987108704593309350e-01,9.992619840447648505e-01,9.999924114382973128e-01
2.177709772353151152e+01,9.987249511923423917e-01,9.992700495471705802e-01,9.999924944308291597e-01
2.201236303214299284e+01,9.987388734254913913e-01,9.992780241646049832e-01,9.999925764868676792e-01
2.225016999098439641e+01,9.987526390727977654e-01,9.992859089966418251e-01,9.999926576177713411e-01
2.249054605835779341e+01,9.987662500215636063e-01,9.992937051274636273e-01,9.999927378347390761e-01
2.273351898920627434e+01,9.987797081328443349e-01,9.993014136261331171e-01,9.999928171488122741e-01
2.297911683831916818e+01,9.987930152419062235e-01,9.993090355468581265e-01,9.999928955708794476e-01
2.322736796357103017e+01,9.988061731586749259e-01,9.993165719292512739e-01,9.999929731116773413e-01
2.347830102919607498e+01,9.988191836681750146e-01,9.993240237985816510e-01,9.999930497817939301e-01
2.373194500909788118e+01,9.988320485309569730e-01,9.993313921660244015e-01,9.999931255916710837e-01
2.398832919019484322e+01,9.988447694835173030e-01,9.993386780289016391e-01,9.999932005516071198e-01
2.424748317580178281e+01,9.988573482387088642e-01,9.993458823709190364e-01,9.999932746717596910e-01
2.450943688904808937e+01,9.988697864861415532e-01,9.993530061623988603e-01,9.999933479621471166e-01
2.477422057633276964e+01,9.988820858925737678e-01,9.993600503605050145e-01,9.999934204326521581e-01
2.504186481081686466e+01,9.988942481022982101e-01,9.993670159094657501e-01,9.999934920930225735e-01
2.531240049595353625e+01,9.989062747375155871e-01,9.993739037407898262e-01,9.999935629528754477e-01
2.558585886905634865e+01,9.989181673987026500e-01,9.993807147734793395e-01,9.999936330216970815e-01
2.586227150490616467e+01,9.989299276649723502e-01,9.993874499142371137e-01,9.999937023088473209e-01
2.614167031939653540e+01,9.989415570944246703e-01,9.993941100576693159e-01,9.999937708235608902e-01
2.642408757321942403e+01,9.989530572244927908e-01,9.994006960864858513e-01,9.999938385749480574e-01
2.670955587558979971e+01,9.989644295722786005e-01,9.994072088716930979e-01,9.999939055719989645e-01
2.699810818801094570e+01,9.989756756348839861e-01,9.994136492727863086e-01,9.999939718235845154e-01
2.728977782808034291e+01,9.989867968897336858e-01,9.994200181379356840e-01,9.999940373384577086e-01
2.758459847333669046e+01,9.989977947948921466e-01,9.994263163041683384e-01,9.999941021252569673e-01
2.788260416514845375e+01,9.990086707893737206e-01,9.994325445975482669e-01,9.999941661925061398e-01
2.818382931264444835e+01,9.990194262934454228e-01,9.994387038333516493e-01,9.999942295486184962e-01
2.848830869668687527e+01,9.990300627089253593e-01,9.994447948162371587e-01,9.999942922018967284e-01
2.879607747388729067e+01,9.990405814194739387e-01,9.994508183404161583e-01,9.999943541605355035e-01
2.910717118066593656e+01,9.990509837908786439e-01,9.994567751898159047e-01,9.999944154326233514e-01
2.942162573735495812e+01,9.990612711713349192e-01,9.994626661382415289e-01,9.999944760261435528e-01
2.973947745234602991e+01,9.990714448917190627e-01,9.994684919495342434e-01,9.999945359489766927e-01
3.006076302628226671e+01,9.990815062658577883e-01,9.994742533777263294e-01,9.999945952089011048e-01
3.038551955629650081e+01,9.990914565907913492e-01,9.994799511671926817e-01,9.999946538135960905e-01
3.071378454029424176e+01,9.991012971470307757e-01,9.994855860528008007e-01,9.999947117706422528e-01
3.104559588128348935e+01,9.991110291988121173e-01,9.994911587600550096e-01,9.999947690875232720e-01
3.138099189175117942e+01,9.991206539943440212e-01,9.994966700052416719e-01,9.999948257716270161e-01
3.172001129808693065e+01,9.991301727660503174e-01,9.995021204955679694e-01,9.999948818302483167e-01
3.206269324505456098e+01,9.991395867308098255e-01,9.995075109292990145e-01,9.999949372705886352e-01
3.240907730031193523e+01,9.991488970901887257e-01,9.995128419958954069e-01,9.999949920997588393e-01
3.275920345897964125e+01,9.991581050306710399e-01,9.995181143761422415e-01,9.999950463247800903e-01
3.311311214825898475e+01,9.991672117238834527e-01,9.995233287422816693e-01,9.999950999525846207e-01
3.347084423209992110e+01,9.991762183268154685e-01,9.995284857581380189e-01,9.999951529900186209e-01
3.383244101591953523e+01,9.991851259820372366e-01,9.995335860792443627e-01,9.999952054438413507e-01
3.419794425137084914e+01,9.991939358179109387e-01,9.995386303529641969e-01,9.999952573207283590e-01
3.456739614116437309e+01,9.992026489487988439e-01,9.995436192186117896e-01,9.999953086272717062e-01
3.494083934394059554e+01,9.992112664752698103e-01,9.995485533075706419e-01,9.999953593699815180e-01
3.531831697919562885e+01,9.992197894842986816e-01,9.995534332434085067e-01,9.999954095552870958e-01
3.569987263225998930e+01,9.992282190494630179e-01,9.995582596419912980e-01,9.999954591895379163e-01
3.608555035933120081e+01,9.992365562311383842e-01,9.995630331115954448e-01,9.999955082790054073e-01
3.647539469256067690e+01,9.992448020766865335e-01,9.995677542530163606e-01,9.999955568298831698e-01
3.686945064519564141e+01,9.992529576206428121e-01,9.995724236596763568e-01,9.999956048482886439e-01
3.726776371677656385e+01,9.992610238848991244e-01,9.995770419177304467e-01,9.999956523402647734e-01
3.767037989839074896e+01,9.992690018788836781e-01,9.995816096061698186e-01,9.999956993117796733e-01
3.807734567798267733e+01,9.992768925997376206e-01,9.995861272969231992e-01,9.999957457687288498e-01
3.848870804572172943e+01,9.992846970324890110e-01,9.995905955549575506e-01,9.999957917169357557e-01
3.890451449942802498e+01,9.992924161502222402e-01,9.995950149383763250e-01,9.999958371621529007e-01
3.932481305005617145e+01,9.993000509142461185e-01,9.995993859985152774e-01,9.999958821100628503e-01
3.974965222723969305e+01,9.993076022742580777e-01,9.996037092800375001e-01,9.999959265662795582e-01
4.017908108489392305e+01,9.993150711685059306e-01,9.996079853210265709e-01,9.999959705363480333e-01
4.061314920688012364e+01,9.993224585239461888e-01,9.996122146530780350e-01,9.999960140257477814e-01
4.105190671273069114e+01,9.993297652564009370e-01,9.996163978013899998e-01,9.999960570398904736e-01
4.149540426343618549e+01,9.993369922707098230e-01,9.996205352848495096e-01,9.999960995841240541e-01
4.194369306729486624e+01,9.993441404608821577e-01,9.996246276161216970e-01,9.999961416637311862e-01
4.239682488582545972e+01,9.993512107102440201e-01,9.996286753017338267e-01,9.999961832839315834e-01
4.285485203974380397e+01,9.993582038915843624e-01,9.996326788421594500e-01,9.999962244498822317e-01
4.331782741500398970e+01,9.993651208672976738e-01,9.996366387319004509e-01,9.999962651666786106e-01
4.378580446890486400e+01,9.993719624895258669e-01,9.996405554595689802e-01,9.999963054393554707e-01
4.425883723626262167e+01,9.993787296002950571e-01,9.996444295079661702e-01,9.999963452728870550e-01
4.473698033564924259e+01,9.993854230316524534e-01,9.996482613541618489e-01,9.999963846721888761e-01
4.522028897569999373e+01,9.993920436058004730e-01,9.996520514695699244e-01,9.999964236421179375e-01
4.570881896148743095e+01,9.993985921352279700e-01,9.996558003200257669e-01,9.999964621874734005e-01
4.620262670096506241e+01,9.994050694228394649e-01,9.996595083658593728e-01,9.999965003129978047e-01
4.670176921148051008e+01,9.994114762620829318e-01,9.996631760619698603e-01,9.999965380233772905e-01
4.720630412635893691e+01,9.994178134370748090e-01,9.996668038578970794e-01,9.999965753232434862e-01
4.771628970155772009e+01,9.994240817227232343e-01,9.996703921978923324e-01,9.999966122171722871e-01
4.823178482239291753e+01,9.994302818848490588e-01,9.996739415209883184e-01,9.999966487096867418e-01
4.875284901033847262e+01,9.994364146803059734e-01,9.996774522610686331e-01,9.999966848052558310e-01
4.927954242989879674e+01,9.994424808570965268e-01,9.996809248469339382e-01,9.999967205082966881e-01
4.981192589555570294e+01,9.994484811544889213e-01,9.996843597023694628e-01,9.999967558231744880e-01
5.035006087879026637e+01,9.994544163031303663e-01,9.996877572462102846e-01,9.999967907542031131e-01
5.089400951518085492e+01,9.994602870251578786e-01,9.996911178924055008e-01,9.999968253056464862e-01
5.144383461157680415e+01,9.994660940343105260e-01,9.996944420500816220e-01,9.999968594817181256e-01
5.199959965335152390e+01,9.994718380360357868e-01,9.996977301236054103e-01,9.999968932865829219e-01
5.256136881173207342e+01,9.994775197275975742e-01,9.997009825126446092e-01,9.999969267243570270e-01
5.312920695120885028e+01,9.994831397981802645e-01,9.997041996122293384e-01,9.999969597991088532e-01
5.370317963702515129e+01,9.994886989289933910e-01,9.997073818128110467e-01,9.999969925148592953e-01
5.428335314274764301e+01,9.994941977933727850e-01,9.997105295003204661e-01,9.999970248755832847e-01
5.486979445791860854e+01,9.994996370568808297e-01,9.997136430562272302e-01,9.999970568852089015e-01
5.546257129579090162e+01,9.995050173774049362e-01,9.997167228575943865e-01,9.999970885476187066e-01
5.606175210114637508e+01,9.995103394052563539e-01,9.997197692771363497e-01,9.999971198666514072e-01
5.666740605819891385e+01,9.995156037832635398e-01,9.997227826832735254e-01,9.999971508461006353e-01
5.727960309858269028e+01,9.995208111468687484e-01,9.997257634401849336e-01,9.999971814897160582e-01
5.789841390942686417e+01,9.995259621242200687e-01,9.997287119078646089e-01,9.999972118012047106e-01
5.852390994151760140e+01,9.995310573362626849e-01,9.997316284421717825e-01,9.999972417842309946e-01
5.915616341754731877e+01,9.995360973968293594e-01,9.997345133948839502e-01,9.999972714424164577e-01
5.979524734045509859e+01,9.995410829127296948e-01,9.997373671137481654e-01,9.999973007793421242e-01
6.044123550185508975e+01,9.995460144838372862e-01,9.997401899425304439e-01,9.999973297985468301e-01
6.109420249055707330e+01,9.995508927031760971e-01,9.997429822210662786e-01,9.999973585035301094e-01
6.175422370117881599e+01,9.995557181570050576e-01,9.997457442853094900e-01,9.999973868977500846e-01
6.242137534285149059e+01,9.995604914249028861e-01,9.997484764673794100e-01,9.999974149846266869e-01
6.309573444801913666e+01,9.995652130798492463e-01,9.997511790956100652e-01,9.999974427675397681e-01
6.377737888133318478e+01,9.995698836883076810e-01,9.997538524945952521e-01,9.999974702498308776e-01
6.446638734864308162e+01,9.995745038103047708e-01,9.997564969852358319e-01,9.999974974348040391e-01
6.516283940608401792e+01,9.995790739995084051e-01,9.997591128847848063e-01,9.999975243257248625e-01
6.586681546926287467e+01,9.995835948033082730e-01,9.997617005068919482e-01,9.999975509258222095e-01
6.657839682254358138e+01,9.995880667628899152e-01,9.997642601616479885e-01,9.999975772382883044e-01
6.729766562843170163e+01,9.995924904133118849e-01,9.997667921556282478e-01,9.999976032662789560e-01
6.802470493706266552e+01,9.995968662835806873e-01,9.997692967919364904e-01,9.999976290129141132e-01
6.875959869579020278e+01,9.996011948967229443e-01,9.997717743702451143e-01,9.999976544812783086e-01
6.950243175887953839e+01,9.996054767698593357e-01,9.997742251868387831e-01,9.999976796744216578e-01
7.025328989730505214e+01,9.996097124142755419e-01,9.997766495346545046e-01,9.999977045953594157e-01
7.101225980865378062e+01,9.996139023354929654e-01,9.997790477033230427e-01,9.999977292470721979e-01
7.177942912713596968e+01,9.996180470333376755e-01,9.997814199792081080e-01,9.999977536325078686e-01
7.255488643370368607e+01,9.996221470020100197e-01,9.997837666454457706e-01,9.999977777545805413e-01
7.333872126627881016e+01,9.996262027301521247e-01,9.997860879819846502e-01,9.999978016161715777e-01
7.413102413009147540e+01,9.996302147009133998e-01,9.997883842656221098e-01,9.999978252201296991e-01
7.493188650813030449e+01,9.996341833920182607e-01,9.997906557700443342e-01,9.999978485692716523e-01
7.574140087170532354e+01,9.996381092758293008e-01,9.997929027658618573e-01,9.999978716663827649e-01
7.655966069112555772e+01,9.996419928194122395e-01,9.997951255206474208e-01,9.999978945142166120e-01
7.738676044649034225e+01,9.996458344845990940e-01,9.997973242989719456e-01,9.999979171154959046e-01
7.822279563860014662e+01,9.996496347280502404e-01,9.997994993624401694e-01,9.999979394729129334e-01
7.906786279998236466e+01,9.996533940013161423e-01,9.998016509697265075e-01,9.999979615891300133e-01
7.992205950603781162e+01,9.996571127508969701e-01,9.998037793766091363e-01,9.999979834667789280e-01
8.078548438630711814e+01,9.996607914183046617e-01,9.998058848360049655e-01,9.999980051084627064e-01
8.165823713585902510e+01,9.996644304401192116e-01,9.998079675980033887e-01,9.999980265167545124e-01
8.254041852680160218e+01,9.996680302480489555e-01,9.998100279098993681e-01,9.999980476941996432e-01
8.343213041991789680e+01,9.996715912689874139e-01,9.998120660162274076e-01,9.999980686433141974e-01
8.433347577642724957e+01,9.996751139250693585e-01,9.998140821587933047e-01,9.999980893665859627e-01
8.524455866987364061e+01,9.996785986337279883e-01,9.998160765767061253e-01,9.999981098664761925e-01
8.616548429814258725e+01,9.996820458077492200e-01,9.998180495064106221e-01,9.999981301454168303e-01
8.709635899560768735e+01,9.996854558553266434e-01,9.998200011817186539e-01,9.999981502058147287e-01
8.803729024540886883e+01,9.996888291801148130e-01,9.998219318338390504e-01,9.999981700500482074e-01
8.898838669186159223e+01,9.996921661812827598e-01,9.998238416914092541e-01,9.999981896804699399e-01
8.994975815300337274e+01,9.996954672535666164e-01,9.998257309805242965e-01,9.999982090994062878e-01
9.092151563327254848e+01,9.996987327873210205e-01,9.998275999247678847e-01,9.999982283091579660e-01
9.190377133632573248e+01,9.997019631685694074e-01,9.998294487452401569e-01,9.999982473119994886e-01
9.289663867799340835e+01,9.997051587790560800e-01,9.998312776605879915e-01,9.999982661101802783e-01
9.390023229937534666e+01,9.997083199962941702e-01,9.998330868870326515e-01,9.999982847059256663e-01
9.491466808007771760e+01,9.997114471936162650e-01,9.998348766383984287e-01,9.999983031014347823e-01
9.594006315159299447e+01,9.997145407402219242e-01,9.998366471261403987e-01,9.999983212988837744e-01
9.697653591082458036e+01,9.997176010012257530e-01,9.998383985593716217e-01,9.999983393004233667e-01
9.802420603375742303e+01,9.997206283377042535e-01,9.998401311448908979e-01,9.999983571081814127e-01
9.908319448927635165e+01,9.997236231067434531e-01,9.998418450872088581e-01,9.999983747242621179e-01
1.001536235531341106e+02,9.997265856614844237e-01,9.998435405885747196e-01,9.999983921507459295e-01
1.012356168220684367e+02,9.997295163511680238e-01,9.998452178490027098e-01,9.999984093896904236e-01
1.023292992280752713e+02,9.997324155211814167e-01,9.998468770662970462e-01,9.999984264431305281e-01
1.034347970528324936e+02,9.997352835131007032e-01,9.998485184360780265e-01,9.999984433130788553e-01
1.045522379422814936e+02,9.997381206647353302e-01,9.998501421518068977e-01,9.999984600015254799e-01
1.056817509213656052e+02,9.997409273101722782e-01,9.998517484048111692e-01,9.999984765104383833e-01
1.068234664089280557e+02,9.997437037798169168e-01,9.998533373843079275e-01,9.999984928417645635e-01
1.079775162327706539e+02,9.997464504004366370e-01,9.998549092774295932e-01,9.999985089974281482e-01
1.091440336448753072e+02,9.997491674952015961e-01,9.998564642692462368e-01,9.999985249793336139e-01
1.103231533367898578e+02,9.997518553837267952e-01,9.998580025427907803e-01,9.999985407893635658e-01
1.115150114551802432e+02,9.997545143821110480e-01,9.998595242790806470e-01,9.999985564293799589e-01
1.127197456175505863e+02,9.997571448029790586e-01,9.998610296571424083e-01,9.999985719012242091e-01
1.139374949281332050e+02,9.997597469555192795e-01,9.998625188540325448e-01,9.999985872067176373e-01
1.151683999939506009e+02,9.997623211455241021e-01,9.998639920448625373e-01,9.999986023476613584e-01
1.164126029410489878e+02,9.997648676754282704e-01,9.998654494028179629e-01,9.999986173258370581e-01
1.176702474309112603e+02,9.997673868443467393e-01,9.998668910991835856e-01,9.999986321430064384e-01
1.189414786770432357e+02,9.997698789481122006e-01,9.998683173033618976e-01,9.999986468009113283e-01
1.202264434617410416e+02,9.997723442793130522e-01,9.998697281828969885e-01,9.999986613012759040e-01
1.215252901530392791e+02,9.997747831273298136e-01,9.998711239034941967e-01,9.999986756458040249e-01
1.228381687218423508e+02,9.997771957783712082e-01,9.998725046290410923e-01,9.999986898361813425e-01
1.241652307592407425e+02,9.997795825155102456e-01,9.998738705216290157e-01,9.999987038740749679e-01
1.255066294940144473e+02,9.997819436187194153e-01,9.998752217415723953e-01,9.999987177611340261e-01
1.268625198103255229e+02,9.997842793649063253e-01,9.998765584474288426e-01,9.999987314989892129e-01
1.282330582656016702e+02,9.997865900279478968e-01,9.998778807960200243e-01,9.999987450892531271e-01
1.296184031086131085e+02,9.997888758787242258e-01,9.998791889424503143e-01,9.999987585335212703e-01
1.310187142977448218e+02,9.997911371851527784e-01,9.998804830401260002e-01,9.999987718333713804e-01
1.324341535194663209e+02,9.997933742122220302e-01,9.998817632407758227e-01,9.999987849903636539e-01
1.338648842069991360e+02,9.997955872220231077e-01,9.998830296944679619e-01,9.999987980060417447e-01
1.353110715591901965e+02,9.997977764737844275e-01,9.998842825496301323e-01,9.999988108819322097e-01
1.367728825595846445e+02,9.997999422239018941e-01,9.998855219530680127e-01,9.999988236195445079e-01
1.382504859957070096e+02,9.998020847259716515e-01,9.998867480499823435e-01,9.999988362203721115e-01
1.397440524785502021e+02,9.998042042308217248e-01,9.998879609839879112e-01,9.999988486858919501e-01
1.412537544622750261e+02,9.998063009865425510e-01,9.998891608971312017e-01,9.999988610175647441e-01
1.427797662641226282e+02,9.998083752385173995e-01,9.998903479299081631e-01,9.999988732168355599e-01
1.443222640845418709e+02,9.998104272294532358e-01,9.998915222212805265e-01,9.999988852851334764e-01
1.458814260275343031e+02,9.998124571994109200e-01,9.998926839086949014e-01,9.999988972238714746e-01
1.474574321212189147e+02,9.998144653858338504e-01,9.998938331280976533e-01,9.999989090344478804e-01
1.490504643386189798e+02,9.998164520235778285e-01,9.998949700139533325e-01,9.999989207182454765e-01
1.506607066186740553e+02,9.998184173449395917e-01,9.998960946992595522e-01,9.999989322766320576e-01
1.522883448874763133e+02,9.998203615796863453e-01,9.998972073155658613e-01,9.999989437109602086e-01
1.539335670797416071e+02,9.998222849550826297e-01,9.998983079929872897e-01,9.999989550225677482e-01
1.555965631605071735e+02,9.998241876959187424e-01,9.998993968602217786e-01,9.999989662127787282e-01
1.572775251470664273e+02,9.998260700245386046e-01,9.999004740445658346e-01,9.999989772829014356e-01
1.589766471311401688e+02,9.998279321608669612e-01,9.999015396719302951e-01,9.999989882342310565e-01
1.606941253012873005e+02,9.998297743224356937e-01,9.999025938668545388e-01,9.999989990680480112e-01
1.624301579655577257e+02,9.998315967244110203e-01,9.999036367525238056e-01,9.999990097856189530e-01
1.641849455743898147e+02,9.998333995796195861e-01,9.999046684507822969e-01,9.999990203881972128e-01
1.659586907437554828e+02,9.998351830985744426e-01,9.999056890821494958e-01,9.999990308770214664e-01
1.677515982785550932e+02,9.998369474895005826e-01,9.999066987658340455e-01,9.999990412533176221e-01
1.695638751962652293e+02,9.998386929583608085e-01,9.999076976197485145e-01,9.999990515182983764e-01
1.713957307508418069e+02,9.998404197088803791e-01,9.999086857605241629e-01,9.999990616731626591e-01
1.732473764568822503e+02,9.998421279425715458e-01,9.999096633035245985e-01,9.999990717190970768e-01
1.751190261140454822e+02,9.998438178587587544e-01,9.999106303628603198e-01,9.999990816572745800e-01
1.770108958317418342e+02,9.998454896546028481e-01,9.999115870514018178e-01,9.999990914888557958e-01
1.789232040540836124e+02,9.998471435251241601e-01,9.999125334807951182e-01,9.999991012149888059e-01
1.808561715851083420e+02,9.998487796632268276e-01,9.999134697614721068e-01,9.999991108368088133e-01
1.828100216142738361e+02,9.998503982597225503e-01,9.999143960026679601e-01,9.999991203554392527e-01
1.847849797422285860e+02,9.998519995033526842e-01,9.999153123124310261e-01,9.999991297719909022e-01
1.867812740068608264e+02,9.998535835808119998e-01,9.999162187976378124e-01,9.999991390875626607e-01
1.887991349096287195e+02,9.998551506767711095e-01,9.999171155640055320e-01,9.999991483032417694e-01
1.908387954421751829e+02,9.998567009738980049e-01,9.999180027161045370e-01,9.999991574201028133e-01
1.929004911132302027e+02,9.998582346528814835e-01,9.999188803573708650e-01,9.999991664392094970e-01
1.949844599758037305e+02,9.998597518924520200e-01,9.999197485901198945e-01,9.999991753616139789e-01
1.970909426546724603e+02,9.998612528694037493e-01,9.999206075155575579e-01,9.999991841883568711e-01
1.992201823741641249e+02,9.998627377586152276e-01,9.999214572337926654e-01,9.999991929204667951e-01
2.013724249862385420e+02,9.998642067330711924e-01,9.999222978438498943e-01,9.999992015589627137e-01
2.035479189988790552e+02,9.998656599638835463e-01,9.999231294436804474e-01,9.999992101048510440e-01
2.057469156047835384e+02,9.998670976203110072e-01,9.999239521301751532e-01,9.999992185591279892e-01
2.079696687103690920e+02,9.998685198697802035e-01,9.999247659991749027e-01,9.999992269227793162e-01
2.102164349650892063e+02,9.998699268779058791e-01,9.999255711454833051e-01,9.999992351967794679e-01
2.124874737910676572e+02,9.998713188085103232e-01,9.999263676628772357e-01,9.999992433820922288e-01
2.147830474130527136e+02,9.998726958236436868e-01,9.999271556441191589e-01,9.999992514796717247e-01
2.171034208886947283e+02,9.998740580836026348e-01,9.999279351809665650e-01,9.999992594904613119e-01
2.194488621391509469e+02,9.998754057469502188e-01,9.999287063641848494e-01,9.999992674153939110e-01
2.218196419800210322e+02,9.998767389705349729e-01,9.999294692835575260e-01,9.999992752553924502e-01
2.242160341526165155e+02,9.998780579095092325e-01,9.999302240278962195e-01,9.999992830113701991e-01
2.266383153555692616e+02,9.998793627173478971e-01,9.999309706850526558e-01,9.999992906842303242e-01
2.290867652767770153e+02,9.998806535458668598e-01,9.999317093419280988e-01,9.999992982748658887e-01
2.315616666257023724e+02,9.998819305452414374e-01,9.999324400844838978e-01,9.999993057841610744e-01
2.340633051660124124e+02,9.998831938640239114e-01,9.999331629977534774e-01,9.999993132129899598e-01
2.365919697485753375e+02,9.998844436491617360e-01,9.999338781658498876e-01,9.999993205622168535e-01
2.391479523448122393e+02,9.998856800460144134e-01,9.999345856719771275e-01,9.999993278326976265e-01
2.417315480804097376e+02,9.998869031983719236e-01,9.999352855984409150e-01,9.999993350252781577e-01
2.443430552693964728e+02,9.998881132484709333e-01,9.999359780266571240e-01,9.999993421407952221e-01
2.469827754485877733e+02,9.998893103370121160e-01,9.999366630371621101e-01,9.999993491800772683e-01
2.496510134124025910e+02,9.998904946031768048e-01,9.999373407096227018e-01,9.999993561439427525e-01
2.523480772480565122e+02,9.998916661846440901e-01,9.999380111228449719e-01,9.999993630332019157e-01
2.550742783711348523e+02,9.998928252176070286e-01,9.999386743547841183e-01,9.999993698486563387e-01
2.578299315615501541e+02,9.998939718367881868e-01,9.999393304825539008e-01,9.999993765910987209e-01
2.606153549998892913e+02,9.998951061754569603e-01,9.999399795824351900e-01,9.999993832613129907e-01
2.634308703041479589e+02,9.998962283654440064e-01,9.999406217298855148e-01,9.999993898600749720e-01
2.662768025668721634e+02,9.998973385371580092e-01,9.999412569995486111e-01,9.999993963881521619e-01
2.691534803926910513e+02,9.998984368196008887e-01,9.999418854652619704e-01,9.999994028463030649e-01
2.720612359362600046e+02,9.998995233403829008e-01,9.999425072000666104e-01,9.999994092352790798e-01
2.750004049406127820e+02,9.999005982257384018e-01,9.999431222762156235e-01,9.999994155558225017e-01
2.779713267759281052e+02,9.999016616005401703e-01,9.999437307651826146e-01,9.999994218086685205e-01
2.809743444787148405e+02,9.999027135883143957e-01,9.999443327376703605e-01,9.999994279945434439e-01
2.840098047914205495e+02,9.999037543112558879e-01,9.999449282636189151e-01,9.999994341141664744e-01
2.870780582024680712e+02,9.999047838902417329e-01,9.999455174122141576e-01,9.999994401682487100e-01
2.901794589867244554e+02,9.999058024448463922e-01,9.999461002518964525e-01,9.999994461574935878e-01
2.933143652464073057e+02,9.999068100933554692e-01,9.999466768503674219e-01,9.999994520825973288e-01
2.964831389524339897e+02,9.999078069527800317e-01,9.999472472745993823e-01,9.999994579442481601e-01
2.996861459862121251e+02,9.999087931388698225e-01,9.999478115908424503e-01,9.999994637431272038e-01
3.029237561818924291e+02,9.999097687661280265e-01,9.999483698646336460e-01,9.999994694799079209e-01
3.061963433690672218e+02,9.999107339478235934e-01,9.999489221608025558e-01,9.999994751552566674e-01
3.095042854159355556e+02,9.999116887960061151e-01,9.999494685434809904e-01,9.999994807698326937e-01
3.128479642729337797e+02,9.999126334215175937e-01,9.999500090761088700e-01,9.999994863242883669e-01
3.162277660168371085e+02,9.999135679340065419e-01,9.999505438214439934e-01,9.999994918192686155e-01
3.196440808953381065e+02,9.999144924419408609e-01,9.999510728415665906e-01,9.999994972554115957e-01
3.230973033721062393e+02,9.999154070526200533e-01,9.999515961978897582e-01,9.999995026333482473e-01
3.265878321723346858e+02,9.999163118721886567e-01,9.999521139511640122e-01,9.999995079537031817e-01
3.301160703287789602e+02,9.999172070056481232e-01,9.999526261614861689e-01,9.999995132170946821e-01
3.336824252282928569e+02,9.999180925568699196e-01,9.999531328883055625e-01,9.999995184241329271e-01
3.372873086588674596e+02,9.999189686286075185e-01,9.999536341904321501e-01,9.999995235754228773e-01
3.409311368571790126e+02,9.999198353225077218e-01,9.999541301260418402e-01,9.999995286715624987e-01
3.446143305566450863e+02,9.999206927391244282e-01,9.999546207526850417e-01,9.999995337131433182e-01
3.483373150360112618e+02,9.999215409779285135e-01,9.999551061272921038e-01,9.999995387007505343e-01
3.521005201684512826e+02,9.999223801373212650e-01,9.999555863061808658e-01,9.999995436349627953e-01
3.559043804712033534e+02,9.999232103146445949e-01,9.999560613450630964e-01,9.999995485163528652e-01
3.597493351557414485e+02,9.999240316061940304e-01,9.999565312990512655e-01,9.999995533454872909e-01
3.636358281784887367e+02,9.999248441072279281e-01,9.999569962226640962e-01,9.999995581229264019e-01
3.675643082920789197e+02,9.999256479119812413e-01,9.999574561698345576e-01,9.999995628492244215e-01
3.715352290971713387e+02,9.999264431136749565e-01,9.999579111939148612e-01,9.999995675249296889e-01
3.755490490948257047e+02,9.999272298045268625e-01,9.999583613476833444e-01,9.999995721505849922e-01
3.796062317394427623e+02,9.999280080757635414e-01,9.999588066833509092e-01,9.999995767267267910e-01
3.837072454922771954e+02,9.999287780176308038e-01,9.999592472525663522e-01,9.999995812538857720e-01
3.878525638755278919e+02,9.999295397194037927e-01,9.999596831064236913e-01,9.999995857325872928e-01
3.920426655270148331e+02,9.999302932693976409e-01,9.999601142954666066e-01,9.999995901633507156e-01
3.962780342554389108e+02,9.999310387549785739e-01,9.999605408696961018e-01,9.999995945466900737e-01
4.005591590962534951e+02,9.999317762625730133e-01,9.999609628785748328e-01,9.999995988831139604e-01
4.048865343681248419e+02,9.999325058776784569e-01,9.999613803710342141e-01,9.999996031731247514e-01
4.092606597300099338e+02,9.999332276848738044e-01,9.999617933954794147e-01,9.999996074172204930e-01
4.136820402388496518e+02,9.999339417678285713e-01,9.999622019997947975e-01,9.999996116158926807e-01
4.181511864078846088e+02,9.999346482093131039e-01,9.999626062313506925e-01,9.999996157696290355e-01
4.226686142656016614e+02,9.999353470912085706e-01,9.999630061370077261e-01,9.999996198789107282e-01
4.272348454153170110e+02,9.999360384945158442e-01,9.999634017631231497e-01,9.999996239442140444e-01
4.318504070954026588e+02,9.999367224993659375e-01,9.999637931555560577e-01,9.999996279660106069e-01
4.365158322401642863e+02,9.999373991850283305e-01,9.999641803596722722e-01,9.999996319447667092e-01
4.412316595413757341e+02,9.999380686299211840e-01,9.999645634203505606e-01,9.999996358809433161e-01
4.459984335104810498e+02,9.999387309116204436e-01,9.999649423819874094e-01,9.999996397749969512e-01
4.508167045414596146e+02,9.999393861068682776e-01,9.999653172885022423e-01,9.999996436273790312e-01
4.556870289743867488e+02,9.999400342915829576e-01,9.999656881833425270e-01,9.999996474385358658e-01
4.606099691596651837e+02,9.999406755408668523e-01,9.999660551094889938e-01,9.999996512089093237e-01
4.655860935229579809e+02,9.999413099290164197e-01,9.999664181094608528e-01,9.999996549389364997e-01
4.706159766308219332e+02,9.999419375295292012e-01,9.999667772253202358e-01,9.999996586290496037e-01
4.757001992570493485e+02,9.999425584151145907e-01,9.999671324986777465e-01,9.999996622796764045e-01
4.808393484497271402e+02,9.999431726577000523e-01,9.999674839706971241e-01,9.999996658912397862e-01
4.860340175990202169e+02,9.999437803284420001e-01,9.999678316820997948e-01,9.999996694641583028e-01
4.912848065056867313e+02,9.999443814977314604e-01,9.999681756731700899e-01,9.999996729988460675e-01
4.965923214503342251e+02,9.999449762352049520e-01,9.999685159837595760e-01,9.999996764957125306e-01
5.019571752634234940e+02,9.999455646097505923e-01,9.999688526532921617e-01,9.999996799551629234e-01
5.073799873960287528e+02,9.999461466895169792e-01,9.999691857207679835e-01,9.999996833775983696e-01
5.128613839913642778e+02,9.999467225419217398e-01,9.999695152247688457e-01,9.999996867634149966e-01
5.184019979570747410e+02,9.999472922336583025e-01,9.999698412034619954e-01,9.999996901130049354e-01
5.240024690383241932e+02,9.999478558307044462e-01,9.999701636946056738e-01,9.999996934267565418e-01
5.296634438916568115e+02,9.999484133983297385e-01,9.999704827355517800e-01,9.999996967050537311e-01
5.353855761596652201e+02,9.999489650011030850e-01,9.999707983632516450e-01,9.999996999482761995e-01
5.411695265464624072e+02,9.999495107029010565e-01,9.999711106142606942e-01,9.999997031567995354e-01
5.470159628939701406e+02,9.999500505669139949e-01,9.999714195247407789e-01,9.999997063309954415e-01
5.529255602590310446e+02,9.999505846556542288e-01,9.999717251304666155e-01,9.999997094712315127e-01
5.588990009913538870e+02,9.999511130309640672e-01,9.999720274668280062e-01,9.999997125778715690e-01
5.649369748123004911e+02,9.999516357540213507e-01,9.999723265688361673e-01,9.999997156512753227e-01
5.710401788945247290e+02,9.999521528853480001e-01,9.999726224711257272e-01,9.999997186917988223e-01
5.772093179424708751e+02,9.999526644848164558e-01,9.999729152079603889e-01,9.999997216997943417e-01
5.834451042737422313e+02,9.999531706116571161e-01,9.999732048132345952e-01,9.999997246756099356e-01
5.897482579013508257e+02,9.999536713244645547e-01,9.999734913204814113e-01,9.999997276195901064e-01
5.961195066168452286e+02,9.999541666812048479e-01,9.999737747628725248e-01,9.999997305320761365e-01
6.025595860743567300e+02,9.999546567392223473e-01,9.999740551732241300e-01,9.999997334134049787e-01
6.090692398755337535e+02,9.999551415552464517e-01,9.999743325840002584e-01,9.999997362639105880e-01
6.156492196554031580e+02,9.999556211853981580e-01,9.999746070273172194e-01,9.999997390839228117e-01
6.223002851691578599e+02,9.999560956851961668e-01,9.999748785349462654e-01,9.999997418737682775e-01
6.290232043798814630e+02,9.999565651095636554e-01,9.999751471383178103e-01,9.999997446337697271e-01
6.358187535472210357e+02,9.999570295128352715e-01,9.999754128685256482e-01,9.999997473642469048e-01
6.426877173170174729e+02,9.999574889487626850e-01,9.999756757563296183e-01,9.999997500655158911e-01
6.496308888119046969e+02,9.999579434705212488e-01,9.999759358321594904e-01,9.999997527378896578e-01
6.566490697228869067e+02,9.999583931307157725e-01,9.999761931261196279e-01,9.999997553816770690e-01
6.637430704019060386e+02,9.999588379813875161e-01,9.999764476679902092e-01,9.999997579971846573e-01
6.709137099554105816e+02,9.999592780740192977e-01,9.999766994872330006e-01,9.999997605847148474e-01
6.781618163389244955e+02,9.999597134595421544e-01,9.999769486129937990e-01,9.999997631445672885e-01
6.854882264526605695e+02,9.999601441883407826e-01,9.999771950741050963e-01,9.999997656770384102e-01
6.928937862381437753e+02,9.999605703102603105e-01,9.999774388990914087e-01,9.999997681824213114e-01
7.003793507758896340e+02,9.999609918746107384e-01,9.999776801161700535e-01,9.999997706610056492e-01
7.079457843841362319e+02,9.999614089301738229e-01,9.999779187532571445e-01,9.999997731130787493e-01
7.155939607186419380e+02,9.999618215252082942e-01,9.999781548379682583e-01,9.999997755389240517e-01
7.233247628735621220e+02,9.999622297074555188e-01,9.999783883976236520e-01,9.999997779388227759e-01
7.311390834834151065e+02,9.999626335241454944e-01,9.999786194592507060e-01,9.999997803130521445e-01
7.390378248261501994e+02,9.999630330220012908e-01,9.999788480495868104e-01,9.999997826618872709e-01
7.470218989273288344e+02,9.999634282472458224e-01,9.999790741950829176e-01,9.999997849855997156e-01
7.550922276654308689e+02,9.999638192456059560e-01,9.999792979219060962e-01,9.999997872844589297e-01
7.632497428782996849e+02,9.999642060623191719e-01,9.999795192559430834e-01,9.999997895587301455e-01
7.714953864707387083e+02,9.999645887421373391e-01,9.999797382228032827e-01,9.999997918086771520e-01
7.798301105232576447e+02,9.999649673293332652e-01,9.999799548478217615e-01,9.999997940345600744e-01
7.882548774020200426e+02,9.999653418677051375e-01,9.999801691560615824e-01,9.999997962366364845e-01
7.967706598699520555e+02,9.999657124005817410e-01,9.999803811723170233e-01,9.999997984151612895e-01
8.053784411990648096e+02,9.999660789708274544e-01,9.999805909211177957e-01,9.999998005703865100e-01
8.140792152839875371e+02,9.999664416208478013e-01,9.999807984267294891e-01,9.999998027025611691e-01
8.228739867567272768e+02,9.999668003925932247e-01,9.999810037131580120e-01,9.999998048119327354e-01
8.317637711026684428e+02,9.999671553275649716e-01,9.999812068041524782e-01,9.999998068987444588e-01
8.407495947778255641e+02,9.999675064668199775e-01,9.999814077232065390e-01,9.999998089632381459e-01
8.498324953273624942e+02,9.999678538509745307e-01,9.999816064935634907e-01,9.999998110056528278e-01
8.590135215053924185e+02,9.999681975202102668e-01,9.999818031382161632e-01,9.999998130262243157e-01
8.682937333960717297e+02,9.999685375142781663e-01,9.999819976799115828e-01,9.999998150251868667e-01
8.776742025360024400e+02,9.999688738725036607e-01,9.999821901411534153e-01,9.999998170027714073e-01
8.871560120379598402e+02,9.999692066337900753e-01,9.999823805442036306e-01,9.999998189592066433e-01
8.967402567159414275e+02,9.999695358366246234e-01,9.999825689110861671e-01,9.999998208947192824e-01
9.064280432115978101e+02,9.999698615190822926e-01,9.999827552635884853e-01,9.999998228095329234e-01
9.162204901219979547e+02,9.999701837188298414e-01,9.999829396232650103e-01,9.999998247038690558e-01
9.261187281287914175e+02,9.999705024731304626e-01,9.999831220114390185e-01,9.999998265779471707e-01
9.361239001287616475e+02,9.999708178188484453e-01,9.999833024492056355e-01,9.999998284319834285e-01
9.462371613657903708e+02,9.999711297924531728e-01,9.999834809574339456e-01,9.999998302661927685e-01
9.564596795642472671e+02,9.999714384300234515e-01,9.999836575567692121e-01,9.999998320807872432e-01
9.667926350638210806e+02,9.999717437672513975e-01,9.999838322676356528e-01,9.999998338759765737e-01
9.772372209558070608e+02,9.999720458394470990e-01,9.999840051102387717e-01,9.999998356519685938e-01
9.877946432208668739e+02,9.999723446815421690e-01,9.999841761045678012e-01,9.999998374089685838e-01
9.984661208682766755e+02,9.999726403280945197e-01,9.999843452703972568e-01,9.999998391471798254e-01
1.009252886076683467e+03,9.999729328132914707e-01,9.999845126272906004e-01,9.999998408668032690e-01
1.020156184336363253e+03,9.999732221709545232e-01,9.999846781946014618e-01,9.999998425680379777e-01
1.031177274593053653e+03,9.999735084345430236e-01,9.999848419914760811e-01,9.999998442510804608e-01
1.042317429393302291e+03,9.999737916371576052e-01,9.999850040368556403e-01,9.999998459161254516e-01
1.053577935031404877e+03,9.999740718115448512e-01,9.999851643494785947e-01,9.999998475633657957e-01
1.064960091697927737e+03,9.999743489901004034e-01,9.999853229478825600e-01,9.999998491929914524e-01
1.076465213629832078e+03,9.999746232048729588e-01,9.999854798504070885e-01,9.999998508051912705e-01
1.088094629262223179e+03,9.999748944875683776e-01,9.999856350751944456e-01,9.999998524001516564e-01
1.099849681381737582e+03,9.999751628695527916e-01,9.999857886401933849e-01,9.999998539780566853e-01
1.111731727281587382e+03,9.999754283818562683e-01,9.999859405631600362e-01,9.999998555390892108e-01
1.123742138918279124e+03,9.999756910551768074e-01,9.999860908616610145e-01,9.999998570834297551e-01
1.135882303070027547e+03,9.999759509198838936e-01,9.999862395530737524e-01,9.999998586112566201e-01
1.148153621496877804e+03,9.999762080060217162e-01,9.999863866545906088e-01,9.999998601227466644e-01
1.160557511102564831e+03,9.999764623433126109e-01,9.999865321832193121e-01,9.999998616180747479e-01
1.173095404098098470e+03,9.999767139611607236e-01,9.999866761557855144e-01,9.999998630974136216e-01
1.185768748167158037e+03,9.999769628886557848e-01,9.999868185889352334e-01,9.999998645609342596e-01
1.198579006633232439e+03,9.999772091545756636e-01,9.999869594991354083e-01,9.999998660088058600e-01
1.211527658628585868e+03,9.999774527873899199e-01,9.999870989026771184e-01,9.999998674411959554e-01
1.224616199265045680e+03,9.999776938152640238e-01,9.999872368156773605e-01,9.999998688582704132e-01
1.237846139806635392e+03,9.999779322660613534e-01,9.999873732540800475e-01,9.999998702601924361e-01
1.251219007844071712e+03,9.999781681673475253e-01,9.999875082336583398e-01,9.999998716471248938e-01
1.264736347471147155e+03,9.999784015463923925e-01,9.999876417700169773e-01,9.999998730192273255e-01
1.278399719463018982e+03,9.999786324301742635e-01,9.999877738785933889e-01,9.999998743766590481e-01
1.292210701456423294e+03,9.999788608453825667e-01,9.999879045746599138e-01,9.999998757195766030e-01
1.306170888131835909e+03,9.999790868184214032e-01,9.999880338733250218e-01,9.999998770481353105e-01
1.320281891397602521e+03,9.999793103754113233e-01,9.999881617895355346e-01,9.999998783624889365e-01
1.334545340576060880e+03,9.999795315421943220e-01,9.999882883380788456e-01,9.999998796627892483e-01
1.348962882591651578e+03,9.999797503443351721e-01,9.999884135335833646e-01,9.999998809491865703e-01
1.363536182161108400e+03,9.999799668071250869e-01,9.999885373905211816e-01,9.999998822218295613e-01
1.378266921985654335e+03,9.999801809555846077e-01,9.999886599232093998e-01,9.999998834808655479e-01
1.393156802945299887e+03,9.999803928144667120e-01,9.999887811458120224e-01,9.999998847264399693e-01
1.408207544295233902e+03,9.999806024082589229e-01,9.999889010723412852e-01,9.999998859586968214e-01
1.423420883864337384e+03,9.999808097611873059e-01,9.999890197166590999e-01,9.999998871777784348e-01
1.438798578255840766e+03,9.999810148972178014e-01,9.999891370924801626e-01,9.999998883838261410e-01
1.454342403050150097e+03,9.999812178400606655e-01,9.999892532133709544e-01,9.999998895769788287e-01
1.470054153009862830e+03,9.999814186131721350e-01,9.999893680927538497e-01,9.999998907573746099e-01
1.485935642287000974e+03,9.999816172397570924e-01,9.999894817439067829e-01,9.999998919251500418e-01
1.501988704632480449e+03,9.999818137427725073e-01,9.999895941799662458e-01,9.999998930804399055e-01
1.518215193607850551e+03,9.999820081449294351e-01,9.999897054139272878e-01,9.999998942233777610e-01
1.534616982799292373e+03,9.999822004686957921e-01,9.999898154586467358e-01,9.999998953540961688e-01
1.551195966033985087e+03,9.999823907362992426e-01,9.999899243268435267e-01,9.999998964727252471e-01
1.567954057598754616e+03,9.999825789697295297e-01,9.999900320311001511e-01,9.999998975793944478e-01
1.584893192461110175e+03,9.999827651907411408e-01,9.999901385838648737e-01,9.999998986742318907e-01
1.602015326492666190e+03,9.999829494208554159e-01,9.999902439974521773e-01,9.999998997573638082e-01
1.619322436694975522e+03,9.999831316813639903e-01,9.999903482840458713e-01,9.999999008289159885e-01
1.636816521427803764e+03,9.999833119933301262e-01,9.999904514556980928e-01,9.999999018890113334e-01
1.654499600639868504e+03,9.999834903775918216e-01,9.999905535243328591e-01,9.999999029377731885e-01
1.672373716102073104e+03,9.999836668547642526e-01,9.999906545017459569e-01,9.999999039753223462e-01
1.690440931643257727e+03,9.999838414452416613e-01,9.999907543996076065e-01,9.999999050017788216e-01
1.708703333388499914e+03,9.999840141692007967e-01,9.999908532294626839e-01,9.999999060172614085e-01
1.727163029999987657e+03,9.999841850466015813e-01,9.999909510027328308e-01,9.999999070218872355e-01
1.745822152920501821e+03,9.999843540971908862e-01,9.999910477307168977e-01,9.999999080157724318e-01
1.764682856619497670e+03,9.999845213405043065e-01,9.999911434245934982e-01,9.999999089990320167e-01
1.783747318841906690e+03,9.999846867958682717e-01,9.999912380954211200e-01,9.999999099717795659e-01
1.803017740859565492e+03,9.999848504824022655e-01,9.999913317541404556e-01,9.999999109341275449e-01
1.822496347725389569e+03,9.999850124190218237e-01,9.999914244115749584e-01,9.999999118861868652e-01
1.842185388530289629e+03,9.999851726244390893e-01,9.999915160784316193e-01,9.999999128280678828e-01
1.862087136662862122e+03,9.999853311171670311e-01,9.999916067653037421e-01,9.999999137598795107e-01
1.882203890071884189e+03,9.999854879155197773e-01,9.999916964826708332e-01,9.999999146817289963e-01
1.902537971531646463e+03,9.999856430376159455e-01,9.999917852409002661e-01,9.999999155937232542e-01
1.923091728910151460e+03,9.999857965013805305e-01,9.999918730502490583e-01,9.999999164959675335e-01
1.943867535440208258e+03,9.999859483245456815e-01,9.999919599208635379e-01,9.999999173885663062e-01
1.964867789993459155e+03,9.999860985246548095e-01,9.999920458627821196e-01,9.999999182716222679e-01
1.986094917357369468e+03,9.999862471190636981e-01,9.999921308859355262e-01,9.999999191452380032e-01
2.007551368515178183e+03,9.999863941249420574e-01,9.999922150001485655e-01,9.999999200095139873e-01
2.029239620928940667e+03,9.999865395592756334e-01,9.999922982151406847e-01,9.999999208645505844e-01
2.051162178825561568e+03,9.999866834388689840e-01,9.999923805405273036e-01,9.999999217104460492e-01
2.073321573485950921e+03,9.999868257803466998e-01,9.999924619858209240e-01,9.999999225472984143e-01
2.095720363537296180e+03,9.999869666001556245e-01,9.999925425604330176e-01,9.999999233752044914e-01
2.118361135248496339e+03,9.999871059145665209e-01,9.999926222736731374e-01,9.999999241942597594e-01
2.141246502828781104e+03,9.999872437396758462e-01,9.999927011347518047e-01,9.999999250045589205e-01
2.164379108729563086e+03,9.999873800914086397e-01,9.999927791527816190e-01,9.999999258061955665e-01
2.187761623949545083e+03,9.999875149855188550e-01,9.999928563367767032e-01,9.999999265992626230e-01
2.211396748343126546e+03,9.999876484375921359e-01,9.999929326956554787e-01,9.999999273838513503e-01
2.235287210932142443e+03,9.999877804630473710e-01,9.999930082382402219e-01,9.999999281600524537e-01
2.259435770220967697e+03,9.999879110771385804e-01,9.999930829732597282e-01,9.999999289279557502e-01
2.283845214515036787e+03,9.999880402949568037e-01,9.999931569093486461e-01,9.999999296876497246e-01
2.308518362242758940e+03,9.999881681314313209e-01,9.999932300550496977e-01,9.999999304392226396e-01
2.333458062280999002e+03,9.999882946013313179e-01,9.999933024188142339e-01,9.999999311827607595e-01
2.358667194283987556e+03,9.999884197192694391e-01,9.999933740090030110e-01,9.999999319183505708e-01
2.384148669015828546e+03,9.999885434997003442e-01,9.999934448338870796e-01,9.999999326460764504e-01
2.409905428686588948e+03,9.999886659569251490e-01,9.999935149016497826e-01,9.999999333660228862e-01
2.435940447292020053e+03,9.999887871050917587e-01,9.999935842203859782e-01,9.999999340782731450e-01
2.462256730956949923e+03,9.999889069581963108e-01,9.999936527981049261e-01,9.999999347829091612e-01
2.488857318282382494e+03,9.999890255300858399e-01,9.999937206427294001e-01,9.999999354800128692e-01
2.515745280696351983e+03,9.999891428344591660e-01,9.999937877620977966e-01,9.999999361696640943e-01
2.542923722808560342e+03,9.999892588848682262e-01,9.999938541639646905e-01,9.999999368519432164e-01
2.570395782768853223e+03,9.999893736947199629e-01,9.999939198560019449e-01,9.999999375269285062e-01
2.598164632629563584e+03,9.999894872772786547e-01,9.999939848457984892e-01,9.999999381946982346e-01
2.626233478711782027e+03,9.999895996456660274e-01,9.999940491408627619e-01,9.999999388553296731e-01
2.654605561975535693e+03,9.999897108128634748e-01,9.999941127486231540e-01,9.999999395088986498e-01
2.683284158394060341e+03,9.999898207917138349e-01,9.999941756764277878e-01,9.999999401554813261e-01
2.712272579332022815e+03,9.999899295949226108e-01,9.999942379315468477e-01,9.999999407951519759e-01
2.741574171927876250e+03,9.999900372350593036e-01,9.999942995211725805e-01,9.999999414279845400e-01
2.771192319480335300e+03,9.999901437245586333e-01,9.999943604524200724e-01,9.999999420540524042e-01
2.801130441839028663e+03,9.999902490757229812e-01,9.999944207323286927e-01,9.999999426734276220e-01
2.831391995799370306e+03,9.999903533007227230e-01,9.999944803678620930e-01,9.999999432861816917e-01
2.861980475501696674e+03,9.999904564115982275e-01,9.999945393659098736e-01,9.999999438923856676e-01
2.892899412834717168e+03,9.999905584202606335e-01,9.999945977332878044e-01,9.999999444921092717e-01
2.924152377843323848e+03,9.999906593384944031e-01,9.999946554767382700e-01,9.999999450854221150e-01
2.955742979140802163e+03,9.999907591779579885e-01,9.999947126029327116e-01,9.999999456723925872e-01
2.987674864325511862e+03,9.999908579501840533e-01,9.999947691184699616e-01,9.999999462530886341e-01
3.019951720402012143e+03,9.999909556665831367e-01,9.999948250298786867e-01,9.999999468275769798e-01
3.052577274206843867e+03,9.999910523384434313e-01,9.999948803436184974e-01,9.999999473959243490e-01
3.085555292838805599e+03,9.999911479769320044e-01,9.999949350660786163e-01,9.999999479581961337e-01
3.118889584093930353e+03,9.999912425930964632e-01,9.999949892035805421e-01,9.999999485144576150e-01
3.152583996905152617e+03,9.999913361978675086e-01,9.999950427623787164e-01,9.999999490647727418e-01
3.186642421786722480e+03,9.999914288020569364e-01,9.999950957486598568e-01,9.999999496092053519e-01
3.221068791283425071e+03,9.999915204163626337e-01,9.999951481685450672e-01,9.999999501478179509e-01
3.255867080424647611e+03,9.999916110513672463e-01,9.999952000280892817e-01,9.999999506806733773e-01
3.291041307183356821e+03,9.999917007175402883e-01,9.999952513332838189e-01,9.999999512078324715e-01
3.326595532940032626e+03,9.999917894252396966e-01,9.999953020900548273e-01,9.999999517293567397e-01
3.362533862951613173e+03,9.999918771847123855e-01,9.999953523042657277e-01,9.999999522453060230e-01
3.398860446825508006e+03,9.999919640060953574e-01,9.999954019817165474e-01,9.999999527557399404e-01
3.435579478998742616e+03,9.999920498994180340e-01,9.999954511281464731e-01,9.999999532607178887e-01
3.472695199222219344e+03,9.999921348746017014e-01,9.999954997492324082e-01,9.999999537602977107e-01
3.510211893050332492e+03,9.999922189414621743e-01,9.999955478505903050e-01,9.999999542545373599e-01
3.548133892335747532e+03,9.999923021097100184e-01,9.999955954377769407e-01,9.999999547434937908e-01
3.586465575729592729e+03,9.999923843889517716e-01,9.999956425162891405e-01,9.999999552272236247e-01
3.625211369187034506e+03,9.999924657886921642e-01,9.999956890915648877e-01,9.999999557057827060e-01
3.664375746478322526e+03,9.999925463183327867e-01,9.999957351689843232e-01,9.999999561792262126e-01
3.703963229705350386e+03,9.999926259871760870e-01,9.999957807538698562e-01,9.999999566476088786e-01
3.743978389823798807e+03,9.999927048044243705e-01,9.999958258514870524e-01,9.999999571109849938e-01
3.784425847170919496e+03,9.999927827791813550e-01,9.999958704670451892e-01,9.999999575694078491e-01
3.825310271999020642e+03,9.999928599204540580e-01,9.999959146056974779e-01,9.999999580229306240e-01
3.866636385014716325e+03,9.999929362371525743e-01,9.999959582725426177e-01,9.999999584716053880e-01
3.908408957924002607e+03,9.999930117380920747e-01,9.999960014726243518e-01,9.999999589154842106e-01
3.950632813983232609e+03,9.999930864319932500e-01,9.999960442109327996e-01,9.999999593546182730e-01
3.993312828555977376e+03,9.999931603274837544e-01,9.999960864924043458e-01,9.999999597890584235e-01
4.036453929676042662e+03,9.999932334330988715e-01,9.999961283219229724e-01,9.999999602188546222e-01
4.080061098616425170e+03,9.999933057572828465e-01,9.999961697043199260e-01,9.999999606440566069e-01
4.124139370464489730e+03,9.999933773083889976e-01,9.999962106443757159e-01,9.999999610647134496e-01
4.168693834703342873e+03,9.999934480946818249e-01,9.999962511468185600e-01,9.999999614808740001e-01
4.213729635799487369e+03,9.999935181243377880e-01,9.999962912163270490e-01,9.999999618925861089e-01
4.259251973796827770e+03,9.999935874054450835e-01,9.999963308575295917e-01,9.999999622998971827e-01
4.305266104917091980e+03,9.999936559460058660e-01,9.999963700750040818e-01,9.999999627028546278e-01
4.351777342166736162e+03,9.999937237539370249e-01,9.999964088732814504e-01,9.999999631015048518e-01
4.398791055950415284e+03,9.999937908370698514e-01,9.999964472568420026e-01,9.999999634958937067e-01
4.446312674691067514e+03,9.999938572031532580e-01,9.999964852301195251e-01,9.999999638860670448e-01
4.494347685456728868e+03,9.999939228598521135e-01,9.999965227975002868e-01,9.999999642720697191e-01
4.542901634594025381e+03,9.999939878147501293e-01,9.999965599633232616e-01,9.999999646539463605e-01
4.591980128368678379e+03,9.999940520753490825e-01,9.999965967318809046e-01,9.999999650317412669e-01
4.641588833612770031e+03,9.999941156490715910e-01,9.999966331074202630e-01,9.999999654054974041e-01
4.691733478379071130e+03,9.999941785432598929e-01,9.999966690941428649e-01,9.999999657752589588e-01
4.742419852602434730e+03,9.999942407651787324e-01,9.999967046962048300e-01,9.999999661410681195e-01
4.793653808768325689e+03,9.999943023220141392e-01,9.999967399177184246e-01,9.999999665029668527e-01
4.845441262588577047e+03,9.999943632208759814e-01,9.999967747627517278e-01,9.999999668609972359e-01
4.897788193684446014e+03,9.999944234687979661e-01,9.999968092353292981e-01,9.999999672152010133e-01
4.950700646277048691e+03,9.999944830727385270e-01,9.999968433394328393e-01,9.999999675656182641e-01
5.004184729885255365e+03,9.999945420395816020e-01,9.999968770790008676e-01,9.999999679122901775e-01
5.058246620031120074e+03,9.999946003761381874e-01,9.999969104579308210e-01,9.999999682552563884e-01
5.112892558952939908e+03,9.999946580891451164e-01,9.999969434800775048e-01,9.999999685945569761e-01
5.168128856326028654e+03,9.999947151852689453e-01,9.999969761492548681e-01,9.999999689302303540e-01
5.223961889991190219e+03,9.999947716711031775e-01,9.999970084692363370e-01,9.999999692623160463e-01
5.280398106691241082e+03,9.999948275531720387e-01,9.999970404437548144e-01,9.999999695908522446e-01
5.337444022815308017e+03,9.999948828379295884e-01,9.999970720765027909e-01,9.999999699158764743e-01
5.395106225151263970e+03,9.999949375317610523e-01,9.999971033711342328e-01,9.999999702374267052e-01
5.453391371646262996e+03,9.999949916409829331e-01,9.999971343312633598e-01,9.999999705555396856e-01
5.512306192175501565e+03,9.999950451718448985e-01,9.999971649604657564e-01,9.999999708702526080e-01
5.571857489319280830e+03,9.999950981305290032e-01,9.999971952622792593e-01,9.999999711816015546e-01
5.632052139148465358e+03,9.999951505231519100e-01,9.999972252402031803e-01,9.999999714896224967e-01
5.692897092018421972e+03,9.999952023557644454e-01,9.999972548977000830e-01,9.999999717943510724e-01
5.754399373371546972e+03,9.999952536343530429e-01,9.999972842381952276e-01,9.999999720958225868e-01
5.816566084548449908e+03,9.999953043648398543e-01,9.999973132650771257e-01,9.999999723940716789e-01
5.879404403607912172e+03,9.999953545530838595e-01,9.999973419816983178e-01,9.999999726891327656e-01
5.942921586155719524e+03,9.999954042048811997e-01,9.999973703913753731e-01,9.999999729810401528e-01
6.007124966182340359e+03,9.999954533259667322e-01,9.999973984973890007e-01,9.999999732698271471e-01
6.072021956909874461e+03,9.999955019220131414e-01,9.999974263029859367e-01,9.999999735555276104e-01
6.137620051647929358e+03,9.999955499986329377e-01,9.999974538113768352e-01,9.999999738381742942e-01
6.203926824658856276e+03,9.999955975613784576e-01,9.999974810257393765e-01,9.999999741177998391e-01
6.270949932032308425e+03,9.999956446157426404e-01,9.999975079492157137e-01,9.999999743944363306e-01
6.338697112569250748e+03,9.999956911671599169e-01,9.999975345849161368e-01,9.999999746681160762e-01
6.407176188675517551e+03,9.999957372210066531e-01,9.999975609359164075e-01,9.999999749388704950e-01
6.476395067265020771e+03,9.999957827826011503e-01,9.999975870052596472e-01,9.999999752067310066e-01
6.546361740672725318e+03,9.999958278572057546e-01,9.999976127959572247e-01,9.999999754717283640e-01
6.617084287577474242e+03,9.999958724500256357e-01,9.999976383109869804e-01,9.999999757338932094e-01
6.688570873934797419e+03,9.999959165662111182e-01,9.999976635532962232e-01,9.999999759932559629e-01
6.760829753919810173e+03,9.999959602108567935e-01,9.999976885257998438e-01,9.999999762498462674e-01
6.833869270880186377e+03,9.999960033890034072e-01,9.999977132313819794e-01,9.999999765036940991e-01
6.907697858299658947e+03,9.999960461056371930e-01,9.999977376728957923e-01,9.999999767548286567e-01
6.982324040771700311e+03,9.999960883656916488e-01,9.999977618531641355e-01,9.999999770032788060e-01
7.057756434983831241e+03,9.999961301740474262e-01,9.999977857749794419e-01,9.999999772490734129e-01
7.134003750712544388e+03,9.999961715355324410e-01,9.999978094411045015e-01,9.999999774922411211e-01
7.211074791828976231e+03,9.999962124549233167e-01,9.999978328542724615e-01,9.999999777328093531e-01
7.288978457315443848e+03,9.999962529369463837e-01,9.999978560171871589e-01,9.999999779708061975e-01
7.367723742292962925e+03,9.999962929862759031e-01,9.999978789325236761e-01,9.999999782062595211e-01
7.447319739059863423e+03,9.999963326075377301e-01,9.999979016029283407e-01,9.999999784391958579e-01
7.527775638141633863e+03,9.999963718053069828e-01,9.999979240310195028e-01,9.999999786696424087e-01
7.609100729352097915e+03,9.999964105841110396e-01,9.999979462193869795e-01,9.999999788976260406e-01
7.691304402866062446e+03,9.999964489484278740e-01,9.999979681705936096e-01,9.999999791231727331e-01
7.774396150303576178e+03,9.999964869026879422e-01,9.999979898871742545e-01,9.999999793463087983e-01
7.858385565825768936e+03,9.999965244512745155e-01,9.999980113716370189e-01,9.999999795670597713e-01
7.943282347242801734e+03,9.999965615985241252e-01,9.999980326264625852e-01,9.999999797854511874e-01
8.029096297133510234e+03,9.999965983487263399e-01,9.999980536541063225e-01,9.999999800015083595e-01
8.115837323977289088e+03,9.999966347061252092e-01,9.999980744569959557e-01,9.999999802152562678e-01
8.203515443298161699e+03,9.999966706749199297e-01,9.999980950375340072e-01,9.999999804267192260e-01
8.292140778821229105e+03,9.999967062592636236e-01,9.999981153980977977e-01,9.999999806359223253e-01
8.381723563641595319e+03,9.999967414632662255e-01,9.999981355410377803e-01,9.999999808428893244e-01
8.472274141405934643e+03,9.999967762909930391e-01,9.999981554686808716e-01,9.999999810476439821e-01
8.563802967506813729e+03,9.999968107464658473e-01,9.999981751833280086e-01,9.999999812502101681e-01
8.656320610289916658e+03,9.999968448336642446e-01,9.999981946872563698e-01,9.999999814506111973e-01
8.749837752274323066e+03,9.999968785565241935e-01,9.999982139827175986e-01,9.999999816488701621e-01
8.844365191385955768e+03,9.999969119189403566e-01,9.999982330719406898e-01,9.999999818450102662e-01
8.939913842204396133e+03,9.999969449247654296e-01,9.999982519571296580e-01,9.999999820390539362e-01
9.036494737222999902e+03,9.999969775778108083e-01,9.999982706404656474e-01,9.999999822310233766e-01
9.134119028122955569e+03,9.999970098818476982e-01,9.999982891241061544e-01,9.999999824209410137e-01
9.232797987060781452e+03,9.999970418406063377e-01,9.999983074101861380e-01,9.999999826088286081e-01
9.332543007969887185e+03,9.999970734577775522e-01,9.999983255008166871e-01,9.999999827947082531e-01
9.433365607876185095e+03,9.999971047370125321e-01,9.999983433980871306e-01,9.999999829786010430e-01
9.535277428227884229e+03,9.999971356819231660e-01,9.999983611040647036e-01,9.999999831605281830e-01
9.638290236239674414e+03,9.999971662960834839e-01,9.999983786207938818e-01,9.999999833405109895e-01
9.742415926251420387e+03,9.999971965830283249e-01,9.999983959502970476e-01,9.999999835185698904e-01
9.847666521101544276e+03,9.999972265462556686e-01,9.999984130945760441e-01,9.999999836947257581e-01
9.954054173515229195e+03,9.999972561892255252e-01,9.999984300556108430e-01,9.999999838689985765e-01
1.006159116750763678e+04,9.999972855153610451e-01,9.999984468353594336e-01,9.999999840414089958e-01
1.017028991980230785e+04,9.999973145280486309e-01,9.999984634357601543e-01,9.999999842119763338e-01
1.028016298126472066e+04,9.999973432306390464e-01,9.999984798587295831e-01,9.999999843807209077e-01
1.039122303835167440e+04,9.999973716264467516e-01,9.999984961061648692e-01,9.999999845476617022e-01
1.050348291457599407e+04,9.999973997187505681e-01,9.999985121799416232e-01,9.999999847128181463e-01
1.061695557198722236e+04,9.999974275107951227e-01,9.999985280819162492e-01,9.999999848762093357e-01
1.073165411266828596e+04,9.999974550057896261e-01,9.999985438139252780e-01,9.999999850378541444e-01
1.084759178024831454e+04,9.999974822069087610e-01,9.999985593777853676e-01,9.999999851977713350e-01
1.096478196143181594e+04,9.999975091172942365e-01,9.999985747752936360e-01,9.999999853559792262e-01
1.108323818754437161e+04,9.999975357400533449e-01,9.999985900082285495e-01,9.999999855124961368e-01
1.120297413609501928e+04,9.999975620782605157e-01,9.999986050783489233e-01,9.999999856673401633e-01
1.132400363235552686e+04,9.999975881349569828e-01,9.999986199873953652e-01,9.999999858205290693e-01
1.144634065095671940e+04,9.999976139131524500e-01,9.999986347370889428e-01,9.999999859720807294e-01
1.156999931750205906e+04,9.999976394158230919e-01,9.999986493291335155e-01,9.999999861220124631e-01
1.169499391019869654e+04,9.999976646459138863e-01,9.999986637652137356e-01,9.999999862703418119e-01
1.182133886150592298e+04,9.999976896063389464e-01,9.999986780469970471e-01,9.999999864170854291e-01
1.194904875980186807e+04,9.999977142999799673e-01,9.999986921761325753e-01,9.999999865622608564e-01
1.207813835106777697e+04,9.999977387296890008e-01,9.999987061542517930e-01,9.999999867058846359e-01
1.220862254059068437e+04,9.999977628982869016e-01,9.999987199829690754e-01,9.999999868479734211e-01
1.234051639468444955e+04,9.999977868085645483e-01,9.999987336638808122e-01,9.999999869885433101e-01
1.247383514242939418e+04,9.999978104632831766e-01,9.999987471985675169e-01,9.999999871276109564e-01
1.260859417743070662e+04,9.999978338651743792e-01,9.999987605885920505e-01,9.999999872651920141e-01
1.274480905959587471e+04,9.999978570169404390e-01,9.999987738355001765e-01,9.999999874013024703e-01
1.288249551693129069e+04,9.999978799212546621e-01,9.999987869408220043e-01,9.999999875359585344e-01
1.302166944735829748e+04,9.999979025807623767e-01,9.999987999060708788e-01,9.999999876691749723e-01
1.316234692054881816e+04,9.999979249980801566e-01,9.999988127327439358e-01,9.999999878009675491e-01
1.330454417978089805e+04,9.999979471757963756e-01,9.999988254223222128e-01,9.999999879313518081e-01
1.344827764381402994e+04,9.999979691164720963e-01,9.999988379762714263e-01,9.999999880603421820e-01
1.359356390878523416e+04,9.999979908226412917e-01,9.999988503960407504e-01,9.999999881879542141e-01
1.374041975012512557e+04,9.999980122968101792e-01,9.999988626830648153e-01,9.999999883142018930e-01
1.388886212449494087e+04,9.999980335414586641e-01,9.999988748387622639e-01,9.999999884391004290e-01
1.403890817174442418e+04,9.999980545590396730e-01,9.999988868645369733e-01,9.999999885626640328e-01
1.419057521689088389e+04,9.999980753519807086e-01,9.999988987617773883e-01,9.999999886849069153e-01
1.434388077211961172e+04,9.999980959226825172e-01,9.999989105318578542e-01,9.999999888058431763e-01
1.449884253880592951e+04,9.999981162735206430e-01,9.999989221761368396e-01,9.999999889254869156e-01
1.465547840955906395e+04,9.999981364068449841e-01,9.999989336959592690e-01,9.999999890438517891e-01
1.481380647028811654e+04,9.999981563249807914e-01,9.999989450926556334e-01,9.999999891609517855e-01
1.497384500229034711e+04,9.999981760302274481e-01,9.999989563675416582e-01,9.999999892767998944e-01
1.513561248436201458e+04,9.999981955248611332e-01,9.999989675219197460e-01,9.999999893914099935e-01
1.529912759493208250e+04,9.999982148111324909e-01,9.999989785570772005e-01,9.999999895047949616e-01
1.546440921421869643e+04,9.999982338912688506e-01,9.999989894742892238e-01,9.999999896169681213e-01
1.563147642640951381e+04,9.999982527674733390e-01,9.999990002748156970e-01,9.999999897279424621e-01
1.580034852186503122e+04,9.999982714419259899e-01,9.999990109599041777e-01,9.999999898377305296e-01
1.597104499934599517e+04,9.999982899167826345e-01,9.999990215307885677e-01,9.999999899463450914e-01
1.614358556826482163e+04,9.999983081941771212e-01,9.999990319886893353e-01,9.999999900537990261e-01
1.631799015096133371e+04,9.999983262762198732e-01,9.999990423348142921e-01,9.999999901601044350e-01
1.649427888500309200e+04,9.999983441649989979e-01,9.999990525703581490e-01,9.999999902652734196e-01
1.667247212551057237e+04,9.999983618625799542e-01,9.999990626965028495e-01,9.999999903693185255e-01
1.685259044750745306e+04,9.999983793710065516e-01,9.999990727144174585e-01,9.999999904722515209e-01
1.703465464829631674e+04,9.999983966923007284e-01,9.999990826252589393e-01,9.999999905740840633e-01
1.721868574985999658e+04,9.999984138284622182e-01,9.999990924301718209e-01,9.999999906748285872e-01
1.740470500128887943e+04,9.999984307814701046e-01,9.999991021302885308e-01,9.999999907744961947e-01
1.759273388123447512e+04,9.999984475532815997e-01,9.999991117267286178e-01,9.999999908730986542e-01
1.778279410038920105e+04,9.999984641458339318e-01,9.999991212206005287e-01,9.999999909706470680e-01
1.797490760399357532e+04,9.999984805610427907e-01,9.999991306130006086e-01,9.999999910671528713e-01
1.816909657436986527e+04,9.999984968008038821e-01,9.999991399050134344e-01,9.999999911626273885e-01
1.836538343348342096e+04,9.999985128669921508e-01,9.999991490977118147e-01,9.999999912570812777e-01
1.856379084553162102e+04,9.999985287614631124e-01,9.999991581921574557e-01,9.999999913505256410e-01
1.876434171956079808e+04,9.999985444860520767e-01,9.999991671894004064e-01,9.999999914429713588e-01
1.896705921211140230e+04,9.999985600425749244e-01,9.999991760904795024e-01,9.999999915344290891e-01
1.917196672989178478e+04,9.999985754328274412e-01,9.999991848964226993e-01,9.999999916249089349e-01
1.937908793248083020e+04,9.999985906585874273e-01,9.999991936082469612e-01,9.999999917144219985e-01
1.958844673505981700e+04,9.999986057216128099e-01,9.999992022269582614e-01,9.999999918029783830e-01
1.980006731117376330e+04,9.999986206236427533e-01,9.999992107535516928e-01,9.999999918905880802e-01
2.001397409552269164e+04,9.999986353663985472e-01,9.999992191890119120e-01,9.999999919772615264e-01
2.023019178678268872e+04,9.999986499515821636e-01,9.999992275343130288e-01,9.999999920630086025e-01
2.044874535045816447e+04,9.999986643808775888e-01,9.999992357904184948e-01,9.999999921478391895e-01
2.066966002176418988e+04,9.999986786559514895e-01,9.999992439582816584e-01,9.999999922317628354e-01
2.089296130854035073e+04,9.999986927784521029e-01,9.999992520388459871e-01,9.999999923147898651e-01
2.111867499419599699e+04,9.999987067500099025e-01,9.999992600330442905e-01,9.999999923969292714e-01
2.134682714068732457e+04,9.999987205722387085e-01,9.999992679417999408e-01,9.999999924781908245e-01
2.157744409152659864e+04,9.999987342467342444e-01,9.999992757660260967e-01,9.999999925585839611e-01
2.181055247482391133e+04,9.999987477750754694e-01,9.999992835066258134e-01,9.999999926381178961e-01
2.204617920636177223e+04,9.999987611588249115e-01,9.999992911644934868e-01,9.999999927168014002e-01
2.228435149270295005e+04,9.999987743995275569e-01,9.999992987405132983e-01,9.999999927946441325e-01
2.252509683433184910e+04,9.999987874987124048e-01,9.999993062355596596e-01,9.999999928716548636e-01
2.276844302882985721e+04,9.999988004578924672e-01,9.999993136504984337e-01,9.999999929478424754e-01
2.301441817408505813e+04,9.999988132785636585e-01,9.999993209861857135e-01,9.999999930232159606e-01
2.326305067153622804e+04,9.999988259622066833e-01,9.999993282434685993e-01,9.999999930977836460e-01
2.351436922945267725e+04,9.999988385102859256e-01,9.999993354231850873e-01,9.999999931715543022e-01
2.376840286624871806e+04,9.999988509242505597e-01,9.999993425261641811e-01,9.999999932445365891e-01
2.402518091383435603e+04,9.999988632055338833e-01,9.999993495532260024e-01,9.999999933167388333e-01
2.428473302100207366e+04,9.999988753555540955e-01,9.999993565051820132e-01,9.999999933881693615e-01
2.454708915685023385e+04,9.999988873757141850e-01,9.999993633828352380e-01,9.999999934588366113e-01
2.481227961424344176e+04,9.999988992674019306e-01,9.999993701869794860e-01,9.999999935287483543e-01
2.508033501331030857e+04,9.999989110319906782e-01,9.999993769184005732e-01,9.999999935979128063e-01
2.535128630497898121e+04,9.999989226708388967e-01,9.999993835778758777e-01,9.999999936663384048e-01
2.562516477455089989e+04,9.999989341852906222e-01,9.999993901661741180e-01,9.999999937340322553e-01
2.590200204531312920e+04,9.999989455766752355e-01,9.999993966840564630e-01,9.999999938010026845e-01
2.618183008218973555e+04,9.999989568463081291e-01,9.999994031322751997e-01,9.999999938672574640e-01
2.646468119543270222e+04,9.999989679954905952e-01,9.999994095115749548e-01,9.999999939328040321e-01
2.675058804435225102e+04,9.999989790255101596e-01,9.999994158226924723e-01,9.999999939976499386e-01
2.703958364108838941e+04,9.999989899376403590e-01,9.999994220663563915e-01,9.999999940618029548e-01
2.733170135442227547e+04,9.999990007331411856e-01,9.999994282432879134e-01,9.999999941252701863e-01
2.762697491362924120e+04,9.999990114132594199e-01,9.999994343541999120e-01,9.999999941880590715e-01
2.792543841237330707e+04,9.999990219792280755e-01,9.999994403997981562e-01,9.999999942501769379e-01
2.822712631264381707e+04,9.999990324322672874e-01,9.999994463807807543e-01,9.999999943116306689e-01
2.853207344873457259e+04,9.999990427735840903e-01,9.999994522978383760e-01,9.999999943724277029e-01
2.884031503126595635e+04,9.999990530043726400e-01,9.999994581516543635e-01,9.999999944325751455e-01
2.915188665125053376e+04,9.999990631258141027e-01,9.999994639429043986e-01,9.999999944920795469e-01
2.946682428420253564e+04,9.999990731390774323e-01,9.999994696722575016e-01,9.999999945509479016e-01
2.978516429429176787e+04,9.999990830453185930e-01,9.999994753403748105e-01,9.999999946091872038e-01
3.010694343854250110e+04,9.999990928456816697e-01,9.999994809479114677e-01,9.999999946668038930e-01
3.043219887107717659e+04,9.999991025412979795e-01,9.999994864955142893e-01,9.999999947238049636e-01
3.076096814740703121e+04,9.999991121332875155e-01,9.999994919838242069e-01,9.999999947801965217e-01
3.109328922876800789e+04,9.999991216227579471e-01,9.999994974134749359e-01,9.999999948359855617e-01
3.142920048650405079e+04,9.999991310108045095e-01,9.999995027850935303e-01,9.999999948911783010e-01
3.176874070649762871e+04,9.999991402985113353e-01,9.999995080992999386e-01,9.999999949457811788e-01
3.211194909364813793e+04,9.999991494869511222e-01,9.999995133567081140e-01,9.999999949998004123e-01
3.245886527639869382e+04,9.999991585771846880e-01,9.999995185579250156e-01,9.999999950532424409e-01
3.280952931131179503e+04,9.999991675702619709e-01,9.999995237035511630e-01,9.999999951061129266e-01
3.316398168769445329e+04,9.999991764672206962e-01,9.999995287941807476e-01,9.999999951584187530e-01
3.352226333227329451e+04,9.999991852690889305e-01,9.999995338304015213e-01,9.999999952101651379e-01
3.388441561392011499e+04,9.999991939768828608e-01,9.999995388127952411e-01,9.999999952613588539e-01
3.425048034842853667e+04,9.999992025916076832e-01,9.999995437419371136e-01,9.999999953120051188e-01
3.462049980334241263e+04,9.999992111142583795e-01,9.999995486183962390e-01,9.999999953621102611e-01
3.499451670283567364e+04,9.999992195458186073e-01,9.999995534427356114e-01,9.999999954116797207e-01
3.537257423264627141e+04,9.999992278872625873e-01,9.999995582155124518e-01,9.999999954607192709e-01
3.575471604506205767e+04,9.999992361395532159e-01,9.999995629372776529e-01,9.999999955092349069e-01
3.614098626396124746e+04,9.999992443036433976e-01,9.999995676085767782e-01,9.999999955572319577e-01
3.653142948990711739e+04,9.999992523804758227e-01,9.999995722299490630e-01,9.999999956047159744e-01
3.692609080529785570e+04,9.999992603709830785e-01,9.999995768019279696e-01,9.999999956516925081e-01
3.732501577957194240e+04,9.999992682760875384e-01,9.999995813250415200e-01,9.999999956981669991e-01
3.772825047446981625e+04,9.999992760967025829e-01,9.999995857998120741e-01,9.999999957441445542e-01
3.813584144935239601e+04,9.999992838337309342e-01,9.999995902267565517e-01,9.999999957896310576e-01
3.854783576657702361e+04,9.999992914880657668e-01,9.999995946063856556e-01,9.999999958346312834e-01
3.896428099693152035e+04,9.999992990605914844e-01,9.999995989392052032e-01,9.999999958791503385e-01
3.938522522512691648e+04,9.999993065521819435e-01,9.999996032257157941e-01,9.999999959231937741e-01
3.981071705534967623e+04,9.999993139637024520e-01,9.999996074664120327e-01,9.999999959667664751e-01
4.024080561687321460e+04,9.999993212960087696e-01,9.999996116617838604e-01,9.999999960098732155e-01
4.067554056973143452e+04,9.999993285499473306e-01,9.999996158123154455e-01,9.999999960525194354e-01
4.111497211045213771e+04,9.999993357263560201e-01,9.999996199184864043e-01,9.999999960947099087e-01
4.155915097785308171e+04,9.999993428260635087e-01,9.999996239807704690e-01,9.999999961364494094e-01
4.200812845890055178e+04,9.999993498498892519e-01,9.999996279996370419e-01,9.999999961777427115e-01
4.246195639463116095e+04,9.999993567986447118e-01,9.999996319755499741e-01,9.999999962185947000e-01
4.292068718613767123e+04,9.999993636731318025e-01,9.999996359089684539e-01,9.999999962590102598e-01
4.338437380061946897e+04,9.999993704741445555e-01,9.999996398003464515e-01,9.999999962989936098e-01
4.385306977749840007e+04,9.999993772024684535e-01,9.999996436501333852e-01,9.999999963385497459e-01
4.432682923460070015e+04,9.999993838588799866e-01,9.999996474587741213e-01,9.999999963776828871e-01
4.480570687440565962e+04,9.999993904441479842e-01,9.999996512267081972e-01,9.999999964163980293e-01
4.528975799036202079e+04,9.999993969590328380e-01,9.999996549543707092e-01,9.999999964546993914e-01
4.577903847327175026e+04,9.999994034042868352e-01,9.999996586421918687e-01,9.999999964925913032e-01
4.627360481774442451e+04,9.999994097806541582e-01,9.999996622905978905e-01,9.999999965300780946e-01
4.677351412871972570e+04,9.999994160888709960e-01,9.999996659000096599e-01,9.999999965671645397e-01
4.727882412806119100e+04,9.999994223296660989e-01,9.999996694708440659e-01,9.999999966038544130e-01
4.778959316122106975e+04,9.999994285037594466e-01,9.999996730035136672e-01,9.999999966401522666e-01
4.830588020397713262e+04,9.999994346118643573e-01,9.999996764984260267e-01,9.999999966760618753e-01
4.882774486924231314e+04,9.999994406546861558e-01,9.999996799559849325e-01,9.999999967115877908e-01
4.935524741394789453e+04,9.999994466329225062e-01,9.999996833765897319e-01,9.999999967467342321e-01
4.988844874600104231e+04,9.999994525472636342e-01,9.999996867606349982e-01,9.999999967815049740e-01
5.042741043131751212e+04,9.999994583983922158e-01,9.999996901085119738e-01,9.999999968159039021e-01
5.097219470093036216e+04,9.999994641869844880e-01,9.999996934206066834e-01,9.999999968499352354e-01
5.152286445817541244e+04,9.999994699137084719e-01,9.999996966973019319e-01,9.999999968836028597e-01
5.207948328595457133e+04,9.999994755792256385e-01,9.999996999389760832e-01,9.999999969169106606e-01
5.264211545407663652e+04,9.999994811841895759e-01,9.999997031460031716e-01,9.999999969498625241e-01
5.321082592667932477e+04,9.999994867292482104e-01,9.999997063187536783e-01,9.999999969824621138e-01
5.378568036972959817e+04,9.999994922150413634e-01,9.999997094575939771e-01,9.999999970147133155e-01
5.436674515860592510e+04,9.999994976422028614e-01,9.999997125628866668e-01,9.999999970466197929e-01
5.495408738576230826e+04,9.999995030113588701e-01,9.999997156349897942e-01,9.999999970781853209e-01
5.554777486847509135e+04,9.999995083231295601e-01,9.999997186742587418e-01,9.999999971094134521e-01
5.614787615667345381e+04,9.999995135781283295e-01,9.999997216810437850e-01,9.999999971403077392e-01
5.675446054085451760e+04,9.999995187769619154e-01,9.999997246556925345e-01,9.999999971708718460e-01
5.736759806008391024e+04,9.999995239202306152e-01,9.999997275985487155e-01,9.999999972011094362e-01
5.798735951008288248e+04,9.999995290085283983e-01,9.999997305099512790e-01,9.999999972310237295e-01
5.861381645140262117e+04,9.999995340424427948e-01,9.999997333902372887e-01,9.999999972606183896e-01
5.924704121768724144e+04,9.999995390225547842e-01,9.999997362397388123e-01,9.999999972898965250e-01
5.988710692402489803e+04,9.999995439494395733e-01,9.999997390587848090e-01,9.999999973188617997e-01
6.053408747539125761e+04,9.999995488236662622e-01,9.999997418477011291e-01,9.999999973475176551e-01
6.118805757518207974e+04,9.999995536457974010e-01,9.999997446068097373e-01,9.999999973758670890e-01
6.184909273383901746e+04,9.999995584163898776e-01,9.999997473364290457e-01,9.999999974039137651e-01
6.251726927756842633e+04,9.999995631359943626e-01,9.999997500368744685e-01,9.999999974316603479e-01
6.319266435715431726e+04,9.999995678051563086e-01,9.999997527084574234e-01,9.999999974591107232e-01
6.387535595686656598e+04,9.999995724244143958e-01,9.999997553514866633e-01,9.999999974862674446e-01
6.456542290346533991e+04,9.999995769943020862e-01,9.999997579662674996e-01,9.999999975131339536e-01
6.526294487530279002e+04,9.999995815153469580e-01,9.999997605531016909e-01,9.999999975397133589e-01
6.596800241152310628e+04,9.999995859880714821e-01,9.999997631122881092e-01,9.999999975660087692e-01
6.668067692136192636e+04,9.999995904129913571e-01,9.999997656441218519e-01,9.999999975920229600e-01
6.740105069354624720e+04,9.999995947906181737e-01,9.999997681488954626e-01,9.999999976177591510e-01
6.812920690579604707e+04,9.999995991214574165e-01,9.999997706268981545e-01,9.999999976432203397e-01
6.886522963442750915e+04,9.999996034060086858e-01,9.999997730784161432e-01,9.999999976684094127e-01
6.960920386406221951e+04,9.999996076447668081e-01,9.999997755037325353e-01,9.999999976933292567e-01
7.036121549743897049e+04,9.999996118382215027e-01,9.999997779031274403e-01,9.999999977179826471e-01
7.112135136533273908e+04,9.999996159868569379e-01,9.999997802768775257e-01,9.999999977423725817e-01
7.188969923658053449e+04,9.999996200911520638e-01,9.999997826252573496e-01,9.999999977665018358e-01
7.266634782821564295e+04,9.999996241515805018e-01,9.999997849485376955e-01,9.999999977903734072e-01
7.345138681571125926e+04,9.999996281686115429e-01,9.999997872469867932e-01,9.999999978139896273e-01
7.424490684333491663e+04,9.999996321427088164e-01,9.999997895208705412e-01,9.999999978373534937e-01
7.504699953461458790e+04,9.999996360743309554e-01,9.999997917704510630e-01,9.999999978604676709e-01
7.585775750291807344e+04,9.999996399639324851e-01,9.999997939959880400e-01,9.999999978833347125e-01
7.667727436214649060e+04,9.999996438119622688e-01,9.999997961977388217e-01,9.999999979059575050e-01
7.750564473754343635e+04,9.999996476188642847e-01,9.999997983759572051e-01,9.999999979283383800e-01
7.834296427662107453e+04,9.999996513850787361e-01,9.999998005308952109e-01,9.999999979504802239e-01
7.918932966020298772e+04,9.999996551110399423e-01,9.999998026628013070e-01,9.999999979723851462e-01
8.004483861358903232e+04,9.999996587971783368e-01,9.999998047719217409e-01,9.999999979940561445e-01
8.090958991783806414e+04,9.999996624439196902e-01,9.999998068584999844e-01,9.999999980154955503e-01
8.178368342117390421e+04,9.999996660516847768e-01,9.999998089227770670e-01,9.999999980367056951e-01
8.266722005051432643e+04,9.999996696208902636e-01,9.999998109649912426e-01,9.999999980576891323e-01
8.356030182312455145e+04,9.999996731519485982e-01,9.999998129853783224e-01,9.999999980784484155e-01
8.446303185839658545e+04,9.999996766452671215e-01,9.999998149841717865e-01,9.999999980989857651e-01
8.537551438975588826e+04,9.999996801012493997e-01,9.999998169616022281e-01,9.999999981193037346e-01
8.629785477669669490e+04,9.999996835202943357e-01,9.999998189178981312e-01,9.999999981394044335e-01
8.723015951694727119e+04,9.999996869027966140e-01,9.999998208532852040e-01,9.999999981592901932e-01
8.817253625876663136e+04,9.999996902491473660e-01,9.999998227679869345e-01,9.999999981789635672e-01
8.912509381337444938e+04,9.999996935597323944e-01,9.999998246622247011e-01,9.999999981984265540e-01
9.008794216751365457e+04,9.999996968349339488e-01,9.999998265362167738e-01,9.999999982176815960e-01
9.106119249615186709e+04,9.999997000751305043e-01,9.999998283901797569e-01,9.999999982367309137e-01
9.204495717531695846e+04,9.999997032806962061e-01,9.999998302243278125e-01,9.999999982555766165e-01
9.303934979507280514e+04,9.999997064520009804e-01,9.999998320388727713e-01,9.999999982742207028e-01
9.404448517263492977e+04,9.999997095894112009e-01,9.999998338340239101e-01,9.999999982926656150e-01
9.506047936562787800e+04,9.999997126932891334e-01,9.999998356099885077e-01,9.999999983109133517e-01
9.608744968548568431e+04,9.999997157639928247e-01,9.999998373669718443e-01,9.999999983289663552e-01
9.712551471099727496e+04,9.999997188018772132e-01,9.999998391051766466e-01,9.999999983468261799e-01
9.817479430199808849e+04,9.999997218072930183e-01,9.999998408248036430e-01,9.999999983644950463e-01
9.923540961320966017e+04,9.999997247805870737e-01,9.999998425260514523e-01,9.999999983819752858e-01
1.003074831082287419e+05,9.999997277221027714e-01,9.999998442091165840e-01,9.999999983992685637e-01
1.013911385736674856e+05,9.999997306321799506e-01,9.999998458741928831e-01,9.999999984163768785e-01
1.024865011334467854e+05,9.999997335111542318e-01,9.999998475214733062e-01,9.999999984333024505e-01
1.035936972632422257e+05,9.999997363593585709e-01,9.999998491511475907e-01,9.999999984500471673e-01
1.047128548050897662e+05,9.999997391771213717e-01,9.999998507634041411e-01,9.999999984666129160e-01
1.058441029821454576e+05,9.999997419647683738e-01,9.999998523584289201e-01,9.999999984830015842e-01
1.069875724136065837e+05,9.999997447226209868e-01,9.999998539364062244e-01,9.999999984992150592e-01
1.081433951297935128e+05,9.999997474509980666e-01,9.999998554975182419e-01,9.999999985152553394e-01
1.093117045873945754e+05,9.999997501502142505e-01,9.999998570419452726e-01,9.999999985311242012e-01
1.104926356848755531e+05,9.999997528205816222e-01,9.999998585698657294e-01,9.999999985468233099e-01
1.116863247780557285e+05,9.999997554624084906e-01,9.999998600814559158e-01,9.999999985623546639e-01
1.128929096958521259e+05,9.999997580759996119e-01,9.999998615768900256e-01,9.999999985777200395e-01
1.141125297561939224e+05,9.999997606616568557e-01,9.999998630563411428e-01,9.999999985929213242e-01
1.153453257821087318e+05,9.999997632196788722e-01,9.999998645199802416e-01,9.999999986079598502e-01
1.165914401179826382e+05,9.999997657503610915e-01,9.999998659679758539e-01,9.999999986228379489e-01
1.178510166459964530e+05,9.999997682539953914e-01,9.999998674004956234e-01,9.999999986375569527e-01
1.191242008027372940e+05,9.999997707308712069e-01,9.999998688177046402e-01,9.999999986521186379e-01
1.204111395959938673e+05,9.999997731812743096e-01,9.999998702197667733e-01,9.999999986665244478e-01
1.217119816217290499e+05,9.999997756054879172e-01,9.999998716068437821e-01,9.999999986807766028e-01
1.230268770812378498e+05,9.999997780037914730e-01,9.999998729790957608e-01,9.999999986948763242e-01
1.243559777984903922e+05,9.999997803764625326e-01,9.999998743366810272e-01,9.999999987088253883e-01
1.256994372376621614e+05,9.999997827237744330e-01,9.999998756797570110e-01,9.999999987226253495e-01
1.270574105208537512e+05,9.999997850459985127e-01,9.999998770084780331e-01,9.999999987362777620e-01
1.284300544460019591e+05,9.999997873434030016e-01,9.999998783229977484e-01,9.999999987497842913e-01
1.298175275049844058e+05,9.999997896162529099e-01,9.999998796234680354e-01,9.999999987631464915e-01
1.312199899019197619e+05,9.999997918648106943e-01,9.999998809100392183e-01,9.999999987763656950e-01
1.326376035716656770e+05,9.999997940893364801e-01,9.999998821828594009e-01,9.999999987894439002e-01
1.340705321985169430e+05,9.999997962900865067e-01,9.999998834420757987e-01,9.999999988023822173e-01
1.355189412351034116e+05,9.999997984673152374e-01,9.999998846878338510e-01,9.999999988151819785e-01
1.369829979214967752e+05,9.999998006212739154e-01,9.999998859202774426e-01,9.999999988278454044e-01
1.384628713045189506e+05,9.999998027522112309e-01,9.999998871395490152e-01,9.999999988403732720e-01
1.399587322572614939e+05,9.999998048603733203e-01,9.999998883457886789e-01,9.999999988527672468e-01
1.414707534988154657e+05,9.999998069460035444e-01,9.999998895391363218e-01,9.999999988650286609e-01
1.429991096142143069e+05,9.999998090093427106e-01,9.999998907197297227e-01,9.999999988771589576e-01
1.445439770745923161e+05,9.999998110506292948e-01,9.999998918877051057e-01,9.999999988891599134e-01
1.461055342575606774e+05,9.999998130700988863e-01,9.999998930431970301e-01,9.999999989010325274e-01
1.476839614678040089e+05,9.999998150679842990e-01,9.999998941863392776e-01,9.999999989127780209e-01
1.492794409578990308e+05,9.999998170445165702e-01,9.999998953172636318e-01,9.999999989243982812e-01
1.508921569493582647e+05,9.999998189999240727e-01,9.999998964361009879e-01,9.999999989358943076e-01
1.525222956539012084e+05,9.999998209344319600e-01,9.999998975429801318e-01,9.999999989472670991e-01
1.541700452949557512e+05,9.999998228482644969e-01,9.999998986380290722e-01,9.999999989585186544e-01
1.558355961293890723e+05,9.999998247416418407e-01,9.999998997213743746e-01,9.999999989696498615e-01
1.575191404694789089e+05,9.999998266147830384e-01,9.999999007931409389e-01,9.999999989806620526e-01
1.592208727051166934e+05,9.999998284679043614e-01,9.999999018534524442e-01,9.999999989915565601e-01
1.609409893262530968e+05,9.999998303012197498e-01,9.999999029024315700e-01,9.999999990023348273e-01
1.626796889455859491e+05,9.999998321149409231e-01,9.999999039401992196e-01,9.999999990129977423e-01
1.644371723214926897e+05,9.999998339092769362e-01,9.999999049668752971e-01,9.999999990235467484e-01
1.662136423812110734e+05,9.999998356844352898e-01,9.999999059825784853e-01,9.999999990339829559e-01
1.680093042442700535e+05,9.999998374406212642e-01,9.999999069874258018e-01,9.999999990443076969e-01
1.698243652461737802e+05,9.999998391780370310e-01,9.999999079815335978e-01,9.999999990545220818e-01
1.716590349623415968e+05,9.999998408968835406e-01,9.999999089650163375e-01,9.999999990646272208e-01
1.735135252323065361e+05,9.999998425973591898e-01,9.999999099379878187e-01,9.999999990746242240e-01
1.753880501841753139e+05,9.999998442796603770e-01,9.999999109005602849e-01,9.999999990845145348e-01
1.772828262593532563e+05,9.999998459439812803e-01,9.999999118528448694e-01,9.999999990942993744e-01
1.791980722375330806e+05,9.999998475905139683e-01,9.999999127949513733e-01,9.999999991039794089e-01
1.811340092619599018e+05,9.999998492194490662e-01,9.999999137269889316e-01,9.999999991135559707e-01
1.830908608649631205e+05,9.999998508309737577e-01,9.999999146490646806e-01,9.999999991230300589e-01
1.850688529937669518e+05,9.999998524252747822e-01,9.999999155612855350e-01,9.999999991324030058e-01
1.870682140365795349e+05,9.999998540025363258e-01,9.999999164637568549e-01,9.999999991416756995e-01
1.890891748489635647e+05,9.999998555629401320e-01,9.999999173565823352e-01,9.999999991508493613e-01
1.911319687804919959e+05,9.999998571066666120e-01,9.999999182398657815e-01,9.999999991599251015e-01
1.931968317016916990e+05,9.999998586338938455e-01,9.999999191137084464e-01,9.999999991689035861e-01
1.952840020312781271e+05,9.999998601447980251e-01,9.999999199782116932e-01,9.999999991777862585e-01
1.973937207636842795e+05,9.999998616395540108e-01,9.999999208334753309e-01,9.999999991865740068e-01
1.995262314968870778e+05,9.999998631183343312e-01,9.999999216795978363e-01,9.999999991952678302e-01
2.016817804605349374e+05,9.999998645813092946e-01,9.999999225166771311e-01,9.999999992038686170e-01
2.038606165443758946e+05,9.999998660286482099e-01,9.999999233448095826e-01,9.999999992123776993e-01
2.060629913269996759e+05,9.999998674605182769e-01,9.999999241640915582e-01,9.999999992207956323e-01
2.082891591048834380e+05,9.999998688770846966e-01,9.999999249746166496e-01,9.999999992291237483e-01
2.105393769217546505e+05,9.999998702785110050e-01,9.999999257764790039e-01,9.999999992373628244e-01
2.128139045982706593e+05,9.999998716649588504e-01,9.999999265697713247e-01,9.999999992455136377e-01
2.151130047620186233e+05,9.999998730365885491e-01,9.999999273545849832e-01,9.999999992535775206e-01
2.174369428778398724e+05,9.999998743935584189e-01,9.999999281310106847e-01,9.999999992615552502e-01
2.197859872784817417e+05,9.999998757360252233e-01,9.999999288991380242e-01,9.999999992694478257e-01
2.221604091955803451e+05,9.999998770641437273e-01,9.999999296590557085e-01,9.999999992772558022e-01
2.245604827909783926e+05,9.999998783780676970e-01,9.999999304108513343e-01,9.999999992849802899e-01
2.269864851883812225e+05,9.999998796779484556e-01,9.999999311546119429e-01,9.999999992926223991e-01
2.294386965053546301e+05,9.999998809639361053e-01,9.999999318904231327e-01,9.999999993001827958e-01
2.319173998856695835e+05,9.999998822361793049e-01,9.999999326183701687e-01,9.999999993076623683e-01
2.344228815319918504e+05,9.999998834948250481e-01,9.999999333385370948e-01,9.999999993150618938e-01
2.369554307389333262e+05,9.999998847400184410e-01,9.999999340510068446e-01,9.999999993223824823e-01
2.395153399264520849e+05,9.999998859719033684e-01,9.999999347558617968e-01,9.999999993296248002e-01
2.421029046736172168e+05,9.999998871906220499e-01,9.999999354531835527e-01,9.999999993367897355e-01
2.447184237527380174e+05,9.999998883963151508e-01,9.999999361430521594e-01,9.999999993438780654e-01
2.473621991638613981e+05,9.999998895891220041e-01,9.999999368255474419e-01,9.999999993508905671e-01
2.500345361696423206e+05,9.999998907691802774e-01,9.999999375007486702e-01,9.999999993578280177e-01
2.527357433305908635e+05,9.999998919366261951e-01,9.999999381687332267e-01,9.999999993646915275e-01
2.554661325407000550e+05,9.999998930915944273e-01,9.999999388295783831e-01,9.999999993714815405e-01
2.582260190634585742e+05,9.999998942342187558e-01,9.999999394833605226e-01,9.999999993781992780e-01
2.610157215682525421e+05,9.999998953646305200e-01,9.999999401301551405e-01,9.999999993848449620e-01
2.638355621671606204e+05,9.999998964829609482e-01,9.999999407700368437e-01,9.999999993914197027e-01
2.666858664521476021e+05,9.999998975893386044e-01,9.999999414030796840e-01,9.999999993979242774e-01
2.695669635326547432e+05,9.999998986838912751e-01,9.999999420293563812e-01,9.999999994043589080e-01
2.724791860736061353e+05,9.999998997667457479e-01,9.999999426489397658e-01,9.999999994107252599e-01
2.754228703338160412e+05,9.999999008380265897e-01,9.999999432619010031e-01,9.999999994170231110e-01
2.783983562048156164e+05,9.999999018978578125e-01,9.999999438683108144e-01,9.999999994232539047e-01
2.814059872500986094e+05,9.999999029463616518e-01,9.999999444682396987e-01,9.999999994294181960e-01
2.844461107447906979e+05,9.999999039836592329e-01,9.999999450617563790e-01,9.999999994355165400e-01
2.875190777157474076e+05,9.999999050098701270e-01,9.999999456489298000e-01,9.999999994415497140e-01
2.906252429820855032e+05,9.999999060251132388e-01,9.999999462298274633e-01,9.999999994475183840e-01
2.937649651961519266e+05,9.999999070295053638e-01,9.999999468045165374e-01,9.999999994534231051e-01
2.969386068849355215e+05,9.999999080231627424e-01,9.999999473730633026e-01,9.999999994592649877e-01
3.001465344919260824e+05,9.999999090062000606e-01,9.999999479355338172e-01,9.999999994650443647e-01
3.033891184194266680e+05,9.999999099787307832e-01,9.999999484919924742e-01,9.999999994707616802e-01
3.066667330713178380e+05,9.999999109408672648e-01,9.999999490425039994e-01,9.999999994764181555e-01
3.099797568962941878e+05,9.999999118927204167e-01,9.999999495871313426e-01,9.999999994820143456e-01
3.133285724315579282e+05,9.999999128344002619e-01,9.999999501259380086e-01,9.999999994875502507e-01
3.167135663469891297e+05,9.999999137660153803e-01,9.999999506589859477e-01,9.999999994930274250e-01
3.201351294897927437e+05,9.999999146876737965e-01,9.999999511863366664e-01,9.999999994984457574e-01
3.235936569296273519e+05,9.999999155994815370e-01,9.999999517080512268e-01,9.999999995038062472e-01
3.270895480042218696e+05,9.999999165015439617e-01,9.999999522241895811e-01,9.999999995091095606e-01
3.306232063654850936e+05,9.999999173939653208e-01,9.999999527348116812e-01,9.999999995143562526e-01
3.341950400261129835e+05,9.999999182768484207e-01,9.999999532399763691e-01,9.999999995195466562e-01
3.378054614066999638e+05,9.999999191502956242e-01,9.999999537397418203e-01,9.999999995246817708e-01
3.414548873833586695e+05,9.999999200144074063e-01,9.999999542341656555e-01,9.999999995297618183e-01
3.451437393358546542e+05,9.999999208692835762e-01,9.999999547233052732e-01,9.999999995347876869e-01
3.488724431962618837e+05,9.999999217150229436e-01,9.999999552072171838e-01,9.999999995397599317e-01
3.526414294981381390e+05,9.999999225517232082e-01,9.999999556859570093e-01,9.999999995446787748e-01
3.564511334262435557e+05,9.999999233794810705e-01,9.999999561595800390e-01,9.999999995495452154e-01
3.603019948667844292e+05,9.999999241983917875e-01,9.999999566281411179e-01,9.999999995543596976e-01
3.641944584582055686e+05,9.999999250085499503e-01,9.999999570916944247e-01,9.999999995591227764e-01
3.681289736425304436e+05,9.999999258100493726e-01,9.999999575502930282e-01,9.999999995638346739e-01
3.721059947172557586e+05,9.999999266029824252e-01,9.999999580039901081e-01,9.999999995684962784e-01
3.761259808878069161e+05,9.999999273874408123e-01,9.999999584528384000e-01,9.999999995731082558e-01
3.801893963205598411e+05,9.999999281635150172e-01,9.999999588968894182e-01,9.999999995776707173e-01
3.842967101964358590e+05,9.999999289312945239e-01,9.999999593361944550e-01,9.999999995821844401e-01
3.884483967650756822e+05,9.999999296908680391e-01,9.999999597708042476e-01,9.999999995866500901e-01
3.926449353995980928e+05,9.999999304423234925e-01,9.999999602007687560e-01,9.999999995910680006e-01
3.968868106519525754e+05,9.999999311857472595e-01,9.999999606261381624e-01,9.999999995954385046e-01
4.011745123088617111e+05,9.999999319212256044e-01,9.999999610469612055e-01,9.999999995997624902e-01
4.055085354483831325e+05,9.999999326488431262e-01,9.999999614632864020e-01,9.999999996040401795e-01
4.098893804970677593e+05,9.999999333686839798e-01,9.999999618751621577e-01,9.999999996082722387e-01
4.143175532877427177e+05,9.999999340808312098e-01,9.999999622826357681e-01,9.999999996124588897e-01
4.187935651179173146e+05,9.999999347853671949e-01,9.999999626857543067e-01,9.999999996166009097e-01
4.233179328088196344e+05,9.999999354823730924e-01,9.999999630845641807e-01,9.999999996206986319e-01
4.278911787650714978e+05,9.999999361719296154e-01,9.999999634791119085e-01,9.999999996247525003e-01
4.325138310350072570e+05,9.999999368541161449e-01,9.999999638694425652e-01,9.999999996287630699e-01
4.371864233716450399e+05,9.999999375290113957e-01,9.999999642556016699e-01,9.999999996327308960e-01
4.419094952943162643e+05,9.999999381966936385e-01,9.999999646376332985e-01,9.999999996366560895e-01
4.466835921509612235e+05,9.999999388572398118e-01,9.999999650155820818e-01,9.999999996405395386e-01
4.515092651810972020e+05,9.999999395107260769e-01,9.999999653894910967e-01,9.999999996443813544e-01
4.563870715794689604e+05,9.999999401572279289e-01,9.999999657594039748e-01,9.999999996481823139e-01
4.613175745603786781e+05,9.999999407968200860e-01,9.999999661253633487e-01,9.999999996519424172e-01
4.663013434227267862e+05,9.999999414295762667e-01,9.999999664874110739e-01,9.999999996556625526e-01
4.713389536157394759e+05,9.999999420555697460e-01,9.999999668455893387e-01,9.999999996593426088e-01
4.764309868054145481e+05,9.999999426748726883e-01,9.999999671999397766e-01,9.999999996629835852e-01
4.815780309416830423e+05,9.999999432875565919e-01,9.999999675505026886e-01,9.999999996665854818e-01
4.867806803262968315e+05,9.999999438936919560e-01,9.999999678973189310e-01,9.999999996701490756e-01
4.920395356814493425e+05,9.999999444933492798e-01,9.999999682404284718e-01,9.999999996736743668e-01
4.973552042191379587e+05,9.999999450865975081e-01,9.999999685798709459e-01,9.999999996771622435e-01
5.027282997112753219e+05,9.999999456735051417e-01,9.999999689156851002e-01,9.999999996806124836e-01
5.081594425605584984e+05,9.999999462541400153e-01,9.999999692479106805e-01,9.999999996840261973e-01
5.136492598721034010e+05,9.999999468285689641e-01,9.999999695765852126e-01,9.999999996874032737e-01
5.191983855258533731e+05,9.999999473968587127e-01,9.999999699017468879e-01,9.999999996907442679e-01
5.248074602497718297e+05,9.999999479590744311e-01,9.999999702234331211e-01,9.999999996940496239e-01
5.304771316938162781e+05,9.999999485152812895e-01,9.999999705416813267e-01,9.999999996973195637e-01
5.362080545047298074e+05,9.999999490655436807e-01,9.999999708565282530e-01,9.999999997005544206e-01
5.420008904016226297e+05,9.999999496099248875e-01,9.999999711680099823e-01,9.999999997037549715e-01
5.478563082523791818e+05,9.999999501484877484e-01,9.999999714761627079e-01,9.999999997069212165e-01
5.537749841508882819e+05,9.999999506812943251e-01,9.999999717810220679e-01,9.999999997100535998e-01
5.597576014951084508e+05,9.999999512084064568e-01,9.999999720826229233e-01,9.999999997131524543e-01
5.658048510659761960e+05,9.999999517298849838e-01,9.999999723810004681e-01,9.999999997162182241e-01
5.719174311071664561e+05,9.999999522457898582e-01,9.999999726761888974e-01,9.999999997192512424e-01
5.780960474057157990e+05,9.999999527561809209e-01,9.999999729682222949e-01,9.999999997222519532e-01
5.843414133735151263e+05,9.999999532611169029e-01,9.999999732571346334e-01,9.999999997252204675e-01
5.906542501296839910e+05,9.999999537606562017e-01,9.999999735429591086e-01,9.999999997281571185e-01
5.970352865838361904e+05,9.999999542548567710e-01,9.999999738257286941e-01,9.999999997310626831e-01
6.034852595202350058e+05,9.999999547437750103e-01,9.999999741054759195e-01,9.999999997339370506e-01
6.100049136828781338e+05,9.999999552274680958e-01,9.999999743822332032e-01,9.999999997367806648e-01
6.165950018614808796e+05,9.999999557059912059e-01,9.999999746560327418e-01,9.999999997395940809e-01
6.232562849783991696e+05,9.999999561793998515e-01,9.999999749269058436e-01,9.999999997423771880e-01
6.299895321764885448e+05,9.999999566477490998e-01,9.999999751948841498e-01,9.999999997451304301e-01
6.367955209079140332e+05,9.999999571110924634e-01,9.999999754599979696e-01,9.999999997478545843e-01
6.436750370239170734e+05,9.999999575694838994e-01,9.999999757222785002e-01,9.999999997505494287e-01
6.506288748655549716e+05,9.999999580229760321e-01,9.999999759817558287e-01,9.999999997532156293e-01
6.576578373554180143e+05,9.999999584716210421e-01,9.999999762384598201e-01,9.999999997558530751e-01
6.647627360903396038e+05,9.999999589154711099e-01,9.999999764924201173e-01,9.999999997584626543e-01
6.719443914351062849e+05,9.999999593545775278e-01,9.999999767436662523e-01,9.999999997610440339e-01
6.792036326171813998e+05,9.999999597889906999e-01,9.999999769922269799e-01,9.999999997635981019e-01
6.865412978224538965e+05,9.999999602187606973e-01,9.999999772381312768e-01,9.999999997661247475e-01
6.939582342920090305e+05,9.999999606439377020e-01,9.999999774814071207e-01,9.999999997686244146e-01
7.014552984199699713e+05,9.999999610645703418e-01,9.999999777220829333e-01,9.999999997710972144e-01
7.090333558523710817e+05,9.999999614807074666e-01,9.999999779601865812e-01,9.999999997735437018e-01
7.166932815871117637e+05,9.999999618923967049e-01,9.999999781957453759e-01,9.999999997759640991e-01
7.244359600749880774e+05,9.999999622996860182e-01,9.999999784287865179e-01,9.999999997783584060e-01
7.322622853218152886e+05,9.999999627026223692e-01,9.999999786593368745e-01,9.999999997807275109e-01
7.401731609916540328e+05,9.999999631012519430e-01,9.999999788874233131e-01,9.999999997830709697e-01
7.481695005111517385e+05,9.999999634956211469e-01,9.999999791130719240e-01,9.999999997853893374e-01
7.562522271750108339e+05,9.999999638857753892e-01,9.999999793363087974e-01,9.999999997876831692e-01
7.644222742525971262e+05,9.999999642717596338e-01,9.999999795571598016e-01,9.999999997899524651e-01
7.726805850956989452e+05,9.999999646536184006e-01,9.999999797756502495e-01,9.999999997921973360e-01
7.810281132474512560e+05,9.999999650313962096e-01,9.999999799918054544e-01,9.999999997944182262e-01
7.894658225524388254e+05,9.999999654051363596e-01,9.999999802056507292e-01,9.999999997966155796e-01
7.979946872679725057e+05,9.999999657748817050e-01,9.999999804172100548e-01,9.999999997987893963e-01
8.066156921766118612e+05,9.999999661406755447e-01,9.999999806265084112e-01,9.999999998009398983e-01
8.153298326998311095e+05,9.999999665025598450e-01,9.999999808335698903e-01,9.999999998030673076e-01
8.241381150130002061e+05,9.999999668605761283e-01,9.999999810384183618e-01,9.999999998051720684e-01
8.330415561615165789e+05,9.999999672147661389e-01,9.999999812410773625e-01,9.999999998072544027e-01
8.420411841782848351e+05,9.999999675651706221e-01,9.999999814415703181e-01,9.999999998093143105e-01
8.511380382023766870e+05,9.999999679118299900e-01,9.999999816399205432e-01,9.999999998113525690e-01
8.603331685990323313e+05,9.999999682547843216e-01,9.999999818361506865e-01,9.999999998133687340e-01
8.696276370809596265e+05,9.999999685940732519e-01,9.999999820302837295e-01,9.999999998153633607e-01
8.790225168308806606e+05,9.999999689297357497e-01,9.999999822223416546e-01,9.999999998173368931e-01
8.885188926254964899e+05,9.999999692618108948e-01,9.999999824123471104e-01,9.999999998192891093e-01
8.981178609606901882e+05,9.999999695903367680e-01,9.999999826003216352e-01,9.999999998212204533e-01
9.078205301781843882e+05,9.999999699153513388e-01,9.999999827862874335e-01,9.999999998231313691e-01
9.176280205934637925e+05,9.999999702368922438e-01,9.999999829702652665e-01,9.999999998250216349e-01
9.275414646251843078e+05,9.999999705549966755e-01,9.999999831522770055e-01,9.999999998268916945e-01
9.375620069258747390e+05,9.999999708697010492e-01,9.999999833323431897e-01,9.999999998287419922e-01
9.476908045141568873e+05,9.999999711810418912e-01,9.999999835104850243e-01,9.999999998305723059e-01
9.579290269082866143e+05,9.999999714890553948e-01,9.999999836867229375e-01,9.999999998323830797e-01
9.682778562612460228e+05,9.999999717937767540e-01,9.999999838610771352e-01,9.999999998341744245e-01
9.787384874971929239e+05,9.999999720952413851e-01,9.999999840335680457e-01,9.999999998359468956e-01
9.893121284494522261e+05,9.999999723934839269e-01,9.999999842042150977e-01,9.999999998377002708e-01
9.999999999999995343e+05,9.999999726885387963e-01,9.999999843730384974e-01,9.999999998394348832e-01
