G_mM,Y_0p5,Y_5,Y_36
9.999999999999982011e-09,5.165379058684734508e-21,9.132318553528829500e-21,1.667118452431326104e-18
1.010803336220382749e-08,5.165379058684734508e-21,9.132318553528829500e-21,1.667118452431326104e-18
1.021723384514257942e-08,5.165379058684734508e-21,9.132318553528829500e-21,1.667118452431326104e-18
1.032761405761394785e-08,5.165379058684734508e-21,9.132318553528829500e-21,1.667118452431326104e-18
1.043918674463272197e-08,5.165379058684734508e-21,9.132318553528829500e-21,1.667118452431326104e-18
1.055196478890237068e-08,5.165379058684734508e-21,9.132318553528829500e-21,1.667118452431326104e-18
1.066596121230254167e-08,5.165379058684734508e-21,9.132318553528829500e-21,1.667118452431326104e-18
1.078118917739266564e-08,5.165379058684734508e-21,9.132318553528829500e-21,1.667118452431326104e-18
1.089766198893160955e-08,5.165379058684734508e-21,9.132318553528829500e-21,1.667118452431326104e-18
1.101539309541414140e-08,5.165379058684734508e-21,9.132318553528829500e-21,1.667118452431326104e-18
1.113439609062360287e-08,5.165379058684734508e-21,9.132318553528829500e-21,1.667118452431326104e-18
1.125468471520154573e-08,5.165379058684734508e-21,9.132318553528829500e-21,1.667118452431326104e-18
1.137627285823429072e-08,5.165379058684734508e-21,9.132318553528829500e-21,1.667118452431326104e-18
1.149917455885663058e-08,5.165379058684734508e-21,9.132318553528829500e-21,1.667118452431326104e-18
1.162340400787285095e-08,5.165379058684734508e-21,9.132318553528829500e-21,1.667118452431326104e-18
1.174897554939526761e-08,5.165379058684734508e-21,9.132318553528829500e-21,1.667118452431326104e-18
1.187590368250046211e-08,5.165379058684734508e-21,9.132318553528829500e-21,1.667118452431326104e-18
1.200420306290341755e-08,1.947778353379035365e-20,3.642246347079919144e-20,6.648143096890775923e-18
1.213388850464973329e-08,1.947778353379035365e-20,3.642246347079919144e-20,6.648143096890775923e-18
1.226497498182612357e-08,1.947778353379035365e-20,3.642246347079919144e-20,6.648143096890775923e-18
1.239747763028944008e-08,1.947778353379035365e-20,3.642246347079919144e-20,6.648143096890775923e-18
1.253141174941415222e-08,1.947778353379035365e-20,3.642246347079919144e-20,6.648143096890775923e-18
1.266679280385915192e-08,1.947778353379035365e-20,3.642246347079919144e-20,6.648143096890775923e-18
1.280363642535318994e-08,1.947778353379035365e-20,3.642246347079919144e-20,6.648143096890775923e-18
1.294195841449984185e-08,1.947778353379035365e-20,3.642246347079919144e-20,6.648143096890775923e-18
1.308177474260191939e-08,1.947778353379035365e-20,3.642246347079919144e-20,6.648143096890775923e-18
1.322310155350558197e-08,1.947778353379035365e-20,3.642246347079919144e-20,6.648143096890775923e-18
1.336595516546439315e-08,1.947778353379035365e-20,3.642246347079919144e-20,6.648143096890775923e-18
1.351035207302348917e-08,1.947778353379035365e-20,3.642246347079919144e-20,6.648143096890775923e-18
1.365630894892413254e-08,1.947778353379035365e-20,3.642246347079919144e-20,6.648143096890775923e-18
1.380384264602880616e-08,1.947778353379035365e-20,3.642246347079919144e-20,6.648143096890775923e-18
1.395297019926713753e-08,1.947778353379035365e-20,3.642246347079919144e-20,6.648143096890775923e-18
1.410370882760287634e-08,1.947778353379035365e-20,3.642246347079919144e-20,6.648143096890775923e-18
1.425607593602187581e-08,1.947778353379035365e-20,3.642246347079919144e-20,6.648143096890775923e-18
1.441008911754205393e-08,1.947778353379035365e-20,3.642246347079919144e-20,6.648143096890775923e-18
1.456576615524456523e-08,1.947778353379035365e-20,3.642246347079919144e-20,6.648143096890775923e-18
1.472312502432717075e-08,1.947778353379035365e-20,3.642246347079919144e-20,6.648143096890775923e-18
1.488218389417973511e-08,1.947778353379035365e-20,3.642246347079919144e-20,6.648143096890775923e-18
1.504296113048215179e-08,1.947778353379035365e-20,3.642246347079919144e-20,6.648143096890775923e-18
1.520547529732492484e-08,1.947778353379035365e-20,3.642246347079919144e-20,6.648143096890775923e-18
1.536974515935267838e-08,1.947778353379035365e-20,3.642246347079919144e-20,6.648143096890775923e-18
1.553578968393079411e-08,2.932428736440813029e-20,5.420645223293427794e-20,9.887503341858963110e-18
1.570362804333547951e-08,2.932428736440813029e-20,5.420645223293427794e-20,9.887503341858963110e-18
1.587327961696749174e-08,2.932428736440813029e-20,5.420645223293427794e-20,9.887503341858963110e-18
1.604476399358976711e-08,2.932428736440813029e-20,5.420645223293427794e-20,9.887503341858963110e-18
1.621810097358929678e-08,2.932428736440813029e-20,5.420645223293427794e-20,9.887503341858963110e-18
1.639331057126312649e-08,2.932428736440813029e-20,5.420645223293427794e-20,9.887503341858963110e-18
1.657041301712966784e-08,2.932428736440813029e-20,5.420645223293427794e-20,9.887503341858963110e-18
1.674942876026435533e-08,2.932428736440813029e-20,5.420645223293427794e-20,9.887503341858963110e-18
1.693037847066086977e-08,2.932428736440813029e-20,5.420645223293427794e-20,9.887503341858963110e-18
1.711328304161777934e-08,2.932428736440813029e-20,5.420645223293427794e-20,9.887503341858963110e-18
1.729816359215098208e-08,2.932428736440813029e-20,5.420645223293427794e-20,9.887503341858963110e-18
1.748504146943220458e-08,2.932428736440813029e-20,5.420645223293427794e-20,9.887503341858963110e-18
1.767393825125384796e-08,2.932428736440813029e-20,5.420645223293427794e-20,9.887503341858963110e-18
1.786487574852045919e-08,2.932428736440813029e-20,5.420645223293427794e-20,9.887503341858963110e-18
1.805787600776711890e-08,2.932428736440813029e-20,5.420645223293427794e-20,9.887503341858963110e-18
1.825296131370504335e-08,3.403231515227182049e-20,6.328536541480504717e-20,1.154784489001211215e-17
1.845015419179473489e-08,3.403231515227182049e-20,6.328536541480504717e-20,1.154784489001211215e-17
1.864947741084663119e-08,3.403231515227182049e-20,6.328536541480504717e-20,1.154784489001211215e-17
1.885095398565047415e-08,3.403231515227182049e-20,6.328536541480504717e-20,1.154784489001211215e-17
1.905460717963245561e-08,3.403231515227182049e-20,6.328536541480504717e-20,1.154784489001211215e-17
1.926046050754137716e-08,3.403231515227182049e-20,6.328536541480504717e-20,1.154784489001211215e-17
1.946853773816378780e-08,3.403231515227182049e-20,6.328536541480504717e-20,1.154784489001211215e-17
1.967886289706841371e-08,3.403231515227182049e-20,6.328536541480504717e-20,1.154784489001211215e-17
1.989146026938029701e-08,3.403231515227182049e-20,6.328536541480504717e-20,1.154784489001211215e-17
2.010635440258483220e-08,3.403231515227182049e-20,6.328536541480504717e-20,1.154784489001211215e-17
2.032357010936216664e-08,3.403231515227182049e-20,6.328536541480504717e-20,1.154784489001211215e-17
2.054313247045216382e-08,3.403231515227182049e-20,6.328536541480504717e-20,1.154784489001211215e-17
2.076506683755035602e-08,4.387881898288959412e-20,8.101594880528206737e-20,1.487530489059658691e-17
2.098939883623517111e-08,4.387881898288959412e-20,8.101594880528206737e-20,1.487530489059658691e-17
2.121615436892684360e-08,4.387881898288959412e-20,8.101594880528206737e-20,1.487530489059658691e-17
2.144535961787794055e-08,4.387881898288959412e-20,8.101594880528206737e-20,1.487530489059658691e-17
2.167704104819693172e-08,4.387881898288959412e-20,8.101594880528206737e-20,1.487530489059658691e-17
2.191122541090368226e-08,4.387881898288959412e-20,8.101594880528206737e-20,1.487530489059658691e-17
2.214793974601830724e-08,4.387881898288959412e-20,8.101594880528206737e-20,1.487530489059658691e-17
2.238721138568336155e-08,4.387881898288959412e-20,8.101594880528206737e-20,1.487530489059658691e-17
2.262906795731971925e-08,4.387881898288959412e-20,8.101594880528206737e-20,1.487530489059658691e-17
2.287353738681657571e-08,5.372532281350736775e-20,9.922718054068167212e-20,1.811466513556477410e-17
2.312064790175589034e-08,5.372532281350736775e-20,9.922718054068167212e-20,1.811466513556477410e-17
2.337042803467168990e-08,5.372532281350736775e-20,9.922718054068167212e-20,1.811466513556477410e-17
2.362290662634455026e-08,5.372532281350736775e-20,9.922718054068167212e-20,1.811466513556477410e-17
2.387811282913169978e-08,5.372532281350736775e-20,9.922718054068167212e-20,1.811466513556477410e-17
2.413607611033308526e-08,5.372532281350736775e-20,9.922718054068167212e-20,1.811466513556477410e-17
2.439682625559389332e-08,5.372532281350736775e-20,9.922718054068167212e-20,1.811466513556477410e-17
2.466039337234337848e-08,5.372532281350736775e-20,9.922718054068167212e-20,1.811466513556477410e-17
2.492680789327174808e-08,6.803772728861298162e-20,1.260900824846875339e-19,2.301436692868611033e-17
2.519610057984369800e-08,6.803772728861298162e-20,1.260900824846875339e-19,2.301436692868611033e-17
2.546830252585037580e-08,6.803772728861298162e-20,1.260900824846875339e-19,2.301436692868611033e-17
2.574344516099960600e-08,6.803772728861298162e-20,1.260900824846875339e-19,2.301436692868611033e-17
2.602156025454491670e-08,6.803772728861298162e-20,1.260900824846875339e-19,2.301436692868611033e-17
2.630267991895376134e-08,6.803772728861298162e-20,1.260900824846875339e-19,2.301436692868611033e-17
2.658683661361537565e-08,7.320310634729772441e-20,1.351689956665582971e-19,2.467470847683926245e-17
2.687406314858869330e-08,7.320310634729772441e-20,1.351689956665582971e-19,2.467470847683926245e-17
2.716439268839074380e-08,7.320310634729772441e-20,1.351689956665582971e-19,2.467470847683926245e-17
2.745785875582598582e-08,7.320310634729772441e-20,1.351689956665582971e-19,2.467470847683926245e-17
2.775449523585700298e-08,7.320310634729772441e-20,1.351689956665582971e-19,2.467470847683926245e-17
2.805433637951712766e-08,7.320310634729772441e-20,1.351689956665582971e-19,2.467470847683926245e-17
2.835741680786481433e-08,7.788423111923076729e-20,1.443013142200871145e-19,2.633505002499241149e-17
2.866377151598176411e-08,7.788423111923076729e-20,1.443013142200871145e-19,2.633505002499241149e-17
2.897343587701319581e-08,7.788423111923076729e-20,1.443013142200871145e-19,2.633505002499241149e-17
2.928644564625232153e-08,7.788423111923076729e-20,1.443013142200871145e-19,2.633505002499241149e-17
2.960283696526880509e-08,7.788423111923076729e-20,1.443013142200871145e-19,2.633505002499241149e-17
2.992264636608183199e-08,9.760414179639696186e-20,1.798158863726992333e-19,3.282054741920695792e-17
3.024591077537828384e-08,9.760414179639696186e-20,1.798158863726992333e-19,3.282054741920695792e-17
3.057266751877644744e-08,9.760414179639696186e-20,1.798158863726992333e-19,3.282054741920695792e-17
3.090295432513581438e-08,9.760414179639696186e-20,1.798158863726992333e-19,3.282054741920695792e-17
3.123680933091344429e-08,9.760414179639696186e-20,1.798158863726992333e-19,3.282054741920695792e-17
3.157427108456735162e-08,1.020431394249541548e-19,1.888947995545699965e-19,3.447411206308193182e-17
3.191537855100761085e-08,1.020431394249541548e-19,1.888947995545699965e-19,3.447411206308193182e-17
3.226017111609499478e-08,1.020431394249541548e-19,1.888947995545699965e-19,3.447411206308193182e-17
3.260868859118930989e-08,1.020431394249541548e-19,1.888947995545699965e-19,3.447411206308193182e-17
3.296097121774574116e-08,1.118896432555719405e-19,2.071060312899696012e-19,3.780157206366640812e-17
3.331705967196146971e-08,1.118896432555719405e-19,2.071060312899696012e-19,3.780157206366640812e-17
3.367699506947228523e-08,1.118896432555719405e-19,2.071060312899696012e-19,3.780157206366640812e-17
3.404081897010002690e-08,1.118896432555719405e-19,2.071060312899696012e-19,3.780157206366640812e-17
3.440857338265126335e-08,1.173240524735631564e-19,2.161849444718403645e-19,3.946191361181956025e-17
3.478030076976782017e-08,1.173240524735631564e-19,2.161849444718403645e-19,3.946191361181956025e-17
3.515604405282971763e-08,1.173240524735631564e-19,2.161849444718403645e-19,3.946191361181956025e-17
3.553584661691108768e-08,1.362906787046711659e-19,2.516995166244524832e-19,4.594063410175593462e-17
3.591975231578959294e-08,1.362906787046711659e-19,2.516995166244524832e-19,4.594063410175593462e-17
3.630780547701013530e-08,1.362906787046711659e-19,2.516995166244524832e-19,4.594063410175593462e-17
3.670005090700259583e-08,1.362906787046711659e-19,2.516995166244524832e-19,4.594063410175593462e-17
3.709653389625617383e-08,1.414829607792865680e-19,2.607784298063232464e-19,4.760775255418725880e-17
3.749730022454831971e-08,1.414829607792865680e-19,2.607784298063232464e-19,4.760775255418725880e-17
3.790239616623081612e-08,1.414829607792865680e-19,2.607784298063232464e-19,4.760775255418725880e-17
3.831186849557282214e-08,1.461640855512195868e-19,2.694301000149294793e-19,4.917999434672411873e-17
3.872576449216165457e-08,1.461640855512195868e-19,2.694301000149294793e-19,4.917999434672411873e-17
3.914413194636190865e-08,1.461640855512195868e-19,2.694301000149294793e-19,4.917999434672411873e-17
3.956701916483355350e-08,1.604764900263252127e-19,2.967736503038579256e-19,5.416779589546174715e-17
3.999447497610965066e-08,1.604764900263252127e-19,2.967736503038579256e-19,5.416779589546174715e-17
4.042654873623431788e-08,1.703229938569429984e-19,3.149848820392575063e-19,5.748847899176804523e-17
4.086329033446161975e-08,1.703229938569429984e-19,3.149848820392575063e-19,5.748847899176804523e-17
4.130475019901600056e-08,1.703229938569429984e-19,3.149848820392575063e-19,5.748847899176804523e-17
4.175097930291511298e-08,1.801694976875607600e-19,3.322348170848119660e-19,6.064651638539812152e-17
4.220202916985481773e-08,1.801694976875607600e-19,3.322348170848119660e-19,6.064651638539812152e-17
4.265795188015923932e-08,1.846353983320486002e-19,3.413671356383407835e-19,6.231363483782944570e-17
4.311880007679358157e-08,1.846353983320486002e-19,3.413671356383407835e-19,6.231363483782944570e-17
4.358462697144272729e-08,1.846353983320486002e-19,3.413671356383407835e-19,6.231363483782944570e-17
4.405548635065526447e-08,1.944819021626663859e-19,3.595783673737404123e-19,6.562754102985757173e-17
4.453143258205395839e-08,1.944819021626663859e-19,3.595783673737404123e-19,6.562754102985757173e-17
4.501252062061327156e-08,2.090095307652171904e-19,3.863878639460881716e-19,7.053401972725708617e-17
4.549880601500475226e-08,2.090095307652171904e-19,3.863878639460881716e-19,7.053401972725708617e-17
4.599034491401090033e-08,2.142018128398325925e-19,3.954667771279589830e-19,7.219436127541023213e-17
4.648719407300841696e-08,2.142018128398325925e-19,3.954667771279589830e-19,7.219436127541023213e-17
4.698941086052139414e-08,2.287563444583140564e-19,4.223830844436228990e-19,7.709406306853156836e-17
4.749705326484539690e-08,2.287563444583140564e-19,4.223830844436228990e-19,7.709406306853156836e-17
4.801017990074320577e-08,2.339217235169987751e-19,4.314619976254936622e-19,7.876118152096289254e-17
4.852885001621208072e-08,2.339217235169987751e-19,4.314619976254936622e-19,7.876118152096289254e-17
4.905312349932583513e-08,2.482072249761737657e-19,4.582714941978414216e-19,8.366088331408422877e-17
4.958306088514909963e-08,2.482072249761737657e-19,4.582714941978414216e-19,8.366088331408422877e-17
5.011872336272716368e-08,2.580806318227221626e-19,4.764827259332410022e-19,8.698834331466871123e-17
5.066017278215114356e-08,2.627348535787245702e-19,4.856150444867698197e-19,8.864190795854367897e-17
5.120747166169950247e-08,2.627348535787245702e-19,4.856150444867698197e-19,8.864190795854367897e-17
5.176068319505665054e-08,2.726082604252730152e-19,5.028649795323243276e-19,9.179994535217375526e-17
5.231987125860965726e-08,2.726082604252730152e-19,5.028649795323243276e-19,9.179994535217375526e-17
5.288510041882365189e-08,2.869206649003785930e-19,5.302085298212527257e-19,9.679452380518954958e-17
5.345643593969700377e-08,2.967671687309964027e-19,5.484197615566523064e-19,1.001084299972176756e-16
5.403394379029700392e-08,2.967671687309964027e-19,5.484197615566523064e-19,1.001084299972176756e-16
5.461769065237694114e-08,3.014482935029294456e-19,5.570714317652586356e-19,1.016874486940327199e-16
5.520774392807571753e-08,3.066136725616141643e-19,5.656696966022068143e-19,1.033477902421858659e-16
5.580417174769961297e-08,3.256072018086528331e-19,6.016649170997414453e-19,1.098332876364004123e-16
5.640704297759009623e-08,3.256072018086528331e-19,6.016649170997414453e-19,1.098332876364004123e-16
5.701642722807468503e-08,3.307725808673375518e-19,6.107438302816122085e-19,1.114936291845535706e-16
5.763239486150466666e-08,3.406459877138859968e-19,6.289550620170118855e-19,1.148143122808598625e-16
5.825501700037946082e-08,3.552005193323674366e-19,6.562986123059402837e-19,1.197953369253193127e-16
5.888436553555878271e-08,3.552005193323674366e-19,6.562986123059402837e-19,1.197953369253193127e-16
5.952051313456344680e-08,3.650470231629852463e-19,6.735485473514946952e-19,1.229601512232275672e-16
6.016353324996595611e-08,3.694860207915424272e-19,6.826808659050235127e-19,1.246204927713807009e-16
6.081350012787161807e-08,3.748935269936030079e-19,6.917597790868942759e-19,1.262808343195338591e-16
6.147048881649141798e-08,3.938870562406416767e-19,7.272743512395064187e-19,1.328476545650865195e-16
6.213457517480736454e-08,3.990524352993263954e-19,7.363532644213771819e-19,1.344266732619015639e-16
6.280583588133155830e-08,4.089258421458747923e-19,7.545644961567767626e-19,1.377405794539296899e-16
6.348434844296010797e-08,4.180459645463650642e-19,7.722950795472538550e-19,1.409867166031760584e-16
6.417019120392145115e-08,4.330578474356675445e-19,7.996386298361822532e-19,1.459745181519136745e-16
6.486344335482377794e-08,4.330578474356675445e-19,7.996386298361822532e-19,1.459745181519136745e-16
6.556418494179781193e-08,4.377658752235312227e-19,8.087175430180530164e-19,1.476348597000668328e-16
6.627249687573952785e-08,4.476123790541490324e-19,8.269287747534525971e-19,1.509555427963731247e-16
6.698846094165251469e-08,4.673322897313152390e-19,8.624433469060647399e-19,1.574410401905876711e-16
6.771215980809129456e-08,4.816446942064208168e-19,8.888256005051480652e-19,1.623407419837090073e-16
6.844367703670651050e-08,4.863258189783538597e-19,8.979045136870188284e-19,1.639129837762458611e-16
6.918309709189346557e-08,4.914911980370386265e-19,9.070368322405476459e-19,1.655801022286771853e-16
6.993050535054470138e-08,5.058036025121442043e-19,9.343269771578179898e-19,1.705611268731366355e-16
7.068598811190803219e-08,5.156501063427620140e-19,9.520575605482950822e-19,1.738072640223830040e-16
7.144963260755133171e-08,5.254966101733798238e-19,9.702687922836946629e-19,1.771279471186893205e-16
7.222152701143366221e-08,5.301777349453128666e-19,9.793477054655654261e-19,1.787882886668424542e-16
7.300176045008776194e-08,5.543366432510362542e-19,1.023941190800048236e-18,1.869273507049319930e-16
7.379042301291003960e-08,5.597710524690274701e-19,1.033073509353577053e-18,1.885944691573633172e-16
7.458760576256290662e-08,5.693754291562694179e-19,1.051284741088976634e-18,1.919083753493914432e-16
7.539340074548936763e-08,5.937764646053686674e-19,1.095878226423459444e-18,2.000609911960373138e-16
7.620790100254107378e-08,5.982154622339258483e-19,1.104957139605330400e-18,2.017145558399122815e-16
7.703120057972130775e-08,6.080888690804742451e-19,1.122741128367465354e-18,2.049606929891586500e-16
7.786339453904391968e-08,6.277818767417097683e-19,1.158682943493342027e-18,2.115207363304331199e-16
7.870457896950966979e-08,6.423364083601913044e-19,1.185545845437347937e-18,2.164204381235544561e-16
7.955485099820108945e-08,6.613030345912992416e-19,1.221060417589959983e-18,2.229059355177690026e-16
8.041430880149725030e-08,6.664953166659146919e-19,1.230139330771830746e-18,2.245595001616439949e-16
8.128305161640965918e-08,6.906542249716380794e-19,1.275640707424500671e-18,2.328679848066879030e-16
8.216117975204089333e-08,6.953353497435711223e-19,1.284292377633107000e-18,2.344537804077811378e-16
8.304879460116564515e-08,7.150552604207373289e-19,1.320234192758983673e-18,2.410206006533337736e-16
8.394599865193969534e-08,7.392141687264607164e-19,1.365308326438388971e-18,2.492409855427614017e-16
8.485289549973253972e-08,7.443795477851453869e-19,1.374387239620259734e-18,2.509013270909145847e-16
8.576958985908930759e-08,7.636152041755599659e-19,1.409901811772871973e-18,2.573800475808509405e-16
8.669618757582153499e-08,7.830929877093503105e-19,1.446324275243671135e-18,2.640214137734635244e-16
8.763279563922865902e-08,7.877472094653526700e-19,1.454922540080619217e-18,2.656072093745567592e-16
8.857952219445150371e-08,8.126594022171342306e-19,1.499996673760024708e-18,2.738275942639843874e-16
8.953647655495917348e-08,8.269718066922399046e-19,1.526859575704030618e-18,2.787272960571057483e-16
9.050376921517098231e-08,8.513728421413391541e-19,1.571453061038513427e-18,2.868799119037516189e-16
9.148151186321455664e-08,8.710658498025745810e-19,1.607822119137654534e-18,2.935212780963642027e-16
9.246981739382196489e-08,8.900593790496133942e-19,1.643336691290266774e-18,2.999999985863005586e-16
9.346879992136498546e-08,9.050712619389158745e-19,1.670626836207537117e-18,3.049810232307600088e-16
9.447857479303168357e-08,9.240647911859544952e-19,1.706622056705071845e-18,3.115478434763126938e-16
9.549925860214355592e-08,9.437847018631206055e-19,1.742136628857684084e-18,3.180333408705272403e-16
9.653096920161996645e-08,9.679436101688440893e-19,1.787157357165431328e-18,3.262537257599548684e-16
9.757382571758464530e-08,9.967836432465005197e-19,1.840829755681784901e-18,3.360599062504757314e-16
9.862794856312092163e-08,1.011822429151733683e-18,1.868173305970713299e-18,3.410409308949351816e-16
9.969345945217510761e-08,1.036223464600832933e-18,1.912766791305196108e-18,3.491867698373028617e-16
1.007704814136102309e-07,1.065063497678489363e-18,1.966439189821550067e-18,3.589929503278237247e-16
1.018591388054114787e-07,1.080102283583722527e-18,1.993782740110478465e-18,3.639739749722831749e-16
1.029595573290451531e-07,1.108915413645448274e-18,2.047935786971754719e-18,3.738547014098639860e-16
1.040718640439727924e-07,1.128662227338545068e-18,2.083396953752708518e-18,3.803401988040785324e-16
1.051961873823219803e-07,1.157502260416201498e-18,2.137122757640720338e-18,3.901463792945993461e-16
1.063326571637157753e-07,1.176953140934061352e-18,2.173064572766596818e-18,3.967064226358738406e-16
1.074814046102622819e-07,1.201354176383160601e-18,2.218619354790924990e-18,4.050149072809177486e-16
1.086425623617065222e-07,1.235359588519501702e-18,2.281424071860807573e-18,4.164814293195917946e-16
1.098162644907441289e-07,1.264952906043216306e-18,2.335096470377161146e-18,4.262808329058344670e-16
1.110026465185043144e-07,1.283946435290254926e-18,2.371038285503037626e-18,4.328476531513871028e-16
1.122018454301962231e-07,1.308105343595978410e-18,2.415631770837520436e-18,4.409867151894766416e-16
1.134139996909262527e-07,1.337671758103762330e-18,2.469357574725532256e-18,4.507928956799974553e-16
1.146392492616859073e-07,1.381550577086651924e-18,2.550800766504078661e-18,4.656682005705940977e-16
1.158777356155123783e-07,1.405951612535751174e-18,2.595394251838561856e-18,4.738072626086836365e-16
1.171296017538235880e-07,1.444396022300649456e-18,2.667277882090314817e-18,4.869273492912325269e-16
1.183949922229298931e-07,1.464115932977815759e-18,2.703273102587849544e-18,4.934941695367852120e-16
1.196740531307240213e-07,1.498121345114156860e-18,2.766077819657732127e-18,5.049606915754592579e-16
1.209669321635515986e-07,1.532395787409804602e-18,2.828882536727614710e-18,5.164272136141332053e-16
1.222737786032629156e-07,1.561235820487461033e-18,2.882554935243968283e-18,5.262333941046540683e-16
1.235947433444508285e-07,1.600406611682486997e-18,2.954919213840643925e-18,5.394348036385411466e-16
1.249299789118730487e-07,1.639120051606691728e-18,3.026375601119132837e-18,5.524871212783083288e-16
1.262796394780635729e-07,1.673152366758963512e-18,3.089180318189015420e-18,5.639400895084259936e-16
1.276438808811342715e-07,1.707399906038680571e-18,3.151985035258897618e-18,5.754133884513781808e-16
1.290228606427678799e-07,1.746086442946955004e-18,3.223868665510650964e-18,5.885402520382053111e-16
1.304167379864075283e-07,1.784772979855228859e-18,3.295325052789139876e-18,6.015857927736943520e-16
1.318256738556404799e-07,1.818805295007501029e-18,3.358557012832286893e-18,6.131268607594283461e-16
1.332498309327817163e-07,1.862684113990390623e-18,3.439572961637568864e-18,6.279140658944086593e-16
1.346893736576579522e-07,1.906562932973280217e-18,3.520161667469586016e-18,6.426199481780507845e-16
1.361444682465946456e-07,1.945249469881554072e-18,3.592045297721339748e-18,6.557535886691561546e-16
1.376152827116080713e-07,1.979254882017895558e-18,3.654850014791222331e-18,6.672133338035519607e-16
1.391019868798051013e-07,2.037688232619266399e-18,3.762675460168851772e-18,6.869070176359317761e-16
1.406047524129911441e-07,2.081567051602155993e-18,3.843691408974133743e-18,7.016942227709120893e-16
1.421237528274926214e-07,2.120253588510430233e-18,3.915147796252623041e-18,7.147329866021228904e-16
1.436591635141908595e-07,2.164132407493319828e-18,3.996163745057905012e-18,7.295201917371032036e-16
1.452111617587741167e-07,2.208011226476209422e-18,4.077126288491529121e-18,7.443141737763616580e-16
1.467799267622067974e-07,2.266417674061649965e-18,4.185005139240816424e-18,7.640010807044633321e-16
1.483656396614223336e-07,2.314977617816472313e-18,4.274672758254705110e-18,7.803673045362586403e-16
1.499684835502371173e-07,2.368702940629979717e-18,4.372992047477199739e-18,7.983125470648690421e-16
1.515886435004915427e-07,2.417262884384802450e-18,4.463086909464352859e-18,8.147600937480024397e-16
1.532263065834193501e-07,2.475454107842797911e-18,4.570912354841982300e-18,8.344537775803822550e-16
1.548816618912477606e-07,2.523987148581689575e-18,4.660579973855870986e-18,8.508200014121776618e-16
1.565549005590308355e-07,2.577712471395196979e-18,4.759326506051630049e-18,8.688533436964042942e-16
1.582462157867191841e-07,2.640584819625125194e-18,4.875857027009524067e-18,8.901124924170427234e-16
1.599558028614666297e-07,2.689871144810075610e-18,4.965951888996677186e-18,9.065668160044544594e-16
1.616838591801806088e-07,2.752743493040003824e-18,5.082909652927835638e-18,9.279208413849874577e-16
1.634305842723134188e-07,2.821023347471992475e-18,5.208091844094335600e-18,9.507657857067190232e-16
1.651961798229011174e-07,2.874748670285499879e-18,5.307265619263359868e-18,9.688736739380057023e-16
1.669808496958513169e-07,2.942275240271430550e-18,5.432394405058201968e-18,9.917253951640155076e-16
1.687847999574810915e-07,3.000439560713495327e-18,5.540273255807490041e-18,1.011412302092117280e-15
1.706082389003121183e-07,3.068719415145483978e-18,5.666309932920519641e-18,1.034426669020803264e-15
1.724513770671198747e-07,3.136757142434096863e-18,5.791919367060284037e-18,1.057352936193873116e-15
1.743144272752442782e-07,3.205036996866085900e-18,5.918009449544971498e-18,1.080367303122559298e-15
1.761976046411625093e-07,3.282921227985316595e-18,6.061349467075213757e-18,1.106539707444875469e-15
1.781011266053273791e-07,3.351201082417305246e-18,6.186958901214978923e-18,1.129465974617945321e-15
1.800252129572740211e-07,3.423893031461920972e-18,6.321647248536614467e-18,1.154066137147724638e-15
1.819700858609981100e-07,3.506485290369015105e-18,6.474546827593650169e-18,1.181973428965253842e-15
1.839359698806067195e-07,3.579204142429561129e-18,6.608807931942021279e-18,1.206485491739416830e-15
1.859230920062494417e-07,3.652649375920235221e-18,6.743976927608579119e-18,1.231160200216256194e-15
1.879316816803264333e-07,3.735214731811398285e-18,6.896449263692350387e-18,1.258986169182447309e-15
1.899619708239812774e-07,3.813341090074005131e-18,7.040216524195856309e-18,1.285239896356101569e-15
1.920141938638799826e-07,3.895906445965168965e-18,7.192688860279627578e-18,1.313079419130849163e-15
1.940885877592775769e-07,3.988372111718811976e-18,7.363372428098797464e-18,1.344232848097624686e-15
1.961853920293806600e-07,4.065503058391984690e-18,7.506712445629040493e-18,1.370405252419940857e-15
1.983048487810020231e-07,4.167788324960314442e-18,7.695607245183610537e-18,1.404879364483022943e-15
2.004472027365157011e-07,4.250380583867409345e-18,7.848026175895722404e-18,1.432712110353492100e-15
2.026127012621138590e-07,4.342819346605121287e-18,8.018709743714892290e-18,1.463865539320267820e-15
2.048015943963688222e-07,4.445077710157520741e-18,8.207551137897804473e-18,1.498339651383349709e-15
2.070141348791036128e-07,4.542708754969848037e-18,8.387313618898846278e-18,1.531160198802556654e-15
2.092505781805749603e-07,4.634636360404878150e-18,8.557035890028171573e-18,1.562144205162377956e-15
2.115111825309695834e-07,4.742087006031892958e-18,8.755009602764611995e-18,1.598292212582169310e-15
2.137962089502227932e-07,4.844399175616153778e-18,8.943850996947524178e-18,1.632773101549529438e-15
2.161059212781556351e-07,4.955804564584974043e-18,9.150049136919306111e-18,1.670405251006241514e-15
2.184405862049398837e-07,5.053408706381370271e-18,9.329811617920347916e-18,1.703219021521170220e-15
2.208004733018897558e-07,5.179879784271354768e-18,9.563246497437742523e-18,1.745838972526619887e-15
2.231858550525901061e-07,5.276972768765069166e-18,9.742528330093860492e-18,1.778571420190210701e-15
2.255970068843572426e-07,5.407855941267679582e-18,9.985095528164784880e-18,1.822858489648091594e-15
2.280342072000413612e-07,5.520014614682558213e-18,1.019172091110983125e-17,1.860571961956141759e-15
2.304977374101722662e-07,5.636585382710063533e-18,1.040742520723674953e-17,1.899952552716623150e-15
2.329878819654522428e-07,5.757864178525431905e-18,1.063135393059900933e-17,1.940824062418303502e-15
2.355049283896003153e-07,5.889742762617476454e-18,1.087386772329827431e-17,1.985104354971906155e-15
2.380491673125511738e-07,6.016186937491529882e-18,1.110783665653225062e-17,2.027805628828693912e-15
2.406208925040112320e-07,6.152477616196201120e-18,1.135948276778504384e-17,2.073753039834727791e-15
2.432204009073810787e-07,6.283629818858118371e-18,1.160156931751104594e-17,2.117952009536992749e-15
2.458479926740402483e-07,6.419920497562789609e-18,1.185326883413549856e-17,2.163892643638748388e-15
2.485039711980045264e-07,6.565600328827257424e-18,1.212221828580550522e-17,2.212991315134134608e-15
2.511886431509578038e-07,6.711764414378476770e-18,1.239159498044877631e-17,2.262178086385136763e-15
2.539023185176597999e-07,6.857175215483638521e-18,1.266102508046370526e-17,2.311358080731861073e-15
2.566453106317412521e-07,7.013212707881406745e-18,1.294818576386911207e-17,2.363784212227831505e-15
2.594179362118809574e-07,7.158623508986567725e-18,1.321761586388404256e-17,2.412970983478833660e-15
2.622205153983762084e-07,7.314661001384335950e-18,1.350477654728944783e-17,2.465390338070526246e-15
2.650533717901073638e-07,7.475110588394730094e-18,1.380149679222164886e-17,2.519558133965987753e-15
2.679168324819024833e-07,7.640510330336363826e-18,1.410638805901753199e-17,2.575223625706926462e-15
2.708112281023049392e-07,7.800959917346759511e-18,1.440310830394973302e-17,2.629391421602388363e-15
2.737368928517498785e-07,7.980672063763498340e-18,1.473486247268962071e-17,2.689956615136448333e-15
2.766941645411507040e-07,8.146287029832577540e-18,1.504071503617534998e-17,2.745784752580063220e-15
2.796833846309071641e-07,8.331164555308002965e-18,1.538202876644203189e-17,2.808098387417892506e-15
2.827048982703299727e-07,8.510849798708812266e-18,1.571421017815518556e-17,2.868744903803290566e-15
2.857590543374939735e-07,8.695700421168305082e-18,1.605552390842187056e-17,2.931051761736842006e-15
2.888462054795215447e-07,8.890424450474347546e-18,1.641414097910576435e-17,2.996516657064023239e-15
2.919667081532991026e-07,9.084906352637013475e-18,1.677366594110784796e-17,3.062157751902437130e-15
2.951209226666380850e-07,9.284311506714989464e-18,1.714136192497361214e-17,3.129276211873493503e-15
2.983092132198759157e-07,9.493321037480205956e-18,1.752732254594643588e-17,3.199817008505028656e-15
3.015319479479285963e-07,9.697918473632796529e-18,1.790500533431226024e-17,3.268690686684132584e-15
3.047894989627975724e-07,9.906928004398014562e-18,1.829091254991342612e-17,3.339136606655773563e-15
3.080822423965352150e-07,1.012581094200978070e-17,1.869551164559491445e-17,3.412998086383615082e-15
3.114105584446750057e-07,1.034418272231886270e-17,1.909872220161329221e-17,3.486602043748885854e-15
3.147748314101311366e-07,1.057293906677717695e-17,1.952105188068525841e-17,3.563784206573034134e-15
3.181754497475696430e-07,1.080166850821956013e-17,1.994290091141229768e-17,3.640722400843166962e-15
3.216128061082646746e-07,1.104939147890898347e-17,2.040117240561014036e-17,3.724383284157251400e-15
3.250872973854336043e-07,1.128280204512329864e-17,2.083167310654579020e-17,3.802975043071259764e-15
3.285993247600651634e-07,1.153569039487140549e-17,2.129907691929715803e-17,3.888296267933497188e-15
3.321492937472394919e-07,1.178882087176288889e-17,2.176594667833195033e-17,3.973536169944396522e-15
3.357376142429541835e-07,1.205158262835754385e-17,2.225065383150053313e-17,4.062022209104541979e-15
3.393647005714506112e-07,1.230917900589351376e-17,2.272622866611558461e-17,4.148841129812256210e-15
3.430309715330541361e-07,1.258103398187272971e-17,2.322909364564791125e-17,4.240641075164430187e-15
3.467368504525308478e-07,1.285388436944137825e-17,2.373195862518023480e-17,4.332441020516604164e-15
3.504827652279667651e-07,1.313563965528307184e-17,2.425303483644795698e-17,4.427568425869362353e-15
3.542691483801745802e-07,1.341809441953896242e-17,2.477411104771568223e-17,4.522695831222120541e-15
3.580964371026355674e-07,1.371435043096727704e-17,2.532156951258248976e-17,4.622641615516662297e-15
3.619650733119771361e-07,1.401138662985758033e-17,2.586908138282095514e-17,4.722580622906925024e-15
3.658755036990025416e-07,1.432738945497899116e-17,2.645290890578690204e-17,4.829174550298357751e-15
3.698281797802653986e-07,1.464312324994109440e-17,2.703636259115124390e-17,4.935680377934173361e-15
3.738235579502044526e-07,1.496972586333918295e-17,2.763845475122425036e-17,5.045594988421912060e-15
3.778620995338415761e-07,1.529530616213190322e-17,2.824006626295233606e-17,5.155428276058312669e-15
3.819442708400461121e-07,1.563546789555903773e-17,2.886854067662442478e-17,5.270161265487834147e-15
3.860705432153807583e-07,1.597116372834168573e-17,2.948793617711464005e-17,5.383315236220540728e-15
3.902413930985230109e-07,1.632119886861536835e-17,3.013414117417720663e-17,5.501287585895030876e-15
3.944573020752775717e-07,1.668105360970373695e-17,3.079855740297517184e-17,5.622506072718767146e-15
3.987187569341826320e-07,1.703622722602017355e-17,3.145480260990945339e-17,5.742301409644086459e-15
4.030262497227163851e-07,1.741580187778571038e-17,3.215473341086003218e-17,5.870079939809097372e-15
4.073802778041115491e-07,1.780428142782429224e-17,3.287282203817435173e-17,6.001185929974692496e-15
4.117813439147837775e-07,1.818385607958982598e-17,3.357371413581477819e-17,6.129120328938101347e-15
4.162299562223769741e-07,1.859229766744894953e-17,3.432779798362663208e-17,6.266786362444971114e-15
4.207266283844432473e-07,1.899603122752021003e-17,3.507323016122988157e-17,6.402873377255025984e-15
4.252718796077491928e-07,1.941407719206657408e-17,3.584504459243221332e-17,6.543771994102585392e-15
4.298662347082266087e-07,1.983233838074038360e-17,3.661728626660780797e-17,6.684758710705761919e-15
4.345102241715710859e-07,2.027010425596391588e-17,3.742557656665259482e-17,6.832312247554490539e-15
4.392043842144912250e-07,2.072239775978999719e-17,3.826062295789807513e-17,6.984758709292061788e-15
4.439492568466273270e-07,2.117469126361608158e-17,3.909572275451520713e-17,7.137211947933912064e-15
4.487453899331312994e-07,2.163217704951677901e-17,3.993947422134094971e-17,7.291244205272577238e-15
4.535933372579265175e-07,2.211331058642051597e-17,4.082872706481936298e-17,7.453584947256285579e-15
4.584936585876501832e-07,2.259492837761100601e-17,4.171749925995285549e-17,7.615830812580100141e-15
4.634469197362867557e-07,2.308593532136129416e-17,4.262448268682174663e-17,7.781417691713056971e-15
4.684536926305002387e-07,2.359195414800088133e-17,4.355784836728971386e-17,7.951809395979238523e-15
4.735145553756682333e-07,2.411231228213150929e-17,4.451898484101988009e-17,8.127277001549774389e-15
4.786300923226374516e-07,2.464273214422019667e-17,4.549790530351218205e-17,8.305983967365278926e-15
4.838008941351925909e-07,2.518722228364061415e-17,4.650363526257682916e-17,8.489583858069626881e-15
4.890275578582578388e-07,2.573663567497634323e-17,4.751849754019500760e-17,8.674857644130682723e-15
4.943106869868349783e-07,2.629565344299931282e-17,4.855060975285874314e-17,8.863275913776813455e-15
4.996508915356830185e-07,2.687955650075813260e-17,4.962827674754680108e-17,9.060009444972267174e-15
5.050487881097578777e-07,2.745832108247419841e-17,5.069681142368133386e-17,9.255082634619566330e-15
5.105049999754053968e-07,2.807130630045405039e-17,5.182820422225740400e-17,9.461622346305540024e-15
5.160201571323270586e-07,2.867891091524777185e-17,5.295089194525321187e-17,9.666569485486143131e-15
5.215948963863232830e-07,2.931137391676141861e-17,5.411769250523857988e-17,9.879594694566330830e-15
5.272298614228213926e-07,2.995298394369148079e-17,5.530323835067592512e-17,1.009600835578560690e-14
5.329257028811989423e-07,3.061428697828277705e-17,5.652424536289422609e-17,1.031891429130337679e-14
5.386830784299102475e-07,3.128546341972062449e-17,5.776346360684793183e-17,1.054514768682172931e-14
5.445026528424203469e-07,3.196651326800502313e-17,5.902041243419210928e-17,1.077460688877649560e-14
5.503850980739683163e-07,3.266652974252052623e-17,6.031330307666216321e-17,1.101063968788109144e-14
5.563310933391507219e-07,3.339143150677188262e-17,6.165121444743996707e-17,1.125489287187511491e-14
5.623413251903487185e-07,3.411116789196455396e-17,6.298010031040755534e-17,1.149748571432098539e-14
5.684164875969966751e-07,3.486490968929356601e-17,6.437221813341829833e-17,1.175162640165686770e-14
5.745572820257169972e-07,3.562408589584056764e-17,6.577298762663763956e-17,1.200734610768956571e-14
5.807644175213111942e-07,3.641629900595041000e-17,6.723608118858193954e-17,1.227445101290959937e-14
5.870386107886296364e-07,3.720428834255913314e-17,6.869052308031764128e-17,1.253997689943281893e-14
5.933805862753266749e-07,3.802606786717676077e-17,7.020830374283980113e-17,1.281703707703749227e-14
5.997910762555080030e-07,3.884808951893775878e-17,7.172555035164537004e-17,1.309402948559938637e-14
6.062708209142825443e-07,3.970411658283510366e-17,7.330608232586576386e-17,1.338256296214701248e-14
6.128205684332280770e-07,4.058432945805410021e-17,7.493163502839389530e-17,1.367932360048834447e-14
6.194410750767805475e-07,4.145935005119847755e-17,7.654762816939523252e-17,1.397434257443018617e-14
6.261331052795514149e-07,4.237897584475587641e-17,7.824469066457351188e-17,1.428414875350700680e-14
6.328974317345999191e-07,4.331240288548569468e-17,7.996850925095247854e-17,1.459885463437694909e-14
6.397348354826466139e-07,4.425621449036474520e-17,8.171064587981016571e-17,1.491688797524747559e-14
6.466461060022591887e-07,4.522364694323091034e-17,8.349774983160393263e-17,1.524313492410315306e-14
6.536320413010041188e-07,4.621131046407691862e-17,8.532084900389524621e-17,1.557595547010866007e-14
6.606934480075950626e-07,4.721745635686728445e-17,8.717892869462258244e-17,1.591516663684849046e-14
6.678311414650263572e-07,4.826352632529873366e-17,8.910942606931825025e-17,1.626768086668637630e-14
6.750459458247161776e-07,4.931871641613067645e-17,9.105813467574932284e-17,1.662333958010933703e-14
6.823386941416681478e-07,5.040301557019957943e-17,9.306003503235183518e-17,1.698881125092709756e-14
6.897102284706587075e-07,5.150724985907309919e-17,9.509883850077005318e-17,1.736100561078880890e-14
6.971613999634654838e-07,5.264059321118357297e-17,9.719088712473136880e-17,1.774292482828970292e-14
7.046930689671448175e-07,5.379290318952516354e-17,9.931845032084529801e-17,1.813131598937625289e-14
7.123061051233727406e-07,5.497921858000308867e-17,1.015096727199756325e-16,1.853134987201271163e-14
7.200013874688531087e-07,5.617616066177362258e-17,1.037186791078681089e-16,1.893461633798985923e-14
7.277798045368225355e-07,5.740635487123443961e-17,1.059900095644855440e-16,1.934927478005862388e-14
7.356422544596409056e-07,5.866614239821897606e-17,1.083159737163091812e-16,1.977388849451202505e-14
7.435896450724900186e-07,5.994957767620654896e-17,1.106860507051223723e-16,2.020656672505645907e-14
7.516228940182046099e-07,6.126311742902051618e-17,1.131107613891417654e-16,2.064921378179408924e-14
7.597429288532216671e-07,6.260988240650883237e-17,1.155982767902310380e-16,2.110333413747466903e-14
7.679506871546827696e-07,6.398624070152086798e-17,1.181390373468633959e-16,2.156716579698587817e-14
7.762471166286901937e-07,6.538702693499793179e-17,1.207248720371751616e-16,2.203930594114213049e-14
7.846331752197339340e-07,6.681194517376479745e-17,1.233561546987679402e-16,2.251959192424075137e-14
7.931098312213006537e-07,6.828074223151454268e-17,1.260680260661927525e-16,2.301465833557007136e-14
8.016780633876768460e-07,6.978306044711388789e-17,1.288422215023425111e-16,2.352111672299100841e-14
8.103388610469606048e-07,7.130558282767714208e-17,1.316528928073347126e-16,2.403422325350883565e-14
8.190932242152958763e-07,7.287618089770847324e-17,1.345531783259691510e-16,2.456368923095417926e-14
8.279421637123325788e-07,7.446701003571964753e-17,1.374894056597294783e-16,2.509971525174079909e-14
8.368867012779495426e-07,7.610561893002364779e-17,1.405153006125037004e-16,2.565211427326349178e-14
8.459278696902253418e-07,7.776914001707944166e-17,1.435862162935856478e-16,2.621274045657988876e-14
8.550667128846824273e-07,7.947578663867206984e-17,1.467381479234728918e-16,2.678814706812698801e-14
8.643042860748347389e-07,8.122189998463495629e-17,1.499615359406386258e-16,2.737659922040957906e-14
8.736416558740205829e-07,8.299238746303100265e-17,1.532299980914837430e-16,2.797327853448587125e-14
8.830799004185611174e-07,8.481563175566706414e-17,1.565967261261797201e-16,2.858789631418650023e-14
8.926201094922465601e-07,8.667855799680083245e-17,1.600358184394723709e-16,2.921572905722956755e-14
9.022633846521678040e-07,8.857992864769949693e-17,1.635463671400435118e-16,2.985660734100812667e-14
9.120108393559073077e-07,9.051089261612186850e-17,1.671115495358208424e-16,3.050745445097988825e-14
9.218635990901042977e-07,9.250470202975825493e-17,1.707932090471844129e-16,3.117957426348083646e-14
9.318228015004101625e-07,9.453275898267434013e-17,1.745371926272729299e-16,3.186307249826484840e-14
9.418895965228397580e-07,9.659928724837126797e-17,1.783535404859581453e-16,3.255977891948702359e-14
9.520651465165583272e-07,9.871510183925313698e-17,1.822591287206839680e-16,3.327277024168965136e-14
9.623506263980863533e-07,1.008794763738898360e-16,1.862552390603702113e-16,3.400229043342675466e-14
9.727472237769643802e-07,1.030921687251379824e-16,1.903405897760970865e-16,3.474810230304859510e-14
9.832561390928725054e-07,1.053534210201409466e-16,1.945155547054661987e-16,3.551026684269367052e-14
9.938785857542500754e-07,1.076683986379574197e-16,1.987901740583492260e-16,3.629063414722993409e-14
1.004615790278393452e-06,1.100267439174540974e-16,2.031449548740910487e-16,3.708562601119849411e-14
1.015468992433078228e-06,1.124297213003797247e-16,2.075806982332664608e-16,3.789540508030203463e-14
1.026439445379708006e-06,1.148953020013759718e-16,2.121333459510013758e-16,3.872653817478611328e-14
1.037528415818010073e-06,1.174143658980423575e-16,2.167839391203572036e-16,3.957552163513890530e-14
1.048737184132294908e-06,1.199822318656069313e-16,2.215254816376466902e-16,4.044113561859034013e-14
1.060067044539295408e-06,1.226178934333167379e-16,2.263922063461026976e-16,4.132959454636350693e-14
1.071519305237604675e-06,1.253124457028987694e-16,2.313662758515914013e-16,4.223764550440488211e-14
1.083095288558719354e-06,1.280501504100335324e-16,2.364218953596019556e-16,4.316058532114541140e-14
1.094796331119733627e-06,1.308613003506589848e-16,2.416116691612176008e-16,4.410802364685154424e-14
1.106623783977665654e-06,1.337256913598111808e-16,2.469007235487455559e-16,4.507357663769324811e-14
1.118579012785450546e-06,1.366632854753106713e-16,2.523239856352502103e-16,4.606364169130910570e-14
1.130663397949637571e-06,1.396588017841088558e-16,2.578546993295309262e-16,4.707330555209745623e-14
1.142878334789769992e-06,1.427176746954237177e-16,2.635027980307160164e-16,4.810441153802195569e-14
1.155225233699497087e-06,1.458499928402292692e-16,2.692855850792227760e-16,4.916010413266766951e-14
1.167705520309425126e-06,1.490402331783334899e-16,2.751757703301338899e-16,5.023540231139015451e-14
1.180320635651726788e-06,1.523132809994722519e-16,2.812189085654737112e-16,5.133862133573872263e-14
1.193072036326530410e-06,1.556541513237721932e-16,2.873871755866083954e-16,5.246467852750475077e-14
1.205961194670104941e-06,1.590684399785468775e-16,2.936906116034095712e-16,5.361541720465188864e-14
1.218989598924862632e-06,1.625500130761641075e-16,3.001196036489789221e-16,5.478908892587637558e-14
1.232158753411201905e-06,1.661104927195059322e-16,3.066928970087683082e-16,5.598908892022157821e-14
1.245470178701192937e-06,1.697527575312769483e-16,3.134182354616682181e-16,5.721684033758591427e-14
1.258925411794164420e-06,1.734830759141889622e-16,3.203050717584621426e-16,5.847408484236887247e-14
1.272526006294165004e-06,1.772759707121556741e-16,3.273083851708422578e-16,5.975260204968101731e-14
1.286273532589344128e-06,1.811620306542902314e-16,3.344828627993865099e-16,6.106235400881128561e-14
1.300169578033288639e-06,1.851353639801038071e-16,3.418188916771963851e-16,6.240159905536017606e-14
1.314215747128297648e-06,1.891912357587926072e-16,3.493078201340632606e-16,6.376876494753514962e-14
1.328413661710648534e-06,1.933351342056065078e-16,3.569578191918508878e-16,6.516532905046884998e-14
1.342764961137860896e-06,1.975803225073993072e-16,3.647967130491931113e-16,6.659637404236990651e-14
1.357271302477984916e-06,2.019135105743012608e-16,3.727971581558009086e-16,6.805691889859386974e-14
1.371934360700933810e-06,2.063344562791689735e-16,3.809591545116743783e-16,6.954695006533217056e-14
1.386755828871884330e-06,2.108623683753769634e-16,3.893186973373110672e-16,7.107304791663893569e-14
1.401737418346767726e-06,2.154819659498766299e-16,3.978483896770502950e-16,7.263020432025257744e-14
1.416880858969861785e-06,2.202142064520779028e-16,4.065860959393976827e-16,7.422533849544110926e-14
1.432187899273540466e-06,2.250290123101703464e-16,4.154753132411390157e-16,7.584812921698889178e-14
1.447660306680158701e-06,2.299651238670940833e-16,4.245889399145875215e-16,7.751188632489823661e-14
1.463299867706132062e-06,2.350037359147135954e-16,4.338913545768473078e-16,7.921012432177495024e-14
1.479108388168205805e-06,2.401587035062331334e-16,4.434090996976323812e-16,8.094765480965651986e-14
1.495087693391977862e-06,2.454253186138649238e-16,4.531334167959908523e-16,8.272289876984614714e-14
1.511239628422650593e-06,2.508090425498427976e-16,4.630729575421312947e-16,8.453744199794491495e-14
1.527566058238069522e-06,2.562950248493730764e-16,4.732023009791444678e-16,8.638662876071372934e-14
1.544068867964063044e-06,2.619121593515653147e-16,4.835733037229104016e-16,8.827993317033345599e-14
1.560749963092107231e-06,2.676552268713288545e-16,4.941773141032205226e-16,9.021577620810729659e-14
1.577611269699344124e-06,2.735254918504125393e-16,5.050152400113929651e-16,9.219440184258926777e-14
1.594654734670973836e-06,2.795123545005396697e-16,5.160683895673472803e-16,9.421216409927771436e-14
1.611882325925055397e-06,2.856544744556026028e-16,5.274087532120787589e-16,9.628242025650490194e-14
1.629296032639719321e-06,2.919087530840803767e-16,5.389561694827285066e-16,9.839049153960431447e-14
1.646897865482864732e-06,2.983136616987538712e-16,5.507820947665751368e-16,1.005493963816943182e-13
1.664689856844312879e-06,3.048543498348293088e-16,5.628587582703562657e-16,1.027540792121834092e-13
1.682674061070465762e-06,3.115365209316840885e-16,5.751962002039437685e-16,1.050063765721309717e-13
1.700852554701529985e-06,3.183552786404187619e-16,5.877848076004391314e-16,1.073045264664246632e-13
1.719227436711270493e-06,3.253337326517177442e-16,6.006701886472383655e-16,1.096568509335180992e-13
1.737800828749372321e-06,3.324681972523986360e-16,6.138427303774430557e-16,1.120615879782989499e-13
1.756574875386414592e-06,3.397535070634026229e-16,6.272937277154728227e-16,1.145171789127832202e-13
1.775551744361494247e-06,3.472039744892048485e-16,6.410496697256701630e-16,1.170284285621041759e-13
1.794733626832521740e-06,3.548104794074048808e-16,6.550927724192728609e-16,1.195921043429210901e-13
1.814122737629223636e-06,3.626011085666342749e-16,6.694771888431422837e-16,1.222180869816715483e-13
1.833721315508876686e-06,3.705331937836270152e-16,6.841228643451629519e-16,1.248917586958275574e-13
1.853531623414808088e-06,3.786647110577136887e-16,6.991352745343594873e-16,1.276323930011562045e-13
1.873555948737673604e-06,3.869665513256572675e-16,7.144630968485686356e-16,1.304306038852322220e-13
1.893796603579588266e-06,3.954426424277836692e-16,7.301135944183356686e-16,1.332877128443898856e-13
1.914255925021084058e-06,4.041089916585716298e-16,7.461144846315513618e-16,1.362087957799335275e-13
1.934936275390950467e-06,4.129698496945382275e-16,7.624744191584241901e-16,1.391954249336556994e-13
1.955840042539017214e-06,4.220301128845827627e-16,7.792025837228794044e-16,1.422492674240088103e-13
1.976969640111857336e-06,4.312705455723148449e-16,7.962633569420209643e-16,1.453638445305029389e-13
1.998327507831478389e-06,4.407246958186000081e-16,8.137187424523439924e-16,1.485504601294740880e-13
2.019916111777025276e-06,4.503834165980218740e-16,8.315508494543430558e-16,1.518058477530601589e-13
2.041737944669524352e-06,4.602555859058374548e-16,8.497789572871865932e-16,1.551335246145815263e-13
2.063795526159706065e-06,4.703567536852548404e-16,8.684289141507571082e-16,1.585382209932243890e-13
2.086091403118934935e-06,4.806570575885907974e-16,8.874466204035651377e-16,1.620100358318382830e-13
2.108628149933286271e-06,4.912004302408601351e-16,9.069129851836724900e-16,1.655637698893667828e-13
2.131408368800782733e-06,5.019680664339274589e-16,9.267930813780150222e-16,1.691930257681712808e-13
2.154434690031879272e-06,5.129738212209968715e-16,9.471127037811032350e-16,1.729025337474379503e-13
2.177709772353157473e-06,5.242028979433066859e-16,9.678456303554533647e-16,1.766874822251292538e-13
2.201236303214305548e-06,5.356999018012698310e-16,9.890727702391270225e-16,1.805626516294759124e-13
2.225016999098446213e-06,5.474495518818376818e-16,1.010766352638862318e-15,1.845229796129821631e-13
2.249054605835777747e-06,5.594422438083230162e-16,1.032908646971268643e-15,1.885652200384987099e-13
2.273351898920626043e-06,5.717028359674457843e-16,1.055545635261343663e-15,1.926977762673304946e-13
2.297911683831915293e-06,5.842402332574789940e-16,1.078693232309841323e-15,1.969235420376043445e-13
2.322736796357101338e-06,5.970502388079375589e-16,1.102344602229189416e-15,2.012412771758372976e-13
2.347830102919606227e-06,6.101368342651789937e-16,1.126507488798278579e-15,2.056523980550235122e-13
2.373194500909786603e-06,6.235014454890478206e-16,1.151182372665453585e-15,2.101569792211100680e-13
2.398832919019482917e-06,6.371771093831068866e-16,1.176432005142412765e-15,2.147664939730399052e-13
2.424748317580181239e-06,6.511394518149228838e-16,1.202210938257874936e-15,2.194726202723594208e-13
2.450943688904811804e-06,6.654130890440723918e-16,1.228565047226094347e-15,2.242837750341821258e-13
2.477422057633280010e-06,6.799933668487994806e-16,1.255484398647942735e-15,2.291981013867357697e-13
2.504186481081693442e-06,6.949041482042346228e-16,1.283014547305444503e-15,2.342239281453782399e-13
2.531240049595360737e-06,7.101306902576478271e-16,1.311128042837567214e-15,2.393562607316564926e-13
2.558585886905642329e-06,7.257028284537061338e-16,1.339879145101915650e-15,2.446049934258167327e-13
2.586227150490614959e-06,7.416158278616057244e-16,1.369259149022909234e-15,2.499685404322578395e-13
2.614167031939652021e-06,7.578687468757891129e-16,1.399267680762946607e-15,2.554468068743199302e-13
2.642408757321940917e-06,7.744770547304163035e-16,1.429931496413228606e-15,2.610447263383174625e-13
2.670955587558978498e-06,7.914543912545643200e-16,1.461277458875698887e-15,2.667671714184265097e-13
2.699810818801092880e-06,8.088066213057059444e-16,1.493315234522627771e-15,2.726159041097593385e-13
2.728977782808032715e-06,8.265384260086130040e-16,1.526052887565135545e-15,2.785924085543529276e-13
2.758459847333667526e-06,8.446589254856861772e-16,1.559509590531647529e-15,2.847001816348147730e-13
2.788260416514848683e-06,8.631686577972439991e-16,1.593683954882500521e-15,2.909389726056865736e-13
2.818382931264447928e-06,8.820912168882575763e-16,1.628621962642692185e-15,2.973171644975605182e-13
2.848830869668690798e-06,9.014182897268043286e-16,1.664305455985858849e-15,3.038314434042444657e-13
2.879607747388737481e-06,9.211872984080439628e-16,1.700805731083163709e-15,3.104948548664739835e-13
2.910717118066602182e-06,9.413696450260422859e-16,1.738068795103860913e-15,3.172975046040028667e-13
2.942162573735504165e-06,9.620097195570844580e-16,1.776176518482701816e-15,3.242543560214774185e-13
2.973947745234600913e-06,9.830971643400374461e-16,1.815110636582579920e-15,3.313620816588969787e-13
3.006076302628224975e-06,1.004641099497301633e-15,1.854888078906310228e-15,3.386237446769953372e-13
3.038551955629648194e-06,1.026667163603058972e-15,1.895554720668147186e-15,3.460477416601731006e-13
3.071378454029422028e-06,1.049173850088417447e-15,1.937109707382144663e-15,3.536339235165361601e-13
3.104559588128346921e-06,1.072167615677200466e-15,1.979563506501147403e-15,3.613841810023781637e-13
3.138099189175116007e-06,1.095671839090251464e-15,2.022959803619171241e-15,3.693064973109387896e-13
3.172001129808696707e-06,1.119686735551698012e-15,2.067298598736216966e-15,3.774008724422180377e-13
3.206269324505459513e-06,1.144227182429349984e-15,2.112607555834802857e-15,3.856723687437116459e-13
3.240907730031197546e-06,1.169316800571194086e-15,2.158931428616378497e-15,3.941291456081706402e-13
3.275920345897973352e-06,1.194946200824670965e-15,2.206251044552519160e-15,4.027676858222745953e-13
3.311311214825907713e-06,1.221139569001101957e-15,2.254613240154168246e-15,4.115965689468396240e-13
3.347084423210001949e-06,1.247907235858604397e-15,2.304034410870424867e-15,4.206187768197482526e-13
3.383244101591951787e-06,1.275253156140520492e-15,2.354524116262816323e-15,4.298360578823041284e-13
3.419794425137082393e-06,1.303207138388500991e-15,2.406136135540602032e-15,4.392582183149978833e-13
3.456739614116435053e-06,1.331779325039551752e-15,2.458888573124773761e-15,4.488886465699685109e-13
3.494083934394057185e-06,1.360978056028611546e-15,2.512799640247067482e-15,4.587304396924711480e-13
3.531831697919560464e-06,1.390794964517725900e-15,2.567850751838145669e-15,4.687804328682079134e-13
3.569987263225997051e-06,1.421292707630997032e-15,2.624159666742514546e-15,4.790600478916021528e-13
3.608555035933117862e-06,1.452446776720912443e-15,2.681679601854601630e-15,4.895607458632633093e-13
3.647539469256071761e-06,1.484276999310212805e-15,2.740448742015142440e-15,5.002894934407894386e-13
3.686945064519568109e-06,1.516817327005002553e-15,2.800527648915597287e-15,5.112573505319624263e-13
3.726776371677660651e-06,1.550067248647979246e-15,2.861918565581575900e-15,5.224647169741346822e-13
3.767037989839085818e-06,1.584042367988382570e-15,2.924646966375358930e-15,5.339162620543538946e-13
3.807734567798279121e-06,1.618761113592124770e-15,2.988749327165789240e-15,5.456186203619084035e-13
3.848870804572184393e-06,1.654253563031016748e-15,3.054278786297666155e-15,5.575815235313417361e-13
3.890451449942799996e-06,1.690504220167882210e-15,3.121209495571107074e-15,5.698002277296590488e-13
3.932481305005614440e-06,1.727572190928720606e-15,3.189649280431490155e-15,5.822944198637884580e-13
3.974965222723967004e-06,1.765427962705056451e-15,3.259542599292290828e-15,5.950539684618342285e-13
4.017908108489389673e-06,1.804130130265586164e-15,3.330998666138549667e-15,6.080988179530868354e-13
4.061314920688009601e-06,1.843673043976965029e-15,3.404008455462456443e-15,6.214273012190940461e-13
4.105190671273066304e-06,1.884091731565934155e-15,3.478633757279019550e-15,6.350507085823831684e-13
4.149540426343623203e-06,1.925395824312196960e-15,3.554893797522036211e-15,6.489725504793703180e-13
4.194369306729491311e-06,1.967603723878649590e-15,3.632823930547543439e-15,6.631992852998325880e-13
4.239682488582551399e-06,2.010721671764988473e-15,3.712432914836494108e-15,6.777324988393710991e-13
4.285485203974384872e-06,2.054793008729877792e-15,3.793802193580665521e-15,6.925871612795363633e-13
4.331782741500411546e-06,2.099841651554479915e-15,3.876976787508366981e-15,7.077712287059510216e-13
4.378580446890499608e-06,2.145876962488338494e-15,3.961972664825722758e-15,7.232878659329127531e-13
4.425883723626259510e-06,2.192909568222746522e-15,4.048810333195450261e-15,7.391407189349234656e-13
4.473698033564921003e-06,2.240973931521110676e-15,4.137552009875531145e-15,7.553411864649788176e-13
4.522028897569996604e-06,2.290097708683807565e-15,4.228250138940933725e-15,7.718988036273984125e-13
4.570881896148739952e-06,2.340291445693082687e-15,4.320923786109338922e-15,7.888170808585982650e-13
4.620262670096503256e-06,2.391584762769475312e-15,4.415627157832980994e-15,8.061058853312073913e-13
4.670176921148048034e-06,2.444015620068463485e-15,4.512431657093766550e-15,8.237782693628655677e-13
4.720630412635890455e-06,2.497589156066090074e-15,4.611345454913558505e-15,8.418357306494182411e-13
4.771628970155777017e-06,2.552340398489096979e-15,4.712433225197435465e-15,8.602900677812137830e-13
4.823178482239297310e-06,2.608287076424982327e-15,4.815729574626232119e-15,8.791475900561350767e-13
4.875284901033852421e-06,2.665450416353315217e-15,4.921270391609701762e-15,8.984148575175235091e-13
4.927954242989894273e-06,2.723877471648958376e-15,5.029145771009831945e-15,9.181083177120620589e-13
4.981192589555584963e-06,2.783588957634178659e-15,5.139392242100836449e-15,9.382346391135607665e-13
5.035006087879041289e-06,2.844598406525989108e-15,5.252035599677226563e-15,9.587985316704925734e-13
5.089400951518082290e-06,2.906955427485765638e-15,5.367166472654706122e-15,9.798165378062007954e-13
5.144383461157677162e-06,2.970683614458479850e-15,5.484829027275636326e-15,1.001296722036776222e-12
5.199959965335148613e-06,3.035793594135423945e-15,5.605042329257698883e-15,1.023242560914113674e-12
5.256136881173203643e-06,3.102342777552593881e-15,5.727913349560325033e-15,1.045673592253247358e-12
5.312920695120881545e-06,3.170341307146996105e-15,5.853459872172277090e-15,1.068593041860613189e-12
5.370317963702511449e-06,3.239842154956997428e-15,5.981781017463352046e-15,1.092019037955155804e-12
5.428335314274760723e-06,3.310850970615943750e-15,6.112885490509129884e-15,1.115953139224858884e-12
5.486979445791867406e-06,3.383425730123165067e-15,6.246881543997962028e-15,1.140415134230214736e-12
5.546257129579096490e-06,3.457595219705707639e-15,6.383822583301506734e-15,1.165414741051958269e-12
5.606175210114644499e-06,3.533379697334567085e-15,6.523744817261747539e-15,1.190958601056282183e-12
5.666740605819907680e-06,3.610832081242078815e-15,6.666747152626995394e-15,1.217064740808566318e-12
5.727960309858285737e-06,3.689977122202899387e-15,6.812874076071841742e-15,1.243741312924657542e-12
5.789841390942703236e-06,3.770868222703651150e-15,6.962223906885509149e-15,1.271006249093275460e-12
5.852390994151756345e-06,3.853529595458671535e-15,7.114843107741339464e-15,1.298868027221672596e-12
5.915616341754727998e-06,3.937989542440719867e-15,7.270783588660584717e-15,1.327336128198933875e-12
5.979524734045505394e-06,4.024308245696432075e-15,7.430154937465887040e-15,1.356430571000296825e-12
6.044123550185504828e-06,4.112523127320968655e-15,7.593028183301553064e-15,1.386164299512933074e-12
6.109420249055702984e-06,4.202663807534868484e-15,7.759456571323124740e-15,1.416547058925194567e-12
6.175422370117877161e-06,4.294793858164777241e-15,7.929557539942876869e-15,1.447600271031504448e-12
6.242137534285156094e-06,4.388932003709780657e-15,8.103367511624281393e-15,1.479330577198055619e-12
6.309573444801921168e-06,4.485137646029054630e-15,8.280993350516026927e-15,1.511757508462977524e-12
6.377737888133325687e-06,4.583453722336023901e-15,8.462515645323944247e-15,1.544895770708553858e-12
6.446638734864315319e-06,4.683924030740625076e-15,8.648016319888158781e-15,1.578760320562526814e-12
6.516283940608420755e-06,4.786597427119786583e-15,8.837584614584707610e-15,1.613367422595163562e-12
6.586681546926306496e-06,4.891517790292491340e-15,9.031301011308683619e-15,1.648731809796365236e-12
6.657839682254353589e-06,4.998738818678537943e-15,9.229264256592279089e-15,1.684871481623894640e-12
6.729766562843165360e-06,5.108313269092166027e-15,9.431574058264380972e-15,1.721804667950259795e-12
6.802470493706262100e-06,5.220284778225214842e-15,9.638309616491158025e-15,1.759545790027764898e-12
6.875959869579016381e-06,5.334708551066374804e-15,9.849571440182072414e-15,1.798113226820812283e-12
6.950243175887950131e-06,5.451645738170854931e-15,1.006547520537213221e-14,1.837528081609323996e-12
7.025328989730501028e-06,5.571146352245271372e-15,1.028611095351795602e-14,1.877806795163079365e-12
7.101225980865373425e-06,5.693258226851948859e-15,1.051156883288690033e-14,1.918965821805665425e-12
7.177942912713605081e-06,5.818049614942302728e-15,1.074197397226476263e-14,1.961028013258308375e-12
7.255488643370376825e-06,5.945584115245993569e-15,1.097744332941547038e-14,2.004014703215675887e-12
7.333872126627888684e-06,6.075910798864078568e-15,1.121806699920101429e-14,2.047942366332068079e-12
7.413102413009169534e-06,6.209100904982741788e-15,1.146397924272574074e-14,2.092835494339546143e-12
7.493188650813051479e-06,6.345209369560515069e-15,1.171527885992721726e-14,2.138712120580394885e-12
7.574140087170554614e-06,6.484284752541151775e-15,1.197205589226206089e-14,2.185588699378201141e-12
7.655966069112551725e-06,6.626428370682647268e-15,1.223449875388147939e-14,2.233499609968368401e-12
7.738676044649029723e-06,6.771670301556812058e-15,1.250266117058936045e-14,2.282454678862099521e-12
7.822279563860009630e-06,6.920106884863693629e-15,1.277672290486670710e-14,2.332486699499197476e-12
7.906786279998231860e-06,7.071787971891811564e-15,1.305677447881847898e-14,2.383612221079908935e-12
7.992205950603777038e-06,7.226805194313425620e-15,1.334298476022985874e-14,2.435862139510838209e-12
8.078548438630707911e-06,7.385211847003094954e-15,1.363545388417270541e-14,2.489254501688078421e-12
8.165823713585896676e-06,7.547105238169439346e-15,1.393436113247967468e-14,2.543822263697133964e-12
8.254041852680169859e-06,7.712524350282544089e-15,1.423977801494341736e-14,2.599578389755888738e-12
8.343213041991799549e-06,7.881596353898711507e-15,1.455193876752402572e-14,2.656565689568668643e-12
8.433347577642734007e-06,8.054354501145632316e-15,1.487090539385799065e-14,2.714795439904192267e-12
8.524455866987389768e-06,8.230906296474966511e-15,1.519687581425268613e-14,2.774303788769879122e-12
8.616548429814283079e-06,8.411323974484488520e-15,1.552998477046079485e-14,2.835115329551355199e-12
8.709635899560793729e-06,8.595695965387559833e-15,1.587039376032622044e-14,2.897259548559134433e-12
8.803729024540881703e-06,8.784108816186430316e-15,1.621826438850359178e-14,2.960765945657539881e-12
8.898838669186154778e-06,8.976650768773354714e-15,1.657375772559383571e-14,3.025663925834234769e-12
8.994975815300331097e-06,9.173419185162982631e-15,1.693705497602298463e-14,3.091986553605192042e-12
9.092151563327249177e-06,9.374510458861395316e-15,1.730833349903031751e-14,3.159766242903574137e-12
9.190377133632567680e-06,9.579993569201439104e-15,1.768772125388632638e-14,3.229026326610811381e-12
9.289663867799334486e-06,9.789985598108443641e-15,1.807543255634747212e-14,3.299805934572205056e-12
9.390023229937545377e-06,1.000458737808611696e-14,1.847165582056496723e-14,3.372139473130776094e-12
9.491466808007782086e-06,1.022388198564765365e-14,1.887654351887489642e-14,3.446054849578342073e-12
9.594006315159310909e-06,1.044799632231919746e-14,1.929033047469643719e-14,3.521594670312099700e-12
9.697653591082469057e-06,1.067700781498059710e-14,1.971315912015580121e-14,3.598785209389935313e-12
9.802420603375770750e-06,1.091104363418815803e-14,2.014526289013251026e-14,3.677669005440003228e-12
9.908319448927663598e-06,1.115021467417354528e-14,2.058684889065785146e-14,3.758283846480558759e-12
1.001536235531340451e-05,1.139462870841857741e-14,2.103811504203918934e-14,3.840665880519021419e-12
1.012356168220683831e-05,1.164439636212476087e-14,2.149926620728220800e-14,3.924852475405580223e-12
1.023292992280751951e-05,1.189963103150424283e-14,2.197051120139008287e-14,4.010881791888227675e-12
1.034347970528324328e-05,1.216047298888208669e-14,2.245210807911867261e-14,4.098800922674790443e-12
1.045522379422814323e-05,1.242703385487138925e-14,2.294426480098520852e-14,4.188647825206133051e-12
1.056817509213655416e-05,1.269943071139747856e-14,2.344719621679987564e-14,4.280461730981119559e-12
1.068234664089279896e-05,1.297779027166539005e-14,2.396113618868516311e-14,4.374285341273607717e-12
1.079775162327707775e-05,1.326226757775593102e-14,2.448637241137819355e-14,4.470171149984136936e-12
1.091440336448754367e-05,1.355297500356664417e-14,2.502311001491150210e-14,4.568156633393364381e-12
1.103231533367899924e-05,1.385005327877386295e-14,2.557161121965993348e-14,4.668289643222399416e-12
1.115150114551805732e-05,1.415365257601251192e-14,2.613215314609701942e-14,4.770620782615485732e-12
1.127197456175509194e-05,1.446389605728952257e-14,2.670496105808041326e-14,4.875191160273976409e-12
1.139374949281335347e-05,1.478093806520728610e-14,2.729032120840220351e-14,4.982053053237471326e-12
1.151683999939505314e-05,1.510493415300391600e-14,2.788852209288008801e-14,5.091259118052213734e-12
1.164126029410489148e-05,1.543603589227116271e-14,2.849984045815000006e-14,5.202859964639352289e-12
1.176702474309111854e-05,1.577438818265283575e-14,2.912454749668921228e-14,5.316904840762277207e-12
1.189414786770431580e-05,1.612016726580628753e-14,2.976296593715866509e-14,5.433452915572239370e-12
1.202264434617409621e-05,1.647352355649359341e-14,3.041537375451782491e-14,5.552554866759433060e-12
1.215252901530392052e-05,1.683461177395936911e-14,3.108205810945010911e-14,5.674263100124640396e-12
1.228381687218422821e-05,1.720362790667466753e-14,3.176337858032288638e-14,5.798643270316508108e-12
1.241652307592408796e-05,1.758073587471555267e-14,3.245964096629427349e-14,5.925751191918672158e-12
1.255066294940145902e-05,1.796609733830475397e-14,3.317114059906953733e-14,6.055640795535377756e-12
1.268625198103256690e-05,1.835990634889618130e-14,3.389823700361068078e-14,6.188377708707654998e-12
1.282330582656020331e-05,1.876236174668057697e-14,3.464129792930693466e-14,6.324029056672378014e-12
1.296184031086135039e-05,1.917362425027510831e-14,3.540062052364621731e-14,6.462649095325199692e-12
1.310187142977451876e-05,1.959390932593436535e-14,3.617659977275730417e-14,6.604309930927638585e-12
1.324341535194662328e-05,2.002339983345762897e-14,3.696957608247914353e-14,6.749073707691926014e-12
1.338648842069990628e-05,2.046231048581504014e-14,3.777994497299423183e-14,6.897012640310050297e-12
1.353110715591901184e-05,2.091085026563435158e-14,3.860809320600412290e-14,7.048197323793877637e-12
1.367728825595845649e-05,2.136920921582009283e-14,3.945436994582872028e-14,7.202691488151239063e-12
1.382504859957069140e-05,2.183761092733766791e-14,4.031918876366613299e-14,7.360570661980314477e-12
1.397440524785501164e-05,2.231629397613234876e-14,4.120298971977883678e-14,7.521915165150610160e-12
1.412537544622751938e-05,2.280546147997440870e-14,4.210614932203700510e-14,7.686793722248410688e-12
1.427797662641227978e-05,2.330536261459740013e-14,4.302912610896170940e-14,7.855290068702976300e-12
1.443222640845420505e-05,2.381620125105604545e-14,4.397229648161238522e-14,8.027472908769880715e-12
1.458814260275347338e-05,2.433825489395966890e-14,4.493617393263752955e-14,8.203435967035291270e-12
1.474574321212193522e-05,2.487175157327129654e-14,4.592117828166374312e-14,8.383255924171112556e-12
1.490504643386194221e-05,2.541693454606097630e-14,4.692776027002782735e-14,8.567015017910762396e-12
1.506607066186739714e-05,2.597406657408530263e-14,4.795640396401847846e-14,8.754801646193645975e-12
1.522883448874762130e-05,2.654341066122801446e-14,4.900759412419424889e-14,8.946704301835826692e-12
1.539335670797414935e-05,2.712523842033794412e-14,5.008183356212929738e-14,9.142814778005753642e-12
1.555965631605070573e-05,2.771982248657853316e-14,5.117962567685686944e-14,9.343224962748532517e-12
1.572775251470663206e-05,2.832744060668625344e-14,5.230148187821595643e-14,9.548028241805116278e-12
1.589766471311400604e-05,2.894836912844074467e-14,5.344791378966705701e-14,9.757317994139557763e-12
1.606941253012872124e-05,2.958291022651693306e-14,5.461947885647952285e-14,9.971195995300303350e-12
1.624301579655579197e-05,3.023136978820595562e-14,5.581674184045865195e-14,1.018976534233213695e-11
1.641849455743900200e-05,3.089403497629985493e-14,5.704023332397186235e-14,1.041312290430481191e-11
1.659586907437556768e-05,3.157123185535171020e-14,5.829055459809864770e-14,1.064137844673692188e-11
1.677515982785555832e-05,3.226326682380995988e-14,5.956827074507652599e-14,1.087463512766538900e-11
1.695638751962657157e-05,3.297047463590182366e-14,6.087400265575638808e-14,1.111300628403736056e-11
1.713957307508422984e-05,3.369318162521053776e-14,6.220835001905658350e-14,1.135660141707216561e-11
1.732473764568821637e-05,3.443172445607746814e-14,6.357193452690859092e-14,1.160553400603193958e-11
1.751190261140453896e-05,3.518646572735131746e-14,6.496542785867175962e-14,1.185992668577650299e-11
1.770108958317417351e-05,3.595774783371583994e-14,6.638945993070478355e-14,1.211989442648693197e-11
1.789232040540834865e-05,3.674594365097183662e-14,6.784472148808468187e-14,1.238556335312875079e-11
1.808561715851082343e-05,3.755140469392545342e-14,6.933185878921391065e-14,1.265705143805163182e-11
1.828100216142737182e-05,3.837452904650342311e-14,7.085160909524819194e-14,1.293449325702073100e-11
1.847849797422284658e-05,3.921569604123035887e-14,7.240467137569178541e-14,1.321801644625122496e-11
1.867812740068610370e-05,4.007529020291296080e-14,7.399175565496089371e-14,1.350775059370672025e-11
1.887991349096289592e-05,4.095374405133834158e-14,7.561366141146925132e-14,1.380384167390536907e-11
1.908387954421754163e-05,4.185143724186732805e-14,7.727108911007148624e-14,1.410641753992328273e-11
1.929004911132307777e-05,4.276882131471928425e-14,7.896487240861922554e-14,1.441563040103055059e-11
1.949844599758042874e-05,4.370630592211780120e-14,8.069576774079660533e-14,1.473161834342874397e-11
1.970909426546730274e-05,4.466433746580620637e-14,8.246459915148831223e-14,1.505453180761593056e-11
1.992201823741639885e-05,4.564337337776436521e-14,8.427221188751158680e-14,1.538452507659491253e-11
2.013724249862384303e-05,4.664387117068120285e-14,8.611944959352250657e-14,1.572175219617683764e-11
2.035479189988789029e-05,4.766629763878613036e-14,8.800717423221963473e-14,1.606637049897142455e-11
2.057469156047834027e-05,4.871113865054685414e-14,8.993628418876500487e-14,1.641854400639291658e-11
2.079696687103689664e-05,4.977887141165994949e-14,9.190765904962982227e-14,1.677843329041128307e-11
2.102164349650890741e-05,5.087002112280241695e-14,9.392226865636339922e-14,1.714621541120460385e-11
2.124874737910679092e-05,5.198508818007056711e-14,9.598103734913838347e-14,1.752205907980487734e-11
2.147830474130529692e-05,5.312459786485044761e-14,9.808493571717930937e-14,1.790614153258969630e-11
2.171034208886949679e-05,5.428908008584683804e-14,1.002349413992197277e-13,1.829864121900250836e-11
2.194488621391516109e-05,5.547907562058296803e-14,1.024320523814398273e-13,1.869974032256102750e-11
2.218196419800216789e-05,5.669517283801723806e-14,1.046773544484507877e-13,1.910963715581514566e-11
2.242160341526171791e-05,5.793792957218496407e-14,1.069718802465189823e-13,1.952851998794261278e-11
2.266383153555691262e-05,5.920792622875184253e-14,1.093166983103205468e-13,1.995658413610163273e-11
2.290867652767768800e-05,6.050575023507072441e-14,1.117128954391687242e-13,2.039402790606519086e-11
2.315616666257022246e-05,6.183202958824245174e-14,1.141616293013049492e-13,2.084106266270082230e-11
2.340633051660122906e-05,6.318737633187947445e-14,1.166640312895277973e-13,2.129789493894330442e-11
2.365919697485751818e-05,6.457243352877157802e-14,1.192212878041686415e-13,2.176474131109956622e-11
2.391479523448121001e-05,6.598784701271918395e-14,1.218345920814464459e-13,2.224181963631143156e-11
2.417315480804095958e-05,6.743429777976455545e-14,1.245052014974315449e-13,2.272935944832680313e-11
2.443430552693967540e-05,6.891245184097006570e-14,1.272343453903740901e-13,2.322758515077704613e-11
2.469827754485880606e-05,7.042300130332354401e-14,1.300233001486567576e-13,2.373672978784648028e-11
2.496510134124028943e-05,7.196665387756206455e-14,1.328733755390194404e-13,2.425703245549493808e-11
2.523480772480572723e-05,7.354415585334755596e-14,1.357859464293501117e-13,2.478874413637236705e-11
2.550742783711356087e-05,7.515624477686173717e-14,1.387623766860301804e-13,2.533211383427265849e-11
2.578299315615509220e-05,7.680365633797825006e-14,1.418040229657158279e-13,2.588738919083194607e-11
2.606153549998891221e-05,7.848717266117623859e-14,1.449123305779802932e-13,2.645483409192591449e-11
2.634308703041477763e-05,8.020761582191349560e-14,1.480888168228377520e-13,2.703472550963241815e-11
2.662768025668719993e-05,8.196575452006421083e-14,1.513349006276077384e-13,2.762732257244034021e-11
2.691534803926908873e-05,8.376241946695428625e-14,1.546521175035362203e-13,2.823290534269587649e-11
2.720612359362598170e-05,8.559847753156302747e-14,1.580420657665861255e-13,2.885176585075818452e-11
2.750004049406126066e-05,8.747479878432866519e-14,1.615063522775799687e-13,2.948419736038300289e-11
2.779713267759284181e-05,8.939222450946235351e-14,1.650465307055899544e-13,3.013048351889888128e-11
2.809743444787151626e-05,9.135169308415977223e-14,1.686643340549264537e-13,3.079094067897444658e-11
2.840098047914208943e-05,9.335410438740076219e-14,1.723614233394587243e-13,3.146587209352232994e-11
2.870780582024683828e-05,9.540041132400960740e-14,1.761395589070473756e-13,3.215559911656649332e-11
2.901794589867252963e-05,9.749158259088091502e-14,1.800005270071582654e-13,3.286044782563319318e-11
2.933143652464081686e-05,9.962857582776974489e-14,1.839460969597544153e-13,3.358074125541865508e-11
2.964831389524338017e-05,1.018124262089230730e-13,1.879781806237358309e-13,3.431682848426224790e-11
2.996861459862119396e-05,1.040441366787748146e-13,1.920986293497163752e-13,3.506904725951938748e-11
3.029237561818922222e-05,1.063247812326239350e-13,1.963094263461726008e-13,3.583775986093897900e-11
3.061963433690669786e-05,1.086554004522235977e-13,2.006124920702693021e-13,3.662331683744861230e-11
3.095042854159353487e-05,1.110371139334847772e-13,2.050098941109702457e-13,3.742609558129373870e-11
3.128479642729335773e-05,1.134710300806638286e-13,2.095036784280636674e-13,3.824646966254577696e-11
3.162277660168374787e-05,1.159583007194848126e-13,2.140959725847456423e-13,3.908482744525821513e-11
3.196440808953384603e-05,1.185000937367722577e-13,2.187889328763022467e-13,3.994156258624674300e-11
3.230973033721066244e-05,1.210975959052679407e-13,2.235847495638359359e-13,4.081707493641759812e-11
3.265878321723350515e-05,1.237520320385781412e-13,2.284856849522955307e-13,4.171177748709438541e-11
3.301160703287793621e-05,1.264646626506112566e-13,2.334940654330757933e-13,4.262609494686822494e-11
3.336824252282932318e-05,1.292367465334827047e-13,2.386122155817888974e-13,4.356045169903882422e-11
3.372873086588684005e-05,1.320696023654212933e-13,2.438425697220857200e-13,4.451529212555041828e-11
3.409311368571788344e-05,1.349645528332053145e-13,2.491875707224767250e-13,4.549106219414283293e-11
3.446143305566448320e-05,1.379229540640617839e-13,2.546497220665690738e-13,4.648821893924059055e-11
3.483373150360110406e-05,1.409462073553814367e-13,2.602316109775927777e-13,4.750723467041045944e-11
3.521005201684510575e-05,1.440357375715970645e-13,2.659358682575610787e-13,4.854858966685862734e-11
3.559043804712031536e-05,1.471929694426262857e-13,2.717651243346495449e-13,4.961276414002225493e-11
3.597493351557418649e-05,1.504194301988774821e-13,2.777221990124818154e-13,5.070027284999649502e-11
3.636358281784891092e-05,1.537165979996579190e-13,2.838098213589549410e-13,5.181161402800697954e-11
3.675643082920793310e-05,1.570860441425160609e-13,2.900308931549379986e-13,5.294731739077661096e-11
3.715352290971717612e-05,1.605293494217649585e-13,2.963883309745879918e-13,5.410791539967452998e-11
3.755490490948261239e-05,1.640481324573581024e-13,3.028851261061767564e-13,5.529395414442436349e-11
3.796062317394432111e-05,1.676440471391028249e-13,3.095243305064785323e-13,5.650599075432683442e-11
3.837072454922783247e-05,1.713187760354214847e-13,3.163090514068271230e-13,5.774459250370834505e-11
3.878525638755290730e-05,1.750740703712330367e-13,3.232425209003152579e-13,5.901034942373988944e-11
3.920426655270145322e-05,1.789116664133796311e-13,3.303279460329163466e-13,6.030384699151275740e-11
3.962780342554386579e-05,1.828333822138718276e-13,3.375686831186176550e-13,6.162569790694274603e-11
4.005591590962532595e-05,1.868410620282577173e-13,3.449681370168891906e-13,6.297652378835167018e-11
4.048865343681245371e-05,1.909366012816216691e-13,3.525298075419519140e-13,6.435696352161344711e-11
4.092606597300096850e-05,1.951219075323082400e-13,3.602572169382826900e-13,6.576766013329052933e-11
4.136820402388501354e-05,1.993989548698204126e-13,3.681540083067145592e-13,6.720927868843805089e-11
4.181511864078851011e-05,2.037697464927243459e-13,3.762238833337733349e-13,6.868249497995062966e-11
4.226686142656021551e-05,2.082363548748522640e-13,3.844706656838535745e-13,7.018800701541511678e-11
4.272348454153174598e-05,2.128008613142256413e-13,3.928981990483641906e-13,7.172651650938499373e-11
4.318504070954031984e-05,2.174654346512797343e-13,4.015104877086668122e-13,7.329875449330165602e-11
4.365158322401647810e-05,2.222322493491801501e-13,4.103115457193060308e-13,7.490545370638636322e-11
4.412316595413770428e-05,2.271035459987056793e-13,4.193055124238281888e-13,7.654736987511969353e-11
4.459984335104807897e-05,2.320816267447354888e-13,4.284966353116575099e-13,7.822527837222774612e-11
4.508167045414593409e-05,2.371688295131600932e-13,4.378892326877408037e-13,7.993996754820827480e-11
4.556870289743864645e-05,2.423675331762599907e-13,4.474876957019518967e-13,8.169223904306837140e-11
4.606099691596648820e-05,2.476801978265210687e-13,4.572965675492577955e-13,8.348292225501501264e-11
4.655860935229577132e-05,2.531093192298280958e-13,4.673204560451252072e-13,8.531285837406862080e-11
4.706159766308224844e-05,2.586574400440227672e-13,4.775640554149120534e-13,8.718290435332899576e-11
4.757001992570498679e-05,2.643271777173310046e-13,4.880321974028083256e-13,8.909394228143387021e-11
4.808393484497276851e-05,2.701211963478083196e-13,4.987298024593264261e-13,9.104687041671463305e-11
4.860340175990207536e-05,2.760422246814575880e-13,5.096619075120943073e-13,9.304260828342824355e-11
4.912848065056873152e-05,2.820930355045187083e-13,5.208336314659853086e-13,9.508209037601323670e-11
4.965923214503348206e-05,2.882764719815212057e-13,5.322502264722751722e-13,9.716627551799452347e-11
5.019571752634240184e-05,2.945954540582022332e-13,5.439170804386944496e-13,9.929614730925903769e-11
5.073799873960302225e-05,3.010529527960290010e-13,5.558396802865324960e-13,1.014727074508050118e-10
5.128613839913639960e-05,3.076519921208951946e-13,5.680236101348554621e-13,1.036969753313509045e-10
5.184019979570744937e-05,3.143956849269681070e-13,5.804746163482481638e-13,1.059700000089020630e-10
5.240024690383238750e-05,3.212871980489619830e-13,5.931985455331784539e-13,1.082928488255515815e-10
5.296634438916565055e-05,3.283297695607772467e-13,6.062013766346247764e-13,1.106666132830563270e-10
5.353855761596648433e-05,3.355267174382715948e-13,6.194892352487163692e-13,1.130924116519450200e-10
5.411695265464629883e-05,3.428814204850218969e-13,6.330683602443757192e-13,1.155713828790814052e-10
5.470159628939707408e-05,3.503973359807022927e-13,6.469451360735684382e-13,1.181046925106784388e-10
5.529255602590316820e-05,3.580780063530324893e-13,6.611261010491357300e-13,1.206935341493328386e-10
5.588990009913545034e-05,3.659270291540117104e-13,6.756178981584476633e-13,1.233391205288421242e-10
5.649369748123011652e-05,3.739481011001560215e-13,6.904273519671374831e-13,1.260426975356194391e-10
5.710401788945254083e-05,3.821450048362143782e-13,7.055614491261416456e-13,1.288055406169345165e-10
5.772093179424725299e-05,3.905215687958686724e-13,7.210272548991036340e-13,1.316289395870940798e-10
5.834451042737438770e-05,3.990817561969108031e-13,7.368320885456146524e-13,1.345142306483146522e-10
5.897482579013504548e-05,4.078295791399124926e-13,7.529833576043450861e-13,1.374627660911835472e-10
5.961195066168448051e-05,4.167691623145672219e-13,7.694886767199967024e-13,1.404759360349676603e-10
6.025595860743563655e-05,4.259046930407895258e-13,7.863557765871438926e-13,1.435551517699830043e-10
6.090692398755333557e-05,4.352404644211525552e-13,8.035925862479113795e-13,1.467018608023219311e-10
6.156492196554028487e-05,4.447808840843682487e-13,8.212072405153207319e-13,1.499175482092341379e-10
6.223002851691585794e-05,4.545304344226299132e-13,8.392080175958166583e-13,1.532037252335967839e-10
6.290232043798822518e-05,4.644936840522968494e-13,8.576033507850429862e-13,1.565619314389699491e-10
6.358187535472217898e-05,4.746753293521509962e-13,8.764019127415194471e-13,1.599937500863925669e-10
6.426877173170181972e-05,4.850801617493296378e-13,8.956125483560893168e-13,1.635007958681855365e-10
6.496308888119054219e-05,4.957130579804335307e-13,9.152442634299807073e-13,1.670847128748805375e-10
6.566490697228877628e-05,5.065790289205008600e-13,9.353063072929162920e-13,1.707471896196168578e-10
6.637430704019079677e-05,5.176831894247262925e-13,9.558081259131973712e-13,1.744899505534571065e-10
6.709137099554102212e-05,5.290307438008327768e-13,9.767593271842121949e-13,1.783147496747665334e-10
6.781618163389240451e-05,5.406270361984197910e-13,9.981697785494552812e-13,1.822233883321406323e-10
6.854882264526600299e-05,5.524775196704951746e-13,1.020049546654456929e-12,1.862177043000353625e-10
6.928937862381432842e-05,5.645877618231090184e-13,1.042408913047963713e-12,1.902995745369672199e-10
7.003793507758892080e-05,5.769634718528840077e-13,1.065258417280072327e-12,1.944709231009374360e-10
7.079457843841370415e-05,5.896104382934366509e-13,1.088608747207596406e-12,1.987337011711181867e-10
7.155939607186428139e-05,6.025346374614350361e-13,1.112470937181401108e-12,2.030899231280908896e-10
7.233247628735628659e-05,6.157421238806142762e-13,1.136856166067287347e-12,2.075416297755868163e-10
7.311390834834158802e-05,6.292391388623491615e-13,1.161775955646947581e-12,2.120909244817174749e-10
7.390378248261510706e-05,6.430319878279013557e-13,1.187241950801455228e-12,2.167399331206935091e-10
7.470218989273297110e-05,6.571271746351783451e-13,1.213266156150468263e-12,2.214908472145973082e-10
7.550922276654317949e-05,6.715313369576884268e-13,1.239860830523212785e-12,2.263459047276362627e-10
7.632497428783019205e-05,6.862512359806864471e-13,1.267038453686937997e-12,2.313073839127137200e-10
7.714953864707383314e-05,7.012937812864626862e-13,1.294811786107526494e-12,2.363776142900138602e-10
7.798301105232572326e-05,7.166660836111579521e-13,1.323193954077656297e-12,2.415589921728894112e-10
7.882548774020195069e-05,7.323753258717045609e-13,1.352198221836081230e-12,2.468539390576694927e-10
7.967706598699515438e-05,7.484289108633841325e-13,1.381838254268652320e-12,2.522649495363727026e-10
8.053784411990643833e-05,7.648344045482697627e-13,1.412128023715946121e-12,2.577945743883310147e-10
8.140792152839885219e-05,7.815994927951766264e-13,1.443081718276240108e-12,2.634454037599133234e-10
8.228739867567281738e-05,7.987320772351079075e-13,1.474713928403881873e-12,2.692201012523540403e-10
8.317637711026694132e-05,8.162402067661755267e-13,1.507039514944616109e-12,2.751213797959738573e-10
8.407495947778266098e-05,8.341321156213684737e-13,1.540073680378349569e-12,2.811520147499355328e-10
8.498324953273634806e-05,8.524162078993182183e-13,1.573831940460899543e-12,2.873148386230357740e-10
8.590135215053933636e-05,8.711010863505260270e-13,1.608330179498552669e-12,2.936127511983999674e-10
8.682937333960741657e-05,8.901955585112501130e-13,1.643584659961032537e-12,3.000487213293618573e-10
8.776742025360050297e-05,9.097085638501390454e-13,1.679611885176289139e-12,3.066257618174795232e-10
8.871560120379592810e-05,9.296492836670516090e-13,1.716428807985285283e-12,3.133469675393987093e-10
8.967402567159409141e-05,9.500271087556315420e-13,1.754052767403226538e-12,3.202155038447928410e-10
9.064280432115971449e-05,9.708516216742201577e-13,1.792501453478826322e-12,3.272346001860727116e-10
9.162204901219973287e-05,9.921326012117570143e-13,1.831792923262512258e-12,3.344075530392326220e-10
9.261187281287908482e-05,1.013880061800698111e-12,1.871945664839465728e-12,3.417377375194640284e-10
9.361239001287626729e-05,1.036104225914521690e-12,1.912978553056571066e-12,3.492285993776316450e-10
9.462371613657914705e-05,1.058815554414330100e-12,1.954910902393731357e-12,3.568836646099238557e-10
9.564596795642483508e-05,1.082024688814977812e-12,1.997762360900800486e-12,3.647065201368984245e-10
9.667926350638221501e-05,1.105742591073141932e-12,2.041553166169531250e-12,3.727008604556915975e-10
9.772372209558082511e-05,1.129980384671207316e-12,2.086303855502621426e-12,3.808704349089260426e-10
9.877946432208679895e-05,1.154749462659778533e-12,2.132035467038344684e-12,3.892190839072639954e-10
9.984661208682796502e-05,1.180061493764663651e-12,2.178769542046980071e-12,3.977507402237962839e-10
1.009252886076682817e-04,1.205928349022351830e-12,2.226527999267974907e-12,4.064694052003309745e-10
1.020156184336362698e-04,1.232362201966842100e-12,2.275333314939450192e-12,4.153791820491014645e-10
1.031177274593053005e-04,1.259375492606507071e-12,2.325208457163000260e-12,4.244842637695458238e-10
1.042317429393301584e-04,1.286980919998859316e-12,2.376176871644458534e-12,4.337889305459755985e-10
1.053577935031404340e-04,1.315191443999248339e-12,2.428262489063838078e-12,4.432975511097338819e-10
1.064960091697929003e-04,1.344020357495457299e-12,2.481489849189415583e-12,4.530146053808319479e-10
1.076465213629833225e-04,1.373481204810856599e-12,2.535883960528415172e-12,4.629446588444746781e-10
1.088094629262224421e-04,1.403587826309603651e-12,2.591470377230742410e-12,4.730923766063597265e-10
1.099849681381738866e-04,1.434354385057532299e-12,2.648275249290036075e-12,4.834625325347217997e-10
1.111731727281588711e-04,1.465795345272836491e-12,2.706325280460231683e-12,4.940600016227607005e-10
1.123742138918280554e-04,1.497925491265793942e-12,2.765647768149377370e-12,5.048897671924917290e-10
1.135882303070028768e-04,1.530759933599556036e-12,2.826270611323627780e-12,5.159569224195481407e-10
1.148153621496881042e-04,1.564314119124973917e-12,2.888222329252527971e-12,5.272666737216336758e-10
1.160557511102564021e-04,1.598603800069032066e-12,2.951532006661699860e-12,5.388243307151506426e-10
1.173095404098097678e-04,1.633645108340979316e-12,3.016229427566700682e-12,5.506353307069315608e-10
1.185768748167157426e-04,1.669454546089369077e-12,3.082345060266115215e-12,5.627052359021551100e-10
1.198579006633231661e-04,1.706048906311260601e-12,3.149909909889323682e-12,5.750397065339198407e-10
1.211527658628585051e-04,1.743445425203997352e-12,3.218955800590486442e-12,5.876445523406099608e-10
1.224616199265046940e-04,1.781661679476395181e-12,3.289515183075584530e-12,6.005256974208693248e-10
1.237846139806636936e-04,1.820715634774171539e-12,3.361621229450358790e-12,6.136891976231377973e-10
1.251219007844073076e-04,1.860625646218005670e-12,3.435307827345719212e-12,6.271412393664700304e-10
1.264736347471148617e-04,1.901410510164940182e-12,3.510609682242437950e-12,6.408881584057833040e-10
1.278399719463020406e-04,1.943089369913312596e-12,3.587562138189316236e-12,6.549364070655252311e-10
1.292210701456424700e-04,1.985681819763618274e-12,3.666201373053222204e-12,6.692925898794138483e-10
1.306170888131839933e-04,2.029207913089417078e-12,3.746564409894436267e-12,6.839634656845004479e-10
1.320281891397606471e-04,2.073688104280624062e-12,3.828689017312228380e-12,6.989559294184050708e-10
1.334545340576059999e-04,2.119143307015442046e-12,3.912613805734738980e-12,7.142770297257136740e-10
1.348962882591650634e-04,2.165594882423035060e-12,3.998378215242560489e-12,7.299339666538305511e-10
1.363536182161107369e-04,2.213064691517506116e-12,4.086022608921322517e-12,7.459341088324308791e-10
1.378266921985653575e-04,2.261575042494889442e-12,4.175588174115158819e-12,7.622849752910267605e-10
1.393156802945299004e-04,2.311148740584437739e-12,4.267117018235948641e-12,7.789942530518100012e-10
1.408207544295235697e-04,2.361809112046114025e-12,4.360652206307290199e-12,7.960698039675492268e-10
1.423420883864339142e-04,2.413579967878421521e-12,4.456237703286699057e-12,8.135196541699498076e-10
1.438798578255842437e-04,2.466485636236539604e-12,4.553918424480277682e-12,8.313520032726892686e-10
1.454342403050151754e-04,2.520551002894458414e-12,4.653740319122126971e-12,8.495752396872219887e-10
1.470054153009864371e-04,2.575801494296078795e-12,4.755750332616743696e-12,8.681979336154591596e-10
1.485935642287002794e-04,2.632263088262614177e-12,4.859996426031982381e-12,8.872288407160746931e-10
1.501988704632484792e-04,2.689962333389662914e-12,4.966527617808652187e-12,9.066769096946376983e-10
1.518215193607849647e-04,2.748926339577348177e-12,5.075393962451771605e-12,9.265512783459004588e-10
1.534616982799291316e-04,2.809182863070750975e-12,5.186646704978904344e-12,9.468613018609274317e-10
1.551195966033984148e-04,2.870760219778392804e-12,5.300338126952472735e-12,9.676165246216202320e-10
1.567954057598753442e-04,2.933687367030500411e-12,5.416521692810475896e-12,9.888267069559348266e-10
1.584893192461109040e-04,2.997993876245542603e-12,5.535252000413115536e-12,1.010501816111045729e-09
1.602015326492667953e-04,3.063710002958780298e-12,5.656584910657633429e-12,1.032652049931849601e-09
1.619322436694977405e-04,3.130866646656063457e-12,5.780577473298249312e-12,1.055287823259717366e-09
1.636816521427805532e-04,3.199495375147964764e-12,5.907287975384834074e-12,1.078419776837347861e-09
1.654499600639870445e-04,3.269628474824610651e-12,6.036776024735504333e-12,1.102058792522917003e-09
1.672373716102074884e-04,3.341298886438185319e-12,6.169102442217989242e-12,1.126215973630278473e-09
1.690440931643259477e-04,3.414540343814879662e-12,6.304329510298229970e-12,1.150902690361330706e-09
1.708703333388501703e-04,3.489387257472443869e-12,6.442520762676618341e-12,1.176130541028569600e-09
1.727163029999992817e-04,3.565874858658934734e-12,6.583741248003725092e-12,1.201911400991115268e-09
1.745822152920500870e-04,3.644039081732730938e-12,6.728057310224006863e-12,1.228257381756094068e-09
1.764682856619496530e-04,3.723916689907228723e-12,6.875536827297812613e-12,1.255180874967524757e-09
1.783747318841905646e-04,3.805545235299864515e-12,7.026249133763599911e-12,1.282694538154488092e-09
1.803017740859564201e-04,3.888963108272242933e-12,7.180265107308039796e-12,1.310811310561976364e-09
1.822496347725388361e-04,3.974209518194485020e-12,7.337657144466574109e-12,1.339544408739127256e-09
1.842185388530291905e-04,4.061324567320905660e-12,7.498499283776200903e-12,1.368907348950447559e-09
1.862087136662864302e-04,4.150349192329762109e-12,7.662867109432183797e-12,1.398913929698176490e-09
1.882203890071886411e-04,4.241325275728644905e-12,7.830837948781119692e-12,1.429578267633101348e-09
1.902537971531648847e-04,4.334295593931651266e-12,8.002490780036452946e-12,1.460914780835934735e-09
1.923091728910153518e-04,4.429303846691290393e-12,8.177906288834763874e-12,1.492938199077548096e-09
1.943867535440210509e-04,4.526394722553519597e-12,8.357166983484563899e-12,1.525663584861258886e-09
1.964867789993465037e-04,4.625613867408116075e-12,8.540357140866652695e-12,1.559106323569211708e-09
1.986094917357368280e-04,4.727007924843204929e-12,8.727562880774392423e-12,1.593282137022964694e-09
2.007551368515176921e-04,4.830624604102273505e-12,8.918872287037095966e-12,1.628207105569419484e-09
2.029239620928939406e-04,4.936512596146764325e-12,9.114375261349522505e-12,1.663897641454364923e-09
2.051162178825560517e-04,5.044721691114641246e-12,9.314163731232390807e-12,1.700370526732478874e-09
2.073321573485949415e-04,5.155302789377530807e-12,9.518331675453342284e-12,1.737642917943393653e-09
2.095720363537295074e-04,5.268307869902773095e-12,9.726975062984598386e-12,1.775732334909471687e-09
2.118361135248498627e-04,5.383790075778110856e-12,9.940192012738428982e-12,1.814656690005255654e-09
2.141246502828783788e-04,5.501803710579781760e-12,1.015808278779936573e-11,1.854434286998618221e-09
2.164379108729565574e-04,5.622404271490132103e-12,1.038074985278158271e-11,1.895083831575293859e-09
2.187761623949547500e-04,5.745648452203140402e-12,1.060829788103860742e-11,1.936624432640044909e-09
2.211396748343128860e-04,5.871594214136703296e-12,1.084083389079362821e-11,1.979075627174346403e-09
2.235287210932144825e-04,6.000300780944417384e-12,1.107846722521927896e-11,2.022457376603964475e-09
2.259435770220974361e-04,6.131828664799828847e-12,1.132130960942117452e-11,2.066790077174397762e-09
2.283845214515035189e-04,6.266239709629576646e-12,1.156947522798251296e-11,2.112094574148492940e-09
2.308518362242757401e-04,6.403597132194301448e-12,1.182308079823624313e-11,2.158392175136612082e-09
2.333458062280997531e-04,6.543965515443597606e-12,1.208224556177360658e-11,2.205704648592164010e-09
2.358667194283986036e-04,6.687410854197336332e-12,1.234709136658161169e-11,2.254054238788558790e-09
2.384148669015827163e-04,6.834000621757531686e-12,1.261774278709829103e-11,2.303463687715388693e-09
2.409905428686591597e-04,6.983803720406792800e-12,1.289432704255590315e-11,2.353956220196345506e-09
2.435940447292023019e-04,7.136890620873556859e-12,1.317697424077644965e-11,2.405555588386371748e-09
2.462256730956952641e-04,7.293333290178201063e-12,1.346581725886407118e-11,2.458286050024578616e-09
2.488857318282385392e-04,7.453205283103295948e-12,1.376099190016343784e-11,2.512172397019224844e-09
2.515745280696354510e-04,7.616581792502248806e-12,1.406263699653103860e-11,2.567239974138421816e-09
2.542923722808562996e-04,7.783539647093250949e-12,1.437089439685302093e-11,2.623514677004166406e-09
2.570395782768860422e-04,7.954157342343944003e-12,1.468590902974310151e-11,2.681022963382666880e-09
2.598164632629571371e-04,8.128515117871394837e-12,1.500782904164884970e-11,2.739791878557070075e-09
2.626233478711780130e-04,8.306694957226870267e-12,1.533680580219224184e-11,2.799849056167799147e-09
2.654605561975533694e-04,8.488780645871843754e-12,1.567299400462514377e-11,2.861222736632177537e-09
2.683284158394058476e-04,8.674857807927502290e-12,1.601655173888787360e-11,2.923941780440717907e-09
2.712272579332021104e-04,8.865013954761603668e-12,1.636764057833952185e-11,2.988035684055736999e-09
2.741574171927874484e-04,9.059338494942593492e-12,1.672642560010539579e-11,3.053534583516669486e-09
2.771192319480338465e-04,9.257922797757612109e-12,1.709307550203478427e-11,3.120469275895748360e-09
2.801130441839031924e-04,9.460860271554093498e-12,1.746776274475925006e-11,3.188871245158668994e-09
2.831391995799373350e-04,9.668246329411509732e-12,1.785066348974239515e-11,3.258772650935261194e-09
2.861980475501699510e-04,9.880178493955515357e-12,1.824195779810805608e-11,3.330206364708156680e-09
2.892899412834720393e-04,1.009675644104845604e-11,1.864182970012069988e-11,3.403205982580476938e-09
2.924152377843327222e-04,1.031808199941272028e-11,1.905046720618692941e-11,3.477805827288574581e-09
2.955742979140810992e-04,1.054425925283529697e-11,1.946806248603049746e-11,3.554040980832826208e-09
2.987674864325509986e-04,1.077539455964556046e-11,1.989481191317898807e-11,3.631947292670910549e-09
3.019951720402010392e-04,1.101159661588354970e-11,2.033091617428461376e-11,3.711561399682568182e-09
3.052577274206842023e-04,1.125297649971685298e-11,2.077658035548069852e-11,3.792920741864911940e-09
3.085555292838803578e-04,1.149964771892442472e-11,2.123201402734962513e-11,3.876063577912529670e-09
3.118889584093928295e-04,1.175172627140147062e-11,2.169743135953075759e-11,3.961029006070019265e-09
3.152583996905156116e-04,1.200933069527976702e-11,2.217305121108233623e-11,4.047856980735402761e-09
3.186642421786726478e-04,1.227258215127779152e-11,2.265909728338106090e-11,4.136588340258989971e-09
3.221068791283428863e-04,1.254160441382273078e-11,2.315579810383343775e-11,4.227264804022530122e-09
3.255867080424651493e-04,1.281652401008526299e-11,2.366338728061941620e-11,4.319929018969438184e-09
3.291041307183360429e-04,1.309747022210489659e-11,2.418210351091681320e-11,4.414624561048276321e-09
3.326595532940036185e-04,1.338457516876346404e-11,2.471219072739224021e-11,4.511395962008630426e-09
3.362533862951616647e-04,1.367797387823493449e-11,2.525389823684144978e-11,4.610288734665412121e-09
3.398860446825517851e-04,1.397780431480773550e-11,2.580748076259321801e-11,4.711349380685521796e-09
3.435579478998740215e-04,1.428420749120482639e-11,2.637319866096129177e-11,4.814625430049758699e-09
3.472695199222217426e-04,1.459732751184376440e-11,2.695131799360867547e-11,4.920165454328781084e-09
3.510211893050330469e-04,1.491731160474367169e-11,2.754211059179430330e-11,5.028019078352933071e-09
3.548133892335745632e-04,1.524431027834291620e-11,2.814585434070322072e-11,5.138237032130106747e-09
3.586465575729590031e-04,1.557847730124114829e-11,2.876283314654889741e-11,5.250871144902400667e-09
3.625211369187038399e-04,1.591996984349392275e-11,2.939333719585627956e-11,5.365974392374362540e-09
3.664375746478326840e-04,1.626894849748946767e-11,3.003766299193767936e-11,5.483600903456012550e-09
3.703963229705354568e-04,1.662557738230545119e-11,3.069611355190519262e-11,5.603805996187208030e-09
3.743978389823803140e-04,1.699002423318843653e-11,3.136899856923662404e-11,5.726646207440819136e-09
3.784425847170923914e-04,1.736246043674301116e-11,3.205663447754153854e-11,5.852179304538341458e-09
3.825310271999024601e-04,1.774306116103478929e-11,3.275934469120583409e-11,5.980464329218449875e-09
3.866636385014727575e-04,1.813200540224022216e-11,3.347745969671494352e-11,6.111561614253969316e-09
3.908408957924014025e-04,1.852947608198172272e-11,3.421131722467253754e-11,6.245532814917041093e-09
3.950632813983230140e-04,1.893566013016203938e-11,3.496126240825424124e-11,6.382440937828404171e-09
3.993312828555975079e-04,1.935074859688082360e-11,3.572764798438571385e-11,6.522350377776315132e-09
4.036453929676039887e-04,1.977493669125565712e-11,3.651083437272913672e-11,6.665326932076809759e-09
4.080061098616422815e-04,2.020842393105664662e-11,3.731118994767681341e-11,6.811437850221304253e-09
4.124139370464487728e-04,2.065141418109701333e-11,3.812909110665662984e-11,6.960751846407087809e-09
4.168693834703348007e-04,2.110411581268727154e-11,3.896492257139174387e-11,7.113339154457359824e-09
4.213729635799492198e-04,2.156674171469238125e-11,3.981907740167917838e-11,7.269271530389673677e-09
4.259251973796833023e-04,2.203950951271059641e-11,4.069195740276601071e-11,7.428622326751798813e-09
4.305266104917096796e-04,2.252264154332730033e-11,4.158397307984797019e-11,7.591466484360676244e-09
4.351777342166741371e-04,2.301636505569928611e-11,4.249554400806186540e-11,7.757880599786832950e-09
4.398791055950419956e-04,2.352091226436539193e-11,4.342709892850845143e-11,7.927942942953998546e-09
4.446312674691080789e-04,2.403652048542955252e-11,4.437907600208814887e-11,8.101733503405030862e-09
4.494347685456725984e-04,2.456343224344650262e-11,4.535192300662027117e-11,8.279334026341498593e-09
4.542901634594021985e-04,2.510189535167344418e-11,4.634609748450887770e-11,8.460828039555092209e-09
4.591980128368675996e-04,2.565216311782434774e-11,4.736206712197433035e-11,8.646300922687588989e-09
4.641588833612767017e-04,2.621449434261715191e-11,4.840030974809198679e-11,8.835839907000436898e-09
4.691733478379068361e-04,2.678915354624338473e-11,4.946131375279602592e-11,9.029534151743688482e-09
4.742419852602440251e-04,2.737641102556394841e-11,5.054557818749520953e-11,9.227474762501086762e-09
4.793653808768330994e-04,2.797654301485466572e-11,5.165361307092541475e-11,9.429754846997863283e-09
4.845441262588582416e-04,2.858983180810736338e-11,5.278593960544139573e-11,9.636469554643976605e-09
4.897788193684451214e-04,2.921656588017417570e-11,5.394309041087891498e-11,9.847716119174401030e-09
4.950700646277054378e-04,2.985704005875850801e-11,5.512560982928576746e-11,1.006359391432816241e-08
5.004184729885260367e-04,3.051155560622712509e-11,5.633405409026485826e-11,1.028420448396490727e-08
5.058246620031125801e-04,3.118042040844239876e-11,5.756899164748140224e-11,1.050965160357886070e-08
5.112892558952954625e-04,3.186394911619149386e-11,5.883100344729196699e-11,1.074004132927551385e-08
5.168128856326025845e-04,3.256246326030433150e-11,6.012068313729246051e-11,1.097548203587137925e-08
5.223961889991187140e-04,3.327629144293407154e-11,6.143863742221149757e-11,1.121608448184384360e-08
5.280398106691237391e-04,3.400576945092639674e-11,6.278548627064259020e-11,1.146196184711918031e-08
5.337444022815305200e-04,3.475124046652394724e-11,6.416186330901564919e-11,1.171322980496195957e-08
5.395106225151260256e-04,3.551305518019755604e-11,6.556841602101252289e-11,1.197000655836701321e-08
5.453391371646269239e-04,3.629157197095027735e-11,6.700580608898763039e-11,1.223241290237308113e-08
5.512306192175508166e-04,3.708715710951586800e-11,6.847470976657723283e-11,1.250057229219101951e-08
5.571857489319287067e-04,3.790018485510199321e-11,6.997581805397578695e-11,1.277461087506203345e-08
5.632052139148472063e-04,3.873103771712973395e-11,7.150983718622135866e-11,1.305465757948917508e-08
5.692897092018428182e-04,3.958010659020595932e-11,7.307748887982156471e-11,1.334084416020888041e-08
5.754399373371553396e-04,4.044779090749744973e-11,7.467951061564182006e-11,1.363330524987841528e-08
5.816566084548466763e-04,4.133449891960755083e-11,7.631665615351958714e-11,1.393217845311898220e-08
5.879404403607929814e-04,4.224064780382932934e-11,7.798969573616594785e-11,1.423760438321265018e-08
5.942921586155715859e-04,4.316666387533425082e-11,7.969941647752957655e-11,1.454972673398498197e-08
6.007124966182336148e-04,4.411298285897331803e-11,8.144662286368568484e-11,1.486869237030381256e-08
6.072021956909871149e-04,4.508004996993235708e-11,8.323213690429365771e-11,1.519465135618307444e-08
6.137620051647925401e-04,4.606832023255963378e-11,8.505679871920161991e-11,1.552775706176978216e-08
6.203926824658852288e-04,4.707825865020459978e-11,8.692146685273712186e-11,1.586816622081217548e-08
6.270949932032314879e-04,4.811034042576880076e-11,8.882701868006854651e-11,1.621603900465675581e-08
6.338697112569257643e-04,4.916505119498196324e-11,9.077435084165784123e-11,1.657153910176845731e-08
6.407176188675524310e-04,5.024288722378938341e-11,9.276437960086287172e-11,1.693483378287026318e-08
6.476395067265028642e-04,5.134435571768283815e-11,9.479804142055523004e-11,1.730609400626985346e-08
6.546361740672732889e-04,5.246997494217226148e-11,9.687629318539339757e-11,1.768549445843292651e-08
6.617084287577481650e-04,5.362027461212621082e-11,9.900011291654679614e-11,1.807321368442505866e-08
6.688570873934816894e-04,5.479579601835055330e-11,1.011705000091361347e-10,1.846943413131098571e-08
6.760829753919806676e-04,5.599709233051641720e-11,1.033884757926693026e-10,1.887434225044521330e-08
6.833869270880181361e-04,5.722472888795488999e-11,1.056550840603420818e-10,1.928812859406999350e-08
6.907697858299654842e-04,5.847928341966989729e-11,1.079713914872555589e-10,1.971098789170461069e-08
6.982324040771696388e-04,5.976134632281132847e-11,1.103384881328539014e-10,2.014311914186398504e-08
7.057756434983826835e-04,6.107152096745923940e-11,1.127574880110266448e-10,2.058472571611803670e-08
7.134003750712551890e-04,6.241042395241782470e-11,1.152295295595953926e-10,2.103601544479921740e-08
7.211074791828984585e-04,6.377868544214872528e-11,1.177557762630203838e-10,2.149720073070538438e-08
7.288978457315452861e-04,6.517694939504312475e-11,1.203374170740893233e-10,2.196849862605156572e-08
7.367723742292970864e-04,6.660587392876471733e-11,1.229756670868251013e-10,2.245013095534199567e-08
7.447319739059872100e-04,6.806613160071365674e-11,1.256717680564938544e-10,2.294232441027390621e-08
7.527775638141642398e-04,6.955840971673865855e-11,1.284269889691198255e-10,2.344531065375620046e-08
7.609100729352106639e-04,7.108341069430078650e-11,1.312426267121501441e-10,2.395932644225971566e-08
7.691304402866084178e-04,7.264185235953658997e-11,1.341200066204177856e-10,2.448461372559354866e-08
7.774396150303570412e-04,7.423446830240480414e-11,1.370604831334015537e-10,2.502141976677497482e-08
7.858385565825763263e-04,7.586200821332378542e-11,1.400654404216176985e-10,2.556999725650488542e-08
7.943282347242795792e-04,7.752523822860621943e-11,1.431362930137592014e-10,2.613060442754162087e-08
8.029096297133505623e-04,7.922494134406612602e-11,1.462744865712338131e-10,2.670350519619594843e-08
8.115837323977283463e-04,8.096191770912261581e-11,1.494814984250483176e-10,2.728896926025732547e-08
8.203515443298170940e-04,8.273698505568775166e-11,1.527588383677034043e-10,2.788727224367403214e-08
8.292140778821238114e-04,8.455097909404444939e-11,1.561080493869833400e-10,2.849869583032926034e-08
8.381723563641604955e-04,8.640475384294644629e-11,1.595307082743501526e-10,2.912352787531111046e-08
8.472274141405945237e-04,8.829918209783844558e-11,1.630284264874936344e-10,2.976206256225197557e-08
8.563802967506823054e-04,9.023515585296441843e-11,1.666028509337348419e-10,3.041460054637542915e-08
8.656320610289927001e-04,9.221358662697476683e-11,1.702556645642675555e-10,3.108144906299446866e-08
8.749837752274348393e-04,9.423540599762380731e-11,1.739885873699550073e-10,3.176292210926809679e-08
8.844365191385982665e-04,9.630156601618381988e-11,1.778033771420358295e-10,3.245934058311429139e-08
8.939913842204391149e-04,9.841303959651646723e-11,1.817018301872220047e-10,3.317103241371963429e-08
9.036494737222995274e-04,1.005708210945099187e-10,1.856857824043513083e-10,3.389833275812374036e-08
9.134119028122950155e-04,1.027759266255882897e-10,1.897571098653841342e-10,3.464158410725073591e-08
9.232797987060774531e-04,1.050293947074784892e-10,1.939177300075717875e-10,3.540113650357659595e-08
9.332543007969882351e-04,1.073322866109717116e-10,1.981696022722914065e-10,3.617734765775971128e-08
9.433365607876197058e-04,1.096856869471624906e-10,2.025147291971859155e-10,3.697058314794961376e-08
9.535277428227895190e-04,1.120907041644281287e-10,2.069551573335080216e-10,3.778121658734596190e-08
9.638290236239684811e-04,1.145484710529409138e-10,2.114929781711012610e-10,3.860962979301118815e-08
9.742415926251432254e-04,1.170601452992469141e-10,2.161303291690169198e-10,3.945621297403129777e-08
9.847666521101555714e-04,1.196269100206136943e-10,2.208693947377989730e-10,4.032136491083948035e-08
9.954054173515239877e-04,1.222499743669314671e-10,2.257124073540542032e-10,4.120549315864525328e-08
1.006159116750766566e-03,1.249305740079536360e-10,2.306616484577158711e-10,4.210901421134066403e-08
1.017028991980230279e-03,1.276699718117369951e-10,2.357194497057348079e-10,4.303235373024114058e-08
1.028016298126471512e-03,1.304694583847736604e-10,2.408881939679827457e-10,4.397594672599792672e-08
1.039122303835166841e-03,1.333303527004454949e-10,2.461703164923439910e-10,4.494023777125056070e-08
1.050348291457598717e-03,1.362540027514221820e-10,2.515683060997139165e-10,4.592568121876865669e-08
1.061695557198721711e-03,1.392417861304436804e-10,2.570847062674338719e-10,4.693274139928328546e-08
1.073165411266829893e-03,1.422951107383804703e-10,2.627221164277357719e-10,4.796189285849566041e-08
1.084759178024832750e-03,1.454154154062046399e-10,2.684831931207108946e-10,4.901362056754743431e-08
1.096478196143182982e-03,1.486041706333967771e-10,2.743706513587101807e-10,5.008842017216004190e-08
1.108323818754438413e-03,1.518628792396985051e-10,2.803872658250279447e-10,5.118679821138639811e-08
1.120297413609503117e-03,1.551930770499556296e-10,2.865358721416916656e-10,5.230927234911671541e-08
1.132400363235553818e-03,1.585963337620094528e-10,2.928193684718905906e-10,5.345637166660358869e-08
1.144634065095673269e-03,1.620742535007644494e-10,2.992407165392168805e-10,5.462863684847444061e-08
1.156999931750209241e-03,1.656284757279942701e-10,3.058029433142609777e-10,5.582662049072152898e-08
1.169499391019868887e-03,1.692606759510481184e-10,3.125091423165275092e-10,5.705088733831372014e-08
1.182133886150591416e-03,1.729725665318242650e-10,3.193624751127230913e-10,5.830201455871916398e-08
1.194904875980186063e-03,1.767658975093029652e-10,3.263661728324541152e-10,5.958059201864691244e-08
1.207813835106776989e-03,1.806424574309302858e-10,3.335235377036846880e-10,6.088722256431262524e-08
1.220862254059067479e-03,1.846040741989870856e-10,3.408379446160186549e-10,6.222252230689528393e-08
1.234051639468446409e-03,1.886526159415201923e-10,3.483128427296431287e-10,6.358712091614659803e-08
1.247383514242940894e-03,1.927899918874169794e-10,3.559517570884912607e-10,6.498166191498981193e-08
1.260859417743072147e-03,1.970181532871071224e-10,3.637582903248882922e-10,6.640680299077609615e-08
1.274480905959588959e-03,2.013390943575311711e-10,3.717361243969349332e-10,6.786321631198294009e-08
1.288249551693130624e-03,2.057548531915700058e-10,3.798890222744084153e-10,6.935158883689523235e-08
1.302166944735831233e-03,2.102675127899638436e-10,3.882208298395128529e-10,7.087262265970186416e-08
1.316234692054885731e-03,2.148792019578283713e-10,3.967354775449024994e-10,7.242703531367406014e-08
1.330454417978088784e-03,2.195920964298464048e-10,4.054369824904030481e-10,7.401556015012307496e-08
1.344827764381402186e-03,2.244084198294143126e-10,4.143294501943609077e-10,7.563894666181441910e-08
1.359356390878522624e-03,2.293304447298583632e-10,4.234170765499354321e-10,7.729796084008360659e-08
1.374041975012511808e-03,2.343604938152997650e-10,4.327041499724756626e-10,7.899338556689361320e-08
1.388886212449493094e-03,2.395009409005212373e-10,4.421950532805639370e-10,8.072602095820703815e-08
1.403890817174441481e-03,2.447542121003333730e-10,4.518942658556761085e-10,8.249668475817833677e-08
1.419057521689089975e-03,2.501227869879378950e-10,4.618063657781825897e-10,8.430621272925954280e-08
1.434388077211962717e-03,2.556091997732796817e-10,4.719360320098657940e-10,8.615545905048564217e-08
1.449884253880594524e-03,2.612160405179870061e-10,4.822880466279734124e-10,8.804529672536974739e-08
1.465547840955907979e-03,2.669459563921190868e-10,4.928672971519840043e-10,8.997661800666584782e-08
1.481380647028813363e-03,2.728016528666420663e-10,5.036787787448157751e-10,9.195033479832057885e-08
1.497384500229036403e-03,2.787858951237391269e-10,5.147275968119062291e-10,9.396737912951768575e-08
1.513561248436205925e-03,2.849015092472688727e-10,5.260189692060524766e-10,9.602870355799190123e-08
1.529912759493207283e-03,2.911513837102598748e-10,5.375582289683358184e-10,9.813528166964945003e-08
1.546440921421868763e-03,2.975384706487956461e-10,5.493508266827636343e-10,1.002881085087388266e-07
1.563147642640950411e-03,3.040657872983663161e-10,5.614023331282742232e-10,1.024882010619996077e-07
1.580034852186502047e-03,3.107364175053610296e-10,5.737184420657489965e-10,1.047365987673843524e-07
1.597104499934598508e-03,3.175535131508292601e-10,5.863049728731937054e-10,1.070343639951848834e-07
1.614358556826483992e-03,3.245202956142739421e-10,5.991678732442056021e-10,1.093825825406047892e-07
1.631799015096135246e-03,3.316400574331101971e-10,6.123132222519992184e-10,1.117823641831658438e-07
1.649427888500311270e-03,3.389161637935497165e-10,6.257472331016524675e-10,1.142348431890933588e-07
1.667247212551058958e-03,3.463520541954132074e-10,6.394762562066832336e-10,1.167411788730606651e-07
1.685259044750747094e-03,3.539512440416144975e-10,6.535067821197760281e-10,1.193025561330697731e-07
1.703465464829633479e-03,3.617173264159115690e-10,6.678454448197757495e-10,1.219201860506410912e-07
1.721868574986004869e-03,3.696539737307436030e-10,6.824990247501864609e-10,1.245953064454964061e-07
1.740470500128892982e-03,3.777649395468428836e-10,6.974744521788494064e-10,1.273291824888956778e-07
1.759273388123446360e-03,3.860540603383150273e-10,7.127788104603710577e-10,1.301231072988593471e-07
1.778279410038919066e-03,3.945252573847820634e-10,7.284193395268578696e-10,1.329784025782817185e-07
1.797490760399356440e-03,4.031825386034504893e-10,7.444034392704527088e-10,1.358964192315275351e-07
1.816909657436985509e-03,4.120300005423292050e-10,7.607386732238724046e-10,1.388785380368093262e-07
1.836538343348340834e-03,4.210718303196946143e-10,7.774327721405441849e-10,1.419261702997045868e-07
1.856379084553164398e-03,4.303123076209401410e-10,7.944936376844355668e-10,1.450407585266648940e-07
1.876434171956081927e-03,4.397558068460826825e-10,8.119293463921997566e-10,1.482237771484572704e-07
1.896705921211142357e-03,4.494067991192023834e-10,8.297481533832990726e-10,1.514767331973326682e-07
1.917196672989180577e-03,4.592698545257785257e-10,8.479584964919798310e-10,1.548011670615123081e-07
1.937908793248085395e-03,4.693496442967299141e-10,8.665690002986824376e-10,1.581986532209495083e-07
1.958844673505984006e-03,4.796509430641250840e-10,8.855884802941658890e-10,1.616708010077185199e-07
1.980006731117382214e-03,4.901786311995660070e-10,9.050259472017643905e-10,1.652192553949208702e-07
2.001397409552267779e-03,5.009376970892408839e-10,9.248906111719520004e-10,1.688456977625228435e-07
2.023019178678267527e-03,5.119332397072252829e-10,9.451918865337117023e-10,1.725518467646706062e-07
2.044874535045815289e-03,5.231704709431036564e-10,9.659393960969260399e-10,1.763394591152010856e-07
2.066966002176417842e-03,5.346547181999130683e-10,9.871429759450810252e-10,1.802103304625335670e-07
2.089296130854033807e-03,5.463914269955033843e-10,1.008812680239347502e-09,1.841662962666824715e-07
2.111867499419601939e-03,5.583861635493162324e-10,1.030958785994355665e-09,1.882092326711398945e-07
2.134682714068734857e-03,5.706446175640759432e-10,1.053591798213441906e-09,1.923410574402977414e-07
2.157744409152662340e-03,5.831726049344656714e-10,1.076722454894228267e-09,1.965637308733131626e-07
2.181055247482393405e-03,5.959760705957269075e-10,1.100361732278103142e-09,2.008792567623697647e-07
2.204617920636179999e-03,6.090610914503306749e-10,1.124520850265258234e-09,2.052896833812719185e-07
2.228435149270297476e-03,6.224338793066206145e-10,1.149211277833198441e-09,2.097971044746289192e-07
2.252509683433187408e-03,6.361007839188274671e-10,1.174444738649806477e-09,2.144036602825024843e-07
2.276844302882992215e-03,6.500682960737320969e-10,1.200233216778317602e-09,2.191115385819628292e-07
2.301441817408504155e-03,6.643430507961336741e-10,1.226588962586464859e-09,2.239229757657888041e-07
2.326305067153621071e-03,6.789318305836405826e-10,1.253524498727879987e-09,2.288402579343897668e-07
2.351436922945265937e-03,6.938415687030979684e-10,1.281052626221280316e-09,2.338657220057203132e-07
2.376840286624870395e-03,7.090793526454180996e-10,1.309186430832624416e-09,2.390017568801622322e-07
2.402518091383433994e-03,7.246524275446857269e-10,1.337939289388641950e-09,2.442508045933776401e-07
2.428473302100209869e-03,7.405681997782650373e-10,1.367324876422491014e-09,2.496153615292596314e-07
2.454708915685025958e-03,7.568342405900177241e-10,1.397357170862460516e-09,2.550979796411507655e-07
2.481227961424347164e-03,7.734582898214012291e-10,1.428050462922811910e-09,2.607012677097516063e-07
2.508033501331033768e-03,7.904482597278499257e-10,1.459419361146132311e-09,2.664278926287674995e-07
2.535128630497901058e-03,8.078122388628174011e-10,1.491478799581069139e-09,2.722805807152429717e-07
2.562516477455093183e-03,8.255584961110496705e-10,1.524244045223781750e-09,2.782621190679857913e-07
2.590200204531320233e-03,8.436954847199213391e-10,1.557730705461528622e-09,2.843753569265392694e-07
2.618183008218981107e-03,8.622318465177748650e-10,1.591954735863336024e-09,2.906232070933700077e-07
2.646468119543268424e-03,8.811764161820031544e-10,1.626932448058038251e-09,2.970086473720151229e-07
2.675058804435223418e-03,9.005382256305634280e-10,1.662680517846713137e-09,3.035347220481000318e-07
2.703958364108837061e-03,9.203265084665168795e-10,1.699215993399980505e-09,3.102045433857940472e-07
2.733170135442226055e-03,9.405507046327615463e-10,1.736556303860912149e-09,3.170212931983039600e-07
2.762697491362922295e-03,9.612204650229404265e-10,1.774719267855178682e-09,3.239882244014859352e-07
2.792543841237333895e-03,9.823456563871254370e-10,1.813723102546784028e-09,3.311086626669900810e-07
2.822712631264384740e-03,1.003936366131369240e-09,1.853586432501168172e-09,3.383860080402665957e-07
2.853207344873460484e-03,1.026002907467938221e-09,1.894328299196115987e-09,3.458237366768629781e-07
2.884031503126598985e-03,1.048555824496296285e-09,1.935968170396642824e-09,3.534254025538700853e-07
2.915188665125056575e-03,1.071605897523715226e-09,1.978525949985321414e-09,3.611946392644600049e-07
2.946682428420256683e-03,1.095164148429815621e-09,2.022021987865507978e-09,3.691351618257743837e-07
2.978516429429185416e-03,1.119241846243132729e-09,2.066477090252555762e-09,3.772507685577193148e-07
3.010694343854247983e-03,1.143850512733956345e-09,2.111912530007541302e-09,3.855453429693712382e-07
3.043219887107715630e-03,1.169001928313195005e-09,2.158350057521280043e-09,3.940228557459173939e-07
3.076096814740701072e-03,1.194708137873046595e-09,2.205811911502156565e-09,4.026873667180582998e-07
3.109328922876798598e-03,1.220981456912331587e-09,2.254320830287917896e-09,4.115430269270323070e-07
3.142920048650403152e-03,1.247834477746649916e-09,2.303900063302673003e-09,4.205940807161305298e-07
3.176874070649766523e-03,1.275280075916249754e-09,2.354573382896438086e-09,4.298448678920959100e-07
3.211194909364817503e-03,1.303331416655960250e-09,2.406365096289246186e-09,4.392998259055784055e-07
3.245886527639873110e-03,1.332001961634101086e-09,2.459300058009312344e-09,4.489634921217573130e-07
3.280952931131183182e-03,1.361305475742400319e-09,2.513403682432616462e-09,4.588405061095385460e-07
3.316398168769449286e-03,1.391256034166618045e-09,2.568701956837416040e-09,4.689356120247754290e-07
3.352226333227333564e-03,1.421868029540784567e-09,2.625221454611610296e-09,4.792536610209689879e-07
3.388441561392015189e-03,1.453156179285025525e-09,2.682989348801576857e-09,4.897996137234823170e-07
3.425048034842863819e-03,1.485135533164097617e-09,2.742033426068488375e-09,5.005785427764834720e-07
3.462049980334238729e-03,1.517821481014393105e-09,2.802382100954383870e-09,5.115956354477172075e-07
3.499451670283565408e-03,1.551229760616703673e-09,2.864064430417616834e-09,5.228561962819470163e-07
3.537257423264624986e-03,1.585376465841619287e-09,2.927110128871217132e-09,5.343656498462793321e-07
3.575471604506203979e-03,1.620278054895948364e-09,2.991549583408125431e-09,5.461295435095888554e-07
3.614098626396122088e-03,1.655951358895283866e-09,3.057413869630702905e-09,5.581535503322513918e-07
3.653142948990716152e-03,1.692413590508478901e-09,3.124734767611674980e-09,5.704434719799756246e-07
3.692609080529789777e-03,1.729682352920818472e-09,3.193544778436926748e-09,5.830052417436389432e-07
3.732501577957198207e-03,1.767775648995382869e-09,3.263877141131051802e-09,5.958449276291899428e-07
3.772825047446985627e-03,1.806711890596181122e-09,3.335765849860079371e-09,6.089687354981268381e-07
3.813584144935243999e-03,1.846509908283997977e-09,3.409245671838185918e-09,6.223830123363374728e-07
3.854783576657706910e-03,1.887188961075488955e-09,3.484352165348486535e-09,6.360942495439538994e-07
3.896428099693163838e-03,1.928768746601330100e-09,3.561121698491895398e-09,6.501090863580075369e-07
3.938522522512703100e-03,1.971269411423118765e-09,3.639591468240829175e-09,6.644343133307571574e-07
3.981071705534964741e-03,2.014711561623318259e-09,3.719799519988990483e-09,6.790768758985957171e-07
4.024080561687318376e-03,2.059116273765006804e-09,3.801784767787464357e-09,6.940438780762229845e-07
4.067554056973140750e-03,2.104505105919880485e-09,3.885587014704447188e-09,7.093425861733971021e-07
4.111497211045211236e-03,2.150900109195014257e-09,3.971246974111402240e-09,7.249804326807988166e-07
4.155915097785305504e-03,2.198323839402203249e-09,4.058806291222829975e-09,7.409650202021873314e-07
4.200812845890060203e-03,2.246799369097684114e-09,4.148307565328876597e-09,7.573041255130953625e-07
4.246195639463120827e-03,2.296350299896854226e-09,4.239794372531596733e-09,7.740057037113369560e-07
4.292068718613772232e-03,2.347000775117211183e-09,4.333311289087593272e-09,7.910778924783525298e-07
4.338437380061951204e-03,2.398775492734573732e-09,4.428903915329933442e-09,8.085290164462322877e-07
4.385306977749844903e-03,2.451699718707959719e-09,4.526618900268696272e-09,8.263675916885670626e-07
4.432682923460075190e-03,2.505799300575588620e-09,4.626503966693575667e-09,8.446023303031268478e-07
4.480570687440578979e-03,2.561100681479774320e-09,4.728607937073356199e-09,8.632421451397476695e-07
4.528975799036199373e-03,2.617630914493749158e-09,4.832980759998774601e-09,8.822961546277170896e-07
4.577903847327172322e-03,2.675417677390989481e-09,4.939673537458784748e-09,9.017736877549959767e-07
4.627360481774439420e-03,2.734489287696403402e-09,5.048738552627315498e-09,9.216842891408669518e-07
4.677351412871969850e-03,2.794874718255482935e-09,5.160229298606738190e-09,9.420377242830952318e-07
4.727882412806116638e-03,2.856603613095301159e-09,5.274200507717614140e-09,9.628439849048717556e-07
4.778959316122112153e-03,2.919706303786627808e-09,5.390708181703545434e-09,9.841132944687804058e-07
4.830588020397718479e-03,2.984213826183500196e-09,5.509809622638571721e-09,1.005856113819018091e-06
4.882774486924236490e-03,3.050157937676016285e-09,5.631563464782514332e-09,1.028083146996779064e-06
4.935524741394794676e-03,3.117571134776596931e-09,5.756029707053951349e-09,1.050805347167794666e-06
4.988844874600109440e-03,3.186486671314629543e-09,5.883269746614185573e-09,1.074033922754071322e-06
5.042741043131756737e-03,3.256938577031535407e-09,6.013346413207966118e-09,1.097780343701996820e-06
5.097219470093041806e-03,3.328961676709971095e-09,6.146324004481849808e-09,1.122056347930172792e-06
5.152286445817556328e-03,3.402591609765037144e-09,6.282268322149840367e-09,1.146873947931494649e-06
5.207948328595453369e-03,3.477864850483791179e-09,6.421246709365768318e-09,1.172245437595501798e-06
5.264211545407660418e-03,3.554818728630887731e-09,6.563328088769549287e-09,1.198183399153816995e-06
5.321082592667929038e-03,3.633491450816083239e-09,6.708583001936609451e-09,1.224700710381677846e-06
5.378568036972956184e-03,3.713922122263295471e-09,6.857083649567934603e-09,1.251810551934728251e-06
5.436674515860589335e-03,3.796150769312528832e-09,7.008903933040148893e-09,1.279526414934008075e-06
5.495408738576236865e-03,3.880218362442720392e-09,7.164119496910311373e-09,1.307862108725257333e-06
5.554777486847515752e-03,3.966166840036360534e-09,7.322807772794841519e-09,1.336831768889135668e-06
5.614787615667352592e-03,4.054039132644880069e-09,7.485048024169837926e-09,1.366449865419455689e-06
5.675446054085458124e-03,4.143879188100116137e-09,7.650921392732930372e-09,1.396731211186661008e-06
5.736759806008398174e-03,4.235731997197759028e-09,7.820510945826708174e-09,1.427690970594996990e-06
5.798735951008294857e-03,4.329643620134141345e-09,7.993901725250644829e-09,1.459344668493143835e-06
5.861381645140279449e-03,4.425661213754791600e-09,8.171180797563300193e-09,1.491708199356921089e-06
5.924704121768720362e-03,4.523833059466990522e-09,8.352437305626459081e-09,1.524797836698680825e-06
5.988710692402485561e-03,4.624208592019134873e-09,8.537762521734396068e-09,1.558630242766087943e-06
6.053408747539122323e-03,4.726838428987307614e-09,8.727249902058249941e-09,1.593222478480951301e-06
6.118805757518204144e-03,4.831774401294214139e-09,8.920995142994993076e-09,1.628592013725663393e-06
6.184909273383897704e-03,4.939069584431241052e-09,9.119096238810730044e-09,1.664756737866065997e-06
6.251726927756838352e-03,5.048778330605863701e-09,9.321653540996609137e-09,1.701734970586797488e-06
6.319266435715439022e-03,5.160956301918873723e-09,9.528769819523495568e-09,1.739545473073334550e-06
6.387535595686663799e-03,5.275660504346335859e-09,9.740550325584846817e-09,1.778207459465624632e-06
6.456542290346541091e-03,5.392949322862923328e-09,9.957102856445894212e-09,1.817740608696320910e-06
6.526294487530286299e-03,5.512882557507485530e-09,1.017853782202684489e-08,1.858165076645418142e-06
6.596800241152318486e-03,5.635521460476038601e-09,1.040496831339666087e-08,1.899501508643762139e-06
6.668067692136201395e-03,5.760928774398862518e-09,1.063651017344112040e-08,1.941771052373362178e-06
6.740105069354644131e-03,5.889168771670480849e-09,1.087328206947272223e-08,1.984995371122358876e-06
6.812920690579600536e-03,6.020307295034309707e-09,1.111540556817528557e-08,2.029196657465856721e-06
6.886522963442746545e-03,6.154411799228207198e-09,1.136300521248243229e-08,2.074397647300103384e-06
6.960920386406217568e-03,6.291551394052916624e-09,1.161620860110293442e-08,2.120621634359720061e-06
7.036121549743892985e-03,6.431796888637726238e-09,1.187514647024818197e-08,2.167892485136476258e-06
7.112135136533269397e-03,6.575220837042693224e-09,1.213995277782682780e-08,2.216234654249631391e-06
7.188969923658061409e-03,6.721897585247803062e-09,1.241076479020073264e-08,2.265673200282247841e-06
7.266634782821572436e-03,6.871903319649394248e-09,1.268772317172949317e-08,2.316233802127677468e-06
7.345138681571134788e-03,7.025316116914889674e-09,1.297097207681326735e-08,2.367942775791651890e-06
7.424490684333500193e-03,7.182215995473449732e-09,1.326065924496377883e-08,2.420827091747207456e-06
7.504699953461467857e-03,7.342684968524703663e-09,1.355693609867250056e-08,2.474914392800232175e-06
7.585775750291815986e-03,7.506807098818000634e-09,1.385995784455513688e-08,2.530233012552997993e-06
7.667727436214658195e-03,7.674668554906182213e-09,1.416988357720995961e-08,2.586811994363215398e-06
7.750564473754366183e-03,7.846357669415393354e-09,1.448687638680351248e-08,2.644681110983245313e-06
7.834296427662102921e-03,8.021964998983358029e-09,1.481110346973503897e-08,2.703870884761656164e-06
7.918932966020293326e-03,8.201583386188887055e-09,1.514273624298191990e-08,2.764412608516299775e-06
8.004483861358898875e-03,8.385308023307042175e-09,1.548195046180697839e-08,2.826338367021374341e-06
8.090958991783801443e-03,8.573236518291806550e-09,1.582892634158596630e-08,2.889681059246466314e-06
8.178368342117384865e-03,8.765468962721203199e-09,1.618384868325554261e-08,2.954474421256386823e-06
8.266722005051442557e-03,8.962108001967707958e-09,1.654690700287215572e-08,3.020753049861584751e-06
8.356030182312464138e-03,9.163258907703492219e-09,1.691829566547371911e-08,3.088552427053836006e-06
8.446303185839667063e-03,9.369029652634280480e-09,1.729821402306953707e-08,3.157908945195546897e-06
8.537551438975598053e-03,9.579530987765249122e-09,1.768686655729304414e-08,3.228859933060165535e-06
8.629785477669680779e-03,9.794876522271637518e-09,1.808446302687117762e-08,3.301443682751875695e-06
8.723015951694737535e-03,1.001518280574774659e-08,1.849121861947947160e-08,3.375699477425738070e-06
8.817253625876689607e-03,1.024056941349779814e-08,1.890735410921732705e-08,3.451667620033825612e-06
8.912509381337439807e-03,1.047115903436619726e-08,1.933309601877275412e-08,3.529389462927272519e-06
9.008794216751360440e-03,1.070707756174619491e-08,1.976867678744846999e-08,3.608907438528241892e-06
9.106119249615180281e-03,1.094845418755469779e-08,2.021433494467452349e-08,3.690265091003443774e-06
9.204495717531688617e-03,1.119542149926018027e-08,2.067031528914752475e-08,3.773507108964609072e-06
9.303934979507273717e-03,1.144811558039648930e-08,2.113686907441928296e-08,3.858679359346246089e-06
9.404448517263488266e-03,1.170667611441583689e-08,2.161425420062994351e-08,3.945828922404997869e-06
9.506047936562799644e-03,1.197124649203804344e-08,2.210273541272261137e-08,4.035004127902042392e-06
9.608744968548580540e-03,1.224197392239443078e-08,2.260258450564013650e-08,4.126254592559983879e-06
9.712551471099738903e-03,1.251900954796729798e-08,2.311408053654561559e-08,4.219631258801826697e-06
9.817479430199818960e-03,1.280250856351755916e-08,2.363751004439495779e-08,4.315186434831946779e-06
9.923540961320977474e-03,1.309263033920044140e-08,2.417316727725651970e-08,4.412973836131054944e-06
1.003074831082288558e-02,1.338953854788601134e-08,2.472135442737559262e-08,4.513048628364938675e-06
1.013911385736677821e-02,1.369340129721008801e-08,2.528238187499060312e-08,4.615467471890663145e-06
1.024865011334467196e-02,1.400439126600611427e-08,2.585656844022365170e-08,4.720288567736532490e-06
1.035936972632421627e-02,1.432268584583745698e-08,2.644424164439769781e-08,4.827571705302800210e-06
1.047128548050896973e-02,1.464846728743025600e-08,2.704573798039683392e-08,4.937378311712509860e-06
1.058441029821453883e-02,1.498192285244928591e-08,2.766140319289305094e-08,5.049771502964585539e-06
1.069875724136065166e-02,1.532324497082087267e-08,2.829159256881451864e-08,5.164816136954477555e-06
1.081433951297936479e-02,1.567263140358589984e-08,2.893667123802451740e-08,5.282578868359936528e-06
1.093117045873947049e-02,1.603028541185461348e-08,2.959701448526272183e-08,5.403128205581885929e-06
1.104926356848756792e-02,1.639641593194939979e-08,3.027300807352186928e-08,5.526534569772710762e-06
1.116863247780558455e-02,1.677123775685564374e-08,3.096504857905454143e-08,5.652870355987316689e-06
1.128929096958522504e-02,1.715497172461400619e-08,3.167354373920949070e-08,5.782209996676042974e-06
1.141125297561940664e-02,1.754784491348797851e-08,3.239891281277755468e-08,5.914630027460337693e-06
1.153453257821090636e-02,1.795009084465005911e-08,3.314158695420592863e-08,6.050209155441110588e-06
1.165914401179829821e-02,1.836194969233069379e-08,3.390200960160540323e-08,6.189028330022845765e-06
1.178510166459963843e-02,1.878366850195600408e-08,3.468063687950148145e-08,6.331170816430198355e-06
1.191242008027372165e-02,1.921550141662182518e-08,3.547793801697750674e-08,6.476722272033488797e-06
1.204111395959937998e-02,1.965770991210431083e-08,3.629439578157948621e-08,6.625770825551047123e-06
1.217119816217289777e-02,2.011056304094756143e-08,3.713050692997333955e-08,6.778407159309403776e-06
1.230268770812377802e-02,2.057433768591188953e-08,3.798678267590330546e-08,6.934724594661222642e-06
1.243559777984905301e-02,2.104931882332291105e-08,3.886374917640531749e-08,7.094819180735226228e-06
1.256994372376622933e-02,2.153579979652791678e-08,3.976194803670299533e-08,7.258789786595966316e-06
1.270574105208538938e-02,2.203408260017745059e-08,4.068193683507650087e-08,7.426738197049278623e-06
1.284300544460021017e-02,2.254447817558788856e-08,4.162428966820160633e-08,7.598769212183705044e-06
1.298175275049845596e-02,2.306730671779276170e-08,4.258959771805719264e-08,7.774990750848675134e-06
1.312199899019199194e-02,2.360289799475914600e-08,4.357846984130545155e-08,7.955513958234437037e-06
1.326376035716660649e-02,2.415159167942532555e-08,4.459153318233691125e-08,8.140453317771134759e-06
1.340705321985168584e-02,2.471373769491578689e-08,4.562943381064607965e-08,8.329926767468608985e-06
1.355189412351033226e-02,2.528969657365425386e-08,4.669283738387345658e-08,8.524055820940897415e-06
1.369829979214966936e-02,2.587983983116582557e-08,4.778242983795341423e-08,8.722965693377809858e-06
1.384628713045188593e-02,2.648455035494135201e-08,4.889891810509260893e-08,8.926785432596010827e-06
1.399587322572613986e-02,2.710422280914916079e-08,5.004303086098749393e-08,9.135648055426804419e-06
1.414707534988156323e-02,2.773926405612803529e-08,5.121551930303737490e-08,9.349690689760798248e-06
1.429991096142144841e-02,2.839009359511715102e-08,5.241715796038437116e-08,9.569054722401539644e-06
1.445439770745924647e-02,2.905714401926167444e-08,5.364874553768378389e-08,9.793885953075233172e-06
1.461055342575608498e-02,2.974086149161586138e-08,5.491110579395755660e-08,1.002433475484363419e-05
1.476839614678041902e-02,3.044170624108218770e-08,5.620508845826053523e-08,1.026055624123556203e-05
1.492794409578991968e-02,3.116015307923180755e-08,5.753157018389249117e-08,1.050271044041333176e-05
1.508921569493584282e-02,3.189669193897275062e-08,5.889145554295145158e-08,1.075096247670191662e-05
1.525222956539016433e-02,3.265182843600721678e-08,6.028567806295959955e-08,1.100548275979660966e-05
1.541700452949556523e-02,3.342608445438634254e-08,6.171520130798556859e-08,1.126644718209153936e-05
1.558355961293889785e-02,3.421999875711468646e-08,6.318102000601466997e-08,1.153403732444875667e-05
1.575191404694788189e-02,3.503412762304560480e-08,6.468416122486228691e-08,1.180844067082660403e-05
1.592208727051165965e-02,3.586904551133152212e-08,6.622568559895529662e-08,1.208985083219175006e-05
1.609409893262530103e-02,3.672534575492145647e-08,6.780668860974811469e-08,1.237846778021962861e-05
1.626796889455861192e-02,3.760364128420993298e-08,6.942830192181670337e-08,1.267449809115618134e-05
1.644371723214928596e-02,3.850456538256222217e-08,7.109169477778979118e-08,1.297815520041747608e-05
1.662136423812112657e-02,3.942877247516162289e-08,7.279807545481585828e-08,1.328965966841950135e-05
1.680093042442702689e-02,4.037693895285828397e-08,7.454869278564633458e-08,1.360923945820036719e-05
1.698243652461739819e-02,4.134976403267981545e-08,7.634483774741570920e-08,1.393713022539687453e-05
1.716590349623417847e-02,4.234797065694097294e-08,7.818784512168033801e-08,1.427357562122567794e-05
1.735135252323070226e-02,4.337230643275665460e-08,8.007909522905885741e-08,1.461882760907870397e-05
1.753880501841758102e-02,4.442354461398678874e-08,8.202001574221359021e-08,1.497314679541528276e-05
1.772828262593531545e-02,4.550248512786342031e-08,8.401208358133171644e-08,1.533680277570996509e-05
1.791980722375329654e-02,4.660995564837794024e-08,8.605682689593755091e-08,1.571007449615482022e-05
1.811340092619597927e-02,4.774681271890847746e-08,8.815582713761975227e-08,1.609325063195280015e-05
1.830908608649629843e-02,4.891394292656219267e-08,9.031072122823519906e-08,1.648662998303454779e-05
1.850688529937668386e-02,5.011226413087431004e-08,9.252320382848801709e-08,1.689052188809213187e-05
1.870682140365797705e-02,5.134272674962437396e-08,9.479502971194316524e-08,1.730524665785326550e-05
1.890891748489637730e-02,5.260631510468085715e-08,9.712801624988922462e-08,1.773113602858340346e-05
1.911319687804922257e-02,5.390404883108701557e-08,9.952404601295837965e-08,1.816853363689422478e-05
1.931968317016919193e-02,5.523698435256912144e-08,1.019850694953760177e-07,1.861779551692946885e-05
1.952840020312783531e-02,5.660621642690525407e-08,1.045131079682106142e-07,1.907929062109065728e-05
1.973937207636845131e-02,5.801287976490971080e-08,1.071102564685280292e-07,1.955340136556173492e-05
1.995262314968876405e-02,5.945815072681159926e-08,1.097786869314412155e-07,2.004052420191036881e-05
2.016817804605348236e-02,6.094324910010524732e-08,1.125206514725937976e-07,2.054107021613639443e-05
2.038606165443757404e-02,6.246943996334987339e-08,1.153384858293198035e-07,2.105546575667787212e-05
2.060629913269995325e-02,6.403803564007020269e-08,1.182346129681618566e-07,2.158415309276921396e-05
2.082891591048833049e-02,6.565039774822640149e-08,1.212115468688488445e-07,2.212759110499970517e-05
2.105393769217545410e-02,6.730793934966114309e-08,1.242718964928544940e-07,2.268625600955084156e-05
2.128139045982709032e-02,6.901212720538617367e-08,1.274183699473657188e-07,2.326064211808907505e-05
2.151130047620188404e-02,7.076448414225960006e-08,1.306537788549288711e-07,2.385126263518688586e-05
2.174369428778401281e-02,7.256659153722358190e-08,1.339810429401281222e-07,2.445865049534353943e-05
2.197859872784820034e-02,7.442009192510094312e-08,1.374031948444189161e-07,2.508335924163422620e-05
2.221604091955805757e-02,7.632669173730711797e-08,1.409233851826399880e-07,2.572596394845482528e-05
2.245604827909786563e-02,7.828816417826761814e-08,1.445448878538090143e-07,2.638706219066125111e-05
2.269864851883814788e-02,8.030635224707876720e-08,1.482711056200520213e-07,2.706727506162990969e-05
2.294386965053553037e-02,8.238317191286669264e-08,1.521055759693288273e-07,2.776724824309589310e-05
2.319173998856694299e-02,8.452061545188641213e-08,1.560519772767749466e-07,2.848765312947247892e-05
2.344228815319917072e-02,8.672075495578887455e-08,1.601141352820659025e-07,2.922918800982611594e-05
2.369554307389331801e-02,8.898574602038659277e-08,1.642960299000599132e-07,2.999257931065470428e-05
2.395153399264519228e-02,9.131783162521662424e-08,1.686018023836805799e-07,3.077858290292731768e-05
2.421029046736170726e-02,9.371934621463139053e-08,1.730357628589198887e-07,3.158798547701089575e-05
2.447184237527382997e-02,9.619271999183453282e-08,1.776023982529786375e-07,3.242160598931734022e-05
2.473621991638616860e-02,9.874048343799405458e-08,1.823063806379750185e-07,3.328029718476141193e-05
2.500345361696425933e-02,1.013652720693669050e-07,1.871525760141134008e-07,3.416494719938667420e-05
2.527357433305911505e-02,1.040698314459880068e-07,1.921460535572910199e-07,3.507648124771434839e-05
2.554661325407003511e-02,1.068570224465303081e-07,1.972920953581786727e-07,3.601586339974548396e-05
2.582260190634588434e-02,1.097298268245566845e-07,2.025962066807969106e-07,3.698409845272516988e-05
2.610157215682533047e-02,1.126913530628261242e-07,2.080641267714324079e-07,3.798223390329592554e-05
2.638355621671614054e-02,1.157448425427417916e-07,2.137018402493778473e-07,3.901136202577631706e-05
2.666858664521474381e-02,1.188936760474186597e-07,2.195155891136548376e-07,4.007262206279769458e-05
2.695669635326545729e-02,1.221413806183116683e-07,2.255118854025109774e-07,4.116720253500437990e-05
2.724791860736059529e-02,1.254916367857410868e-07,2.316975245432582739e-07,4.229634367666740253e-05
2.754228703338158432e-02,1.289482861959577135e-07,2.380795994342372899e-07,4.346134000482939513e-05
2.783983562048154489e-02,1.325153396579624396e-07,2.446655153017906554e-07,4.466354302979862705e-05
2.814059872500989518e-02,1.361969856354412686e-07,2.514630053790551830e-07,4.590436411552553821e-05
2.844461107447910156e-02,1.399975992103778198e-07,2.584801474556104193e-07,4.718527749880060691e-05
2.875190777157477298e-02,1.439217515464881676e-07,2.657253813499754431e-07,4.850782347675087439e-05
2.906252429820858213e-02,1.479742198831334376e-07,2.732075273615130516e-07,4.987361177294478439e-05
2.937649651961522779e-02,1.521599980915546266e-07,2.809358057605714264e-07,5.128432509282714838e-05
2.969386068849358754e-02,1.564843078276778098e-07,2.889198573800730337e-07,5.274172288000559909e-05
3.001465344919269571e-02,1.609526103180299419e-07,2.971697653760314373e-07,5.424764528568625118e-05
3.033891184194265067e-02,1.655706188177101338e-07,3.056960782288886889e-07,5.580401736435993944e-05
3.066667330713176293e-02,1.703443117813475504e-07,3.145098340612515550e-07,5.741285350951198004e-05
3.099797568962939925e-02,1.752799467917588672e-07,3.236225863545627962e-07,5.907626214439482280e-05
3.133285724315577198e-02,1.803840752925991571e-07,3.330464311502319919e-07,6.079645068344634453e-05
3.167135663469889534e-02,1.856635581757609236e-07,3.427940358288547601e-07,6.257573078141316929e-05
3.201351294897931271e-02,1.911255822763012534e-07,3.528786695650435658e-07,6.441652388794584332e-05
3.235936569296277154e-02,1.967776778323311120e-07,3.633142355638697789e-07,6.632136712697570186e-05
3.270895480042222692e-02,2.026277369701439731e-07,3.741153051902108104e-07,6.829291952114691750e-05
3.306232063654854919e-02,2.086840332799184007e-07,3.852971541116414192e-07,7.033396858327787887e-05
3.341950400261133741e-02,2.149552425506263265e-07,3.968758005815921996e-07,7.244743729793123009e-05
3.378054614067003969e-02,2.214504647380036902e-07,4.088680459990938735e-07,7.463639151791938442e-05
3.414548873833590792e-02,2.281792472449819302e-07,4.212915178917763837e-07,7.690404780245411434e-05
3.451437393358556399e-02,2.351516095975121268e-07,4.341647154751407714e-07,7.925378172480207267e-05
3.488724431962617056e-02,2.423780696068156876e-07,4.475070579562940894e-07,8.168913668006973824e-05
3.526414294981378844e-02,2.498696711131058690e-07,4.613389357575283274e-07,8.421383322504542607e-05
3.564511334262433079e-02,2.576380134135681922e-07,4.756817648495780447e-07,8.683177898465512423e-05
3.603019948667841865e-02,2.656952824842148431e-07,4.905580443969207692e-07,8.954707916186663871e-05
3.641944584582053335e-02,2.740542841124080199e-07,5.059914179307712580e-07,9.236404769028851158e-05
3.681289736425308323e-02,2.827284790650131993e-07,5.220067382804733871e-07,9.528721907144698856e-05
3.721059947172562082e-02,2.917320204265029011e-07,5.386301365112697918e-07,9.832136094186300958e-05
3.761259808878073679e-02,3.010797932491082442e-07,5.558890951308672085e-07,1.014714874176704252e-04
3.801893963205602717e-02,3.107874566686611249e-07,5.738125258483884401e-07,1.047428732683638520e-04
3.842967101964363252e-02,3.208714886492504217e-07,5.924308521869267632e-07,1.081410689744635717e-04
3.884483967650761288e-02,3.313492335320760107e-07,6.117760972735354395e-07,1.116719167279882883e-04
3.926449353995992847e-02,3.422389525753412361e-07,6.318819771515585357e-07,1.153415674384519177e-04
3.968868106519522765e-02,3.535598776857984006e-07,6.527839999857592626e-07,1.191564988117349138e-04
4.011745123088614196e-02,3.653322685568659009e-07,6.745195715570023146e-07,1.231235345739504746e-04
4.055085354483829035e-02,3.775774734420666163e-07,6.971281074688449769e-07,1.272498649170664218e-04
4.098893804970674820e-02,3.903179938108637298e-07,7.206511525222323214e-07,1.315430682491796884e-04
4.143175532877424461e-02,4.035775531496026768e-07,7.451325077433140186e-07,1.360111343375596134e-04
4.187935651179169882e-02,4.173811701898380878e-07,7.706183655855492172e-07,1.406624889391268731e-04
4.233179328088201160e-02,4.317552368668269158e-07,7.971574538651359451e-07,1.455060200198924540e-04
4.278911787650720167e-02,4.467276013314138798e-07,8.248011890265364825e-07,1.505511056717095172e-04
4.325138310350077481e-02,4.623276563633682458e-07,8.536038393807053340e-07,1.558076438429885748e-04
4.371864233716454828e-02,4.785864335575802731e-07,8.836226990017402993e-07,1.612860840078214110e-04
4.419094952943167925e-02,4.955367036826634578e-07,9.149182730196799883e-07,1.669974609073637893e-04
4.466835921509617474e-02,5.132130836395009163e-07,9.475544750987536308e-07,1.729534305066490697e-04
4.515092651810984764e-02,5.316521504787020365e-07,9.815988379484737900e-07,1.791663083204967906e-04
4.563870715794687144e-02,5.508925629691085079e-07,1.017122737776264159e-06,1.856491102732501369e-04
4.613175745603784184e-02,5.709751912452226231e-07,1.054201633656113095e-06,1.924155962689497765e-04
4.663013434227265136e-02,5.919432550999920216e-07,1.092915322859177328e-06,1.994803166614353895e-04
4.713389536157391868e-02,6.138424715308886594e-07,1.133348213268648884e-06,2.068586618276390830e-04
4.764309868054143055e-02,6.367212121915412039e-07,1.175589614083226741e-06,2.145669150621102510e-04
4.815780309416835964e-02,6.606306714493462726e-07,1.219734046102299759e-06,2.226223090267967573e-04
4.867806803262973714e-02,6.856250458004555100e-07,1.265881572980208220e-06,2.310430860070616379e-04
4.920395356814499105e-02,7.117617254497261871e-07,1.314138154940489442e-06,2.398485622435387525e-04
4.973552042191384942e-02,7.391014989223897382e-07,1.364616026550553347e-06,2.490591966291045884e-04
5.027282997112758611e-02,7.677087716375242436e-07,1.417434100273759570e-06,2.586966640811627725e-04
5.081594425605590742e-02,7.976517994448311711e-07,1.472718397648149853e-06,2.687839339231745586e-04
5.136492598721039554e-02,8.290029381975675650e-07,1.530602510072458593e-06,2.793453536328995099e-04
5.191983855258548719e-02,8.618389105161865996e-07,1.591228091331011422e-06,2.904067383418501135e-04
5.248074602497715402e-02,8.962410909837100451e-07,1.654745384148894100e-06,3.019954664990510832e-04
5.304771316938159537e-02,9.322958111046509224e-07,1.721313783236101392e-06,3.141405821420738286e-04
5.362080545047294422e-02,9.700946854606837776e-07,1.791102437466869887e-06,3.268729042517984091e-04
5.420008904016223455e-02,1.009734960603181290e-06,1.864290894037485960e-06,3.402251437024823573e-04
5.478563082523788680e-02,1.051319888338210234e-06,1.941069787659369117e-06,3.542320283567295682e-04
5.537749841508889104e-02,1.094959125183857985e-06,2.021641578073315039e-06,3.689304368956987162e-04
5.597576014951091000e-02,1.140769159915000972e-06,2.106221339420900687e-06,3.843595420192786054e-04
5.658048510659768188e-02,1.188873771252942460e-06,2.195037605271278912e-06,4.005609636974669335e-04
5.719174311071671679e-02,1.239404517916036190e-06,2.288333273395057508e-06,4.175789332061487962e-04
5.780960474057165316e-02,1.292501263411429673e-06,2.386366574679327849e-06,4.354604687338569941e-04
5.843414133735158611e-02,1.348312738130918591e-06,2.489412110915959333e-06,4.542555634057733496e-04
5.906542501296856845e-02,1.406997141508558520e-06,2.597761966554065242e-06,4.740173866343887015e-04
5.970352865838358253e-02,1.468722787204556958e-06,2.711726899889989877e-06,4.948024997733989046e-04
6.034852595202346015e-02,1.533668794509027534e-06,2.831637619590862558e-06,5.166710871255521210e-04
6.100049136828777224e-02,1.602025829400166597e-06,2.957846152892350478e-06,5.396872034329383127e-04
6.165950018614805433e-02,1.673996898953421508e-06,3.090727312295499599e-06,5.639190390626312418e-04
6.232562849783987446e-02,1.749798203081939537e-06,3.230680268110856536e-06,5.894392041917455218e-04
6.299895321764893696e-02,1.829660047891771373e-06,3.378130234757903571e-06,6.163250333930589669e-04
6.367955209079147194e-02,1.913827825262941715e-06,3.533530279332913134e-06,6.446589121270531342e-04
6.436750370239177621e-02,2.002563063621294061e-06,3.697363261611027531e-06,6.745286267587698604e-04
6.506288748655557341e-02,2.096144555247280344e-06,3.870143915352579759e-06,7.060277398389536857e-04
6.576578373554188561e-02,2.194869565875776133e-06,4.052421081536421807e-06,7.392559925177718226e-04
6.647627360903403393e-02,2.299055132787182888e-06,4.244780104966942567e-06,7.743197361000238007e-04
6.719443914351071190e-02,2.409039458061592765e-06,4.447845406571643656e-06,8.113323948984682045e-04
6.792036326171833893e-02,2.525183404186500479e-06,4.662283244663599510e-06,8.504149627038761101e-04
6.865412978224534613e-02,2.647872099756675916e-06,4.888804679455266049e-06,8.916965353606639850e-04
6.939582342920085078e-02,2.777516663608248507e-06,5.128168756223930141e-06,9.353148821235416624e-04
7.014552984199695640e-02,2.914556056362848011e-06,5.381185923698431294e-06,9.814170586651409407e-04
7.090333558523706503e-02,3.059459069059419108e-06,5.648721705533224265e-06,1.030160064819330042e-03
7.166932815871113194e-02,3.212726459292349732e-06,5.931700644102788828e-06,1.081711550369631337e-03
7.244359600749888939e-02,3.374893246081520922e-06,6.231110537338950337e-06,1.136250572435488658e-03
7.322622853218160865e-02,3.546531175565782389e-06,6.548006990933077917e-06,1.193968408268405957e-03
7.401731609916548105e-02,3.728251370548136556e-06,6.883518309952035876e-06,1.255069427547904565e-03
7.481695005111525798e-02,3.920707177925821084e-06,7.238850755774103025e-06,1.319772028563351643e-03
7.562522271750117542e-02,4.124597229123860227e-06,7.615294196252127272e-06,1.388309642983930536e-03
7.644222742525980108e-02,4.340668729823469515e-06,8.014228179177119787e-06,1.460931814258199010e-03
7.726805850957012278e-02,4.569720996530699162e-06,8.437128461429325302e-06,1.537905355042409319e-03
7.810281132474534982e-02,4.812609258895615165e-06,8.885574028722950578e-06,1.619515589442814844e-03
7.894658225524382733e-02,5.070248748148231170e-06,9.361254643537842581e-06,1.706067686262724079e-03
7.979946872679748171e-02,5.343619093599652402e-06,9.865978961750488432e-06,1.797888089880695858e-03
8.066156921766112764e-02,5.633769050850152064e-06,1.040168326160278086e-05,1.895326055845140490e-03
8.153298326998334455e-02,5.941821587175007248e-06,1.097044083202132482e-05,1.998755298758490666e-03
8.241381150129996336e-02,6.268979351534698639e-06,1.157447207094545098e-05,2.108575760542339729e-03
8.330415561615205078e-02,6.616530558768998536e-06,1.221615534822252090e-05,2.225215507718103242e-03
8.420411841782858564e-02,6.985855319826684378e-06,1.289803869185689057e-05,2.349132766915467199e-03
8.511380382023746305e-02,7.378432452340015896e-06,1.362285236093289205e-05,2.480818108426055112e-03
8.603331685990334154e-02,7.795846808505384258e-06,1.439352237342680812e-05,2.620796788257143475e-03
8.696276370809574718e-02,8.239797160080414919e-06,1.521318506237722666e-05,2.769631259805835962e-03
8.790225168308817005e-02,8.712104683382324553e-06,1.608520273955499509e-05,2.927923866971985332e-03
8.885188926254958264e-02,9.214722090482602455e-06,1.701318055188056304e-05,3.096319731254910512e-03
8.981178609606928209e-02,9.749743456339440931e-06,1.800098462237803633e-05,3.275509846128096640e-03
9.078205301781838710e-02,1.031941479545247592e-05,1.905276157454184664e-05,3.466234392767574002e-03
9.176280205934665701e-02,1.092614544573926906e-05,2.017295954658313329e-05,3.669286292007868742e-03
9.275414646251836648e-02,1.157252032176509529e-05,2.136635081019354213e-05,3.885515008215427446e-03
9.375620069258774891e-02,1.226131310423093583e-05,2.263805611726808857e-05,4.115830621600899235e-03
9.476908045141561876e-02,1.299550043775554420e-05,2.399357090748763829e-05,4.361208186327024221e-03
9.579290269082893494e-02,1.377827721450371313e-05,2.543879351983026780e-05,4.622692392602092623e-03
9.682778562612454065e-02,1.461307302714005901e-05,2.698005556200992785e-05,4.901402551768364521e-03
9.787384874971888360e-02,1.550356988098136062e-05,2.862415460362077781e-05,5.198537924196115941e-03
9.893121284494552081e-02,1.645372126205876540e-05,3.037838937137162814e-05,5.515383410546045514e-03
9.999999999999989453e-02,1.746777266518094923e-05,3.225059763839244659e-05,5.853315627667358620e-03
1.010803336220383458e-01,1.855028369400920938e-05,3.424919701418279670e-05,6.213809391022300302e-03
1.021723384514258703e-01,1.970615185364324025e-05,3.638322885741429569e-05,6.598444626044005883e-03
1.032761405761395412e-01,2.094063816537777007e-05,3.866240555066359123e-05,7.008913731231181804e-03
1.043918674463272800e-01,2.225939474308133968e-05,4.109716139419099712e-05,7.447029416002416517e-03
1.055196478890237655e-01,2.366849448118181842e-05,4.369870739526349456e-05,7.914733036350332651e-03
1.066596121230254796e-01,2.517446301556253269e-05,4.647909025036147155e-05,8.414103451109352164e-03
1.078118917739263327e-01,2.678431313078800187e-05,4.945125583990177915e-05,8.947366421107742426e-03
1.089766198893157706e-01,2.850558180009893803e-05,5.262911757906143715e-05,9.516904572572655596e-03
1.101539309541410966e-01,3.034637005857489578e-05,5.602762999396264132e-05,1.012526794481755782e-02
1.113439609062357033e-01,3.231538592483082072e-05,5.966286791999911380e-05,1.077518514038318387e-02
1.125468471520155306e-01,3.442199060265070394e-05,6.355211174856114655e-05,1.146957509333464999e-02
1.137627285823429729e-01,3.667624821116494539e-05,6.771393918002675187e-05,1.221155946824151010e-02
1.149917455885663825e-01,3.908897931058420049e-05,7.216832397469279397e-05,1.300447569835240687e-02
1.162340400787285899e-01,4.167181851024399306e-05,7.693674222956537628e-05,1.385189066651151650e-02
1.174897554939527411e-01,4.443727646680417024e-05,8.204228674762939629e-05,1.475761502627302192e-02
1.187590368250046879e-01,4.739880660309490624e-05,8.750979010776266853e-05,1.572571815333515671e-02
1.200420306290342493e-01,5.057087690222264773e-05,9.336595708767327269e-05,1.676054370859273931e-02
1.213388850464974106e-01,5.396904715747408366e-05,9.963950713974809622e-05,1.786672578367817094e-02
1.226497498182613083e-01,5.761005208613070915e-05,1.063613276701825118e-04,1.904920558752606560e-02
1.239747763028940380e-01,6.151189074493048010e-05,1.135646389259727562e-04,2.031324861811751106e-02
1.253141174941411751e-01,6.569392271638036299e-05,1.212851713518856039e-04,2.166446224679096852e-02
1.266679280385911432e-01,7.017697156890951281e-05,1.295613563412490853e-04,2.310881362319938334e-02
1.280363642535315150e-01,7.498343612972442694e-05,1.384345313698850466e-04,2.465264778676813998e-02
1.294195841449985174e-01,8.013741014765528162e-05,1.479491605725834441e-04,2.630270584520252516e-02
1.308177474260192874e-01,8.566481096412355723e-05,1.581530718959196259e-04,2.806614305184775351e-02
1.322310155350558958e-01,9.159351785400733149e-05,1.690977120406373865e-04,2.995054658134743350e-02
1.336595516546440210e-01,9.795352074451516521e-05,1.808384204910271488e-04,3.196395276675810526e-02
1.351035207302349883e-01,1.047770800696711251e-04,1.934347240185558343e-04,3.411486352097296837e-02
1.365630894892413960e-01,1.120988985705134304e-04,2.069506531421446327e-04,3.641226162075354017e-02
1.380384264602881328e-01,1.199563059070669994e-04,2.214550821287389901e-04,3.886562448290652866e-02
1.395297019926714788e-01,1.283894570074457688e-04,2.370220942249052576e-04,4.148493600914345686e-02
1.410370882760283440e-01,1.374415451425801938e-04,2.537313739240087138e-04,4.428069601922551141e-02
1.425607593602183365e-01,1.471590307818999833e-04,2.716686281937362619e-04,4.726392673141122103e-02
1.441008911754201316e-01,1.575918873562567272e-04,2.909260387160768390e-04,5.044617568566384797e-02
1.456576615524452223e-01,1.687938651295565161e-04,3.116027473264218451e-04,5.383951443939629516e-02
1.472312502432717995e-01,1.808227744600435650e-04,3.338053769803223992e-04,5.745653229889751551e-02
1.488218389417974297e-01,1.937407898163573611e-04,3.576485907262036456e-04,6.131032428363974301e-02
1.504296113048216033e-01,2.076147760024295590e-04,3.832556913200697011e-04,6.541447245739599736e-02
1.520547529732493575e-01,2.225166381389802382e-04,4.107592642837204120e-04,6.978301970195141535e-02
1.536974515935268792e-01,2.385236970485334561e-04,4.403018673824609253e-04,7.443043495937368137e-02
1.553578968393080351e-01,2.557190917949438884e-04,4.720367696804881317e-04,7.937156893075086872e-02
1.570362804333548801e-01,2.741922112382009016e-04,5.061287435233573608e-04,8.462159919740873393e-02
1.587327961696750334e-01,2.940391565805365766e-04,5.427549129965751531e-04,9.019596372963480102e-02
1.604476399358977790e-01,3.153632370007226318e-04,5.821056626173300077e-04,9.611028177323865940e-02
1.621810097358925007e-01,3.382755006003328570e-04,6.243856102332059595e-04,1.023802611618490205e-01
1.639331057126308111e-01,3.628953030182311811e-04,6.698146483262876422e-04,1.090215911987552910e-01
1.657041301712962045e-01,3.893509162081798579e-04,7.186290581539202986e-04,1.160498203928461425e-01
1.674942876026430660e-01,4.177801800188839427e-04,7.710827013976259345e-04,1.234802185248910084e-01
1.693037847066088120e-01,4.483311993660827797e-04,8.274482942386713474e-04,1.313276227687689979e-01
1.711328304161779112e-01,4.811630899424837460e-04,8.880187690322802066e-04,1.396062679020362851e-01
1.729816359215099464e-01,5.164467755731385300e-04,9.531087290111634304e-04,1.483296010145985222e-01
1.748504146943221649e-01,5.543658404907819215e-04,1.023056001711293052e-03,1.575100815642042351e-01
1.767393825125385953e-01,5.951174399782963509e-04,1.098223297079010865e-03,1.671589681314747666e-01
1.786487574852047011e-01,6.389132730022328670e-04,1.178999976484632105e-03,1.772860937896460487e-01
1.805787600776713187e-01,6.859806206425342074e-04,1.265803939133340345e-03,1.878996326158714203e-01
1.825296131370505448e-01,7.365634543086124059e-04,1.359083632626868505e-03,1.990058605175857864e-01
1.845015419179468208e-01,7.909236179193711780e-04,1.459320194685345380e-03,2.106089142095505795e-01
1.864947741084657662e-01,8.493420884144658534e-04,1.567029733286028417e-03,2.227105528303052751e-01
1.885095398565042046e-01,9.121203191545805729e-04,1.682765752709744272e-03,2.353099273010053061e-01
1.905460717963239903e-01,9.795816709582425095e-04,1.807121733202242050e-03,2.484033630708399609e-01
1.926046050754132155e-01,1.052072935711028659e-03,1.940733872152699711e-03,2.619841623241694895e-01
1.946853773816379918e-01,1.129965957667115016e-03,2.084283994857704606e-03,2.760424320060360093e-01
1.967886289706842762e-01,1.213659357741683677e-03,2.238502643071017296e-03,2.905649441166963109e-01
1.989146026938030942e-01,1.303580366263584495e-03,2.404172349630509433e-03,3.055350345975161863e-01
2.010635440258484452e-01,1.400186769816710690e-03,2.582131107492272558e-03,3.209325467512851304e-01
2.032357010936217678e-01,1.503968977945000212e-03,2.773276041483477544e-03,3.367338244914002687e-01
2.054313247045217450e-01,1.615452215624412716e-03,2.978567290995411902e-03,3.529117597898369096e-01
2.076506683755036942e-01,1.735198847512371126e-03,3.199032111665964326e-03,3.694358975023638858e-01
2.098939883623518465e-01,1.863810840066734524e-03,3.435769203833326929e-03,3.862725993167260841e-01
2.121615436892678175e-01,2.001932367677273714e-03,3.689953275165263995e-03,4.033852669384339618e-01
2.144535961787787659e-01,2.150252568966675923e-03,3.962839844363292945e-03,4.207346228587882653e-01
2.167704104819686839e-01,2.309508459389744608e-03,4.255770292191566814e-03,4.382790452146511639e-01
2.191122541090361753e-01,2.480488006181168735e-03,4.570177165265388100e-03,4.559749514333628073e-01
2.214793974601832194e-01,2.664033371566133009e-03,4.907589737031798835e-03,4.737772236487078903e-01
2.238721138568337543e-01,2.861044329945560977e-03,5.269639829160769999e-03,4.916396673639849002e-01
2.262906795731973453e-01,3.072481864490082988e-03,5.658067895114766294e-03,5.095154936081970343e-01
2.287353738681658921e-01,3.299371948210253532e-03,6.074729365943450088e-03,5.273578139497949735e-01
2.312064790175590578e-01,3.542809514108868820e-03,6.521601256337098383e-03,5.451201372501063291e-01
2.337042803467170304e-01,3.803962618445588719e-03,7.000789026623666263e-03,5.627568569827484657e-01
2.362290662634456417e-01,4.084076800445318386e-03,7.514533693682464224e-03,5.802237183192013870e-01
2.387811282913171462e-01,4.384479640941925556e-03,8.065219180630746679e-03,5.974782549618197214e-01
2.413607611033310174e-01,4.706585521452961648e-03,8.655379891580409699e-03,6.144801868485250118e-01
2.439682625559382312e-01,5.051900584010635652e-03,9.287708493718432878e-03,6.311917712931703894e-01
2.466039337234330608e-01,5.422027890711551661e-03,9.965063884396845387e-03,6.475781017828010633e-01
2.492680789327167412e-01,5.818672780370526439e-03,1.069047931577878086e-02,6.636073504400222811e-01
2.519610057984362217e-01,6.243648417852614568e-03,1.146717064383815515e-02,6.792509519859795120e-01
2.546830252585038923e-01,6.698881529590180149e-03,1.229854466210968111e-02,6.944837288216881843e-01
2.574344516099962288e-01,7.186418316440033004e-03,1.318820747348566774e-02,7.092839585064819596e-01
2.602156025454493427e-01,7.708430532385697649e-03,1.413997284553887047e-02,7.236333863900675789e-01
2.630267991895378077e-01,8.267221714599133284e-03,1.515787048625350485e-02,7.375171874019396112e-01
2.658683661361539441e-01,8.865233547041814766e-03,1.624615416768564885e-02,7.509238819901369322e-01
2.687406314858871159e-01,9.505052336060018300e-03,1.740930961489499731e-02,7.638452119172141064e-01
2.716439268839075938e-01,1.018941557230394236e-02,1.865206206651755932e-02,7.762759820681826017e-01
2.745785875582600344e-01,1.092121854874296069e-02,1.997938340157756967e-02,7.882138746186279077e-01
2.775449523585701850e-01,1.170352099954227731e-02,2.139649871460691521e-02,7.996592418773368349e-01
2.805433637951704196e-01,1.253955371908715630e-02,2.290889220789723082e-02,8.106148838895980147e-01
2.835741680786473262e-01,1.343272511447732645e-02,2.452231225583518734e-02,8.210858165019691013e-01
2.866377151598167861e-01,1.438662763835078101e-02,2.624277548187183007e-02,8.310790350850958408e-01
2.897343587701310952e-01,1.540504404193559183e-02,2.807656967390582611e-02,8.406032785255090900e-01
2.928644564625234037e-01,1.649195338076399689e-02,3.003025534889142492e-02,8.496687974646048858e-01
2.960283696526882502e-01,1.765153669753292964e-02,3.211066576255715982e-02,8.582871301137038333e-01
2.992264636608185091e-01,1.888818229819206468e-02,3.432490514554325384e-02,8.664708883337507439e-01
3.024591077537829853e-01,2.020649052849003008e-02,3.668034493332149315e-02,8.742335560569715058e-01
3.057266751877646405e-01,2.161127794901107624e-02,3.918461774443762063e-02,8.815893015612893402e-01
3.090295432513583407e-01,2.310758079721678473e-02,4.184560885030882277e-02,8.885528045966185617e-01
3.123680933091346756e-01,2.470065761528710685e-02,4.467144487059788310e-02,8.951390989117632424e-01
3.157427108456736797e-01,2.639599091273800782e-02,4.767047942166231095e-02,9.013634303440868356e-01
3.191537855100751719e-01,2.819928772302649975e-02,5.085127544242214193e-02,9.072411303110984315e-01
3.226017111609489896e-01,3.011647890380375961e-02,5.422258392293345663e-02,9.127875042810278394e-01
3.260868859118921104e-01,3.215371702134835891e-02,5.779331876678903135e-02,9.180177345941438194e-01
3.296097121774564931e-01,3.431737265124788772e-02,6.157252753004166523e-02,9.229467968526977595e-01
3.331705967196149087e-01,3.661402891985508778e-02,6.556935779748937487e-02,9.275893889890142185e-01
3.367699506947230415e-01,3.905047410474995345e-02,6.979301898276978056e-02,9.319598720522522806e-01
3.404081897010004520e-01,4.163369210774373053e-02,7.425273937263066060e-02,9.360722217186643324e-01
3.440857338265128074e-01,4.437085061120477070e-02,7.895771827868036663e-02,9.399399895218611967e-01
3.478030076976784124e-01,4.726928672816253091e-02,8.391707321268902786e-02,9.435762728134079458e-01
3.515604405282973799e-01,5.033648995913048846e-02,8.913978206451501907e-02,9.469936924950482782e-01
3.553584661691110980e-01,5.358008227439818583e-02,9.463462033538569407e-02,9.502043776077385706e-01
3.591975231578961592e-01,5.700779515015563792e-02,1.004100935636247499e-01,9.532199559157747970e-01
3.630780547701003003e-01,6.062744340071815619e-02,1.064743651747456915e-01,9.560515496834431914e-01
3.670005090700249051e-01,6.444689566782285661e-02,1.128351800925434106e-01,9.587097759042600975e-01
3.709653389625606756e-01,6.847404145191560154e-02,1.194997845613428866e-01,9.612047503068440468e-01
3.749730022454821343e-01,7.271675459997690993e-02,1.264748427504188422e-01,9.635460945251281828e-01
3.790239616623070629e-01,7.718285320009353467e-02,1.337663508377278654e-01,9.657429458826976010e-01
3.831186849557284835e-01,8.188005587493800419e-02,1.413795493989307428e-01,9.678039693005453525e-01
3.872576449216167949e-01,8.681593451472029155e-02,1.493188350561110711e-01,9.697373708938196168e-01
3.914413194636193194e-01,9.199786354504264907e-02,1.575876724650188687e-01,9.715509128757467971e-01
3.956701916483357784e-01,9.743296588616513765e-02,1.661885078358589229e-01,9.732519294355560513e-01
3.999447497610967295e-01,1.031280558272311410e-01,1.751226852863688177e-01,9.748473433018566281e-01
4.042654873623434120e-01,1.090895791112474061e-01,1.843903674122265302e-01,9.763436827434737175e-01
4.086329033446164383e-01,1.153235506032545682e-01,1.939904615240139740e-01,9.777470987963612359e-01
4.130475019901602152e-01,1.218354899940285035e-01,2.039205530373371933e-01,9.790633825380290478e-01
4.175097930291498671e-01,1.286303560732921514e-01,2.141768475087650614e-01,9.802979822601481930e-01
4.220202916985469899e-01,1.357124801881656462e-01,2.247541227813082687e-01,9.814560204158644385e-01
4.265795188015911177e-01,1.430854995823400422e-01,2.356456926360590010e-01,9.825423102411221521e-01
4.311880007679345650e-01,1.507522913870266712e-01,2.468433832394719141e-01,9.835613719691923551e-01
4.358462697144260267e-01,1.587149081036228759e-01,2.583375235278418947e-01,9.845174485749336180e-01
4.405548635065529295e-01,1.669745154776213214e-01,2.701169504825904899e-01,9.854145210002552835e-01
4.453143258205398691e-01,1.755313337108772853e-01,2.821690300243331340e-01,9.862563228251299829e-01
4.501252062061329995e-01,1.843845829923465296e-01,2.944796939944931413e-01,9.870463543594629741e-01
4.549880601500477795e-01,1.935324343430121774e-01,3.070334934056984655e-01,9.877878961404260583e-01
4.599034491401093327e-01,2.029719667669888372e-01,3.198136678340224304e-01,9.884840218276902402e-01
4.648719407300844209e-01,2.126991316754031636e-01,3.328022305051866470e-01,9.891376104955097448e-01
4.698941086052142446e-01,2.227087255013261435e-01,3.459800683028799173e-01,9.897513583259980319e-01
4.749705326484542356e-01,2.329943713518686232e-01,3.593270556103626001e-01,9.903277897123247131e-01
4.801017990074306629e-01,2.435485104472691620e-01,3.728221805966748237e-01,9.908692677841084429e-01
4.852885001621193850e-01,2.543624039771723022e-01,3.864436822862574172e-01,9.913780043700672895e-01
4.905312349932569038e-01,2.654261458625929992e-01,4.001691965146964014e-01,9.918560694151605794e-01
4.958306088514895515e-01,2.767286867507190440e-01,4.139759086818466938e-01,9.923053998710595902e-01
5.011872336272719108e-01,2.882578693918505519e-01,4.278407110732863061e-01,9.927278080799663007e-01
5.066017278215118047e-01,3.000004753572488858e-01,4.417403624363627213e-01,9.931249896725427018e-01
5.120747166169953291e-01,3.119422828583441332e-01,4.556516474708496300e-01,9.934985310011873461e-01
5.176068319505668924e-01,3.240681352263318216e-01,4.695515339261363552e-01,9.938499161300444751e-01
5.231987125860969590e-01,3.363620194127693863e-01,4.834173250856900195e-01,9.941805334031054153e-01
5.288510041882368284e-01,3.488071536814627005e-01,4.972268055605525983e-01,9.944916816115142444e-01
5.345643593969704455e-01,3.613860834856604809e-01,5.109583785014308877e-01,9.947845757808302380e-01
5.403394379029703432e-01,3.740807843674441857e-01,5.245911925659046959e-01,9.950603525984896836e-01
5.461769065237697118e-01,3.868727705830079522e-01,5.381052572349600549e-01,9.953200755011430978e-01
5.520774392807555886e-01,3.997432080522336784e-01,5.514815453522148303e-01,9.955647394408831952e-01
5.580417174769944921e-01,4.126730301566807202e-01,5.647020820503896310e-01,9.957952753486815078e-01
5.640704297758992736e-01,4.256430548688540094e-01,5.777500195234890334e-01,9.960125543126154835e-01
5.701642722807451769e-01,4.386341016883083532e-01,5.906096973910590631e-01,9.962173914877142655e-01
5.763239486150469881e-01,4.516271068865230776e-01,6.032666886749095125e-01,9.964105497534841982e-01
5.825501700037949426e-01,4.646032356212130288e-01,6.157078316621362735e-01,9.965927431344075993e-01
5.888436553555881359e-01,4.775439895694493786e-01,6.279212481557778780e-01,9.967646399979452898e-01
5.952051313456347970e-01,4.904313088440732660e-01,6.398963488117277443e-01,9.969268660438306284e-01
6.016353324996598362e-01,5.032476670958060394e-01,6.516238264254751167e-01,9.970800070976973961e-01
6.081350012787165582e-01,5.159761588589854009e-01,6.630956381630606078e-01,9.972246117213849903e-01
6.147048881649145313e-01,5.286005783674102565e-01,6.743049778277150352e-01,9.973611936515639487e-01
6.213457517480739378e-01,5.411054892430423591e-01,6.852462393179102884e-01,9.974902340776642395e-01
6.280583588133160644e-01,5.534762846392778934e-01,6.959149724660433911e-01,9.976121837694450489e-01
6.348434844295991475e-01,5.656992375973505238e-01,7.063078324524201257e-01,9.977274650639429421e-01
6.417019120392126741e-01,5.777615415447938663e-01,7.164225239698530645e-01,9.978364737209356461e-01
6.486344335482359114e-01,5.896513410248894749e-01,7.262577412735682358e-01,9.979395806555170223e-01
6.556418494179760970e-01,6.013577528925275750e-01,7.358131051930194566e-01,9.980371335558407830e-01
6.627249687573956161e-01,6.128708783423002515e-01,7.450890981102165078e-01,9.981294583935909071e-01
6.698846094165256115e-01,6.241818062472269668e-01,7.540869978269744145e-01,9.982168608342650851e-01
6.771215980809133228e-01,6.352826083802433077e-01,7.628088111544222283e-01,9.982996275539002262e-01
6.844367703670655168e-01,6.461663271647618556e-01,7.712572079649776535e-01,9.983780274684566081e-01
6.918309709189350842e-01,6.568269566559219452e-01,7.794354563528660407e-01,9.984523128816673587e-01
6.993050535054474715e-01,6.672594174907915399e-01,7.873473594559987632e-01,9.985227205567885900e-01
7.068598811190808240e-01,6.774595265652491038e-01,7.949971944017870662e-01,9.985894727173318941e-01
7.144963260755112788e-01,6.874239621989198801e-01,8.023896537536475693e-01,9.986527779815240757e-01
7.222152701143345066e-01,6.971502255391419656e-01,8.095297897547171218e-01,9.987128322349340115e-01
7.300176045008754944e-01,7.066365989323720731e-01,8.164229615914292415e-01,9.987698194454042167e-01
7.379042301290982264e-01,7.158821019587169321e-01,8.230747858326519228e-01,9.988239124241582445e-01
7.458760576256269204e-01,7.248864457843265940e-01,8.294910901402740011e-01,9.988752735366914770e-01
7.539340074548941395e-01,7.336499864391595738e-01,8.356778702945083515e-01,9.989240553668181644e-01
7.620790100254112298e-01,7.421736775759004701e-01,8.416412505315957748e-01,9.989704013370147573e-01
7.703120057972135948e-01,7.504590232113144133e-01,8.473874471528386465e-01,9.990144462879950726e-01
7.786339453904397301e-01,7.585080308953550121e-01,8.529227353314242643e-01,9.990563170202514387e-01
7.870457896950971977e-01,7.663231656974999195e-01,8.582534190170826305e-01,9.990961328001156661e-01
7.955485099820114314e-01,7.739073053448589645e-01,8.633858038175484806e-01,9.991340058327156104e-01
8.041430880149730287e-01,7.812636967937118815e-01,8.683261727196538438e-01,9.991700417040495497e-01
8.128305161640970722e-01,7.883959144658999607e-01,8.730807645010923990e-01,9.992043397942461658e-01
8.216117975204064727e-01,7.953078203344886576e-01,8.776557546759194972e-01,9.992369936639359240e-01
8.304879460116539880e-01,8.020035259997528865e-01,8.820572388122237539e-01,9.992680914155380734e-01
8.394599865193944632e-01,8.084873568569834745e-01,8.862912180585678090e-01,9.992977160311314888e-01
8.485289549973229484e-01,8.147638184220865609e-01,8.903635867163743889e-01,9.993259456884803216e-01
8.576958985908905708e-01,8.208375648493813070e-01,8.942801216979628931e-01,9.993528540566630758e-01
8.669618757582159274e-01,8.267133696483798255e-01,8.980464737140657627e-01,9.993785105726694651e-01
8.763279563922872217e-01,8.323960985824714331e-01,9.016681600400380248e-01,9.994029807002278165e-01
8.857952219445155428e-01,8.378906847122246093e-01,9.051505587163455324e-01,9.994263261720411906e-01
8.953647655495923230e-01,8.432021055290622735e-01,9.084989040459370280e-01,9.994486052165372225e-01
9.050376921517103712e-01,8.483353621113519649e-01,9.117182832586897545e-01,9.994698727701518681e-01
9.148151186321461514e-01,8.532954602239456454e-01,9.148136342209317595e-01,9.994901806761061769e-01
9.246981739382201804e-01,8.580873932738349863e-01,9.177897440760367509e-01,9.995095778705673784e-01
9.346879992136504223e-01,8.627161270284368078e-01,9.206512487100518838e-01,9.995281105570226199e-01
9.447857479303141126e-01,8.671865859989182912e-01,9.234026329442192038e-01,9.995458223696439548e-01
9.549925860214327766e-01,8.715036413885717259e-01,9.260482313639222252e-01,9.995627545263655600e-01
9.653096920161967631e-01,8.756721005053752505e-01,9.285922297010419380e-01,9.995789459723437576e-01
9.757382571758436152e-01,8.796966975382553011e-01,9.310386666938247346e-01,9.995944335144366644e-01
9.862794856312098180e-01,8.835820855980088817e-01,9.333914363551573112e-01,9.996092519472792315e-01
9.969345945217517047e-01,8.873328299261561414e-01,9.356542905865607995e-01,9.996234341715094507e-01
1.007704814136102911e+00,8.909534021780196600e-01,9.378308420812649926e-01,9.996370113046501027e-01
1.018591388054115310e+00,8.944481756898454705e-01,9.399245674653474714e-01,9.996500127851246642e-01
1.029595573290452259e+00,8.978214216437949702e-01,9.419388106312116538e-01,9.996624664698503526e-01
1.040718640439728615e+00,9.010773060488588282e-01,9.438767862225344585e-01,9.996743987258244202e-01
1.051961873823220373e+00,9.042198874602268566e-01,9.457415832343196715e-01,9.996858345160871684e-01
1.063326571637158491e+00,9.072531153641911761e-01,9.475361686958423402e-01,9.996967974804267243e-01
1.074814046102623433e+00,9.101808291602659917e-01,9.492633914080560453e-01,9.997073100111587562e-01
1.086425623617061964e+00,9.130067576767847415e-01,9.509259857105045732e-01,9.997173933242996524e-01
1.098162644907438201e+00,9.157345191607216828e-01,9.525265752559401999e-01,9.997270675264229300e-01
1.110026465185040001e+00,9.183676216868785769e-01,9.540676767737065189e-01,9.997363516774766534e-01
1.122018454301958901e+00,9.209094639358131884e-01,9.555517038055458823e-01,9.997452638498167676e-01
1.134139996909263148e+00,9.233633362939581701e-01,9.569809703998202188e-01,9.997538211836943800e-01
1.146392492616859826e+00,9.257324222332581343e-01,9.583576947522388645e-01,9.997620399394234747e-01
1.158777356155124449e+00,9.280197999313541946e-01,9.596840027830774167e-01,9.997699355464357840e-01
1.171296017538236534e+00,9.302284440968027202e-01,9.609619316425467295e-01,9.997775226494193257e-01
1.183949922229299734e+00,9.323612279671150693e-01,9.621934331374801808e-01,9.997848151517225723e-01
1.196740531307241007e+00,9.344209254504478590e-01,9.633803770738355032e-01,9.997918262561943381e-01
1.209669321635514772e+00,9.364102133846466947e-01,9.645245545106941876e-01,9.997985685036213654e-01
1.222737786032627616e+00,9.383316738899902809e-01,9.656276809224733082e-01,9.998050538089097161e-01
1.235947433444506638e+00,9.401877967944537451e-01,9.666913992669895483e-01,9.998112934951504105e-01
1.249299789118729187e+00,9.419809821125719740e-01,9.677172829578083446e-01,9.998172983257028745e-01
1.262796394780634213e+00,9.437135425610790884e-01,9.687068387400125102e-01,9.998230785344125460e-01
1.276438808811338976e+00,9.453877060964244183e-01,9.696615094691313219e-01,9.998286438540819887e-01
1.290228606427674896e+00,9.470056184610127215e-01,9.705826767934854216e-01,9.998340035433008754e-01
1.304167379864076048e+00,9.485693457266328732e-01,9.714716637406620725e-01,9.998391664117337596e-01
1.318256738556405683e+00,9.500808768249883185e-01,9.723297372092017943e-01,9.998441408439592282e-01
1.332498309327817987e+00,9.515421260565859463e-01,9.731581103669122434e-01,9.998489348219524731e-01
1.346893736576580514e+00,9.529549355704244329e-01,9.739579449574827796e-01,9.998535559462863320e-01
1.361444682465947187e+00,9.543210778080224443e-01,9.747303535172998634e-01,9.998580114561346210e-01
1.376152827116081667e+00,9.556422579063080791e-01,9.754764015045441772e-01,9.998623082481444824e-01
1.391019868798049286e+00,9.569201160547595730e-01,9.761971093427884716e-01,9.998664528942491359e-01
1.406047524129909965e+00,9.581562298029941971e-01,9.768934543814352667e-01,9.998704516584830948e-01
1.421237528274924555e+00,9.593521163156928377e-01,9.775663727754073662e-01,9.998743105128576891e-01
1.436591635141906798e+00,9.605092345723901248e-01,9.782167612865699802e-01,9.998780351523544052e-01
1.452111617587736880e+00,9.616289875102135287e-01,9.788454790093968905e-01,9.998816310090890003e-01
1.467799267622063697e+00,9.627127241081520070e-01,9.794533490234138551e-01,9.998851032656905780e-01
1.483656396614224438e+00,9.637617414118755388e-01,9.800411599749550007e-01,9.998884568679499152e-01
1.499684835502371971e+00,9.647772864985099117e-01,9.806096675907540750e-01,9.998916965367699028e-01
1.515886435004916377e+00,9.657605583811122996e-01,9.811595961258797738e-01,9.998948267794668388e-01
1.532263065834194471e+00,9.667127098528852658e-01,9.816916397484775070e-01,9.998978519004579901e-01
1.548816618912478571e+00,9.676348492714202942e-01,9.822064638637549860e-01,9.999007760113668430e-01
1.565549005590309184e+00,9.685280422834933178e-01,9.827047063795909532e-01,9.999036030405875630e-01
1.582462157867190022e+00,9.693933134911094651e-01,9.831869789160974094e-01,9.999063367423312032e-01
1.599558028614664673e+00,9.702316480596663295e-01,9.836538679614139635e-01,9.999089807051911860e-01
1.616838591801804226e+00,9.710439932692376264e-01,9.841059359759404268e-01,9.999115383602495966e-01
1.634305842723132285e+00,9.718312600100893484e-01,9.845437224471635940e-01,9.999140129887537087e-01
1.651961798229009126e+00,9.725943242236368969e-01,9.849677448971577709e-01,9.999164077293866137e-01
1.669808496958508304e+00,9.733340282901261631e-01,9.853784998447832066e-01,9.999187255851531564e-01
1.687847999574805913e+00,9.740511823643795974e-01,9.857764637245279848e-01,9.999209694299060480e-01
1.706082389003122257e+00,9.747465656609959339e-01,9.861620937638790885e-01,9.999231420145291427e-01
1.724513770671199708e+00,9.754209276904191039e-01,9.865358288210418491e-01,9.999252459728000808e-01
1.743144272752443991e+00,9.760749894473265131e-01,9.868980901847504983e-01,9.999272838269470665e-01
1.761976046411626307e+00,9.767094445527829683e-01,9.872492823378605786e-01,9.999292579929188740e-01
1.781011266053275088e+00,9.773249603516244166e-01,9.875897936863355930e-01,9.999311707853842934e-01
1.800252129572741389e+00,9.779221789665265563e-01,9.879199972551836462e-01,9.999330244224744479e-01
1.819700858609978988e+00,9.785017183102050486e-01,9.882402513528382171e-01,9.999348210302825279e-01
1.839359698806064980e+00,9.790641730571821855e-01,9.885509002054089223e-01,9.999365626471355961e-01
1.859230920062492132e+00,9.796101155765324364e-01,9.888522745621759480e-01,9.999382512276487889e-01
1.879316816803262125e+00,9.801400968269992076e-01,9.891446922736434333e-01,9.999398886465755698e-01
1.899619708239810745e+00,9.806546472158501615e-01,9.894284588434019145e-01,9.999414767024641382e-01
1.920141938638794121e+00,9.811542774228065866e-01,9.897038679550107521e-01,9.999430171211302065e-01
1.940885877592769981e+00,9.816394791903563233e-01,9.899712019750459557e-01,9.999445115589578048e-01
1.961853920293807896e+00,9.821107260817234508e-01,9.902307324334128635e-01,9.999459616060347722e-01
1.983048487810021410e+00,9.825684742077342992e-01,9.904827204819773856e-01,9.999473687891343721e-01
2.004472027365158393e+00,9.830131629237945923e-01,9.907274173325184563e-01,9.999487345745481370e-01
2.026127012621139922e+00,9.834452154981371264e-01,9.909650646749564862e-01,9.999500603707816015e-01
2.048015943963689356e+00,9.838650397524865143e-01,9.911958950767811860e-01,9.999513475311169186e-01
2.070141348791037395e+00,9.842730286762368941e-01,9.914201323645412955e-01,9.999525973560515757e-01
2.092505781805747311e+00,9.846695610152047529e-01,9.916379919882396532e-01,9.999538110956180947e-01
2.115111825309693661e+00,9.850550018359914839e-01,9.918496813694209768e-01,9.999549899515918217e-01
2.137962089502225549e+00,9.854297030669407764e-01,9.920554002337159671e-01,9.999561350795932446e-01
2.161059212781553995e+00,9.857940040166580653e-01,9.922553409285579384e-01,9.999572475910875058e-01
2.184405862049392688e+00,9.861482318710073081e-01,9.924496887267694190e-01,9.999583285552922085e-01
2.208004733018891219e+00,9.864927021694817055e-01,9.926386221166684232e-01,9.999593790009906336e-01
2.231858550525902540e+00,9.868277192617994631e-01,9.928223130793243367e-01,9.999603999182606895e-01
2.255970068843573983e+00,9.871535767455541510e-01,9.930009273535583825e-01,9.999613922601238158e-01
2.280342072000415055e+00,9.874705578857093657e-01,9.931746246892596552e-01,9.999623569441131732e-01
2.304977374101723875e+00,9.877789360166980837e-01,9.933435590895545175e-01,9.999632948537723331e-01
2.329878819654524147e+00,9.880789749278641176e-01,9.935078790423500505e-01,9.999642068400804717e-01
2.355049283896004653e+00,9.883709292329416751e-01,9.936677277417395038e-01,9.999650937228145020e-01
2.380491673125508800e+00,9.886550447242536954e-01,9.938232432997395893e-01,9.999659562918461475e-01
2.406208925040109747e+00,9.889315587122723405e-01,9.939745589488070410e-01,9.999667953083803962e-01
2.432204009073807960e+00,9.892007003511645857e-01,9.941218032355578771e-01,9.999676115061366666e-01
2.458479926740399613e+00,9.894626909509178780e-01,9.942651002060948207e-01,9.999684055924770165e-01
2.485039711980042476e+00,9.897177442766165179e-01,9.944045695833276799e-01,9.999691782494817271e-01
2.511886431509570361e+00,9.899660668354158810e-01,9.945403269366557275e-01,9.999699301349771474e-01
2.539023185176590314e+00,9.902078581517388400e-01,9.946724838443619099e-01,9.999706618835164651e-01
2.566453106317414079e+00,9.904433110311972044e-01,9.948011480490481784e-01,9.999713741073179563e-01
2.594179362118811394e+00,9.906726118137172410e-01,9.949264236064355726e-01,9.999720673971584928e-01
2.622205153983763637e+00,9.908959406163309058e-01,9.950484110278274841e-01,9.999727423232304124e-01
2.650533717901075281e+00,9.911134715660747663e-01,9.951672074165239801e-01,9.999733994359585321e-01
2.679168324819026559e+00,9.913253730234170558e-01,9.952829065984639678e-01,9.999740392667810784e-01
2.708112281023050905e+00,9.915318077966167598e-01,9.953955992473545455e-01,9.999746623288966463e-01
2.737368928517495359e+00,9.917329333474026454e-01,9.955053730045373417e-01,9.999752691179789599e-01
2.766941645411503892e+00,9.919289019883412717e-01,9.956123125938290963e-01,9.999758601128595492e-01
2.796833846309068505e+00,9.921198610722483657e-01,9.957164999315629705e-01,9.999764357761806721e-01
2.827048982703296520e+00,9.923059531739806260e-01,9.958180142320446349e-01,9.999769965550213691e-01
2.857590543374936232e+00,9.924873162649350267e-01,9.959169321086299709e-01,9.999775428814949851e-01
2.888462054795207123e+00,9.926640838805639300e-01,9.960133276706187866e-01,9.999780751733214901e-01
2.919667081532982600e+00,9.928363852811993295e-01,9.961072726161516178e-01,9.999785938343757064e-01
2.951209226666382968e+00,9.930043456064751028e-01,9.961988363212878062e-01,9.999790992552118896e-01
2.983092132198760904e+00,9.931680860236167252e-01,9.962880859254318322e-01,9.999795918135666595e-01
3.015319479479288134e+00,9.933277238698542400e-01,9.963750864132724372e-01,9.999800718748389494e-01
3.047894989627977669e+00,9.934833727892115052e-01,9.964599006933869685e-01,9.999805397925527473e-01
3.080822423965354329e+00,9.936351428639068617e-01,9.965425896736560540e-01,9.999809959087965217e-01
3.114105584446752228e+00,9.937831407405901540e-01,9.966232123336333792e-01,9.999814405546487706e-01
3.147748314101307621e+00,9.939274697516367052e-01,9.967018257939962433e-01,9.999818740505820314e-01
3.181754497475692389e+00,9.940682300317036368e-01,9.967784853832127867e-01,9.999822967068525692e-01
3.216128061082643264e+00,9.942055186297472646e-01,9.968532447015410192e-01,9.999827088238728567e-01
3.250872973854332493e+00,9.943394296166905288e-01,9.969261556824766668e-01,9.999831106925692881e-01
3.285993247600642153e+00,9.944700541889249790e-01,9.969972686517631910e-01,9.999835025947253486e-01
3.321492937472385165e+00,9.945974807678163998e-01,9.970666323840655654e-01,9.999838848033102412e-01
3.357376142429544075e+00,9.947217950953847199e-01,9.971342941574098395e-01,9.999842575827947444e-01
3.393647005714508058e+00,9.948430803263133004e-01,9.972002998054845246e-01,9.999846211894544146e-01
3.430309715330543519e+00,9.949614171164424814e-01,9.972646937678966150e-01,9.999849758716596870e-01
3.467368504525310868e+00,9.950768837078901585e-01,9.973275191384655125e-01,9.999853218701560964e-01
3.504827652279669525e+00,9.951895560109402794e-01,9.973888177116428944e-01,9.999856594183311742e-01
3.542691483801748031e+00,9.952995076828307086e-01,9.974486300271355743e-01,9.999859887424722427e-01
3.580964371026351234e+00,9.954068102035703580e-01,9.975069954128078509e-01,9.999863100620145495e-01
3.619650733119767150e+00,9.955115329489034881e-01,9.975639520259353965e-01,9.999866235897771904e-01
3.658755036990021026e+00,9.956137432605399740e-01,9.976195368928814089e-01,9.999869295321923701e-01
3.698281797802649873e+00,9.957135065137643348e-01,9.976737859472600833e-01,9.999872280895243382e-01
3.738235579502040107e+00,9.958108861825254454e-01,9.977267340666496898e-01,9.999875194560802205e-01
3.778620995338404676e+00,9.959059439021151761e-01,9.977784151079179820e-01,9.999878038204130792e-01
3.819442708400449860e+00,9.959987395295284429e-01,9.978288619412174487e-01,9.999880813655160905e-01
3.860705432153809902e+00,9.960893312015999257e-01,9.978781064827005887e-01,9.999883522690099502e-01
3.902413930985232593e+00,9.961777753910087130e-01,9.979261797260167155e-01,9.999886167033235074e-01
3.944573020752778270e+00,9.962641269602326988e-01,9.979731117726320377e-01,9.999888748358666257e-01
3.987187569341828830e+00,9.963484392135401047e-01,9.980189318610259708e-01,9.999891268291978275e-01
4.030262497227166563e+00,9.964307639470897371e-01,9.980636683948096444e-01,9.999893728411836102e-01
4.073802778041118344e+00,9.965111514972218032e-01,9.981073489698069068e-01,9.999896130251535453e-01
4.117813439147832710e+00,9.965896507870062315e-01,9.981500004001450099e-01,9.999898475300493805e-01
4.162299562223765292e+00,9.966663093711206622e-01,9.981916487433907248e-01,9.999900765005673708e-01
4.207266283844427690e+00,9.967411734791240541e-01,9.982323193247727433e-01,9.999903000772963901e-01
4.252718796077487262e+00,9.968142880571834175e-01,9.982720367605275591e-01,9.999905183968512690e-01
4.298662347082260915e+00,9.968856968083255055e-01,9.983108249804011347e-01,9.999907315920000261e-01
4.345102241715697922e+00,9.969554422312579822e-01,9.983487072493428816e-01,9.999909397917874365e-01
4.392043842144899735e+00,9.970235656578282368e-01,9.983857061884247042e-01,9.999911431216531588e-01
4.439492568466276268e+00,9.970901072891625860e-01,9.984218437950106440e-01,9.999913417035473095e-01
4.487453899331315554e+00,9.971551062305440416e-01,9.984571414622152030e-01,9.999915356560398205e-01
4.535933372579267875e+00,9.972186005250752716e-01,9.984916199976689999e-01,9.999917250944265756e-01
4.584936585876504545e+00,9.972806271861721639e-01,9.985252996416279503e-01,9.999919101308332170e-01
4.634469197362870219e+00,9.973412222289337326e-01,9.985582000844435147e-01,9.999920908743126224e-01
4.684536926304997628e+00,9.974004207004336653e-01,9.985903404834263197e-01,9.999922674309407178e-01
4.735145553756677117e+00,9.974582567089718133e-01,9.986217394791209179e-01,9.999924399039089584e-01
4.786300923226369797e+00,9.975147634523257034e-01,9.986524152110169972e-01,9.999926083936124810e-01
4.838008941351921166e+00,9.975699732450413748e-01,9.986823853327203571e-01,9.999927729977355906e-01
4.890275578582572003e+00,9.976239175447990659e-01,9.987116670266015239e-01,9.999929338113355826e-01
4.943106869868335806e+00,9.976766269778888363e-01,9.987402770179425460e-01,9.999930909269210133e-01
4.996508915356815628e+00,9.977281313638288740e-01,9.987682315886037276e-01,9.999932444345296378e-01
5.050487881097581955e+00,9.977784597391601284e-01,9.987955465902252916e-01,9.999933944218027948e-01
5.105049999754057488e+00,9.978276403804454686e-01,9.988222374569839523e-01,9.999935409740565717e-01
5.160201571323274727e+00,9.978757008265076722e-01,9.988483192179191672e-01,9.999936841743523042e-01
5.215948963863236365e+00,9.979226678999271183e-01,9.988738065088483831e-01,9.999938241035621900e-01
5.272298614228216884e+00,9.979685677278353761e-01,9.988987135838831577e-01,9.999939608404354585e-01
5.329257028811992036e+00,9.980134257620222327e-01,9.989230543265626983e-01,9.999940944616594329e-01
5.386830784299095676e+00,9.980572667983886870e-01,9.989468422606201381e-01,9.999942250419220358e-01
5.445026528424197210e+00,9.981001149957634544e-01,9.989700905603940972e-01,9.999943526539678551e-01
5.503850980739676935e+00,9.981419938941114012e-01,9.989928120608972950e-01,9.999944773686565425e-01
5.563310933391500512e+00,9.981829264321527839e-01,9.990150192675577578e-01,9.999945992550165474e-01
5.623413251903470744e+00,9.982229349644150540e-01,9.990367243656422813e-01,9.999947183802987416e-01
5.684164875969949904e+00,9.982620412777396535e-01,9.990579392293754690e-01,9.999948348100258233e-01
5.745572820257153879e+00,9.983002666072614550e-01,9.990786754307634521e-01,9.999949486080440542e-01
5.807644175213114934e+00,9.983376316518799420e-01,9.990989442481353899e-01,9.999950598365694443e-01
5.870386107886300664e+00,9.983741565892412240e-01,9.991187566744108572e-01,9.999951685562344927e-01
5.933805862753271043e+00,9.984098610902465420e-01,9.991381234251044408e-01,9.999952748261335955e-01
5.997910762555083153e+00,9.984447643331074707e-01,9.991570549460754291e-01,9.999953787038649011e-01
6.062708209142829041e+00,9.984788850169595831e-01,9.991755614210354741e-01,9.999954802455743863e-01
6.128205684332284520e+00,9.985122413750526782e-01,9.991936527788155553e-01,9.999955795059946029e-01
6.194410750767798568e+00,9.985448511875322231e-01,9.992113387004100122e-01,9.999956765384846458e-01
6.261331052795507723e+00,9.985767317938251120e-01,9.992286286257969774e-01,9.999957713950687888e-01
6.328974317345991807e+00,9.986079001046456183e-01,9.992455317605499765e-01,9.999958641264731218e-01
6.397348354826458916e+00,9.986383726136324190e-01,9.992620570822436932e-01,9.999959547821607453e-01
6.466461060022573371e+00,9.986681654086305704e-01,9.992782133466614480e-01,9.999960434103668527e-01
6.536320413010021646e+00,9.986972941826302019e-01,9.992940090938138287e-01,9.999961300581330370e-01
6.606934480075954852e+00,9.987257742443755859e-01,9.993094526537722455e-01,9.999962147713381544e-01
6.678311414650267785e+00,9.987536205286513535e-01,9.993245521523267394e-01,9.999962975947310762e-01
6.750459458247166644e+00,9.987808476062629559e-01,9.993393155164695951e-01,9.999963785719615528e-01
6.823386941416685225e+00,9.988074696937165875e-01,9.993537504797159743e-01,9.999964577456084136e-01
6.897102284706591036e+00,9.988335006626106738e-01,9.993678645872632327e-01,9.999965351572097649e-01
6.971613999634659109e+00,9.988589540487494700e-01,9.993816652009966939e-01,9.999966108472898574e-01
7.046930689671452086e+00,9.988838430609864316e-01,9.993951595043447655e-01,9.999966848553867305e-01
7.123061051233719354e+00,9.989081805898081257e-01,9.994083545069916141e-01,9.999967572200781918e-01
7.200013874688522719e+00,9.989319792156646782e-01,9.994212570494498404e-01,9.999968279790072412e-01
7.277798045368216506e+00,9.989552512170589704e-01,9.994338738074971529e-01,9.999968971689070507e-01
7.356422544596386892e+00,9.989780085783982466e-01,9.994462112964854761e-01,9.999969648256241683e-01
7.435896450724879259e+00,9.990002629976195703e-01,9.994582758755216068e-01,9.999970309841423877e-01
7.516228940182023699e+00,9.990220258935943454e-01,9.994700737515278544e-01,9.999970956786052856e-01
7.597429288532222103e+00,9.990433084133202302e-01,9.994816109831838880e-01,9.999971589423380935e-01
7.679506871546832869e+00,9.990641214389067715e-01,9.994928934847557844e-01,9.999972208078686808e-01
7.762471166286906588e+00,9.990844755943604216e-01,9.995039270298134992e-01,9.999972813069482047e-01
7.846331752197344578e+00,9.991043812521785972e-01,9.995147172548438652e-01,9.999973404705722047e-01
7.931098312213011425e+00,9.991238485397559987e-01,9.995252696627583422e-01,9.999973983289980328e-01
8.016780633876773976e+00,9.991428873456088544e-01,9.995355896263020679e-01,9.999974549117656153e-01
8.103388610469611564e+00,9.991615073254260793e-01,9.995456823913666522e-01,9.999975102477151045e-01
8.190932242152950238e+00,9.991797179079497937e-01,9.995555530802086031e-01,9.999975643650045320e-01
8.279421637123316913e+00,9.991975283006903075e-01,9.995652066945777126e-01,9.999976172911281269e-01
8.368867012779485748e+00,9.992149474954862276e-01,9.995746481187578469e-01,9.999976690529314149e-01
8.459278696902227779e+00,9.992319842739051383e-01,9.995838821225233595e-01,9.999977196766295373e-01
8.550667128846798803e+00,9.992486472124986197e-01,9.995929133640116815e-01,9.999977691878212394e-01
8.643042860748321843e+00,9.992649446879126041e-01,9.996017463925185309e-01,9.999978176115067452e-01
8.736416558740211613e+00,9.992808848818549583e-01,9.996103856512140728e-01,9.999978649721001922e-01
8.830799004185616141e+00,9.992964757859306157e-01,9.996188354797858056e-01,9.999979112934462844e-01
8.926201094922470602e+00,9.993117252063422606e-01,9.996271001170076165e-01,9.999979565988337260e-01
9.022633846521683765e+00,9.993266407684654462e-01,9.996351837032398935e-01,9.999980009110083223e-01
9.120108393559078763e+00,9.993412299212982575e-01,9.996430902828615794e-01,9.999980442521880786e-01
9.218635990901049126e+00,9.993554999417930684e-01,9.996508238066351693e-01,9.999980866440748573e-01
9.318228015004089926e+00,9.993694579390692834e-01,9.996583881340085354e-01,9.999981281078678119e-01
9.418895965228387013e+00,9.993831108585162770e-01,9.996657870353553577e-01,9.999981686642759326e-01
9.520651465165572702e+00,9.993964654857839802e-01,9.996730241941539363e-01,9.999982083335292593e-01
9.623506263980852182e+00,9.994095284506698817e-01,9.996801032091086059e-01,9.999982471353912050e-01
9.727472237769614338e+00,9.994223062309006700e-01,9.996870275962158603e-01,9.999982850891704356e-01
9.832561390928695744e+00,9.994348051558158419e-01,9.996938007907724133e-01,9.999983222137309724e-01
9.938785857542505653e+00,9.994470314099533903e-01,9.997004261493338539e-01,9.999983585275034059e-01
1.004615790278394094e+01,9.994589910365411223e-01,9.997069069516176798e-01,9.999983940484956646e-01
1.015468992433078910e+01,9.994706899408969392e-01,9.997132464023595899e-01,9.999984287943034511e-01
1.026439445379708637e+01,9.994821338937405208e-01,9.997194476331195956e-01,9.999984627821190131e-01
1.037528415818010608e+01,9.994933285344191898e-01,9.997255137040411688e-01,9.999984960287424673e-01
1.048737184132295575e+01,9.995042793740483988e-01,9.997314476055635390e-01,9.999985285505903487e-01
1.060067044539296077e+01,9.995149917985733934e-01,9.997372522600916911e-01,9.999985603637043807e-01
1.071519305237603525e+01,9.995254710717501601e-01,9.997429305236203989e-01,9.999985914837616896e-01
1.083095288558718217e+01,9.995357223380508804e-01,9.997484851873196243e-01,9.999986219260829090e-01
1.094796331119732358e+01,9.995457506254942226e-01,9.997539189790748404e-01,9.999986517056401736e-01
1.106623783977662434e+01,9.995555608484031351e-01,9.997592345649926049e-01,9.999986808370658897e-01
1.118579012785447269e+01,9.995651578100935852e-01,9.997644345508631680e-01,9.999987093346617284e-01
1.130663397949634330e+01,9.995745462054936858e-01,9.997695214835889965e-01,9.999987372124046203e-01
1.142878334789770634e+01,9.995837306236964315e-01,9.997744978525746617e-01,9.999987644839558598e-01
1.155225233699497878e+01,9.995927155504492623e-01,9.997793660910833102e-01,9.999987911626678772e-01
1.167705520309425893e+01,9.996015053705800124e-01,9.997841285775581621e-01,9.999988172615922322e-01
1.180320635651727557e+01,9.996101043703613520e-01,9.997887876369094817e-01,9.999988427934858315e-01
1.193072036326531205e+01,9.996185167398168314e-01,9.997933455417704618e-01,9.999988677708182561e-01
1.205961194670105563e+01,9.996267465749689718e-01,9.997978045137217995e-01,9.999988922057789775e-01
1.218989598924863316e+01,9.996347978800320666e-01,9.998021667244846311e-01,9.999989161102831314e-01
1.232158753411200358e+01,9.996426745695475846e-01,9.998064342970842677e-01,9.999989394959782896e-01
1.245470178701191521e+01,9.996503804704719442e-01,9.998106093069840661e-01,9.999989623742508993e-01
1.258925411794162841e+01,9.996579193242058903e-01,9.998146937831929870e-01,9.999989847562319456e-01
1.272526006294161327e+01,9.996652947885800167e-01,9.998186897093445102e-01,9.999990066528031685e-01
1.286273532589340363e+01,9.996725104397866657e-01,9.998225990247480155e-01,9.999990280746029470e-01
1.300169578033284701e+01,9.996795697742684172e-01,9.998264236254152948e-01,9.999990490320317393e-01
1.314215747128298517e+01,9.996864762105563962e-01,9.998301653650629728e-01,9.999990695352578562e-01
1.328413661710649407e+01,9.996932330910659470e-01,9.998338260560873936e-01,9.999990895942225677e-01
1.342764961137861768e+01,9.996998436838487878e-01,9.998374074705185244e-01,9.999991092186452102e-01
1.357271302477985664e+01,9.997063111843009775e-01,9.998409113409487681e-01,9.999991284180287376e-01
1.371934360700934619e+01,9.997126387168301376e-01,9.998443393614397934e-01,9.999991472016647176e-01
1.386755828871885221e+01,9.997188293364831502e-01,9.998476931884076047e-01,9.999991655786377720e-01
1.401737418346766262e+01,9.997248860305321116e-01,9.998509744414850742e-01,9.999991835578304622e-01
1.416880858969860135e+01,9.997308117200256472e-01,9.998541847043646014e-01,9.999992011479281739e-01
1.432187899273538889e+01,9.997366092612994803e-01,9.998573255256205661e-01,9.999992183574234472e-01
1.447660306680157127e+01,9.997422814474515862e-01,9.998603984195106875e-01,9.999992351946203062e-01
1.463299867706127877e+01,9.997478310097835941e-01,9.998634048667602858e-01,9.999992516676388110e-01
1.479108388168201316e+01,9.997532606192064408e-01,9.998663463153243391e-01,9.999992677844192768e-01
1.495087693391978867e+01,9.997585728876111633e-01,9.998692241811349968e-01,9.999992835527259372e-01
1.511239628422651649e+01,9.997637703692101585e-01,9.998720398488291083e-01,9.999992989801513854e-01
1.527566058238070568e+01,9.997688555618438055e-01,9.998747946724584335e-01,9.999993140741203490e-01
1.544068867964064040e+01,9.997738309082572217e-01,9.998774899761840862e-01,9.999993288418934645e-01
1.560749963092108317e+01,9.997786987973462658e-01,9.998801270549524389e-01,9.999993432905709412e-01
1.577611269699345087e+01,9.997834615653752310e-01,9.998827071751580364e-01,9.999993574270962249e-01
1.594654734670974960e+01,9.997881214971642283e-01,9.998852315752877473e-01,9.999993712582603278e-01
1.611882325925053649e+01,9.997926808272492583e-01,9.998877014665511487e-01,9.999993847907034938e-01
1.629296032639717495e+01,9.997971417410154160e-01,9.998901180334969219e-01,9.999993980309203057e-01
1.646897865482862855e+01,9.998015063758027843e-01,9.998924824346122620e-01,9.999994109852623492e-01
1.664689856844308125e+01,9.998057768219872354e-01,9.998947958029110739e-01,9.999994236599409891e-01
1.682674061070460780e+01,9.998099551240345884e-01,9.998970592465052931e-01,9.999994360610315880e-01
1.700852554701524966e+01,9.998140432815310064e-01,9.998992738491662147e-01,9.999994481944755043e-01
1.719227436711271650e+01,9.998180432501903026e-01,9.999014406708700564e-01,9.999994600660838673e-01
1.737800828749373494e+01,9.998219569428355991e-01,9.999035607483317545e-01,9.999994716815394646e-01
1.756574875386415968e+01,9.998257862303598920e-01,9.999056350955258798e-01,9.999994830464014051e-01
1.775551744361495210e+01,9.998295329426635236e-01,9.999076647041970078e-01,9.999994941661060066e-01
1.794733626832523044e+01,9.998331988695708938e-01,9.999096505443553218e-01,9.999995050459707935e-01
1.814122737629224957e+01,9.998367857617229681e-01,9.999115935647641118e-01,9.999995156911962724e-01
1.833721315508877936e+01,9.998402953314549091e-01,9.999134946934127299e-01,9.999995261068699293e-01
1.853531623414805907e+01,9.998437292536460630e-01,9.999153548379817735e-01,9.999995362979665625e-01
1.873555948737671528e+01,9.998470891665570681e-01,9.999171748862941689e-01,9.999995462693530568e-01
1.893796603579585991e+01,9.998503766726437592e-01,9.999189557067589273e-01,9.999995560257894933e-01
1.914255925021078752e+01,9.998535933393530861e-01,9.999206981488029111e-01,9.999995655719315923e-01
1.934936275390944616e+01,9.998567406999016027e-01,9.999224030432924959e-01,9.999995749123337108e-01
1.955840042539011492e+01,9.998598202540350810e-01,9.999240712029472400e-01,9.999995840514505074e-01
1.976969640111858695e+01,9.998628334687722496e-01,9.999257034227424512e-01,9.999995929936391637e-01
1.998327507831479721e+01,9.998657817791294367e-01,9.999273004803023168e-01,9.999996017431618256e-01
2.019916111777026302e+01,9.998686665888301128e-01,9.999288631362862612e-01,9.999996103041876028e-01
2.041737944669525717e+01,9.998714892709981150e-01,9.999303921347636459e-01,9.999996186807945664e-01
2.063795526159707450e+01,9.998742511688345491e-01,9.999318882035822531e-01,9.999996268769721919e-01
2.086091403118935972e+01,9.998769535962800381e-01,9.999333520547263321e-01,9.999996348966224691e-01
2.108628149933283780e+01,9.998795978386600947e-01,9.999347843846686512e-01,9.999996427435622337e-01
2.131408368800780551e+01,9.998821851533195026e-01,9.999361858747123355e-01,9.999996504215257209e-01
2.154434690031876798e+01,9.998847167702378247e-01,9.999375571913268201e-01,9.999996579341657865e-01
2.177709772353151152e+01,9.998871938926344738e-01,9.999388989864756994e-01,9.999996652850547951e-01
2.201236303214299284e+01,9.998896176975574646e-01,9.999402118979352494e-01,9.999996724776886170e-01
2.225016999098439641e+01,9.998919893364627276e-01,9.999414965496089547e-01,9.999996795154864060e-01
2.249054605835779341e+01,9.998943099357742170e-01,9.999427535518327081e-01,9.999996864017929310e-01
2.273351898920627434e+01,9.998965805974379117e-01,9.999439835016732392e-01,9.999996931398797972e-01
2.297911683831916818e+01,9.998988023994586083e-01,9.999451869832211015e-01,9.999996997329486659e-01
2.322736796357103017e+01,9.999009763964273878e-01,9.999463645678755563e-01,9.999997061841302548e-01
2.347830102919607498e+01,9.999031036200355382e-01,9.999475168146242376e-01,9.999997124964885575e-01
2.373194500909788118e+01,9.999051850795781515e-01,9.999486442703151567e-01,9.999997186730196219e-01
2.398832919019484322e+01,9.999072217624453973e-01,9.999497474699247102e-01,9.999997247166553249e-01
2.424748317580178281e+01,9.999092146346034715e-01,9.999508269368171387e-01,9.999997306302640387e-01
2.450943688904808937e+01,9.999111646410639986e-01,9.999518831829999899e-01,9.999997364166508529e-01
2.477422057633276964e+01,9.999130727063446633e-01,9.999529167093732518e-01,9.999997420785611268e-01
2.504186481081686466e+01,9.999149397349172963e-01,9.999539280059726032e-01,9.999997476186800460e-01
2.531240049595353625e+01,9.999167666116468567e-01,9.999549175522083333e-01,9.999997530396343981e-01
2.558585886905634865e+01,9.999185542022219764e-01,9.999558858170972675e-01,9.999997583439945714e-01
2.586227150490616467e+01,9.999203033535730700e-01,9.999568332594909181e-01,9.999997635342748881e-01
2.614167031939653540e+01,9.999220148942841169e-01,9.999577603282971960e-01,9.999997686129351582e-01
2.642408757321942403e+01,9.999236896349925630e-01,9.999586674626995686e-01,9.999997735823817901e-01
2.670955587558979971e+01,9.999253283687830063e-01,9.999595550923676690e-01,9.999997784449692340e-01
2.699810818801094570e+01,9.999269318715696686e-01,9.999604236376673505e-01,9.999997832030009803e-01
2.728977782808034291e+01,9.999285009024714288e-01,9.999612735098623029e-01,9.999997878587306710e-01
2.758459847333669046e+01,9.999300362041793067e-01,9.999621051113140036e-01,9.999997924143626538e-01
2.788260416514845375e+01,9.999315385033146208e-01,9.999629188356756737e-01,9.999997968720538699e-01
2.818382931264444835e+01,9.999330085107791533e-01,9.999637150680822373e-01,9.999998012339150755e-01
2.848830869668687527e+01,9.999344469220986520e-01,9.999644941853365054e-01,9.999998055020105081e-01
2.879607747388729067e+01,9.999358544177575636e-01,9.999652565560908091e-01,9.999998096783603296e-01
2.910717118066593656e+01,9.999372316635276592e-01,9.999660025410249675e-01,9.999998137649407370e-01
2.942162573735495812e+01,9.999385793107874454e-01,9.999667324930191503e-01,9.999998177636852947e-01
2.973947745234602991e+01,9.999398979968362466e-01,9.999674467573254066e-01,9.999998216764856007e-01
3.006076302628226671e+01,9.999411883452012928e-01,9.999681456717317563e-01,9.999998255051923968e-01
3.038551955629650081e+01,9.999424509659359250e-01,9.999688295667269466e-01,9.999998292516164566e-01
3.071378454029424176e+01,9.999436864559149152e-01,9.999694987656576606e-01,9.999998329175295853e-01
3.104559588128348935e+01,9.999448953991196820e-01,9.999701535848849465e-01,9.999998365046651738e-01
3.138099189175117942e+01,9.999460783669184005e-01,9.999707943339353200e-01,9.999998400147189770e-01
3.172001129808693065e+01,9.999472359183414483e-01,9.999714213156504217e-01,9.999998434493503341e-01
3.206269324505456098e+01,9.999483686003489691e-01,9.999720348263319014e-01,9.999998468101828353e-01
3.240907730031193523e+01,9.999494769480929968e-01,9.999726351558830828e-01,9.999998500988046546e-01
3.275920345897964125e+01,9.999505614851738056e-01,9.999732225879481851e-01,9.999998533167696602e-01
3.311311214825898475e+01,9.999516227238918198e-01,9.999737974000499907e-01,9.999998564655986355e-01
3.347084423209992110e+01,9.999526611654909747e-01,9.999743598637195197e-01,9.999998595467793905e-01
3.383244101591953523e+01,9.999536773004010781e-01,9.999749102446292559e-01,9.999998625617672054e-01
3.419794425137084914e+01,9.999546716084709574e-01,9.999754488027183807e-01,9.999998655119864965e-01
3.456739614116437309e+01,9.999556445591980536e-01,9.999759757923184500e-01,9.999998683988304826e-01
3.494083934394059554e+01,9.999565966119534632e-01,9.999764914622738532e-01,9.999998712236628506e-01
3.531831697919562885e+01,9.999575282162014300e-01,9.999769960560618287e-01,9.999998739878172005e-01
3.569987263225998930e+01,9.999584398117137285e-01,9.999774898119082600e-01,9.999998766925985993e-01
3.608555035933120081e+01,9.999593318287801624e-01,9.999779729629020286e-01,9.999998793392846919e-01
3.647539469256067690e+01,9.999602046884137341e-01,9.999784457371054813e-01,9.999998819291243679e-01
3.686945064519564141e+01,9.999610588025525937e-01,9.999789083576647863e-01,9.999998844633405382e-01
3.726776371677656385e+01,9.999618945742543286e-01,9.999793610429150714e-01,9.999998869431292459e-01
3.767037989839074896e+01,9.999627123978908072e-01,9.999798040064854510e-01,9.999998893696607771e-01
3.807734567798267733e+01,9.999635126593350298e-01,9.999802374574006114e-01,9.999998917440805490e-01
3.848870804572172943e+01,9.999642957361450923e-01,9.999806616001802873e-01,9.999998940675087766e-01
3.890451449942802498e+01,9.999650619977441535e-01,9.999810766349377378e-01,9.999998963410420272e-01
3.932481305005617145e+01,9.999658118055970712e-01,9.999814827574740050e-01,9.999998985657525541e-01
3.974965222723969305e+01,9.999665455133817105e-01,9.999818801593718387e-01,9.999999007426906283e-01
4.017908108489392305e+01,9.999672634671579186e-01,9.999822690280866233e-01,9.999999028728829842e-01
4.061314920688012364e+01,9.999679660055325048e-01,9.999826495470366394e-01,9.999999049573341514e-01
4.105190671273069114e+01,9.999686534598192234e-01,9.999830218956886618e-01,9.999999069970274546e-01
4.149540426343618549e+01,9.999693261541987566e-01,9.999833862496447789e-01,9.999999089929253460e-01
4.194369306729486624e+01,9.999699844058694831e-01,9.999837427807257706e-01,9.999999109459688507e-01
4.239682488582545972e+01,9.999706285252021321e-01,9.999840916570520433e-01,9.999999128570787876e-01
4.285485203974380397e+01,9.999712588158843340e-01,9.999844330431246764e-01,9.999999147271565469e-01
4.331782741500398970e+01,9.999718755750666155e-01,9.999847670999028049e-01,9.999999165570843118e-01
4.378580446890486400e+01,9.999724790935036189e-01,9.999850939848811127e-01,9.999999183477242815e-01
4.425883723626262167e+01,9.999730696556911047e-01,9.999854138521633296e-01,9.999999200999207805e-01
4.473698033564924259e+01,9.999736475400020641e-01,9.999857268525363940e-01,9.999999218145003699e-01
4.522028897569999373e+01,9.999742130188192801e-01,9.999860331335420627e-01,9.999999234922707370e-01
4.570881896148743095e+01,9.999747663586631141e-01,9.999863328395465212e-01,9.999999251340233597e-01
4.620262670096506241e+01,9.999753078203199586e-01,9.999866261118096622e-01,9.999999267405315084e-01
4.670176921148051008e+01,9.999758376589643616e-01,9.999869130885514767e-01,9.999999283125529104e-01
4.720630412635893691e+01,9.999763561242812626e-01,9.999871939050176683e-01,9.999999298508283063e-01
4.771628970155772009e+01,9.999768634605837869e-01,9.999874686935448231e-01,9.999999313560822278e-01
4.823178482239291753e+01,9.999773599069297081e-01,9.999877375836214721e-01,9.999999328290247735e-01
4.875284901033847262e+01,9.999778456972339136e-01,9.999880007019514849e-01,9.999999342703498328e-01
4.927954242989879674e+01,9.999783210603806483e-01,9.999882581725123565e-01,9.999999356807361961e-01
4.981192589555570294e+01,9.999787862203306510e-01,9.999885101166156032e-01,9.999999370608488869e-01
5.035006087879026637e+01,9.999792413962281801e-01,9.999887566529627181e-01,9.999999384113379408e-01
5.089400951518085492e+01,9.999796868025050411e-01,9.999889978977027916e-01,9.999999397328396267e-01
5.144383461157680415e+01,9.999801226489811734e-01,9.999892339644870232e-01,9.999999410259767796e-01
5.199959965335152390e+01,9.999805491409651248e-01,9.999894649645221234e-01,9.999999422913585789e-01
5.256136881173207342e+01,9.999809664793506414e-01,9.999896910066238265e-01,9.999999435295808814e-01
5.312920695120885028e+01,9.999813748607121466e-01,9.999899121972680716e-01,9.999999447412272202e-01
5.370317963702515129e+01,9.999817744773977779e-01,9.999901286406411849e-01,9.999999459268682500e-01
5.428335314274764301e+01,9.999821655176206470e-01,9.999903404386895067e-01,9.999999470870624130e-01
5.486979445791860854e+01,9.999825481655466586e-01,9.999905476911677971e-01,9.999999482223562719e-01
5.546257129579090162e+01,9.999829226013842165e-01,9.999907504956861981e-01,9.999999493332843992e-01
5.606175210114637508e+01,9.999832890014668241e-01,9.999909489477560864e-01,9.999999504203702649e-01
5.666740605819891385e+01,9.999836475383385714e-01,9.999911431408364804e-01,9.999999514841257930e-01
5.727960309858269028e+01,9.999839983808344046e-01,9.999913331663770055e-01,9.999999525250516941e-01
5.789841390942686417e+01,9.999843416941606167e-01,9.999915191138616377e-01,9.999999535436383535e-01
5.852390994151760140e+01,9.999846776399728965e-01,9.999917010708513354e-01,9.999999545403654988e-01
5.915616341754731877e+01,9.999850063764529340e-01,9.999918791230250070e-01,9.999999555157024211e-01
5.979524734045509859e+01,9.999853280583830273e-01,9.999920533542199230e-01,9.999999564701084198e-01
6.044123550185508975e+01,9.999856428372193573e-01,9.999922238464723501e-01,9.999999574040329131e-01
6.109420249055707330e+01,9.999859508611632641e-01,9.999923906800548545e-01,9.999999583179155493e-01
6.175422370117881599e+01,9.999862522752318572e-01,9.999925539335159375e-01,9.999999592121866510e-01
6.242137534285149059e+01,9.999865472213264050e-01,9.999927136837151176e-01,9.999999600872672145e-01
6.309573444801913666e+01,9.999868358382987266e-01,9.999928700058613451e-01,9.999999609435693548e-01
6.377737888133318478e+01,9.999871182620183596e-01,9.999930229735476406e-01,9.999999617814961939e-01
6.446638734864308162e+01,9.999873946254346224e-01,9.999931726587849568e-01,9.999999626014423049e-01
6.516283940608401792e+01,9.999876650586414506e-01,9.999933191320380388e-01,9.999999634037933793e-01
6.586681546926287467e+01,9.999879296889375713e-01,9.999934624622571766e-01,9.999999641889273372e-01
6.657839682254358138e+01,9.999881886408872322e-01,9.999936027169118447e-01,9.999999649572137717e-01
6.729766562843170163e+01,9.999884420363785997e-01,9.999937399620215661e-01,9.999999657090141714e-01
6.802470493706266552e+01,9.999886899946817120e-01,9.999938742621884424e-01,9.999999664446828085e-01
6.875959869579020278e+01,9.999889326325048788e-01,9.999940056806261302e-01,9.999999671645657395e-01
6.950243175887953839e+01,9.999891700640491932e-01,9.999941342791907051e-01,9.999999678690016935e-01
7.025328989730505214e+01,9.999894024010633764e-01,9.999942601184091950e-01,9.999999685583224052e-01
7.101225980865378062e+01,9.999896297528949596e-01,9.999943832575092229e-01,9.999999692328522816e-01
7.177942912713596968e+01,9.999898522265441292e-01,9.999945037544463178e-01,9.999999698929087355e-01
7.255488643370368607e+01,9.999900699267121329e-01,9.999946216659300058e-01,9.999999705388025184e-01
7.333872126627881016e+01,9.999902829558521278e-01,9.999947370474535635e-01,9.999999711708376093e-01
7.413102413009147540e+01,9.999904914142169199e-01,9.999948499533174440e-01,9.999999717893113260e-01
7.493188650813030449e+01,9.999906953999062598e-01,9.999949604366561440e-01,9.999999723945149910e-01
7.574140087170532354e+01,9.999908950089126947e-01,9.999950685494628511e-01,9.999999729867331544e-01
7.655966069112555772e+01,9.999910903351685310e-01,9.999951743426145345e-01,9.999999735662447042e-01
7.738676044649034225e+01,9.999912814705883557e-01,9.999952778658953711e-01,9.999999741333223113e-01
7.822279563860014662e+01,9.999914685051126684e-01,9.999953791680208370e-01,9.999999746882327623e-01
7.906786279998236466e+01,9.999916515267516237e-01,9.999954782966600231e-01,9.999999752312370704e-01
7.992205950603781162e+01,9.999918306216245556e-01,9.999955752984583945e-01,9.999999757625910313e-01
8.078548438630711814e+01,9.999920058740024986e-01,9.999956702190598845e-01,9.999999762825445559e-01
8.165823713585902510e+01,9.999921773663469349e-01,9.999957631031282101e-01,9.999999767913424487e-01
8.254041852680160218e+01,9.999923451793485407e-01,9.999958539943685221e-01,9.999999772892238514e-01
8.343213041991789680e+01,9.999925093919656005e-01,9.999959429355474994e-01,9.999999777764233544e-01
8.433347577642724957e+01,9.999926700814611991e-01,9.999960299685131115e-01,9.999999782531696635e-01
8.524455866987364061e+01,9.999928273234400811e-01,9.999961151342152688e-01,9.999999787196879319e-01
8.616548429814258725e+01,9.999929811918829570e-01,9.999961984727245845e-01,9.999999791761968737e-01
8.709635899560768735e+01,9.999931317591830293e-01,9.999962800232514715e-01,9.999999796229115390e-01
8.803729024540886883e+01,9.999932790961789664e-01,9.999963598241644602e-01,9.999999800600423150e-01
8.898838669186159223e+01,9.999934232721887639e-01,9.999964379130081849e-01,9.999999804877947041e-01
8.994975815300337274e+01,9.999935643550422748e-01,9.999965143265218126e-01,9.999999809063699896e-01
9.092151563327254848e+01,9.999937024111135164e-01,9.999965891006553642e-01,9.999999813159649031e-01
9.190377133632573248e+01,9.999938375053513129e-01,9.999966622705871444e-01,9.999999817167724014e-01
9.289663867799340835e+01,9.999939697013104922e-01,9.999967338707402842e-01,9.999999821089810004e-01
9.390023229937534666e+01,9.999940990611817515e-01,9.999968039347992832e-01,9.999999824927753300e-01
9.491466808007771760e+01,9.999942256458200784e-01,9.999968724957251087e-01,9.999999828683355796e-01
9.594006315159299447e+01,9.999943495147753936e-01,9.999969395857715160e-01,9.999999832358384966e-01
9.697653591082458036e+01,9.999944707263183075e-01,9.999970052364999251e-01,9.999999835954574978e-01
9.802420603375742303e+01,9.999945893374694306e-01,9.999970694787941872e-01,9.999999839473613372e-01
9.908319448927635165e+01,9.999947054040247973e-01,9.999971323428752390e-01,9.999999842917155490e-01
1.001536235531341106e+02,9.999948189805832888e-01,9.999971938583150921e-01,9.999999846286820038e-01
1.012356168220684367e+02,9.999949301205719454e-01,9.999972540540517096e-01,9.999999849584197964e-01
1.023292992280752713e+02,9.999950388762709474e-01,9.999973129584012188e-01,9.999999852810833589e-01
1.034347970528324936e+02,9.999951452988382616e-01,9.999973705990724548e-01,9.999999855968249030e-01
1.045522379422814936e+02,9.999952494383336221e-01,9.999974270031791734e-01,9.999999859057925322e-01
1.056817509213656052e+02,9.999953513437432884e-01,9.999974821972534844e-01,9.999999862081321300e-01
1.068234664089280557e+02,9.999954510630012505e-01,9.999975362072577312e-01,9.999999865039855829e-01
1.079775162327706539e+02,9.999955486430128770e-01,9.999975890585975913e-01,9.999999867934922237e-01
1.091440336448753072e+02,9.999956441296774523e-01,9.999976407761329567e-01,9.999999870767879440e-01
1.103231533367898578e+02,9.999957375679087157e-01,9.999976913841904791e-01,9.999999873540063033e-01
1.115150114551802432e+02,9.999958290016560669e-01,9.999977409065744505e-01,9.999999876252777531e-01
1.127197456175505863e+02,9.999959184739267704e-01,9.999977893665784601e-01,9.999999878907293027e-01
1.139374949281332050e+02,9.999960060268046069e-01,9.999978367869962748e-01,9.999999881504866295e-01
1.151683999939506009e+02,9.999960917014698580e-01,9.999978831901326082e-01,9.999999884046713028e-01
1.164126029410489878e+02,9.999961755382194006e-01,9.999979285978127796e-01,9.999999886534032267e-01
1.176702474309112603e+02,9.999962575764855810e-01,9.999979730313947046e-01,9.999999888967990858e-01
1.189414786770432357e+02,9.999963378548540893e-01,9.999980165117772213e-01,9.999999891349736769e-01
1.202264434617410416e+02,9.999964164110829445e-01,9.999980590594109708e-01,9.999999893680390217e-01
1.215252901530392791e+02,9.999964932821195918e-01,9.999981006943078343e-01,9.999999895961042551e-01
1.228381687218423508e+02,9.999965685041188879e-01,9.999981414360501475e-01,9.999999898192774017e-01
1.241652307592407425e+02,9.999966421124597549e-01,9.999981813037999157e-01,9.999999900376627116e-01
1.255066294940144473e+02,9.999967141417617222e-01,9.999982203163081396e-01,9.999999902513632133e-01
1.268625198103255229e+02,9.999967846259016913e-01,9.999982584919230311e-01,9.999999904604796042e-01
1.282330582656016702e+02,9.999968535980293671e-01,9.999982958486001161e-01,9.999999906651099169e-01
1.296184031086131085e+02,9.999969210905839123e-01,9.999983324039080079e-01,9.999999908653506298e-01
1.310187142977448218e+02,9.999969871353069362e-01,9.999983681750397313e-01,9.999999910612956677e-01
1.324341535194663209e+02,9.999970517632602585e-01,9.999984031788187178e-01,9.999999912530374013e-01
1.338648842069991360e+02,9.999971150048386770e-01,9.999984374317077984e-01,9.999999914406657586e-01
1.353110715591901965e+02,9.999971768897850666e-01,9.999984709498158653e-01,9.999999916242694464e-01
1.367728825595846445e+02,9.999972374472032577e-01,9.999985037489067530e-01,9.999999918039345070e-01
1.382504859957070096e+02,9.999972967055735795e-01,9.999985358444060113e-01,9.999999919797453174e-01
1.397440524785502021e+02,9.999973546927651835e-01,9.999985672514082324e-01,9.999999921517847001e-01
1.412537544622750261e+02,9.999974114360483668e-01,9.999985979846834905e-01,9.999999923201335905e-01
1.427797662641226282e+02,9.999974669621091161e-01,9.999986280586856680e-01,9.999999924848712585e-01
1.443222640845418709e+02,9.999975212970608762e-01,9.999986574875584511e-01,9.999999926460750865e-01
1.458814260275343031e+02,9.999975744664559851e-01,9.999986862851415470e-01,9.999999928038206809e-01
1.474574321212189147e+02,9.999976264952993299e-01,9.999987144649782334e-01,9.999999929581825375e-01
1.490504643386189798e+02,9.999976774080590047e-01,9.999987420403206873e-01,9.999999931092331540e-01
1.506607066186740553e+02,9.999977272286780794e-01,9.999987690241374239e-01,9.999999932570434735e-01
1.522883448874763133e+02,9.999977759805859234e-01,9.999987954291181813e-01,9.999999934016829961e-01
1.539335670797416071e+02,9.999978236867091974e-01,9.999988212676805821e-01,9.999999935432198894e-01
1.555965631605071735e+02,9.999978703694825111e-01,9.999988465519755731e-01,9.999999936817207669e-01
1.572775251470664273e+02,9.999979160508597475e-01,9.999988712938943092e-01,9.999999938172503544e-01
1.589766471311401688e+02,9.999979607523232783e-01,9.999988955050712613e-01,9.999999939498730450e-01
1.606941253012873005e+02,9.999980044948941771e-01,9.999989191968928770e-01,9.999999940796503450e-01
1.624301579655577257e+02,9.999980472991433222e-01,9.999989423805001332e-01,9.999999942066443159e-01
1.641849455743898147e+02,9.999980891851997233e-01,9.999989650667957530e-01,9.999999943309137995e-01
1.659586907437554828e+02,9.999981301727605132e-01,9.999989872664478696e-01,9.999999944525175266e-01
1.677515982785550932e+02,9.999981702811006068e-01,9.999990089898964651e-01,9.999999945715128957e-01
1.695638751962652293e+02,9.999982095290812500e-01,9.999990302473569237e-01,9.999999946879557511e-01
1.713957307508418069e+02,9.999982479351585685e-01,9.999990510488258044e-01,9.999999948019008267e-01
1.732473764568822503e+02,9.999982855173934482e-01,9.999990714040848383e-01,9.999999949134014132e-01
1.751190261140454822e+02,9.999983222934587523e-01,9.999990913227065903e-01,9.999999950225103573e-01
1.770108958317418342e+02,9.999983582806484250e-01,9.999991108140573459e-01,9.999999951292788403e-01
1.789232040540836124e+02,9.999983934958852627e-01,9.999991298873031065e-01,9.999999952337571552e-01
1.808561715851083420e+02,9.999984279557292410e-01,9.999991485514129197e-01,9.999999953359941518e-01
1.828100216142738361e+02,9.999984616763845091e-01,9.999991668151636537e-01,9.999999954360381249e-01
1.847849797422285860e+02,9.999984946737086045e-01,9.999991846871435497e-01,9.999999955339360369e-01
1.867812740068608264e+02,9.999985269632173379e-01,9.999992021757571070e-01,9.999999956297339621e-01
1.887991349096287195e+02,9.999985585600952298e-01,9.999992192892276366e-01,9.999999957234770864e-01
1.908387954421751829e+02,9.999985894792000618e-01,9.999992360356032561e-01,9.999999958152091528e-01
1.929004911132302027e+02,9.999986197350712036e-01,9.999992524227581114e-01,9.999999959049737930e-01
1.949844599758037305e+02,9.999986493419358302e-01,9.999992684583983715e-01,9.999999959928127513e-01
1.970909426546724603e+02,9.999986783137163604e-01,9.999992841500646712e-01,9.999999960787674391e-01
1.992201823741641249e+02,9.999987066640358968e-01,9.999992995051354416e-01,9.999999961628784906e-01
2.013724249862385420e+02,9.999987344062259975e-01,9.999993145308314624e-01,9.999999962451853186e-01
2.035479189988790552e+02,9.999987615533318941e-01,9.999993292342181928e-01,9.999999963257265589e-01
2.057469156047835384e+02,9.999987881181188198e-01,9.999993436222095466e-01,9.999999964045400702e-01
2.079696687103690920e+02,9.999988141130782271e-01,9.999993577015712232e-01,9.999999964816630449e-01
2.102164349650892063e+02,9.999988395504336713e-01,9.999993714789234822e-01,9.999999965571316762e-01
2.124874737910676572e+02,9.999988644421464734e-01,9.999993849607453633e-01,9.999999966309816024e-01
2.147830474130527136e+02,9.999988887999211595e-01,9.999993981533760179e-01,9.999999967032473513e-01
2.171034208886947283e+02,9.999989126352116786e-01,9.999994110630187061e-01,9.999999967739628959e-01
2.194488621391509469e+02,9.999989359592253990e-01,9.999994236957443494e-01,9.999999968431615427e-01
2.218196419800210322e+02,9.999989587829304361e-01,9.999994360574930852e-01,9.999999969108758213e-01
2.242160341526165155e+02,9.999989811170582055e-01,9.999994481540772640e-01,9.999999969771377062e-01
2.266383153555692616e+02,9.999990029721113061e-01,9.999994599911852244e-01,9.999999970419781725e-01
2.290867652767770153e+02,9.999990243583659622e-01,9.999994715743829587e-01,9.999999971054278625e-01
2.315616666257023724e+02,9.999990452858785739e-01,9.999994829091172210e-01,9.999999971675165300e-01
2.340633051660124124e+02,9.999990657644892700e-01,9.999994940007175259e-01,9.999999972282732630e-01
2.365919697485753375e+02,9.999990858038280139e-01,9.999995048543995901e-01,9.999999972877267052e-01
2.391479523448122393e+02,9.999991054133169355e-01,9.999995154752668869e-01,9.999999973459050562e-01
2.417315480804097376e+02,9.999991246021773250e-01,9.999995258683134214e-01,9.999999974028354055e-01
2.443430552693964728e+02,9.999991433794312989e-01,9.999995360384263954e-01,9.999999974585446205e-01
2.469827754485877733e+02,9.999991617539086830e-01,9.999995459903875394e-01,9.999999975130586805e-01
2.496510134124025910e+02,9.999991797342493438e-01,9.999995557288767767e-01,9.999999975664035645e-01
2.523480772480565122e+02,9.999991973289077407e-01,9.999995652584731110e-01,9.999999976186041417e-01
2.550742783711348523e+02,9.999992145461567006e-01,9.999995745836574024e-01,9.999999976696850590e-01
2.578299315615501541e+02,9.999992313940926358e-01,9.999995837088145878e-01,9.999999977196700751e-01
2.606153549998892913e+02,9.999992478806367657e-01,9.999995926382351241e-01,9.999999977685831709e-01
2.634308703041479589e+02,9.999992640135417776e-01,9.999996013761178748e-01,9.999999978164468839e-01
2.662768025668721634e+02,9.999992798003931593e-01,9.999996099265715532e-01,9.999999978632839737e-01
2.691534803926910513e+02,9.999992952486141951e-01,9.999996182936166100e-01,9.999999979091163116e-01
2.720612359362600046e+02,9.999993103654686299e-01,9.999996264811871205e-01,9.999999979539656580e-01
2.750004049406127820e+02,9.999993251580645559e-01,9.999996344931330050e-01,9.999999979978528852e-01
2.779713267759281052e+02,9.999993396333574092e-01,9.999996423332215834e-01,9.999999980407987543e-01
2.809743444787148405e+02,9.999993537981534120e-01,9.999996500051390180e-01,9.999999980828234714e-01
2.840098047914205495e+02,9.999993676591131253e-01,9.999996575124930898e-01,9.999999981239466873e-01
2.870780582024680712e+02,9.999993812227537804e-01,9.999996648588136416e-01,9.999999981641879421e-01
2.901794589867244554e+02,9.999993944954531644e-01,9.999996720475549106e-01,9.999999982035658874e-01
2.933143652464073057e+02,9.999994074834521740e-01,9.999996790820968595e-01,9.999999982420992861e-01
2.964831389524339897e+02,9.999994201928574800e-01,9.999996859657472870e-01,9.999999982798059017e-01
2.996861459862121251e+02,9.999994326296453018e-01,9.999996927017428261e-01,9.999999983167039419e-01
3.029237561818924291e+02,9.999994447996635172e-01,9.999996992932510542e-01,9.999999983528102820e-01
3.061963433690672218e+02,9.999994567086339936e-01,9.999997057433708259e-01,9.999999983881424637e-01
3.095042854159355556e+02,9.999994683621568070e-01,9.999997120551352703e-01,9.999999984227165850e-01
3.128479642729337797e+02,9.999994797657111301e-01,9.999997182315121247e-01,9.999999984565490774e-01
3.162277660168371085e+02,9.999994909246587849e-01,9.999997242754056215e-01,9.999999984896558169e-01
3.196440808953381065e+02,9.999995018442469075e-01,9.999997301896572655e-01,9.999999985220525689e-01
3.230973033721062393e+02,9.999995125296098353e-01,9.999997359770480543e-01,9.999999985537542102e-01
3.265878321723346858e+02,9.999995229857715495e-01,9.999997416402993666e-01,9.999999985847761730e-01
3.301160703287789602e+02,9.999995332176487839e-01,9.999997471820738504e-01,9.999999986151324460e-01
3.336824252282928569e+02,9.999995432300522458e-01,9.999997526049773100e-01,9.999999986448375733e-01
3.372873086588674596e+02,9.999995530276898359e-01,9.999997579115595947e-01,9.999999986739056546e-01
3.409311368571790126e+02,9.999995626151685357e-01,9.999997631043158197e-01,9.999999987023501236e-01
3.446143305566450863e+02,9.999995719969959618e-01,9.999997681856872545e-01,9.999999987301845250e-01
3.483373150360112618e+02,9.999995811775835852e-01,9.999997731580636540e-01,9.999999987574218485e-01
3.521005201684512826e+02,9.999995901612478422e-01,9.999997780237827039e-01,9.999999987840749727e-01
3.559043804712033534e+02,9.999995989522131312e-01,9.999997827851322407e-01,9.999999988101563320e-01
3.597493351557414485e+02,9.999996075546123686e-01,9.999997874443510293e-01,9.999999988356783609e-01
3.636358281784887367e+02,9.999996159724908740e-01,9.999997920036298726e-01,9.999999988606527168e-01
3.675643082920789197e+02,9.999996242098065924e-01,9.999997964651123894e-01,9.999999988850916122e-01
3.715352290971713387e+02,9.999996322704322038e-01,9.999998008308965680e-01,9.999999989090060382e-01
3.755490490948257047e+02,9.999996401581582317e-01,9.999998051030346558e-01,9.999999989324076521e-01
3.796062317394427623e+02,9.999996478766931540e-01,9.999998092835359342e-01,9.999999989553073343e-01
3.837072454922771954e+02,9.999996554296660678e-01,9.999998133743656092e-01,9.999999989777157428e-01
3.878525638755278919e+02,9.999996628206284655e-01,9.999998173774476973e-01,9.999999989996436467e-01
3.920426655270148331e+02,9.999996700530554561e-01,9.999998212946636933e-01,9.999999990211010381e-01
3.962780342554389108e+02,9.999996771303475418e-01,9.999998251278559014e-01,9.999999990420982421e-01
4.005591590962534951e+02,9.999996840558325051e-01,9.999998288788265466e-01,9.999999990626449176e-01
4.048865343681248419e+02,9.999996908327665190e-01,9.999998325493393292e-01,9.999999990827510565e-01
4.092606597300099338e+02,9.999996974643362568e-01,9.999998361411198688e-01,9.999999991024259849e-01
4.136820402388496518e+02,9.999997039536594468e-01,9.999998396558570368e-01,9.999999991216788064e-01
4.181511864078846088e+02,9.999997103037874258e-01,9.999998430952036221e-01,9.999999991405185140e-01
4.226686142656016614e+02,9.999997165177061387e-01,9.999998464607766646e-01,9.999999991589542114e-01
4.272348454153170110e+02,9.999997225983369153e-01,9.999998497541586762e-01,9.999999991769944474e-01
4.318504070954026588e+02,9.999997285485391352e-01,9.999998529768980848e-01,9.999999991946476596e-01
4.365158322401642863e+02,9.999997343711103381e-01,9.999998561305099010e-01,9.999999992119222858e-01
4.412316595413757341e+02,9.999997400687883342e-01,9.999998592164774935e-01,9.999999992288264306e-01
4.459984335104810498e+02,9.999997456442516475e-01,9.999998622362512579e-01,9.999999992453678654e-01
4.508167045414596146e+02,9.999997511001225137e-01,9.999998651912513914e-01,9.999999992615544731e-01
4.556870289743867488e+02,9.999997564389655480e-01,9.999998680828672271e-01,9.999999992773941360e-01
4.606099691596651837e+02,9.999997616632914088e-01,9.999998709124585661e-01,9.999999992928938486e-01
4.655860935229579809e+02,9.999997667755561315e-01,9.999998736813553446e-01,9.999999993080610494e-01
4.706159766308219332e+02,9.999997717781636819e-01,9.999998763908599653e-01,9.999999993229028439e-01
4.757001992570493485e+02,9.999997766734660676e-01,9.999998790422459649e-01,9.999999993374266705e-01
4.808393484497271402e+02,9.999997814637652249e-01,9.999998816367601240e-01,9.999999993516386354e-01
4.860340175990202169e+02,9.999997861513133524e-01,9.999998841756225776e-01,9.999999993655459551e-01
4.912848065056867313e+02,9.999997907383143536e-01,9.999998866600267045e-01,9.999999993791547359e-01
4.965923214503342251e+02,9.999997952269248369e-01,9.999998890911409033e-01,9.999999993924716390e-01
5.019571752634234940e+02,9.999997996192555583e-01,9.999998914701081487e-01,9.999999994055029928e-01
5.073799873960287528e+02,9.999998039173715325e-01,9.999998937980468794e-01,9.999999994182547924e-01
5.128613839913642778e+02,9.999998081232939207e-01,9.999998960760518862e-01,9.999999994307330331e-01
5.184019979570747410e+02,9.999998122390000299e-01,9.999998983051940904e-01,9.999999994429437100e-01
5.240024690383241932e+02,9.999998162664248680e-01,9.999999004865216534e-01,9.999999994548925963e-01
5.296634438916568115e+02,9.999998202074623643e-01,9.999999026210601993e-01,9.999999994665850211e-01
5.353855761596652201e+02,9.999998240639654812e-01,9.999999047098131477e-01,9.999999994780265355e-01
5.411695265464624072e+02,9.999998278377473238e-01,9.999999067537627129e-01,9.999999994892225796e-01
5.470159628939701406e+02,9.999998315305824725e-01,9.999999087538701259e-01,9.999999995001787045e-01
5.529255602590310446e+02,9.999998351442067612e-01,9.999999107110758567e-01,9.999999995108997952e-01
5.588990009913538870e+02,9.999998386803197192e-01,9.999999126262995031e-01,9.999999995213908477e-01
5.649369748123004911e+02,9.999998421405837945e-01,9.999999145004421219e-01,9.999999995316568580e-01
5.710401788945247290e+02,9.999998455266261299e-01,9.999999163343850084e-01,9.999999995417028220e-01
5.772093179424708751e+02,9.999998488400384522e-01,9.999999181289898065e-01,9.999999995515331808e-01
5.834451042737422313e+02,9.999998520823787374e-01,9.999999198851012849e-01,9.999999995611524861e-01
5.897482579013508257e+02,9.999998552551715436e-01,9.999999216035443395e-01,9.999999995705656231e-01
5.961195066168452286e+02,9.999998583599087887e-01,9.999999232851268793e-01,9.999999995797769214e-01
6.025595860743567300e+02,9.999998613980499718e-01,9.999999249306401605e-01,9.999999995887907112e-01
6.090692398755337535e+02,9.999998643710239499e-01,9.999999265408573423e-01,9.999999995976108780e-01
6.156492196554031580e+02,9.999998672802280497e-01,9.999999281165359299e-01,9.999999996062423069e-01
6.223002851691578599e+02,9.999998701270305101e-01,9.999999296584164421e-01,9.999999996146881065e-01
6.290232043798814630e+02,9.999998729127697050e-01,9.999999311672239655e-01,9.999999996229530508e-01
6.358187535472210357e+02,9.999998756387553644e-01,9.999999326436679326e-01,9.999999996310405814e-01
6.426877173170174729e+02,9.999998783062694629e-01,9.999999340884425658e-01,9.999999996389546952e-01
6.496308888119046969e+02,9.999998809165658864e-01,9.999999355022270997e-01,9.999999996466989449e-01
6.566490697228869067e+02,9.999998834708722084e-01,9.999999368856863358e-01,9.999999996542771052e-01
6.637430704019060386e+02,9.999998859703892462e-01,9.999999382394704206e-01,9.999999996616927289e-01
6.709137099554105816e+02,9.999998884162922819e-01,9.999999395642165112e-01,9.999999996689493686e-01
6.781618163389244955e+02,9.999998908097310624e-01,9.999999408605469986e-01,9.999999996760502441e-01
6.854882264526605695e+02,9.999998931518313539e-01,9.999999421290716173e-01,9.999999996829989080e-01
6.928937862381437753e+02,9.999998954436941645e-01,9.999999433703865570e-01,9.999999996897986909e-01
7.003793507758896340e+02,9.999998976863970768e-01,9.999999445850757951e-01,9.999999996964522575e-01
7.079457843841362319e+02,9.999998998809946915e-01,9.999999457737100972e-01,9.999999997029631604e-01
7.155939607186419380e+02,9.999999020285186280e-01,9.999999469368484606e-01,9.999999997093347304e-01
7.233247628735621220e+02,9.999999041299786340e-01,9.999999480750377812e-01,9.999999997155692988e-01
7.311390834834151065e+02,9.999999061863629191e-01,9.999999491888134084e-01,9.999999997216701964e-01
7.390378248261501994e+02,9.999999081986384875e-01,9.999999502786985905e-01,9.999999997276403096e-01
7.470218989273288344e+02,9.999999101677511382e-01,9.999999513452062505e-01,9.999999997334825252e-01
7.550922276654308689e+02,9.999999120946267972e-01,9.999999523888375430e-01,9.999999997391990636e-01
7.632497428782996849e+02,9.999999139801714065e-01,9.999999534100829646e-01,9.999999997447932554e-01
7.714953864707387083e+02,9.999999158252717013e-01,9.999999544094232418e-01,9.999999997502673210e-01
7.798301105232576447e+02,9.999999176307950988e-01,9.999999553873279989e-01,9.999999997556241471e-01
7.882548774020200426e+02,9.999999193975904754e-01,9.999999563442566464e-01,9.999999997608658431e-01
7.967706598699520555e+02,9.999999211264883892e-01,9.999999572806596015e-01,9.999999997659951845e-01
8.053784411990648096e+02,9.999999228183019673e-01,9.999999581969768458e-01,9.999999997710145028e-01
8.140792152839875371e+02,9.999999244738269066e-01,9.999999590936394789e-01,9.999999997759262405e-01
8.228739867567272768e+02,9.999999260938409185e-01,9.999999599710690523e-01,9.999999997807323959e-01
8.317637711026684428e+02,9.999999276791061709e-01,9.999999608296775699e-01,9.999999997854357447e-01
8.407495947778255641e+02,9.999999292303679566e-01,9.999999616698694860e-01,9.999999997900380633e-01
8.498324953273624942e+02,9.999999307483555810e-01,9.999999624920394847e-01,9.999999997945415720e-01
8.590135215053924185e+02,9.999999322337829177e-01,9.999999632965741458e-01,9.999999997989488243e-01
8.682937333960717297e+02,9.999999336873480749e-01,9.999999640838518333e-01,9.999999998032612636e-01
8.776742025360024400e+02,9.999999351097347278e-01,9.999999648542424735e-01,9.999999998074812213e-01
8.871560120379598402e+02,9.999999365016115638e-01,9.999999656081083321e-01,9.999999998116106958e-01
8.967402567159414275e+02,9.999999378636329483e-01,9.999999663458042365e-01,9.999999998156515746e-01
9.064280432115978101e+02,9.999999391964393691e-01,9.999999670676767982e-01,9.999999998196057449e-01
9.162204901219979547e+02,9.999999405006576580e-01,9.999999677740650794e-01,9.999999998234752052e-01
9.261187281287914175e+02,9.999999417769005472e-01,9.999999684653018139e-01,9.999999998272616208e-01
9.361239001287616475e+02,9.999999430257685562e-01,9.999999691417116310e-01,9.999999998309668792e-01
9.462371613657903708e+02,9.999999442478487710e-01,9.999999698036127205e-01,9.999999998345924235e-01
9.564596795642472671e+02,9.999999454437155100e-01,9.999999704513160559e-01,9.999999998381404742e-01
9.667926350638210806e+02,9.999999466139313231e-01,9.999999710851265045e-01,9.999999998416123637e-01
9.772372209558070608e+02,9.999999477590464370e-01,9.999999717053417170e-01,9.999999998450096461e-01
9.877946432208668739e+02,9.999999488795990876e-01,9.999999723122535711e-01,9.999999998483340979e-01
9.984661208682766755e+02,9.999999499761162980e-01,9.999999729061473941e-01,9.999999998515872734e-01
1.009252886076683467e+03,9.999999510491134336e-01,9.999999734873022961e-01,9.999999998547707269e-01
1.020156184336363253e+03,9.999999520990949797e-01,9.999999740559916139e-01,9.999999998578860128e-01
1.031177274593053653e+03,9.999999531265548747e-01,9.999999746124828004e-01,9.999999998609342411e-01
1.042317429393302291e+03,9.999999541319759544e-01,9.999999751570373130e-01,9.999999998639171883e-01
1.053577935031404877e+03,9.999999551158310629e-01,9.999999756899112802e-01,9.999999998668361867e-01
1.064960091697927737e+03,9.999999560785829411e-01,9.999999762113552793e-01,9.999999998696923464e-01
1.076465213629832078e+03,9.999999570206840049e-01,9.999999767216144475e-01,9.999999998724873329e-01
1.088094629262223179e+03,9.999999579425771223e-01,9.999999772209288151e-01,9.999999998752225894e-01
1.099849681381737582e+03,9.999999588446960574e-01,9.999999777095328612e-01,9.999999998778991150e-01
1.111731727281587382e+03,9.999999597274646934e-01,9.999999781876564020e-01,9.999999998805180201e-01
1.123742138918279124e+03,9.999999605912982537e-01,9.999999786555245906e-01,9.999999998830808590e-01
1.135882303070027547e+03,9.999999614366028577e-01,9.999999791133571403e-01,9.999999998855887418e-01
1.148153621496877804e+03,9.999999622637757435e-01,9.999999795613692122e-01,9.999999998880427787e-01
1.160557511102564831e+03,9.999999630732061551e-01,9.999999799997716377e-01,9.999999998904444132e-01
1.173095404098098470e+03,9.999999638652745659e-01,9.999999804287702521e-01,9.999999998927943112e-01
1.185768748167158037e+03,9.999999646403534559e-01,9.999999808485670050e-01,9.999999998950938052e-01
1.198579006633232439e+03,9.999999653988067561e-01,9.999999812593594051e-01,9.999999998973440052e-01
1.211527658628585868e+03,9.999999661409918472e-01,9.999999816613404091e-01,9.999999998995459105e-01
1.224616199265045680e+03,9.999999668672570063e-01,9.999999820546989771e-01,9.999999999017006314e-01
1.237846139806635392e+03,9.999999675779442931e-01,9.999999824396202941e-01,9.999999999038091669e-01
1.251219007844071712e+03,9.999999682733872186e-01,9.999999828162848825e-01,9.999999999058725164e-01
1.264736347471147155e+03,9.999999689539132985e-01,9.999999831848702669e-01,9.999999999078913460e-01
1.278399719463018982e+03,9.999999696198422772e-01,9.999999835455495312e-01,9.999999999098669878e-01
1.292210701456423294e+03,9.999999702714872374e-01,9.999999838984925393e-01,9.999999999118004412e-01
1.306170888131835909e+03,9.999999709091544897e-01,9.999999842438649367e-01,9.999999999136922613e-01
1.320281891397602521e+03,9.999999715331441275e-01,9.999999845818290378e-01,9.999999999155435582e-01
1.334545340576060880e+03,9.999999721437495825e-01,9.999999849125441598e-01,9.999999999173551091e-01
1.348962882591651578e+03,9.999999727412574035e-01,9.999999852361652897e-01,9.999999999191278022e-01
1.363536182161108400e+03,9.999999733259489210e-01,9.999999855528449721e-01,9.999999999208625256e-01
1.378266921985654335e+03,9.999999738980990260e-01,9.999999858627318661e-01,9.999999999225599456e-01
1.393156802945299887e+03,9.999999744579767258e-01,9.999999861659720768e-01,9.999999999242210613e-01
1.408207544295233902e+03,9.999999750058452541e-01,9.999999864627076018e-01,9.999999999258464278e-01
1.423420883864337384e+03,9.999999755419620717e-01,9.999999867530782183e-01,9.999999999274369333e-01
1.438798578255840766e+03,9.999999760665794213e-01,9.999999870372205946e-01,9.999999999289935770e-01
1.454342403050150097e+03,9.999999765799438833e-01,9.999999873152680685e-01,9.999999999305164700e-01
1.470054153009862830e+03,9.999999770822967093e-01,9.999999875873517574e-01,9.999999999320070554e-01
1.485935642287000974e+03,9.999999775738741548e-01,9.999999878535992259e-01,9.999999999334654444e-01
1.501988704632480449e+03,9.999999780549074790e-01,9.999999881141354852e-01,9.999999999348926361e-01
1.518215193607850551e+03,9.999999785256230567e-01,9.999999883690837699e-01,9.999999999362889636e-01
1.534616982799292373e+03,9.999999789862417110e-01,9.999999886185632070e-01,9.999999999376556481e-01
1.551195966033985087e+03,9.999999794369802686e-01,9.999999888626915912e-01,9.999999999389930228e-01
1.567954057598754616e+03,9.999999798780506710e-01,9.999999891015833864e-01,9.999999999403015316e-01
1.584893192461110175e+03,9.999999803096600859e-01,9.999999893353508362e-01,9.999999999415820628e-01
1.602015326492666190e+03,9.999999807320117950e-01,9.999999895641042968e-01,9.999999999428350606e-01
1.619322436694975522e+03,9.999999811453041954e-01,9.999999897879510158e-01,9.999999999440611909e-01
1.636816521427803764e+03,9.999999815497314648e-01,9.999999900069963532e-01,9.999999999452611199e-01
1.654499600639868504e+03,9.999999819454837846e-01,9.999999902213430047e-01,9.999999999464352918e-01
1.672373716102073104e+03,9.999999823327474502e-01,9.999999904310923338e-01,9.999999999475841506e-01
1.690440931643257727e+03,9.999999827117045381e-01,9.999999906363423730e-01,9.999999999487085844e-01
1.708703333388499914e+03,9.999999830825330172e-01,9.999999908371898227e-01,9.999999999498085934e-01
1.727163029999987657e+03,9.999999834454073033e-01,9.999999910337291631e-01,9.999999999508852877e-01
1.745822152920501821e+03,9.999999838004981489e-01,9.999999912260527646e-01,9.999999999519388894e-01
1.764682856619497670e+03,9.999999841479724205e-01,9.999999914142512214e-01,9.999999999529696204e-01
1.783747318841906690e+03,9.999999844879935429e-01,9.999999915984126853e-01,9.999999999539783690e-01
1.803017740859565492e+03,9.999999848207210551e-01,9.999999917786241976e-01,9.999999999549655794e-01
1.822496347725389569e+03,9.999999851463118317e-01,9.999999919549700245e-01,9.999999999559316954e-01
1.842185388530289629e+03,9.999999854649188613e-01,9.999999921275334325e-01,9.999999999568769393e-01
1.862087136662862122e+03,9.999999857766916911e-01,9.999999922963954679e-01,9.999999999578017551e-01
1.882203890071884189e+03,9.999999860817773145e-01,9.999999924616354008e-01,9.999999999587070310e-01
1.902537971531646463e+03,9.999999863803188394e-01,9.999999926233309466e-01,9.999999999595927669e-01
1.923091728910151460e+03,9.999999866724564868e-01,9.999999927815581557e-01,9.999999999604594070e-01
1.943867535440208258e+03,9.999999869583281464e-01,9.999999929363913020e-01,9.999999999613076174e-01
1.964867789993459155e+03,9.999999872380680443e-01,9.999999930879036603e-01,9.999999999621373981e-01
1.986094917357369468e+03,9.999999875118074089e-01,9.999999932361659516e-01,9.999999999629496372e-01
2.007551368515178183e+03,9.999999877796751369e-01,9.999999933812480091e-01,9.999999999637443349e-01
2.029239620928940667e+03,9.999999880417973497e-01,9.999999935232182224e-01,9.999999999645219351e-01
2.051162178825561568e+03,9.999999882982968380e-01,9.999999936621430940e-01,9.999999999652831040e-01
2.073321573485950921e+03,9.999999885492947271e-01,9.999999937980880160e-01,9.999999999660276195e-01
2.095720363537296180e+03,9.999999887949089228e-01,9.999999939311171593e-01,9.999999999667563699e-01
2.118361135248496339e+03,9.999999890352544440e-01,9.999999940612926963e-01,9.999999999674693552e-01
2.141246502828781104e+03,9.999999892704447557e-01,9.999999941886762445e-01,9.999999999681672413e-01
2.164379108729563086e+03,9.999999895005904360e-01,9.999999943133270897e-01,9.999999999688499175e-01
2.187761623949545083e+03,9.999999897257992876e-01,9.999999944353046288e-01,9.999999999695181607e-01
2.211396748343126546e+03,9.999999899461776698e-01,9.999999945546653723e-01,9.999999999701720821e-01
2.235287210932142443e+03,9.999999901618290554e-01,9.999999946714661636e-01,9.999999999708117926e-01
2.259435770220967697e+03,9.999999903728548079e-01,9.999999947857615146e-01,9.999999999714379584e-01
2.283845214515036787e+03,9.999999905793539590e-01,9.999999948976053821e-01,9.999999999720505794e-01
2.308518362242758940e+03,9.999999907814237643e-01,9.999999950070501686e-01,9.999999999726500999e-01
2.333458062280999002e+03,9.999999909791592589e-01,9.999999951141471666e-01,9.999999999732367417e-01
2.358667194283987556e+03,9.999999911726534796e-01,9.999999952189472241e-01,9.999999999738107270e-01
2.384148669015828546e+03,9.999999913619972425e-01,9.999999953214993020e-01,9.999999999743724999e-01
2.409905428686588948e+03,9.999999915472796985e-01,9.999999954218518061e-01,9.999999999749222823e-01
2.435940447292020053e+03,9.999999917285880002e-01,9.999999955200514767e-01,9.999999999754600744e-01
2.462256730956949923e+03,9.999999919060069686e-01,9.999999956161450543e-01,9.999999999759865421e-01
2.488857318282382494e+03,9.999999920796208697e-01,9.999999957101771697e-01,9.999999999765016856e-01
2.515745280696351983e+03,9.999999922495103055e-01,9.999999958021926760e-01,9.999999999770056158e-01
2.542923722808560342e+03,9.999999924157557674e-01,9.999999958922342058e-01,9.999999999774988879e-01
2.570395782768853223e+03,9.999999925784354149e-01,9.999999959803445027e-01,9.999999999779816129e-01
2.598164632629563584e+03,9.999999927376256315e-01,9.999999960665648668e-01,9.999999999784539018e-01
2.626233478711782027e+03,9.999999928934014681e-01,9.999999961509357105e-01,9.999999999789159766e-01
2.654605561975535693e+03,9.999999930458357555e-01,9.999999962334970016e-01,9.999999999793681704e-01
2.683284158394060341e+03,9.999999931950002141e-01,9.999999963142873760e-01,9.999999999798108163e-01
2.712272579332022815e+03,9.999999933409653430e-01,9.999999963933446923e-01,9.999999999802438033e-01
2.741574171927876250e+03,9.999999934837995319e-01,9.999999964707061428e-01,9.999999999806676865e-01
2.771192319480335300e+03,9.999999936235699494e-01,9.999999965464084761e-01,9.999999999810822437e-01
2.801130441839028663e+03,9.999999937603423206e-01,9.999999966204868862e-01,9.999999999814881413e-01
2.831391995799370306e+03,9.999999938941809274e-01,9.999999966929763451e-01,9.999999999818851570e-01
2.861980475501696674e+03,9.999999940251489416e-01,9.999999967639109366e-01,9.999999999822737351e-01
2.892899412834717168e+03,9.999999941533076475e-01,9.999999968333240785e-01,9.999999999826538755e-01
2.924152377843323848e+03,9.999999942787173302e-01,9.999999969012483003e-01,9.999999999830260222e-01
2.955742979140802163e+03,9.999999944014369424e-01,9.999999969677155764e-01,9.999999999833901754e-01
2.987674864325511862e+03,9.999999945215244379e-01,9.999999970327571042e-01,9.999999999837463349e-01
3.019951720402012143e+03,9.999999946390358829e-01,9.999999970964035256e-01,9.999999999840948339e-01
3.052577274206843867e+03,9.999999947540268996e-01,9.999999971586845948e-01,9.999999999844362275e-01
3.085555292838805599e+03,9.999999948665514449e-01,9.999999972196300657e-01,9.999999999847699605e-01
3.118889584093930353e+03,9.999999949766622542e-01,9.999999972792681380e-01,9.999999999850964771e-01
3.152583996905152617e+03,9.999999950844111751e-01,9.999999973376269002e-01,9.999999999854163324e-01
3.186642421786722480e+03,9.999999951898490558e-01,9.999999973947338860e-01,9.999999999857291932e-01
3.221068791283425071e+03,9.999999952930254121e-01,9.999999974506160738e-01,9.999999999860351707e-01
3.255867080424647611e+03,9.999999953939883168e-01,9.999999975052994428e-01,9.999999999863345979e-01
3.291041307183356821e+03,9.999999954927859536e-01,9.999999975588101941e-01,9.999999999866280298e-01
3.326595532940032626e+03,9.999999955894641746e-01,9.999999976111726419e-01,9.999999999869146894e-01
3.362533862951613173e+03,9.999999956840688320e-01,9.999999976624123210e-01,9.999999999871953538e-01
3.398860446825508006e+03,9.999999957766441128e-01,9.999999977125528794e-01,9.999999999874699119e-01
3.435579478998742616e+03,9.999999958672338707e-01,9.999999977616178537e-01,9.999999999877389190e-01
3.472695199222219344e+03,9.999999959558801832e-01,9.999999978096304476e-01,9.999999999880018198e-01
3.510211893050332492e+03,9.999999960426252388e-01,9.999999978566131986e-01,9.999999999882591695e-01
3.548133892335747532e+03,9.999999961275098936e-01,9.999999979025882002e-01,9.999999999885109681e-01
3.586465575729592729e+03,9.999999962105734497e-01,9.999999979475768797e-01,9.999999999887573265e-01
3.625211369187034506e+03,9.999999962918555418e-01,9.999999979916007753e-01,9.999999999889985780e-01
3.664375746478322526e+03,9.999999963713939177e-01,9.999999980346803152e-01,9.999999999892346114e-01
3.703963229705350386e+03,9.999999964492265470e-01,9.999999980768358165e-01,9.999999999894655378e-01
3.743978389823798807e+03,9.999999965253894008e-01,9.999999981180871522e-01,9.999999999896915792e-01
3.784425847170919496e+03,9.999999965999187834e-01,9.999999981584534181e-01,9.999999999899124026e-01
3.825310271999020642e+03,9.999999966728493339e-01,9.999999981979540431e-01,9.999999999901290071e-01
3.866636385014716325e+03,9.999999967442158022e-01,9.999999982366073459e-01,9.999999999903406156e-01
3.908408957924002607e+03,9.999999968140512729e-01,9.999999982744316451e-01,9.999999999905480053e-01
3.950632813983232609e+03,9.999999968823888308e-01,9.999999983114445934e-01,9.999999999907507320e-01
3.993312828555977376e+03,9.999999969492605612e-01,9.999999983476635101e-01,9.999999999909489068e-01
4.036453929676042662e+03,9.999999970146979944e-01,9.999999983831056038e-01,9.999999999911429738e-01
4.080061098616425170e+03,9.999999970787316617e-01,9.999999984177873058e-01,9.999999999913331550e-01
4.124139370464489730e+03,9.999999971413920941e-01,9.999999984517252694e-01,9.999999999915190063e-01
4.168693834703342873e+03,9.999999972027082684e-01,9.999999984849354817e-01,9.999999999917010829e-01
4.213729635799487369e+03,9.999999972627093836e-01,9.999999985174330419e-01,9.999999999918789406e-01
4.259251973796827770e+03,9.999999973214233062e-01,9.999999985492336041e-01,9.999999999920531346e-01
4.305266104917091980e+03,9.999999973788779029e-01,9.999999985803520453e-01,9.999999999922234428e-01
4.351777342166736162e+03,9.999999974351001519e-01,9.999999986108031313e-01,9.999999999923905314e-01
4.398791055950415284e+03,9.999999974901165878e-01,9.999999986406008512e-01,9.999999999925537342e-01
4.446312674691067514e+03,9.999999975439527455e-01,9.999999986697596377e-01,9.999999999927133842e-01
4.494347685456728868e+03,9.999999975966341603e-01,9.999999986982927025e-01,9.999999999928697036e-01
4.542901634594025381e+03,9.999999976481857011e-01,9.999999987262140344e-01,9.999999999930226924e-01
4.591980128368678379e+03,9.999999976986312378e-01,9.999999987535364010e-01,9.999999999931723504e-01
4.641588833612770031e+03,9.999999977479949731e-01,9.999999987802725698e-01,9.999999999933185668e-01
4.691733478379071130e+03,9.999999977962996667e-01,9.999999988064351975e-01,9.999999999934620076e-01
4.742419852602434730e+03,9.999999978435683001e-01,9.999999988320369404e-01,9.999999999936022288e-01
4.793653808768325689e+03,9.999999978898229669e-01,9.999999988570894560e-01,9.999999999937394524e-01
4.845441262588577047e+03,9.999999979350857604e-01,9.999999988816044016e-01,9.999999999938737894e-01
4.897788193684446014e+03,9.999999979793774418e-01,9.999999989055935457e-01,9.999999999940052398e-01
4.950700646277048691e+03,9.999999980227191054e-01,9.999999989290683233e-01,9.999999999941338036e-01
5.004184729885255365e+03,9.999999980651311793e-01,9.999999989520392818e-01,9.999999999942597029e-01
5.058246620031120074e+03,9.999999981066335364e-01,9.999999989745178564e-01,9.999999999943826046e-01
5.112892558952939908e+03,9.999999981472454946e-01,9.999999989965142611e-01,9.999999999945031748e-01
5.168128856326028654e+03,9.999999981869865939e-01,9.999999990180385989e-01,9.999999999946210805e-01
5.223961889991190219e+03,9.999999982258751530e-01,9.999999990391013061e-01,9.999999999947366547e-01
5.280398106691241082e+03,9.999999982639296014e-01,9.999999990597122634e-01,9.999999999948494533e-01
5.337444022815308017e+03,9.999999983011679250e-01,9.999999990798811300e-01,9.999999999949600316e-01
5.395106225151263970e+03,9.999999983376071100e-01,9.999999990996174537e-01,9.999999999950679452e-01
5.453391371646262996e+03,9.999999983732650310e-01,9.999999991189303383e-01,9.999999999951738605e-01
5.512306192175501565e+03,9.999999984081578974e-01,9.999999991378291098e-01,9.999999999952773333e-01
5.571857489319280830e+03,9.999999984423024735e-01,9.999999991563222057e-01,9.999999999953785856e-01
5.632052139148465358e+03,9.999999984757144134e-01,9.999999991744188410e-01,9.999999999954778396e-01
5.692897092018421972e+03,9.999999985084099263e-01,9.999999991921272313e-01,9.999999999955747620e-01
5.754399373371546972e+03,9.999999985404041114e-01,9.999999992094559254e-01,9.999999999956695751e-01
5.816566084548449908e+03,9.999999985717119566e-01,9.999999992264128057e-01,9.999999999957623897e-01
5.879404403607912172e+03,9.999999986023483389e-01,9.999999992430060880e-01,9.999999999958534280e-01
5.942921586155719524e+03,9.999999986323274692e-01,9.999999992592432108e-01,9.999999999959423569e-01
6.007124966182340359e+03,9.999999986616636694e-01,9.999999992751325006e-01,9.999999999960293984e-01
6.072021956909874461e+03,9.999999986903704841e-01,9.999999992906806190e-01,9.999999999961146635e-01
6.137620051647929358e+03,9.999999987184616801e-01,9.999999993058951153e-01,9.999999999961979302e-01
6.203926824658856276e+03,9.999999987459503581e-01,9.999999993207834281e-01,9.999999999962796426e-01
6.270949932032308425e+03,9.999999987728492856e-01,9.999999993353524408e-01,9.999999999963593567e-01
6.338697112569250748e+03,9.999999987991712302e-01,9.999999993496090367e-01,9.999999999964375164e-01
6.407176188675517551e+03,9.999999988249285154e-01,9.999999993635597662e-01,9.999999999965138997e-01
6.476395067265020771e+03,9.999999988501334647e-01,9.999999993772109574e-01,9.999999999965887287e-01
6.546361740672725318e+03,9.999999988747978463e-01,9.999999993905698270e-01,9.999999999966617814e-01
6.617084287577474242e+03,9.999999988989329847e-01,9.999999994036418149e-01,9.999999999967333908e-01
6.688570873934797419e+03,9.999999989225505370e-01,9.999999994164333605e-01,9.999999999968033348e-01
6.760829753919810173e+03,9.999999989456614946e-01,9.999999994289506811e-01,9.999999999968719466e-01
6.833869270880186377e+03,9.999999989682767376e-01,9.999999994411996607e-01,9.999999999969390041e-01
6.907697858299658947e+03,9.999999989904068132e-01,9.999999994531857395e-01,9.999999999970047293e-01
6.982324040771700311e+03,9.999999990120622684e-01,9.999999994649145796e-01,9.999999999970690112e-01
7.057756434983831241e+03,9.999999990332534283e-01,9.999999994763920652e-01,9.999999999971318498e-01
7.134003750712544388e+03,9.999999990539898409e-01,9.999999994876233034e-01,9.999999999971933562e-01
7.211074791828976231e+03,9.999999990742813871e-01,9.999999994986136231e-01,9.999999999972537523e-01
7.288978457315443848e+03,9.999999990941378369e-01,9.999999995093682426e-01,9.999999999973125941e-01
7.367723742292962925e+03,9.999999991135681832e-01,9.999999995198920466e-01,9.999999999973701037e-01
7.447319739059863423e+03,9.999999991325817517e-01,9.999999995301902533e-01,9.999999999974267251e-01
7.527775638141633863e+03,9.999999991511876463e-01,9.999999995402674147e-01,9.999999999974817921e-01
7.609100729352097915e+03,9.999999991693944157e-01,9.999999995501287486e-01,9.999999999975357490e-01
7.691304402866062446e+03,9.999999991872106087e-01,9.999999995597782521e-01,9.999999999975885956e-01
7.774396150303576178e+03,9.999999992046446629e-01,9.999999995692209209e-01,9.999999999976403320e-01
7.858385565825768936e+03,9.999999992217047939e-01,9.999999995784608631e-01,9.999999999976909582e-01
7.943282347242801734e+03,9.999999992383989955e-01,9.999999995875028524e-01,9.999999999977404741e-01
8.029096297133510234e+03,9.999999992547351502e-01,9.999999995963506638e-01,9.999999999977891019e-01
8.115837323977289088e+03,9.999999992707208074e-01,9.999999996050088491e-01,9.999999999978363974e-01
8.203515443298161699e+03,9.999999992863636278e-01,9.999999996134812941e-01,9.999999999978826937e-01
8.292140778821229105e+03,9.999999993016708277e-01,9.999999996217718845e-01,9.999999999979282128e-01
8.381723563641595319e+03,9.999999993166499568e-01,9.999999996298848393e-01,9.999999999979726217e-01
8.472274141405934643e+03,9.999999993313074542e-01,9.999999996378237110e-01,9.999999999980161425e-01
8.563802967506813729e+03,9.999999993456508696e-01,9.999999996455922746e-01,9.999999999980585530e-01
8.656320610289916658e+03,9.999999993596863090e-01,9.999999996531943047e-01,9.999999999981002974e-01
8.749837752274323066e+03,9.999999993734208781e-01,9.999999996606330210e-01,9.999999999981409315e-01
8.844365191385955768e+03,9.999999993868607939e-01,9.999999996679124203e-01,9.999999999981808996e-01
8.939913842204396133e+03,9.999999994000124959e-01,9.999999996750356113e-01,9.999999999982199794e-01
9.036494737222999902e+03,9.999999994128819791e-01,9.999999996820060355e-01,9.999999999982582821e-01
9.134119028122955569e+03,9.999999994254754609e-01,9.999999996888266907e-01,9.999999999982955856e-01
9.232797987060781452e+03,9.999999994377988255e-01,9.999999996955012405e-01,9.999999999983322230e-01
9.332543007969887185e+03,9.999999994498579570e-01,9.999999997020327935e-01,9.999999999983679722e-01
9.433365607876185095e+03,9.999999994616581844e-01,9.999999997084240144e-01,9.999999999984028332e-01
9.535277428227884229e+03,9.999999994732053921e-01,9.999999997146781228e-01,9.999999999984372501e-01
9.638290236239674414e+03,9.999999994845050200e-01,9.999999997207982272e-01,9.999999999984707788e-01
9.742415926251420387e+03,9.999999994955622862e-01,9.999999997267872143e-01,9.999999999985034194e-01
9.847666521101544276e+03,9.999999995063822977e-01,9.999999997326473045e-01,9.999999999985356158e-01
9.954054173515229195e+03,9.999999995169701617e-01,9.999999997383820505e-01,9.999999999985671462e-01
1.006159116750763678e+04,9.999999995273310960e-01,9.999999997439936728e-01,9.999999999985977883e-01
1.017028991980230785e+04,9.999999995374696526e-01,9.999999997494849469e-01,9.999999999986277643e-01
1.028016298126472066e+04,9.999999995473907166e-01,9.999999997548584263e-01,9.999999999986572963e-01
1.039122303835167440e+04,9.999999995570992839e-01,9.999999997601165536e-01,9.999999999986861621e-01
1.050348291457599407e+04,9.999999995665991293e-01,9.999999997652619932e-01,9.999999999987143617e-01
1.061695557198722236e+04,9.999999995758954707e-01,9.999999997702970767e-01,9.999999999987418953e-01
1.073165411266828596e+04,9.999999995849925272e-01,9.999999997752241354e-01,9.999999999987687627e-01
1.084759178024831454e+04,9.999999995938942954e-01,9.999999997800453899e-01,9.999999999987951860e-01
1.096478196143181594e+04,9.999999996026049942e-01,9.999999997847633937e-01,9.999999999988211652e-01
1.108323818754437161e+04,9.999999996111290645e-01,9.999999997893801451e-01,9.999999999988464783e-01
1.120297413609501928e+04,9.999999996194701701e-01,9.999999997938978646e-01,9.999999999988711252e-01
1.132400363235552686e+04,9.999999996276324188e-01,9.999999997983186617e-01,9.999999999988953281e-01
1.144634065095671940e+04,9.999999996356195853e-01,9.999999998026447567e-01,9.999999999989190869e-01
1.156999931750205906e+04,9.999999996434355554e-01,9.999999998068779261e-01,9.999999999989421795e-01
1.169499391019869654e+04,9.999999996510836597e-01,9.999999998110202792e-01,9.999999999989648281e-01
1.182133886150592298e+04,9.999999996585678952e-01,9.999999998150738145e-01,9.999999999989870325e-01
1.194904875980186807e+04,9.999999996658915924e-01,9.999999998190403083e-01,9.999999999990086819e-01
1.207813835106777697e+04,9.999999996730580820e-01,9.999999998229219811e-01,9.999999999990299981e-01
1.220862254059068437e+04,9.999999996800709168e-01,9.999999998267201651e-01,9.999999999990508703e-01
1.234051639468444955e+04,9.999999996869332053e-01,9.999999998304371918e-01,9.999999999990710764e-01
1.247383514242939418e+04,9.999999996936482782e-01,9.999999998340741714e-01,9.999999999990910604e-01
1.260859417743070662e+04,9.999999997002195773e-01,9.999999998376331023e-01,9.999999999991106003e-01
1.274480905959587471e+04,9.999999997066497670e-01,9.999999998411159829e-01,9.999999999991296962e-01
1.288249551693129069e+04,9.999999997129419560e-01,9.999999998445238125e-01,9.999999999991483479e-01
1.302166944735829748e+04,9.999999997190992529e-01,9.999999998478588115e-01,9.999999999991665556e-01
1.316234692054881816e+04,9.999999997251246553e-01,9.999999998511222010e-01,9.999999999991845412e-01
1.330454417978089805e+04,9.999999997310203836e-01,9.999999998543156465e-01,9.999999999992020827e-01
1.344827764381402994e+04,9.999999997367899907e-01,9.999999998574403692e-01,9.999999999992191801e-01
1.359356390878523416e+04,9.999999997424359188e-01,9.999999998604983675e-01,9.999999999992358335e-01
1.374041975012512557e+04,9.999999997479604996e-01,9.999999998634905296e-01,9.999999999992522648e-01
1.388886212449494087e+04,9.999999997533667306e-01,9.999999998664187428e-01,9.999999999992682520e-01
1.403890817174442418e+04,9.999999997586570544e-01,9.999999998692840064e-01,9.999999999992840172e-01
1.419057521689088389e+04,9.999999997638335802e-01,9.999999998720877636e-01,9.999999999992993382e-01
1.434388077211961172e+04,9.999999997688991948e-01,9.999999998748313468e-01,9.999999999993144373e-01
1.449884253880592951e+04,9.999999997738562296e-01,9.999999998775161991e-01,9.999999999993290922e-01
1.465547840955906395e+04,9.999999997787070161e-01,9.999999998801435419e-01,9.999999999993435251e-01
1.481380647028811654e+04,9.999999997834535526e-01,9.999999998827143743e-01,9.999999999993575139e-01
1.497384500229034711e+04,9.999999997880985037e-01,9.999999998852301397e-01,9.999999999993712807e-01
1.513561248436201458e+04,9.999999997926437567e-01,9.999999998876918372e-01,9.999999999993848254e-01
1.529912759493208250e+04,9.999999997970915322e-01,9.999999998901009102e-01,9.999999999993979261e-01
1.546440921421869643e+04,9.999999998014439395e-01,9.999999998924580247e-01,9.999999999994108046e-01
1.563147642640951381e+04,9.999999998057026440e-01,9.999999998947647351e-01,9.999999999994235722e-01
1.580034852186503122e+04,9.999999998098704213e-01,9.999999998970222626e-01,9.999999999994360067e-01
1.597104499934599517e+04,9.999999998139487145e-01,9.999999998992309402e-01,9.999999999994482192e-01
1.614358556826482163e+04,9.999999998179393002e-01,9.999999999013924334e-01,9.999999999994599875e-01
1.631799015096133371e+04,9.999999998218445096e-01,9.999999999035074083e-01,9.999999999994715338e-01
1.649427888500309200e+04,9.999999998256660083e-01,9.999999999055771971e-01,9.999999999994828581e-01
1.667247212551057237e+04,9.999999998294052395e-01,9.999999999076025770e-01,9.999999999994939603e-01
1.685259044750745306e+04,9.999999998330644235e-01,9.999999999095844361e-01,9.999999999995048405e-01
1.703465464829631674e+04,9.999999998366451148e-01,9.999999999115237737e-01,9.999999999995154987e-01
1.721868574985999658e+04,9.999999998401492007e-01,9.999999999134215889e-01,9.999999999995259348e-01
1.740470500128887943e+04,9.999999998435777915e-01,9.999999999152786589e-01,9.999999999995359268e-01
1.759273388123447512e+04,9.999999998469331075e-01,9.999999999170958720e-01,9.999999999995459188e-01
1.778279410038920105e+04,9.999999998502163701e-01,9.999999999188743383e-01,9.999999999995556887e-01
1.797490760399357532e+04,9.999999998534292445e-01,9.999999999206142798e-01,9.999999999995652367e-01
1.816909657436986527e+04,9.999999998565729520e-01,9.999999999223172509e-01,9.999999999995745625e-01
1.836538343348342096e+04,9.999999998596493800e-01,9.999999999239834736e-01,9.999999999995836664e-01
1.856379084553162102e+04,9.999999998626599718e-01,9.999999999256140581e-01,9.999999999995925481e-01
1.876434171956079808e+04,9.999999998656057265e-01,9.999999999272093376e-01,9.999999999996014299e-01
1.896705921211140230e+04,9.999999998684886426e-01,9.999999999287708663e-01,9.999999999996098676e-01
1.917196672989178478e+04,9.999999998713096083e-01,9.999999999302986442e-01,9.999999999996183053e-01
1.937908793248083020e+04,9.999999998740699558e-01,9.999999999317938926e-01,9.999999999996265210e-01
1.958844673505981700e+04,9.999999998767711284e-01,9.999999999332566114e-01,9.999999999996345146e-01
1.980006731117376330e+04,9.999999998794143474e-01,9.999999999346884660e-01,9.999999999996422861e-01
2.001397409552269164e+04,9.999999998820007230e-01,9.999999999360892344e-01,9.999999999996500577e-01
2.023019178678268872e+04,9.999999998845316984e-01,9.999999999374600268e-01,9.999999999996576072e-01
2.044874535045816447e+04,9.999999998870086060e-01,9.999999999388016203e-01,9.999999999996649347e-01
2.066966002176418988e+04,9.999999998894322228e-01,9.999999999401142370e-01,9.999999999996720401e-01
2.089296130854035073e+04,9.999999998918038813e-01,9.999999999413988760e-01,9.999999999996791455e-01
2.111867499419599699e+04,9.999999998941246915e-01,9.999999999426556485e-01,9.999999999996860289e-01
2.134682714068732457e+04,9.999999998963956527e-01,9.999999999438858866e-01,9.999999999996926903e-01
2.157744409152659864e+04,9.999999998986179861e-01,9.999999999450893684e-01,9.999999999996993516e-01
2.181055247482391133e+04,9.999999999007925799e-01,9.999999999462672040e-01,9.999999999997057909e-01
2.204617920636177223e+04,9.999999999029205444e-01,9.999999999474197265e-01,9.999999999997120081e-01
2.228435149270295005e+04,9.999999999050027677e-01,9.999999999485476021e-01,9.999999999997182254e-01
2.252509683433184910e+04,9.999999999070403600e-01,9.999999999496510528e-01,9.999999999997242206e-01
2.276844302882985721e+04,9.999999999090344316e-01,9.999999999507311887e-01,9.999999999997302158e-01
2.301441817408505813e+04,9.999999999109857596e-01,9.999999999517878990e-01,9.999999999997359890e-01
2.326305067153622804e+04,9.999999999128950101e-01,9.999999999528220718e-01,9.999999999997417621e-01
2.351436922945267725e+04,9.999999999147632934e-01,9.999999999538340401e-01,9.999999999997473132e-01
2.376840286624871806e+04,9.999999999165917197e-01,9.999999999548243590e-01,9.999999999997526423e-01
2.402518091383435603e+04,9.999999999183806221e-01,9.999999999557932506e-01,9.999999999997579714e-01
2.428473302100207366e+04,9.999999999201314438e-01,9.999999999567416031e-01,9.999999999997630784e-01
2.454708915685023385e+04,9.999999999218445179e-01,9.999999999576694165e-01,9.999999999997681854e-01
2.481227961424344176e+04,9.999999999235210657e-01,9.999999999585774679e-01,9.999999999997732925e-01
2.508033501331030857e+04,9.999999999251615312e-01,9.999999999594658684e-01,9.999999999997781774e-01
2.535128630497898121e+04,9.999999999267666917e-01,9.999999999603353951e-01,9.999999999997828404e-01
2.562516477455089989e+04,9.999999999283375463e-01,9.999999999611861590e-01,9.999999999997875033e-01
2.590200204531312920e+04,9.999999999298747611e-01,9.999999999620186042e-01,9.999999999997921662e-01
2.618183008218973555e+04,9.999999999313790022e-01,9.999999999628333969e-01,9.999999999997966071e-01
2.646468119543270222e+04,9.999999999328507139e-01,9.999999999636306480e-01,9.999999999998008260e-01
2.675058804435225102e+04,9.999999999342911172e-01,9.999999999644106907e-01,9.999999999998052669e-01
2.703958364108838941e+04,9.999999999357004343e-01,9.999999999651740801e-01,9.999999999998092637e-01
2.733170135442227547e+04,9.999999999370796644e-01,9.999999999659211491e-01,9.999999999998134825e-01
2.762697491362924120e+04,9.999999999384293625e-01,9.999999999666521200e-01,9.999999999998174793e-01
2.792543841237330707e+04,9.999999999397500838e-01,9.999999999673674367e-01,9.999999999998212541e-01
2.822712631264381707e+04,9.999999999410424945e-01,9.999999999680673213e-01,9.999999999998252509e-01
2.853207344873457259e+04,9.999999999423070385e-01,9.999999999687521068e-01,9.999999999998290257e-01
2.884031503126595635e+04,9.999999999435446041e-01,9.999999999694225705e-01,9.999999999998325784e-01
2.915188665125053376e+04,9.999999999447556354e-01,9.999999999700782682e-01,9.999999999998361311e-01
2.946682428420253564e+04,9.999999999459405764e-01,9.999999999707201992e-01,9.999999999998396838e-01
2.978516429429176787e+04,9.999999999470999823e-01,9.999999999713482524e-01,9.999999999998432365e-01
3.010694343854250110e+04,9.999999999482347413e-01,9.999999999719627608e-01,9.999999999998465672e-01
3.043219887107717659e+04,9.999999999493449643e-01,9.999999999725642796e-01,9.999999999998498978e-01
3.076096814740703121e+04,9.999999999504315396e-01,9.999999999731528089e-01,9.999999999998530065e-01
3.109328922876800789e+04,9.999999999514949112e-01,9.999999999737285705e-01,9.999999999998561151e-01
3.142920048650405079e+04,9.999999999525351901e-01,9.999999999742920087e-01,9.999999999998592237e-01
3.176874070649762871e+04,9.999999999535532647e-01,9.999999999748434565e-01,9.999999999998623323e-01
3.211194909364813793e+04,9.999999999545494678e-01,9.999999999753831359e-01,9.999999999998652189e-01
3.245886527639869382e+04,9.999999999555245767e-01,9.999999999759111580e-01,9.999999999998681055e-01
3.280952931131179503e+04,9.999999999564783693e-01,9.999999999764277447e-01,9.999999999998709921e-01
3.316398168769445329e+04,9.999999999574121778e-01,9.999999999769333403e-01,9.999999999998736566e-01
3.352226333227329451e+04,9.999999999583255583e-01,9.999999999774281667e-01,9.999999999998765432e-01
3.388441561392011499e+04,9.999999999592195099e-01,9.999999999779123350e-01,9.999999999998792077e-01
3.425048034842853667e+04,9.999999999600942546e-01,9.999999999783860671e-01,9.999999999998816502e-01
3.462049980334241263e+04,9.999999999609502366e-01,9.999999999788495852e-01,9.999999999998843148e-01
3.499451670283567364e+04,9.999999999617877888e-01,9.999999999793034444e-01,9.999999999998867573e-01
3.537257423264627141e+04,9.999999999626072444e-01,9.999999999797472006e-01,9.999999999998891997e-01
3.575471604506205767e+04,9.999999999634096026e-01,9.999999999801816308e-01,9.999999999998916422e-01
3.614098626396124746e+04,9.999999999641941972e-01,9.999999999806066242e-01,9.999999999998938627e-01
3.653142948990711739e+04,9.999999999649624716e-01,9.999999999810227358e-01,9.999999999998960831e-01
3.692609080529785570e+04,9.999999999657139815e-01,9.999999999814298546e-01,9.999999999998983036e-01
3.732501577957194240e+04,9.999999999664493933e-01,9.999999999818280916e-01,9.999999999999005240e-01
3.772825047446981625e+04,9.999999999671689288e-01,9.999999999822178909e-01,9.999999999999027445e-01
3.813584144935239601e+04,9.999999999678730322e-01,9.999999999825993635e-01,9.999999999999047429e-01
3.854783576657702361e+04,9.999999999685623697e-01,9.999999999829726205e-01,9.999999999999067413e-01
3.896428099693152035e+04,9.999999999692366082e-01,9.999999999833377728e-01,9.999999999999087397e-01
3.938522522512691648e+04,9.999999999698966358e-01,9.999999999836952647e-01,9.999999999999107381e-01
3.981071705534967623e+04,9.999999999705421194e-01,9.999999999840450959e-01,9.999999999999127365e-01
4.024080561687321460e+04,9.999999999711741694e-01,9.999999999843870446e-01,9.999999999999145128e-01
4.067554056973143452e+04,9.999999999717924526e-01,9.999999999847221099e-01,9.999999999999165112e-01
4.111497211045213771e+04,9.999999999723973021e-01,9.999999999850497368e-01,9.999999999999182876e-01
4.155915097785308171e+04,9.999999999729893840e-01,9.999999999853705912e-01,9.999999999999200639e-01
4.200812845890055178e+04,9.999999999735688094e-01,9.999999999856841182e-01,9.999999999999216183e-01
4.246195639463116095e+04,9.999999999741356893e-01,9.999999999859912059e-01,9.999999999999233946e-01
4.292068718613767123e+04,9.999999999746905788e-01,9.999999999862918543e-01,9.999999999999249489e-01
4.338437380061946897e+04,9.999999999752335889e-01,9.999999999865857303e-01,9.999999999999267253e-01
4.385306977749840007e+04,9.999999999757646085e-01,9.999999999868736111e-01,9.999999999999282796e-01
4.432682923460070015e+04,9.999999999762845260e-01,9.999999999871551637e-01,9.999999999999298339e-01
4.480570687440565962e+04,9.999999999767932302e-01,9.999999999874304990e-01,9.999999999999311662e-01
4.528975799036202079e+04,9.999999999772910542e-01,9.999999999877001722e-01,9.999999999999327205e-01
4.577903847327175026e+04,9.999999999777781090e-01,9.999999999879639612e-01,9.999999999999342748e-01
4.627360481774442451e+04,9.999999999782547278e-01,9.999999999882221990e-01,9.999999999999356071e-01
4.677351412871972570e+04,9.999999999787212435e-01,9.999999999884749968e-01,9.999999999999369393e-01
4.727882412806119100e+04,9.999999999791775451e-01,9.999999999887221325e-01,9.999999999999382716e-01
4.778959316122106975e+04,9.999999999796244099e-01,9.999999999889639390e-01,9.999999999999396039e-01
4.830588020397713262e+04,9.999999999800612827e-01,9.999999999892006386e-01,9.999999999999409361e-01
4.882774486924231314e+04,9.999999999804890516e-01,9.999999999894324532e-01,9.999999999999422684e-01
4.935524741394789453e+04,9.999999999809076057e-01,9.999999999896589387e-01,9.999999999999433786e-01
4.988844874600104231e+04,9.999999999813169449e-01,9.999999999898807612e-01,9.999999999999447109e-01
5.042741043131751212e+04,9.999999999817178464e-01,9.999999999900976988e-01,9.999999999999458211e-01
5.097219470093036216e+04,9.999999999821098662e-01,9.999999999903101955e-01,9.999999999999469313e-01
5.152286445817541244e+04,9.999999999824936703e-01,9.999999999905181403e-01,9.999999999999482636e-01
5.207948328595457133e+04,9.999999999828691477e-01,9.999999999907215331e-01,9.999999999999493738e-01
5.264211545407663652e+04,9.999999999832367426e-01,9.999999999909205961e-01,9.999999999999504841e-01
5.321082592667932477e+04,9.999999999835963438e-01,9.999999999911153292e-01,9.999999999999513722e-01
5.378568036972959817e+04,9.999999999839480624e-01,9.999999999913057325e-01,9.999999999999524825e-01
5.436674515860592510e+04,9.999999999842923426e-01,9.999999999914923610e-01,9.999999999999535927e-01
5.495408738576230826e+04,9.999999999846291843e-01,9.999999999916748816e-01,9.999999999999544809e-01
5.554777486847509135e+04,9.999999999849590315e-01,9.999999999918532945e-01,9.999999999999555911e-01
5.614787615667345381e+04,9.999999999852815513e-01,9.999999999920281546e-01,9.999999999999564793e-01
5.675446054085451760e+04,9.999999999855972987e-01,9.999999999921991289e-01,9.999999999999573674e-01
5.736759806008391024e+04,9.999999999859063848e-01,9.999999999923663285e-01,9.999999999999582556e-01
5.798735951008288248e+04,9.999999999862085875e-01,9.999999999925301974e-01,9.999999999999591438e-01
5.861381645140262117e+04,9.999999999865042399e-01,9.999999999926904026e-01,9.999999999999600320e-01
5.924704121768724144e+04,9.999999999867937861e-01,9.999999999928471661e-01,9.999999999999609201e-01
5.988710692402489803e+04,9.999999999870772260e-01,9.999999999930004879e-01,9.999999999999618083e-01
6.053408747539125761e+04,9.999999999873544487e-01,9.999999999931507011e-01,9.999999999999626965e-01
6.118805757518207974e+04,9.999999999876254542e-01,9.999999999932976946e-01,9.999999999999633626e-01
6.184909273383901746e+04,9.999999999878910195e-01,9.999999999934414685e-01,9.999999999999642508e-01
6.251726927756842633e+04,9.999999999881507007e-01,9.999999999935821338e-01,9.999999999999649170e-01
6.319266435715431726e+04,9.999999999884049418e-01,9.999999999937196904e-01,9.999999999999658051e-01
6.387535595686656598e+04,9.999999999886536317e-01,9.999999999938543604e-01,9.999999999999664713e-01
6.456542290346533991e+04,9.999999999888971036e-01,9.999999999939862549e-01,9.999999999999671374e-01
6.526294487530279002e+04,9.999999999891351354e-01,9.999999999941151518e-01,9.999999999999678035e-01
6.596800241152310628e+04,9.999999999893682823e-01,9.999999999942416062e-01,9.999999999999684697e-01
6.668067692136192636e+04,9.999999999895963221e-01,9.999999999943649520e-01,9.999999999999691358e-01
6.740105069354624720e+04,9.999999999898193659e-01,9.999999999944858553e-01,9.999999999999698019e-01
6.812920690579604707e+04,9.999999999900378578e-01,9.999999999946039830e-01,9.999999999999704681e-01
6.886522963442750915e+04,9.999999999902514647e-01,9.999999999947197793e-01,9.999999999999711342e-01
6.960920386406221951e+04,9.999999999904605197e-01,9.999999999948331331e-01,9.999999999999718003e-01
7.036121549743897049e+04,9.999999999906652448e-01,9.999999999949439333e-01,9.999999999999724665e-01
7.112135136533273908e+04,9.999999999908654180e-01,9.999999999950524021e-01,9.999999999999729106e-01
7.188969923658053449e+04,9.999999999910613724e-01,9.999999999951585394e-01,9.999999999999735767e-01
7.266634782821564295e+04,9.999999999912531079e-01,9.999999999952623453e-01,9.999999999999742428e-01
7.345138681571125926e+04,9.999999999914406246e-01,9.999999999953638197e-01,9.999999999999746869e-01
7.424490684333491663e+04,9.999999999916243665e-01,9.999999999954634067e-01,9.999999999999753530e-01
7.504699953461458790e+04,9.999999999918038895e-01,9.999999999955605512e-01,9.999999999999757971e-01
7.585775750291807344e+04,9.999999999919798599e-01,9.999999999956559193e-01,9.999999999999762412e-01
7.667727436214649060e+04,9.999999999921518334e-01,9.999999999957490671e-01,9.999999999999769074e-01
7.750564473754343635e+04,9.999999999923201432e-01,9.999999999958403274e-01,9.999999999999773515e-01
7.834296427662107453e+04,9.999999999924849003e-01,9.999999999959294783e-01,9.999999999999777955e-01
7.918932966020298772e+04,9.999999999926461047e-01,9.999999999960168529e-01,9.999999999999782396e-01
8.004483861358903232e+04,9.999999999928038674e-01,9.999999999961023400e-01,9.999999999999786837e-01
8.090958991783806414e+04,9.999999999929581884e-01,9.999999999961859398e-01,9.999999999999791278e-01
8.178368342117390421e+04,9.999999999931094008e-01,9.999999999962676522e-01,9.999999999999795719e-01
8.266722005051432643e+04,9.999999999932569494e-01,9.999999999963476993e-01,9.999999999999800160e-01
8.356030182312455145e+04,9.999999999934016115e-01,9.999999999964260811e-01,9.999999999999804601e-01
8.446303185839658545e+04,9.999999999935431649e-01,9.999999999965026865e-01,9.999999999999809042e-01
8.537551438975588826e+04,9.999999999936817208e-01,9.999999999965777375e-01,9.999999999999813483e-01
8.629785477669669490e+04,9.999999999938173900e-01,9.999999999966510122e-01,9.999999999999817923e-01
8.723015951694727119e+04,9.999999999939499506e-01,9.999999999967230657e-01,9.999999999999822364e-01
8.817253625876663136e+04,9.999999999940797357e-01,9.999999999967932318e-01,9.999999999999824585e-01
8.912509381337444938e+04,9.999999999942067452e-01,9.999999999968620656e-01,9.999999999999829026e-01
9.008794216751365457e+04,9.999999999943309792e-01,9.999999999969292341e-01,9.999999999999833467e-01
9.106119249615186709e+04,9.999999999944524376e-01,9.999999999969952924e-01,9.999999999999835687e-01
9.204495717531695846e+04,9.999999999945715645e-01,9.999999999970595743e-01,9.999999999999840128e-01
9.303934979507280514e+04,9.999999999946879159e-01,9.999999999971227460e-01,9.999999999999844569e-01
9.404448517263492977e+04,9.999999999948020468e-01,9.999999999971843634e-01,9.999999999999846789e-01
9.506047936562787800e+04,9.999999999949134022e-01,9.999999999972449816e-01,9.999999999999851230e-01
9.608744968548568431e+04,9.999999999950224261e-01,9.999999999973038234e-01,9.999999999999853451e-01
9.712551471099727496e+04,9.999999999951293406e-01,9.999999999973617770e-01,9.999999999999855671e-01
9.817479430199808849e+04,9.999999999952337015e-01,9.999999999974182874e-01,9.999999999999860112e-01
9.923540961320966017e+04,9.999999999953358421e-01,9.999999999974736875e-01,9.999999999999862332e-01
1.003074831082287419e+05,9.999999999954359842e-01,9.999999999975279774e-01,9.999999999999866773e-01
1.013911385736674856e+05,9.999999999955337948e-01,9.999999999975810461e-01,9.999999999999868994e-01
1.024865011334467854e+05,9.999999999956297181e-01,9.999999999976326714e-01,9.999999999999871214e-01
1.035936972632422257e+05,9.999999999957235319e-01,9.999999999976835197e-01,9.999999999999873435e-01
1.047128548050897662e+05,9.999999999958152364e-01,9.999999999977333687e-01,9.999999999999877875e-01
1.058441029821454576e+05,9.999999999959050534e-01,9.999999999977819964e-01,9.999999999999880096e-01
1.069875724136065837e+05,9.999999999959928720e-01,9.999999999978294030e-01,9.999999999999882316e-01
1.081433951297935128e+05,9.999999999960786923e-01,9.999999999978759213e-01,9.999999999999884537e-01
1.093117045873945754e+05,9.999999999961628472e-01,9.999999999979215515e-01,9.999999999999886757e-01
1.104926356848755531e+05,9.999999999962451147e-01,9.999999999979661824e-01,9.999999999999888978e-01
1.116863247780557285e+05,9.999999999963258279e-01,9.999999999980098142e-01,9.999999999999891198e-01
1.128929096958521259e+05,9.999999999964044317e-01,9.999999999980524468e-01,9.999999999999893419e-01
1.141125297561939224e+05,9.999999999964815922e-01,9.999999999980943022e-01,9.999999999999895639e-01
1.153453257821087318e+05,9.999999999965571984e-01,9.999999999981349363e-01,9.999999999999897859e-01
1.165914401179826382e+05,9.999999999966310282e-01,9.999999999981751264e-01,9.999999999999900080e-01
1.178510166459964530e+05,9.999999999967033038e-01,9.999999999982143173e-01,9.999999999999902300e-01
1.191242008027372940e+05,9.999999999967739139e-01,9.999999999982526200e-01,9.999999999999904521e-01
1.204111395959938673e+05,9.999999999968431919e-01,9.999999999982900345e-01,9.999999999999906741e-01
1.217119816217290499e+05,9.999999999969109155e-01,9.999999999983267829e-01,9.999999999999908962e-01
1.230268770812378498e+05,9.999999999969770847e-01,9.999999999983625321e-01,9.999999999999911182e-01
1.243559777984903922e+05,9.999999999970419218e-01,9.999999999983976151e-01,9.999999999999913403e-01
1.256994372376621614e+05,9.999999999971055376e-01,9.999999999984321430e-01,9.999999999999915623e-01
1.270574105208537512e+05,9.999999999971675990e-01,9.999999999984655608e-01,9.999999999999917843e-01
1.284300544460019591e+05,9.999999999972283282e-01,9.999999999984986454e-01,9.999999999999917843e-01
1.298175275049844058e+05,9.999999999972878362e-01,9.999999999985308419e-01,9.999999999999920064e-01
1.312199899019197619e+05,9.999999999973459008e-01,9.999999999985622612e-01,9.999999999999922284e-01
1.326376035716656770e+05,9.999999999974028553e-01,9.999999999985930144e-01,9.999999999999924505e-01
1.340705321985169430e+05,9.999999999974585885e-01,9.999999999986234345e-01,9.999999999999926725e-01
1.355189412351034116e+05,9.999999999975129894e-01,9.999999999986528554e-01,9.999999999999926725e-01
1.369829979214967752e+05,9.999999999975665022e-01,9.999999999986817212e-01,9.999999999999928946e-01
1.384628713045189506e+05,9.999999999976187937e-01,9.999999999987099208e-01,9.999999999999931166e-01
1.399587322572614939e+05,9.999999999976696419e-01,9.999999999987376764e-01,9.999999999999931166e-01
1.414707534988154657e+05,9.999999999977196019e-01,9.999999999987647659e-01,9.999999999999933387e-01
1.429991096142143069e+05,9.999999999977685627e-01,9.999999999987911892e-01,9.999999999999935607e-01
1.445439770745923161e+05,9.999999999978164134e-01,9.999999999988170574e-01,9.999999999999935607e-01
1.461055342575606774e+05,9.999999999978633758e-01,9.999999999988425925e-01,9.999999999999937828e-01
1.476839614678040089e+05,9.999999999979091170e-01,9.999999999988673505e-01,9.999999999999940048e-01
1.492794409578990308e+05,9.999999999979540810e-01,9.999999999988917754e-01,9.999999999999940048e-01
1.508921569493582647e+05,9.999999999979980458e-01,9.999999999989155341e-01,9.999999999999942268e-01
1.525222956539012084e+05,9.999999999980407894e-01,9.999999999989386268e-01,9.999999999999942268e-01
1.541700452949557512e+05,9.999999999980829779e-01,9.999999999989614974e-01,9.999999999999944489e-01
1.558355961293890723e+05,9.999999999981240562e-01,9.999999999989837018e-01,9.999999999999944489e-01
1.575191404694789089e+05,9.999999999981642462e-01,9.999999999990055732e-01,9.999999999999946709e-01
1.592208727051166934e+05,9.999999999982035481e-01,9.999999999990268895e-01,9.999999999999946709e-01
1.609409893262530968e+05,9.999999999982421839e-01,9.999999999990477617e-01,9.999999999999948930e-01
1.626796889455859491e+05,9.999999999982797094e-01,9.999999999990680788e-01,9.999999999999951150e-01
1.644371723214926897e+05,9.999999999983167909e-01,9.999999999990880628e-01,9.999999999999951150e-01
1.662136423812110734e+05,9.999999999983527621e-01,9.999999999991077138e-01,9.999999999999951150e-01
1.680093042442700535e+05,9.999999999983881782e-01,9.999999999991268096e-01,9.999999999999953371e-01
1.698243652461737802e+05,9.999999999984227061e-01,9.999999999991455724e-01,9.999999999999953371e-01
1.716590349623415968e+05,9.999999999984565680e-01,9.999999999991637800e-01,9.999999999999955591e-01
1.735135252323065361e+05,9.999999999984897636e-01,9.999999999991818767e-01,9.999999999999955591e-01
1.753880501841753139e+05,9.999999999985221821e-01,9.999999999991994182e-01,9.999999999999957812e-01
1.772828262593532563e+05,9.999999999985537125e-01,9.999999999992165156e-01,9.999999999999957812e-01
1.791980722375330806e+05,9.999999999985847987e-01,9.999999999992333910e-01,9.999999999999960032e-01
1.811340092619599018e+05,9.999999999986151078e-01,9.999999999992498223e-01,9.999999999999960032e-01
1.830908608649631205e+05,9.999999999986448618e-01,9.999999999992659205e-01,9.999999999999960032e-01
1.850688529937669518e+05,9.999999999986739496e-01,9.999999999992815747e-01,9.999999999999962252e-01
1.870682140365795349e+05,9.999999999987023713e-01,9.999999999992970068e-01,9.999999999999962252e-01
1.890891748489635647e+05,9.999999999987303489e-01,9.999999999993121058e-01,9.999999999999964473e-01
1.911319687804919959e+05,9.999999999987574384e-01,9.999999999993268718e-01,9.999999999999964473e-01
1.931968317016916990e+05,9.999999999987843058e-01,9.999999999993411937e-01,9.999999999999964473e-01
1.952840020312781271e+05,9.999999999988101740e-01,9.999999999993555155e-01,9.999999999999966693e-01
1.973937207636842795e+05,9.999999999988358201e-01,9.999999999993690603e-01,9.999999999999966693e-01
1.995262314968870778e+05,9.999999999988606891e-01,9.999999999993828270e-01,9.999999999999966693e-01
2.016817804605349374e+05,9.999999999988851140e-01,9.999999999993960387e-01,9.999999999999968914e-01
2.038606165443758946e+05,9.999999999989089838e-01,9.999999999994090283e-01,9.999999999999968914e-01
2.060629913269996759e+05,9.999999999989324095e-01,9.999999999994215738e-01,9.999999999999968914e-01
2.082891591048834380e+05,9.999999999989552801e-01,9.999999999994341193e-01,9.999999999999971134e-01
2.105393769217546505e+05,9.999999999989778177e-01,9.999999999994461097e-01,9.999999999999971134e-01
2.128139045982706593e+05,9.999999999989996891e-01,9.999999999994579891e-01,9.999999999999971134e-01
2.151130047620186233e+05,9.999999999990211164e-01,9.999999999994696465e-01,9.999999999999971134e-01
2.174369428778398724e+05,9.999999999990422106e-01,9.999999999994809707e-01,9.999999999999973355e-01
2.197859872784817417e+05,9.999999999990627497e-01,9.999999999994921840e-01,9.999999999999973355e-01
2.221604091955803451e+05,9.999999999990828448e-01,9.999999999995029532e-01,9.999999999999973355e-01
2.245604827909783926e+05,9.999999999991026067e-01,9.999999999995138333e-01,9.999999999999973355e-01
2.269864851883812225e+05,9.999999999991218136e-01,9.999999999995241584e-01,9.999999999999975575e-01
2.294386965053546301e+05,9.999999999991405764e-01,9.999999999995341504e-01,9.999999999999975575e-01
2.319173998856695835e+05,9.999999999991591171e-01,9.999999999995443645e-01,9.999999999999975575e-01
2.344228815319918504e+05,9.999999999991771027e-01,9.999999999995540234e-01,9.999999999999975575e-01
2.369554307389333262e+05,9.999999999991947552e-01,9.999999999995637934e-01,9.999999999999977796e-01
2.395153399264520849e+05,9.999999999992120747e-01,9.999999999995728972e-01,9.999999999999977796e-01
2.421029046736172168e+05,9.999999999992288391e-01,9.999999999995822231e-01,9.999999999999977796e-01
2.447184237527380174e+05,9.999999999992454924e-01,9.999999999995909938e-01,9.999999999999977796e-01
2.473621991638613981e+05,9.999999999992615907e-01,9.999999999995998756e-01,9.999999999999980016e-01
2.500345361696423206e+05,9.999999999992775779e-01,9.999999999996084243e-01,9.999999999999980016e-01
2.527357433305908635e+05,9.999999999992930100e-01,9.999999999996167510e-01,9.999999999999980016e-01
2.554661325407000550e+05,9.999999999993082200e-01,9.999999999996251887e-01,9.999999999999980016e-01
2.582260190634585742e+05,9.999999999993229860e-01,9.999999999996330713e-01,9.999999999999980016e-01
2.610157215682525421e+05,9.999999999993374189e-01,9.999999999996409539e-01,9.999999999999982236e-01
2.638355621671606204e+05,9.999999999993518518e-01,9.999999999996486144e-01,9.999999999999982236e-01
2.666858664521476021e+05,9.999999999993656186e-01,9.999999999996561639e-01,9.999999999999982236e-01
2.695669635326547432e+05,9.999999999993791633e-01,9.999999999996637134e-01,9.999999999999982236e-01
2.724791860736061353e+05,9.999999999993924860e-01,9.999999999996709299e-01,9.999999999999982236e-01
2.754228703338160412e+05,9.999999999994055866e-01,9.999999999996780353e-01,9.999999999999984457e-01
2.783983562048156164e+05,9.999999999994182431e-01,9.999999999996848077e-01,9.999999999999984457e-01
2.814059872500986094e+05,9.999999999994308997e-01,9.999999999996915800e-01,9.999999999999984457e-01
2.844461107447906979e+05,9.999999999994431121e-01,9.999999999996981304e-01,9.999999999999984457e-01
2.875190777157474076e+05,9.999999999994549915e-01,9.999999999997045697e-01,9.999999999999984457e-01
2.906252429820855032e+05,9.999999999994667599e-01,9.999999999997108979e-01,9.999999999999984457e-01
2.937649651961519266e+05,9.999999999994780842e-01,9.999999999997171152e-01,9.999999999999986677e-01
2.969386068849355215e+05,9.999999999994892974e-01,9.999999999997232214e-01,9.999999999999986677e-01
3.001465344919260824e+05,9.999999999995000666e-01,9.999999999997293276e-01,9.999999999999986677e-01
3.033891184194266680e+05,9.999999999995108357e-01,9.999999999997349898e-01,9.999999999999986677e-01
3.066667330713178380e+05,9.999999999995216049e-01,9.999999999997407629e-01,9.999999999999986677e-01
3.099797568962941878e+05,9.999999999995318190e-01,9.999999999997462030e-01,9.999999999999986677e-01
3.133285724315579282e+05,9.999999999995419220e-01,9.999999999997516431e-01,9.999999999999986677e-01
3.167135663469891297e+05,9.999999999995514699e-01,9.999999999997569722e-01,9.999999999999986677e-01
3.201351294897927437e+05,9.999999999995613509e-01,9.999999999997621902e-01,9.999999999999988898e-01
3.235936569296273519e+05,9.999999999995707878e-01,9.999999999997674083e-01,9.999999999999988898e-01
3.270895480042218696e+05,9.999999999995798916e-01,9.999999999997721822e-01,9.999999999999988898e-01
3.306232063654850936e+05,9.999999999995888844e-01,9.999999999997771782e-01,9.999999999999988898e-01
3.341950400261129835e+05,9.999999999995976552e-01,9.999999999997818412e-01,9.999999999999988898e-01
3.378054614066999638e+05,9.999999999996063149e-01,9.999999999997866151e-01,9.999999999999988898e-01
3.414548873833586695e+05,9.999999999996148636e-01,9.999999999997911670e-01,9.999999999999988898e-01
3.451437393358546542e+05,9.999999999996229683e-01,9.999999999997957190e-01,9.999999999999988898e-01
3.488724431962618837e+05,9.999999999996309619e-01,9.999999999998000488e-01,9.999999999999991118e-01
3.526414294981381390e+05,9.999999999996391775e-01,9.999999999998043787e-01,9.999999999999991118e-01
3.564511334262435557e+05,9.999999999996468381e-01,9.999999999998084865e-01,9.999999999999991118e-01
3.603019948667844292e+05,9.999999999996543876e-01,9.999999999998125944e-01,9.999999999999991118e-01
3.641944584582055686e+05,9.999999999996618261e-01,9.999999999998167022e-01,9.999999999999991118e-01
3.681289736425304436e+05,9.999999999996690425e-01,9.999999999998205880e-01,9.999999999999991118e-01
3.721059947172557586e+05,9.999999999996762590e-01,9.999999999998243627e-01,9.999999999999991118e-01
3.761259808878069161e+05,9.999999999996830313e-01,9.999999999998280265e-01,9.999999999999991118e-01
3.801893963205598411e+05,9.999999999996898037e-01,9.999999999998318012e-01,9.999999999999991118e-01
3.842967101964358590e+05,9.999999999996965760e-01,9.999999999998355760e-01,9.999999999999991118e-01
3.884483967650756822e+05,9.999999999997031264e-01,9.999999999998390177e-01,9.999999999999993339e-01
3.926449353995980928e+05,9.999999999997094546e-01,9.999999999998424594e-01,9.999999999999993339e-01
3.968868106519525754e+05,9.999999999997155609e-01,9.999999999998459010e-01,9.999999999999993339e-01
4.011745123088617111e+05,9.999999999997217781e-01,9.999999999998492317e-01,9.999999999999993339e-01
4.055085354483831325e+05,9.999999999997278843e-01,9.999999999998522293e-01,9.999999999999993339e-01
4.098893804970677593e+05,9.999999999997334355e-01,9.999999999998556710e-01,9.999999999999993339e-01
4.143175532877427177e+05,9.999999999997393196e-01,9.999999999998586686e-01,9.999999999999993339e-01
4.187935651179173146e+05,9.999999999997448707e-01,9.999999999998617772e-01,9.999999999999993339e-01
4.233179328088196344e+05,9.999999999997503108e-01,9.999999999998645528e-01,9.999999999999993339e-01
4.278911787650714978e+05,9.999999999997558620e-01,9.999999999998675504e-01,9.999999999999993339e-01
4.325138310350072570e+05,9.999999999997609690e-01,9.999999999998703260e-01,9.999999999999993339e-01
4.371864233716450399e+05,9.999999999997660760e-01,9.999999999998732125e-01,9.999999999999993339e-01
4.419094952943162643e+05,9.999999999997710720e-01,9.999999999998757660e-01,9.999999999999993339e-01
4.466835921509612235e+05,9.999999999997761790e-01,9.999999999998784306e-01,9.999999999999993339e-01
4.515092651810972020e+05,9.999999999997808420e-01,9.999999999998812061e-01,9.999999999999995559e-01
4.563870715794689604e+05,9.999999999997855049e-01,9.999999999998837596e-01,9.999999999999995559e-01
4.613175745603786781e+05,9.999999999997901678e-01,9.999999999998862021e-01,9.999999999999995559e-01
4.663013434227267862e+05,9.999999999997946087e-01,9.999999999998885336e-01,9.999999999999995559e-01
4.713389536157394759e+05,9.999999999997990496e-01,9.999999999998909761e-01,9.999999999999995559e-01
4.764309868054145481e+05,9.999999999998033795e-01,9.999999999998933076e-01,9.999999999999995559e-01
4.815780309416830423e+05,9.999999999998075983e-01,9.999999999998956390e-01,9.999999999999995559e-01
4.867806803262968315e+05,9.999999999998117062e-01,9.999999999998978595e-01,9.999999999999995559e-01
4.920395356814493425e+05,9.999999999998158140e-01,9.999999999999000799e-01,9.999999999999995559e-01
4.973552042191379587e+05,9.999999999998198108e-01,9.999999999999021894e-01,9.999999999999995559e-01
5.027282997112753219e+05,9.999999999998234745e-01,9.999999999999041878e-01,9.999999999999995559e-01
5.081594425605584984e+05,9.999999999998274713e-01,9.999999999999062972e-01,9.999999999999995559e-01
5.136492598721034010e+05,9.999999999998312461e-01,9.999999999999084066e-01,9.999999999999995559e-01
5.191983855258533731e+05,9.999999999998346878e-01,9.999999999999101830e-01,9.999999999999995559e-01
5.248074602497718297e+05,9.999999999998382405e-01,9.999999999999121814e-01,9.999999999999995559e-01
5.304771316938162781e+05,9.999999999998416822e-01,9.999999999999140687e-01,9.999999999999995559e-01
5.362080545047298074e+05,9.999999999998452349e-01,9.999999999999158451e-01,9.999999999999995559e-01
5.420008904016226297e+05,9.999999999998484546e-01,9.999999999999177325e-01,9.999999999999995559e-01
5.478563082523791818e+05,9.999999999998516742e-01,9.999999999999195088e-01,9.999999999999997780e-01
5.537749841508882819e+05,9.999999999998550049e-01,9.999999999999211742e-01,9.999999999999997780e-01
5.597576014951084508e+05,9.999999999998580025e-01,9.999999999999229505e-01,9.999999999999997780e-01
5.658048510659761960e+05,9.999999999998611111e-01,9.999999999999245048e-01,9.999999999999997780e-01
5.719174311071664561e+05,9.999999999998641087e-01,9.999999999999261702e-01,9.999999999999997780e-01
5.780960474057157990e+05,9.999999999998669953e-01,9.999999999999277245e-01,9.999999999999997780e-01
5.843414133735151263e+05,9.999999999998697708e-01,9.999999999999292788e-01,9.999999999999997780e-01
5.906542501296839910e+05,9.999999999998727684e-01,9.999999999999309441e-01,9.999999999999997780e-01
5.970352865838361904e+05,9.999999999998753220e-01,9.999999999999322764e-01,9.999999999999997780e-01
6.034852595202350058e+05,9.999999999998780975e-01,9.999999999999337197e-01,9.999999999999997780e-01
6.100049136828781338e+05,9.999999999998807620e-01,9.999999999999350520e-01,9.999999999999997780e-01
6.165950018614808796e+05,9.999999999998830935e-01,9.999999999999366063e-01,9.999999999999997780e-01
6.232562849783991696e+05,9.999999999998857581e-01,9.999999999999379385e-01,9.999999999999997780e-01
6.299895321764885448e+05,9.999999999998882005e-01,9.999999999999391598e-01,9.999999999999997780e-01
6.367955209079140332e+05,9.999999999998905320e-01,9.999999999999404920e-01,9.999999999999997780e-01
6.436750370239170734e+05,9.999999999998929745e-01,9.999999999999418243e-01,9.999999999999997780e-01
6.506288748655549716e+05,9.999999999998951949e-01,9.999999999999430456e-01,9.999999999999997780e-01
6.576578373554180143e+05,9.999999999998975264e-01,9.999999999999443778e-01,9.999999999999997780e-01
6.647627360903396038e+05,9.999999999998997469e-01,9.999999999999453770e-01,9.999999999999997780e-01
6.719443914351062849e+05,9.999999999999017453e-01,9.999999999999467093e-01,9.999999999999997780e-01
6.792036326171813998e+05,9.999999999999038547e-01,9.999999999999478195e-01,9.999999999999997780e-01
6.865412978224538965e+05,9.999999999999060751e-01,9.999999999999489297e-01,9.999999999999997780e-01
6.939582342920090305e+05,9.999999999999080735e-01,9.999999999999500400e-01,9.999999999999997780e-01
7.014552984199699713e+05,9.999999999999100719e-01,9.999999999999511502e-01,9.999999999999997780e-01
7.090333558523710817e+05,9.999999999999119593e-01,9.999999999999519273e-01,9.999999999999997780e-01
7.166932815871117637e+05,9.999999999999137357e-01,9.999999999999530376e-01,9.999999999999997780e-01
7.244359600749880774e+05,9.999999999999157341e-01,9.999999999999541478e-01,9.999999999999997780e-01
7.322622853218152886e+05,9.999999999999173994e-01,9.999999999999550360e-01,9.999999999999997780e-01
7.401731609916540328e+05,9.999999999999191758e-01,9.999999999999562572e-01,9.999999999999997780e-01
7.481695005111517385e+05,9.999999999999209521e-01,9.999999999999571454e-01,9.999999999999997780e-01
7.562522271750108339e+05,9.999999999999227285e-01,9.999999999999579225e-01,9.999999999999997780e-01
7.644222742525971262e+05,9.999999999999243938e-01,9.999999999999588107e-01,9.999999999999997780e-01
7.726805850956989452e+05,9.999999999999259481e-01,9.999999999999596989e-01,9.999999999999997780e-01
7.810281132474512560e+05,9.999999999999273914e-01,9.999999999999605871e-01,1.000000000000000000e+00
7.894658225524388254e+05,9.999999999999290567e-01,9.999999999999614753e-01,1.000000000000000000e+00
7.979946872679725057e+05,9.999999999999306111e-01,9.999999999999623634e-01,1.000000000000000000e+00
8.066156921766118612e+05,9.999999999999320544e-01,9.999999999999630296e-01,1.000000000000000000e+00
8.153298326998311095e+05,9.999999999999336087e-01,9.999999999999639178e-01,1.000000000000000000e+00
8.241381150130002061e+05,9.999999999999349409e-01,9.999999999999644729e-01,1.000000000000000000e+00
8.330415561615165789e+05,9.999999999999364952e-01,9.999999999999653610e-01,1.000000000000000000e+00
8.420411841782848351e+05,9.999999999999377165e-01,9.999999999999660272e-01,1.000000000000000000e+00
8.511380382023766870e+05,9.999999999999390488e-01,9.999999999999666933e-01,1.000000000000000000e+00
8.603331685990323313e+05,9.999999999999403810e-01,9.999999999999675815e-01,1.000000000000000000e+00
8.696276370809596265e+05,9.999999999999417133e-01,9.999999999999683586e-01,1.000000000000000000e+00
8.790225168308806606e+05,9.999999999999430456e-01,9.999999999999690248e-01,1.000000000000000000e+00
8.885188926254964899e+05,9.999999999999441558e-01,9.999999999999696909e-01,1.000000000000000000e+00
8.981178609606901882e+05,9.999999999999453770e-01,9.999999999999702460e-01,1.000000000000000000e+00
9.078205301781843882e+05,9.999999999999464873e-01,9.999999999999709122e-01,1.000000000000000000e+00
9.176280205934637925e+05,9.999999999999478195e-01,9.999999999999715783e-01,1.000000000000000000e+00
9.275414646251843078e+05,9.999999999999489297e-01,9.999999999999720224e-01,1.000000000000000000e+00
9.375620069258747390e+05,9.999999999999500400e-01,9.999999999999726885e-01,1.000000000000000000e+00
9.476908045141568873e+05,9.999999999999511502e-01,9.999999999999733546e-01,1.000000000000000000e+00
9.579290269082866143e+05,9.999999999999519273e-01,9.999999999999737987e-01,1.000000000000000000e+00
9.682778562612460228e+05,9.999999999999530376e-01,9.999999999999744649e-01,1.000000000000000000e+00
9.787384874971929239e+05,9.999999999999541478e-01,9.999999999999749090e-01,1.000000000000000000e+00
9.893121284494522261e+05,9.999999999999549249e-01,9.999999999999755751e-01,1.000000000000000000e+00
9.999999999999995343e+05,9.999999999999561462e-01,9.999999999999760192e-01,1.000000000000000000e+00
