G_mM,Y_0p5,Y_5,Y_36
9.999999999999982011e-09,2.604487569970357523e-12,3.858423776327669100e-12,8.971168590051904317e-11
1.010803336220382749e-08,2.632624735737222026e-12,3.900107641052308842e-12,9.068087178364496851e-11
1.021723384514257942e-08,2.661065859985623499e-12,3.942241806652795362e-12,9.166052753234213588e-11
1.032761405761394785e-08,2.689814236024305192e-12,3.984831150416693801e-12,9.265076664226450369e-11
1.043918674463272197e-08,2.718873194956892997e-12,4.027880611196210226e-12,9.365170369411049242e-11
1.055196478890237068e-08,2.748246107399846585e-12,4.071395175727156625e-12,9.466345489614527382e-11
1.066596121230254167e-08,2.777936319918335131e-12,4.115379803383284689e-12,9.568613558859841379e-11
1.078118917739266564e-08,2.807947299333977458e-12,4.159839634812006288e-12,9.671986501785966576e-11
1.089766198893160955e-08,2.838282491853000533e-12,4.204779773037900580e-12,9.776476199630098025e-11
1.101539309541414140e-08,2.868945419271398627e-12,4.250205430533791149e-12,9.882094788614888215e-11
1.113439609062360287e-08,2.899939605103116338e-12,4.296121836873793505e-12,9.988854394112541009e-11
1.125468471520154573e-08,2.931268612374930429e-12,4.342534259254856672e-12,1.009676728797626892e-10
1.137627285823429072e-08,2.962936096882878979e-12,4.389448125626045841e-12,1.020584607299785644e-10
1.149917455885663058e-08,2.994945676628115006e-12,4.436868788690753515e-12,1.031610321633852286e-10
1.162340400787285095e-08,3.027301089868241173e-12,4.484801785846293347e-12,1.042755157577550884e-10
1.174897554939526761e-08,3.060006031912128126e-12,4.533252592925337258e-12,1.054020388430593456e-10
1.187590368250046211e-08,3.093064313171246783e-12,4.582226853353190429e-12,1.065407327639338503e-10
1.200420306290341755e-08,3.126480670031723230e-12,4.631731588919030969e-12,1.076917606025658564e-10
1.213388850464973329e-08,3.160257085007010153e-12,4.681769734204018476e-12,1.088551907167584001e-10
1.226497498182612357e-08,3.194398392406341103e-12,4.732348447807642240e-12,1.100311894980844423e-10
1.239747763028944008e-08,3.228908536641230807e-12,4.783473574950413246e-12,1.112198929026189227e-10
1.253141174941415222e-08,3.263791503353974872e-12,4.835151022417483398e-12,1.124214381342379339e-10
1.266679280385915192e-08,3.299051334879196296e-12,4.887386775659931796e-12,1.136359645669065699e-10
1.280363642535318994e-08,3.334692075269466390e-12,4.940186826969351401e-12,1.148636113575810169e-10
1.294195841449984185e-08,3.370717861346617379e-12,4.993557308867907327e-12,1.161045211353598458e-10
1.308177474260191939e-08,3.407132852265821245e-12,5.047504377819565632e-12,1.173588371261160823e-10
1.322310155350558197e-08,3.443941246695083347e-12,5.102034251852932485e-12,1.186267038577761864e-10
1.336595516546439315e-08,3.481147277661395063e-12,5.157153207140998046e-12,1.199082671603199497e-10
1.351035207302348917e-08,3.518755279550753468e-12,5.212867663507575905e-12,1.212036763901218042e-10
1.365630894892413254e-08,3.556769560979916835e-12,5.269184003153645328e-12,1.225130798727638727e-10
1.380384264602880616e-08,3.595194513027209229e-12,5.326108734829723546e-12,1.238366290804573975e-10
1.395297019926713753e-08,3.634034604078669925e-12,5.383648469894059158e-12,1.251744776012502760e-10
1.410370882760287634e-08,3.673294276751100600e-12,5.441809795763097395e-12,1.265267787519293195e-10
1.425607593602187581e-08,3.712978097353649202e-12,5.500599477706686736e-12,1.278936896469371177e-10
1.441008911754205393e-08,3.753090645939059056e-12,5.560024301516221285e-12,1.292753680517428679e-10
1.456576615524456523e-08,3.793636524893412035e-12,5.620091080345158674e-12,1.306719725998514251e-10
1.472312502432717075e-08,3.834620448269494870e-12,5.680806805200358975e-12,1.320836656139188848e-10
1.488218389417973511e-08,3.876047116376496494e-12,5.742178429465847935e-12,1.335106089283313614e-10
1.504296113048215179e-08,3.917921341190312313e-12,5.804213091219568408e-12,1.349529683921395395e-10
1.520547529732492484e-08,3.960247953584275620e-12,5.866917945640755177e-12,1.364109103969163800e-10
1.536974515935267838e-08,4.003031844559947763e-12,5.930300233415084080e-12,1.378846033958193592e-10
1.553578968393079411e-08,4.046278229811299452e-12,5.994367684325091696e-12,1.393742269637120484e-10
1.570362804333547951e-08,4.089991521032043375e-12,6.059126834483357169e-12,1.408799331153278886e-10
1.587327961696749174e-08,4.134177047300803410e-12,6.124585581265046298e-12,1.424019054944472388e-10
1.604476399358976711e-08,4.178839931542289757e-12,6.190751507381612877e-12,1.439403204750523848e-10
1.621810097358929678e-08,4.223985332758147347e-12,6.257632260529406130e-12,1.454953557874312516e-10
1.639331057126312649e-08,4.269618449462854083e-12,6.325235539708643791e-12,1.470671904096729169e-10
1.657041301712966784e-08,4.315744554042707260e-12,6.393569160208305917e-12,1.486560060867298760e-10
1.674942876026435533e-08,4.362368982448124808e-12,6.462641019403559116e-12,1.502619865166347826e-10
1.693037847066086977e-08,4.409497104988513506e-12,6.532459076234210915e-12,1.518853166452213915e-10
1.711328304161777934e-08,4.457134367563043794e-12,6.603031402508572617e-12,1.535261841851869526e-10
1.729816359215098208e-08,4.505286277917062479e-12,6.674366155541400622e-12,1.551847788023087968e-10
1.748504146943220458e-08,4.553958379872850292e-12,6.746471547371576771e-12,1.568612914644176248e-10
1.767393825125384796e-08,4.603156294560404788e-12,6.819355906326744422e-12,1.585559157977031722e-10
1.786487574852045919e-08,4.652885723853339389e-12,6.893027677023311681e-12,1.602688480867141580e-10
1.805787600776711890e-08,4.703152398830403348e-12,6.967495351961296617e-12,1.620002858638005050e-10
1.825296131370504335e-08,4.753962426801236934e-12,7.042767977722472662e-12,1.637504394648370967e-10
1.845015419179473489e-08,4.805321061254694707e-12,7.118853338813501029e-12,1.655194898209930913e-10
1.864947741084663119e-08,4.857234540064561295e-12,7.195760673350588542e-12,1.673076518253302964e-10
1.885095398565047415e-08,4.909708850284027318e-12,7.273498856902623292e-12,1.691151316905545384e-10
1.905460717963245561e-08,4.962750076889392071e-12,7.352076895008284222e-12,1.709421389387573378e-10
1.926046050754137716e-08,5.016364320318497729e-12,7.431503834249347995e-12,1.727888839058136295e-10
1.946853773816378780e-08,5.070557760034854025e-12,7.511788823815316988e-12,1.746555792604440018e-10
1.967886289706841371e-08,5.125336673425077748e-12,7.592941163387043792e-12,1.765424413062680151e-10
1.989146026938029701e-08,5.180707396286060588e-12,7.674970238151819632e-12,1.784496881914810051e-10
2.010635440258483220e-08,5.236676295337781606e-12,7.757885488021057946e-12,1.803775393120793310e-10
2.032357010936216664e-08,5.293249845531023255e-12,7.841696496557003677e-12,1.823262176447062618e-10
2.054313247045216382e-08,5.350434585380691049e-12,7.926412956770147808e-12,1.842959485531029630e-10
2.076506683755035602e-08,5.408237740581397115e-12,8.012045563806502129e-12,1.862869806209626751e-10
2.098939883623517111e-08,5.466664736416922464e-12,8.098602362112317648e-12,1.882995010184604237e-10
2.121615436892684360e-08,5.525722927428072849e-12,8.186094248628817613e-12,1.903337629949807823e-10
2.144535961787794055e-08,5.585419128719587002e-12,8.274531319956907846e-12,1.923900011913953133e-10
2.167704104819693172e-08,5.645760272216751026e-12,8.363923836869865646e-12,1.944684544259968532e-10
2.191122541090368226e-08,5.706753286408954399e-12,8.454282070401744764e-12,1.965693614628260211e-10
2.214793974601830724e-08,5.768405238939476557e-12,8.545616486541286850e-12,1.986929655688580914e-10
2.238721138568336155e-08,5.830723230092631814e-12,8.637937612841877707e-12,2.008395114758783862e-10
2.262906795731971925e-08,5.893714463229691326e-12,8.731256110246953351e-12,2.030092471165534870e-10
2.287353738681657571e-08,5.957386847789076401e-12,8.825583703400114758e-12,2.052024452168166360e-10
2.312064790175589034e-08,6.021746470465033837e-12,8.920929408100812477e-12,2.074193151360027017e-10
2.337042803467168990e-08,6.086801395311417781e-12,9.017305164468889897e-12,2.096601348082584839e-10
2.362290662634455026e-08,6.152559110869077391e-12,9.114722078081287512e-12,2.119251621486599408e-10
2.387811282913169978e-08,6.219027243114803475e-12,9.213191435788614068e-12,2.142146597922264775e-10
2.413607611033308526e-08,6.286213452384371645e-12,9.312724589426373741e-12,2.165288916217787551e-10
2.439682625559389332e-08,6.354125495218717067e-12,9.413333034480897367e-12,2.188681248837752943e-10
2.466039337234337848e-08,6.422771229517781015e-12,9.515028410089337596e-12,2.212326301340603874e-10
2.492680789327174808e-08,6.492159162566327523e-12,9.617823313061023741e-12,2.236227004431514993e-10
2.519610057984369800e-08,6.562296092289601708e-12,9.721727819475316803e-12,2.260385700179023766e-10
2.546830252585037580e-08,6.633190754459619024e-12,9.826754871587579367e-12,2.284805396868986421e-10
2.574344516099960600e-08,6.704851295591798606e-12,9.932916536067184712e-12,2.309488900968982959e-10
2.602156025454491670e-08,6.777286015099041686e-12,1.004022510532052175e-11,2.334439071028729733e-10
2.630267991895376134e-08,6.850503281112223151e-12,1.014869298804274090e-11,2.359658790553966149e-10
2.658683661361537565e-08,6.924511879223887754e-12,1.025833318463358956e-11,2.385151083021170824e-10
2.687406314858869330e-08,6.999319658744230367e-12,1.036915733423021875e-11,2.410918654531309114e-10
2.716439268839074380e-08,7.074935614855606855e-12,1.048117875189609109e-11,2.436964602886406885e-10
2.745785875582598582e-08,7.151368481612083553e-12,1.059441039356759528e-11,2.463291936914843312e-10
2.775449523585700298e-08,7.228627080683140758e-12,1.070886531094834479e-11,2.489903694198675061e-10
2.805433637951712766e-08,7.306720324789567732e-12,1.082455671649406359e-11,2.516802945956338685e-10
2.835741680786481433e-08,7.385657530370235504e-12,1.094149841436506940e-11,2.543992900664399858e-10
2.866377151598176411e-08,7.465447227043245039e-12,1.105970303215300956e-11,2.571476495538299566e-10
2.897343587701319581e-08,7.546098925375735597e-12,1.117918466474011283e-11,2.599257006869884141e-10
2.928644564625232153e-08,7.627621902293737156e-12,1.129995705814231375e-11,2.627337631742750785e-10
2.960283696526880509e-08,7.710025632287454244e-12,1.142203424225694079e-11,2.655721631258122923e-10
2.992264636608183199e-08,7.793320527847384735e-12,1.154543164586674908e-11,2.684412594200659824e-10
3.024591077537828384e-08,7.877514328334972608e-12,1.167016073709600592e-11,2.713413185439635497e-10
3.057266751877644744e-08,7.962617702215155488e-12,1.179623731411530228e-11,2.742727078935701984e-10
3.090295432513581438e-08,8.048640484747481995e-12,1.192367595064295200e-11,2.772357662197766307e-10
3.123680933091344429e-08,8.135592590217161843e-12,1.205249133668603048e-11,2.802308352573457843e-10
3.157427108456735162e-08,8.223484374422373593e-12,1.218269881210059162e-11,2.832582715518979580e-10
3.191537855100761085e-08,8.312325389161030517e-12,1.231431252649298639e-11,2.863184040889233466e-10
3.226017111609499478e-08,8.402126162026236011e-12,1.244734807623859590e-11,2.894115955987958471e-10
3.260868859118930989e-08,8.492897110662335309e-12,1.258182089696069075e-11,2.925382047972248119e-10
3.296097121774574116e-08,8.584649302098498829e-12,1.271774738195471336e-11,2.956986129688448800e-10
3.331705967196146971e-08,8.677392076824885267e-12,1.285514136616329947e-11,2.988931417750959560e-10
3.367699506947228523e-08,8.771136790486141285e-12,1.299401967725462598e-11,3.021221824287699160e-10
3.404081897010002690e-08,8.865894262726741532e-12,1.313439833913629624e-11,3.053861076426499819e-10
3.440857338265126335e-08,8.961675756422073775e-12,1.327629403924592147e-11,3.086853052658900410e-10
3.478030076976782017e-08,9.058491665165193965e-12,1.341972218242444616e-11,3.120201334716772211e-10
3.515604405282971763e-08,9.156353523267473308e-12,1.356469984259861089e-11,3.153909893320435375e-10
3.553584661691108768e-08,9.255273572835379859e-12,1.371124516765608313e-11,3.187982946580355521e-10
3.591975231578959294e-08,9.355261307256555223e-12,1.385937221143600037e-11,3.222423764820633789e-10
3.630780547701013530e-08,9.456329276150385626e-12,1.400909957330005651e-11,3.257236669773485034e-10
3.670005090700259583e-08,9.558489089418009975e-12,1.416044445030426911e-11,3.292425660912908448e-10
3.709653389625617383e-08,9.661752891242786844e-12,1.431342483642470739e-11,3.327994922170468883e-10
3.749730022454831971e-08,9.766131968551391667e-12,1.446805744646104607e-11,3.363948340175538581e-10
3.790239616623081612e-08,9.871638678552894790e-12,1.462436059247332572e-11,3.400290171015140432e-10
3.831186849557282214e-08,9.978285550251289777e-12,1.478235283278015381e-11,3.437024732623833307e-10
3.872576449216165457e-08,1.008608423821439748e-11,1.494205142942244011e-11,3.474156035868584355e-10
3.914413194636190865e-08,1.019504751883090400e-11,1.510347532036740114e-11,3.511688484402466617e-10
3.956701916483355350e-08,1.030518858079732604e-11,1.526664403528684068e-11,3.549626620764250068e-10
3.999447497610965066e-08,1.041651890001475505e-11,1.543157457970234131e-11,3.587974397228497882e-10
4.042654873623431788e-08,1.052905260489795506e-11,1.559828788217113342e-11,3.626736680219761443e-10
4.086329033446161975e-08,1.064280140155322209e-11,1.576680128340005805e-11,3.665917501763374450e-10
4.130475019901600056e-08,1.075777905419007459e-11,1.593713517838613505e-11,3.705521603503770433e-10
4.175097930291511298e-08,1.087399946445396863e-11,1.610931015708107381e-11,3.745553773199773559e-10
4.220202916985481773e-08,1.099147483493854090e-11,1.628334429896739670e-11,3.786018214856270887e-10
4.265795188015923932e-08,1.111021964452020157e-11,1.645925905590176983e-11,3.826919915337750654e-10
4.311880007679358157e-08,1.123024696335696356e-11,1.663707378996336939e-11,3.868263377036335840e-10
4.358462697144272729e-08,1.135157100060720756e-11,1.681680954941844503e-11,3.910053493502687507e-10
4.405548635065526447e-08,1.147420602040368284e-11,1.699848746461943863e-11,3.952295177818269594e-10
4.453143258205395839e-08,1.159816561516098302e-11,1.718212767404403476e-11,3.994993113577634601e-10
4.501252062061327156e-08,1.172346531857636785e-11,1.736775319602696025e-11,4.038152650050131876e-10
4.549880601500475226e-08,1.185011772321795478e-11,1.755538267781351570e-11,4.081778125786164928e-10
4.599034491401090033e-08,1.197813873386004722e-11,1.774503967813915073e-11,4.125875017005288100e-10
4.648719407300841696e-08,1.210754247376355859e-11,1.793674513240161121e-11,4.170448191217097122e-10
4.698941086052139414e-08,1.223834481162585435e-11,1.813052254119196357e-11,4.215503112163133519e-10
4.749705326484539690e-08,1.237055962675905524e-11,1.832639246367959594e-11,4.261044561634477816e-10
4.801017990074320577e-08,1.250420310739909195e-11,1.852437888955243951e-11,4.307078116759821954e-10
4.852885001621208072e-08,1.263929008116607651e-11,1.872450378028556839e-11,4.353608882130981451e-10
4.905312349932583513e-08,1.277583738911665980e-11,1.892679208665933364e-11,4.400642660565904216e-10
4.958306088514909963e-08,1.291385891399886081e-11,1.913126437468364533e-11,4.448184234398191656e-10
5.011872336272716368e-08,1.305337184733097978e-11,1.933794611501804056e-11,4.496239523630595495e-10
5.066017278215114356e-08,1.319439197191292299e-11,1.954686068512430393e-11,4.544813966506113323e-10
5.120747166169950247e-08,1.333693525264721465e-11,1.975803173608484237e-11,4.593913059860145155e-10
5.176068319505665054e-08,1.348101910953941208e-11,1.997148507716471080e-11,4.643542806158824884e-10
5.231987125860965726e-08,1.362665892338928891e-11,2.018724349754135943e-11,4.693708502046843593e-10
5.288510041882365189e-08,1.377387277045902092e-11,2.040533377441278821e-11,4.744416375137067677e-10
5.345643593969700377e-08,1.392267699875382140e-11,2.062578012320393589e-11,4.795672055182846825e-10
5.403394379029700392e-08,1.407308818304820515e-11,2.084860709452499967e-11,4.847481252230823683e-10
5.461769065237694114e-08,1.422512462809159695e-11,2.107384182128078437e-11,4.899850270932024053e-10
5.520774392807571753e-08,1.437880356835103472e-11,2.130150982201443544e-11,4.952785047564866396e-10
5.580417174769961297e-08,1.453414336870416724e-11,2.153163830487642798e-11,5.006291907396221667e-10
5.640704297759009623e-08,1.469116040979724431e-11,2.176425154001582779e-11,5.060376494827541582e-10
5.701642722807468503e-08,1.484987409758516652e-11,2.199937828153961775e-11,5.115045493190377722e-10
5.763239486150466666e-08,1.501030272307377537e-11,2.223704561446899110e-11,5.170305202253055554e-10
5.825501700037946082e-08,1.517246449824323188e-11,2.247728052805793408e-11,5.226161894657786218e-10
5.888436553555878271e-08,1.533637751653519979e-11,2.272010982686650853e-11,5.282621803985182337e-10
5.952051313456344680e-08,1.550206195526381007e-11,2.296556340052726997e-11,5.339691879945217786e-10
6.016353324996595611e-08,1.566953604530667216e-11,2.321366825539548848e-11,5.397378402232895828e-10
6.081350012787161807e-08,1.583881938846490235e-11,2.346445342945954738e-11,5.455688121452525750e-10
6.147048881649141798e-08,1.600993221015521346e-11,2.371794889443818791e-11,5.514628006844886890e-10
6.213457517480736454e-08,1.618289296115271182e-11,2.397418197477065475e-11,5.574204410802959361e-10
6.280583588133155830e-08,1.635772258154100195e-11,2.423318369561508574e-11,5.634424548872620521e-10
6.348434844296010797e-08,1.653444063360837203e-11,2.449498303681547132e-11,5.695295157552603678e-10
6.417019120392145115e-08,1.671306844741290732e-11,2.475961160155351534e-11,5.756823584221689967e-10
6.486344335482377794e-08,1.689362508188376047e-11,2.502709762063676171e-11,5.819016394484107305e-10
6.556418494179781193e-08,1.707613267623311807e-11,2.529747389091687012e-11,5.881881212947503609e-10
6.627249687573952785e-08,1.726061192487783637e-11,2.557077107842490772e-11,5.945425169439241032e-10
6.698846094165251469e-08,1.744708508556860246e-11,2.584702214418490564e-11,6.009655929256137953e-10
6.771215980809129456e-08,1.763557217585026149e-11,2.612625675551267444e-11,6.074580388940991688e-10
6.844367703670651050e-08,1.782609520265290656e-11,2.640850750746465263e-11,6.140206126444537600e-10
6.918309709189346557e-08,1.801867651649648367e-11,2.669380751497647769e-11,6.206540842870063166e-10
6.993050535054470138e-08,1.821333900905496143e-11,2.698219068648357290e-11,6.273592421608330765e-10
7.068598811190803219e-08,1.841010383343764803e-11,2.727368836522804423e-11,6.341368149818152844e-10
7.144963260755133171e-08,1.860899469219056415e-11,2.756833566015579919e-11,6.409876190289247257e-10
7.222152701143366221e-08,1.881003393411570505e-11,2.786616568278220620e-11,6.479124243582380602e-10
7.300176045008776194e-08,1.901324599016958255e-11,2.816721462627487449e-11,6.549120723675069086e-10
7.379042301291003960e-08,1.921865244294881691e-11,2.847151445978308435e-11,6.619873063664613182e-10
7.458760576256290662e-08,1.942627831782036687e-11,2.877910226232120430e-11,6.691389885314549484e-10
7.539340074548936763e-08,1.963614783099708332e-11,2.909001391239313476e-11,6.763679529361893364e-10
7.620790100254107378e-08,1.984828370407594785e-11,2.940428306191496696e-11,6.836749821147528242e-10
7.703120057972130775e-08,2.006271134380865915e-11,2.972194735424361413e-11,6.910609513725374640e-10
7.786339453904391968e-08,2.027945645587007881e-11,3.004304487052895427e-11,6.985267460515972383e-10
7.870457896950966979e-08,2.049854250572922644e-11,3.036761037769112418e-11,7.060731743473224452e-10
7.955485099820108945e-08,2.071999599962532099e-11,3.069568314028920225e-11,7.137011494874104236e-10
8.041430880149725030e-08,2.094384100774553015e-11,3.102729881451033101e-11,7.214115003916013187e-10
8.128305161640965918e-08,2.117010523030380921e-11,3.136249843660710741e-11,7.292051811395175408e-10
8.216117975204089333e-08,2.139881288523095980e-11,3.170131788850368801e-11,7.370830261303741896e-10
8.304879460116564515e-08,2.162999200086925611e-11,3.204379869554952808e-11,7.450460007282562152e-10
8.394599865193969534e-08,2.186366891853478224e-11,3.238997987262489911e-11,7.530950121388639845e-10
8.485289549973253972e-08,2.209986933531266227e-11,3.273989949403917332e-11,7.612309455957469936e-10
8.576958985908930759e-08,2.233862247695580172e-11,3.309360084999481230e-11,7.694548077489332094e-10
8.669618757582153499e-08,2.257995457998538680e-11,3.345112282198202766e-11,7.777675023319807821e-10
8.763279563922865902e-08,2.282389327246150980e-11,3.381250632996466289e-11,7.861699811459185308e-10
8.857952219445150371e-08,2.307046826116287481e-11,3.417779538239929516e-11,7.946632671706942814e-10
8.953647655495917348e-08,2.331970676699559572e-11,3.454703030754517424e-11,8.032482981017586005e-10
9.050376921517098231e-08,2.357163812566133458e-11,3.492025457003791454e-11,8.119260846038042064e-10
9.148151186321455664e-08,2.382629089291278877e-11,3.529751046478496101e-11,8.206976100526549804e-10
9.246981739382196489e-08,2.408369507788773320e-11,3.567884245513719436e-11,8.295639081701988571e-10
9.346879992136498546e-08,2.434387942531327803e-11,3.606429311988345351e-11,8.385259691137878871e-10
9.447857479303168357e-08,2.460687527401992947e-11,3.645390889244309632e-11,8.475848723941878061e-10
9.549925860214355592e-08,2.487271198376064369e-11,3.684773326481377969e-11,8.567416292728657485e-10
9.653096920161996645e-08,2.514142095693004593e-11,3.724581275592129686e-11,8.659973213221720688e-10
9.757382571758464530e-08,2.541303320251238243e-11,3.764819331008813444e-11,8.753530168226621543e-10
9.862794856312092163e-08,2.568757906636348453e-11,3.805491987634176239e-11,8.848097607806867900e-10
9.969345945217510761e-08,2.596509125308352283e-11,3.846604090605360788e-11,8.943686799064473172e-10
1.007704814136102309e-07,2.624560185568272982e-11,3.888160395106729170e-11,9.040308796432729025e-10
1.018591388054114787e-07,2.652914221642751641e-11,3.930165543454139685e-11,9.137974395019292817e-10
1.029595573290451531e-07,2.681574637304667624e-11,3.972624578475632054e-11,9.236695319272429923e-10
1.040718640439727924e-07,2.710544616257600852e-11,4.015542217048683614e-11,9.336482536279352095e-10
1.051961873823219803e-07,2.739827632194966139e-11,4.058923604609066260e-11,9.437348009198112826e-10
1.063326571637157753e-07,2.769426968976785289e-11,4.102773606473443534e-11,9.539303052330157933e-10
1.074814046102622819e-07,2.799346074870824537e-11,4.147097330796780072e-11,9.642359539859897321e-10
1.086425623617065222e-07,2.829588464801281434e-11,4.191899985263539594e-11,9.746529581968911168e-10
1.098162644907441289e-07,2.860157544774370331e-11,4.237186615437969301e-11,9.851824907988166218e-10
1.110026465185043144e-07,2.891056808755307585e-11,4.282962396854111133e-11,9.958257554858741815e-10
1.122018454301962231e-07,2.922289947242706552e-11,4.329232798162096407e-11,1.006584023387687150e-09
1.134139996909262527e-07,2.953860506599235762e-11,4.376003071851766675e-11,1.017458516047345302e-09
1.146392492616859073e-07,2.985772194159411230e-11,4.423278710857083366e-11,1.028450510562216565e-09
1.158777356155123783e-07,3.018028572091035644e-11,4.471064991951718143e-11,1.039561233737856695e-09
1.171296017538235880e-07,3.050633453897888334e-11,4.519367565059464760e-11,1.050791999183380689e-09
1.183949922229298931e-07,3.083590510665755510e-11,4.568191868390159524e-11,1.062144071518144792e-09
1.196740531307240213e-07,3.116903675811276326e-11,4.617543729378974308e-11,1.073618805474450546e-09
1.209669321635515986e-07,3.150576735866427489e-11,4.667428757590659929e-11,1.085217505438534819e-09
1.222737786032629156e-07,3.184613539381153591e-11,4.717852653910849646e-11,1.096941496900749667e-09
1.235947433444508285e-07,3.219018117523407226e-11,4.768821391135669730e-11,1.108792168609541447e-09
1.249299789118730487e-07,3.253794345643141828e-11,4.820340710167768831e-11,1.120770855278140548e-09
1.262796394780635729e-07,3.288946270713442535e-11,4.872416605692922749e-11,1.132878950863207013e-09
1.276438808811342715e-07,3.324477950702270781e-11,4.925055090182246884e-11,1.145117853173308443e-09
1.290228606427678799e-07,3.360393520713508139e-11,4.978262289659413576e-11,1.157488986654854668e-09
1.304167379864075283e-07,3.396697100904879002e-11,5.032044307574395057e-11,1.169993770437538066e-09
1.318256738556404799e-07,3.433392839952065407e-11,5.086407289788360169e-11,1.182633633416450647e-09
1.332498309327817163e-07,3.470485050079519096e-11,5.141357625000777560e-11,1.195410061017503466e-09
1.346893736576579522e-07,3.507978006919373477e-11,5.196901647871043275e-11,1.208324526134342569e-09
1.361444682465946456e-07,3.545875977170423307e-11,5.253045678009419308e-11,1.221378498134220419e-09
1.376152827116080713e-07,3.584183340057143408e-11,5.309796204328928487e-11,1.234573485662999449e-09
1.391019868798051013e-07,3.622904673914326208e-11,5.367160008516654821e-11,1.247911065670092990e-09
1.406047524129911441e-07,3.662044260215131795e-11,5.425143433782639836e-11,1.261392712947975957e-09
1.421237528274926214e-07,3.701606621117413333e-11,5.483753179385757479e-11,1.275019985023765150e-09
1.436591635141908595e-07,3.741596446279075216e-11,5.542996192895594536e-11,1.288794497474457985e-09
1.452111617587741167e-07,3.782018290842595633e-11,5.602879222480710140e-11,1.302717819057382231e-09
1.467799267622067974e-07,3.822876890678716259e-11,5.663409284115846504e-11,1.316791581245436803e-09
1.483656396614223336e-07,3.864176829447872923e-11,5.724593168038733763e-11,1.331017362832610986e-09
1.499684835502371173e-07,3.905923006741371436e-11,5.786438133062415226e-11,1.345396851442856266e-09
1.515886435004915427e-07,3.948120115996605225e-11,5.848951132570915673e-11,1.359931663792467215e-09
1.532263065834193501e-07,3.990773155415168262e-11,5.912139570396207844e-11,1.374623521358783454e-09
1.548816618912477606e-07,4.033886956557576075e-11,5.976010604795754612e-11,1.389474088708561354e-09
1.565549005590308355e-07,4.077466523294654890e-11,6.040571648836227360e-11,1.404485089109464200e-09
1.582462157867191841e-07,4.121516959138287599e-11,6.105830262997400378e-11,1.419658280550578888e-09
1.599558028614666297e-07,4.166043213672105037e-11,6.171793779627860469e-11,1.434995367962317241e-09
1.616838591801806088e-07,4.211050565982404606e-11,6.238470019146973976e-11,1.450498169662239637e-09
1.634305842723134188e-07,4.256544174899037621e-11,6.305866625146782290e-11,1.466168462736216562e-09
1.651961798229011174e-07,4.302529163862098691e-11,6.373991187179254199e-11,1.482008011846358696e-09
1.669808496958513169e-07,4.349011038727188978e-11,6.442851861875093907e-11,1.498018713433430273e-09
1.687847999574810915e-07,4.395995010721612612e-11,6.512456369440116163e-11,1.514202362757796764e-09
1.706082389003121183e-07,4.443486616795851909e-11,6.582812912336480492e-11,1.530560866785154158e-09
1.724513770671198747e-07,4.491491289964460210e-11,6.653929539798797120e-11,1.547096096837486645e-09
1.743144272752442782e-07,4.540014574221513319e-11,6.725814464892025371e-11,1.563809962918615003e-09
1.761976046411625093e-07,4.589062093445727058e-11,6.798476018680015765e-11,1.580704401887210590e-09
1.781011266053273791e-07,4.638639455367095205e-11,6.871922509310890513e-11,1.597781345393731905e-09
1.800252129572740211e-07,4.688752441400280890e-11,6.946162501452106467e-11,1.615042784874588187e-09
1.819700858609981100e-07,4.739406849967646592e-11,7.021204585765078647e-11,1.632490717571177812e-09
1.839359698806067195e-07,4.790608455268469463e-11,7.097057314946359072e-11,1.650127132315802970e-09
1.859230920062494417e-07,4.842363201579003988e-11,7.173729496159680723e-11,1.667954076804430887e-09
1.879316816803264333e-07,4.894677101206294292e-11,7.251230036782324300e-11,1.685973621952979957e-09
1.899619708239812774e-07,4.947556161303539406e-11,7.329567835298904583e-11,1.704187836724289066e-09
1.920141938638799826e-07,5.001006485916274491e-11,7.408751934870936941e-11,1.722598823934585027e-09
1.940885877592775769e-07,5.055034309138795469e-11,7.488791571220450204e-11,1.741208730669909958e-09
1.961853920293806600e-07,5.109645750993566410e-11,7.569695810424686756e-11,1.760019665171713332e-09
1.983048487810020231e-07,5.164847293646757361e-11,7.651474255883383843e-11,1.779033860081795587e-09
2.004472027365157011e-07,5.220645064679809162e-11,7.734135984960636164e-11,1.798253426191460330e-09
2.026127012621138590e-07,5.277045698297400693e-11,7.817690826793191106e-11,1.817680648604409278e-09
2.048015943963688222e-07,5.334055703809300344e-11,7.902148423087675178e-11,1.837317769348078086e-09
2.070141348791036128e-07,5.391681570768859857e-11,7.987518388872701618e-11,1.857167023831130093e-09
2.092505781805749603e-07,5.449929948670506725e-11,8.073810575174667340e-11,1.877230702473985497e-09
2.115111825309695834e-07,5.508807695052325346e-11,8.161035140843171604e-11,1.897511167364252295e-09
2.137962089502227932e-07,5.568321476931825844e-11,8.249201962214520857e-11,1.918010714944346934e-09
2.161059212781556351e-07,5.628478234308656798e-11,8.338321321267590384e-11,1.938731735784296218e-09
2.184405862049398837e-07,5.689284815272181963e-11,8.428403362828922226e-11,1.959676588553818119e-09
2.208004733018897558e-07,5.750748464242660320e-11,8.519458819325339634e-11,1.980847768638236992e-09
2.231858550525901061e-07,5.812875957670969443e-11,8.611497729555393119e-11,2.002247610348022688e-09
2.255970068843572426e-07,5.875674819487714384e-11,8.704531239797093340e-11,2.023878705040683809e-09
2.280342072000413612e-07,5.939152014431013622e-11,8.798569668626077429e-11,2.045743452075108167e-09
2.304977374101722662e-07,6.003314970398106918e-11,8.893624019353581577e-11,2.067844409606443766e-09
2.329878819654522428e-07,6.068171122329826232e-11,8.989705306235670618e-11,2.090184138773710687e-09
2.355049283896003153e-07,6.133727995359342133e-11,9.086824678628586368e-11,2.112765231802454663e-09
2.380491673125511738e-07,6.199993057927494885e-11,9.184993199356055173e-11,2.135590260790645270e-09
2.406208925040112320e-07,6.266974065888042271e-11,9.284222359458070385e-11,2.158661897606094075e-09
2.432204009073810787e-07,6.334678647279312101e-11,9.384523458782218220e-11,2.181982769575535661e-09
2.458479926740402483e-07,6.403114691439717921e-11,9.485908185375339099e-11,2.205555594192901579e-09
2.485039711980045264e-07,6.472290091315367234e-11,9.588388232072637187e-11,2.229383090254177631e-09
2.511886431509578038e-07,6.542212844647270594e-11,9.691975446989017036e-11,2.253468012470321651e-09
2.539023185176597999e-07,6.612890951925158438e-11,9.796681682685716807e-11,2.277813116745840717e-09
2.566453106317412521e-07,6.684332676656795090e-11,9.902519180949311515e-11,2.302421249260943882e-09
2.594179362118809574e-07,6.756546171370421759e-11,1.000950001973602708e-10,2.327295218382038675e-09
2.622205153983762084e-07,6.829539832027686799e-11,1.011763663715523178e-10,2.352437915969708084e-09
2.650533717901073638e-07,6.903322087403075623e-11,1.022694151988395281e-10,2.377852245277500883e-09
2.679168324819024833e-07,6.977901463678793705e-11,1.033742729893409688e-10,2.403541143303849391e-09
2.708112281023049392e-07,7.053286501296024693e-11,1.044910662720722023e-10,2.429507551712878322e-09
2.737368928517498785e-07,7.129486034980663644e-11,1.056199259163558733e-10,2.455754513566119502e-09
2.766941645411507040e-07,7.206508704643157733e-11,1.067609799321791628e-10,2.482285005032112079e-09
2.796833846309071641e-07,7.284363560955623251e-11,1.079143623936462221e-10,2.509102143497935848e-09
2.827048982703299727e-07,7.363059499974742198e-11,1.090802050935493145e-10,2.536208993237742621e-09
2.857590543374939735e-07,7.442605602780335605e-11,1.102586425643071573e-10,2.563608682380552509e-09
2.888462054795215447e-07,7.523011122075351679e-11,1.114498118795899630e-10,2.591304397810545245e-09
2.919667081532991026e-07,7.604285279467861348e-11,1.126538496513331801e-10,2.619299315941220892e-09
2.951209226666380850e-07,7.686437487086503999e-11,1.138708953200253963e-10,2.647596678939776071e-09
2.983092132198759157e-07,7.769477230416357227e-11,1.151010894035364014e-10,2.676199753929430350e-09
3.015319479479285963e-07,7.853414073968162631e-11,1.163445735928844108e-10,2.705111835485028916e-09
3.047894989627975724e-07,7.938257695293724510e-11,1.176014912721152031e-10,2.734336257134515019e-09
3.080822423965352150e-07,8.024017995965431682e-11,1.188719891087220639e-10,2.763876429281233600e-09
3.114105584446750057e-07,8.110704750255629504e-11,1.201562119164184779e-10,2.793735718818244977e-09
3.147748314101311366e-07,8.198328059706001709e-11,1.214543093383219668e-10,2.823917605049220024e-09
3.181754497475696430e-07,8.286897981019755333e-11,1.227664303642807779e-10,2.854425552304214853e-09
3.216128061082646746e-07,8.376424829966845898e-11,1.240927278148319034e-10,2.885263113561421186e-09
3.250872973854336043e-07,8.466918792612059612e-11,1.254333525917476617e-10,2.916433797583466701e-09
3.285993247600651634e-07,8.558390470935700121e-11,1.267884617601048914e-10,2.947941256196096097e-09
3.321492937472394919e-07,8.650850336010338828e-11,1.281582104422740225e-10,2.979789096141455795e-09
3.357376142429541835e-07,8.744309122957344995e-11,1.295427576734003513e-10,3.011981015142672368e-09
3.393647005714506112e-07,8.838777526182694249e-11,1.309422618866638122e-10,3.044520696871546638e-09
3.430309715330541361e-07,8.934266557741180349e-11,1.323568862215190403e-10,3.077411934589371891e-09
3.467368504525308478e-07,9.030787198936303462e-11,1.337867933625263672e-10,3.110658510652746285e-09
3.504827652279667651e-07,9.128350602694697393e-11,1.352321485286570817e-10,3.144264266607443470e-09
3.542691483801745802e-07,9.226967998563532798e-11,1.366931180846689137e-10,3.178233070745584540e-09
3.580964371026355674e-07,9.326650866566984196e-11,1.381698720994586749e-10,3.212568877077805170e-09
3.619650733119771361e-07,9.427410627116383432e-11,1.396625797629169587e-10,3.247275619487166537e-09
3.658755036990025416e-07,9.529259006418035927e-11,1.411714147933556375e-10,3.282357337160296366e-09
3.698281797802653986e-07,9.632207669347453692e-11,1.426965499992980026e-10,3.317818048016951759e-09
3.738235579502044526e-07,9.736268563898190711e-11,1.442381623825033819e-10,3.353661867468136665e-09
3.778620995338415761e-07,9.841453643389444369e-11,1.457964290302375130e-10,3.389892912932187460e-09
3.819442708400461121e-07,9.947775115912286284e-11,1.473715307954699670e-10,3.426515389444783770e-09
3.860705432153807583e-07,1.005524519849112414e-10,1.489636486748211114e-10,3.463533505188233357e-09
3.902413930985230109e-07,1.016387635501967812e-10,1.505729673040655867e-10,3.500951553358080804e-09
3.944573020752775717e-07,1.027368113425835712e-10,1.521996725947341425e-10,3.538773856391819145e-09
3.987187569341826320e-07,1.038467212104450837e-10,1.538439509816570324e-10,3.577004749096449749e-09
4.030262497227163851e-07,1.049686227988226573e-10,1.555059945294086869e-10,3.615648697081086019e-09
4.073802778041115491e-07,1.061026450758856229e-10,1.571859943004281500e-10,3.654710142734890602e-09
4.117813439147837775e-07,1.072489177468035432e-10,1.588841424379557625e-10,3.694193553674309329e-09
4.162299562223769741e-07,1.084075753218500758e-10,1.606006382233099302e-10,3.734103563256335754e-09
4.207266283844432473e-07,1.095787500092468713e-10,1.623356775107107298e-10,3.774444725249948652e-09
4.252718796077491928e-07,1.107625777056526412e-10,1.640894616267906206e-10,3.815221720699845871e-09
4.298662347082266087e-07,1.119591943936235690e-10,1.658621920213114377e-10,3.856439233471841283e-09
4.345102241715710859e-07,1.131687392837425158e-10,1.676540749289755237e-10,3.898102058703063193e-09
4.392043842144912250e-07,1.143913519147206229e-10,1.694653170735821505e-10,3.940215002869350501e-09
4.439492568466273270e-07,1.156271726172436739e-10,1.712961263383979524e-10,3.982782899572659746e-09
4.487453899331312994e-07,1.168763443401521233e-10,1.731467145023630914e-10,4.025810672744896772e-09
4.535933372579265175e-07,1.181390122604666026e-10,1.750172966381260504e-10,4.069303322976364075e-09
4.584936585876501832e-07,1.194153209247204055e-10,1.769080868846048670e-10,4.113265829319228741e-09
4.634469197362867557e-07,1.207054183273709645e-10,1.788193044871624592e-10,4.157703289258266936e-09
4.684536926305002387e-07,1.220094534421068294e-10,1.807511701447712763e-10,4.202620834240144246e-09
4.735145553756682333e-07,1.233275770859760859e-10,1.827039072823491968e-10,4.248023659295135564e-09
4.786300923226374516e-07,1.246599408765911640e-10,1.846777405184840618e-10,4.293916986742384519e-09
4.838008941351925909e-07,1.260066992713346284e-10,1.866728986718402480e-10,4.340306136989056415e-09
4.890275578582578388e-07,1.273680071364610601e-10,1.886896111664677314e-10,4.387196444276634372e-09
4.943106869868349783e-07,1.287440219752770139e-10,1.907281113426116684e-10,4.434593333936085419e-09
4.996508915356830185e-07,1.301349032890641721e-10,1.927886354921996139e-10,4.482502300090199588e-09
5.050487881097578777e-07,1.315408101083860520e-10,1.948714192060063006e-10,4.530928820206332245e-09
5.105049999754053968e-07,1.329619069406284341e-10,1.969767061979186776e-10,4.579878561092103716e-09
5.160201571323270586e-07,1.343983556406634395e-10,1.991047362485271741e-10,4.629357097651864335e-09
5.215948963863232830e-07,1.358503237205701247e-10,2.012557575180538454e-10,4.679370199935218321e-09
5.272298614228213926e-07,1.373179781409658515e-10,2.034300173492790742e-10,4.729923618840732981e-09
5.329257028811989423e-07,1.388014889925714802e-10,2.056277677296932692e-10,4.781023213228903376e-09
5.386830784299102475e-07,1.403010266598772660e-10,2.078492610674785944e-10,4.832674851996886704e-09
5.445026528424203469e-07,1.418167645131692818e-10,2.100947542034712436e-10,4.884884506741301111e-09
5.503850980739683163e-07,1.433488779550675102e-10,2.123645069951747207e-10,4.937658219478150796e-09
5.563310933391507219e-07,1.448975441903208068e-10,2.146587819576328881e-10,4.991002093745464545e-09
5.623413251903487185e-07,1.464629407621139603e-10,2.169778421155079578e-10,5.044922245179516349e-09
5.684164875969966751e-07,1.480452502403513437e-10,2.193219579325227717e-10,5.099424962426925091e-09
5.745572820257169972e-07,1.496446535233727129e-10,2.216913974029740741e-10,5.154516476518446987e-09
5.807644175213111942e-07,1.512613371272118924e-10,2.240864368392255088e-10,5.210203211894018701e-09
5.870386107886296364e-07,1.528954858533893209e-10,2.265073500294904204e-10,5.266491534238417696e-09
5.933805862753266749e-07,1.545472898823246381e-10,2.289544186969802639e-10,5.323387994182255471e-09
5.997910762555080030e-07,1.562169388086167743e-10,2.314279237303635088e-10,5.380899122445576963e-09
6.062708209142825443e-07,1.579046265268916262e-10,2.339281523731475912e-10,5.439031597585739459e-09
6.128205684332280770e-07,1.596105480054934211e-10,2.364553934558394866e-10,5.497792135377125697e-09
6.194410750767805475e-07,1.613348982728946360e-10,2.390099359081337338e-10,5.557187453547199377e-09
6.261331052795514149e-07,1.630778789613646595e-10,2.415920784382417493e-10,5.617224497357253434e-09
6.328974317345999191e-07,1.648396900436339178e-10,2.442021172986298770e-10,5.677910154995241083e-09
6.397348354826466139e-07,1.666205346002030798e-10,2.468403533420112023e-10,5.739251421363240514e-09
6.466461060022591887e-07,1.684206189584969369e-10,2.495070922265608419e-10,5.801255403502680241e-09
6.536320413010041188e-07,1.702401505832226071e-10,2.522026413103221689e-10,5.863929247570841240e-09
6.606934480075950626e-07,1.720793398870882652e-10,2.549273123019063620e-10,5.927280201176664308e-09
6.678311414650263572e-07,1.739383998803412704e-10,2.576814207713955533e-10,5.991315601553765506e-09
6.750459458247161776e-07,1.758175439202548234e-10,2.604652827950701173e-10,6.056042797816998574e-09
6.823386941416681478e-07,1.777169901966933800e-10,2.632792216146503872e-10,6.121469305418538979e-09
6.897102284706587075e-07,1.796369568634444046e-10,2.661235604068717848e-10,6.187602638671262341e-09
6.971613999634654838e-07,1.815776667660148631e-10,2.689986293121145856e-10,6.254450473668181511e-09
7.046930689671448175e-07,1.835393431020913379e-10,2.719047589872178624e-10,6.322020498275040777e-09
7.123061051233727406e-07,1.855222132474130048e-10,2.748422862762671503e-10,6.390320544559996330e-09
7.200013874688531087e-07,1.875265049608216658e-10,2.778115485911106426e-10,6.459358457557487108e-09
7.277798045368225355e-07,1.895524508887248791e-10,2.808128905945430820e-10,6.529142251026372270e-09
7.356422544596409056e-07,1.916002846275560800e-10,2.838466583414039899e-10,6.599679971005580902e-09
7.435896450724900186e-07,1.936702422544674969e-10,2.869132015667303121e-10,6.670979749252561230e-09
7.516228940182046099e-07,1.957625631759969870e-10,2.900128749444112923e-10,6.743049832105455965e-09
7.597429288532216671e-07,1.978774892450422114e-10,2.931460367703889537e-10,6.815898550210368118e-09
7.679506871546827696e-07,2.000152643382449874e-10,2.963130483299106838e-10,6.889534303873255450e-09
7.762471166286901937e-07,2.021761352939917431e-10,2.995142753066754550e-10,6.963965595557014548e-09
7.846331752197339340e-07,2.043603512630286052e-10,3.027500868046398110e-10,7.039201007204052190e-09
7.931098312213006537e-07,2.065681654401542401e-10,3.060208579166317339e-10,7.115249260022234846e-09
8.016780633876768460e-07,2.087998323670395529e-10,3.093269657363300530e-10,7.192119121876342158e-09
8.103388610469606048e-07,2.110556090677921407e-10,3.126687910376107630e-10,7.269819445915652062e-09
8.190932242152958763e-07,2.133357573252390772e-10,3.160467216298203048e-10,7.348359249239664075e-09
8.279421637123325788e-07,2.156405390940023289e-10,3.194611455925053204e-10,7.427747554807118112e-09
8.368867012779495426e-07,2.179702217557056576e-10,3.229124590428182586e-10,7.507993572801182855e-09
8.459278696902253418e-07,2.203250730269728566e-10,3.264010585767475546e-10,7.589106524526729229e-09
8.550667128846824273e-07,2.227053661029679850e-10,3.299273489304952245e-10,7.671095820249132016e-09
8.643042860748347389e-07,2.251113754552913607e-10,3.334917367179847816e-10,7.753970914286569023e-09
8.736416558740205829e-07,2.275433779606723135e-10,3.370946321170482355e-10,7.837741343474850136e-09
8.830799004185611174e-07,2.300016559846880404e-10,3.407364534388906515e-10,7.922416834044305807e-09
8.926201094922465601e-07,2.324864927158134682e-10,3.444176202225895279e-10,8.008007140490671562e-09
9.022633846521678040e-07,2.349981750292426467e-10,3.481385574454323783e-10,8.094522143988630071e-09
9.120108393559073077e-07,2.375369923719396524e-10,3.518996939188154658e-10,8.181971814740764848e-09
9.218635990901042977e-07,2.401032397020498401e-10,3.557014666046093446e-10,8.270366312561180877e-09
9.318228015004101625e-07,2.426972117440774197e-10,3.595443121260791157e-10,8.359715789234658395e-09
9.418895965228397580e-07,2.453192083660667065e-10,3.634286747234039313e-10,8.450030573733739309e-09
9.520651465165583272e-07,2.479695325146271472e-10,3.673550031993866677e-10,8.541321101094068751e-09
9.623506263980863533e-07,2.506484906255231323e-10,3.713237515145789947e-10,8.633597926465713801e-09
9.727472237769643802e-07,2.533563916306992986e-10,3.753353773473527653e-10,8.726871691042770305e-09
9.832561390928725054e-07,2.560935485113067522e-10,3.793903443649511164e-10,8.821153175501806289e-09
9.938785857542500754e-07,2.588602772720873074e-10,3.834891207014739179e-10,8.916453264575155615e-09
1.004615790278393452e-06,2.616568968005015264e-10,3.876321787834443557e-10,9.012782942439475402e-09
1.015468992433078228e-06,2.644837305159603391e-10,3.918199977376707931e-10,9.110153349083819977e-09
1.026439445379708006e-06,2.673411051999011609e-10,3.960530616776972058e-10,9.208575740759753508e-09
1.037528415818010073e-06,2.702293507415318567e-10,4.003318593138940746e-10,9.308061480324464684e-09
1.048737184132294908e-06,2.731487999488559529e-10,4.046568836900985535e-10,9.408622031598534670e-09
1.060067044539295408e-06,2.760997912406992676e-10,4.090286361545334647e-10,9.510269051214947360e-09
1.071519305237604675e-06,2.790826646284266054e-10,4.134476204222401344e-10,9.613014250926947061e-09
1.083095288558719354e-06,2.820977639011733351e-10,4.179143457969609925e-10,9.716869472693120251e-09
1.094796331119733627e-06,2.851454387406406752e-10,4.224293303143565208e-10,9.821846761049855972e-09
1.106623783977665654e-06,2.882260398060429335e-10,4.269930934602766246e-10,9.927958194766700775e-09
1.118579012785450546e-06,2.913399237092887505e-10,4.316061635414158298e-10,1.003521605714408804e-08
1.130663397949637571e-06,2.944874496632618526e-10,4.362690727088383803e-10,1.014363272126987751e-08
1.142878334789769992e-06,2.976689810348473787e-10,4.409823592803334064e-10,1.025322070362056633e-08
1.155225233699497087e-06,3.008848858225216678e-10,4.457465684176255727e-10,1.036399267957741230e-08
1.167705520309425126e-06,3.041355343800693966e-10,4.505622487916243038e-10,1.047596140611702039e-08
1.180320635651726788e-06,3.074213033094568936e-10,4.554299583181954819e-10,1.058913985543457047e-08
1.193072036326530410e-06,3.107425712707535551e-10,4.603502579606547913e-10,1.070354107019888487e-08
1.205961194670104941e-06,3.140997221603382221e-10,4.653237164463030264e-10,1.081917827400995014e-08
1.218989598924862632e-06,3.174931431850779580e-10,4.703509074002499735e-10,1.093606480418042053e-08
1.232158753411201905e-06,3.209232264686105895e-10,4.754324117395952225e-10,1.105421416728988850e-08
1.245470178701192937e-06,3.243903687077549734e-10,4.805688171501282243e-10,1.117364002773766787e-08
1.258925411794164420e-06,3.278949702104592574e-10,4.857607166669217209e-10,1.129435617399791110e-08
1.272526006294165004e-06,3.314374342824929842e-10,4.910087077679630136e-10,1.141637649800376208e-08
1.286273532589344128e-06,3.350181716030641498e-10,4.963133988589632440e-10,1.153971514575153466e-08
1.300169578033288639e-06,3.386375954970223997e-10,5.016754022515678950e-10,1.166438635394726055e-08
1.314215747128297648e-06,3.422961232834495809e-10,5.070953361984101086e-10,1.179040449753164169e-08
1.328413661710648534e-06,3.459941776671984405e-10,5.125738269042220876e-10,1.191778413622845139e-08
1.342764961137860896e-06,3.497321865774053605e-10,5.181115083343013218e-10,1.204654001036712829e-08
1.357271302477984916e-06,3.535105805905666335e-10,5.237090183632996205e-10,1.217668695098682225e-08
1.371934360700933810e-06,3.573297963681548848e-10,5.293670038782480667e-10,1.230823999892003846e-08
1.386755828871884330e-06,3.611902754196954736e-10,5.350861189624001945e-10,1.244121436204188363e-08
1.401737418346767726e-06,3.650924628349200398e-10,5.408670229935682663e-10,1.257562537148851956e-08
1.416880858969861785e-06,3.690368104104342049e-10,5.467103852854135272e-10,1.271148858945632648e-08
1.432187899273540466e-06,3.730237720009468127e-10,5.526168782024673130e-10,1.284881964883233963e-08
1.447660306680158701e-06,3.770538095114769223e-10,5.585871860356993036e-10,1.298763446005797395e-08
1.463299867706132062e-06,3.811273878483009929e-10,5.646219975224147501e-10,1.312794903687087811e-08
1.479108388168205805e-06,3.852449774099792780e-10,5.707220095298712057e-10,1.326977958207770590e-08
1.495087693391977862e-06,3.894070542127661256e-10,5.768879272570744056e-10,1.341314249216555056e-08
1.511239628422650593e-06,3.936140981279940235e-10,5.831204616148604871e-10,1.355805429632245143e-08
1.527566058238069522e-06,3.978665949590742801e-10,5.894203322904469233e-10,1.370453172799606902e-08
1.544068867964063044e-06,4.021650365531637702e-10,5.957882679355467331e-10,1.385259172885410348e-08
1.560749963092107231e-06,4.065099195333182752e-10,6.022250042749661405e-10,1.400225140521975549e-08
1.577611269699344124e-06,4.109017449153897793e-10,6.087312835354212652e-10,1.415352801456292725e-08
1.594654734670973836e-06,4.153410197813093479e-10,6.153078569389060585e-10,1.430643902333308773e-08
1.611882325925055397e-06,4.198282585263178099e-10,6.219554865359507742e-10,1.446100214987278238e-08
1.629296032639719321e-06,4.243639770368360948e-10,6.286749365797314629e-10,1.461723516379291492e-08
1.646897865482864732e-06,4.289487008558779912e-10,6.354669856508839076e-10,1.477515616770453801e-08
1.664689856844312879e-06,4.335829584400991494e-10,6.423324166293081973e-10,1.493478336420555712e-08
1.682674061070465762e-06,4.382672856848755415e-10,6.492720234081339213e-10,1.509613521212713786e-08
1.700852554701529985e-06,4.430022225382255626e-10,6.562866059035650433e-10,1.525923031010842185e-08
1.719227436711270493e-06,4.477883172544521722e-10,6.633769763276318169e-10,1.542408754275202869e-08
1.737800828749372321e-06,4.526261220906802327e-10,6.705439528230918060e-10,1.559072593267824400e-08
1.756574875386414592e-06,4.575161955504981016e-10,6.777883627776589805e-10,1.575916471723764682e-08
1.775551744361494247e-06,4.624591026347781794e-10,6.851110432241743610e-10,1.592942335838503890e-08
1.794733626832521740e-06,4.674554139002408383e-10,6.925128394109379635e-10,1.610152150860902667e-08
1.814122737629223636e-06,4.725057072375320881e-10,6.999946074592494431e-10,1.627547907348484856e-08
1.833721315508876686e-06,4.776105640986062960e-10,7.075572087541850008e-10,1.645131608130626679e-08
1.853531623414808088e-06,4.827705763788318670e-10,7.152015201643276178e-10,1.662905291957103857e-08
1.873555948737673604e-06,4.879863386037571958e-10,7.229284224539341651e-10,1.680871006708339679e-08
1.893796603579588266e-06,4.932584532221130550e-10,7.307388081153249895e-10,1.699030827504801008e-08
1.914255925021084058e-06,4.985875293001704502e-10,7.386335794603808546e-10,1.717386852280013995e-08
1.934936275390950467e-06,5.039741830165104314e-10,7.466136493182748535e-10,1.735941203462385057e-08
1.955840042539017214e-06,5.094190359011261413e-10,7.546799384600186889e-10,1.754696021915226076e-08
1.976969640111857336e-06,5.149227160500126402e-10,7.628333773838372095e-10,1.773653471119601616e-08
1.998327507831478389e-06,5.204858604186295860e-10,7.710749097046435399e-10,1.792815745078877779e-08
2.019916111777025276e-06,5.261091109754123312e-10,7.794054864661509054e-10,1.812185055026926673e-08
2.041737944669524352e-06,5.317931172649526606e-10,7.878260699407787549e-10,1.831763638358044057e-08
2.063795526159706065e-06,5.375385364681267577e-10,7.963376337151589385e-10,1.851553758719176666e-08
2.086091403118934935e-06,5.433460303097866734e-10,8.049411580898895338e-10,1.871557695409037863e-08
2.108628149933286271e-06,5.492162715474546675e-10,8.136376397315019574e-10,1.891777765762576201e-08
2.131408368800782733e-06,5.551499369225772383e-10,8.224280812030518451e-10,1.912216300824276856e-08
2.154434690031879272e-06,5.611477124689884463e-10,8.313134988272921651e-10,1.932875663614887049e-08
2.177709772353157473e-06,5.672102896595499321e-10,8.402949169851027507e-10,1.953758235937272829e-08
2.201236303214305548e-06,5.733383710135369441e-10,8.493733764301375572e-10,1.974866437608835511e-08
2.225016999098446213e-06,5.795326630461748312e-10,8.585499238262558101e-10,1.996202702227040434e-08
2.249054605835777747e-06,5.857938802920759407e-10,8.678256177295532281e-10,2.017769491020011380e-08
2.273351898920626043e-06,5.921227471623430185e-10,8.772015313108866995e-10,2.039569299210315902e-08
2.297911683831915293e-06,5.985199946753119594e-10,8.866787475469920650e-10,2.061604644806456267e-08
2.322736796357101338e-06,6.049863614752949386e-10,8.962583607014559828e-10,2.083878072053309782e-08
2.347830102919606227e-06,6.115225939700174008e-10,9.059414765401918246e-10,2.106392151969227758e-08
2.373194500909786603e-06,6.181294471930275715e-10,9.157292136106162807e-10,2.129149485270228486e-08
2.398832919019482917e-06,6.248076855029026127e-10,9.256227042779872428e-10,2.152152704795072426e-08
2.424748317580181239e-06,6.315580785941700153e-10,9.356230887946773210e-10,2.175404461736047802e-08
2.450943688904811804e-06,6.383814070961042876e-10,9.457315236353410731e-10,2.198907445001589905e-08
2.477422057633280010e-06,6.452784587279566228e-10,9.559491757714050005e-10,2.222664367870232436e-08
2.504186481081693442e-06,6.522500307624940814e-10,9.662772263170603819e-10,2.246677976578735779e-08
2.531240049595360737e-06,6.592969277548706844e-10,9.767168671842534434e-10,2.270951042395837552e-08
2.558585886905642329e-06,6.664199644854743335e-10,9.872693054332506828e-10,2.295486371843370073e-08
2.586227150490614959e-06,6.736199630909519793e-10,9.979357590212611863e-10,2.320286796784380069e-08
2.614167031939652021e-06,6.808977549780043616e-10,1.008717459634407742e-09,2.345355180982222600e-08
2.642408757321940917e-06,6.882541811394895650e-10,1.019615653163143728e-09,2.370694421250707397e-08
2.670955587558978498e-06,6.956900914294478090e-10,1.030631598624872285e-09,2.396307444925946389e-08
2.699810818801092880e-06,7.032063449685377177e-10,1.041766568769330853e-09,2.422197211233508553e-08
2.728977782808032715e-06,7.108038095238563113e-10,1.053021849151702624e-09,2.448366709205135762e-08
2.758459847333667526e-06,7.184833624950424182e-10,1.064398739593065123e-09,2.474818961053229739e-08
2.788260416514848683e-06,7.262458911221481963e-10,1.075898554501895670e-09,2.501557022876132379e-08
2.818382931264447928e-06,7.340922926058956849e-10,1.087522623038243356e-09,2.528583985086717477e-08
2.848830869668690798e-06,7.420234720409837245e-10,1.099272286056018282e-09,2.555902965289073266e-08
2.879607747388737481e-06,7.500403476833203610e-10,1.111148903901179909e-09,2.583517126404171703e-08
2.910717118066602182e-06,7.581438428309950137e-10,1.123153844399790778e-09,2.611429648746248466e-08
2.942162573735504165e-06,7.663348961886660560e-10,1.135288498204714550e-09,2.639643765699064395e-08
2.973947745234600913e-06,7.746144521336600170e-10,1.147554264355286236e-09,2.668162730155480734e-08
3.006076302628224975e-06,7.829834677664361244e-10,1.159952560756982695e-09,2.696989838860431652e-08
3.038551955629648194e-06,7.914429099402513443e-10,1.172484819755609730e-09,2.726128422140979303e-08
3.071378454029422028e-06,7.999937555222888935e-10,1.185152488527209794e-09,2.755581844812323762e-08
3.104559588128346921e-06,8.086369924158382027e-10,1.197957030613759610e-09,2.785353509725900619e-08
3.138099189175116007e-06,8.173736189864996813e-10,1.210899925040742164e-09,2.815446855751197272e-08
3.172001129808696707e-06,8.262046445810054257e-10,1.223982667103807048e-09,2.845865359571501486e-08
3.206269324505459513e-06,8.351310889826293535e-10,1.237206767561588595e-09,2.876612533855601617e-08
3.240907730031197546e-06,8.441539842459568302e-10,1.250573755361652703e-09,2.907691933502217729e-08
3.275920345897973352e-06,8.532743714808840990e-10,1.264085172855554567e-09,2.939107144626800134e-08
3.311311214825907713e-06,8.624933051663883371e-10,1.277742582204983192e-09,2.970861799383237148e-08
3.347084423210001949e-06,8.718118498537834001e-10,1.291547560487370928e-09,3.002959564625138874e-08
3.383244101591951787e-06,8.812310816767969678e-10,1.305501701943004053e-09,3.035404147092352284e-08
3.419794425137082393e-06,8.907520896881352844e-10,1.319606619958771657e-09,3.068199298033249464e-08
3.456739614116435053e-06,9.003759735419695825e-10,1.333863943606864562e-09,3.101348805218798080e-08
3.494083934394057185e-06,9.101038446947824059e-10,1.348275319474614226e-09,3.134856497060310148e-08
3.531831697919560464e-06,9.199368261322139591e-10,1.362842411195916226e-09,3.168726241676298920e-08
3.569987263225997051e-06,9.298760558564987909e-10,1.377566904673964690e-09,3.202961958925624811e-08
3.608555035933117862e-06,9.399226800627717827e-10,1.392450497940187759e-09,3.237567596889155115e-08
3.647539469256071761e-06,9.500778601276851205e-10,1.407494911521048476e-09,3.272547155919776946e-08
3.686945064519568109e-06,9.603427697129465609e-10,1.422701884138781815e-09,3.307904678708812387e-08
3.726776371677660651e-06,9.707185944320366785e-10,1.438073172215456276e-09,3.343644249097895307e-08
3.767037989839085818e-06,9.812065324308758011e-10,1.453610550762241225e-09,3.379769994113431999e-08
3.807734567798279121e-06,9.918077956969018486e-10,1.469315815267389358e-09,3.416286088453256619e-08
3.848870804572184393e-06,1.002523609409684955e-09,1.485190780783027653e-09,3.453196752235168641e-08
3.890451449942799996e-06,1.013355210595773390e-09,1.501237279903785411e-09,3.490506246418038844e-08
3.932481305005614440e-06,1.024303851891002560e-09,1.517457168345234136e-09,3.528218885697568957e-08
3.974965222723967004e-06,1.035370796601390479e-09,1.533852317638217193e-09,3.566339021547042987e-08
4.017908108489389673e-06,1.046557324832781229e-09,1.550424624199373471e-09,3.604871063283466091e-08
4.061314920688009601e-06,1.057864728041509986e-09,1.567176001255908869e-09,3.643819459345124842e-08
4.105190671273066304e-06,1.069294313075019013e-09,1.584108384844727823e-09,3.683188711153025314e-08
4.149540426343623203e-06,1.080847400361139242e-09,1.601223731117271456e-09,3.722983366953270609e-08
4.194369306729491311e-06,1.092525324535142806e-09,1.618524017262985943e-09,3.763208023884069398e-08
4.239682488582551399e-06,1.104329434058356943e-09,1.636011240968921693e-09,3.803867326722506341e-08
4.285485203974384872e-06,1.116261093812268365e-09,1.653687424243582942e-09,3.844965976814463034e-08
4.331782741500411546e-06,1.128321682681367504e-09,1.671554609832496075e-09,3.886508723730622177e-08
4.378580446890499608e-06,1.140512593384791409e-09,1.689614860989053508e-09,3.928500364696821371e-08
4.425883723626259510e-06,1.152835233809450207e-09,1.707870263424059487e-09,3.970945749183789821e-08
4.473698033564921003e-06,1.165291028310515913e-09,1.726322927258698545e-09,4.013849783388384081e-08
4.522028897569996604e-06,1.177881416491678649e-09,1.744974985187856026e-09,4.057217426007335692e-08
4.570881896148739952e-06,1.190607852279170885e-09,1.763828591142797810e-09,4.101053685139455821e-08
4.620262670096503256e-06,1.203471806431692743e-09,1.782885923974787775e-09,4.145363626786952240e-08
4.670176921148048034e-06,1.216474765868692534e-09,1.802149186493995528e-09,4.190152372658217919e-08
4.720630412635890455e-06,1.229618232194649042e-09,1.821620603246328576e-09,4.235425095030144086e-08
4.771628970155777017e-06,1.242903724281149098e-09,1.841302424364642766e-09,4.281187025661760932e-08
4.823178482239297310e-06,1.256332776983579728e-09,1.861196923673919252e-09,4.327443451361831989e-08
4.875284901033852421e-06,1.269906941565461052e-09,1.881306399289810519e-09,4.374199715475362545e-08
4.927954242989894273e-06,1.283627787725627119e-09,1.901633176648987402e-09,4.421461224822462441e-08
4.981192589555584963e-06,1.297496900383942045e-09,1.922179603734459440e-09,4.469233438679715997e-08
5.035006087879041289e-06,1.311515881098609059e-09,1.942948053179035000e-09,4.517521873603207460e-08
5.089400951518082290e-06,1.325686351361196292e-09,1.963940927142607092e-09,4.566332114832336012e-08
5.144383461157677162e-06,1.340009947894610473e-09,1.985160650348509388e-09,4.615669800057553639e-08
5.199959965335148613e-06,1.354488324800532454e-09,2.006609673278035641e-09,4.665540626852915791e-08
5.256136881173203643e-06,1.369123156835547917e-09,2.028290476996426443e-09,4.715950363911720641e-08
5.312920695120881545e-06,1.383916133293528839e-09,2.050205564113124336e-09,4.766904830012920105e-08
5.370317963702511449e-06,1.398868965451225980e-09,2.072357469801846575e-09,4.818409919649869177e-08
5.428335314274760723e-06,1.413983379210292193e-09,2.094748750910484363e-09,4.870471577710817072e-08
5.486979445791867406e-06,1.429261122506797430e-09,2.117381996909346553e-09,4.923095824939470232e-08
5.546257129579096490e-06,1.444703960476920335e-09,2.140259822777024643e-09,4.976288741388070030e-08
5.606175210114644499e-06,1.460313677343255260e-09,2.163384871743439489e-09,5.030056472792024422e-08
5.666740605819907680e-06,1.476092077117454421e-09,2.186759816370642522e-09,5.084405233081788791e-08
5.727960309858285737e-06,1.492040983122637595e-09,2.210387357827720811e-09,5.139341302695619322e-08
5.789841390942703236e-06,1.508162239147854396e-09,2.234270227594085600e-09,5.194871032577964244e-08
5.852390994151756345e-06,1.524457707041236637e-09,2.258411183909244971e-09,5.251000835868022511e-08
5.915616341754727998e-06,1.540929270066872411e-09,2.282813016739017979e-09,5.307737199460891873e-08
5.979524734045505394e-06,1.557578832353343185e-09,2.307478546961513662e-09,5.365086682152143861e-08
6.044123550185504828e-06,1.574408318003826350e-09,2.332410625040070289e-09,5.423055911502043634e-08
6.109420249055702984e-06,1.591419671236967593e-09,2.357612131248992542e-09,5.481651584399775162e-08
6.175422370117877161e-06,1.608614859097804269e-09,2.383085979661572875e-09,5.540880476324295300e-08
6.242137534285156094e-06,1.625995867709200817e-09,2.408835112629794585e-09,5.600749428481129992e-08
6.309573444801921168e-06,1.643564706535797736e-09,2.434862507077606278e-09,5.661265362472177577e-08
6.377737888133325687e-06,1.661323405681678279e-09,2.461171170509481355e-09,5.722435271007727838e-08
6.446638734864315319e-06,1.679274017556778806e-09,2.487764143469582957e-09,5.784266223619218794e-08
6.516283940608420755e-06,1.697418616681043228e-09,2.514644499257883437e-09,5.846765365981086908e-08
6.586681546926306496e-06,1.715759300270242452e-09,2.541815344805748691e-09,5.909939921983201935e-08
6.657839682254353589e-06,1.734298187875206581e-09,2.569279820121858250e-09,5.973797192396258651e-08
6.729766562843165360e-06,1.753037422550028734e-09,2.597041100039956026e-09,6.038344559000376902e-08
6.802470493706262100e-06,1.771979169778348621e-09,2.625102392618169389e-09,6.103589480792862969e-08
6.875959869579016381e-06,1.791125618495530444e-09,2.653466940664445189e-09,6.169539497568867317e-08
6.950243175887950131e-06,1.810478982445844386e-09,2.682138023727137984e-09,6.236202234592492037e-08
7.025328989730501028e-06,1.830041498354567861e-09,2.711118955416950768e-09,6.303585396254707097e-08
7.101225980865373425e-06,1.849815426427908660e-09,2.740413084114925887e-09,6.371696767841976311e-08
7.177942912713605081e-06,1.869803053103441902e-09,2.770023797069915222e-09,6.440544224997845644e-08
7.255488643370376825e-06,1.890006688957648318e-09,2.799954517289566024e-09,6.510135726512817451e-08
7.333872126627888684e-06,1.910428668491169270e-09,2.830208703229076010e-09,6.580479313575675258e-08
7.413102413009169534e-06,1.931071352941091175e-09,2.860789852946808140e-09,6.651583119468350239e-08
7.493188650813051479e-06,1.951937127741815972e-09,2.891701500348846378e-09,6.723455360842172716e-08
7.574140087170554614e-06,1.973028404200060914e-09,2.922947217668684239e-09,6.796104343436046010e-08
7.655966069112551725e-06,1.994347622288245022e-09,2.954530619609155095e-09,6.869538471733349950e-08
7.738676044649029723e-06,2.015897243975409909e-09,2.986455353468148496e-09,6.943766226018671783e-08
7.822279563860009630e-06,2.037679762218965868e-09,3.018725112429732114e-09,7.018796193263599980e-08
7.906786279998231860e-06,2.059697694013869602e-09,3.051343625306799479e-09,7.094637043272018570e-08
7.992205950603777038e-06,2.081953585063727211e-09,3.084314663436308596e-09,7.171297544733338935e-08
8.078548438630707911e-06,2.104450007581820559e-09,3.117642037440297441e-09,7.248786557638046359e-08
8.165823713585896676e-06,2.127189563460723171e-09,3.151329601880855675e-09,7.327113044198665226e-08
8.254041852680169859e-06,2.150174879111579954e-09,3.185381247673993347e-09,7.406286051125557537e-08
8.343213041991799549e-06,2.173408614711828863e-09,3.219800915736467880e-09,7.486314741369906129e-08
8.433347577642734007e-06,2.196893453423351189e-09,3.254592581047384304e-09,7.567208357112839008e-08
8.524455866987389768e-06,2.220632111744833798e-09,3.289760267970948895e-09,7.648976255327768822e-08
8.616548429814283079e-06,2.244627333670741178e-09,3.325308041603218223e-09,7.731627887717915910e-08
8.709635899560793729e-06,2.268881893321496258e-09,3.361240011664351198e-09,7.815172809743880890e-08
8.803729024540881703e-06,2.293398595007045105e-09,3.397560332618319071e-09,7.899620680856929453e-08
8.898838669186154778e-06,2.318180272797367786e-09,3.434273202995694309e-09,7.984981263023329934e-08
8.994975815300331097e-06,2.343229792522173030e-09,3.471382868389795977e-09,8.071264427587260427e-08
9.092151563327249177e-06,2.368550050245358799e-09,3.508893619178797695e-09,8.158480150062596420e-08
9.190377133632567680e-06,2.394143972335447959e-09,3.546809790635176868e-09,8.246638510322791756e-08
9.289663867799334486e-06,2.420014519018307502e-09,3.585135768192911729e-09,8.335749704861884365e-08
9.390023229937545377e-06,2.446164681356993849e-09,3.623875982970362547e-09,8.425824036426892398e-08
9.491466808007782086e-06,2.472597482433701294e-09,3.663034913518024446e-09,8.516871918005352851e-08
9.594006315159310909e-06,2.499315979170789786e-09,3.702617088527371847e-09,8.608903879194539490e-08
9.697653591082469057e-06,2.526323260166166589e-09,3.742627083598713516e-09,8.701930558665818355e-08
9.802420603375770750e-06,2.553622448675648759e-09,3.783069525687529467e-09,8.795962714472578153e-08
9.908319448927663598e-06,2.581216701836447757e-09,3.823949091945000742e-09,8.891011221386443986e-08
1.001536235531340451e-05,2.609109209983427329e-09,3.865270508698777305e-09,8.987087068531878292e-08
1.012356168220683831e-05,2.637303198020025505e-09,3.907038553484605591e-09,9.084201364079002777e-08
1.023292992280751951e-05,2.665801926449026284e-09,3.949258056588868982e-09,9.182365338845942184e-08
1.034347970528324328e-05,2.694608691362249236e-09,3.991933901010962659e-09,9.281590346233721877e-08
1.045522379422814323e-05,2.723726823559243572e-09,4.035071021170437612e-09,9.381887859166443370e-08
1.056817509213655416e-05,2.753159690000673426e-09,4.078674405054922329e-09,9.483269475169293170e-08
1.068234664089279896e-05,2.782910694437085140e-09,4.122749095164111245e-09,9.585746918446403271e-08
1.079775162327707775e-05,2.812983278269601924e-09,4.167300189768424264e-09,9.689332042918971725e-08
1.091440336448754367e-05,2.843380918692819011e-09,4.212332840159115952e-09,9.794036825790955523e-08
1.103231533367899924e-05,2.874107131203012139e-09,4.257852254379777443e-09,9.899873376191445703e-08
1.115150114551805732e-05,2.905165469788827088e-09,4.303863697499959514e-09,1.000685393584739150e-07
1.127197456175509194e-05,2.936559525311254720e-09,4.350372489200465283e-09,1.011499087347392876e-07
1.139374949281335347e-05,2.968292929774453817e-09,4.397384010121355920e-09,1.022429669952555406e-07
1.151683999939505314e-05,3.000369353056490938e-09,4.444903697018857787e-09,1.033478405489538693e-07
1.164126029410489148e-05,3.032792505245755485e-09,4.492937046206147584e-09,1.044646571899332840e-07
1.176702474309111854e-05,3.065566136173672965e-09,4.541489612879559972e-09,1.055935460812934246e-07
1.189414786770431580e-05,3.098694037196221666e-09,4.590567013752185886e-09,1.067346378162225499e-07
1.202264434617409621e-05,3.132180039436469979e-09,4.640174924447633222e-09,1.078880643576691251e-07
1.215252901530392052e-05,3.166028015808319264e-09,4.690319082503018370e-09,1.090539591084356377e-07
1.228381687218422821e-05,3.200241882986992002e-09,4.741005290289864205e-09,1.102324569783971203e-07
1.241652307592408796e-05,3.234825597768699663e-09,4.792239409610090267e-09,1.114236942594497593e-07
1.255066294940145902e-05,3.269783160156076024e-09,4.844027366275741239e-09,1.126278087317368204e-07
1.268625198103256690e-05,3.305118614378641767e-09,4.896375151617320187e-09,1.138449396987497334e-07
1.282330582656020331e-05,3.340836048817213405e-09,4.949288822377758065e-09,1.150752279849410740e-07
1.296184031086135039e-05,3.376939594200056459e-09,5.002774498030934882e-09,1.163188158731174474e-07
1.310187142977451876e-05,3.413433427817015818e-09,5.056838367037329036e-09,1.175758472501610109e-07
1.324341535194662328e-05,3.450321771098925117e-09,5.111486683239067424e-09,1.188464675233724905e-07
1.338648842069990628e-05,3.487608892199683283e-09,5.166725769700870790e-09,1.201308237092278587e-07
1.353110715591901184e-05,3.525299105283307148e-09,5.222562017656620184e-09,1.214290644092903324e-07
1.367728825595845649e-05,3.563396769396956179e-09,5.279001884819745444e-09,1.227413397708775245e-07
1.382504859957069140e-05,3.601906293394574533e-09,5.336051902702578332e-09,1.240678016570878891e-07
1.397440524785501164e-05,3.640832133346223827e-09,5.393718672758301925e-09,1.254086035572845992e-07
1.412537544622751938e-05,3.680178792020981104e-09,5.452008865614811797e-09,1.267639005693007078e-07
1.427797662641227978e-05,3.719950822980811195e-09,5.510929227169616862e-09,1.281338495407663568e-07
1.443222640845420505e-05,3.760152826517616439e-09,5.570486572529140794e-09,1.295186089285953552e-07
1.458814260275347338e-05,3.800789456708856106e-09,5.630687796484972753e-09,1.309183390426863249e-07
1.474574321212193522e-05,3.841865414497643739e-09,5.691539863259935514e-09,1.323332018070499869e-07
1.490504643386194221e-05,3.883385452865495467e-09,5.753049814172880810e-09,1.337633609381363836e-07
1.506607066186739714e-05,3.925354376504199452e-09,5.815224767139333634e-09,1.352089819334417830e-07
1.522883448874762130e-05,3.967777042470355636e-09,5.878071917659944947e-09,1.366702320946202110e-07
1.539335670797414935e-05,4.010658360254094600e-09,5.941598538905999818e-09,1.381472805287312364e-07
1.555965631605070573e-05,4.054003292141560509e-09,6.005811982270079830e-09,1.396402981620742693e-07
1.572775251470663206e-05,4.097816854565227222e-09,6.070719679356648411e-09,1.411494577854891535e-07
1.589766471311400604e-05,4.142104117806684022e-09,6.136329141540842618e-09,1.426749340450248544e-07
1.606941253012872124e-05,4.186870207647592164e-09,6.202647962431057651e-09,1.442169034981446480e-07
1.624301579655579197e-05,4.232120306132449628e-09,6.269683818973687093e-09,1.457755446403098529e-07
1.641849455743900200e-05,4.277859649288873906e-09,6.337444468091013396e-09,1.473510378266937098e-07
1.659586907437556768e-05,4.324093532016888756e-09,6.405937753925310751e-09,1.489435654400379543e-07
1.677515982785555832e-05,4.370827305400326652e-09,6.475171603854248249e-09,1.505533117984238454e-07
1.695638751962657157e-05,4.418066379519119616e-09,6.545154032646498866e-09,1.521804632521667531e-07
1.713957307508422984e-05,4.465816221934060671e-09,6.615893140241995327e-09,1.538252081314084825e-07
1.732473764568821637e-05,4.514082359638400017e-09,6.687397114604423574e-09,1.554877368132815605e-07
1.751190261140453896e-05,4.562870381342715573e-09,6.759674235148323028e-09,1.571682418011174044e-07
1.770108958317417351e-05,4.612185934006370134e-09,6.832732867574493449e-09,1.588669176043319144e-07
1.789232040540834865e-05,4.662034727323083537e-09,6.906581470518980231e-09,1.605839608933699551e-07
1.808561715851082343e-05,4.712422531485874096e-09,6.981228592245682059e-09,1.623195704225584948e-07
1.828100216142737182e-05,4.763355180710576698e-09,7.056682875865667840e-09,1.640739471512519837e-07
1.847849797422284658e-05,4.814838572009225772e-09,7.132953057521014818e-09,1.658472942023835115e-07
1.867812740068610370e-05,4.866878665150542527e-09,7.210047966326668526e-09,1.676398168599151324e-07
1.887991349096289592e-05,4.919481487069909418e-09,7.287976530892871930e-09,1.694517227216119830e-07
1.908387954421754163e-05,4.972653127189678552e-09,7.366747772412826511e-09,1.712832215378589271e-07
1.929004911132307777e-05,5.026399743464635256e-09,7.446370813599822085e-09,1.731345254191754222e-07
1.949844599758042874e-05,5.080727558693556708e-09,7.526854873231931033e-09,1.750058487098077633e-07
1.970909426546730274e-05,5.135642863979168655e-09,7.608209271282391740e-09,1.768974081069754141e-07
1.992201823741639885e-05,5.191152019197138612e-09,7.690443429593396005e-09,1.788094226763872731e-07
2.013724249862384303e-05,5.247261452475543517e-09,7.773566871137322454e-09,1.807421138350979133e-07
2.035479189988789029e-05,5.303977661868146094e-09,7.857589222465631219e-09,1.826957054082011109e-07
2.057469156047834027e-05,5.361307215840580183e-09,7.942520214444227496e-09,1.846704236468416313e-07
2.079696687103689664e-05,5.419256753296116587e-09,8.028369682294497979e-09,1.866664972276184672e-07
2.102164349650890741e-05,5.477832987556152138e-09,8.115147571479579381e-09,1.886841573911992395e-07
2.124874737910679092e-05,5.537042702577285276e-09,8.202863932101973340e-09,1.907236378105958012e-07
2.147830474130529692e-05,5.596892756574473015e-09,8.291528924283611830e-09,1.927851747171921780e-07
2.171034208886949679e-05,5.657390081931694605e-09,8.381152818022210642e-09,1.948690068968383701e-07
2.194488621391516109e-05,5.718541686081543969e-09,8.471745994487540803e-09,1.969753757203944135e-07
2.218196419800216789e-05,5.780354654192100094e-09,8.563318950026552738e-09,1.991045252367186096e-07
2.242160341526171791e-05,5.842836146943903959e-09,8.655882292832051931e-09,2.012567020949241678e-07
2.266383153555691262e-05,5.905993402031441062e-09,8.749446745210315314e-09,2.034321555976006151e-07
2.290867652767768800e-05,5.969833736173148121e-09,8.844023146525946893e-09,2.056311377690630524e-07
2.315616666257022246e-05,6.034364546941025749e-09,8.939622455931236280e-09,2.078539034184475060e-07
2.340633051660122906e-05,6.099593310128737517e-09,9.036255748453387599e-09,2.101007100493810845e-07
2.365919697485751818e-05,6.165527584151286018e-09,9.133934221523788589e-09,2.123718180115082320e-07
2.391479523448121001e-05,6.232175008433566607e-09,9.232669192587250181e-09,2.146674904446111176e-07
2.417315480804095958e-05,6.299543306677914451e-09,9.332472103934834047e-09,2.169879933915084600e-07
2.443430552693967540e-05,6.367640285089460486e-09,9.433354520087351279e-09,2.193335957369131952e-07
2.469827754485880606e-05,6.436473834628361427e-09,9.535328131130119523e-09,2.217045692846335475e-07
2.496510134124028943e-05,6.506051932499263356e-09,9.638404754898499889e-09,2.241011888095465213e-07
2.523480772480572723e-05,6.576382643386507376e-09,9.742596338841943496e-09,2.265237320994264260e-07
2.550742783711356087e-05,6.647474118153640384e-09,9.847914958081283362e-09,2.289724799107834901e-07
2.578299315615509220e-05,6.719334595827649308e-09,9.954372818329633218e-09,2.314477160366250936e-07
2.606153549998891221e-05,6.791972406002369948e-09,1.006198225949050075e-08,2.339497273896784234e-07
2.634308703041477763e-05,6.865395969582358089e-09,1.017075575672832642e-08,2.364788040279977078e-07
2.662768025668719993e-05,6.939613796083995208e-09,1.028070591648046538e-08,2.390352390614332775e-07
2.691534803926908873e-05,7.014634489354536643e-09,1.039184548493942339e-08,2.416193288494351987e-07
2.720612359362598170e-05,7.090466747264601415e-09,1.050418734757744305e-08,2.442313729899858618e-07
2.750004049406126066e-05,7.167119361780328013e-09,1.061774452928331283e-08,2.468716743222583672e-07
2.779713267759284181e-05,7.244601217973830644e-09,1.073253019285403634e-08,2.495405388921662401e-07
2.809743444787151626e-05,7.322921301314180076e-09,1.084855764984046715e-08,2.522382762042565760e-07
2.840098047914208943e-05,7.402088691700963115e-09,1.096584035167174024e-08,2.549651990151175935e-07
2.870780582024683828e-05,7.482112569875671856e-09,1.108439189918752935e-08,2.577216235553787699e-07
2.901794589867252963e-05,7.563002215446059714e-09,1.120422603966926427e-08,2.605078694608102693e-07
2.933143652464081686e-05,7.644767007707323325e-09,1.132535666810563120e-08,2.633242598011313277e-07
2.964831389524338017e-05,7.727416430469536044e-09,1.144779783429985580e-08,2.661711212456961443e-07
2.996861459862119396e-05,7.810960068121834082e-09,1.157156373706896182e-08,2.690487839286229422e-07
3.029237561818922222e-05,7.895407611528407713e-09,1.169666873296199339e-08,2.719575816514804305e-07
3.061963433690669786e-05,7.980768853687252275e-09,1.182312732984020007e-08,2.748978517338228048e-07
3.095042854159353487e-05,8.067053697447192534e-09,1.195095419829727938e-08,2.778699352789171649e-07
3.128479642729335773e-05,8.154272151396828127e-09,1.208016416557814840e-08,2.808741770323621224e-07
3.162277660168374787e-05,8.242434333403516621e-09,1.221077222082221006e-08,2.839109255036130469e-07
3.196440808953384603e-05,8.331550471336618885e-09,1.234279351612704287e-08,2.869805329914802985e-07
3.230973033721066244e-05,8.421630904053614184e-09,1.247624336800886113e-08,2.900833556174402811e-07
3.265878321723350515e-05,8.512686082978883569e-09,1.261113725975906642e-08,2.932197533804844257e-07
3.301160703287793621e-05,8.604726573904129685e-09,1.274749084409152670e-08,2.963900902190209402e-07
3.336824252282932318e-05,8.697763056052092698e-09,1.288531994175737630e-08,2.995947339783234391e-07
3.372873086588684005e-05,8.791806326383446471e-09,1.302464054794773469e-08,3.028340565593991551e-07
3.409311368571788344e-05,8.886867298002540292e-09,1.316546882989952484e-08,3.061084338638143238e-07
3.446143305566448320e-05,8.982957003194739901e-09,1.330782113141022004e-08,3.094182458981297999e-07
3.483373150360110406e-05,9.080086594572292669e-09,1.345171397454796533e-08,3.127638768135594038e-07
3.521005201684510575e-05,9.178267345811333951e-09,1.359716406072212300e-08,3.161457149314683138e-07
3.559043804712031536e-05,9.277510652473059047e-09,1.374418827190772315e-08,3.195641527715845041e-07
3.597493351557418649e-05,9.377828036398245948e-09,1.389280367716447252e-08,3.230195872031453153e-07
3.636358281784891092e-05,9.479231141783452957e-09,1.404302752681206123e-08,3.265124193100263046e-07
3.675643082920793310e-05,9.581731741839794495e-09,1.419487726229418408e-08,3.300430546199570957e-07
3.715352290971717612e-05,9.685341736994241829e-09,1.434837051352783365e-08,3.336119030426194706e-07
3.755490490948261239e-05,9.790073157445942028e-09,1.450352510267585768e-08,3.372193789575901410e-07
3.796062317394432111e-05,9.895938164327539846e-09,1.466035904587417834e-08,3.408659012546504646e-07
3.837072454922783247e-05,1.000294905039751962e-08,1.481889055425787174e-08,3.445518933572773154e-07
3.878525638755290730e-05,1.011111824401038434e-08,1.497913803983375819e-08,3.482777833593588603e-07
3.920426655270145322e-05,1.022045830676306049e-08,1.514112011201225064e-08,3.520440039446300256e-07
3.962780342554386579e-05,1.033098193812134068e-08,1.530485558444103446e-08,3.558509925455227804e-07
4.005591590962532595e-05,1.044270197633039774e-08,1.547036347636632555e-08,3.596991913747956167e-07
4.048865343681245371e-05,1.055563139895765183e-08,1.563766301342980589e-08,3.635890474439246465e-07
4.092606597300096850e-05,1.066978332453856532e-08,1.580677363011750167e-08,3.675210126202314216e-07
4.136820402388501354e-05,1.078517101431349713e-08,1.597771497231816358e-08,3.714955436864516371e-07
4.181511864078851011e-05,1.090180787477713289e-08,1.615050690111631016e-08,3.755131024285699070e-07
4.226686142656021551e-05,1.101970745898927840e-08,1.632516949471785129e-08,3.795741556808486179e-07
4.272348454153174598e-05,1.113888346548568937e-08,1.650172304684597325e-08,3.836791752886113132e-07
4.318504070954031984e-05,1.125934974511206395e-08,1.668018807686852932e-08,3.878286383433715746e-07
4.365158322401647810e-05,1.138112029678758265e-08,1.686058532351502401e-08,3.920230270371658018e-07
4.412316595413770428e-05,1.150420927361909321e-08,1.704293575393687780e-08,3.962628288728893336e-07
4.459984335104807897e-05,1.162863098262795075e-08,1.722726056329014763e-08,4.005485366549105818e-07
4.508167045414593409e-05,1.175439988687512753e-08,1.741358117791980500e-08,4.048806485624743243e-07
4.556870289743864645e-05,1.188153060660879694e-08,1.760191925701511955e-08,4.092596681890888426e-07
4.606099691596648820e-05,1.201003792226559627e-08,1.779229669709021192e-08,4.136861046459849617e-07
4.655860935229577132e-05,1.213993677502208486e-08,1.798473563277754165e-08,4.181604725808873587e-07
4.706159766308224844e-05,1.227124226896279439e-08,1.817925844006348696e-08,4.226832922529909016e-07
4.757001992570498679e-05,1.240396967282739153e-08,1.837588773884325758e-08,4.272550895930181444e-07
4.808393484497276851e-05,1.253813442223541326e-08,1.857464639625566340e-08,4.318763962797147663e-07
4.860340175990207536e-05,1.267375212127193405e-08,1.877555752899861474e-08,4.365477497947529242e-07
4.912848065056873152e-05,1.281083854324175773e-08,1.897864450448176539e-08,4.412696934484468021e-07
4.965923214503348206e-05,1.294940963457429892e-08,1.918393094655884784e-08,4.460427765142438673e-07
5.019571752634240184e-05,1.308948151557777655e-08,1.939144073670425496e-08,4.508675542551998910e-07
5.073799873960302225e-05,1.323107048275843637e-08,1.960119801741276223e-08,4.557445880030787497e-07
5.128613839913639960e-05,1.337419300958332894e-08,1.981322719332823557e-08,4.606744451850988137e-07
5.184019979570744937e-05,1.351886574992306844e-08,2.002755293637398745e-08,4.656576994426367798e-07
5.240024690383238750e-05,1.366510553921146378e-08,2.024420018743215207e-08,4.706949306707773864e-07
5.296634438916565055e-05,1.381292939713752826e-08,2.046319416035220922e-08,4.757867251112478042e-07
5.353855761596648433e-05,1.396235452889444126e-08,2.068456034381161459e-08,4.809336753956562855e-07
5.411695265464629883e-05,1.411339832780800559e-08,2.090832450518409994e-08,4.861363806354970913e-07
5.470159628939707408e-05,1.426607837681408310e-08,2.113451269274917513e-08,4.913954464735809553e-07
5.529255602590316820e-05,1.442041245127775520e-08,2.136315123985799164e-08,4.967114851808216214e-07
5.588990009913545034e-05,1.457641852047761908e-08,2.159426676713940348e-08,5.020851157072868370e-07
5.649369748123011652e-05,1.473411475005559891e-08,2.182788618611519648e-08,5.075169637669406111e-07
5.710401788945254083e-05,1.489351950489793319e-08,2.206403670348908259e-08,5.130076619365988974e-07
5.772093179424725299e-05,1.505465134870913040e-08,2.230274582049684038e-08,5.185578496413361694e-07
5.834451042737438770e-05,1.521752905059343652e-08,2.254404134267116887e-08,5.241681733812052236e-07
5.897482579013504548e-05,1.538217158305856364e-08,2.278795137687289666e-08,5.298392866623367670e-07
5.961195066168448051e-05,1.554859812724685795e-08,2.303450433904128042e-08,5.355718501773826337e-07
6.025595860743563655e-05,1.571682807189937510e-08,2.328372895266857800e-08,5.413665317694918975e-07
6.090692398755333557e-05,1.588688102003526441e-08,2.353565425869484904e-08,5.472240066629374026e-07
6.156492196554028487e-05,1.605877678853086955e-08,2.379030961486153323e-08,5.531449574477082347e-07
6.223002851691585794e-05,1.623253541113988414e-08,2.404772470022275768e-08,5.591300741844871724e-07
6.290232043798822518e-05,1.640817713950351459e-08,2.430792951661264283e-08,5.651800544389387928e-07
6.358187535472217898e-05,1.658572244824589944e-08,2.457095439620405574e-08,5.712956034572149102e-07
6.426877173170181972e-05,1.676519203574377119e-08,2.483683000265098952e-08,5.774774341928098611e-07
6.496308888119054219e-05,1.694660682655733820e-08,2.510558733469009448e-08,5.837262673897287638e-07
6.566490697228877628e-05,1.712998797463770408e-08,2.537725773088455895e-08,5.900428316935420082e-07
6.637430704019079677e-05,1.731535686578353448e-08,2.565187287327013284e-08,5.964278637356389874e-07
6.709137099554102212e-05,1.750273511897418774e-08,2.592946478932516409e-08,6.028821081792881614e-07
6.781618163389240451e-05,1.769214459079342384e-08,2.621006585853409493e-08,6.094063178719230992e-07
6.854882264526600299e-05,1.788360737702539312e-08,2.649370881474059544e-08,6.160012539002628297e-07
6.928937862381432842e-05,1.807714581539303760e-08,2.678042675021424487e-08,6.226676856843306994e-07
7.003793507758892080e-05,1.827278248909707071e-08,2.707025312088010643e-08,6.294063910998475625e-07
7.079457843841370415e-05,1.847054022671118343e-08,2.736322174618192483e-08,6.362181564742712667e-07
7.155939607186428139e-05,1.867044210967745538e-08,2.765936682016375249e-08,6.431037768448747808e-07
7.233247628735628659e-05,1.887251147039083616e-08,2.795872290864823461e-08,6.500640558929378758e-07
7.311390834834158802e-05,1.907677189917059372e-08,2.826132495956922661e-08,6.570998061840845707e-07
7.390378248261510706e-05,1.928324724181566153e-08,2.856720829933945214e-08,6.642118490837584563e-07
7.470218989273297110e-05,1.949196160848645067e-08,2.887640864599115720e-08,6.714010150630961388e-07
7.550922276654317949e-05,1.970293937288708583e-08,2.918896210800979205e-08,6.786681436710965960e-07
7.632497428783019205e-05,1.991620517568071168e-08,2.950490518935152999e-08,6.860140836520223793e-07
7.714953864707383314e-05,2.013178392780855172e-08,2.982427479438896043e-08,6.934396930598721986e-07
7.798301105232572326e-05,2.034970081546509528e-08,3.014710823525096683e-08,7.009458394294919540e-07
7.882548774020195069e-05,2.056998129775482392e-08,3.047344322838534458e-08,7.085333996960109968e-07
7.967706598699515438e-05,2.079265111609625239e-08,3.080331790846904076e-08,7.162032605188898303e-07
8.053784411990643833e-05,2.101773629491598615e-08,3.113677082944785071e-08,7.239563183058999301e-07
8.140792152839885219e-05,2.124526314129138593e-08,3.147384096399263610e-08,7.317934792002119973e-07
8.228739867567281738e-05,2.147525825442678195e-08,3.181456771753947833e-08,7.397156594073735460e-07
8.317637711026694132e-05,2.170774852415885117e-08,3.215899092610754304e-08,7.477237851437698073e-07
8.407495947778266098e-05,2.194276113630974973e-08,3.250715086417593063e-08,7.558187928207011411e-07
8.498324953273634806e-05,2.218032357465244443e-08,3.285908824764565121e-08,7.640016291125783998e-07
8.590135215053933636e-05,2.242046362590136140e-08,3.321484424119655575e-08,7.722732511283055400e-07
8.682937333960741657e-05,2.266320938312250764e-08,3.357446046336302217e-08,7.806346265289525095e-07
8.776742025360050297e-05,2.290858924515968229e-08,3.393797898566863182e-08,7.890867335081705755e-07
8.871560120379592810e-05,2.315663192578943045e-08,3.430544234619432698e-08,7.976305611069636379e-07
8.967402567159409141e-05,2.340736645437384746e-08,3.467689355054634459e-08,8.062671092369622590e-07
9.064280432115971449e-05,2.366082217925527521e-08,3.505237607689083446e-08,8.149973887969573984e-07
9.162204901219973287e-05,2.391702877142065269e-08,3.543193388137153494e-08,8.238224217987115922e-07
9.261187281287908482e-05,2.417601622890293412e-08,3.581561140463565227e-08,8.327432415193533101e-07
9.361239001287626729e-05,2.443781487991632844e-08,3.620345357647172329e-08,8.417608926087422981e-07
9.462371613657914705e-05,2.470245538686084281e-08,3.659550582176425703e-08,8.508764312278120824e-07
9.564596795642483508e-05,2.496996874763136208e-08,3.699181406239884422e-08,8.600909250933833059e-07
9.667926350638221501e-05,2.524038630600952216e-08,3.739242473269093515e-08,8.694054538362275307e-07
9.772372209558082511e-05,2.551373974685860787e-08,3.779738477224435273e-08,8.788211088355444009e-07
9.877946432208679895e-05,2.579006110578013557e-08,3.820674164026503095e-08,8.883389935515272121e-07
9.984661208682796502e-05,2.606938277262192609e-08,3.862054332075986486e-08,8.979602236462370540e-07
1.009252886076682817e-04,2.635173749191616308e-08,3.903883832317966155e-08,9.076859269986850796e-07
1.020156184336362698e-04,2.663715837099327377e-08,3.946167569444822556e-08,9.175172439843942464e-07
1.031177274593053005e-04,2.692567888250215972e-08,3.988910502269042887e-08,9.274553275620940919e-07
1.042317429393301584e-04,2.721733286761246445e-08,4.032117644197269030e-08,9.375013433839070146e-07
1.053577935031404340e-04,2.751215454061350572e-08,4.075794063912638182e-08,9.476564699540365081e-07
1.064960091697929003e-04,2.781017849484979934e-08,4.119944886252762275e-08,9.579218988331890345e-07
1.076465213629833225e-04,2.811143970407652036e-08,4.164575292411526306e-08,9.682988346847968232e-07
1.088094629262224421e-04,2.841597352862523457e-08,4.209690520853321431e-08,9.787884954880673045e-07
1.099849681381738866e-04,2.872381571960941042e-08,4.255295867932793164e-08,9.893921126822924297e-07
1.111731727281588711e-04,2.903500242316606560e-08,4.301396688527594184e-08,1.000110931313385583e-06
1.123742138918280554e-04,2.934957018464582391e-08,4.347998396656078477e-08,1.010946210177703330e-06
1.135882303070028768e-04,2.966755595350221449e-08,4.395106466201714350e-08,1.021899221990986771e-06
1.148153621496881042e-04,2.998899708808817116e-08,4.442726431625865309e-08,1.032971253553125971e-06
1.160557511102564021e-04,3.031393135829482139e-08,4.490863888356673466e-08,1.044163605839411876e-06
1.173095404098097678e-04,3.064239695343856731e-08,4.539524493957419075e-08,1.055477594271906397e-06
1.185768748167157426e-04,3.097443248569185048e-08,4.588713968636482004e-08,1.066914548837657295e-06
1.198579006633231661e-04,3.131007699182342735e-08,4.638438095503861037e-08,1.078475814148918625e-06
1.211527658628585051e-04,3.164936994413998356e-08,4.688702722192374415e-08,1.090162749819878376e-06
1.224616199265046940e-04,3.199235124951894137e-08,4.739513760714011658e-08,1.101976730432913108e-06
1.237846139806636936e-04,3.233906125831257597e-08,4.790877188780149551e-08,1.113919145846035493e-06
1.251219007844073076e-04,3.268954076645422240e-08,4.842799050112456914e-08,1.125991401264832831e-06
1.264736347471148617e-04,3.304383102471976025e-08,4.895285455814759748e-08,1.138194917561795501e-06
1.278399719463020406e-04,3.340197373726218056e-08,4.948342584157902811e-08,1.150531131225699969e-06
1.292210701456424700e-04,3.376401107262879108e-08,5.001976682208824262e-08,1.163001494741156838e-06
1.306170888131839933e-04,3.412998566845984044e-08,5.056194066529994438e-08,1.175607476750500235e-06
1.320281891397606471e-04,3.449994063344522379e-08,5.111001123466719506e-08,1.188350562120842323e-06
1.334545340576059999e-04,3.487391955522191358e-08,5.166404310317209614e-08,1.201232252216583711e-06
1.348962882591650634e-04,3.525196650443004305e-08,5.222410155936257290e-08,1.214254065038948996e-06
1.363536182161107369e-04,3.563412604290751319e-08,5.279025261946004199e-08,1.227417535507990719e-06
1.378266921985653575e-04,3.602044322625833563e-08,5.336256303116964361e-08,1.240724215551290863e-06
1.393156802945299004e-04,3.641096361011797655e-08,5.394110028299353416e-08,1.254175674319722805e-06
1.408207544295235697e-04,3.680573325800956075e-08,5.452593261580850317e-08,1.267773498458223397e-06
1.423420883864339142e-04,3.720479874426094729e-08,5.511712902725758765e-08,1.281519292205671911e-06
1.438798578255842437e-04,3.760820716058274099e-08,5.571475928144303409e-08,1.295414677622206795e-06
1.454342403050151754e-04,3.801600612431444938e-08,5.631889392116746636e-08,1.309461294873018551e-06
1.470054153009864371e-04,3.842824378176248070e-08,5.692960427287267682e-08,1.323660802342930851e-06
1.485935642287002794e-04,3.884496881510285361e-08,5.754696245686283085e-08,1.338014876874513774e-06
1.501988704632484792e-04,3.926623044854002013e-08,5.817104139642967195e-08,1.352525213980263873e-06
1.518215193607849647e-04,3.969207845386275316e-08,5.880191482608853407e-08,1.367193528033897241e-06
1.534616982799291316e-04,4.012256315928125456e-08,5.943965730466079200e-08,1.382021552574542344e-06
1.551195966033984148e-04,4.055773545242670388e-08,6.008434421973734114e-08,1.397011040410307578e-06
1.567954057598753442e-04,4.099764678862489096e-08,6.073605179989913228e-08,1.412163763903158997e-06
1.584893192461109040e-04,4.144234919609301447e-08,6.139485712245384482e-08,1.427481515147790585e-06
1.602015326492667953e-04,4.189189528574919697e-08,6.206083812795141757e-08,1.442966106309777809e-06
1.619322436694977405e-04,4.234633825418964029e-08,6.273407362458594666e-08,1.458619369728006351e-06
1.636816521427805532e-04,4.280573189179741088e-08,6.341464330023154723e-08,1.474443158193690687e-06
1.654499600639870445e-04,4.327013059077035342e-08,6.410262773431410254e-08,1.490439345227441108e-06
1.672373716102074884e-04,4.373958934863433858e-08,6.479810840302029161e-08,1.506609825199648488e-06
1.690440931643259477e-04,4.421416378133059710e-08,6.550116769869386283e-08,1.522956513781754848e-06
1.708703333388501703e-04,4.469391012252851133e-08,6.621188892881302699e-08,1.539481347922273436e-06
1.727163029999992817e-04,4.517888523938267800e-08,6.693035633934048216e-08,1.556186286389853943e-06
1.745822152920500870e-04,4.566914663063113395e-08,6.765665511188123438e-08,1.573073309707202925e-06
1.764682856619496530e-04,4.616475244189881290e-08,6.839087138638627021e-08,1.590144420678958333e-06
1.783747318841905646e-04,4.666576146820065354e-08,6.913309226484980263e-08,1.607401644477299137e-06
1.803017740859564201e-04,4.717223316375276890e-08,6.988340582582834220e-08,1.624847028979828669e-06
1.822496347725388361e-04,4.768422764884081156e-08,7.064190113463299158e-08,1.642482645006981444e-06
1.842185388530291905e-04,4.820180571821903982e-08,7.140866825577238595e-08,1.660310586610103516e-06
1.862087136662864302e-04,4.872502884720215884e-08,7.218379826196164286e-08,1.678332971282330638e-06
1.882203890071886411e-04,4.925395920239391273e-08,7.296738325004366993e-08,1.696551940327448251e-06
1.902537971531648847e-04,4.978865964776520106e-08,7.375951634995704674e-08,1.714969659069468816e-06
1.923091728910153518e-04,5.032919375143823046e-08,7.456029173482582840e-08,1.733588317086621914e-06
1.943867535440210509e-04,5.087562579823788849e-08,7.536980463952126675e-08,1.752410128642874973e-06
1.964867789993465037e-04,5.142802079304000540e-08,7.618815136563828769e-08,1.771437332804142794e-06
1.986094917357368280e-04,5.198644447281074947e-08,7.701542929933212573e-08,1.790672193852340556e-06
2.007551368515176921e-04,5.255096331467411301e-08,7.785173692326527372e-08,1.810117001563533970e-06
2.029239620928939406e-04,5.312164454111902085e-08,7.869717382431336509e-08,1.829774071387243879e-06
2.051162178825560517e-04,5.369855613310898504e-08,7.955184071300931806e-08,1.849645744897932602e-06
2.073321573485949415e-04,5.428176683830940205e-08,8.041583943570576267e-08,1.869734390078418195e-06
2.095720363537295074e-04,5.487134617597335125e-08,8.128927298183623063e-08,1.890042401488272860e-06
2.118361135248498627e-04,5.546736445171944133e-08,8.217224550578432849e-08,1.910572200772491852e-06
2.141246502828783788e-04,5.606989276235061374e-08,8.306486233404575853e-08,1.931326236827776846e-06
2.164379108729565574e-04,5.667900300823887620e-08,8.396722998355399566e-08,1.952306986229066153e-06
2.187761623949547500e-04,5.729476789920582223e-08,8.487945617041909989e-08,1.973516953432005667e-06
2.211396748343128860e-04,5.791726096780926282e-08,8.580164982957712046e-08,1.994958671230564130e-06
2.235287210932144825e-04,5.854655657747770068e-08,8.673392112686693280e-08,2.016634701037139304e-06
2.259435770220974361e-04,5.918272993075134542e-08,8.767638147123724058e-08,2.038547633166676116e-06
2.283845214515035189e-04,5.982585708138506291e-08,8.862914353265499631e-08,2.060700087253268801e-06
2.308518362242757401e-04,6.047601494464576808e-08,8.959232125739049463e-08,2.083094712605026205e-06
2.333458062280997531e-04,6.113328130508098757e-08,9.056602987950613023e-08,2.105734188471480080e-06
2.358667194283986036e-04,6.179773482832285944e-08,9.155038593834062688e-08,2.128621224450096108e-06
2.384148669015827163e-04,6.246945507259846386e-08,9.254550729557620874e-08,2.151758560882914014e-06
2.409905428686591597e-04,6.314852249573212543e-08,9.355151314560539689e-08,2.175148969097805847e-06
2.435940447292023019e-04,6.383501847089900830e-08,9.456852403886394796e-08,2.198795251950781619e-06
2.462256730956952641e-04,6.452902529286474478e-08,9.559666189108613173e-08,2.222700244041207256e-06
2.488857318282385392e-04,6.523062619052471247e-08,9.663605000186645227e-08,2.246866812143327641e-06
2.515745280696354510e-04,6.593990533994501974e-08,9.768681307399778075e-08,2.271297855655691292e-06
2.542923722808562996e-04,6.665694787349337531e-08,9.874907722696425939e-08,2.295996306915434735e-06
2.570395782768860422e-04,6.738183989046118582e-08,9.982297001273265579e-08,2.320965131564916901e-06
2.598164632629571371e-04,6.811466847108543186e-08,1.009086204364654420e-07,2.346207329033427191e-06
2.626233478711780130e-04,6.885552168660902388e-08,1.020061589714741420e-07,2.371725932884560884e-06
2.654605561975533694e-04,6.960448861111401130e-08,1.031157175767071343e-07,2.397524011223435733e-06
2.683284158394058476e-04,7.036165933461579862e-08,1.042374297161800981e-07,2.423604667147801385e-06
2.712272579332021104e-04,7.112712497471250871e-08,1.053714303762244362e-07,2.449971039149666405e-06
2.741574171927874484e-04,7.190097768750438891e-08,1.065178560816616077e-07,2.476626301490562246e-06
2.771192319480338465e-04,7.268331068166194302e-08,1.076768449166359426e-07,2.503573664686449285e-06
2.801130441839031924e-04,7.347421823224181953e-08,1.088485365450951708e-07,2.530816375984105939e-06
2.831391995799373350e-04,7.427379568969736286e-08,1.100330722241430627e-07,2.558357719670798827e-06
2.861980475501699510e-04,7.508213949575251363e-08,1.112305948275400803e-07,2.586201017621201781e-06
2.892899412834720393e-04,7.589934719727593052e-08,1.124412488662624683e-07,2.614349629775302000e-06
2.924152377843327222e-04,7.672551745593245414e-08,1.136651805028092629e-07,2.642806954470804153e-06
2.955742979140810992e-04,7.756075006532653779e-08,1.149025375765908199e-07,2.671576429033936283e-06
2.987674864325509986e-04,7.840514596214824811e-08,1.161534696204384273e-07,2.700661530162471754e-06
3.019951720402010392e-04,7.925880724250241918e-08,1.174181278848060345e-07,2.730065774489137873e-06
3.052577274206842023e-04,8.012183717362335641e-08,1.186966653551177920e-07,2.759792718984493138e-06
3.085555292838803578e-04,8.099434020903912180e-08,1.199892367742323307e-07,2.789845961479375885e-06
3.118889584093928295e-04,8.187642200311060303e-08,1.212959986639835380e-07,2.820229141165652384e-06
3.152583996905156116e-04,8.276818942464103006e-08,1.226171093453497756e-07,2.850945939065227024e-06
3.186642421786726478e-04,8.366975057429090631e-08,1.239527289642324137e-07,2.882000078629313892e-06
3.221068791283428863e-04,8.458121479554364432e-08,1.253030195077260109e-07,2.913395326116518819e-06
3.255867080424651493e-04,8.550269269357723475e-08,1.266681448320583041e-07,2.945135491242835104e-06
3.291041307183360429e-04,8.643429614856287546e-08,1.280482706823012745e-07,2.977224427639534272e-06
3.326595532940036185e-04,8.737613833170894021e-08,1.294435647161247572e-07,3.009666033405614948e-06
3.362533862951616647e-04,8.832833372219650240e-08,1.308541965289148326e-07,3.042464251691502143e-06
3.398860446825517851e-04,8.929099812029414479e-08,1.322803376731701395e-07,3.075623071150427312e-06
3.435579478998740215e-04,9.026424866717797458e-08,1.337221616878818485e-07,3.109146526621136899e-06
3.472695199222217426e-04,9.124820385979527812e-08,1.351798441205566774e-07,3.143038699640143566e-06
3.510211893050330469e-04,9.224298356494316145e-08,1.366535625480498251e-07,3.177303718925924527e-06
3.548133892335745632e-04,9.324870904207770495e-08,1.381434966103945148e-07,3.211945761165202329e-06
3.586465575729590031e-04,9.426550295461642690e-08,1.396498280275067543e-07,3.246969051401984541e-06
3.625211369187038399e-04,9.529348939127342871e-08,1.411727406308225724e-07,3.282377863772250068e-06
3.664375746478326840e-04,9.633279388049190998e-08,1.427124203846575692e-07,3.318176522001222282e-06
3.703963229705354568e-04,9.738354341103723345e-08,1.442690554167258839e-07,3.354369400112502473e-06
3.743978389823803140e-04,9.844586644915237297e-08,1.458428360435561862e-07,3.390960923019201004e-06
3.784425847170923914e-04,9.951989295552435408e-08,1.474339547956133494e-07,3.427955567107853034e-06
3.825310271999024601e-04,1.006057544061728275e-07,1.490426064482689933e-07,3.465357860958346969e-06
3.866636385014727575e-04,1.017035838094645923e-07,1.506689880469744821e-07,3.503172385929522380e-06
3.908408957924014025e-04,1.028135157261432380e-07,1.523132989369659734e-07,3.541403776849258341e-06
3.950632813983230140e-04,1.039356862882677559e-07,1.539757407913002026e-07,3.580056722666802294e-06
3.993312828555975079e-04,1.050702332197077059e-07,1.556565176412195023e-07,3.619135967158265488e-06
4.036453929676039887e-04,1.062172958545630591e-07,1.573558359034524156e-07,3.658646309561700330e-06
4.080061098616422815e-04,1.073770151589443535e-07,1.590739044124665927e-07,3.698592605326648734e-06
4.124139370464487728e-04,1.085495337494372181e-07,1.608109344478240911e-07,3.738979766750412096e-06
4.168693834703348007e-04,1.097349959170540157e-07,1.625671397696733790e-07,3.779812763802955927e-06
4.213729635799492198e-04,1.109335476436660314e-07,1.643427366430947037e-07,3.821096624692653748e-06
4.259251973796833023e-04,1.121453366293240564e-07,1.661379438785481119e-07,3.862836436807506288e-06
4.305266104917096796e-04,1.133705123077524739e-07,1.679529828548575028e-07,3.905037347248443172e-06
4.351777342166741371e-04,1.146092258726065260e-07,1.697880775581058791e-07,3.947704563734520768e-06
4.398791055950419956e-04,1.158616302976151540e-07,1.716434546114531293e-07,3.990843355295289041e-06
4.446312674691080789e-04,1.171278803601874099e-07,1.735193433101286533e-07,4.034459053085006204e-06
4.494347685456725984e-04,1.184081326640429665e-07,1.754159756549533265e-07,4.078557051161759957e-06
4.542901634594021985e-04,1.197025456608874917e-07,1.773335863844489040e-07,4.123142807233595936e-06
4.591980128368675996e-04,1.210112796784358868e-07,1.792724130163530644e-07,4.168221843624203884e-06
4.641588833612767017e-04,1.223344969379249440e-07,1.812326958735552936e-07,4.213799747875667990e-06
4.691733478379068361e-04,1.236723615838597939e-07,1.832146781281839176e-07,4.259882173773336098e-06
4.742419852602440251e-04,1.250250397056031732e-07,1.852186058335719085e-07,4.306474842089191070e-06
4.793653808768330994e-04,1.263926993629799874e-07,1.872447279621909104e-07,4.353583541463500272e-06
4.845441262588582416e-04,1.277755106121064682e-07,1.892932964439342175e-07,4.401214129294932006e-06
4.897788193684451214e-04,1.291736455299483325e-07,1.913645662024707131e-07,4.449372532585861360e-06
4.950700646277054378e-04,1.305872782425570753e-07,1.934587951970950207e-07,4.498064748915002044e-06
5.004184729885260367e-04,1.320165849482861904e-07,1.955762444571115362e-07,4.547296847237354473e-06
5.058246620031125801e-04,1.334617439470616637e-07,1.977171781252100581e-07,4.597074968891782795e-06
5.112892558952954625e-04,1.349229356669586915e-07,1.998818634968157357e-07,4.647405328516515208e-06
5.168128856326025845e-04,1.364003426913761381e-07,2.020705710603662802e-07,4.698294214985378791e-06
5.223961889991187140e-04,1.378941497876936455e-07,2.042835745397639052e-07,4.749747992394265937e-06
5.280398106691237391e-04,1.394045439333724778e-07,2.065211509330313438e-07,4.801773100960638447e-06
5.337444022815305200e-04,1.409317143497321242e-07,2.087835805623534956e-07,4.854376058186148013e-06
5.395106225151260256e-04,1.424758525255960708e-07,2.110711471091282327e-07,4.907563459671725860e-06
5.453391371646269239e-04,1.440371522499346769e-07,2.133841376622775591e-07,4.961341980241200749e-06
5.512306192175508166e-04,1.456158096430389788e-07,2.157228427644929893e-07,5.015718375015597640e-06
5.571857489319287067e-04,1.472120231828998630e-07,2.180875564512639937e-07,5.070699480320944406e-06
5.632052139148472063e-04,1.488259937412986845e-07,2.204785763043571978e-07,5.126292214931784812e-06
5.692897092018428182e-04,1.504579246123030167e-07,2.228962034940531503e-07,5.182503581052491590e-06
5.754399373371553396e-04,1.521080215425985573e-07,2.253407428240543428e-07,5.239340665361789358e-06
5.816566084548466763e-04,1.537764927692928173e-07,2.278125027875021184e-07,5.296810640314692539e-06
5.879404403607929814e-04,1.554635490482113420e-07,2.303117956088919391e-07,5.354920765117261559e-06
5.942921586155715859e-04,1.571694036878718587e-07,2.328389372944162326e-07,5.413678386896766159e-06
6.007124966182336148e-04,1.588942725867088859e-07,2.353942476870886350e-07,5.473090941983120881e-06
6.072021956909871149e-04,1.606383742623080437e-07,2.379780505100752052e-07,5.533165956916462950e-06
6.137620051647925401e-04,1.624019298906783393e-07,2.405906734248559687e-07,5.593911049799273505e-06
6.203926824658852288e-04,1.641851633399669368e-07,2.432324480811845885e-07,5.655333931457545424e-06
6.270949932032314879e-04,1.659883012070704095e-07,2.459037101713268757e-07,5.717442406702085680e-06
6.338697112569257643e-04,1.678115728535312550e-07,2.486047994832319594e-07,5.780244375564170402e-06
6.407176188675524310e-04,1.696552104423415032e-07,2.513360599550479357e-07,5.843747834563525234e-06
6.476395067265028642e-04,1.715194489784314207e-07,2.540978397351302880e-07,5.907960878102660161e-06
6.546361740672732889e-04,1.734045263415561473e-07,2.568904912307290754e-07,5.972891699599495701e-06
6.617084287577481650e-04,1.753106833325514767e-07,2.597143711765448682e-07,6.038548593080316785e-06
6.688570873934816894e-04,1.772381637058168825e-07,2.625698406828240199e-07,6.104939954298505075e-06
6.760829753919806676e-04,1.791872142135853502e-07,2.654572653009631157e-07,6.172074282259518447e-06
6.833869270880181361e-04,1.811580846456113449e-07,2.683770150822925296e-07,6.239960180587121255e-06
6.907697858299654842e-04,1.831510278708707725e-07,2.713294646398532374e-07,6.308606358960202927e-06
6.982324040771696388e-04,1.851662998774533460e-07,2.743149932075025640e-07,6.378021634486227495e-06
7.057756434983826835e-04,1.872041598187049703e-07,2.773339847082675185e-07,6.448214933290385138e-06
7.134003750712551890e-04,1.892648700535171820e-07,2.803868278140321887e-07,6.519195291903426020e-06
7.211074791828984585e-04,1.913486961934796735e-07,2.834739160153894248e-07,6.590971858885420759e-06
7.288978457315452861e-04,1.934559071440113659e-07,2.865956476825761247e-07,6.663553896242185858e-06
7.367723742292970864e-04,1.955867751527276578e-07,2.897524261371209456e-07,6.736950781091091735e-06
7.447319739059872100e-04,1.977415758542427510e-07,2.929446597182383459e-07,6.811172007204433835e-06
7.527775638141642398e-04,1.999205883167862145e-07,2.961727618518593355e-07,6.886227186614318657e-06
7.609100729352106639e-04,2.021240950915510708e-07,2.994371511237604885e-07,6.962126051312391219e-06
7.691304402866084178e-04,2.043523822592502741e-07,3.027382513485193606e-07,7.038878454853307389e-06
7.774396150303570412e-04,2.066057394801158737e-07,3.060764916435873081e-07,7.116494374076596017e-06
7.858385565825763263e-04,2.088844600446695073e-07,3.094523065045279840e-07,7.194983910855367764e-06
7.943282347242795792e-04,2.111888409217117142e-07,3.128661358760735551e-07,7.274357293748460498e-06
8.029096297133505623e-04,2.135191828146516646e-07,3.163184252355992170e-07,7.354624879941311102e-06
8.115837323977283463e-04,2.158757902095995463e-07,3.198096256643673996e-07,7.435797156901300104e-06
8.203515443298170940e-04,2.182589714303424969e-07,3.233401939289536800e-07,7.517884744271586060e-06
8.292140778821238114e-04,2.206690386945028087e-07,3.269105925644719515e-07,7.600898395805146893e-06
8.381723563641604955e-04,2.231063081637019467e-07,3.305212899488624954e-07,7.684849001092169756e-06
8.472274141405945237e-04,2.255711000046732338e-07,3.341727603934431382e-07,7.769747587664761889e-06
8.563802967506823054e-04,2.280637384451329124e-07,3.378654842256694530e-07,7.855605322921336631e-06
8.656320610289927001e-04,2.305845518272943091e-07,3.415999478684299073e-07,7.942433515969342912e-06
8.749837752274348393e-04,2.331338726721758734e-07,3.453766439352930243e-07,8.030243619839948091e-06
8.844365191385982665e-04,2.357120377380748792e-07,3.491960713171428651e-07,8.119047233501828297e-06
8.939913842204391149e-04,2.383193880777994032e-07,3.530587352669703623e-07,8.208856103832364864e-06
9.036494737222995274e-04,2.409562691067590006e-07,3.569651475007437739e-07,8.299682127962541549e-06
9.134119028122950155e-04,2.436230306584992819e-07,3.609158262796758579e-07,8.391537355189055338e-06
9.232797987060774531e-04,2.463200270561342929e-07,3.649112965160434339e-07,8.484433989435040334e-06
9.332543007969882351e-04,2.490476171706294484e-07,3.689520898595523978e-07,8.578384391256637983e-06
9.433365607876197058e-04,2.518061644907566863e-07,3.730387448009370508e-07,8.673401080252558481e-06
9.535277428227895190e-04,2.545960371901045682e-07,3.771718067712641248e-07,8.769496737371479831e-06
9.638290236239684811e-04,2.574176081944392089e-07,3.813518282417083926e-07,8.866684207232357389e-06
9.742415926251432254e-04,2.602712552511523498e-07,3.855793688264476902e-07,8.964976500515545353e-06
9.847666521101555714e-04,2.631573610000993058e-07,3.898549953875862634e-07,9.064386796402404121e-06
9.954054173515239877e-04,2.660763130475943349e-07,3.941792821448013306e-07,9.164928445124178281e-06
1.006159116750766566e-03,2.690285040348607995e-07,3.985528107767196383e-07,9.266614970318447353e-06
1.017028991980230279e-03,2.720143317175222443e-07,4.029761705387006222e-07,9.369460071767119131e-06
1.028016298126471512e-03,2.750341990383885723e-07,4.074499583706602070e-07,9.473477627903161016e-06
1.039122303835166841e-03,2.780885142047138676e-07,4.119747790115195692e-07,9.578681698470691735e-06
1.050348291457598717e-03,2.811776907684865948e-07,4.165512451181546616e-07,9.685086527290706545e-06
1.061695557198721711e-03,2.843021477034622697e-07,4.211799773795165393e-07,9.792706544913303411e-06
1.073165411266829893e-03,2.874623094881216545e-07,4.258616046395351520e-07,9.901556371474933506e-06
1.084759178024832750e-03,2.906586061870618885e-07,4.305967640176728844e-07,1.001165081950117733e-05
1.096478196143182982e-03,2.938914735367481983e-07,4.353861010359872280e-07,1.012300489685975059e-05
1.108323818754438413e-03,2.971613530292893205e-07,4.402302697432348714e-07,1.023563380964612184e-05
1.120297413609503117e-03,3.004686919982528455e-07,4.451299328419890590e-07,1.034955296513765845e-05
1.132400363235553818e-03,3.038139437134373507e-07,4.500857618290546243e-07,1.046477797505863204e-05
1.144634065095673269e-03,3.071975674617330781e-07,4.550984371152490897e-07,1.058132465836395322e-05
1.156999931750209241e-03,3.106200286466648225e-07,4.601686481728703617e-07,1.069920904466731900e-05
1.169499391019868887e-03,3.140817988780071701e-07,4.652970936684711565e-07,1.081844737732788715e-05
1.182133886150591416e-03,3.175833560671221862e-07,4.704844816040746925e-07,1.093905611673254253e-05
1.194904875980186063e-03,3.211251845247550866e-07,4.757315294620702634e-07,1.106105194366446910e-05
1.207813835106776989e-03,3.247077750587292703e-07,4.810389643499417348e-07,1.118445176266716503e-05
1.220862254059067479e-03,3.283316250757997553e-07,4.864075231511485697e-07,1.130927270555201800e-05
1.234051639468446409e-03,3.319972386810950583e-07,4.918379526724467757e-07,1.143553213482264255e-05
1.247383514242940894e-03,3.357051267845133209e-07,4.973310098015180830e-07,1.156324764733908533e-05
1.260859417743072147e-03,3.394558072049433079e-07,5.028874616613640927e-07,1.169243707790681885e-05
1.274480905959588959e-03,3.432498047797442630e-07,5.085080857724808994e-07,1.182311850304673274e-05
1.288249551693130624e-03,3.470876514729078337e-07,5.141936702131258765e-07,1.195531024472008813e-05
1.302166944735831233e-03,3.509698864893156694e-07,5.199450137885415195e-07,1.208903087426278581e-05
1.316234692054885731e-03,3.548970563847497306e-07,5.257629261939684180e-07,1.222429921617422591e-05
1.330454417978088784e-03,3.588697151863242811e-07,5.316482281930457474e-07,1.236113435226435750e-05
1.344827764381402186e-03,3.628884245081981586e-07,5.376017517892247969e-07,1.249955562563833166e-05
1.359356390878522624e-03,3.669537536705272114e-07,5.436243404019903626e-07,1.263958264479276800e-05
1.374041975012511808e-03,3.710662798273522973e-07,5.497168490563467821e-07,1.278123528802010922e-05
1.388886212449493094e-03,3.752265880862779984e-07,5.558801445600794845e-07,1.292453370752940583e-05
1.403890817174441481e-03,3.794352716385147302e-07,5.621151056964251274e-07,1.306949833392467428e-05
1.419057521689089975e-03,3.836929318874725844e-07,5.684226234145726952e-07,1.321614988063339522e-05
1.434388077211962717e-03,3.880001785813488251e-07,5.748036010260827104e-07,1.336450934847189744e-05
1.449884253880594524e-03,3.923576299487706331e-07,5.812589544058438945e-07,1.351459803031673612e-05
1.465547840955907979e-03,3.967659128356931538e-07,5.877896121948638668e-07,1.366643751581857344e-05
1.481380647028813363e-03,4.012256628426653149e-07,5.943965160036447198e-07,1.382004969612921709e-05
1.497384500229036403e-03,4.057375244721579730e-07,6.010806206304054941e-07,1.397545676897496811e-05
1.513561248436205925e-03,4.103021512691296664e-07,6.078428942693689558e-07,1.413268124349700596e-05
1.529912759493207283e-03,4.149202059745873359e-07,6.146843187382090021e-07,1.429174594553935248e-05
1.546440921421868763e-03,4.195923606711861000e-07,6.216058896937832817e-07,1.445267402266296308e-05
1.563147642640950411e-03,4.243192969387240696e-07,6.286086168624737467e-07,1.461548894949967290e-05
1.580034852186502047e-03,4.291017060144047933e-07,6.356935242776075525e-07,1.478021453327159567e-05
1.597104499934598508e-03,4.339402889504521951e-07,6.428616505129545011e-07,1.494687491921786721e-05
1.614358556826483992e-03,4.388357567739725848e-07,6.501140489195557587e-07,1.511549459610026481e-05
1.631799015096135246e-03,4.437888306602082599e-07,6.574517878823972856e-07,1.528609840216862476e-05
1.649427888500311270e-03,4.488002420966823255e-07,6.648759510635801839e-07,1.545871153081370645e-05
1.667247212551058958e-03,4.538707330598037942e-07,6.723876376639252348e-07,1.563335953664810458e-05
1.685259044750747094e-03,4.590010561869375640e-07,6.799879626779230395e-07,1.581006834143167496e-05
1.703465464829633479e-03,4.641919749618756761e-07,6.876780571684864142e-07,1.598886424045827808e-05
1.721868574986004869e-03,4.694442638939407377e-07,6.954590685322527558e-07,1.616977390872278547e-05
1.740470500128892982e-03,4.747587087082364569e-07,7.033321607814924883e-07,1.635282440747295405e-05
1.759273388123446360e-03,4.801361065341000853e-07,7.112985148232324657e-07,1.653804319069794929e-05
1.778279410038919066e-03,4.855772661026388664e-07,7.193593287519104077e-07,1.672545811193091756e-05
1.797490760399356440e-03,4.910830079420470977e-07,7.275158181387627532e-07,1.691509743097452268e-05
1.816909657436985509e-03,4.966541645848084949e-07,7.357692163387181441e-07,1.710698982103527733e-05
1.836538343348340834e-03,5.022915807715936459e-07,7.441207747925250774e-07,1.730116437574541577e-05
1.856379084553164398e-03,5.079961136618725288e-07,7.525717633387280102e-07,1.749765061641493920e-05
1.876434171956081927e-03,5.137686330531849788e-07,7.611234705384987774e-07,1.769647849958131186e-05
1.896705921211142357e-03,5.196100215964269229e-07,7.697772039946005061e-07,1.789767842442318809e-05
1.917196672989180577e-03,5.255211750235596233e-07,7.785342906886993233e-07,1.810128124060147761e-05
1.937908793248085395e-03,5.315030023758907744e-07,7.873960773195599414e-07,1.830731825611947250e-05
1.958844673505984006e-03,5.375564262366949493e-07,7.963639306476744596e-07,1.851582124533308185e-05
1.980006731117382214e-03,5.436823829728760170e-07,8.054392378532429457e-07,1.872682245727197174e-05
2.001397409552267779e-03,5.498818229732156998e-07,8.146234068891379941e-07,1.894035462384315713e-05
2.023019178678267527e-03,5.561557109042105572e-07,8.239178668599335469e-07,1.915645096864097133e-05
2.044874535045815289e-03,5.625050259586094522e-07,8.333240683900758112e-07,1.937514521550426372e-05
2.066966002176417842e-03,5.689307621160609419e-07,8.428434840100090517e-07,1.959647159749157102e-05
2.089296130854033807e-03,5.754339284101972707e-07,8.524776085518763488e-07,1.982046486607788599e-05
2.111867499419601939e-03,5.820155491955870746e-07,8.622279595449827652e-07,2.004716030034651660e-05
2.134682714068734857e-03,5.886766644268329483e-07,8.720960776292433502e-07,2.027659371659871893e-05
2.157744409152662340e-03,5.954183299385562807e-07,8.820835269699985734e-07,2.050880147799519532e-05
2.181055247482393405e-03,6.022416177337703626e-07,8.921918956851980274e-07,2.074382050448488927e-05
2.204617920636179999e-03,6.091476162801027375e-07,9.024227962842395158e-07,2.098168828300501037e-05
2.228435149270297476e-03,6.161374308075454937e-07,9.127778661090939654e-07,2.122244287773323988e-05
2.252509683433187408e-03,6.232121836177991082e-07,9.232587677925443211e-07,2.146612294073901419e-05
2.276844302882992215e-03,6.303730143955065504e-07,9.338671897192875189e-07,2.171276772270023313e-05
2.301441817408504155e-03,6.376210805309872346e-07,9.446048465040390562e-07,2.196241708401553260e-05
2.326305067153621071e-03,6.449575574478707405e-07,9.554734794769083874e-07,2.221511150608559791e-05
2.351436922945265937e-03,6.523836389346365200e-07,9.664748571745408145e-07,2.247089210272836936e-05
2.376840286624870395e-03,6.599005374902522561e-07,9.776107758521852197e-07,2.272980063208031589e-05
2.402518091383433994e-03,6.675094846710784298e-07,9.888830599975945662e-07,2.299187950854079902e-05
2.428473302100209869e-03,6.752117314494689295e-07,1.000293562862277340e-06,2.325717181511935012e-05
2.454708915685025958e-03,6.830085485772778879e-07,1.011844167000027331e-06,2.352572131595155114e-05
2.481227961424347164e-03,6.909012269616032852e-07,1.023536784823539905e-06,2.379757246923687678e-05
2.508033501331033768e-03,6.988910780428196591e-07,1.035373359164458324e-06,2.407277044025392826e-05
2.535128630497901058e-03,7.069794341869303313e-07,1.047355863854640790e-06,2.435136111487096129e-05
2.562516477455093183e-03,7.151676490843497769e-07,1.059486304316892237e-06,2.463339111327478910e-05
2.590200204531320233e-03,7.234570981557004870e-07,1.071766718166181750e-06,2.491890780394410548e-05
2.618183008218981107e-03,7.318491789696218169e-07,1.084199175828547941e-06,2.520795931803402183e-05
2.646468119543268424e-03,7.403453116687589481e-07,1.096785781172218750e-06,2.550059456404379799e-05
2.675058804435223418e-03,7.489469394072223721e-07,1.109528672155664707e-06,2.579686324287831784e-05
2.703958364108837061e-03,7.576555287921687175e-07,1.122430021481781749e-06,2.609681586305229010e-05
2.733170135442226055e-03,7.664725703452632412e-07,1.135492037281510966e-06,2.640050375657826556e-05
2.762697491362922295e-03,7.753995789641238961e-07,1.148716963797463441e-06,2.670797909485454242e-05
2.792543841237333895e-03,7.844380944036652736e-07,1.162107082096972274e-06,2.701929490523744055e-05
2.822712631264384740e-03,7.935896817584712672e-07,1.175664710786737244e-06,2.733450508764974723e-05
2.853207344873460484e-03,8.028559319681141768e-07,1.189392206761390181e-06,2.765366443197848258e-05
2.884031503126598985e-03,8.122384623239772963e-07,1.203291965954351338e-06,2.797682863552496748e-05
2.915188665125056575e-03,8.217389169936882683e-07,1.217366424114732677e-06,2.830405432106034727e-05
2.946682428420256683e-03,8.313589675545406247e-07,1.231618057597569203e-06,2.863539905519158694e-05
2.978516429429185416e-03,8.411003135435292415e-07,1.246049384178681606e-06,2.897092136729789556e-05
3.010694343854247983e-03,8.509646830128977560e-07,1.260662963877667868e-06,2.931068076865891552e-05
3.043219887107715630e-03,8.609538332254682303e-07,1.275461399988007559e-06,2.965473777639481459e-05
3.076096814740701072e-03,8.710695512641552613e-07,1.290447339980012302e-06,3.000315393445209634e-05
3.109328922876798598e-03,8.813136542650994106e-07,1.305623475846210869e-06,3.035599182162448717e-05
3.142920048650403152e-03,8.916879902515983526e-07,1.320992545336749482e-06,3.071331508026748199e-05
3.176874070649766523e-03,9.021944387730732721e-07,1.336557332906012971e-06,3.107518843829694519e-05
3.211194909364817503e-03,9.128349115471326497e-07,1.352320670663781999e-06,3.144167773129423449e-05
3.245886527639873110e-03,9.236113531232253286e-07,1.368285439358395208e-06,3.181284992535438619e-05
3.280952931131183182e-03,9.345257415533309432e-07,1.384454569370355935e-06,3.218877314017707351e-05
3.316398168769449286e-03,9.455800890899989243e-07,1.400831041746422422e-06,3.256951667309804943e-05
3.352226333227333564e-03,9.567764428925594652e-07,1.417417889245820146e-06,3.295515102340273951e-05
3.388441561392015189e-03,9.681168857524818812e-07,1.434218197414819151e-06,3.334574791729858926e-05
3.425048034842863819e-03,9.796035368387110861e-07,1.451235105690912012e-06,3.374138033357467365e-05
3.462049980334238729e-03,9.912385524595579529e-07,1.468471808531499636e-06,3.414212252983162406e-05
3.499451670283565408e-03,1.003024126842605535e-06,1.485931556569274484e-06,3.454805006933173248e-05
3.537257423264624986e-03,1.014962492935314021e-06,1.503617657798287562e-06,3.495923984856113257e-05
3.575471604506203979e-03,1.027055923223004684e-06,1.521533478785717566e-06,3.537577012539028411e-05
3.614098626396122088e-03,1.039306730571965566e-06,1.539682445920909264e-06,3.579772054809908158e-05
3.653142948990716152e-03,1.051717269085591716e-06,1.558068046683672777e-06,3.622517218485132395e-05
3.692609080529789777e-03,1.064289934988809780e-06,1.576693830954512047e-06,3.665820755414102256e-05
3.732501577957198207e-03,1.077027167533044819e-06,1.595563412355291640e-06,3.709691065594806862e-05
3.772825047446985627e-03,1.089931449917990573e-06,1.614680469614767154e-06,3.754136700347022874e-05
3.813584144935243999e-03,1.103005310248731075e-06,1.634048747986501003e-06,3.799166365607276719e-05
3.854783576657706910e-03,1.116251322502172202e-06,1.653672060680599462e-06,3.844788925255887693e-05
3.896428099693163838e-03,1.129672107529654675e-06,1.673554290349001237e-06,3.891013404568463904e-05
3.938522522512703100e-03,1.143270334078672089e-06,1.693699390599094006e-06,3.937848993733168647e-05
3.981071705534964741e-03,1.157048719841615655e-06,1.714111387547357921e-06,3.985305051461073651e-05
4.024080561687318376e-03,1.171010032536149686e-06,1.734794381419915044e-06,4.033391108705303217e-05
4.067554056973140750e-03,1.185157091002058914e-06,1.755752548177395394e-06,4.082116872436878735e-05
4.111497211045211236e-03,1.199492766339845637e-06,1.776990141201722181e-06,4.131492229564302663e-05
4.155915097785305504e-03,1.214019983067614305e-06,1.798511493009965017e-06,4.181527250916043165e-05
4.200812845890060203e-03,1.228741720313382837e-06,1.820321017020674665e-06,4.232232195344925779e-05
4.246195639463120827e-03,1.243661013037928841e-06,1.842423209365459509e-06,4.283617513937670992e-05
4.292068718613772232e-03,1.258780953286681016e-06,1.864822650743580283e-06,4.335693854324367490e-05
4.338437380061951204e-03,1.274104691475898450e-06,1.887524008327343066e-06,4.388472065105902527e-05
4.385306977749844903e-03,1.289635437715133417e-06,1.910532037721255569e-06,4.441963200406352699e-05
4.432682923460075190e-03,1.305376463157791320e-06,1.933851584962798579e-06,4.496178524522021852e-05
4.480570687440578979e-03,1.321331101394682212e-06,1.957487588586876280e-06,4.551129516718386533e-05
4.528975799036199373e-03,1.337502749876553341e-06,1.981445081733221096e-06,4.606827876126895775e-05
4.577903847327172322e-03,1.353894871383132269e-06,2.005729194322684761e-06,4.663285526801722557e-05
4.627360481774439420e-03,1.370510995522182912e-06,2.030345155277997345e-06,4.720514622879853282e-05
4.677351412871969850e-03,1.387354720275611512e-06,2.055298294814230319e-06,4.778527553903113016e-05
4.727882412806116638e-03,1.404429713581308072e-06,2.080594046782199600e-06,4.837336950263099948e-05
4.778959316122112153e-03,1.421739714962223227e-06,2.106237951081823354e-06,4.896955688808733910e-05
4.830588020397718479e-03,1.439288537194774756e-06,2.132235656133783618e-06,4.957396898589111982e-05
4.882774486924236490e-03,1.457080068027469388e-06,2.158592921425538357e-06,5.018673966769208279e-05
4.935524741394794676e-03,1.475118271937822562e-06,2.185315620114113103e-06,5.080800544677314463e-05
4.988844874600109440e-03,1.493407191946641803e-06,2.212409741713819927e-06,5.143790554049906024e-05
5.042741043131756737e-03,1.511950951474557135e-06,2.239881394846593752e-06,5.207658193421886518e-05
5.097219470093041806e-03,1.530753756252829579e-06,2.267736810072759096e-06,5.272417944703599853e-05
5.152286445817556328e-03,1.549819896283019685e-06,2.295982342794129620e-06,5.338084579925969815e-05
5.207948328595453369e-03,1.569153747856576446e-06,2.324624476245903833e-06,5.404673168191869749e-05
5.264211545407660418e-03,1.588759775725371724e-06,2.353669824712183425e-06,5.472199083147125950e-05
5.321082592667929038e-03,1.608642537555562956e-06,2.383125140124118946e-06,5.540678018315500970e-05
5.378568036972956184e-03,1.628806682436577159e-06,2.412997309851002885e-06,5.610125981958474182e-05
5.436674515860589335e-03,1.649256953377620891e-06,2.443293360398697160e-06,5.680559305668430328e-05
5.495408738576236865e-03,1.669998190636428684e-06,2.474020462340981004e-06,5.751994655827956848e-05
5.554777486847515752e-03,1.691035334099797894e-06,2.505185933846143422e-06,5.824449041803255914e-05
5.614787615667352592e-03,1.712373425720616201e-06,2.536797244287313324e-06,5.897939824331731664e-05
5.675446054085458124e-03,1.734017612036548815e-06,2.568862017973684119e-06,5.972484724190717828e-05
5.736759806008398174e-03,1.755973146748588022e-06,2.601388037970512883e-06,6.048101831072056044e-05
5.798735951008294857e-03,1.778245393378244464e-06,2.634383250035542925e-06,6.124809612727375070e-05
5.861381645140279449e-03,1.800839828002379774e-06,2.667855766670496202e-06,6.202626924380359513e-05
5.924704121768720362e-03,1.823762042060376895e-06,2.701813871279706940e-06,6.281573018388015759e-05
5.988710692402485561e-03,1.847017745246594747e-06,2.736266022455108843e-06,6.361667554195325042e-05
6.053408747539122323e-03,1.870612768479518562e-06,2.771220858374816630e-06,6.442930608553707297e-05
6.118805757518204144e-03,1.894553066967370321e-06,2.806687201344651148e-06,6.525382686071473811e-05
6.184909273383897704e-03,1.918844723351172106e-06,2.842674062454357838e-06,6.609044730030615503e-05
6.251726927756838352e-03,1.943493950944042337e-06,2.879190646376417262e-06,6.693938133534778367e-05
6.319266435715439022e-03,1.968507097066755190e-06,2.916246356307450666e-06,6.780084750988319027e-05
6.387535595686663799e-03,1.993890646474225620e-06,2.953850799044335964e-06,6.867506909888237998e-05
6.456542290346541091e-03,2.019651224890130410e-06,2.992013790220493846e-06,6.956227422988093222e-05
6.526294487530286299e-03,2.045795602640438961e-06,3.030745359688742345e-06,7.046269600802156584e-05
6.596800241152318486e-03,2.072330698392832936e-06,3.070055757060958384e-06,7.137657264473882678e-05
6.668067692136201395e-03,2.099263583012590397e-06,3.109955457420354044e-06,7.230414759044991632e-05
6.740105069354644131e-03,2.126601483525018632e-06,3.150455167191510602e-06,7.324566967091094942e-05
6.812920690579600536e-03,2.154351788144531024e-06,3.191565831590655875e-06,7.420139326030346187e-05
6.886522963442746545e-03,2.182522056710120902e-06,3.233298650085188222e-06,7.517157864051179678e-05
6.960920386406217568e-03,2.211120012244827733e-06,3.275665063889406446e-06,7.615649171030462847e-05
7.036121549743892985e-03,2.240153549340138483e-06,3.318676768385459380e-06,7.715640427396370257e-05
7.112135136533269397e-03,2.269630740481425535e-06,3.362345722494113310e-06,7.817159425899666023e-05
7.188969923658061409e-03,2.299559840786716136e-06,3.406684155694872101e-06,7.920234587919718235e-05
7.266634782821572436e-03,2.329949292891695302e-06,3.451704575262791228e-06,8.024894980273608949e-05
7.345138681571134788e-03,2.360807731979842740e-06,3.497419773720264948e-06,8.131170332524383744e-05
7.424490684333500193e-03,2.392143990968221392e-06,3.543842836519414810e-06,8.239091054824668116e-05
7.504699953461467857e-03,2.423967105851083459e-06,3.590987149958262221e-06,8.348688256303142552e-05
7.585775750291815986e-03,2.456286321214376762e-06,3.638866409350061799e-06,8.459993764038754101e-05
7.667727436214658195e-03,2.489111095906074672e-06,3.687494627423519382e-06,8.573040142570847739e-05
7.750564473754366183e-03,2.522451108897337051e-06,3.736886143005661552e-06,8.687860714065669652e-05
7.834296427662102921e-03,2.556316265318455603e-06,3.787055629963676165e-06,8.804489579083983380e-05
7.918932966020293326e-03,2.590716702683726955e-06,3.838018106426583333e-06,8.922961637998319572e-05
8.004483861358898875e-03,2.625662797308729271e-06,3.889788944292004583e-06,9.043312613072105417e-05
8.090958991783801443e-03,2.661165176736296436e-06,3.942383887634441482e-06,9.165579091230909091e-05
8.178368342117384865e-03,2.697234730824784540e-06,3.995819069131808875e-06,9.289798562225553918e-05
8.266722005051442557e-03,2.733882595276349856e-06,4.050110985663321580e-06,9.416009361880787576e-05
8.356030182312464138e-03,2.771120171702196705e-06,4.105276528034917964e-06,9.544250741172384262e-05
8.446303185839667063e-03,2.808959135882608980e-06,4.161332993215940050e-06,9.674562894646952706e-05
8.537551438975598053e-03,2.847411445511389318e-06,4.218298095811920353e-06,9.806986987064849302e-05
8.629785477669680779e-03,2.886489348195368280e-06,4.276189979915280080e-06,9.941565180920239266e-05
8.723015951694737535e-03,2.926205389693764451e-06,4.335027231311306838e-06,1.007834066478560816e-04
8.817253625876689607e-03,2.966572422443969585e-06,4.394828890108479745e-06,1.021735768264153400e-04
8.912509381337439807e-03,3.007603614343170732e-06,4.455614463747768106e-06,1.035866156408571484e-04
9.008794216751360440e-03,3.049312457831451298e-06,4.517403940458572246e-06,1.050229875557884051e-04
9.106119249615180281e-03,3.091712779264543488e-06,4.580217803143724649e-06,1.064831685268614962e-04
9.204495717531688617e-03,3.134818767160393771e-06,4.644077071225080875e-06,1.079676469731467463e-04
9.303934979507273717e-03,3.178644965510717561e-06,4.709003290734674884e-06,1.094769235463923906e-04
9.404448517263488266e-03,3.223206264666043786e-06,4.775018520811139367e-06,1.110115108167116546e-04
9.506047936562799644e-03,3.268517929721945927e-06,4.842145375752153971e-06,1.125719342497103121e-04
9.608744968548580540e-03,3.314595611551411945e-06,4.910407041358051893e-06,1.141587325859588829e-04
9.712551471099738903e-03,3.361455358198403467e-06,4.979827291810444675e-06,1.157724582328819934e-04
9.817479430199818960e-03,3.409113626649627455e-06,5.050430507111232135e-06,1.174136776696478910e-04
9.923540961320977474e-03,3.457587295005819448e-06,5.122241691113341048e-06,1.190829718657924287e-04
1.003074831082288558e-02,3.506893675052570539e-06,5.195286490143435668e-06,1.207809367135744422e-04
1.013911385736677821e-02,3.557050536006332349e-06,5.269591228180011720e-06,1.225081838451438747e-04
1.024865011334467196e-02,3.608076140045807198e-06,5.345182959490875707e-06,1.242653418555218672e-04
1.035936972632421627e-02,3.659989188312405932e-06,5.422089388635309629e-06,1.260530544423938651e-04
1.047128548050896973e-02,3.712808866528971679e-06,5.500338938045372263e-06,1.278719819764216137e-04
1.058441029821453883e-02,3.766554863949582300e-06,5.579960776098615766e-06,1.297228021531207577e-04
1.069875724136065166e-02,3.821247388745308839e-06,5.660984839910808860e-06,1.316062105219652169e-04
1.081433951297936479e-02,3.876907183911068218e-06,5.743441858900639910e-06,1.335229210334023099e-04
1.093117045873947049e-02,3.933555543726420649e-06,5.827363379174982322e-06,1.354736666049009667e-04
1.104926356848756792e-02,3.991214356209588974e-06,5.912781826421762576e-06,1.374592005820601977e-04
1.116863247780558455e-02,4.049906127571927511e-06,5.999730542137397597e-06,1.394802975798251337e-04
1.128929096958522504e-02,4.109653918799345557e-06,6.088243689674981057e-06,1.415377512976915501e-04
1.141125297561940664e-02,4.170481412553759694e-06,6.178356353354599718e-06,1.436323768225572441e-04
1.153453257821090636e-02,4.232412934495254269e-06,6.270104570050374496e-06,1.457650113619472559e-04
1.165914401179829821e-02,4.295473473524214729e-06,6.363525359177409694e-06,1.479365149399927335e-04
1.178510166459963843e-02,4.359688703020728747e-06,6.458656754156117625e-06,1.501477711276943299e-04
1.191242008027372165e-02,4.425085065569127922e-06,6.555537927926347631e-06,1.523996899592271778e-04
1.204111395959937998e-02,4.491689723042059219e-06,6.654209118998799231e-06,1.546932062118215893e-04
1.217119816217289777e-02,4.559530543623368468e-06,6.754711612229398628e-06,1.570292789576132925e-04
1.230268770812377802e-02,4.628636171811198432e-06,6.857087842524190264e-06,1.594088939728309452e-04
1.243559777984905301e-02,4.699036053422604694e-06,6.961381431881464882e-06,1.618330645973796987e-04
1.256994372376622933e-02,4.770760463947625274e-06,7.067637231395825223e-06,1.643028327096816854e-04
1.270574105208538938e-02,4.843840626877611568e-06,7.175901496554148126e-06,1.668192727995953487e-04
1.284300544460021017e-02,4.918308609431816744e-06,7.286221732759142547e-06,1.693834883761483067e-04
1.298175275049845596e-02,4.994197343556560544e-06,7.398646726437437535e-06,1.719966126888912102e-04
1.312199899019199194e-02,5.071540702523871357e-06,7.513226658515068293e-06,1.746598113636390584e-04
1.326376035716660649e-02,5.150373531944454943e-06,7.630013150360342487e-06,1.773742834684048089e-04
1.340705321985168584e-02,5.230731765161996412e-06,7.749059434732797079e-06,1.801412654847220514e-04
1.355189412351033226e-02,5.312652403679299464e-06,7.870420326784255418e-06,1.829620306314303088e-04
1.369829979214966936e-02,5.396173423758127464e-06,7.994152085690224476e-06,1.858378856463584184e-04
1.384628713045188593e-02,5.481333910556129557e-06,8.120312613364890684e-06,1.887701754026831246e-04
1.399587322572613986e-02,5.568174100921631953e-06,8.248961517857634603e-06,1.917602843799238728e-04
1.414707534988156323e-02,5.656735569655352087e-06,8.380160389287696462e-06,1.948096430746437723e-04
1.429991096142144841e-02,5.747061046625076369e-06,8.513972528907963848e-06,1.979197217004116313e-04
1.445439770745924647e-02,5.839194460402439491e-06,8.650463013748678018e-06,2.010920316873961069e-04
1.461055342575608498e-02,5.933181050652923361e-06,8.789698863114920875e-06,2.043281295490546022e-04
1.476839614678041902e-02,6.029067530990968582e-06,8.931749279845274615e-06,2.076296224861273146e-04
1.492794409578991968e-02,6.126902081198946840e-06,9.076685638782434459e-06,2.109981681151170167e-04
1.508921569493584282e-02,6.226734175725360069e-06,9.224581232700676932e-06,2.144354685596103172e-04
1.525222956539016433e-02,6.328614790267024100e-06,9.375511578343312329e-06,2.179432775592937287e-04
1.541700452949556523e-02,6.432596611734942249e-06,9.529554727472637593e-06,2.215234076950289410e-04
1.558355961293889785e-02,6.538733986438199797e-06,9.686791190104529546e-06,2.251777286003021233e-04
1.575191404694788189e-02,6.647082748626698453e-06,9.847303680501458270e-06,2.289081610533483084e-04
1.592208727051165965e-02,6.757700474623802848e-06,1.001117749365249612e-05,2.327166857221826758e-04
1.609409893262530103e-02,6.870646804743406802e-06,1.017850098217176939e-05,2.366053542428132265e-04
1.626796889455861192e-02,6.985983066398362867e-06,1.034936499795174268e-05,2.405762762374758954e-04
1.644371723214928596e-02,7.103772405195312482e-06,1.052386308636923551e-05,2.446316238225338681e-04
1.662136423812112657e-02,7.224080141873059585e-06,1.070209201506513507e-05,2.487736438913650157e-04
1.680093042442702689e-02,7.346973777789217211e-06,1.088415178206845521e-05,2.530046582965721799e-04
1.698243652461739819e-02,7.472522675055817157e-06,1.107014514193160099e-05,2.573270528307616410e-04
1.716590349623417847e-02,7.600798539592927326e-06,1.126017832134171577e-05,2.617432938500760986e-04
1.735135252323070226e-02,7.731875648746938432e-06,1.145436135631897818e-05,2.662559361026373183e-04
1.753880501841758102e-02,7.865830305043314155e-06,1.165280728297819558e-05,2.708676039144110943e-04
1.772828262593531545e-02,8.002741410272663848e-06,1.185563298799838922e-05,2.755810109450071107e-04
1.791980722375329654e-02,8.142690738577308912e-06,1.206295961317853198e-05,2.803989695797351922e-04
1.811340092619597927e-02,8.285762309015129603e-06,1.227491162592198279e-05,2.853243693193474508e-04
1.830908608649629843e-02,8.432043151278362396e-06,1.249161795359714995e-05,2.903602031308179167e-04
1.850688529937668386e-02,8.581623334986885997e-06,1.271321202692668612e-05,2.955095684444772591e-04
1.870682140365797705e-02,8.734595487018041401e-06,1.293983106493341273e-05,3.007756505262670563e-04
1.890891748489637730e-02,8.891055848885076818e-06,1.317161764137533571e-05,3.061617588660060568e-04
1.911319687804922257e-02,9.051103592445214861e-06,1.340871867100001748e-05,3.116713036072108422e-04
1.931968317016919193e-02,9.214841161895002093e-06,1.365128591618159138e-05,3.173078073065370669e-04
1.952840020312783531e-02,9.382374933462778746e-06,1.389947696420570401e-05,3.230749276280621093e-04
1.973937207636845131e-02,9.553814287978066149e-06,1.415345385332778342e-05,3.289764254017375203e-04
1.995262314968876405e-02,9.729272975449080007e-06,1.441338509430082234e-05,3.350162115802674044e-04
2.016817804605348236e-02,9.908868199919035466e-06,1.467944431463494440e-05,3.411983157188436147e-04
2.038606165443757404e-02,1.009272142547294683e-05,1.495181145263514869e-05,3.475269137013873568e-04
2.060629913269995325e-02,1.028095842667399944e-05,1.523067283210691022e-05,3.540063294561133491e-04
2.082891591048833049e-02,1.047370904442607406e-05,1.551622080066846808e-05,3.606410265304773916e-04
2.105393769217545410e-02,1.067110819131991667e-05,1.580865521909405731e-05,3.674356426735777615e-04
2.128139045982709032e-02,1.087329490741682829e-05,1.610818206250143645e-05,3.743949573107682618e-04
2.151130047620188404e-02,1.108041386218057676e-05,1.641501564535332737e-05,3.815239432149912318e-04
2.174369428778401281e-02,1.129261413429412702e-05,1.672937681381569689e-05,3.888277244799833387e-04
2.197859872784820034e-02,1.151005089644822600e-05,1.705149544164668256e-05,3.963116344805741936e-04
2.221604091955805757e-02,1.173288413525075360e-05,1.738160853380428837e-05,4.039811717812140162e-04
2.245604827909786563e-02,1.196128035864889187e-05,1.771996275586190797e-05,4.118420588695871480e-04
2.269864851883814788e-02,1.219541142081364087e-05,1.806681269312805757e-05,4.199002016750182802e-04
2.294386965053553037e-02,1.243545602962938978e-05,1.842242308387065245e-05,4.281617414144943423e-04
2.319173998856694299e-02,1.268159903052846971e-05,1.878706775833894301e-05,4.366330299028481202e-04
2.344228815319917072e-02,1.293403220629094682e-05,1.916103082358747549e-05,4.453206570356207060e-04
2.369554307389331801e-02,1.319295463973150277e-05,1.954460720074336109e-05,4.542314632238683703e-04
2.395153399264519228e-02,1.345857225931317565e-05,1.993810195183229260e-05,4.633725237064668457e-04
2.421029046736170726e-02,1.373109940981290556e-05,2.034183260658155388e-05,4.727512025505192046e-04
2.447184237527382997e-02,1.401075776090419311e-05,2.075612754552257408e-05,4.823751150334363918e-04
2.473621991638616860e-02,1.429777774680550640e-05,2.118132813269528016e-05,4.922521771255902257e-04
2.500345361696425933e-02,1.459239863189800066e-05,2.161778881281501384e-05,5.023906076817647370e-04
2.527357433305911505e-02,1.489486819081663412e-05,2.206587663730595909e-05,5.127989173625908037e-04
2.554661325407003511e-02,1.520544425350643131e-05,2.252597355314936417e-05,5.234859617271945924e-04
2.582260190634588434e-02,1.552439443818684733e-05,2.299847600723795528e-05,5.344609319624726374e-04
2.610157215682533047e-02,1.585199621683646605e-05,2.348379504333366011e-05,5.457333570507262935e-04
2.638355621671614054e-02,1.618853831077251898e-05,2.398235836946364656e-05,5.573131516980706990e-04
2.666858664521474381e-02,1.653432066464638082e-05,2.449461031933390624e-05,5.692106153390109804e-04
2.695669635326545729e-02,1.688965451145213020e-05,2.502101194856893801e-05,5.814364342671102899e-04
2.724791860736059529e-02,1.725486355046725289e-05,2.556204277967600140e-05,5.940017220504090808e-04
2.754228703338158432e-02,1.763028438350252113e-05,2.611820144824098875e-05,6.069180344172640882e-04
2.783983562048154489e-02,1.801626689008332830e-05,2.669000625865012986e-05,6.201973820321557591e-04
2.814059872500989518e-02,1.841317457875731189e-05,2.727799570443879108e-05,6.338522424408970721e-04
2.844461107447910156e-02,1.882138565778414824e-05,2.788273005434518863e-05,6.478955967541106479e-04
2.875190777157477298e-02,1.924129361565411964e-05,2.850479221220333909e-05,6.623409494539843779e-04
2.906252429820858213e-02,1.967330777653643741e-05,2.914478853968851250e-05,6.772023473260382767e-04
2.937649651961522779e-02,2.011785401586884390e-05,2.980334991629152839e-05,6.924944038863156551e-04
2.969386068849358754e-02,2.057537546412061528e-05,3.048113278176343383e-05,7.082323233866738219e-04
3.001465344919269571e-02,2.104633329285398333e-05,3.117882030046891396e-05,7.244319276348475068e-04
3.033891184194265067e-02,2.153120772300330253e-05,3.189712385492690758e-05,7.411096904401765981e-04
3.066667330713176293e-02,2.203049875902440437e-05,3.263678413323701057e-05,7.582827626104922131e-04
3.099797568962939925e-02,2.254472709010578777e-05,3.339857246398212330e-05,7.759690026749804055e-04
3.133285724315577198e-02,2.307443504247592701e-05,3.418329222681222807e-05,7.941870093420188214e-04
3.167135663469889534e-02,2.362018757844620178e-05,3.499178033224788540e-05,8.129561555400519621e-04
3.201351294897931271e-02,2.418257334459171626e-05,3.582490877426121448e-05,8.322966241220462009e-04
3.235936569296277154e-02,2.476220577163507368e-05,3.668358625943283298e-05,8.522294453194703473e-04
3.270895480042222692e-02,2.535972422849538030e-05,3.756875991633067070e-05,8.727765360280130124e-04
3.306232063654854919e-02,2.597579523336970229e-05,3.848141708935690769e-05,8.939607410209556015e-04
3.341950400261133741e-02,2.661111372458334934e-05,3.942258722111453774e-05,9.158058761813748540e-04
3.378054614067003969e-02,2.726640439437397098e-05,4.039334382798050909e-05,9.383367738588324928e-04
3.414548873833590792e-02,2.794242308854061986e-05,4.139480657322549000e-05,9.615793304478766935e-04
3.451437393358556399e-02,2.863995827543039667e-05,4.242814344282194576e-05,9.855605563039843402e-04
3.488724431962617056e-02,2.935983258768510676e-05,4.349457302900875213e-05,1.010308628110516849e-03
3.526414294981378844e-02,3.010290444022769879e-05,4.459536692676352530e-05,1.035852943811848420e-03
3.564511334262433079e-02,3.087006976140056882e-05,4.573185229786251425e-05,1.062224181376634265e-03
3.603019948667841865e-02,3.166226398827870210e-05,4.690541482625013822e-05,1.089454366576500825e-03
3.641944584582053335e-02,3.248046359987514419e-05,4.811750098879439522e-05,1.117576924809413194e-03
3.681289736425308323e-02,3.332568816145542912e-05,4.936962108315623974e-05,1.146626750416522740e-03
3.721059947172562082e-02,3.419900242617321059e-05,5.066335234052229708e-05,1.176640277885145514e-03
3.761259808878073679e-02,3.510151858888398835e-05,5.200034226371805576e-05,1.207655558190571425e-03
3.801893963205602717e-02,3.603439914725656171e-05,5.338231286491035516e-05,1.239712355906621901e-03
3.842967101964363252e-02,3.699885826697902605e-05,5.481106268720460346e-05,1.272852194802195089e-03
3.884483967650761288e-02,3.799616454684179621e-05,5.628847089995265825e-05,1.307118451431242339e-03
3.926449353995992847e-02,3.902764446041468490e-05,5.781650239628341226e-05,1.342556471837300525e-03
3.968868106519522765e-02,4.009468496841375496e-05,5.939721166200376804e-05,1.379213659619015885e-03
4.011745123088614196e-02,4.119873513454260308e-05,6.103274516815995250e-05,1.417139529615664027e-03
4.055085354483829035e-02,4.234131129697798861e-05,6.272534903081055377e-05,1.456385883576340277e-03
4.098893804970674820e-02,4.352399916201061213e-05,6.447737211117807903e-05,1.497006879908236061e-03
4.143175532877424461e-02,4.474845652829537065e-05,6.629127004986625057e-05,1.539059124903147460e-03
4.187935651179169882e-02,4.601641951905778604e-05,6.816961449758907488e-05,1.582601884222575037e-03
4.233179328088201160e-02,4.732970262493088707e-05,7.011509317688949174e-05,1.627697081582731888e-03
4.278911787650720167e-02,4.869020686625085076e-05,7.213052197176262205e-05,1.674409576017581256e-03
4.325138310350077481e-02,5.009991981972246696e-05,7.421884496509141213e-05,1.722807159489397194e-03
4.371864233716454828e-02,5.156092427696486115e-05,7.638314726302460013e-05,1.772960850576711786e-03
4.419094952943167925e-02,5.307539853517613581e-05,7.862665542310774377e-05,1.824944900532171404e-03
4.466835921509617474e-02,5.464562589155507838e-05,8.095275151645142545e-05,1.878837114933449648e-03
4.515092651810984764e-02,5.627399523696674022e-05,8.336497400425663985e-05,1.934718869399873909e-03
4.563870715794687144e-02,5.796301030934264740e-05,8.586703144239484018e-05,1.992675422104796604e-03
4.613175745603784184e-02,5.971529366388164380e-05,8.846280835927603598e-05,2.052796044466730606e-03
4.663013434227265136e-02,6.153359153478269979e-05,9.115637245409586426e-05,2.115174181939671709e-03
4.713389536157391868e-02,6.342078318622946457e-05,9.395198844494558543e-05,2.179907768238716157e-03
4.764309868054143055e-02,6.537988546266240578e-05,9.685412480490236588e-05,2.247099374219689756e-03
4.815780309416835964e-02,6.741405906687452179e-05,9.986746305723861496e-05,2.316856415373166368e-03
4.867806803262973714e-02,6.952661831187167171e-05,1.029969122160446056e-04,2.389291477686695739e-03
4.920395356814499105e-02,7.172103769739648742e-05,1.062476185225024090e-04,2.464522533761207349e-03
4.973552042191384942e-02,7.400095989418717618e-05,1.096249772659533075e-04,2.542673206306616824e-03
5.027282997112758611e-02,7.637020388570945175e-05,1.131346448376142319e-04,2.623873036047855763e-03
5.081594425605590742e-02,7.883277512783559487e-05,1.167825537728806273e-04,2.708257817702314652e-03
5.136492598721039554e-02,8.139287477524971050e-05,1.205749264103632727e-04,2.795969902755185855e-03
5.191983855258548719e-02,8.405490947225380597e-05,1.245182893861629847e-04,2.887158520267587170e-03
5.248074602497715402e-02,8.682350191820982629e-05,1.286194892747352387e-04,2.981980122785531703e-03
5.304771316938159537e-02,8.970350198146109636e-05,1.328857090412302827e-04,3.080598749452836960e-03
5.362080545047294422e-02,9.269999838893642607e-05,1.373244853455064080e-04,3.183186407102124322e-03
5.420008904016223455e-02,9.581833102045057566e-05,1.419437267406845104e-04,3.289923470144080070e-03
5.478563082523788680e-02,9.906410383718369621e-05,1.467517328097952720e-04,3.400999100074176846e-03
5.537749841508889104e-02,1.024431984756270009e-04,1.517572142867287192e-04,3.516611685458492700e-03
5.597576014951091000e-02,1.059617885396061131e-04,1.569693142096522959e-04,3.636969303284877126e-03
5.658048510659768188e-02,1.096263546239696179e-04,1.623976301564782922e-04,3.762290202576046814e-03
5.719174311071671679e-02,1.134437001049772243e-04,1.680522376141088594e-04,3.892803311185453943e-03
5.780960474057165316e-02,1.174209677344967284e-04,1.739437145362223705e-04,4.028748766740075475e-03
5.843414133735158611e-02,1.215656570750643948e-04,1.800831671442826710e-04,4.170378472661945800e-03
5.906542501296856845e-02,1.258856432598998870e-04,1.864822576885903226e-04,4.317956695436309632e-03
5.970352865838358253e-02,1.303891969858444804e-04,1.931532340327890508e-04,4.471760699548670698e-03
6.034852595202346015e-02,1.350850029219814892e-04,2.001089568884365454e-04,4.632081323451363482e-03
6.100049136828777224e-02,1.399821816715349416e-04,2.073629323095400325e-04,4.799223671583413044e-03
6.165950018614805433e-02,1.450903125644725767e-04,2.149293454137689188e-04,4.973507828843867079e-03
6.232562849783987446e-02,1.504194601262575954e-04,2.228230995447614085e-04,5.155269693976248513e-03
6.299895321764893696e-02,1.559801935980793071e-04,2.310598451373710406e-04,5.344861568808049503e-03
6.367955209079147194e-02,1.617836143036876226e-04,2.396560202006926647e-04,5.542653007496629869e-03
6.436750370239177621e-02,1.678413888769148357e-04,2.486288994764240400e-04,5.749031856780091251e-03
6.506288748655557341e-02,1.741657696409460235e-04,2.579966245599424205e-04,5.964404848912381769e-03
6.576578373554188561e-02,1.807696283771982062e-04,2.677782538477379518e-04,6.189198640682705595e-03
6.647627360903403393e-02,1.876664930214649234e-04,2.779938168130800433e-04,6.423860940389004501e-03
6.719443914351071190e-02,1.948705690051018074e-04,2.886643455298771167e-04,6.668861099810373394e-03
6.792036326171833893e-02,2.023967900612978559e-04,2.998119498309177820e-04,6.924691695001590312e-03
6.865412978224534613e-02,2.102608374168863595e-04,3.114598456294013422e-04,7.191869016652023550e-03
6.939582342920085078e-02,2.184791967329649271e-04,3.236324391420475084e-04,7.470934827253437882e-03
7.014552984199695640e-02,2.270691793954143398e-04,3.363553582965747970e-04,7.762456888577765231e-03
7.090333558523706503e-02,2.360489847422840137e-04,3.496555447596135435e-04,8.067030859512555954e-03
7.166932815871113194e-02,2.454377251110466613e-04,3.635612908810009107e-04,8.385280909740501845e-03
7.244359600749888939e-02,2.552554886434486425e-04,3.781023325459454310e-04,8.717861590475498718e-03
7.322622853218160865e-02,2.655233807342819233e-04,3.933099103783139648e-04,9.065458954015512619e-03
7.401731609916548105e-02,2.762635703965723218e-04,4.092168382066120906e-04,9.428791811591119565e-03
7.481695005111525798e-02,2.874993578387625070e-04,4.258576029249306022e-04,9.808613677000322870e-03
7.562522271750117542e-02,2.992552192613083355e-04,4.432684305903694839e-04,1.020571390409958680e-02
7.644222742525980108e-02,3.115568652345952847e-04,4.614873726097008062e-04,1.062091924603396700e-02
7.726805850957012278e-02,3.244313129775186553e-04,4.805544124843008462e-04,1.105509584129049823e-02
7.810281132474534982e-02,3.379069444150477526e-04,5.005115514615781497e-04,1.150915067301493469e-02
7.894658225524382733e-02,3.520135701653643906e-04,5.214029029338908706e-04,1.198403317858848065e-02
7.979946872679748171e-02,3.667825052027500355e-04,5.432748040907660336e-04,1.248073719722210713e-02
8.066156921766112764e-02,3.822466454742249448e-04,5.661759289409923042e-04,1.300030288821419668e-02
8.153298326998334455e-02,3.984405422356696817e-04,5.901573979109781551e-04,1.354381850595860054e-02
8.241381150129996336e-02,4.154004833328729792e-04,6.152728976771428384e-04,1.411242233585118834e-02
8.330415561615205078e-02,4.331645779954859340e-04,6.415788061443576098e-04,1.470730466845371516e-02
8.420411841782858564e-02,4.517728444226666346e-04,6.691343214967728284e-04,1.532970978028384661e-02
8.511380382023746305e-02,4.712673059281165928e-04,6.980016038556544587e-04,1.598093810586454985e-02
8.603331685990334154e-02,4.916920865498903637e-04,7.282459160695718475e-04,1.666234828748374905e-02
8.696276370809574718e-02,5.130935118016032156e-04,7.599357720357634381e-04,1.737535928332580373e-02
8.790225168308817005e-02,5.355202144137418026e-04,7.931430923201934335e-04,1.812145251815927907e-02
8.885188926254958264e-02,5.590232447019232928e-04,8.279433665293593108e-04,1.890217405292170597e-02
8.981178609606928209e-02,5.836561857284854309e-04,8.644158226701903220e-04,1.971913676632787091e-02
9.078205301781838710e-02,6.094752734282464631e-04,9.026436037399969718e-04,2.057402254075462594e-02
9.176280205934665701e-02,6.365395218719509121e-04,9.427139517913337612e-04,2.146858444365493807e-02
9.275414646251836648e-02,6.649108538443116627e-04,9.847183997204948629e-04,2.240464889470851831e-02
9.375620069258774891e-02,6.946542369179538497e-04,1.028752971033605919e-03,2.338411780783283475e-02
9.476908045141561876e-02,7.258378252061640449e-04,1.074918387845244213e-03,2.440897069593073523e-02
9.579290269082893494e-02,7.585331069821510397e-04,1.123320287370130647e-03,2.548126672503677956e-02
9.682778562612454065e-02,7.928150583535102745e-04,1.174069447168232154e-03,2.660314670311196561e-02
9.787384874971888360e-02,8.287623031862070746e-04,1.227282019410155670e-03,2.777683498740637219e-02
9.893121284494552081e-02,8.664572818466237869e-04,1.283079777942119264e-03,2.900464136996290868e-02
9.999999999999989453e-02,9.059864237389881345e-04,1.341590370690353123e-03,3.028896275127643256e-02
1.010803336220383458e-01,9.474403238224966177e-04,1.402947577651641672e-03,3.163228458231122364e-02
1.021723384514258703e-01,9.909139315019647055e-04,1.467291586864808827e-03,3.303718231854039372e-02
1.032761405761395412e-01,1.036506744833103153e-03,1.534769277881561141e-03,3.450632262475428202e-02
1.043918674463272800e-01,1.084323012183108790e-03,1.605534515870150674e-03,3.604246436779333373e-02
1.055196478890237655e-01,1.134471942701254042e-03,1.679748458318003346e-03,3.764845940596731055e-02
1.066596121230254796e-01,1.187067935727380763e-03,1.757579889277513605e-03,3.932725346059520732e-02
1.078118917739263327e-01,1.242230787363039551e-03,1.839205519288887071e-03,4.108188569609078078e-02
1.089766198893157706e-01,1.300085927087466127e-03,1.924810329191356355e-03,4.291548866556874758e-02
1.101539309541410966e-01,1.360764663114039574e-03,2.014587926236611690e-03,4.483128789194192054e-02
1.113439609062357033e-01,1.424404439952554197e-03,2.108740917571499257e-03,4.683260114912055766e-02
1.125468471520155306e-01,1.491149113798442881e-03,2.207481309338414979e-03,4.892283757011438305e-02
1.137627285823429729e-01,1.561149181898968284e-03,2.311030836867731739e-03,5.110549453939234460e-02
1.149917455885663825e-01,1.634562077067529002e-03,2.419621390360563590e-03,5.338415581798489767e-02
1.162340400787285899e-01,1.711552467598468708e-03,2.533495447572736009e-03,5.576248895695936486e-02
1.174897554939527411e-01,1.792292579496892980e-03,2.652906538426541214e-03,5.824424247044308195e-02
1.187590368250046879e-01,1.876962441912454795e-03,2.778119594877382498e-03,6.083323967923554704e-02
1.200420306290342493e-01,1.965750230174754306e-03,2.909411443876458361e-03,6.353337456277660666e-02
1.213388850464974106e-01,2.058852634842380826e-03,3.047071337397005020e-03,6.634860731120249822e-02
1.226497498182613083e-01,2.156475175041917304e-03,3.191401398562651159e-03,6.928295705518781877e-02
1.239747763028940380e-01,2.258832503416529931e-03,3.342717053754416540e-03,7.234049321632930740e-02
1.253141174941411751e-01,2.366148818642423591e-03,3.501347621970203345e-03,7.552532889140251005e-02
1.266679280385911432e-01,2.478658279652961281e-03,3.667636904724347682e-03,7.884161298498942871e-02
1.280363642535315150e-01,2.596605272784347287e-03,3.841943556450241361e-03,8.229351671677918867e-02
1.294195841449985174e-01,2.720244863851461851e-03,4.024641725978060462e-03,8.588522431238469756e-02
1.308177474260192874e-01,2.849843287143953921e-03,4.216121750015591925e-03,8.962092333757198936e-02
1.322310155350558958e-01,2.985678220536312592e-03,4.416790527881630200e-03,9.350478745670370850e-02
1.336595516546440210e-01,3.128039256112537421e-03,4.627072182248305292e-03,9.754096352566486716e-02
1.351035207302349883e-01,3.277228458419624395e-03,4.847408846073777110e-03,1.017335596885405175e-01
1.365630894892413960e-01,3.433560658847588896e-03,5.078261056314634092e-03,1.060866245880228292e-01
1.380384264602881328e-01,3.597363945347366917e-03,5.320108432501711136e-03,1.106041308007378876e-01
1.395297019926714788e-01,3.768980287746752974e-03,5.573450551409933965e-03,1.152899605638698088e-01
1.410370882760283440e-01,3.948765845396836650e-03,5.838807348314815904e-03,1.201478813882485702e-01
1.425607593602183365e-01,4.137091487047079609e-03,6.116719826957994766e-03,1.251815263443704085e-01
1.441008911754201316e-01,4.334343479951008674e-03,6.407751014057270697e-03,1.303943775555966300e-01
1.456576615524452223e-01,4.540923800722141031e-03,6.712486350092274762e-03,1.357897384099595040e-01
1.472312502432717995e-01,4.757250696820672538e-03,7.031534444116062377e-03,1.413707115532570890e-01
1.488218389417974297e-01,4.983759434327295415e-03,7.365528096780659534e-03,1.471401806265739132e-01
1.504296113048216033e-01,5.220902605756885979e-03,7.715124667547741330e-03,1.531007798166486300e-01
1.520547529732493575e-01,5.469150736974666936e-03,8.081006875736335832e-03,1.592548706205712539e-01
1.536974515935268792e-01,5.728993088634760054e-03,8.463883880096823714e-03,1.656045227717209412e-01
1.553578968393080351e-01,6.000937961726919914e-03,8.864491618865566816e-03,1.721514825308136376e-01
1.570362804333548801e-01,6.285513340599784005e-03,9.283593638154032796e-03,1.788971494237122373e-01
1.587327961696750334e-01,6.583267744834263129e-03,9.721982217773778717e-03,1.858425578334351180e-01
1.604476399358977790e-01,6.894770543271421491e-03,1.018047869425199592e-02,1.929883461361914521e-01
1.621810097358925007e-01,7.220612606768802254e-03,1.065993427154475828e-02,2.003347346936209528e-01
1.639331057126308111e-01,7.561407204295088683e-03,1.116123117735176064e-02,2.078815099710859815e-01
1.657041301712962045e-01,7.917790358368117370e-03,1.168528301068211088e-02,2.156279974780236641e-01
1.674942876026430660e-01,8.290421458664010493e-03,1.223303545568313333e-02,2.235730422296343112e-01
1.693037847066088120e-01,8.679984172328434472e-03,1.280546741654336150e-02,2.317149970886618060e-01
1.711328304161779112e-01,9.087186933278368350e-03,1.340359151729350259e-02,2.400517038437265938e-01
1.729816359215099464e-01,9.512763418511699723e-03,1.402845456604834458e-02,2.485804766457332948e-01
1.748504146943221649e-01,9.957473437252145620e-03,1.468113860756908341e-02,2.572980963859841097e-01
1.767393825125385953e-01,1.042210365418554455e-02,1.536276171236380071e-02,2.662008040424667099e-01
1.786487574852047011e-01,1.090746785032726054e-02,1.607447806715435815e-02,2.752842882468034547e-01
1.805787600776713187e-01,1.141440777414537248e-02,1.681747891011056359e-02,2.845436877306271040e-01
1.825296131370505448e-01,1.194379400576804293e-02,1.759299346140016582e-02,2.939735968331495530e-01
1.845015419179468208e-01,1.249652621763546780e-02,1.840228894484241887e-02,3.035680636002547339e-01
1.864947741084657662e-01,1.307353382530739710e-02,1.924667115625859626e-02,3.133205990810515318e-01
1.885095398565042046e-01,1.367577673687047322e-02,2.012748514868835728e-02,3.232241919248718953e-01
1.905460717963239903e-01,1.430424607689340967e-02,2.104611585102832486e-02,3.332713260305909531e-01
1.926046050754132155e-01,1.495996433921209338e-02,2.200398782161624642e-02,3.434539929570074590e-01
1.946853773816379918e-01,1.564398611701831032e-02,2.300256581488608135e-02,3.537637179016452915e-01
1.967886289706842762e-01,1.635739870901012707e-02,2.404335513304315178e-02,3.641915871863905529e-01
1.989146026938030942e-01,1.710132273224820171e-02,2.512790195217887157e-02,3.747282792939988227e-01
2.010635440258484452e-01,1.787691220127569924e-02,2.625779283390863167e-02,3.853640919232559359e-01
2.032357010936217678e-01,1.868535513537626647e-02,2.743465497002143746e-02,3.960889803139888699e-01
2.054313247045217450e-01,1.952787397641380512e-02,2.866015611106121144e-02,4.068925958132711407e-01
2.076506683755036942e-01,2.040572609974617910e-02,2.993600458886820290e-02,4.177643283437824095e-01
2.098939883623518465e-01,2.132020386009407867e-02,3.126394862030544564e-02,4.286933455350346311e-01
2.121615436892678175e-01,2.227263482600387937e-02,3.264577584237867564e-02,4.396686368673853873e-01
2.144535961787787659e-01,2.326438206574219653e-02,3.408331287671424736e-02,4.506790602705921800e-01
2.167704104819686839e-01,2.429684427654610346e-02,3.557842462000151279e-02,4.617133883365769353e-01
2.191122541090361753e-01,2.537145595005564636e-02,3.713301353904914504e-02,4.727603560174252761e-01
2.214793974601832194e-01,2.648968724436281605e-02,3.874901849244732910e-02,4.838087059730696859e-01
2.238721138568337543e-01,2.765304380250774297e-02,4.042841342650188574e-02,4.948472340595419516e-01
2.262906795731973453e-01,2.886306668448734500e-02,4.217320618557662132e-02,5.058648360143531697e-01
2.287353738681658921e-01,3.012133210395712829e-02,4.398543698983667372e-02,5.168505518355246409e-01
2.312064790175590578e-01,3.142945106801077471e-02,4.586717672305348770e-02,5.277936086291139528e-01
2.337042803467170304e-01,3.278906892413679941e-02,4.782052503672346022e-02,5.386834616670633791e-01
2.362290662634456417e-01,3.420186484298767815e-02,4.984760831214076621e-02,5.495098335824912805e-01
2.387811282913171462e-01,3.566955098039660543e-02,5.195057711352835811e-02,5.602627495300256388e-01
2.413607611033310174e-01,3.719387172090813515e-02,5.413160371180480990e-02,5.709325713382945588e-01
2.439682625559382312e-01,3.877660275026448278e-02,5.639287931762500261e-02,5.815100283677133719e-01
2.466039337234330608e-01,4.041954996974311126e-02,5.873661104519452281e-02,5.919862451300095252e-01
2.492680789327167412e-01,4.212454826436076716e-02,6.116501862741795942e-02,6.023527657037297534e-01
2.519610057984362217e-01,4.389346011759520660e-02,6.368033087575404594e-02,6.126015748622438695e-01
2.546830252585038923e-01,4.572817406529512685e-02,6.628478187888120488e-02,6.227251158706474943e-01
2.574344516099962288e-01,4.763060298151724353e-02,6.898060693512583774e-02,6.327163049464599176e-01
2.602156025454493427e-01,4.960268218915245969e-02,7.177003821458438626e-02,6.425685424155247460e-01
2.630267991895378077e-01,5.164636738835989144e-02,7.465530014793883562e-02,6.522757206284014453e-01
2.658683661361539441e-01,5.376363239607240968e-02,7.763860454021120905e-02,6.618322287336479981e-01
2.687406314858871159e-01,5.595646669089827246e-02,8.072214541013038314e-02,6.712329544353322630e-01
2.716439268839075938e-01,5.822687275498318604e-02,8.390809355287691396e-02,6.804732828726798299e-01
2.745785875582600344e-01,6.057686320649603023e-02,8.719859082797740135e-02,6.895490927906345879e-01
2.775449523585701850e-01,6.300845772713629944e-02,9.059574419016068469e-02,6.984567502241386672e-01
2.805433637951704196e-01,6.552367976847445208e-02,9.410161945314600429e-02,7.071930998458048068e-01
2.835741680786473262e-01,6.812455303719996969e-02,9.771823480028661579e-02,7.157554542044716195e-01
2.866377151598167861e-01,7.081309775640097504e-02,1.014475540528807507e-01,7.241415810706212097e-01
2.897343587701310952e-01,7.359132670035065105e-02,1.052914797085069132e-01,7.323496891057174052e-01
2.928644564625234037e-01,7.646124100228837706e-02,1.092518457655629188e-01,7.403784120756645715e-01
2.960283696526882502e-01,7.942482573762384146e-02,1.133304103552130876e-01,7.482267918296858777e-01
2.992264636608185091e-01,8.248404527733732561e-02,1.175288481923249390e-01,7.558942602364308039e-01
3.024591077537829853e-01,8.564083841763961424e-02,1.218487428734743999e-01,7.633806202920554451e-01
3.057266751877646405e-01,8.889711328886724939e-02,1.262915790465691523e-01,7.706860265918089592e-01
3.090295432513583407e-01,9.225474204853015281e-02,1.308587344799824470e-01,7.778109653478556540e-01
3.123680933091346756e-01,9.571555536511747175e-02,1.355514720619400426e-01,7.847562341247908968e-01
3.157427108456736797e-01,9.928133670091392193e-02,1.403709317635348230e-01,7.915229214517909284e-01
3.191537855100751719e-01,1.029538164038417414e-01,1.453181226013613991e-01,7.981123864572892135e-01
3.226017111609489896e-01,1.067346656201766802e-01,1.503939146382667347e-01,8.045262386586430337e-01
3.260868859118921104e-01,1.106254900418897208e-01,1.555990310630994411e-01,8.107663180257252966e-01
3.296097121774564931e-01,1.146278235043600574e-01,1.609340403925924312e-01,8.168346754239583785e-01
3.331705967196149087e-01,1.187431215597343631e-01,1.663993489830587202e-01,8.227335536789466275e-01
3.367699506947230415e-01,1.229727548279918731e-01,1.719951936074823606e-01,8.284653689980631119e-01
3.404081897010004520e-01,1.273180021009563123e-01,1.777216340888887747e-01,8.340326928231032166e-01
3.440857338265128074e-01,1.317800436298136868e-01,1.835785465781359094e-01,8.394382347220630258e-01
3.478030076976784124e-01,1.363599542867953152e-01,1.895656170800661122e-01,8.446848258657785324e-01
3.515604405282973799e-01,1.410586967149779214e-01,1.956823353937407195e-01,8.497754032579568628e-01
3.553584661691110980e-01,1.458771145935457425e-01,2.019279896437197186e-01,8.547129948408056510e-01
3.591975231578961592e-01,1.508159263730076416e-01,2.083016618645794349e-01,8.595007057604665546e-01
3.630780547701003003e-01,1.558757176833939495e-01,2.148022223245889817e-01,8.641417040250881643e-01
3.670005090700249051e-01,1.610569350060016003e-01,2.214283259548098515e-01,8.686392082179524854e-01
3.709653389625606756e-01,1.663598793458675729e-01,2.281784092335250869e-01,8.729964758068965436e-01
3.749730022454821343e-01,1.717847002073868146e-01,2.350506879104832525e-01,8.772167923018816538e-01
3.790239616623070629e-01,1.773313906722625288e-01,2.420431565632130688e-01,8.813034617659738501e-01
3.831186849557284835e-01,1.829997797380167046e-01,2.491535851276223956e-01,8.852597958046765081e-01
3.872576449216167949e-01,1.887895274811388080e-01,2.563795194457679227e-01,8.890891053649684350e-01
3.914413194636193194e-01,1.947001203005618297e-01,2.637182823011519628e-01,8.927946929423056233e-01
3.956701916483357784e-01,2.007308682210721951e-01,2.711669773662007121e-01,8.963798463779859560e-01
3.999447497610967295e-01,2.068808981206929354e-01,2.787224884362551891e-01,8.998478304919962367e-01
4.042654873623434120e-01,2.131491498925429107e-01,2.863814826665225799e-01,9.032018811087044741e-01
4.086329033446164383e-01,2.195343744789030882e-01,2.941404163732074251e-01,9.064452003522874834e-01
4.130475019901602152e-01,2.260351338440587665e-01,3.019955433708129133e-01,9.095809529575001884e-01
4.175097930291498671e-01,2.326497938281434641e-01,3.099429148780039056e-01,9.126122593152546925e-01
4.220202916985469899e-01,2.393765242467068288e-01,3.179783884222132651e-01,9.155421925702328378e-01
4.265795188015911177e-01,2.462133020904103686e-01,3.260976404609074453e-01,9.183737769455776467e-01
4.311880007679345650e-01,2.531579081394144115e-01,3.342961711389309531e-01,9.211099832401490328e-01
4.358462697144260267e-01,2.602079251175858920e-01,3.425693109844528128e-01,9.237537254664767161e-01
4.405548635065529295e-01,2.673607447524373182e-01,3.509122380077940306e-01,9.263078609776539407e-01
4.453143258205398691e-01,2.746135686228250994e-01,3.593199872594843303e-01,9.287751880390008319e-01
4.501252062061329995e-01,2.819634048712588714e-01,3.677874555139883372e-01,9.311584423418992618e-01
4.549880601500477795e-01,2.894070806357905701e-01,3.763094239216023262e-01,9.334602988986261396e-01
4.599034491401093327e-01,2.969412429667271369e-01,3.848805669241889826e-01,9.356833698911606323e-01
4.648719407300844209e-01,3.045623582254372574e-01,3.934954592552202812e-01,9.378302024711480112e-01
4.698941086052142446e-01,3.122667302737479611e-01,4.021486038150743902e-01,9.399032819673458494e-01
4.749705326484542356e-01,3.200504958301654823e-01,4.108344331492634893e-01,9.419050284715988486e-01
4.801017990074306629e-01,3.279096342392490149e-01,4.195473268274755307e-01,9.438377977231152682e-01
4.852885001621193850e-01,3.358399847385569736e-01,4.282816363835638129e-01,9.457038835428981383e-01
4.905312349932569038e-01,3.438372383345267291e-01,4.370316815572080626e-01,9.475055141267827441e-01
4.958306088514895515e-01,3.518969641533005732e-01,4.457917839661983406e-01,9.492448566202752458e-01
5.011872336272719108e-01,3.600146081016294408e-01,4.545562695629319361e-01,9.509240151271117769e-01
5.066017278215118047e-01,3.681855046291477862e-01,4.633194848728214854e-01,9.525450318811543582e-01
5.120747166169953291e-01,3.764048970948783990e-01,4.720758215783923406e-01,9.541098899408527734e-01
5.176068319505668924e-01,3.846679312077073698e-01,4.808197115529235788e-01,9.556205106343905742e-01
5.231987125860969590e-01,3.929696890666856124e-01,4.895456644299364113e-01,9.570787587968884180e-01
5.288510041882368284e-01,4.013051773865307092e-01,4.982482557882340624e-01,9.584864394850656222e-01
5.345643593969704455e-01,4.096693625600296707e-01,5.069221639876585472e-01,9.598453031242756284e-01
5.403394379029703432e-01,4.180571626184597656e-01,5.155621610433570590e-01,9.611570431853523333e-01
5.461769065237697118e-01,4.264634771515912748e-01,5.241631423204810014e-01,9.624233002330411235e-01
5.520774392807555886e-01,4.348831856018265940e-01,5.327201227527900151e-01,9.636456608896557530e-01
5.580417174769944921e-01,4.433111715498486705e-01,5.412282591002891552e-01,9.648256608622585162e-01
5.640704297758992736e-01,4.517423251697538777e-01,5.496828492416354628e-01,9.659647847366137352e-01
5.701642722807451769e-01,4.601715651261787943e-01,5.580793505359024076e-01,9.670644685856251144e-01
5.763239486150469881e-01,4.685938404266169477e-01,5.664133774341842953e-01,9.681260998614963365e-01
5.825501700037949426e-01,4.770041545598608379e-01,5.746807207719537569e-01,9.691510202597881651e-01
5.888436553555881359e-01,4.853975619163259925e-01,5.828773390875899851e-01,9.701405251011990805e-01
5.952051313456347970e-01,4.937691975590101090e-01,5.909993823034750404e-01,9.710958668488227641e-01
6.016353324996598362e-01,5.021142660293848037e-01,5.990431749182792975e-01,9.720182537918959920e-01
6.081350012787165582e-01,5.104280761749446782e-01,6.070052435818379388e-01,9.729088540864313517e-01
6.147048881649145313e-01,5.187060255372284434e-01,6.148822955911146249e-01,9.737687941781992818e-01
6.213457517480739378e-01,5.269436330241888955e-01,6.226712435498680254e-01,9.745991625474600406e-01
6.280583588133160644e-01,5.351365300445728446e-01,6.303691900490320243e-01,9.754010090542579725e-01
6.348434844295991475e-01,5.432804762816860755e-01,6.379734357299476910e-01,9.761753469397802530e-01
6.417019120392126741e-01,5.513713712242868104e-01,6.454814830180460872e-01,9.769231543433805065e-01
6.486344335482359114e-01,5.594052458766259894e-01,6.528910214100325238e-01,9.776453740385168123e-01
6.556418494179760970e-01,5.673782888995159146e-01,6.601999446964048612e-01,9.783429163961531172e-01
6.627249687573956161e-01,5.752868359561436051e-01,6.674063340894791363e-01,9.790166590003831493e-01
6.698846094165256115e-01,5.831273792000005729e-01,6.745084601149228254e-01,9.796674481678646629e-01
6.771215980809133228e-01,5.908965789537153901e-01,6.815047863915831838e-01,9.802961006037571590e-01
6.844367703670655168e-01,5.985912522748111364e-01,6.883939526532421027e-01,9.809034031921973762e-01
6.918309709189350842e-01,6.062083877221239314e-01,6.951747816320845708e-01,9.814901149792201185e-01
6.993050535054474715e-01,6.137451462895304743e-01,7.018462735337867020e-01,9.820569680109090260e-01
7.068598811190808240e-01,6.211988531632903765e-01,7.084075926935673451e-01,9.826046675414029652e-01
7.144963260755112788e-01,6.285670087922278215e-01,7.148580715945358488e-01,9.831338937270864831e-01
7.222152701143345066e-01,6.358472877417662428e-01,7.211972042185901266e-01,9.836453023845583843e-01
7.300176045008754944e-01,6.430375318405567864e-01,7.274246347643735788e-01,9.841395253892116779e-01
7.379042301290982264e-01,6.501357530991220823e-01,7.335401552084156451e-01,9.846171717921553546e-01
7.458760576256269204e-01,6.571401359638956441e-01,7.395437024694276884e-01,9.850788288669098947e-01
7.539340074548941395e-01,6.640490308920385942e-01,7.454353483803919378e-01,9.855250625783262830e-01
7.620790100254112298e-01,6.708609490737160730e-01,7.512152910417234652e-01,9.859564181636408797e-01
7.703120057972135948e-01,6.775745662941696779e-01,7.568838542370857070e-01,9.863734212972387061e-01
7.786339453904397301e-01,6.841887174377787595e-01,7.624414791332164709e-01,9.867765786416616836e-01
7.870457896950971977e-01,6.907023917414062408e-01,7.678887169566611659e-01,9.871663784579952639e-01
7.955485099820114314e-01,6.971147269679326408e-01,7.732262210925054946e-01,9.875432911571531136e-01
8.041430880149730287e-01,7.034250089116594884e-01,7.784547439198060692e-01,9.879077701619969343e-01
8.128305161640970722e-01,7.096326665322245653e-01,7.835751302443376698e-01,9.882602524933381538e-01
8.216117975204064727e-01,7.157372661370724476e-01,7.885883102347557294e-01,9.886011592976400308e-01
8.304879460116539880e-01,7.217385065768255892e-01,7.934952934741872355e-01,9.889308964263968660e-01
8.394599865193944632e-01,7.276362134309164453e-01,7.982971624441022040e-01,9.892498549495121196e-01
8.485289549973229484e-01,7.334303351853074249e-01,8.029950678796002883e-01,9.895584117651958778e-01
8.576958985908905708e-01,7.391209384702660534e-01,8.075902235729467415e-01,9.898569301406812126e-01
8.669618757582159274e-01,7.447082019025912381e-01,8.120839002695499076e-01,9.901457601648384621e-01
8.763279563922872217e-01,7.501924107780292283e-01,8.164774204700719906e-01,9.904252392325129106e-01
8.857952219445155428e-01,7.555739517406842021e-01,8.207721534109091444e-01,9.906956925114540624e-01
8.953647655495923230e-01,7.608533074519111539e-01,8.249695102290122151e-01,9.909574333924037193e-01
9.050376921517103712e-01,7.660310512794373805e-01,8.290709393155072382e-01,9.912107639228752154e-01
9.148151186321461514e-01,7.711078418829087067e-01,8.330779217486703470e-01,9.914559752182993124e-01
9.246981739382201804e-01,7.760844182618835685e-01,8.369919672416087364e-01,9.916933478776426281e-01
9.346879992136504223e-01,7.809615946407126863e-01,8.408146100957826219e-01,9.919231523722773503e-01
9.447857479303141126e-01,7.857402552464485268e-01,8.445474051975000451e-01,9.921456494115591385e-01
9.549925860214327766e-01,7.904213493627498810e-01,8.481919243475335435e-01,9.923610903032480390e-01
9.653096920161967631e-01,7.950058864970086514e-01,8.517497527837920579e-01,9.925697173006683416e-01
9.757382571758436152e-01,7.994949316708935827e-01,8.552224858946448904e-01,9.927717639370642333e-01
9.862794856312098180e-01,8.038896008431393181e-01,8.586117261198503714e-01,9.929674553476117715e-01
9.969345945217517047e-01,8.081910564720888868e-01,8.619190800354522564e-01,9.931570085795162761e-01
1.007704814136102911e+00,8.124005032242859192e-01,8.651461556185408019e-01,9.933406328906262406e-01
1.018591388054115310e+00,8.165191838341849806e-01,8.682945596872934102e-01,9.935185300369722139e-01
1.029595573290452259e+00,8.205483751189954766e-01,8.713658955113933180e-01,9.936908945496314427e-01
1.040718640439728615e+00,8.244893841516203192e-01,8.743617605875966259e-01,9.938579140013019675e-01
1.051961873823220373e+00,8.283435445938494013e-01,8.772837445750887309e-01,9.940197692629694215e-01
1.063326571637158491e+00,8.321122133123870501e-01,8.801334274766843269e-01,9.941766347560552219e-01
1.074814046102623433e+00,8.357967669407460054e-01,8.829123778043693749e-01,9.943286786862457483e-01
1.086425623617061964e+00,8.393985985829405250e-01,8.856221508737566195e-01,9.944760632678736334e-01
1.098162644907438201e+00,8.429191148737298356e-01,8.882642873834175612e-01,9.946189449479347910e-01
1.110026465185040001e+00,8.463597331126927470e-01,8.908403120603993752e-01,9.947574746183116545e-01
1.122018454301958901e+00,8.497218785544932151e-01,8.933517324301619711e-01,9.948917978200808587e-01
1.134139996909263148e+00,8.530069818526019310e-01,8.958000377049599727e-01,9.950220549401970205e-01
1.146392492616859826e+00,8.562164767538508192e-01,8.981866978594427176e-01,9.951483814047752396e-01
1.158777356155124449e+00,8.593517981769193126e-01,9.005131629878035948e-01,9.952709078743724458e-01
1.171296017538236534e+00,8.624143792398976105e-01,9.027808618757782178e-01,9.953897603857617682e-01
1.183949922229299734e+00,8.654056496211216531e-01,9.049912015577373792e-01,9.955050605344183401e-01
1.196740531307241007e+00,8.683270337875086398e-01,9.071455667637708942e-01,9.956169256399425294e-01
1.209669321635514772e+00,8.711799496620892258e-01,9.092453196780657665e-01,9.957254689170149664e-01
1.222737786032627616e+00,8.739658069070856961e-01,9.112917993994058552e-01,9.958307996207528268e-01
1.235947433444506638e+00,8.766860045982572958e-01,9.132863209430842621e-01,9.959330231593236382e-01
1.249299789118729187e+00,8.793419304855741858e-01,9.152301753946404661e-01,9.960322412570591366e-01
1.262796394780634213e+00,8.819349605197789321e-01,9.171246302366324876e-01,9.961285521172431601e-01
1.276438808811338976e+00,8.844664565391763267e-01,9.189709283122138306e-01,9.962220505072605370e-01
1.290228606427674896e+00,8.869377652252030675e-01,9.207702877032761801e-01,9.963128278831552276e-01
1.304167379864076048e+00,8.893502183375819881e-01,9.225239025199215570e-01,9.964009725526169481e-01
1.318256738556405683e+00,8.917051309335249920e-01,9.242329422014772256e-01,9.964865697557233615e-01
1.332498309327817987e+00,8.940038002143034790e-01,9.258985512598745249e-01,9.965697017619372655e-01
1.346893736576580514e+00,8.962475064086226073e-01,9.275218504793706353e-01,9.966504480335089955e-01
1.361444682465947187e+00,8.984375104583837146e-01,9.291039357790823461e-01,9.967288852662091747e-01
1.376152827116081667e+00,9.005750543280873766e-01,9.306458789591801617e-01,9.968050875186788007e-01
1.391019868798049286e+00,9.026613609730597121e-01,9.321487281775986400e-01,9.968791263226868260e-01
1.406047524129909965e+00,9.046976325594550117e-01,9.336135071492090987e-01,9.969510707255085924e-01
1.421237528274924555e+00,9.066850519821310073e-01,9.350412167025720089e-01,9.970209874437797604e-01
1.436591635141906798e+00,9.086247806391875015e-01,9.364328336243487039e-01,9.970889408795100550e-01
1.452111617587736880e+00,9.105179600823124497e-01,9.377893122724811903e-01,9.971549932677190586e-01
1.467799267622063697e+00,9.123657101245242762e-01,9.391115836283738805e-01,9.972192046948177291e-01
1.483656396614224438e+00,9.141691303203661745e-01,9.404005567504916119e-01,9.972816332303824360e-01
1.499684835502371971e+00,9.159292983619423678e-01,9.416571180027903942e-01,9.973423349471542965e-01
1.515886435004916377e+00,9.176472715292642857e-01,9.428821324516085678e-01,9.974013640428793792e-01
1.532263065834194471e+00,9.193240852476968206e-01,9.440764431803878587e-01,9.974587728582586799e-01
1.548816618912478571e+00,9.209607544512915522e-01,9.452408725915103505e-01,9.975146119878288697e-01
1.565549005590309184e+00,9.225582725868346490e-01,9.463762220114686485e-01,9.975689303063065561e-01
1.582462157867190022e+00,9.241176123335952397e-01,9.474832725042489079e-01,9.976217750503972859e-01
1.599558028614664673e+00,9.256397256885190439e-01,9.485627852184559394e-01,9.976731918756319706e-01
1.616838591801804226e+00,9.271255436014571583e-01,9.496155014028434538e-01,9.977232248951245497e-01
1.634305842723132285e+00,9.285759768870914810e-01,9.506421433145267885e-01,9.977719167586184268e-01
1.651961798229009126e+00,9.299919159502696431e-01,9.516434142732211887e-01,9.978193086887442442e-01
1.669808496958508304e+00,9.313742309143507869e-01,9.526199989902153220e-01,9.978654405284583806e-01
1.687847999574805913e+00,9.327237722817404153e-01,9.535725642617944864e-01,9.979103508038117409e-01
1.706082389003122257e+00,9.340413708866683873e-01,9.545017591512438004e-01,9.979540767607463225e-01
1.724513770671199708e+00,9.353278380344689502e-01,9.554082152928818905e-01,9.979966544060767664e-01
1.743144272752443991e+00,9.365839660678770828e-01,9.562925474869928832e-01,9.980381185605684546e-01
1.761976046411626307e+00,9.378105285289030091e-01,9.571553539997393889e-01,9.980785028966459027e-01
1.781011266053275088e+00,9.390082804006810724e-01,9.579972169105058777e-01,9.981178399769627951e-01
1.800252129572741389e+00,9.401779583572253962e-01,9.588187024561580785e-01,9.981561612915373916e-01
1.819700858609978988e+00,9.413202812076528758e-01,9.596203615034536449e-01,9.981934972996283628e-01
1.839359698806064980e+00,9.424359501504461223e-01,9.604027298798039070e-01,9.982298774638219685e-01
1.859230920062492132e+00,9.435256490649017724e-01,9.611663287225759023e-01,9.982653302839009646e-01
1.879316816803262125e+00,9.445900448312667397e-01,9.619116648412125992e-01,9.982998833302769714e-01
1.899619708239810745e+00,9.456297876471772001e-01,9.626392310697479138e-01,9.983335632760077516e-01
1.920141938638794121e+00,9.466455113502710850e-01,9.633495066169712739e-01,9.983663959277845334e-01
1.940885877592769981e+00,9.476378337713435851e-01,9.640429574315492189e-01,9.983984062567463624e-01
1.961853920293807896e+00,9.486073570354843776e-01,9.647200365246783038e-01,9.984296184265131213e-01
1.983048487810021410e+00,9.495546678851641831e-01,9.653811843023257788e-01,9.984600558208984733e-01
2.004472027365158393e+00,9.504803380041021432e-01,9.660268288925020208e-01,9.984897410706690124e-01
2.026127012621139922e+00,9.513849243397437538e-01,9.666573864663127180e-01,9.985186960793362987e-01
2.048015943963689356e+00,9.522689694239280245e-01,9.672732615527500633e-01,9.985469420480177494e-01
2.070141348791037395e+00,9.531330016913528436e-01,9.678748473471920910e-01,9.985744994994036894e-01
2.092505781805747311e+00,9.539775357954761725e-01,9.684625260135949487e-01,9.986013883008639791e-01
2.115111825309693661e+00,9.548030729215293277e-01,9.690366689803683320e-01,9.986276276867274149e-01
2.137962089502225549e+00,9.556101010963431452e-01,9.695976372299450752e-01,9.986532362797662099e-01
2.161059212781553995e+00,9.563990954947160228e-01,9.701457815820574426e-01,9.986782321119147543e-01
2.184405862049392688e+00,9.571705187420820327e-01,9.706814429707431024e-01,9.987026326442517421e-01
2.208004733018891219e+00,9.579248212132610574e-01,9.712049527151194184e-01,9.987264547862734210e-01
2.231858550525902540e+00,9.586624413270933287e-01,9.717166327839635853e-01,9.987497149144847208e-01
2.255970068843573983e+00,9.593838058367899491e-01,9.722167960541485687e-01,9.987724288903339076e-01
2.280342072000415055e+00,9.600893301158471838e-01,9.727057465629931343e-01,9.987946120775140768e-01
2.304977374101723875e+00,9.607794184393911863e-01,9.731837797545843660e-01,9.988162793586552457e-01
2.329878819654524147e+00,9.614544642615240333e-01,9.736511827206152381e-01,9.988374451514521191e-01
2.355049283896004653e+00,9.621148504872051310e-01,9.741082344348579447e-01,9.988581234242053242e-01
2.380491673125508800e+00,9.627609497352987988e-01,9.745552059790800747e-01,9.988783277106920711e-01
2.406208925040109747e+00,9.633931246031328666e-01,9.749923607676876935e-01,9.988980711247170685e-01
2.432204009073807960e+00,9.640117279238266113e-01,9.754199547651565272e-01,9.989173663740833486e-01
2.458479926740399613e+00,9.646171030184268469e-01,9.758382366977883526e-01,9.989362257740748152e-01
2.485039711980042476e+00,9.652095839423971979e-01,9.762474482595755454e-01,9.989546612604468523e-01
2.511886431509570361e+00,9.657894957245954926e-01,9.766478243109993906e-01,9.989726844018893548e-01
2.539023185176590314e+00,9.663571546065976570e-01,9.770395930762812986e-01,9.989903064122236387e-01
2.566453106317414079e+00,9.669128682754521975e-01,9.774229763344027822e-01,9.990075381621282835e-01
2.594179362118811394e+00,9.674569360897600223e-01,9.777981896039122933e-01,9.990243901904118928e-01
2.622205153983763637e+00,9.679896492923265594e-01,9.781654423169493517e-01,9.990408727146339318e-01
2.650533717901075281e+00,9.685112912386010242e-01,9.785249380027110089e-01,9.990569956419919073e-01
2.679168324819026559e+00,9.690221376086231020e-01,9.788768744581699544e-01,9.990727685794871249e-01
2.708112281023050905e+00,9.695224566046839465e-01,9.792214439076477595e-01,9.990882008434522898e-01
2.737368928517495359e+00,9.700125091475962913e-01,9.795588331602120835e-01,9.991033014688491809e-01
2.766941645411503892e+00,9.704925490991656023e-01,9.798892237839350594e-01,9.991180792191947102e-01
2.796833846309068505e+00,9.709628234363022470e-01,9.802127922457403164e-01,9.991325425948288652e-01
2.827048982703296520e+00,9.714235724217233914e-01,9.805297100478743699e-01,9.991466998409238576e-01
2.857590543374936232e+00,9.718750298307202717e-01,9.808401439019437396e-01,9.991605589570627943e-01
2.888462054795207123e+00,9.723174230974646060e-01,9.811442558466475505e-01,9.991741277042045510e-01
2.919667081532982600e+00,9.727509734781502049e-01,9.814422033762170150e-01,9.991874136120361127e-01
2.951209226666382968e+00,9.731758962728137563e-01,9.817341396083230087e-01,9.992004239879919147e-01
2.983092132198760904e+00,9.735924009238268173e-01,9.820202133664185373e-01,9.992131659223772999e-01
3.015319479479288134e+00,9.740006912259202565e-01,9.823005693379616154e-01,9.992256462967945563e-01
3.047894989627977669e+00,9.744009654776285556e-01,9.825753481916484899e-01,9.992378717906643670e-01
3.080822423965354329e+00,9.747934165880253188e-01,9.828446866632817303e-01,9.992498488862857631e-01
3.114105584446752228e+00,9.751782323096012117e-01,9.831087177275696920e-01,9.992615838776472970e-01
3.147748314101307621e+00,9.755555952827205113e-01,9.833675706399858107e-01,9.992730828733997761e-01
3.181754497475692389e+00,9.759256832763821832e-01,9.836213711127432813e-01,9.992843518057287211e-01
3.216128061082643264e+00,9.762886692384216136e-01,9.838702413594805352e-01,9.992953964333376460e-01
3.250872973854332493e+00,9.766447214969204982e-01,9.841143002431297360e-01,9.993062223489594942e-01
3.285993247600642153e+00,9.769940038437201490e-01,9.843536633424332383e-01,9.993168349832072250e-01
3.321492937472385165e+00,9.773366756880734751e-01,9.845884430660778452e-01,9.993272396104880828e-01
3.357376142429544075e+00,9.776728921670315708e-01,9.848187487367120463e-01,9.993374413535377476e-01
3.393647005714508058e+00,9.780028042705407598e-01,9.850446866846211957e-01,9.993474451883385123e-01
3.430309715330543519e+00,9.783265589516640937e-01,9.852663603308035034e-01,9.993572559485287554e-01
3.467368504525310868e+00,9.786442992554157394e-01,9.854838702824033625e-01,9.993668783303195635e-01
3.504827652279669525e+00,9.789561643965157822e-01,9.856973143928073888e-01,9.993763168958117449e-01
3.542691483801748031e+00,9.792622899214304955e-01,9.859067878790868100e-01,9.993855760788145082e-01
3.580964371026351234e+00,9.795628077323672578e-01,9.861123833446293618e-01,9.993946601864404089e-01
3.619650733119767150e+00,9.798578462927296506e-01,9.863141909256277762e-01,9.994035734061416099e-01
3.658755036990021026e+00,9.801475306034996837e-01,9.865122982805446528e-01,9.994123198057813795e-01
3.698281797802649873e+00,9.804319824267504480e-01,9.867067907483482170e-01,9.994209033411294296e-01
3.738235579502040107e+00,9.807113202639465843e-01,9.868977513387602318e-01,9.994293278559168714e-01
3.778620995338404676e+00,9.809856595215009634e-01,9.870852608503138947e-01,9.994375970875039039e-01
3.819442708400449860e+00,9.812551125844894973e-01,9.872693979253547303e-01,9.994457146697444117e-01
3.860705432153809902e+00,9.815197888512356972e-01,9.874502390780857120e-01,9.994536841346374212e-01
3.902413930985232593e+00,9.817797949155160353e-01,9.876278588232678679e-01,9.994615089183972456e-01
3.944573020752778270e+00,9.820352345377234560e-01,9.878023296605051851e-01,9.994691923611352946e-01
3.987187569341828830e+00,9.822862087896037098e-01,9.879737221769330224e-01,9.994767377117426133e-01
4.030262497227166563e+00,9.825328161413521277e-01,9.881421051103183029e-01,9.994841481310088316e-01
4.073802778041118344e+00,9.827751524595497168e-01,9.883075453511108721e-01,9.994914266920360557e-01
4.117813439147832710e+00,9.830133111684046243e-01,9.884701080558319086e-01,9.994985763855384064e-01
4.162299562223765292e+00,9.832473832735293406e-01,9.886298566664363241e-01,9.995056001209857710e-01
4.207266283844427690e+00,9.834774574043316786e-01,9.887868529422486619e-01,9.995125007282897878e-01
4.252718796077487262e+00,9.837036199520136082e-01,9.889411570569945908e-01,9.995192809623352215e-01
4.298662347082260915e+00,9.839259550780563579e-01,9.890928276073052139e-01,9.995259435036071283e-01
4.345102241715697922e+00,9.841445447668837332e-01,9.892419216512522429e-01,9.995324909601264185e-01
4.392043842144899735e+00,9.843594689421387711e-01,9.893884947901421256e-01,9.995389258712737979e-01
4.439492568466276268e+00,9.845708054901642914e-01,9.895326011868859073e-01,9.995452507088140592e-01
4.487453899331315554e+00,9.847786302929147917e-01,9.896742935907062444e-01,9.995514678781906026e-01
4.535933372579267875e+00,9.849830173254655596e-01,9.898136234057790528e-01,9.995575797217390868e-01
4.584936585876504545e+00,9.851840387164171320e-01,9.899506407344640380e-01,9.995635885207714288e-01
4.634469197362870219e+00,9.853817647438962712e-01,9.900853943765374199e-01,9.995694964957261286e-01
4.684536926304997628e+00,9.855762639206551157e-01,9.902179318890778070e-01,9.995753058089660303e-01
4.735145553756677117e+00,9.857676030723367955e-01,9.903482996415842177e-01,9.995810185673601467e-01
4.786300923226369797e+00,9.859558473388388977e-01,9.904765428186098619e-01,9.995866368225564402e-01
4.838008941351921166e+00,9.861410602240404666e-01,9.906027054552797306e-01,9.995921625726877924e-01
4.890275578582572003e+00,9.863233036587356617e-01,9.907268304817236082e-01,9.995975977644635524e-01
4.943106869868335806e+00,9.865026380650142590e-01,9.908489597684126959e-01,9.996029442952907296e-01
4.996508915356815628e+00,9.866791223500771535e-01,9.909691341233692885e-01,9.996082040132816537e-01
5.050487881097581955e+00,9.868528139651105979e-01,9.910873933336242780e-01,9.996133787191960884e-01
5.105049999754057488e+00,9.870237689536109915e-01,9.912037761994255680e-01,9.996184701680553841e-01
5.160201571323274727e+00,9.871920420094365545e-01,9.913183205749975802e-01,9.996234800710408486e-01
5.215948963863236365e+00,9.873576864749797899e-01,9.914310633684855212e-01,9.996284100955994401e-01
5.272298614228216884e+00,9.875207543887869477e-01,9.915420405755099864e-01,9.996332618670157322e-01
5.329257028811992036e+00,9.876812965283192636e-01,9.916512873093593639e-01,9.996380369698313340e-01
5.386830784299095676e+00,9.878393624553113428e-01,9.917588378328954235e-01,9.996427369493349202e-01
5.445026528424197210e+00,9.879950005423409065e-01,9.918647255776252836e-01,9.996473633124856040e-01
5.503850980739676935e+00,9.881482579847551406e-01,9.919689831527698232e-01,9.996519175283968828e-01
5.563310933391500512e+00,9.882991808487979757e-01,9.920716423789203153e-01,9.996564010298896186e-01
5.623413251903470744e+00,9.884478141024228837e-01,9.921727343098718510e-01,9.996608152145260995e-01
5.684164875969949904e+00,9.885942016563915580e-01,9.922722892614087575e-01,9.996651614459410862e-01
5.745572820257153879e+00,9.887383863801745276e-01,9.923703368229201960e-01,9.996694410544240128e-01
5.807644175213114934e+00,9.888804101205941333e-01,9.924669058708434077e-01,9.996736553375730194e-01
5.870386107886300664e+00,9.890203137403399403e-01,9.925620245955899534e-01,9.996778055615390679e-01
5.933805862753271043e+00,9.891581371444659876e-01,9.926557205202641843e-01,9.996818929619047944e-01
5.997910762555083153e+00,9.892939193092737948e-01,9.927480205209731068e-01,9.996859187446318629e-01
6.062708209142829041e+00,9.894276983135712467e-01,9.928389508487180937e-01,9.996898840870753755e-01
6.128205684332284520e+00,9.895595113412147814e-01,9.929285371317420061e-01,9.996937901381406366e-01
6.194410750767798568e+00,9.896893947156143456e-01,9.930168043995759586e-01,9.996976380193868250e-01
6.261331052795507723e+00,9.898173839241153349e-01,9.931037771001777203e-01,9.997014288258240233e-01
6.328974317345991807e+00,9.899435136402483515e-01,9.931894791155972957e-01,9.997051636266466312e-01
6.397348354826458916e+00,9.900678177470915164e-01,9.932739337783719202e-01,9.997088434659948675e-01
6.466461060022573371e+00,9.901903293646348025e-01,9.933571638906212309e-01,9.997124693638311799e-01
6.536320413010021646e+00,9.903110808529356213e-01,9.934391917266681693e-01,9.997160423160982301e-01
6.606934480075954852e+00,9.904301038394022205e-01,9.935200390520386726e-01,9.997195632955879763e-01
6.678311414650267785e+00,9.905474292397485891e-01,9.935997271381372675e-01,9.997230332526215735e-01
6.750459458247166644e+00,9.906630872766926110e-01,9.936782767753733481e-01,9.997264531156575540e-01
6.823386941416685225e+00,9.907771074981237547e-01,9.937557082859048707e-01,9.997298237918855746e-01
6.897102284706591036e+00,9.908895187962428741e-01,9.938320415370310856e-01,9.997331461678421460e-01
6.971613999634659109e+00,9.910003494289817416e-01,9.939072959561101595e-01,9.997364211100953080e-01
7.046930689671452086e+00,9.911096270240112860e-01,9.939814905336428197e-01,9.997396494654110510e-01
7.123061051233719354e+00,9.912173786007875131e-01,9.940546438385869932e-01,9.997428320614499819e-01
7.200013874688522719e+00,9.913236305873540655e-01,9.941267740301000799e-01,9.997459697073092233e-01
7.277798045368216506e+00,9.914284088356279945e-01,9.941978988682340646e-01,9.997490631940156858e-01
7.356422544596386892e+00,9.915317386362498819e-01,9.942680357243244282e-01,9.997521132950049072e-01
7.435896450724879259e+00,9.916336447330187376e-01,9.943372015910826311e-01,9.997551207665883455e-01
7.516228940182023699e+00,9.917341513375056428e-01,9.944054130927989510e-01,9.997580863484197833e-01
7.597429288532222103e+00,9.918332821465878357e-01,9.944726864975146352e-01,9.997610107640512167e-01
7.679506871546832869e+00,9.919310603468921572e-01,9.945390377202995014e-01,9.997638947210972793e-01
7.762471166286906588e+00,9.920275086307374091e-01,9.946044823343229702e-01,9.997667389117397274e-01
7.846331752197344578e+00,9.921226492099204375e-01,9.946690355804512773e-01,9.997695440131663114e-01
7.931098312213011425e+00,9.922165038278759619e-01,9.947327123757316869e-01,9.997723106879597976e-01
8.016780633876773976e+00,9.923090937715006721e-01,9.947955273216374517e-01,9.997750395844764437e-01
8.103388610469611564e+00,9.924004398826422602e-01,9.948574947120810696e-01,9.997777313372137042e-01
8.190932242152950238e+00,9.924905625692714839e-01,9.949186285411976138e-01,9.997803865671662793e-01
8.279421637123316913e+00,9.925794818163409250e-01,9.949789425109132335e-01,9.997830058821731702e-01
8.368867012779485748e+00,9.926672171971786529e-01,9.950384500388634867e-01,9.997855898772782801e-01
8.459278696902227779e+00,9.927537878853108788e-01,9.950971642665995542e-01,9.997881391351033376e-01
8.550667128846798803e+00,9.928392126588564404e-01,9.951550980627444920e-01,9.997906542260019958e-01
8.643042860748321843e+00,9.929235099130704345e-01,9.952122640316743984e-01,9.997931357084492987e-01
8.736416558740211613e+00,9.930066976701427128e-01,9.952686745203273011e-01,9.997955841293545420e-01
8.830799004185616141e+00,9.930887935883696560e-01,9.953243416245828312e-01,9.997980000243512633e-01
8.926201094922470602e+00,9.931698149710752599e-01,9.953792771954632634e-01,9.998003839180801267e-01
9.022633846521683765e+00,9.932497787752828655e-01,9.954334928451633591e-01,9.998027363244640364e-01
9.120108393559078763e+00,9.933287016201527431e-01,9.954869999529114555e-01,9.998050577469740352e-01
9.218635990901049126e+00,9.934065997951847526e-01,9.955398096706694622e-01,9.998073486788902065e-01
9.318228015004089926e+00,9.934834892681991825e-01,9.955919329286746500e-01,9.998096096035531399e-01
9.418895965228387013e+00,9.935593856930959866e-01,9.956433804408276744e-01,9.998118409946088470e-01
9.520651465165572702e+00,9.936343044174873462e-01,9.956941627099888947e-01,9.998140433162493457e-01
9.623506263980852182e+00,9.937082604916502859e-01,9.957442900341666459e-01,9.998162170234922153e-01
9.727472237769614338e+00,9.937812686727882650e-01,9.957937725095181714e-01,9.998183625623199289e-01
9.832561390928695744e+00,9.938533434324123839e-01,9.958426200354636437e-01,9.998204803699122234e-01
9.938785857542505653e+00,9.939244989638719163e-01,9.958908423198973292e-01,9.998225708748811336e-01
1.004615790278394094e+01,9.939947491889328246e-01,9.959384488837472738e-01,9.998246344974768274e-01
1.015468992433078910e+01,9.940641077641778622e-01,9.959854490654115322e-01,9.998266716497909989e-01
1.026439445379708637e+01,9.941325880872351473e-01,9.960318520250757146e-01,9.998286827359497142e-01
1.037528415818010608e+01,9.942002033028380925e-01,9.960776667489102953e-01,9.998306681523054795e-01
1.048737184132295575e+01,9.942669663087235765e-01,9.961229020531577882e-01,9.998326282876214277e-01
1.060067044539296077e+01,9.943328897613717965e-01,9.961675665881057906e-01,9.998345635232511741e-01
1.071519305237603525e+01,9.943979860815931326e-01,9.962116688419572208e-01,9.998364742333140098e-01
1.083095288558718217e+01,9.944622674599653545e-01,9.962552171445923088e-01,9.998383607848647658e-01
1.094796331119732358e+01,9.945257458621256097e-01,9.962982196712332206e-01,9.998402235380596803e-01
1.106623783977662434e+01,9.945884330339241908e-01,9.963406844460095391e-01,9.998420628463169368e-01
1.118579012785447269e+01,9.946503405064391901e-01,9.963826193454262681e-01,9.998438790564735390e-01
1.130663397949634330e+01,9.947114796008593718e-01,9.964240321017433510e-01,9.998456725089386321e-01
1.142878334789770634e+01,9.947718614333760367e-01,9.964649303063553010e-01,9.998474435378443825e-01
1.155225233699497878e+01,9.948314969204379299e-01,9.965053214134163007e-01,9.998491924712094026e-01
1.167705520309425893e+01,9.948903967816878913e-01,9.965452127418921169e-01,9.998509196310341185e-01
1.180320635651727557e+01,9.949485715449846168e-01,9.965846114790226640e-01,9.998526253334537595e-01
1.193072036326531205e+01,9.950060315508569841e-01,9.966235246833969885e-01,9.998543098888793557e-01
1.205961194670105563e+01,9.950627869566658346e-01,9.966619592878291911e-01,9.998559736021250810e-01
1.218989598924863316e+01,9.951188477406600619e-01,9.966999221021607402e-01,9.998576167725357067e-01
1.232158753411200358e+01,9.951742237059240104e-01,9.967374198159856258e-01,9.998592396941085036e-01
1.245470178701191521e+01,9.952289244842262850e-01,9.967744590013102313e-01,9.998608426556138129e-01
1.258925411794162841e+01,9.952829595397661988e-01,9.968110461151377111e-01,9.998624259407098425e-01
1.272526006294161327e+01,9.953363381728250747e-01,9.968471875019907502e-01,9.998639898280581306e-01
1.286273532589340363e+01,9.953890695233237329e-01,9.968828893963653792e-01,9.998655345914312376e-01
1.300169578033284701e+01,9.954411625742881631e-01,9.969181579251242820e-01,9.998670604998234346e-01
1.314215747128298517e+01,9.954926261552278222e-01,9.969529991098259325e-01,9.998685678175518454e-01
1.328413661710649407e+01,9.955434689454253361e-01,9.969874188689956673e-01,9.998700568043612513e-01
1.342764961137861768e+01,9.955936994771460435e-01,9.970214230203390260e-01,9.998715277155223458e-01
1.357271302477985664e+01,9.956433261387626077e-01,9.970550172828969160e-01,9.998729808019279908e-01
1.371934360700934619e+01,9.956923571778031334e-01,9.970882072791472650e-01,9.998744163101880300e-01
1.386755828871885221e+01,9.957408007039214581e-01,9.971209985370528273e-01,9.998758344827218814e-01
1.401737418346766262e+01,9.957886646917919471e-01,9.971533964920573645e-01,9.998772355578465776e-01
1.416880858969860135e+01,9.958359569839331238e-01,9.971854064890317559e-01,9.998786197698643630e-01
1.432187899273538889e+01,9.958826852934598017e-01,9.972170337841702592e-01,9.998799873491489576e-01
1.447660306680157127e+01,9.959288572067663825e-01,9.972482835468401419e-01,9.998813385222264927e-01
1.463299867706127877e+01,9.959744801861449837e-01,9.972791608613845726e-01,9.998826735118577780e-01
1.479108388168201316e+01,9.960195615723355100e-01,9.973096707288807705e-01,9.998839925371161286e-01
1.495087693391978867e+01,9.960641085870158840e-01,9.973398180688539671e-01,9.998852958134647473e-01
1.511239628422651649e+01,9.961081283352313243e-01,9.973696077209511790e-01,9.998865835528311097e-01
1.527566058238070568e+01,9.961516278079781683e-01,9.973990444467174532e-01,9.998878559636863450e-01
1.544068867964064040e+01,9.961946138842094900e-01,9.974281329309808708e-01,9.998891132511071866e-01
1.560749963092108317e+01,9.962370933330156886e-01,9.974568777833542343e-01,9.998903556168442508e-01
1.577611269699345087e+01,9.962790728159829357e-01,9.974852835398563267e-01,9.998915832593933128e-01
1.594654734670974960e+01,9.963205588893393472e-01,9.975133546643896176e-01,9.998927963740613656e-01
1.611882325925053649e+01,9.963615580060466437e-01,9.975410955501795573e-01,9.998939951530319004e-01
1.629296032639717495e+01,9.964020765178437378e-01,9.975685105211806736e-01,9.998951797854260803e-01
1.646897865482862855e+01,9.964421206772399175e-01,9.975956038334478082e-01,9.998963504573663563e-01
1.664689856844308125e+01,9.964816966394607345e-01,9.976223796764749352e-01,9.998975073520333101e-01
1.682674061070460780e+01,9.965208104643470399e-01,9.976488421745008939e-01,9.998986506497264948e-01
1.700852554701524966e+01,9.965594681182089465e-01,9.976749953877851462e-01,9.998997805279201678e-01
1.719227436711271650e+01,9.965976754756361577e-01,9.977008433138521148e-01,9.999008971613188024e-01
1.737800828749373494e+01,9.966354383212643331e-01,9.977263898887058780e-01,9.999020007219114881e-01
1.756574875386415968e+01,9.966727623515014844e-01,9.977516389880174419e-01,9.999030913790247777e-01
1.775551744361495210e+01,9.967096531762120737e-01,9.977765944282821486e-01,9.999041692993748676e-01
1.794733626832523044e+01,9.967461163203628072e-01,9.978012599679508821e-01,9.999052346471166697e-01
1.814122737629224957e+01,9.967821572256299056e-01,9.978256393085348508e-01,9.999062875838946596e-01
1.833721315508877936e+01,9.968177812519682934e-01,9.978497360956836149e-01,9.999073282688899500e-01
1.853531623414805907e+01,9.968529936791450385e-01,9.978735539202389093e-01,9.999083568588670312e-01
1.873555948737671528e+01,9.968877997082377096e-01,9.978970963192647092e-01,9.999093735082204004e-01
1.893796603579585991e+01,9.969222044630964286e-01,9.979203667770510933e-01,9.999103783690194147e-01
1.914255925021078752e+01,9.969562129917755033e-01,9.979433687260965691e-01,9.999113715910503686e-01
1.934936275390944616e+01,9.969898302679288671e-01,9.979661055480691934e-01,9.999123533218611248e-01
1.955840042539011492e+01,9.970230611921765407e-01,9.979885805747420457e-01,9.999133237068021929e-01
1.976969640111858695e+01,9.970559105934385657e-01,9.980107970889111613e-01,9.999142828890668078e-01
1.998327507831479721e+01,9.970883832302390726e-01,9.980327583252897039e-01,9.999152310097322305e-01
2.019916111777026302e+01,9.971204837919811492e-01,9.980544674713850428e-01,9.999161682077971625e-01
2.041737944669525717e+01,9.971522169001931779e-01,9.980759276683516257e-01,9.999170946202200483e-01
2.063795526159707450e+01,9.971835871097473047e-01,9.980971420118297521e-01,9.999180103819571563e-01
2.086091403118935972e+01,9.972145989100498209e-01,9.981181135527612547e-01,9.999189156259985500e-01
2.108628149933283780e+01,9.972452567262075629e-01,9.981388452981903026e-01,9.999198104834031708e-01
2.131408368800780551e+01,9.972755649201654471e-01,9.981593402120435554e-01,9.999206950833333662e-01
2.154434690031876798e+01,9.973055277918204675e-01,9.981796012158959952e-01,9.999215695530899728e-01
2.177709772353151152e+01,9.973351495801122679e-01,9.981996311897171070e-01,9.999224340181439574e-01
2.201236303214299284e+01,9.973644344640884007e-01,9.982194329726026272e-01,9.999232886021711675e-01
2.225016999098439641e+01,9.973933865639459384e-01,9.982390093634893047e-01,9.999241334270814185e-01
2.249054605835779341e+01,9.974220099420532115e-01,9.982583631218550080e-01,9.999249686130506909e-01
2.273351898920627434e+01,9.974503086039456790e-01,9.982774969684015121e-01,9.999257942785526598e-01
2.297911683831916818e+01,9.974782864993042564e-01,9.982964135857267385e-01,9.999266105403863403e-01
2.322736796357103017e+01,9.975059475229086647e-01,9.983151156189770115e-01,9.999274175137067289e-01
2.347830102919607498e+01,9.975332955155747916e-01,9.983336056764895439e-01,9.999282153120515604e-01
2.373194500909788118e+01,9.975603342650689598e-01,9.983518863304208235e-01,9.999290040473719499e-01
2.398832919019484322e+01,9.975870675070025451e-01,9.983699601173579019e-01,9.999297838300563734e-01
2.424748317580178281e+01,9.976134989257118280e-01,9.983878295389227997e-01,9.999305547689590901e-01
2.450943688904808937e+01,9.976396321551131985e-01,9.984054970623581493e-01,9.999313169714267868e-01
2.477422057633276964e+01,9.976654707795465926e-01,9.984229651211049550e-01,9.999320705433222267e-01
2.504186481081686466e+01,9.976910183345970573e-01,9.984402361153656980e-01,9.999328155890506720e-01
2.531240049595353625e+01,9.977162783079005504e-01,9.984573124126567834e-01,9.999335522115837538e-01
2.558585886905634865e+01,9.977412541399347523e-01,9.984741963483492189e-01,9.999342805124836753e-01
2.586227150490616467e+01,9.977659492247908934e-01,9.984908902261986352e-01,9.999350005919270812e-01
2.614167031939653540e+01,9.977903669109310369e-01,9.985073963188637602e-01,9.999357125487264852e-01
2.642408757321942403e+01,9.978145105019310401e-01,9.985237168684139020e-01,9.999364164803542510e-01
2.670955587558979971e+01,9.978383832572060852e-01,9.985398540868274386e-01,9.999371124829644630e-01
2.699810818801094570e+01,9.978619883927237755e-01,9.985558101564789846e-01,9.999378006514137995e-01
2.728977782808034291e+01,9.978853290817003563e-01,9.985715872306173413e-01,9.999384810792831813e-01
2.758459847333669046e+01,9.979084084552863887e-01,9.985871874338340115e-01,9.999391538588980888e-01
2.788260416514845375e+01,9.979312296032349927e-01,9.986026128625199449e-01,9.999398190813496567e-01
2.818382931264444835e+01,9.979537955745598765e-01,9.986178655853178432e-01,9.999404768365132146e-01
2.848830869668687527e+01,9.979761093781783776e-01,9.986329476435606978e-01,9.999411272130693806e-01
2.879607747388729067e+01,9.979981739835420695e-01,9.986478610517044441e-01,9.999417702985214929e-01
2.910717118066593656e+01,9.980199923212565993e-01,9.986626077977510674e-01,9.999424061792153706e-01
2.942162573735495812e+01,9.980415672836867591e-01,9.986771898436636041e-01,9.999430349403580776e-01
2.973947745234602991e+01,9.980629017255528979e-01,9.986916091257737049e-01,9.999436566660340198e-01
3.006076302628226671e+01,9.980839984645116791e-01,9.987058675551793163e-01,9.999442714392248188e-01
3.038551955629650081e+01,9.981048602817305104e-01,9.987199670181368116e-01,9.999448793418246328e-01
3.071378454029424176e+01,9.981254899224466515e-01,9.987339093764443509e-01,9.999454804546588083e-01
3.104559588128348935e+01,9.981458900965185510e-01,9.987476964678189129e-01,9.999460748574994229e-01
3.138099189175117942e+01,9.981660634789764064e-01,9.987613301062723270e-01,9.999466626290817173e-01
3.172001129808693065e+01,9.981860127105339764e-01,9.987748120824612164e-01,9.999472438471207481e-01
3.206269324505456098e+01,9.982057403981070554e-01,9.987881441640421576e-01,9.999478185883258208e-01
3.240907730031193523e+01,9.982252491153306151e-01,9.988013280960247320e-01,9.999483869284163662e-01
3.275920345897964125e+01,9.982445414030581832e-01,9.988143656011133631e-01,9.999489489421373722e-01
3.311311214825898475e+01,9.982636197698528946e-01,9.988272583800427151e-01,9.999495047032744832e-01
3.347084423209992110e+01,9.982824866924693286e-01,9.988400081119072071e-01,9.999500542846675444e-01
3.383244101591953523e+01,9.983011446163261304e-01,9.988526164544837549e-01,9.999505977582249239e-01
3.419794425137084914e+01,9.983195959559695298e-01,9.988650850445486284e-01,9.999511351949388338e-01
3.456739614116437309e+01,9.983378430955296423e-01,9.988774154981900910e-01,9.999516666648973207e-01
3.494083934394059554e+01,9.983558883891666680e-01,9.988896094111118229e-01,9.999521922372991423e-01
3.531831697919562885e+01,9.983737341615112060e-01,9.989016683589346801e-01,9.999527119804655362e-01
3.569987263225998930e+01,9.983913827080937997e-01,9.989135938974906814e-01,9.999532259618548746e-01
3.608555035933120081e+01,9.984088362957701523e-01,9.989253875631123325e-01,9.999537342480742108e-01
3.647539469256067690e+01,9.984260971631344628e-01,9.989370508729160658e-01,9.999542369048916024e-01
3.686945064519564141e+01,9.984431675209303192e-01,9.989485853250810177e-01,9.999547339972499893e-01
3.726776371677656385e+01,9.984600495524494912e-01,9.989599923991241415e-01,9.999552255892769637e-01
3.767037989839074896e+01,9.984767454139270582e-01,9.989712735561682155e-01,9.999557117442987586e-01
3.807734567798267733e+01,9.984932572349282109e-01,9.989824302392061872e-01,9.999561925248502403e-01
3.848870804572172943e+01,9.985095871187281702e-01,9.989934638733607430e-01,9.999566679926873425e-01
3.890451449942802498e+01,9.985257371426856654e-01,9.990043758661398821e-01,9.999571382087978355e-01
3.932481305005617145e+01,9.985417093586103077e-01,9.990151676076862719e-01,9.999576032334127618e-01
3.974965222723969305e+01,9.985575057931228571e-01,9.990258404710251616e-01,9.999580631260163166e-01
4.017908108489392305e+01,9.985731284480097170e-01,9.990363958123041899e-01,9.999585179453579498e-01
4.061314920688012364e+01,9.985885793005706557e-01,9.990468349710330820e-01,9.999589677494611362e-01
4.105190671273069114e+01,9.986038603039629757e-01,9.990571592703163528e-01,9.999594125956353663e-01
4.149540426343618549e+01,9.986189733875354690e-01,9.990673700170824567e-01,9.999598525404846949e-01
4.194369306729486624e+01,9.986339204571608175e-01,9.990774685023102730e-01,9.999602876399182882e-01
4.239682488582545972e+01,9.986487033955611103e-01,9.990874560012509287e-01,9.999607179491607489e-01
4.285485203974380397e+01,9.986633240626255903e-01,9.990973337736456239e-01,9.999611435227609979e-01
4.331782741500398970e+01,9.986777842957272888e-01,9.991071030639402384e-01,9.999615644146017113e-01
4.378580446890486400e+01,9.986920859100301140e-01,9.991167651014953854e-01,9.999619806779086462e-01
4.425883723626262167e+01,9.987062306987941618e-01,9.991263211007956890e-01,9.999623923652602997e-01
4.473698033564924259e+01,9.987202204336738109e-01,9.991357722616512893e-01,9.999627995285959026e-01
4.522028897569999373e+01,9.987340568650128203e-01,9.991451197693997921e-01,9.999632022192244118e-01
4.570881896148743095e+01,9.987477417221310994e-01,9.991543647951032225e-01,9.999636004878343920e-01
4.620262670096506241e+01,9.987612767136118119e-01,9.991635084957412039e-01,9.999639943845010093e-01
4.670176921148051008e+01,9.987746635275794871e-01,9.991725520144029149e-01,9.999643839586950245e-01
4.720630412635893691e+01,9.987879038319755765e-01,9.991814964804734966e-01,9.999647692592908976e-01
4.771628970155772009e+01,9.988009992748290156e-01,9.991903430098195704e-01,9.999651503345751147e-01
4.823178482239291753e+01,9.988139514845236766e-01,9.991990927049700932e-01,9.999655272322536259e-01
4.875284901033847262e+01,9.988267620700586047e-01,9.992077466552958809e-01,9.999658999994608388e-01
4.927954242989879674e+01,9.988394326213079211e-01,9.992163059371842460e-01,9.999662686827657243e-01
4.981192589555570294e+01,9.988519647092730658e-01,9.992247716142129699e-01,9.999666333281805874e-01
5.035006087879026637e+01,9.988643598863330419e-01,9.992331447373202780e-01,9.999669939811681729e-01
5.089400951518085492e+01,9.988766196864915514e-01,9.992414263449722611e-01,9.999673506866487704e-01
5.144383461157680415e+01,9.988887456256165809e-01,9.992496174633270778e-01,9.999677034890078753e-01
5.199959965335152390e+01,9.989007392016803211e-01,9.992577191063988229e-01,9.999680524321026276e-01
5.256136881173207342e+01,9.989126018949930907e-01,9.992657322762156236e-01,9.999683975592700280e-01
5.312920695120885028e+01,9.989243351684345962e-01,9.992736579629778459e-01,9.999687389133323778e-01
5.370317963702515129e+01,9.989359404676800835e-01,9.992814971452125272e-01,9.999690765366048284e-01
5.428335314274764301e+01,9.989474192214250481e-01,9.992892507899260313e-01,9.999694104709023756e-01
5.486979445791860854e+01,9.989587728416051693e-01,9.992969198527535957e-01,9.999697407575455221e-01
5.546257129579090162e+01,9.989700027236133595e-01,9.993045052781071025e-01,9.999700674373673825e-01
5.606175210114637508e+01,9.989811102465125936e-01,9.993120079993212945e-01,9.999703905507196788e-01
5.666740605819891385e+01,9.989920967732475177e-01,9.993194289387961060e-01,9.999707101374798457e-01
5.727960309858269028e+01,9.990029636508509503e-01,9.993267690081377719e-01,9.999710262370556935e-01
5.789841390942686417e+01,9.990137122106472756e-01,9.993340291082986049e-01,9.999713388883930687e-01
5.852390994151760140e+01,9.990243437684546146e-01,9.993412101297123318e-01,9.999716481299808502e-01
5.915616341754731877e+01,9.990348596247818902e-01,9.993483129524307618e-01,9.999719539998570550e-01
5.979524734045509859e+01,9.990452610650241150e-01,9.993553384462543487e-01,9.999722565356151671e-01
6.044123550185508975e+01,9.990555493596542380e-01,9.993622874708648629e-01,9.999725557744086890e-01
6.109420249055707330e+01,9.990657257644128819e-01,9.993691608759525113e-01,9.999728517529575811e-01
6.175422370117881599e+01,9.990757915204940831e-01,9.993759595013440578e-01,9.999731445075544789e-01
6.242137534285149059e+01,9.990857478547298109e-01,9.993826841771276115e-01,9.999734340740684679e-01
6.309573444801913666e+01,9.990955959797693797e-01,9.993893357237747521e-01,9.999737204879516339e-01
6.377737888133318478e+01,9.991053370942603040e-01,9.993959149522633201e-01,9.999740037842446139e-01
6.446638734864308162e+01,9.991149723830213825e-01,9.994024226641958775e-01,9.999742839975808151e-01
6.516283940608401792e+01,9.991245030172175579e-01,9.994088596519183909e-01,9.999745611621917440e-01
6.586681546926287467e+01,9.991339301545303364e-01,9.994152266986350286e-01,9.999748353119132238e-01
6.657839682254358138e+01,9.991432549393249873e-01,9.994215245785242896e-01,9.999751064801888356e-01
6.729766562843170163e+01,9.991524785028178535e-01,9.994277540568502483e-01,9.999753747000759141e-01
6.802470493706266552e+01,9.991616019632384438e-01,9.994339158900750197e-01,9.999756400042500992e-01
6.875959869579020278e+01,9.991706264259914150e-01,9.994400108259665627e-01,9.999759024250098882e-01
6.950243175887953839e+01,9.991795529838146672e-01,9.994460396037088135e-01,9.999761619942815205e-01
7.025328989730505214e+01,9.991883827169359966e-01,9.994520029540063799e-01,9.999764187436236407e-01
7.101225980865378062e+01,9.991971166932283044e-01,9.994579015991901239e-01,9.999766727042321834e-01
7.177942912713596968e+01,9.992057559683599210e-01,9.994637362533207448e-01,9.999769239069441484e-01
7.255488643370368607e+01,9.992143015859465960e-01,9.994695076222899210e-01,9.999771723822422631e-01
7.333872126627881016e+01,9.992227545776974917e-01,9.994752164039224507e-01,9.999774181602605339e-01
7.413102413009147540e+01,9.992311159635626217e-01,9.994808632880731736e-01,9.999776612707863555e-01
7.493188650813030449e+01,9.992393867518751804e-01,9.994864489567270027e-01,9.999779017432670614e-01
7.574140087170532354e+01,9.992475679394949850e-01,9.994919740840935152e-01,9.999781396068124772e-01
7.655966069112555772e+01,9.992556605119463642e-01,9.994974393367028753e-01,9.999783748901998059e-01
7.738676044649034225e+01,9.992636654435574917e-01,9.995028453734992047e-01,9.999786076218778463e-01
7.822279563860014662e+01,9.992715836975955002e-01,9.995081928459327303e-01,9.999788378299705460e-01
7.906786279998236466e+01,9.992794162264013735e-01,9.995134823980522665e-01,9.999790655422808872e-01
7.992205950603781162e+01,9.992871639715215082e-01,9.995187146665925892e-01,9.999792907862955493e-01
8.078548438630711814e+01,9.992948278638381643e-01,9.995238902810662518e-01,9.999795135891883513e-01
8.165823713585902510e+01,9.993024088236991398e-01,9.995290098638476284e-01,9.999797339778233596e-01
8.254041852680160218e+01,9.993099077610433367e-01,9.995340740302621763e-01,9.999799519787602176e-01
8.343213041991789680e+01,9.993173255755268825e-01,9.995390833886692583e-01,9.999801676182561438e-01
8.433347577642724957e+01,9.993246631566462534e-01,9.995440385405476302e-01,9.999803809222708173e-01
8.524455866987364061e+01,9.993319213838605108e-01,9.995489400805771529e-01,9.999805919164695966e-01
8.616548429814258725e+01,9.993391011267109825e-01,9.995537885967207270e-01,9.999808006262267401e-01
8.709635899560768735e+01,9.993462032449406118e-01,9.995585846703054500e-01,9.999810070766295134e-01
8.803729024540886883e+01,9.993532285886098654e-01,9.995633288761007762e-01,9.999812112924809648e-01
8.898838669186159223e+01,9.993601779982130839e-01,9.995680217823987856e-01,9.999814132983041448e-01
8.994975815300337274e+01,9.993670523047926135e-01,9.995726639510895684e-01,9.999816131183447698e-01
9.092151563327254848e+01,9.993738523300503829e-01,9.995772559377390509e-01,9.999818107765746644e-01
9.190377133632573248e+01,9.993805788864591477e-01,9.995817982916633815e-01,9.999820062966957579e-01
9.289663867799340835e+01,9.993872327773724029e-01,9.995862915560039808e-01,9.999821997021417497e-01
9.390023229937534666e+01,9.993938147971314079e-01,9.995907362677998176e-01,9.999823910160837714e-01
9.491466808007771760e+01,9.994003257311734334e-01,9.995951329580617939e-01,9.999825802614303871e-01
9.594006315159299447e+01,9.994067663561350123e-01,9.995994821518412454e-01,9.999827674608338102e-01
9.697653591082458036e+01,9.994131374399568557e-01,9.996037843683033275e-01,9.999829526366904586e-01
9.802420603375742303e+01,9.994194397419864373e-01,9.996080401207944055e-01,9.999831358111456181e-01
9.908319448927635165e+01,9.994256740130786909e-01,9.996122499169118880e-01,9.999833170060959953e-01
1.001536235531341106e+02,9.994318409956964855e-01,9.996164142585720613e-01,9.999834962431919383e-01
1.012356168220684367e+02,9.994379414240081028e-01,9.996205336420758147e-01,9.999836735438413227e-01
1.023292992280752713e+02,9.994439760239852699e-01,9.996246085581758090e-01,9.999838489292121047e-01
1.034347970528324936e+02,9.994499455134989718e-01,9.996286394921409801e-01,9.999840224202350969e-01
1.045522379422814936e+02,9.994558506024144862e-01,9.996326269238212658e-01,9.999841940376062999e-01
1.056817509213656052e+02,9.994616919926843090e-01,9.996365713277112208e-01,9.999843638017906766e-01
1.068234664089280557e+02,9.994674703784415248e-01,9.996404731730115234e-01,9.999845317330234851e-01
1.079775162327706539e+02,9.994731864460898452e-01,9.996443329236925912e-01,9.999846978513150519e-01
1.091440336448753072e+02,9.994788408743939812e-01,9.996481510385538671e-01,9.999848621764511059e-01
1.103231533367898578e+02,9.994844343345696824e-01,9.996519279712858808e-01,9.999850247279968851e-01
1.115150114551802432e+02,9.994899674903693354e-01,9.996556641705283131e-01,9.999851855252990251e-01
1.127197456175505863e+02,9.994954409981703369e-01,9.996593600799293933e-01,9.999853445874886670e-01
1.139374949281332050e+02,9.995008555070602485e-01,9.996630161382036306e-01,9.999855019334834560e-01
1.151683999939506009e+02,9.995062116589205070e-01,9.996666327791897677e-01,9.999856575819907611e-01
1.164126029410489878e+02,9.995115100885106907e-01,9.996702104319069582e-01,9.999858115515086743e-01
1.176702474309112603e+02,9.995167514235507866e-01,9.996737495206102775e-01,9.999859638603303402e-01
1.189414786770432357e+02,9.995219362848014599e-01,9.996772504648460123e-01,9.999861145265446227e-01
1.202264434617410416e+02,9.995270652861463212e-01,9.996807136795065052e-01,9.999862635680399903e-01
1.215252901530392791e+02,9.995321390346687540e-01,9.996841395748832237e-01,9.999864110025052932e-01
1.228381687218423508e+02,9.995371581307326281e-01,9.996875285567210501e-01,9.999865568474338717e-01
1.241652307592407425e+02,9.995421231680576835e-01,9.996908810262691292e-01,9.999867011201238887e-01
1.255066294940144473e+02,9.995470347337973571e-01,9.996941973803344927e-01,9.999868438376821045e-01
1.268625198103255229e+02,9.995518934086132790e-01,9.996974780113310199e-01,9.999869850170250984e-01
1.282330582656016702e+02,9.995566997667495457e-01,9.997007233073318400e-01,9.999871246748823772e-01
1.296184031086131085e+02,9.995614543761079940e-01,9.997039336521184039e-01,9.999872628277973741e-01
1.310187142977448218e+02,9.995661577983186996e-01,9.997071094252294454e-01,9.999873994921311127e-01
1.324341535194663209e+02,9.995708105888128081e-01,9.997102510020101640e-01,9.999875346840625401e-01
1.338648842069991360e+02,9.995754132968935890e-01,9.997133587536601862e-01,9.999876684195924126e-01
1.353110715591901965e+02,9.995799664658064909e-01,9.997164330472811944e-01,9.999878007145436287e-01
1.367728825595846445e+02,9.995844706328065321e-01,9.997194742459226680e-01,9.999879315845644490e-01
1.382504859957070096e+02,9.995889263292301319e-01,9.997224827086295118e-01,9.999880610451304941e-01
1.397440524785502021e+02,9.995933340805586154e-01,9.997254587904881307e-01,9.999881891115458554e-01
1.412537544622750261e+02,9.995976944064878245e-01,9.997284028426689506e-01,9.999883157989458704e-01
1.427797662641226282e+02,9.996020078209925108e-01,9.997313152124748248e-01,9.999884411222987879e-01
1.443222640845418709e+02,9.996062748323920610e-01,9.997341962433818896e-01,9.999885650964074335e-01
1.458814260275343031e+02,9.996104959434138904e-01,9.997370462750846398e-01,9.999886877359112081e-01
1.474574321212189147e+02,9.996146716512577246e-01,9.997398656435391162e-01,9.999888090552888631e-01
1.490504643386189798e+02,9.996188024476584388e-01,9.997426546810042058e-01,9.999889290688586119e-01
1.506607066186740553e+02,9.996228888189468975e-01,9.997454137160847187e-01,9.999890477907815711e-01
1.522883448874763133e+02,9.996269312461123491e-01,9.997481430737731323e-01,9.999891652350623161e-01
1.539335670797416071e+02,9.996309302048620449e-01,9.997508430754886710e-01,9.999892814155515453e-01
1.555965631605071735e+02,9.996348861656817464e-01,9.997535140391198283e-01,9.999893963459475232e-01
1.572775251470664273e+02,9.996387995938939008e-01,9.997561562790633349e-01,9.999895100397973025e-01
1.589766471311401688e+02,9.996426709497165941e-01,9.997587701062639054e-01,9.999896225104997205e-01
1.606941253012873005e+02,9.996465006883210602e-01,9.997613558282532065e-01,9.999897337713057333e-01
1.624301579655577257e+02,9.996502892598883028e-01,9.997639137491882710e-01,9.999898438353204133e-01
1.641849455743898147e+02,9.996540371096651612e-01,9.997664441698902449e-01,9.999899527155058365e-01
1.659586907437554828e+02,9.996577446780211540e-01,9.997689473878808020e-01,9.999900604246804159e-01
1.677515982785550932e+02,9.996614124005016588e-01,9.997714236974204471e-01,9.999901669755227873e-01
1.695638751962652293e+02,9.996650407078835343e-01,9.997738733895453755e-01,9.999902723805719207e-01
1.713957307508418069e+02,9.996686300262278557e-01,9.997762967521024446e-01,9.999903766522294513e-01
1.732473764568822503e+02,9.996721807769333168e-01,9.997786940697864777e-01,9.999904798027602348e-01
1.751190261140454822e+02,9.996756933767884101e-01,9.997810656241747918e-01,9.999905818442960115e-01
1.770108958317418342e+02,9.996791682380233857e-01,9.997834116937629467e-01,9.999906827888341843e-01
1.789232040540836124e+02,9.996826057683614319e-01,9.997857325539989404e-01,9.999907826482412609e-01
1.808561715851083420e+02,9.996860063710684141e-01,9.997880284773171811e-01,9.999908814342536312e-01
1.828100216142738361e+02,9.996893704450039442e-01,9.997902997331729047e-01,9.999909791584793428e-01
1.847849797422285860e+02,9.996926983846696757e-01,9.997925465880749263e-01,9.999910758323987681e-01
1.867812740068608264e+02,9.996959905802590418e-01,9.997947693056192797e-01,9.999911714673672680e-01
1.887991349096287195e+02,9.996992474177044397e-01,9.997969681465219693e-01,9.999912660746155257e-01
1.908387954421751829e+02,9.997024692787254141e-01,9.997991433686496121e-01,9.999913596652513226e-01
1.929004911132302027e+02,9.997056565408757312e-01,9.998012952270535214e-01,9.999914522502612035e-01
1.949844599758037305e+02,9.997088095775896743e-01,9.998034239739997941e-01,9.999915438405114765e-01
1.970909426546724603e+02,9.997119287582284519e-01,9.998055298590006190e-01,9.999916344467492113e-01
1.992201823741641249e+02,9.997150144481247169e-01,9.998076131288454738e-01,9.999917240796047935e-01
2.013724249862385420e+02,9.997180670086280863e-01,9.998096740276311012e-01,9.999918127495921460e-01
2.035479189988790552e+02,9.997210867971502157e-01,9.998117127967914852e-01,9.999919004671099509e-01
2.057469156047835384e+02,9.997240741672068776e-01,9.998137296751279379e-01,9.999919872424439804e-01
2.079696687103690920e+02,9.997270294684628134e-01,9.998157248988382984e-01,9.999920730857670970e-01
2.102164349650892063e+02,9.997299530467740336e-01,9.998176987015455763e-01,9.999921580071415850e-01
2.124874737910676572e+02,9.997328452442304503e-01,9.998196513143272623e-01,9.999922420165199277e-01
2.147830474130527136e+02,9.997357063991968440e-01,9.998215829657428610e-01,9.999923251237455846e-01
2.171034208886947283e+02,9.997385368463557187e-01,9.998234938818630901e-01,9.999924073385551004e-01
2.194488621391509469e+02,9.997413369167463815e-01,9.998253842862957486e-01,9.999924886705786609e-01
2.218196419800210322e+02,9.997441069378072420e-01,9.998272544002149154e-01,9.999925691293413132e-01
2.242160341526165155e+02,9.997468472334145595e-01,9.998291044423864848e-01,9.999926487242647433e-01
2.266383153555692616e+02,9.997495581239214113e-01,9.998309346291964772e-01,9.999927274646677189e-01
2.290867652767770153e+02,9.997522399261988824e-01,9.998327451746759076e-01,9.999928053597670896e-01
2.315616666257023724e+02,9.997548929536723694e-01,9.998345362905274314e-01,9.999928824186801180e-01
2.340633051660124124e+02,9.997575175163607719e-01,9.998363081861518786e-01,9.999929586504241463e-01
2.365919697485753375e+02,9.997601139209146837e-01,9.998380610686730119e-01,9.999930340639184845e-01
2.391479523448122393e+02,9.997626824706526971e-01,9.998397951429620623e-01,9.999931086679856307e-01
2.417315480804097376e+02,9.997652234655977077e-01,9.998415106116647078e-01,9.999931824713518269e-01
2.443430552693964728e+02,9.997677372025159936e-01,9.998432076752237219e-01,9.999932554826481690e-01
2.469827754485877733e+02,9.997702239749499675e-01,9.998448865319043977e-01,9.999933277104123830e-01
2.496510134124025910e+02,9.997726840732560349e-01,9.998465473778185286e-01,9.999933991630892693e-01
2.523480772480565122e+02,9.997751177846385673e-01,9.998481904069472792e-01,9.999934698490314799e-01
2.550742783711348523e+02,9.997775253931854289e-01,9.998498158111662759e-01,9.999935397765008505e-01
2.578299315615501541e+02,9.997799071799018389e-01,9.998514237802674787e-01,9.999936089536697326e-01
2.606153549998892913e+02,9.997822634227448990e-01,9.998530145019834947e-01,9.999936773886215491e-01
2.634308703041479589e+02,9.997845943966561233e-01,9.998545881620084508e-01,9.999937450893517932e-01
2.662768025668721634e+02,9.997869003735964100e-01,9.998561449440224180e-01,9.999938120637691386e-01
2.691534803926910513e+02,9.997891816225767947e-01,9.998576850297129504e-01,9.999938783196963277e-01
2.720612359362600046e+02,9.997914384096932006e-01,9.998592085987959566e-01,9.999939438648717260e-01
2.750004049406127820e+02,9.997936709981560810e-01,9.998607158290392372e-01,9.999940087069487671e-01
2.779713267759281052e+02,9.997958796483241706e-01,9.998622068962826903e-01,9.999940728534983947e-01
2.809743444787148405e+02,9.997980646177351272e-01,9.998636819744600723e-01,9.999941363120091742e-01
2.840098047914205495e+02,9.998002261611361741e-01,9.998651412356195367e-01,9.999941990898889577e-01
2.870780582024680712e+02,9.998023645305154083e-01,9.998665848499451725e-01,9.999942611944642179e-01
2.901794589867244554e+02,9.998044799751314438e-01,9.998680129857764332e-01,9.999943226329826018e-01
2.933143652464073057e+02,9.998065727415443860e-01,9.998694258096290088e-01,9.999943834126131526e-01
2.964831389524339897e+02,9.998086430736443653e-01,9.998708234862153654e-01,9.999944435404471976e-01
2.996861459862121251e+02,9.998106912126811796e-01,9.998722061784636184e-01,9.999945030234991261e-01
3.029237561818924291e+02,9.998127173972941595e-01,9.998735740475377387e-01,9.999945618687070548e-01
3.061963433690672218e+02,9.998147218635393685e-01,9.998749272528565379e-01,9.999946200829340492e-01
3.095042854159355556e+02,9.998167048449192462e-01,9.998762659521130969e-01,9.999946776729691233e-01
3.128479642729337797e+02,9.998186665724089206e-01,9.998775903012941946e-01,9.999947346455274610e-01
3.162277660168371085e+02,9.998206072744865169e-01,9.998789004546971837e-01,9.999947910072513046e-01
3.196440808953381065e+02,9.998225271771579159e-01,9.998801965649509738e-01,9.999948467647112871e-01
3.230973033721062393e+02,9.998244265039848422e-01,9.998814787830325734e-01,9.999949019244069870e-01
3.265878321723346858e+02,9.998263054761125090e-01,9.998827472582861864e-01,9.999949564927669288e-01
3.301160703287789602e+02,9.998281643122943763e-01,9.998840021384399757e-01,9.999950104761510250e-01
3.336824252282928569e+02,9.998300032289199057e-01,9.998852435696254926e-01,9.999950638808495773e-01
3.372873086588674596e+02,9.998318224400390974e-01,9.998864716963931087e-01,9.999951167130850527e-01
3.409311368571790126e+02,9.998336221573891347e-01,9.998876866617308901e-01,9.999951689790128606e-01
3.446143305566450863e+02,9.998354025904191422e-01,9.998888886070811388e-01,9.999952206847210201e-01
3.483373150360112618e+02,9.998371639463151661e-01,9.998900776723574912e-01,9.999952718362327131e-01
3.521005201684512826e+02,9.998389064300253759e-01,9.998912539959611268e-01,9.999953224395056184e-01
3.559043804712033534e+02,9.998406302442837124e-01,9.998924177147977543e-01,9.999953725004322447e-01
3.597493351557414485e+02,9.998423355896352005e-01,9.998935689642937108e-01,9.999954220248423731e-01
3.636358281784887367e+02,9.998440226644580431e-01,9.998947078784128362e-01,9.999954710185022799e-01
3.675643082920789197e+02,9.998456916649895998e-01,9.998958345896711286e-01,9.999955194871160691e-01
3.715352290971713387e+02,9.998473427853483697e-01,9.998969492291541750e-01,9.999955674363258940e-01
3.755490490948257047e+02,9.998489762175566398e-01,9.998980519265311395e-01,9.999956148717136228e-01
3.796062317394427623e+02,9.998505921515647987e-01,9.998991428100716394e-01,9.999956617987998397e-01
3.837072454922771954e+02,9.998521907752728755e-01,9.999002220066600666e-01,9.999957082230460648e-01
3.878525638755278919e+02,9.998537722745534095e-01,9.999012896418110197e-01,9.999957541498548652e-01
3.920426655270148331e+02,9.998553368332727675e-01,9.999023458396841813e-01,9.999957995845701886e-01
3.962780342554389108e+02,9.998568846333141247e-01,9.999033907230996387e-01,9.999958445324784728e-01
4.005591590962534951e+02,9.998584158545985590e-01,9.999044244135516513e-01,9.999958889988086463e-01
4.048865343681248419e+02,9.998599306751060345e-01,9.999054470312236376e-01,9.999959329887340154e-01
4.092606597300099338e+02,9.998614292708972728e-01,9.999064586950020539e-01,9.999959765073711537e-01
4.136820402388496518e+02,9.998629118161342921e-01,9.999074595224910489e-01,9.999960195597817902e-01
4.181511864078846088e+02,9.998643784831005021e-01,9.999084496300262304e-01,9.999960621509729197e-01
4.226686142656016614e+02,9.998658294422224646e-01,9.999094291326879880e-01,9.999961042858976912e-01
4.272348454153170110e+02,9.998672648620893222e-01,9.999103981443164813e-01,9.999961459694556298e-01
4.318504070954026588e+02,9.998686849094717832e-01,9.999113567775229638e-01,9.999961872064933033e-01
4.365158322401642863e+02,9.998700897493445483e-01,9.999123051437056597e-01,9.999962280018052097e-01
4.412316595413757341e+02,9.998714795449030746e-01,9.999132433530610875e-01,9.999962683601338886e-01
4.459984335104810498e+02,9.998728544575847810e-01,9.999141715145980491e-01,9.999963082861710317e-01
4.508167045414596146e+02,9.998742146470867009e-01,9.999150897361500645e-01,9.999963477845573712e-01
4.556870289743867488e+02,9.998755602713860213e-01,9.999159981243886941e-01,9.999963868598837902e-01
4.606099691596651837e+02,9.998768914867575131e-01,9.999168967848359735e-01,9.999964255166916560e-01
4.655860935229579809e+02,9.998782084477921828e-01,9.999177858218761816e-01,9.999964637594731531e-01
4.706159766308219332e+02,9.998795113074164798e-01,9.999186653387698298e-01,9.999965015926725043e-01
4.757001992570493485e+02,9.998808002169089493e-01,9.999195354376637646e-01,9.999965390206856375e-01
4.808393484497271402e+02,9.998820753259195504e-01,9.999203962196050455e-01,9.999965760478608523e-01
4.860340175990202169e+02,9.998833367824863094e-01,9.999212477845523805e-01,9.999966126785003739e-01
4.912848065056867313e+02,9.998845847330534164e-01,9.999220902313872283e-01,9.999966489168595762e-01
4.965923214503342251e+02,9.998858193224881008e-01,9.999229236579266766e-01,9.999966847671476478e-01
5.019571752634234940e+02,9.998870406940976174e-01,9.999237481609338785e-01,9.999967202335288130e-01
5.073799873960287528e+02,9.998882489896473436e-01,9.999245638361302646e-01,9.999967553201225545e-01
5.128613839913642778e+02,9.998894443493757667e-01,9.999253707782065348e-01,9.999967900310038349e-01
5.184019979570747410e+02,9.998906269120125812e-01,9.999261690808340930e-01,9.999968243702037629e-01
5.240024690383241932e+02,9.998917968147940094e-01,9.999269588366754835e-01,9.999968583417092605e-01
5.296634438916568115e+02,9.998929541934794551e-01,9.999277401373960483e-01,9.999968919494659492e-01
5.353855761596652201e+02,9.998940991823673796e-01,9.999285130736745852e-01,9.999969251973754858e-01
5.411695265464624072e+02,9.998952319143112888e-01,9.999292777352136730e-01,9.999969580892980048e-01
5.470159628939701406e+02,9.998963525207353875e-01,9.999300342107503292e-01,9.999969906290523403e-01
5.529255602590310446e+02,9.998974611316493455e-01,9.999307825880672240e-01,9.999970228204156930e-01
5.588990009913538870e+02,9.998985578756655057e-01,9.999315229540016725e-01,9.999970546671251848e-01
5.649369748123004911e+02,9.998996428800112080e-01,9.999322553944575143e-01,9.999970861728770810e-01
5.710401788945247290e+02,9.999007162705465523e-01,9.999329799944135511e-01,9.999971173413282344e-01
5.772093179424708751e+02,9.999017781717771669e-01,9.999336968379348711e-01,9.999971481760960845e-01
5.834451042737422313e+02,9.999028287068701948e-01,9.999344060081825081e-01,9.999971786807592133e-01
5.897482579013508257e+02,9.999038679976682831e-01,9.999351075874219896e-01,9.999972088588576780e-01
5.961195066168452286e+02,9.999048961647036826e-01,9.999358016570353280e-01,9.999972387138931218e-01
6.025595860743567300e+02,9.999059133272122368e-01,9.999364882975279034e-01,9.999972682493298848e-01
6.090692398755337535e+02,9.999069196031489248e-01,9.999371675885404542e-01,9.999972974685948923e-01
6.156492196554031580e+02,9.999079151091997408e-01,9.999378396088570708e-01,9.999973263750782104e-01
6.223002851691578599e+02,9.999088999607965711e-01,9.999385044364139663e-01,9.999973549721333788e-01
6.290232043798814630e+02,9.999098742721302946e-01,9.999391621483104675e-01,9.999973832630781878e-01
6.358187535472210357e+02,9.999108381561649939e-01,9.999398128208162317e-01,9.999974112511940127e-01
6.426877173170174729e+02,9.999117917246496123e-01,9.999404565293811276e-01,9.999974389397277008e-01
6.496308888119046969e+02,9.999127350881330534e-01,9.999410933486443387e-01,9.999974663318909052e-01
6.566490697228869067e+02,9.999136683559760597e-01,9.999417233524423576e-01,9.999974934308605290e-01
6.637430704019060386e+02,9.999145916363635367e-01,9.999423466138182004e-01,9.999975202397798357e-01
6.709137099554105816e+02,9.999155050363182085e-01,9.999429632050300665e-01,9.999975467617573388e-01
6.781618163389244955e+02,9.999164086617132741e-01,9.999435731975586661e-01,9.999975729998694662e-01
6.854882264526605695e+02,9.999173026172842871e-01,9.999441766621178784e-01,9.999975989571581181e-01
6.928937862381437753e+02,9.999181870066413680e-01,9.999447736686609689e-01,9.999976246366338861e-01
7.003793507758896340e+02,9.999190619322815277e-01,9.999453642863895819e-01,9.999976500412739444e-01
7.079457843841362319e+02,9.999199274956011019e-01,9.999459485837619566e-01,9.999976751740241587e-01
7.155939607186419380e+02,9.999207837969068535e-01,9.999465266285008092e-01,9.999977000377981984e-01
7.233247628735621220e+02,9.999216309354286292e-01,9.999470984876012158e-01,9.999977246354785354e-01
7.311390834834151065e+02,9.999224690093302392e-01,9.999476642273388283e-01,9.999977489699171107e-01
7.390378248261501994e+02,9.999232981157213374e-01,9.999482239132769790e-01,9.999977730439347789e-01
7.470218989273288344e+02,9.999241183506686337e-01,9.999487776102752301e-01,9.999977968603220857e-01
7.550922276654308689e+02,9.999249298092072191e-01,9.999493253824961458e-01,9.999978204218398226e-01
7.632497428782996849e+02,9.999257325853516676e-01,9.999498672934132859e-01,9.999978437312189161e-01
7.714953864707387083e+02,9.999265267721072492e-01,9.999504034058188662e-01,9.999978667911609831e-01
7.798301105232576447e+02,9.999273124614809216e-01,9.999509337818298649e-01,9.999978896043389964e-01
7.882548774020200426e+02,9.999280897444907668e-01,9.999514584828974595e-01,9.999979121733962861e-01
7.967706598699520555e+02,9.999288587111793136e-01,9.999519775698122448e-01,9.999979345009488707e-01
8.053784411990648096e+02,9.999296194506207547e-01,9.999524911027118934e-01,9.999979565895842359e-01
8.140792152839875371e+02,9.999303720509346016e-01,9.999529991410892604e-01,9.999979784418618900e-01
8.228739867567272768e+02,9.999311165992934569e-01,9.999535017437976014e-01,9.999980000603138075e-01
8.317637711026684428e+02,9.999318531819345601e-01,9.999539989690588992e-01,9.999980214474450957e-01
8.407495947778255641e+02,9.999325818841701130e-01,9.999544908744696370e-01,9.999980426057338834e-01
8.498324953273624942e+02,9.999333027903956062e-01,9.999549775170087917e-01,9.999980635376314320e-01
8.590135215053924185e+02,9.999340159841021425e-01,9.999554589530428306e-01,9.999980842455632457e-01
8.682937333960717297e+02,9.999347215478832096e-01,9.999559352383341482e-01,9.999981047319280725e-01
8.776742025360024400e+02,9.999354195634475584e-01,9.999564064280458409e-01,9.999981249990994581e-01
8.871560120379598402e+02,9.999361101116263084e-01,9.999568725767494781e-01,9.999981450494250801e-01
8.967402567159414275e+02,9.999367932723830510e-01,9.999573337384306537e-01,9.999981648852278582e-01
9.064280432115978101e+02,9.999374691248242852e-01,9.999577899664956471e-01,9.999981845088051768e-01
9.162204901219979547e+02,9.999381377472067456e-01,9.999582413137783066e-01,9.999982039224301067e-01
9.261187281287914175e+02,9.999387992169486150e-01,9.999586878325443795e-01,9.999982231283517375e-01
9.361239001287616475e+02,9.999394536106364084e-01,9.999591295744998387e-01,9.999982421287940682e-01
9.462371613657903708e+02,9.999401010040361859e-01,9.999595665907952124e-01,9.999982609259577826e-01
9.564596795642472671e+02,9.999407414721001031e-01,9.999599989320328008e-01,9.999982795220204723e-01
9.667926350638210806e+02,9.999413750889770691e-01,9.999604266482713388e-01,9.999982979191351928e-01
9.772372209558070608e+02,9.999420019280206295e-01,9.999608497890333236e-01,9.999983161194329062e-01
9.877946432208668739e+02,9.999426220617969596e-01,9.999612684033091226e-01,9.999983341250210378e-01
9.984661208682766755e+02,9.999432355620947455e-01,9.999616825395643005e-01,9.999983519379846975e-01
1.009252886076683467e+03,9.999438424999321784e-01,9.999620922457445049e-01,9.999983695603866796e-01
1.020156184336363253e+03,9.999444429455657257e-01,9.999624975692803508e-01,9.999983869942674630e-01
1.031177274593053653e+03,9.999450369684986795e-01,9.999628985570946371e-01,9.999984042416456553e-01
1.042317429393302291e+03,9.999456246374890389e-01,9.999632952556062326e-01,9.999984213045184367e-01
1.053577935031404877e+03,9.999462060205568381e-01,9.999636877107361821e-01,9.999984381848613380e-01
1.064960091697927737e+03,9.999467811849939158e-01,9.999640759679140345e-01,9.999984548846287957e-01
1.076465213629832078e+03,9.999473501973695777e-01,9.999644600720809517e-01,9.999984714057540414e-01
1.088094629262223179e+03,9.999479131235391449e-01,9.999648400676968141e-01,9.999984877501501002e-01
1.099849681381737582e+03,9.999484700286532801e-01,9.999652159987439948e-01,9.999985039197090142e-01
1.111731727281587382e+03,9.999490209771624283e-01,9.999655879087342436e-01,9.999985199163025085e-01
1.123742138918279124e+03,9.999495660328269198e-01,9.999659558407123505e-01,9.999985357417826570e-01
1.135882303070027547e+03,9.999501052587237426e-01,9.999663198372611417e-01,9.999985513979813279e-01
1.148153621496877804e+03,9.999506387172533151e-01,9.999666799405074746e-01,9.999985668867105160e-01
1.160557511102564831e+03,9.999511664701465907e-01,9.999670361921263462e-01,9.999985822097634536e-01
1.173095404098098470e+03,9.999516885784740516e-01,9.999673886333456663e-01,9.999985973689137220e-01
1.185768748167158037e+03,9.999522051026502600e-01,9.999677373049520313e-01,9.999986123659158066e-01
1.198579006633232439e+03,9.999527161024429622e-01,9.999680822472939434e-01,9.999986272025055412e-01
1.211527658628585868e+03,9.999532216369793058e-01,9.999684235002881394e-01,9.999986418804002186e-01
1.224616199265045680e+03,9.999537217647522791e-01,9.999687611034229207e-01,9.999986564012985912e-01
1.237846139806635392e+03,9.999542165436278163e-01,9.999690950957633717e-01,9.999986707668810926e-01
1.251219007844071712e+03,9.999547060308523472e-01,9.999694255159560230e-01,9.999986849788103926e-01
1.264736347471147155e+03,9.999551902830584593e-01,9.999697524022335138e-01,9.999986990387312868e-01
1.278399719463018982e+03,9.999556693562717813e-01,9.999700757924177008e-01,9.999987129482706960e-01
1.292210701456423294e+03,9.999561433059168669e-01,9.999703957239262087e-01,9.999987267090382215e-01
1.306170888131835909e+03,9.999566121868257440e-01,9.999707122337746501e-01,9.999987403226267002e-01
1.320281891397602521e+03,9.999570760532418001e-01,9.999710253585825104e-01,9.999987537906106505e-01
1.334545340576060880e+03,9.999575349588273321e-01,9.999713351345770329e-01,9.999987671145493806e-01
1.348962882591651578e+03,9.999579889566697632e-01,9.999716415975965500e-01,9.999987802959841021e-01
1.363536182161108400e+03,9.999584380992878607e-01,9.999719447830955898e-01,9.999987933364401504e-01
1.378266921985654335e+03,9.999588824386372865e-01,9.999722447261490954e-01,9.999988062374264297e-01
1.393156802945299887e+03,9.999593220261172588e-01,9.999725414614559771e-01,9.999988190004354127e-01
1.408207544295233902e+03,9.999597569125764362e-01,9.999728350233428875e-01,9.999988316269440292e-01
1.423420883864337384e+03,9.999601871483179139e-01,9.999731254457692176e-01,9.999988441184129995e-01
1.438798578255840766e+03,9.999606127831071056e-01,9.999734127623305380e-01,9.999988564762878340e-01
1.454342403050150097e+03,9.999610338661749642e-01,9.999736970062622632e-01,9.999988687019977229e-01
1.470054153009862830e+03,9.999614504462260856e-01,9.999739782104433150e-01,9.999988807969575344e-01
1.485935642287000974e+03,9.999618625714428166e-01,9.999742564074010076e-01,9.999988927625662605e-01
1.501988704632480449e+03,9.999622702894915838e-01,9.999745316293139341e-01,9.999989046002082382e-01
1.518215193607850551e+03,9.999626736475275557e-01,9.999748039080157413e-01,9.999989163112528168e-01
1.534616982799292373e+03,9.999630726922018598e-01,9.999750732749996818e-01,9.999989278970548012e-01
1.551195966033985087e+03,9.999634674696649128e-01,9.999753397614205008e-01,9.999989393589545639e-01
1.567954057598754616e+03,9.999638580255734155e-01,9.999756033981005432e-01,9.999989506982773779e-01
1.584893192461110175e+03,9.999642444050944601e-01,9.999758642155307520e-01,9.999989619163356380e-01
1.602015326492666190e+03,9.999646266529121919e-01,9.999761222438764419e-01,9.999989730144266398e-01
1.619322436694975522e+03,9.999650048132312508e-01,9.999763775129790755e-01,9.999989839938340230e-01
1.636816521427803764e+03,9.999653789297837658e-01,9.999766300523611484e-01,9.999989948558278829e-01
1.654499600639868504e+03,9.999657490458324638e-01,9.999768798912282985e-01,9.999990056016643258e-01
1.672373716102073104e+03,9.999661152041777745e-01,9.999771270584736360e-01,9.999990162325866905e-01
1.690440931643257727e+03,9.999664774471608286e-01,9.999773715826808518e-01,9.999990267498241048e-01
1.708703333388499914e+03,9.999668358166698967e-01,9.999776134921274373e-01,9.999990371545931511e-01
1.727163029999987657e+03,9.999671903541443863e-01,9.999778528147881262e-01,9.999990474480972003e-01
1.745822152920501821e+03,9.999675411005800596e-01,9.999780895783378920e-01,9.999990576315265223e-01
1.764682856619497670e+03,9.999678880965335859e-01,9.999783238101553895e-01,9.999990677060592859e-01
1.783747318841906690e+03,9.999682313821275370e-01,9.999785555373259527e-01,9.999990776728603370e-01
1.803017740859565492e+03,9.999685709970546066e-01,9.999787847866450363e-01,9.999990875330821982e-01
1.822496347725389569e+03,9.999689069805827168e-01,9.999790115846209915e-01,9.999990972878655127e-01
1.842185388530289629e+03,9.999692393715587935e-01,9.999792359574787293e-01,9.999991069383379338e-01
1.862087136662862122e+03,9.999695682084143167e-01,9.999794579311612752e-01,9.999991164856156800e-01
1.882203890071884189e+03,9.999698935291693180e-01,9.999796775313355424e-01,9.999991259308029790e-01
1.902537971531646463e+03,9.999702153714362662e-01,9.999798947833918872e-01,9.999991352749918461e-01
1.923091728910151460e+03,9.999705337724253962e-01,9.999801097124496607e-01,9.999991445192627504e-01
1.943867535440208258e+03,9.999708487689482617e-01,9.999803223433595400e-01,9.999991536646847257e-01
1.964867789993459155e+03,9.999711603974222873e-01,9.999805327007050826e-01,9.999991627123152593e-01
1.986094917357369468e+03,9.999714686938750985e-01,9.999807408088076111e-01,9.999991716632007366e-01
2.007551368515178183e+03,9.999717736939488510e-01,9.999809466917273237e-01,9.999991805183756632e-01
2.029239620928940667e+03,9.999720754329035621e-01,9.999811503732678464e-01,9.999991892788642200e-01
2.051162178825561568e+03,9.999723739456219951e-01,9.999813518769767873e-01,9.999991979456793745e-01
2.073321573485950921e+03,9.999726692666138783e-01,9.999815512261500672e-01,9.999992065198233249e-01
2.095720363537296180e+03,9.999729614300191249e-01,9.999817484438344728e-01,9.999992150022869453e-01
2.118361135248496339e+03,9.999732504696119406e-01,9.999819435528297662e-01,9.999992233940516728e-01
2.141246502828781104e+03,9.999735364188054865e-01,9.999821365756919045e-01,9.999992316960870653e-01
2.164379108729563086e+03,9.999738193106550987e-01,9.999823275347348162e-01,9.999992399093533546e-01
2.187761623949545083e+03,9.999740991778620636e-01,9.999825164520342868e-01,9.999992480348001145e-01
2.211396748343126546e+03,9.999743760527778358e-01,9.999827033494290696e-01,9.999992560733664826e-01
2.235287210932142443e+03,9.999746499674072586e-01,9.999828882485246595e-01,9.999992640259822707e-01
2.259435770220967697e+03,9.999749209534131156e-01,9.999830711706949593e-01,9.999992718935664104e-01
2.283845214515036787e+03,9.999751890421191280e-01,9.999832521370852767e-01,9.999992796770288406e-01
2.308518362242758940e+03,9.999754542645132860e-01,9.999834311686146560e-01,9.999992873772690638e-01
2.333458062280999002e+03,9.999757166512522888e-01,9.999836082859777653e-01,9.999992949951773680e-01
2.358667194283987556e+03,9.999759762326647650e-01,9.999837835096482275e-01,9.999993025316344930e-01
2.384148669015828546e+03,9.999762330387544917e-01,9.999839568598802853e-01,9.999993099875116309e-01
2.409905428686588948e+03,9.999764870992045029e-01,9.999841283567115768e-01,9.999993173636706478e-01
2.435940447292020053e+03,9.999767384433793094e-01,9.999842980199651343e-01,9.999993246609641950e-01
2.462256730956949923e+03,9.999769871003304500e-01,9.999844658692516042e-01,9.999993318802359310e-01
2.488857318282382494e+03,9.999772330987974911e-01,9.999846319239720227e-01,9.999993390223202994e-01
2.515745280696351983e+03,9.999774764672124672e-01,9.999847962033198145e-01,9.999993460880430840e-01
2.542923722808560342e+03,9.999777172337036557e-01,9.999849587262830131e-01,9.999993530782205209e-01
2.570395782768853223e+03,9.999779554260981307e-01,9.999851195116462588e-01,9.999993599936609634e-01
2.598164632629563584e+03,9.999781910719249822e-01,9.999852785779929087e-01,9.999993668351641052e-01
2.626233478711782027e+03,9.999784241984187583e-01,9.999854359437079232e-01,9.999993736035199809e-01
2.654605561975535693e+03,9.999786548325225732e-01,9.999855916269791978e-01,9.999993802995115200e-01
2.683284158394060341e+03,9.999788830008914386e-01,9.999857456458002281e-01,9.999993869239126587e-01
2.712272579332022815e+03,9.999791087298945946e-01,9.999858980179717749e-01,9.999993934774887849e-01
2.741574171927876250e+03,9.999793320456196177e-01,9.999860487611043069e-01,9.999993999609975148e-01
2.771192319480335300e+03,9.999795529738747524e-01,9.999861978926193329e-01,9.999994063751882489e-01
2.801130441839028663e+03,9.999797715401921305e-01,9.999863454297522880e-01,9.999994127208023942e-01
2.831391995799370306e+03,9.999799877698304362e-01,9.999864913895539775e-01,9.999994189985732529e-01
2.861980475501696674e+03,9.999802016877782362e-01,9.999866357888937962e-01,9.999994252092264668e-01
2.892899412834717168e+03,9.999804133187569777e-01,9.999867786444586182e-01,9.999994313534797952e-01
2.924152377843323848e+03,9.999806226872228754e-01,9.999869199727583480e-01,9.999994374320436696e-01
2.955742979140802163e+03,9.999808298173712418e-01,9.999870597901261426e-01,9.999994434456200842e-01
2.987674864325511862e+03,9.999810347331382632e-01,9.999871981127194109e-01,9.999994493949045937e-01
3.019951720402012143e+03,9.999812374582035535e-01,9.999873349565232550e-01,9.999994552805842041e-01
3.052577274206843867e+03,9.999814380159939287e-01,9.999874703373520246e-01,9.999994611033397041e-01
3.085555292838805599e+03,9.999816364296856275e-01,9.999876042708503165e-01,9.999994668638436668e-01
3.118889584093930353e+03,9.999818327222058656e-01,9.999877367724958610e-01,9.999994725627620040e-01
3.152583996905152617e+03,9.999820269162378317e-01,9.999878678576000768e-01,9.999994782007529670e-01
3.186642421786722480e+03,9.999822190342217976e-01,9.999879975413114019e-01,9.999994837784684787e-01
3.221068791283425071e+03,9.999824090983568947e-01,9.999881258386155158e-01,9.999994892965532456e-01
3.255867080424647611e+03,9.999825971306063321e-01,9.999882527643381147e-01,9.999994947556448688e-01
3.291041307183356821e+03,9.999827831526970634e-01,9.999883783331460219e-01,9.999995001563738439e-01
3.326595532940032626e+03,9.999829671861238944e-01,9.999885025595492971e-01,9.999995054993646715e-01
3.362533862951613173e+03,9.999831492521522591e-01,9.999886254579030131e-01,9.999995107852345244e-01
3.398860446825508006e+03,9.999833293718192184e-01,9.999887470424079217e-01,9.999995160145946915e-01
3.435579478998742616e+03,9.999835075659376793e-01,9.999888673271135620e-01,9.999995211880489121e-01
3.472695199222219344e+03,9.999836838550971718e-01,9.999889863259190381e-01,9.999995263061953743e-01
3.510211893050332492e+03,9.999838582596670689e-01,9.999891040525744623e-01,9.999995313696253829e-01
3.548133892335747532e+03,9.999840307997989175e-01,9.999892205206828422e-01,9.999995363789242475e-01
3.586465575729592729e+03,9.999842014954292146e-01,9.999893357437020791e-01,9.999995413346707274e-01
3.625211369187034506e+03,9.999843703662801842e-01,9.999894497349457456e-01,9.999995462374372535e-01
3.664375746478322526e+03,9.999845374318637736e-01,9.999895625075850836e-01,9.999995510877904836e-01
3.703963229705350386e+03,9.999847027114829867e-01,9.999896740746504475e-01,9.999995558862910805e-01
3.743978389823798807e+03,9.999848662242345476e-01,9.999897844490326371e-01,9.999995606334933784e-01
3.784425847170919496e+03,9.999850279890104554e-01,9.999898936434847840e-01,9.999995653299457166e-01
3.825310271999020642e+03,9.999851880245008706e-01,9.999900016706232408e-01,9.999995699761911050e-01
3.866636385014716325e+03,9.999853463491961136e-01,9.999901085429302450e-01,9.999995745727660035e-01
3.908408957924002607e+03,9.999855029813885521e-01,9.999902142727532528e-01,9.999995791202019868e-01
3.950632813983232609e+03,9.999856579391749323e-01,9.999903188723086034e-01,9.999995836190241905e-01
3.993312828555977376e+03,9.999858112404588217e-01,9.999904223536817405e-01,9.999995880697526429e-01
4.036453929676042662e+03,9.999859629029512753e-01,9.999905247288284338e-01,9.999995924729014884e-01
4.080061098616425170e+03,9.999861129441751650e-01,9.999906260095769994e-01,9.999995968289795423e-01
4.124139370464489730e+03,9.999862613814646251e-01,9.999907262076290770e-01,9.999996011384898464e-01
4.168693834703342873e+03,9.999864082319694925e-01,9.999908253345611842e-01,9.999996054019306690e-01
4.213729635799487369e+03,9.999865535126553073e-01,9.999909234018260484e-01,9.999996096197946160e-01
4.259251973796827770e+03,9.999866972403071985e-01,9.999910204207534958e-01,9.999996137925686313e-01
4.305266104917091980e+03,9.999868394315294395e-01,9.999911164025526711e-01,9.999996179207354396e-01
4.351777342166736162e+03,9.999869801027497784e-01,9.999912113583127038e-01,9.999996220047713269e-01
4.398791055950415284e+03,9.999871192702195488e-01,9.999913052990039297e-01,9.999996260451486929e-01
4.446312674691067514e+03,9.999872569500168895e-01,9.999913982354794451e-01,9.999996300423341644e-01
4.494347685456728868e+03,9.999873931580471886e-01,9.999914901784762167e-01,9.999996339967893721e-01
4.542901634594025381e+03,9.999875279100465253e-01,9.999915811386165254e-01,9.999996379089715060e-01
4.591980128368678379e+03,9.999876612215823357e-01,9.999916711264088542e-01,9.999996417793324266e-01
4.641588833612770031e+03,9.999877931080555227e-01,9.999917601522494426e-01,9.999996456083192209e-01
4.691733478379071130e+03,9.999879235847016767e-01,9.999918482264231745e-01,9.999996493963744237e-01
4.742419852602434730e+03,9.999880526665948510e-01,9.999919353591045779e-01,9.999996531439355740e-01
4.793653808768325689e+03,9.999881803686465620e-01,9.999920215603606000e-01,9.999996568514356587e-01
4.845441262588577047e+03,9.999883067056096753e-01,9.999921068401492752e-01,9.999996605193030019e-01
4.897788193684446014e+03,9.999884316920782945e-01,9.999921912083226117e-01,9.999996641479613757e-01
4.950700646277048691e+03,9.999885553424919804e-01,9.999922746746272573e-01,9.999996677378297782e-01
5.004184729885255365e+03,9.999886776711345293e-01,9.999923572487051660e-01,9.999996712893234330e-01
5.058246620031120074e+03,9.999887986921371930e-01,9.999924389400960401e-01,9.999996748028521232e-01
5.112892558952939908e+03,9.999889184194806768e-01,9.999925197582367753e-01,9.999996782788221905e-01
5.168128856326028654e+03,9.999890368669955842e-01,9.999925997124640142e-01,9.999996817176348696e-01
5.223961889991190219e+03,9.999891540483649699e-01,9.999926788120134802e-01,9.999996851196873981e-01
5.280398106691241082e+03,9.999892699771252280e-01,9.999927570660235299e-01,9.999996884853731283e-01
5.337444022815308017e+03,9.999893846666682018e-01,9.999928344835335992e-01,9.999996918150808600e-01
5.395106225151263970e+03,9.999894981302427377e-01,9.999929110734870896e-01,9.999996951091948416e-01
5.453391371646262996e+03,9.999896103809555736e-01,9.999929868447314796e-01,9.999996983680959906e-01
5.512306192175501565e+03,9.999897214317733374e-01,9.999930618060198784e-01,9.999997015921606724e-01
5.571857489319280830e+03,9.999898312955241009e-01,9.999931359660115815e-01,9.999997047817613671e-01
5.632052139148465358e+03,9.999899399848987125e-01,9.999932093332731808e-01,9.999997079372666686e-01
5.692897092018421972e+03,9.999900475124525734e-01,9.999932819162798969e-01,9.999997110590406191e-01
5.754399373371546972e+03,9.999901538906064147e-01,9.999933537234162451e-01,9.999997141474444851e-01
5.816566084548449908e+03,9.999902591316485179e-01,9.999934247629769235e-01,9.999997172028345371e-01
5.879404403607912172e+03,9.999903632477351589e-01,9.999934950431682568e-01,9.999997202255640483e-01
5.942921586155719524e+03,9.999904662508931619e-01,9.999935645721086397e-01,9.999997232159820726e-01
6.007124966182340359e+03,9.999905681530206758e-01,9.999936333578294256e-01,9.999997261744338894e-01
6.072021956909874461e+03,9.999906689658883963e-01,9.999937014082761477e-01,9.999997291012616696e-01
6.137620051647929358e+03,9.999907687011414525e-01,9.999937687313097401e-01,9.999997319968031428e-01
6.203926824658856276e+03,9.999908673703000739e-01,9.999938353347070930e-01,9.999997348613928194e-01
6.270949932032308425e+03,9.999909649847615878e-01,9.999939012261608307e-01,9.999997376953618788e-01
6.338697112569250748e+03,9.999910615558011973e-01,9.999939664132830863e-01,9.999997404990375038e-01
6.407176188675517551e+03,9.999911570945736461e-01,9.999940309036029484e-01,9.999997432727434354e-01
6.476395067265020771e+03,9.999912516121148842e-01,9.999940947045700135e-01,9.999997460168001950e-01
6.546361740672725318e+03,9.999913451193419567e-01,9.999941578235538309e-01,9.999997487315250844e-01
6.617084287577474242e+03,9.999914376270557792e-01,9.999942202678453462e-01,9.999997514172310753e-01
6.688570873934797419e+03,9.999915291459414712e-01,9.999942820446573455e-01,9.999997540742288082e-01
6.760829753919810173e+03,9.999916196865701323e-01,9.999943431611252320e-01,9.999997567028250378e-01
6.833869270880186377e+03,9.999917092593995083e-01,9.999944036243089140e-01,9.999997593033232990e-01
6.907697858299658947e+03,9.999917978747763225e-01,9.999944634411920275e-01,9.999997618760243512e-01
6.982324040771700311e+03,9.999918855429354991e-01,9.999945226186839342e-01,9.999997644212251791e-01
7.057756434983831241e+03,9.999919722740031602e-01,9.999945811636198334e-01,9.999997669392193256e-01
7.134003750712544388e+03,9.999920580779974033e-01,9.999946390827622045e-01,9.999997694302985574e-01
7.211074791828976231e+03,9.999921429648285232e-01,9.999946963828009183e-01,9.999997718947498671e-01
7.288978457315443848e+03,9.999922269443013434e-01,9.999947530703545695e-01,9.999997743328583599e-01
7.367723742292962925e+03,9.999923100261161046e-01,9.999948091519706983e-01,9.999997767449052555e-01
7.447319739059863423e+03,9.999923922198683535e-01,9.999948646341269010e-01,9.999997791311696638e-01
7.527775638141633863e+03,9.999924735350518290e-01,9.999949195232313848e-01,9.999997814919264760e-01
7.609100729352097915e+03,9.999925539810586850e-01,9.999949738256245224e-01,9.999997838274492512e-01
7.691304402866062446e+03,9.999926335671801558e-01,9.999950275475778527e-01,9.999997861380072184e-01
7.774396150303576178e+03,9.999927123026089992e-01,9.999950806952967453e-01,9.999997884238671642e-01
7.858385565825768936e+03,9.999927901964388299e-01,9.999951332749198452e-01,9.999997906852934326e-01
7.943282347242801734e+03,9.999928672576665623e-01,9.999951852925198503e-01,9.999997929225473703e-01
8.029096297133510234e+03,9.999929434951925211e-01,9.999952367541053988e-01,9.999997951358869930e-01
8.115837323977289088e+03,9.999930189178222184e-01,9.999952876656197365e-01,9.999997973255679851e-01
8.203515443298161699e+03,9.999930935342669081e-01,9.999953380329434927e-01,9.999997994918434774e-01
8.292140778821229105e+03,9.999931673531444742e-01,9.999953878618941250e-01,9.999998016349633811e-01
8.381723563641595319e+03,9.999932403829809857e-01,9.999954371582265855e-01,9.999998037551756092e-01
8.472274141405934643e+03,9.999933126322110288e-01,9.999954859276348751e-01,9.999998058527248546e-01
8.563802967506813729e+03,9.999933841091794839e-01,9.999955341757517102e-01,9.999998079278534791e-01
8.656320610289916658e+03,9.999934548221417474e-01,9.999955819081493003e-01,9.999998099808009577e-01
8.749837752274323066e+03,9.999935247792646198e-01,9.999956291303413458e-01,9.999998120118046563e-01
8.844365191385955768e+03,9.999935939886278602e-01,9.999956758477813734e-01,9.999998140210990538e-01
8.939913842204396133e+03,9.999936624582250744e-01,9.999957220658651780e-01,9.999998160089160759e-01
9.036494737222999902e+03,9.999937301959643809e-01,9.999957677899309338e-01,9.999998179754855387e-01
9.134119028122955569e+03,9.999937972096686334e-01,9.999958130252595279e-01,9.999998199210343719e-01
9.232797987060781452e+03,9.999938635070779736e-01,9.999958577770756696e-01,9.999998218457873955e-01
9.332543007969887185e+03,9.999939290958492766e-01,9.999959020505477802e-01,9.999998237499670983e-01
9.433365607876185095e+03,9.999939939835577052e-01,9.999959458507893251e-01,9.999998256337931934e-01
9.535277428227884229e+03,9.999940581776970427e-01,9.999959891828588132e-01,9.999998274974831736e-01
9.638290236239674414e+03,9.999941216856819137e-01,9.999960320517612411e-01,9.999998293412525330e-01
9.742415926251420387e+03,9.999941845148466735e-01,9.999960744624476483e-01,9.999998311653141014e-01
9.847666521101544276e+03,9.999942466724475176e-01,9.999961164198157837e-01,9.999998329698784882e-01
9.954054173515229195e+03,9.999943081656633703e-01,9.999961579287122149e-01,9.999998347551543043e-01
1.006159116750763678e+04,9.999943690015963282e-01,9.999961989939304408e-01,9.999998365213474960e-01
1.017028991980230785e+04,9.999944291872723268e-01,9.999962396202133341e-01,9.999998382686623444e-01
1.028016298126472066e+04,9.999944887296423612e-01,9.999962798122529195e-01,9.999998399973002439e-01
1.039122303835167440e+04,9.999945476355831531e-01,9.999963195746911504e-01,9.999998417074612567e-01
1.050348291457599407e+04,9.999946059118977049e-01,9.999963589121200203e-01,9.999998433993427804e-01
1.061695557198722236e+04,9.999946635653161886e-01,9.999963978290832278e-01,9.999998450731398814e-01
1.073165411266828596e+04,9.999947206024972779e-01,9.999964363300748449e-01,9.999998467290465154e-01
1.084759178024831454e+04,9.999947770300279259e-01,9.999964744195418698e-01,9.999998483672533078e-01
1.096478196143181594e+04,9.999948328544254750e-01,9.999965121018826730e-01,9.999998499879496627e-01
1.108323818754437161e+04,9.999948880821368791e-01,9.999965493814498840e-01,9.999998515913230968e-01
1.120297413609501928e+04,9.999949427195400364e-01,9.999965862625485036e-01,9.999998531775584620e-01
1.132400363235552686e+04,9.999949967729452327e-01,9.999966227494380133e-01,9.999998547468389454e-01
1.144634065095671940e+04,9.999950502485949189e-01,9.999966588463323758e-01,9.999998562993457352e-01
1.156999931750205906e+04,9.999951031526650436e-01,9.999966945574003674e-01,9.999998578352583545e-01
1.169499391019869654e+04,9.999951554912652751e-01,9.999967298867663557e-01,9.999998593547542169e-01
1.182133886150592298e+04,9.999952072704403339e-01,9.999967648385101882e-01,9.999998608580082937e-01
1.194904875980186807e+04,9.999952584961696589e-01,9.999967994166687468e-01,9.999998623451950008e-01
1.207813835106777697e+04,9.999953091743696287e-01,9.999968336252355039e-01,9.999998638164854237e-01
1.220862254059068437e+04,9.999953593108926730e-01,9.999968674681605219e-01,9.999998652720498704e-01
1.234051639468444955e+04,9.999954089115291600e-01,9.999969009493530070e-01,9.999998667120560958e-01
1.247383514242939418e+04,9.999954579820069522e-01,9.999969340726790890e-01,9.999998681366708553e-01
1.260859417743070662e+04,9.999955065279934052e-01,9.999969668419641522e-01,9.999998695460583509e-01
1.274480905959587471e+04,9.999955545550944791e-01,9.999969992609931690e-01,9.999998709403814523e-01
1.288249551693129069e+04,9.999956020688570701e-01,9.999970313335094785e-01,9.999998723198011419e-01
1.302166944735829748e+04,9.999956490747680116e-01,9.999970630632173396e-01,9.999998736844767366e-01
1.316234692054881816e+04,9.999956955782562940e-01,9.999970944537810436e-01,9.999998750345658882e-01
1.330454417978089805e+04,9.999957415846917330e-01,9.999971255088256905e-01,9.999998763702245830e-01
1.344827764381402994e+04,9.999957870993877451e-01,9.999971562319378560e-01,9.999998776916069199e-01
1.359356390878523416e+04,9.999958321276007922e-01,9.999971866266658127e-01,9.999998789988653325e-01
1.374041975012512557e+04,9.999958766745306038e-01,9.999972166965191978e-01,9.999998802921514773e-01
1.388886212449494087e+04,9.999959207453218424e-01,9.999972464449711218e-01,9.999998815716137912e-01
1.403890817174442418e+04,9.999959643450637703e-01,9.999972758754566149e-01,9.999998828374007109e-01
1.419057521689088389e+04,9.999960074787916930e-01,9.999973049913749579e-01,9.999998840896582308e-01
1.434388077211961172e+04,9.999960501514868483e-01,9.999973337960884612e-01,9.999998853285311240e-01
1.449884253880592951e+04,9.999960923680769609e-01,9.999973622929232420e-01,9.999998865541621651e-01
1.465547840955906395e+04,9.999961341334377973e-01,9.999973904851707784e-01,9.999998877666927966e-01
1.481380647028811654e+04,9.999961754523921664e-01,9.999974183760865776e-01,9.999998889662636836e-01
1.497384500229034711e+04,9.999962163297119178e-01,9.999974459688912853e-01,9.999998901530126050e-01
1.513561248436201458e+04,9.999962567701178306e-01,9.999974732667720190e-01,9.999998913270768952e-01
1.529912759493208250e+04,9.999962967782797252e-01,9.999975002728808127e-01,9.999998924885926677e-01
1.546440921421869643e+04,9.999963363588177945e-01,9.999975269903365049e-01,9.999998936376933711e-01
1.563147642640951381e+04,9.999963755163032708e-01,9.999975534222249607e-01,9.999998947745117883e-01
1.580034852186503122e+04,9.999964142552579816e-01,9.999975795715977389e-01,9.999998958991793696e-01
1.597104499934599517e+04,9.999964525801554593e-01,9.999976054414753124e-01,9.999998970118261221e-01
1.614358556826482163e+04,9.999964904954216083e-01,9.999976310348449582e-01,9.999998981125802766e-01
1.631799015096133371e+04,9.999965280054351480e-01,9.999976563546623121e-01,9.999998992015692867e-01
1.649427888500309200e+04,9.999965651145271694e-01,9.999976814038512574e-01,9.999999002789183855e-01
1.667247212551057237e+04,9.999966018269837997e-01,9.999977061853045912e-01,9.999999013447524732e-01
1.685259044750745306e+04,9.999966381470442034e-01,9.999977307018843575e-01,9.999999023991945624e-01
1.703465464829631674e+04,9.999966740789026920e-01,9.999977549564212920e-01,9.999999034423661115e-01
1.721868574985999658e+04,9.999967096267089461e-01,9.999977789517168203e-01,9.999999044743879129e-01
1.740470500128887943e+04,9.999967447945675714e-01,9.999978026905413930e-01,9.999999054953789823e-01
1.759273388123447512e+04,9.999967795865402076e-01,9.999978261756370390e-01,9.999999065054573366e-01
1.778279410038920105e+04,9.999968140066446409e-01,9.999978494097153670e-01,9.999999075047394381e-01
1.797490760399357532e+04,9.999968480588552477e-01,9.999978723954597859e-01,9.999999084933409721e-01
1.816909657436986527e+04,9.999968817471046600e-01,9.999978951355242840e-01,9.999999094713758474e-01
1.836538343348342096e+04,9.999969150752833214e-01,9.999979176325353158e-01,9.999999104389571958e-01
1.856379084553162102e+04,9.999969480472397088e-01,9.999979398890904703e-01,9.999999113961967057e-01
1.876434171956079808e+04,9.999969806667816652e-01,9.999979619077602466e-01,9.999999123432047332e-01
1.896705921211140230e+04,9.999970129376758443e-01,9.999979836910872777e-01,9.999999132800908574e-01
1.917196672989178478e+04,9.999970448636487097e-01,9.999980052415871068e-01,9.999999142069631031e-01
1.937908793248083020e+04,9.999970764483876451e-01,9.999980265617480768e-01,9.999999151239288286e-01
1.958844673505981700e+04,9.999971076955391780e-01,9.999980476540326624e-01,9.999999160310933943e-01
1.980006731117376330e+04,9.999971386087120884e-01,9.999980685208762488e-01,9.999999169285620493e-01
2.001397409552269164e+04,9.999971691914765204e-01,9.999980891646885750e-01,9.999999178164383773e-01
2.023019178678268872e+04,9.999971994473635384e-01,9.999981095878538451e-01,9.999999186948246299e-01
2.044874535045816447e+04,9.999972293798673473e-01,9.999981297927302837e-01,9.999999195638225036e-01
2.066966002176418988e+04,9.999972589924445154e-01,9.999981497816508025e-01,9.999999204235320294e-01
2.089296130854035073e+04,9.999972882885145298e-01,9.999981695569243323e-01,9.999999212740527943e-01
2.111867499419599699e+04,9.999973172714603509e-01,9.999981891208341578e-01,9.999999221154829421e-01
2.134682714068732457e+04,9.999973459446290791e-01,9.999982084756394718e-01,9.999999229479195062e-01
2.157744409152659864e+04,9.999973743113313995e-01,9.999982276235751533e-01,9.999999237714589650e-01
2.181055247482391133e+04,9.999974023748435803e-01,9.999982465668526554e-01,9.999999245861961317e-01
2.204617920636177223e+04,9.999974301384060293e-01,9.999982653076595618e-01,9.999999253922251530e-01
2.228435149270295005e+04,9.999974576052246267e-01,9.999982838481596970e-01,9.999999261896389546e-01
2.252509683433184910e+04,9.999974847784715015e-01,9.999983021904943481e-01,9.999999269785296852e-01
2.276844302882985721e+04,9.999975116612841441e-01,9.999983203367814877e-01,9.999999277589888269e-01
2.301441817408505813e+04,9.999975382567671822e-01,9.999983382891164396e-01,9.999999285311060859e-01
2.326305067153622804e+04,9.999975645679918257e-01,9.999983560495726564e-01,9.999999292949707241e-01
2.351436922945267725e+04,9.999975905979960888e-01,9.999983736202009421e-01,9.999999300506708932e-01
2.376840286624871806e+04,9.999976163497861226e-01,9.999983910030301182e-01,9.999999307982939678e-01
2.402518091383435603e+04,9.999976418263355482e-01,9.999984082000674679e-01,9.999999315379263232e-01
2.428473302100207366e+04,9.999976670305860127e-01,9.999984252132991802e-01,9.999999322696532245e-01
2.454708915685023385e+04,9.999976919654482987e-01,9.999984420446896838e-01,9.999999329935593817e-01
2.481227961424344176e+04,9.999977166338017698e-01,9.999984586961825350e-01,9.999999337097280616e-01
2.508033501331030857e+04,9.999977410384950360e-01,9.999984751697005292e-01,9.999999344182421979e-01
2.535128630497898121e+04,9.999977651823459546e-01,9.999984914671461445e-01,9.999999351191836139e-01
2.562516477455089989e+04,9.999977890681427395e-01,9.999985075904012088e-01,9.999999358126330229e-01
2.590200204531312920e+04,9.999978126986438509e-01,9.999985235413278994e-01,9.999999364986709161e-01
2.618183008218973555e+04,9.999978360765776619e-01,9.999985393217675211e-01,9.999999371773761192e-01
2.646468119543270222e+04,9.999978592046436798e-01,9.999985549335429491e-01,9.999999378488273472e-01
2.675058804435225102e+04,9.999978820855131012e-01,9.999985703784564084e-01,9.999999385131018714e-01
2.703958364108838941e+04,9.999979047218274797e-01,9.999985856582918053e-01,9.999999391702764084e-01
2.733170135442227547e+04,9.999979271162011685e-01,9.999986007748136174e-01,9.999999398204271195e-01
2.762697491362924120e+04,9.999979492712200990e-01,9.999986157297672262e-01,9.999999404636285005e-01
2.792543841237330707e+04,9.999979711894423362e-01,9.999986305248796947e-01,9.999999410999556027e-01
2.822712631264381707e+04,9.999979928733989665e-01,9.999986451618591010e-01,9.999999417294813675e-01
2.853207344873457259e+04,9.999980143255942089e-01,9.999986596423963148e-01,9.999999423522786257e-01
2.884031503126595635e+04,9.999980355485049710e-01,9.999986739681626657e-01,9.999999429684194308e-01
2.915188665125053376e+04,9.999980565445820702e-01,9.999986881408133854e-01,9.999999435779746149e-01
2.946682428420253564e+04,9.999980773162501224e-01,9.999987021619840544e-01,9.999999441810147882e-01
2.978516429429176787e+04,9.999980978659072095e-01,9.999987160332941549e-01,9.999999447776096728e-01
3.010694343854250110e+04,9.999981181959267662e-01,9.999987297563457389e-01,9.999999453678278805e-01
3.043219887107717659e+04,9.999981383086562481e-01,9.999987433327232056e-01,9.999999459517376899e-01
3.076096814740703121e+04,9.999981582064180197e-01,9.999987567639941899e-01,9.999999465294067136e-01
3.109328922876800789e+04,9.999981778915096875e-01,9.999987700517098954e-01,9.999999471009015650e-01
3.142920048650405079e+04,9.999981973662046553e-01,9.999987831974046504e-01,9.999999476662880804e-01
3.176874070649762871e+04,9.999982166327516797e-01,9.999987962025962407e-01,9.999999482256317629e-01
3.211194909364813793e+04,9.999982356933752037e-01,9.999988090687864650e-01,9.999999487789968944e-01
3.245886527639869382e+04,9.999982545502765774e-01,9.999988217974611349e-01,9.999999493264476458e-01
3.280952931131179503e+04,9.999982732056330592e-01,9.999988343900900745e-01,9.999999498680472998e-01
3.316398168769445329e+04,9.999982916615989259e-01,9.999988468481273429e-01,9.999999504038581399e-01
3.352226333227329451e+04,9.999983099203052506e-01,9.999988591730115672e-01,9.999999509339420056e-01
3.388441561392011499e+04,9.999983279838604577e-01,9.999988713661658313e-01,9.999999514583604032e-01
3.425048034842853667e+04,9.999983458543502124e-01,9.999988834289981199e-01,9.999999519771737289e-01
3.462049980334241263e+04,9.999983635338385302e-01,9.999988953629016519e-01,9.999999524904420456e-01
3.499451670283567364e+04,9.999983810243665561e-01,9.999989071692539921e-01,9.999999529982241953e-01
3.537257423264627141e+04,9.999983983279538968e-01,9.999989188494187164e-01,9.999999535005793527e-01
3.575471604506205767e+04,9.999984154465988428e-01,9.999989304047446348e-01,9.999999539975651386e-01
3.614098626396124746e+04,9.999984323822780352e-01,9.999989418365660132e-01,9.999999544892391734e-01
3.653142948990711739e+04,9.999984491369471318e-01,9.999989531462027958e-01,9.999999549756580786e-01
3.692609080529785570e+04,9.999984657125406962e-01,9.999989643349609381e-01,9.999999554568780313e-01
3.732501577957194240e+04,9.999984821109729749e-01,9.999989754041328505e-01,9.999999559329546539e-01
3.772825047446981625e+04,9.999984983341373423e-01,9.999989863549959557e-01,9.999999564039430133e-01
3.813584144935239601e+04,9.999985143839069668e-01,9.999989971888153528e-01,9.999999568698973995e-01
3.854783576657702361e+04,9.999985302621354766e-01,9.999990079068418192e-01,9.999999573308714362e-01
3.896428099693152035e+04,9.999985459706560720e-01,9.999990185103131424e-01,9.999999577869186362e-01
3.938522522512691648e+04,9.999985615112828574e-01,9.999990290004536764e-01,9.999999582380915131e-01
3.981071705534967623e+04,9.999985768858102864e-01,9.999990393784744525e-01,9.999999586844424693e-01
4.024080561687321460e+04,9.999985920960133834e-01,9.999990496455744005e-01,9.999999591260223530e-01
4.067554056973143452e+04,9.999986071436489654e-01,9.999990598029385724e-01,9.999999595628830118e-01
4.111497211045213771e+04,9.999986220304544204e-01,9.999990698517399190e-01,9.999999599950740725e-01
4.155915097785308171e+04,9.999986367581483737e-01,9.999990797931390674e-01,9.999999604226459393e-01
4.200812845890055178e+04,9.999986513284322420e-01,9.999990896282836550e-01,9.999999608456479061e-01
4.246195639463116095e+04,9.999986657429875692e-01,9.999990993583096621e-01,9.999999612641289337e-01
4.292068718613767123e+04,9.999986800034795786e-01,9.999991089843403014e-01,9.999999616781370948e-01
4.338437380061946897e+04,9.999986941115545092e-01,9.999991185074874611e-01,9.999999620877202400e-01
4.385306977749840007e+04,9.999987080688415020e-01,9.999991279288504842e-01,9.999999624929258868e-01
4.432682923460070015e+04,9.999987218769521569e-01,9.999991372495173891e-01,9.999999628938004426e-01
4.480570687440565962e+04,9.999987355374809761e-01,9.999991464705645372e-01,9.999999632903906477e-01
4.528975799036202079e+04,9.999987490520054756e-01,9.999991555930564102e-01,9.999999636827419103e-01
4.577903847327175026e+04,9.999987624220859628e-01,9.999991646180466098e-01,9.999999640708995274e-01
4.627360481774442451e+04,9.999987756492666469e-01,9.999991735465771914e-01,9.999999644549089073e-01
4.677351412871972570e+04,9.999987887350744176e-01,9.999991823796793300e-01,9.999999648348136816e-01
4.727882412806119100e+04,9.999988016810207325e-01,9.999991911183726545e-01,9.999999652106582593e-01
4.778959316122106975e+04,9.999988144885999519e-01,9.999991997636664687e-01,9.999999655824854949e-01
4.830588020397713262e+04,9.999988271592913369e-01,9.999992083165587520e-01,9.999999659503385763e-01
4.882774486924231314e+04,9.999988396945581615e-01,9.999992167780377139e-01,9.999999663142603579e-01
4.935524741394789453e+04,9.999988520958472682e-01,9.999992251490795736e-01,9.999999666742922511e-01
4.988844874600104231e+04,9.999988643645909558e-01,9.999992334306516684e-01,9.999999670304762223e-01
5.042741043131751212e+04,9.999988765022060910e-01,9.999992416237100112e-01,9.999999673828532387e-01
5.097219470093036216e+04,9.999988885100939973e-01,9.999992497292005122e-01,9.999999677314640456e-01
5.152286445817541244e+04,9.999989003896412321e-01,9.999992577480594225e-01,9.999999680763489440e-01
5.207948328595457133e+04,9.999989121422195870e-01,9.999992656812124459e-01,9.999999684175475689e-01
5.264211545407663652e+04,9.999989237691859767e-01,9.999992735295754054e-01,9.999999687550994443e-01
5.321082592667932477e+04,9.999989352718833269e-01,9.999992812940551312e-01,9.999999690890436499e-01
5.378568036972959817e+04,9.999989466516392422e-01,9.999992889755476844e-01,9.999999694194185995e-01
5.436674515860592510e+04,9.999989579097683379e-01,9.999992965749401330e-01,9.999999697462624848e-01
5.495408738576230826e+04,9.999989690475703519e-01,9.999993040931103305e-01,9.999999700696130533e-01
5.554777486847509135e+04,9.999989800663312556e-01,9.999993115309260272e-01,9.999999703895076086e-01
5.614787615667345381e+04,9.999989909673234756e-01,9.999993188892462026e-01,9.999999707059831211e-01
5.675446054085451760e+04,9.999990017518058938e-01,9.999993261689205104e-01,9.999999710190762281e-01
5.736759806008391024e+04,9.999990124210234033e-01,9.999993333707895005e-01,9.999999713288230119e-01
5.798735951008288248e+04,9.999990229762082405e-01,9.999993404956848408e-01,9.999999716352589996e-01
5.861381645140262117e+04,9.999990334185792085e-01,9.999993475444289848e-01,9.999999719384199404e-01
5.924704121768724144e+04,9.999990437493421203e-01,9.999993545178361698e-01,9.999999722383405842e-01
5.988710692402489803e+04,9.999990539696896885e-01,9.999993614167117517e-01,9.999999725350559032e-01
6.053408747539125761e+04,9.999990640808018583e-01,9.999993682418516494e-01,9.999999728285997591e-01
6.118805757518207974e+04,9.999990740838469172e-01,9.999993749940446763e-01,9.999999731190062358e-01
6.184909273383901746e+04,9.999990839799790532e-01,9.999993816740702091e-01,9.999999734063086398e-01
6.251726927756842633e+04,9.999990937703414629e-01,9.999993882826992975e-01,9.999999736905406111e-01
6.319266435715431726e+04,9.999991034560644643e-01,9.999993948206954419e-01,9.999999739717345681e-01
6.387535595686656598e+04,9.999991130382664961e-01,9.999994012888135941e-01,9.999999742499232624e-01
6.456542290346533991e+04,9.999991225180538956e-01,9.999994076878002680e-01,9.999999745251386685e-01
6.526294487530279002e+04,9.999991318965216758e-01,9.999994140183948721e-01,9.999999747974125386e-01
6.596800241152310628e+04,9.999991411747521930e-01,9.999994202813279331e-01,9.999999750667760701e-01
6.668067692136192636e+04,9.999991503538171456e-01,9.999994264773228725e-01,9.999999753332609043e-01
6.740105069354624720e+04,9.999991594347764634e-01,9.999994326070947848e-01,9.999999755968974613e-01
6.812920690579604707e+04,9.999991684186781971e-01,9.999994386713518812e-01,9.999999758577163833e-01
6.886522963442750915e+04,9.999991773065601830e-01,9.999994446707943796e-01,9.999999761157475353e-01
6.960920386406221951e+04,9.999991860994488224e-01,9.999994506061145039e-01,9.999999763710210043e-01
7.036121549743897049e+04,9.999991947983590812e-01,9.999994564779981499e-01,9.999999766235659893e-01
7.112135136533273908e+04,9.999992034042954892e-01,9.999994622871233307e-01,9.999999768734119110e-01
7.188969923658053449e+04,9.999992119182520289e-01,9.999994680341605102e-01,9.999999771205873023e-01
7.266634782821564295e+04,9.999992203412113589e-01,9.999994737197732686e-01,9.999999773651210289e-01
7.345138681571125926e+04,9.999992286741463676e-01,9.999994793446185248e-01,9.999999776070411794e-01
7.424490684333491663e+04,9.999992369180190632e-01,9.999994849093454263e-01,9.999999778463753985e-01
7.504699953461458790e+04,9.999992450737813510e-01,9.999994904145967922e-01,9.999999780831518859e-01
7.585775750291807344e+04,9.999992531423750330e-01,9.999994958610080031e-01,9.999999783173976198e-01
7.667727436214649060e+04,9.999992611247319196e-01,9.999995012492078894e-01,9.999999785491398008e-01
7.750564473754343635e+04,9.999992690217733848e-01,9.999995065798189531e-01,9.999999787784050742e-01
7.834296427662107453e+04,9.999992768344114769e-01,9.999995118534563687e-01,9.999999790052199744e-01
7.918932966020298772e+04,9.999992845635484739e-01,9.999995170707296488e-01,9.999999792296105916e-01
8.004483861358903232e+04,9.999992922100766624e-01,9.999995222322404231e-01,9.999999794516031271e-01
8.090958991783806414e+04,9.999992997748788914e-01,9.999995273385855477e-01,9.999999796712228939e-01
8.178368342117390421e+04,9.999993072588286847e-01,9.999995323903537736e-01,9.999999798884955382e-01
8.266722005051432643e+04,9.999993146627904617e-01,9.999995373881289673e-01,9.999999801034458180e-01
8.356030182312455145e+04,9.999993219876187611e-01,9.999995423324882227e-01,9.999999803160986023e-01
8.446303185839658545e+04,9.999993292341595730e-01,9.999995472240021943e-01,9.999999805264786490e-01
8.537551438975588826e+04,9.999993364032497833e-01,9.999995520632357637e-01,9.999999807346102720e-01
8.629785477669669490e+04,9.999993434957168414e-01,9.999995568507479282e-01,9.999999809405173412e-01
8.723015951694727119e+04,9.999993505123797588e-01,9.999995615870911347e-01,9.999999811442236153e-01
8.817253625876663136e+04,9.999993574540491093e-01,9.999995662728125012e-01,9.999999813457526310e-01
8.912509381337444938e+04,9.999993643215260297e-01,9.999995709084530393e-01,9.999999815451278140e-01
9.008794216751365457e+04,9.999993711156035525e-01,9.999995754945480986e-01,9.999999817423719239e-01
9.106119249615186709e+04,9.999993778370663833e-01,9.999995800316270333e-01,9.999999819375080534e-01
9.204495717531695846e+04,9.999993844866905679e-01,9.999995845202139799e-01,9.999999821305585179e-01
9.303934979507280514e+04,9.999993910652436035e-01,9.999995889608270794e-01,9.999999823215457440e-01
9.404448517263492977e+04,9.999993975734856599e-01,9.999995933539789217e-01,9.999999825104916029e-01
9.506047936562787800e+04,9.999994040121675809e-01,9.999995977001769898e-01,9.999999826974179662e-01
9.608744968548568431e+04,9.999994103820335489e-01,9.999996019999231045e-01,9.999999828823465942e-01
9.712551471099727496e+04,9.999994166838183096e-01,9.999996062537136465e-01,9.999999830652988031e-01
9.817479430199808849e+04,9.999994229182501693e-01,9.999996104620397785e-01,9.999999832462954652e-01
9.923540961320966017e+04,9.999994290860483304e-01,9.999996146253876672e-01,9.999999834253574527e-01
1.003074831082287419e+05,9.999994351879257781e-01,9.999996187442379281e-01,9.999999836025060818e-01
1.013911385736674856e+05,9.999994412245866160e-01,9.999996228190660696e-01,9.999999837777610034e-01
1.024865011334467854e+05,9.999994471967277310e-01,9.999996268503426045e-01,9.999999839511429789e-01
1.035936972632422257e+05,9.999994531050392377e-01,9.999996308385330490e-01,9.999999841226717701e-01
1.047128548050897662e+05,9.999994589502024800e-01,9.999996347840979238e-01,9.999999842923674720e-01
1.058441029821454576e+05,9.999994647328932507e-01,9.999996386874926424e-01,9.999999844602492916e-01
1.069875724136065837e+05,9.999994704537791268e-01,9.999996425491682883e-01,9.999999846263367687e-01
1.081433951297935128e+05,9.999994761135203580e-01,9.999996463695703941e-01,9.999999847906489991e-01
1.093117045873945754e+05,9.999994817127703106e-01,9.999996501491402734e-01,9.999999849532051899e-01
1.104926356848755531e+05,9.999994872521762446e-01,9.999996538883144659e-01,9.999999851140239926e-01
1.116863247780557285e+05,9.999994927323768712e-01,9.999996575875242932e-01,9.999999852731241701e-01
1.128929096958521259e+05,9.999994981540056838e-01,9.999996612471971913e-01,9.999999854305235969e-01
1.141125297561939224e+05,9.999995035176884040e-01,9.999996648677559330e-01,9.999999855862408138e-01
1.153453257821087318e+05,9.999995088240443142e-01,9.999996684496181842e-01,9.999999857402938064e-01
1.165914401179826382e+05,9.999995140736864796e-01,9.999996719931978362e-01,9.999999858927003382e-01
1.178510166459964530e+05,9.999995192672204158e-01,9.999996754989038950e-01,9.999999860434778398e-01
1.191242008027372940e+05,9.999995244052464205e-01,9.999996789671411479e-01,9.999999861926438527e-01
1.204111395959938673e+05,9.999995294883574637e-01,9.999996823983099414e-01,9.999999863402155853e-01
1.217119816217290499e+05,9.999995345171406314e-01,9.999996857928067362e-01,9.999999864862102461e-01
1.230268770812378498e+05,9.999995394921763481e-01,9.999996891510233299e-01,9.999999866306443774e-01
1.243559777984903922e+05,9.999995444140394874e-01,9.999996924733475234e-01,9.999999867735349657e-01
1.256994372376621614e+05,9.999995492832975952e-01,9.999996957601630099e-01,9.999999869148979981e-01
1.270574105208537512e+05,9.999995541005138877e-01,9.999996990118489304e-01,9.999999870547504610e-01
1.284300544460019591e+05,9.999995588662436985e-01,9.999997022287812065e-01,9.999999871931080087e-01
1.298175275049844058e+05,9.999995635810379202e-01,9.999997054113313188e-01,9.999999873299869613e-01
1.312199899019197619e+05,9.999995682454406731e-01,9.999997085598663071e-01,9.999999874654027510e-01
1.326376035716656770e+05,9.999995728599906375e-01,9.999997116747498804e-01,9.999999875993713649e-01
1.340705321985169430e+05,9.999995774252206093e-01,9.999997147563420841e-01,9.999999877319080133e-01
1.355189412351034116e+05,9.999995819416578335e-01,9.999997178049980784e-01,9.999999878630283501e-01
1.369829979214967752e+05,9.999995864098234488e-01,9.999997208210705812e-01,9.999999879927471413e-01
1.384628713045189506e+05,9.999995908302337089e-01,9.999997238049074255e-01,9.999999881210794861e-01
1.399587322572614939e+05,9.999995952033989832e-01,9.999997267568530024e-01,9.999999882480401503e-01
1.414707534988154657e+05,9.999995995298242013e-01,9.999997296772485944e-01,9.999999883736438999e-01
1.429991096142143069e+05,9.999996038100089635e-01,9.999997325664311543e-01,9.999999884979052789e-01
1.445439770745923161e+05,9.999996080444472080e-01,9.999997354247343040e-01,9.999999886208386091e-01
1.461055342575606774e+05,9.999996122336283211e-01,9.999997382524882239e-01,9.999999887424578793e-01
1.476839614678040089e+05,9.999996163780356939e-01,9.999997410500192085e-01,9.999999888627776334e-01
1.492794409578990308e+05,9.999996204781480547e-01,9.999997438176503328e-01,9.999999889818110832e-01
1.508921569493582647e+05,9.999996245344386914e-01,9.999997465557013410e-01,9.999999890995724394e-01
1.525222956539012084e+05,9.999996285473758961e-01,9.999997492644884245e-01,9.999999892160751358e-01
1.541700452949557512e+05,9.999996325174232981e-01,9.999997519443238891e-01,9.999999893313326060e-01
1.558355961293890723e+05,9.999996364450388642e-01,9.999997545955174871e-01,9.999999894453581728e-01
1.575191404694789089e+05,9.999996403306765647e-01,9.999997572183756400e-01,9.999999895581652698e-01
1.592208727051166934e+05,9.999996441747847076e-01,9.999997598132006615e-01,9.999999896697664425e-01
1.609409893262530968e+05,9.999996479778074931e-01,9.999997623802924229e-01,9.999999897801750137e-01
1.626796889455859491e+05,9.999996517401841256e-01,9.999997649199471317e-01,9.999999898894035288e-01
1.644371723214926897e+05,9.999996554623483691e-01,9.999997674324585528e-01,9.999999899974644224e-01
1.662136423812110734e+05,9.999996591447305461e-01,9.999997699181160105e-01,9.999999901043706840e-01
1.680093042442700535e+05,9.999996627877557609e-01,9.999997723772073854e-01,9.999999902101339710e-01
1.698243652461737802e+05,9.999996663918444550e-01,9.999997748100158956e-01,9.999999903147671620e-01
1.716590349623415968e+05,9.999996699574131842e-01,9.999997772168229826e-01,9.999999904182819144e-01
1.735135252323065361e+05,9.999996734848732860e-01,9.999997795979059800e-01,9.999999905206903295e-01
1.753880501841753139e+05,9.999996769746322123e-01,9.999997819535404453e-01,9.999999906220041757e-01
1.772828262593532563e+05,9.999996804270930850e-01,9.999997842839981610e-01,9.999999907222352213e-01
1.791980722375330806e+05,9.999996838426540302e-01,9.999997865895479121e-01,9.999999908213950128e-01
1.811340092619599018e+05,9.999996872217098431e-01,9.999997888704561522e-01,9.999999909194948744e-01
1.830908608649631205e+05,9.999996905646508782e-01,9.999997911269862261e-01,9.999999910165465744e-01
1.850688529937669518e+05,9.999996938718626049e-01,9.999997933593988142e-01,9.999999911125606600e-01
1.870682140365795349e+05,9.999996971437270510e-01,9.999997955679515993e-01,9.999999912075487885e-01
1.890891748489635647e+05,9.999997003806222473e-01,9.999997977528993776e-01,9.999999913015215069e-01
1.911319687804919959e+05,9.999997035829215619e-01,9.999997999144946137e-01,9.999999913944899177e-01
1.931968317016916990e+05,9.999997067509952542e-01,9.999998020529871079e-01,9.999999914864646788e-01
1.952840020312781271e+05,9.999997098852088095e-01,9.999998041686234407e-01,9.999999915774564485e-01
1.973937207636842795e+05,9.999997129859240497e-01,9.999998062616479721e-01,9.999999916674757738e-01
1.995262314968870778e+05,9.999997160534990215e-01,9.999998083323026199e-01,9.999999917565329799e-01
2.016817804605349374e+05,9.999997190882884412e-01,9.999998103808260819e-01,9.999999918446380587e-01
2.038606165443758946e+05,9.999997220906420292e-01,9.999998124074553907e-01,9.999999919318017794e-01
2.060629913269996759e+05,9.999997250609066191e-01,9.999998144124241373e-01,9.999999920180338009e-01
2.082891591048834380e+05,9.999997279994254917e-01,9.999998163959639141e-01,9.999999921033442263e-01
2.105393769217546505e+05,9.999997309065375983e-01,9.999998183583036493e-01,9.999999921877429365e-01
2.128139045982706593e+05,9.999997337825788923e-01,9.999998202996703833e-01,9.999999922712393685e-01
2.151130047620186233e+05,9.999997366278813304e-01,9.999998222202878262e-01,9.999999923538435143e-01
2.174369428778398724e+05,9.999997394427732056e-01,9.999998241203776894e-01,9.999999924355648107e-01
2.197859872784817417e+05,9.999997422275800352e-01,9.999998260001596861e-01,9.999999925164129166e-01
2.221604091955803451e+05,9.999997449826230067e-01,9.999998278598509760e-01,9.999999925963964920e-01
2.245604827909783926e+05,9.999997477082204211e-01,9.999998296996657210e-01,9.999999926755255286e-01
2.269864851883812225e+05,9.999997504046869157e-01,9.999998315198170840e-01,9.999999927538085753e-01
2.294386965053546301e+05,9.999997530723334638e-01,9.999998333205144530e-01,9.999999928312551800e-01
2.319173998856695835e+05,9.999997557114688185e-01,9.999998351019663279e-01,9.999999929078737804e-01
2.344228815319918504e+05,9.999997583223971809e-01,9.999998368643783220e-01,9.999999929836738133e-01
2.369554307389333262e+05,9.999997609054205316e-01,9.999998386079533841e-01,9.999999930586634944e-01
2.395153399264520849e+05,9.999997634608365216e-01,9.999998403328936858e-01,9.999999931328518166e-01
2.421029046736172168e+05,9.999997659889402479e-01,9.999998420393978460e-01,9.999999932062471064e-01
2.447184237527380174e+05,9.999997684900241435e-01,9.999998437276632623e-01,9.999999932788580237e-01
2.473621991638613981e+05,9.999997709643766441e-01,9.999998453978844459e-01,9.999999933506927841e-01
2.500345361696423206e+05,9.999997734122835213e-01,9.999998470502544645e-01,9.999999934217598252e-01
2.527357433305908635e+05,9.999997758340273268e-01,9.999998486849641655e-01,9.999999934920672517e-01
2.554661325407000550e+05,9.999997782298878368e-01,9.999998503022021756e-01,9.999999935616232793e-01
2.582260190634585742e+05,9.999997806001416079e-01,9.999998519021552346e-01,9.999999936304360126e-01
2.610157215682525421e+05,9.999997829450624209e-01,9.999998534850083054e-01,9.999999936985132232e-01
2.638355621671606204e+05,9.999997852649206154e-01,9.999998550509439088e-01,9.999999937658626825e-01
2.666858664521476021e+05,9.999997875599849761e-01,9.999998566001431222e-01,9.999999938324924953e-01
2.695669635326547432e+05,9.999997898305194033e-01,9.999998581327844693e-01,9.999999938984103220e-01
2.724791860736061353e+05,9.999997920767867976e-01,9.999998596490450309e-01,9.999999939636232682e-01
2.754228703338160412e+05,9.999997942990463962e-01,9.999998611491002221e-01,9.999999940281395494e-01
2.783983562048156164e+05,9.999997964975544384e-01,9.999998626331226825e-01,9.999999940919660490e-01
2.814059872500986094e+05,9.999997986725652765e-01,9.999998641012841638e-01,9.999999941551104277e-01
2.844461107447906979e+05,9.999998008243297098e-01,9.999998655537540859e-01,9.999999942175799017e-01
2.875190777157474076e+05,9.999998029530963173e-01,9.999998669907003146e-01,9.999999942793816876e-01
2.906252429820855032e+05,9.999998050591109022e-01,9.999998684122882731e-01,9.999999943405231129e-01
2.937649651961519266e+05,9.999998071426167146e-01,9.999998698186828294e-01,9.999999944010109498e-01
2.969386068849355215e+05,9.999998092038538955e-01,9.999998712100457432e-01,9.999999944608523039e-01
3.001465344919260824e+05,9.999998112430612540e-01,9.999998725865379967e-01,9.999999945200540585e-01
3.033891184194266680e+05,9.999998132604734913e-01,9.999998739483184629e-01,9.999999945786230970e-01
3.066667330713178380e+05,9.999998152563238651e-01,9.999998752955442383e-01,9.999999946365661918e-01
3.099797568962941878e+05,9.999998172308428579e-01,9.999998766283711982e-01,9.999999946938898931e-01
3.133285724315579282e+05,9.999998191842583983e-01,9.999998779469527754e-01,9.999999947506011955e-01
3.167135663469891297e+05,9.999998211167959727e-01,9.999998792514415147e-01,9.999999948067060940e-01
3.201351294897927437e+05,9.999998230286788470e-01,9.999998805419881842e-01,9.999999948622113610e-01
3.235936569296273519e+05,9.999998249201275113e-01,9.999998818187414429e-01,9.999999949171233249e-01
3.270895480042218696e+05,9.999998267913607908e-01,9.999998830818490614e-01,9.999999949714487579e-01
3.306232063654850936e+05,9.999998286425946237e-01,9.999998843314567010e-01,9.999999950251933223e-01
3.341950400261129835e+05,9.999998304740425059e-01,9.999998855677086906e-01,9.999999950783633462e-01
3.378054614066999638e+05,9.999998322859160460e-01,9.999998867907476940e-01,9.999999951309652690e-01
3.414548873833586695e+05,9.999998340784245210e-01,9.999998880007148205e-01,9.999999951830049749e-01
3.451437393358546542e+05,9.999998358517748764e-01,9.999998891977500692e-01,9.999999952344884591e-01
3.488724431962618837e+05,9.999998376061717265e-01,9.999998903819915519e-01,9.999999952854217167e-01
3.526414294981381390e+05,9.999998393418177978e-01,9.999998915535760480e-01,9.999999953358106319e-01
3.564511334262435557e+05,9.999998410589137077e-01,9.999998927126388937e-01,9.999999953856607560e-01
3.603019948667844292e+05,9.999998427576571869e-01,9.999998938593134268e-01,9.999999954349783060e-01
3.641944584582055686e+05,9.999998444382449669e-01,9.999998949937327630e-01,9.999999954837687222e-01
3.681289736425304436e+05,9.999998461008703377e-01,9.999998961160271316e-01,9.999999955320377776e-01
3.721059947172557586e+05,9.999998477457261448e-01,9.999998972263270947e-01,9.999999955797909124e-01
3.761259808878069161e+05,9.999998493730019034e-01,9.999998983247597728e-01,9.999999956270334556e-01
3.801893963205598411e+05,9.999998509828854631e-01,9.999998994114529527e-01,9.999999956737712914e-01
3.842967101964358590e+05,9.999998525755625645e-01,9.999999004865314234e-01,9.999999957200095269e-01
3.884483967650756822e+05,9.999998541512173933e-01,9.999999015501195299e-01,9.999999957657536021e-01
3.926449353995980928e+05,9.999998557100319152e-01,9.999999026023401738e-01,9.999999958110087350e-01
3.968868106519525754e+05,9.999998572521859863e-01,9.999999036433149247e-01,9.999999958557800328e-01
4.011745123088617111e+05,9.999998587778576864e-01,9.999999046731637975e-01,9.999999959000730465e-01
4.055085354483831325e+05,9.999998602872230968e-01,9.999999056920056972e-01,9.999999959438925501e-01
4.098893804970677593e+05,9.999998617804566337e-01,9.999999066999584185e-01,9.999999959872438726e-01
4.143175532877427177e+05,9.999998632577304924e-01,9.999999076971379797e-01,9.999999960301316770e-01
4.187935651179173146e+05,9.999998647192156476e-01,9.999999086836601769e-01,9.999999960725609593e-01
4.233179328088196344e+05,9.999998661650805198e-01,9.999999096596382531e-01,9.999999961145371596e-01
4.278911787650714978e+05,9.999998675954921978e-01,9.999999106251852288e-01,9.999999961560643857e-01
4.325138310350072570e+05,9.999998690106156607e-01,9.999999115804125704e-01,9.999999961971480777e-01
4.371864233716450399e+05,9.999998704106145553e-01,9.999999125254307453e-01,9.999999962377924545e-01
4.419094952943162643e+05,9.999998717956504191e-01,9.999999134603483331e-01,9.999999962780026230e-01
4.466835921509612235e+05,9.999998731658830131e-01,9.999999143852739136e-01,9.999999963177826912e-01
4.515092651810972020e+05,9.999998745214708773e-01,9.999999153003137353e-01,9.999999963571377659e-01
4.563870715794689604e+05,9.999998758625701090e-01,9.999999162055738244e-01,9.999999963960722882e-01
4.613175745603786781e+05,9.999998771893362504e-01,9.999999171011585419e-01,9.999999964345906989e-01
4.663013434227267862e+05,9.999998785019218461e-01,9.999999179871715826e-01,9.999999964726974389e-01
4.713389536157394759e+05,9.999998798004786638e-01,9.999999188637148650e-01,9.999999965103968380e-01
4.764309868054145481e+05,9.999998810851564723e-01,9.999999197308897525e-01,9.999999965476931152e-01
4.815780309416830423e+05,9.999998823561041528e-01,9.999999205887963871e-01,9.999999965845909333e-01
4.867806803262968315e+05,9.999998836134678104e-01,9.999999214375335788e-01,9.999999966210945113e-01
4.920395356814493425e+05,9.999998848573929955e-01,9.999999222771999152e-01,9.999999966572078458e-01
4.973552042191379587e+05,9.999998860880233709e-01,9.999999231078918749e-01,9.999999966929351558e-01
5.027282997112753219e+05,9.999998873055008231e-01,9.999999239297052700e-01,9.999999967282806601e-01
5.081594425605584984e+05,9.999998885099659063e-01,9.999999247427354687e-01,9.999999967632485776e-01
5.136492598721034010e+05,9.999998897015580646e-01,9.999999255470761739e-01,9.999999967978425719e-01
5.191983855258533731e+05,9.999998908804141884e-01,9.999999263428198670e-01,9.999999968320667509e-01
5.248074602497718297e+05,9.999998920466712793e-01,9.999999271300588077e-01,9.999999968659254446e-01
5.304771316938162781e+05,9.999998932004632302e-01,9.999999279088841453e-01,9.999999968994217614e-01
5.362080545047298074e+05,9.999998943419238229e-01,9.999999286793852527e-01,9.999999969325605864e-01
5.420008904016226297e+05,9.999998954711845078e-01,9.999999294416511697e-01,9.999999969653449172e-01
5.478563082523791818e+05,9.999998965883756252e-01,9.999999301957703812e-01,9.999999969977788616e-01
5.537749841508882819e+05,9.999998976936266271e-01,9.999999309418294846e-01,9.999999970298661944e-01
5.597576014951084508e+05,9.999998987870646339e-01,9.999999316799149662e-01,9.999999970616108014e-01
5.658048510659761960e+05,9.999998998688162111e-01,9.999999324101116471e-01,9.999999970930159021e-01
5.719174311071664561e+05,9.999999009390060367e-01,9.999999331325042373e-01,9.999999971240853824e-01
5.780960474057157990e+05,9.999999019977580117e-01,9.999999338471756705e-01,9.999999971548227951e-01
5.843414133735151263e+05,9.999999030451938165e-01,9.999999345542092133e-01,9.999999971852316927e-01
5.906542501296839910e+05,9.999999040814351314e-01,9.999999352536859121e-01,9.999999972153157390e-01
5.970352865838361904e+05,9.999999051066009725e-01,9.999999359456863690e-01,9.999999972450780428e-01
6.034852595202350058e+05,9.999999061208101336e-01,9.999999366302912973e-01,9.999999972745223786e-01
6.100049136828781338e+05,9.999999071241794102e-01,9.999999373075789677e-01,9.999999973036518552e-01
6.165950018614808796e+05,9.999999081168245985e-01,9.999999379776279840e-01,9.999999973324700253e-01
6.232562849783991696e+05,9.999999090988608286e-01,9.999999386405155066e-01,9.999999973609803305e-01
6.299895321764885448e+05,9.999999100704011212e-01,9.999999392963180300e-01,9.999999973891857685e-01
6.367955209079140332e+05,9.999999110315576090e-01,9.999999399451117155e-01,9.999999974170900030e-01
6.436750370239170734e+05,9.999999119824414251e-01,9.999999405869709479e-01,9.999999974446958095e-01
6.506288748655549716e+05,9.999999129231622597e-01,9.999999412219702233e-01,9.999999974720065188e-01
6.576578373554180143e+05,9.999999138538289145e-01,9.999999418501825943e-01,9.999999974990252394e-01
6.647627360903396038e+05,9.999999147745485262e-01,9.999999424716806695e-01,9.999999975257555240e-01
6.719443914351062849e+05,9.999999156854275650e-01,9.999999430865361694e-01,9.999999975521998152e-01
6.792036326171813998e+05,9.999999165865715023e-01,9.999999436948203702e-01,9.999999975783616657e-01
6.865412978224538965e+05,9.999999174780838107e-01,9.999999442966032159e-01,9.999999976042437400e-01
6.939582342920090305e+05,9.999999183600679631e-01,9.999999448919542067e-01,9.999999976298493687e-01
7.014552984199699713e+05,9.999999192326256559e-01,9.999999454809421762e-01,9.999999976551813274e-01
7.090333558523710817e+05,9.999999200958572532e-01,9.999999460636352921e-01,9.999999976802426138e-01
7.166932815871117637e+05,9.999999209498628971e-01,9.999999466401006121e-01,9.999999977050357813e-01
7.244359600749880774e+05,9.999999217947411756e-01,9.999999472104045273e-01,9.999999977295639386e-01
7.322622853218152886e+05,9.999999226305893441e-01,9.999999477746130960e-01,9.999999977538300833e-01
7.401731609916540328e+05,9.999999234575038809e-01,9.999999483327917105e-01,9.999999977778371019e-01
7.481695005111517385e+05,9.999999242755805984e-01,9.999999488850044305e-01,9.999999978015871038e-01
7.562522271750108339e+05,9.999999250849138654e-01,9.999999494313154269e-01,9.999999978250836419e-01
7.644222742525971262e+05,9.999999258855971629e-01,9.999999499717872053e-01,9.999999978483288254e-01
7.726805850956989452e+05,9.999999266777226392e-01,9.999999505064823824e-01,9.999999978713255411e-01
7.810281132474512560e+05,9.999999274613822209e-01,9.999999510354630194e-01,9.999999978940766754e-01
7.894658225524388254e+05,9.999999282366658360e-01,9.999999515587901788e-01,9.999999979165843378e-01
7.979946872679725057e+05,9.999999290036635236e-01,9.999999520765237015e-01,9.999999979388517479e-01
8.066156921766118612e+05,9.999999297624635464e-01,9.999999525887238727e-01,9.999999979608810152e-01
8.153298326998311095e+05,9.999999305131538341e-01,9.999999530954497562e-01,9.999999979826749152e-01
8.241381150130002061e+05,9.999999312558204290e-01,9.999999535967598607e-01,9.999999980042358905e-01
8.330415561615165789e+05,9.999999319905498174e-01,9.999999540927119179e-01,9.999999980255663834e-01
8.420411841782848351e+05,9.999999327174263763e-01,9.999999545833633263e-01,9.999999980466689475e-01
8.511380382023766870e+05,9.999999334365341497e-01,9.999999550687707073e-01,9.999999980675458033e-01
8.603331685990323313e+05,9.999999341479560711e-01,9.999999555489901271e-01,9.999999980881995043e-01
8.696276370809596265e+05,9.999999348517746300e-01,9.999999560240769858e-01,9.999999981086326040e-01
8.790225168308806606e+05,9.999999355480706509e-01,9.999999564940862395e-01,9.999999981288473228e-01
8.885188926254964899e+05,9.999999362369250688e-01,9.999999569590719561e-01,9.999999981488461032e-01
8.981178609606901882e+05,9.999999369184168208e-01,9.999999574190882035e-01,9.999999981686310546e-01
9.078205301781843882e+05,9.999999375926248435e-01,9.999999578741874950e-01,9.999999981882042865e-01
9.176280205934637925e+05,9.999999382596272968e-01,9.999999583244231216e-01,9.999999982075686855e-01
9.275414646251843078e+05,9.999999389195006749e-01,9.999999587698464865e-01,9.999999982267259169e-01
9.375620069258747390e+05,9.999999395723212503e-01,9.999999592105092150e-01,9.999999982456784231e-01
9.476908045141568873e+05,9.999999402181649621e-01,9.999999596464620444e-01,9.999999982644284247e-01
9.579290269082866143e+05,9.999999408571057513e-01,9.999999600777558229e-01,9.999999982829779199e-01
9.682778562612460228e+05,9.999999414892176697e-01,9.999999605044398443e-01,9.999999983013293514e-01
9.787384874971929239e+05,9.999999421145735479e-01,9.999999609265634026e-01,9.999999983194844955e-01
9.893121284494522261e+05,9.999999427332456614e-01,9.999999613441755697e-01,9.999999983374455725e-01
9.999999999999995343e+05,9.999999433453056197e-01,9.999999617573239741e-01,9.999999983552148031e-01
