draw,model,n_0p5,n_5,n_36
0.000000000000000000e+00,0.000000000000000000e+00,3.509521813439713700e+00,3.730557606515273683e+00,4.717331346176905527e+00
0.000000000000000000e+00,1.000000000000000000e+00,2.534391634590997366e+00,2.598241801044596233e+00,3.113587309675326154e+00
0.000000000000000000e+00,2.000000000000000000e+00,5.523263318359176388e+00,6.054929599295602038e+00,5.943234459518134116e+00
0.000000000000000000e+00,3.000000000000000000e+00,3.509521813439704374e+00,3.730557606514397495e+00,4.717331346176939277e+00
1.000000000000000000e+00,0.000000000000000000e+00,3.976472331323016807e+00,4.239501467613789210e+00,4.874808743882748985e+00
1.000000000000000000e+00,1.000000000000000000e+00,2.813983009415940373e+00,2.890439019812059307e+00,3.364226185612376963e+00
1.000000000000000000e+00,2.000000000000000000e+00,6.374216315530341959e+00,6.926419007713230158e+00,5.817371102414719886e+00
1.000000000000000000e+00,3.000000000000000000e+00,3.976472331323016807e+00,4.239501467614620545e+00,4.874808743882676154e+00
2.000000000000000000e+00,0.000000000000000000e+00,3.414477738302347465e+00,3.623505427502550447e+00,4.740082159915917082e+00
2.000000000000000000e+00,1.000000000000000000e+00,2.406300663501773407e+00,2.471464848597356934e+00,3.097732874525596092e+00
2.000000000000000000e+00,2.000000000000000000e+00,5.498720616954010154e+00,5.964656066884838737e+00,6.001552230707008384e+00
2.000000000000000000e+00,3.000000000000000000e+00,3.414477738301578302e+00,3.623505427501753751e+00,4.740082159915942839e+00
3.000000000000000000e+00,0.000000000000000000e+00,3.505562256582126501e+00,3.735577723102212033e+00,5.143230429289006977e+00
3.000000000000000000e+00,1.000000000000000000e+00,2.479161067971268562e+00,2.556368617338498517e+00,3.409928105420948707e+00
3.000000000000000000e+00,2.000000000000000000e+00,5.641424140022150091e+00,6.125957090002565941e+00,6.355714104036793266e+00
3.000000000000000000e+00,3.000000000000000000e+00,3.505562256582126501e+00,3.735577723102212921e+00,5.143230429288975003e+00
4.000000000000000000e+00,0.000000000000000000e+00,3.388743484064697942e+00,3.579542581413643454e+00,4.232623857920111199e+00
4.000000000000000000e+00,1.000000000000000000e+00,2.417159002361127573e+00,2.468989888916429010e+00,2.800319969178692858e+00
4.000000000000000000e+00,2.000000000000000000e+00,5.392093056027934317e+00,5.842072308452632257e+00,5.410472712630051362e+00
4.000000000000000000e+00,3.000000000000000000e+00,3.388743484065075862e+00,3.579542581413885038e+00,4.232623857920361665e+00
5.000000000000000000e+00,0.000000000000000000e+00,3.867690545387676870e+00,4.130656884519727789e+00,5.298575957778673740e+00
5.000000000000000000e+00,1.000000000000000000e+00,2.706615791560697204e+00,2.789589785180363712e+00,3.565436662370353726e+00
5.000000000000000000e+00,2.000000000000000000e+00,6.264026059408446478e+00,6.819001917825736392e+00,6.394803338939645698e+00
5.000000000000000000e+00,3.000000000000000000e+00,3.867690545387676870e+00,4.130656884520613303e+00,5.298575957778672851e+00
6.000000000000000000e+00,0.000000000000000000e+00,3.401819732232902460e+00,3.616499174472345146e+00,4.921447660155608972e+00
6.000000000000000000e+00,1.000000000000000000e+00,2.397763584612131016e+00,2.469058591335785646e+00,3.235440317044224745e+00
6.000000000000000000e+00,2.000000000000000000e+00,5.486746284332412849e+00,5.944251082957937804e+00,6.173733922185637546e+00
6.000000000000000000e+00,3.000000000000000000e+00,3.401819732232902460e+00,3.616499174473195577e+00,4.921447660155549464e+00
7.000000000000000000e+00,0.000000000000000000e+00,3.689496543516380456e+00,3.900000021688568186e+00,4.429927071963032148e+00
7.000000000000000000e+00,1.000000000000000000e+00,2.546252966819060326e+00,2.606865822664868659e+00,2.980755254577898583e+00
7.000000000000000000e+00,2.000000000000000000e+00,6.030505931836307454e+00,6.447603322243138813e+00,5.441728463053713050e+00
7.000000000000000000e+00,3.000000000000000000e+00,3.689496543517414295e+00,3.900000021687567653e+00,4.429927071962444174e+00
8.000000000000000000e+00,0.000000000000000000e+00,3.321948221150311298e+00,3.506218950735229711e+00,4.364509513903669813e+00
8.000000000000000000e+00,1.000000000000000000e+00,2.293907821897509525e+00,2.350775473824590289e+00,2.840011513248829278e+00
8.000000000000000000e+00,2.000000000000000000e+00,5.431241634917697070e+00,5.813551880540638983e+00,5.566293846270304435e+00
8.000000000000000000e+00,3.000000000000000000e+00,3.321948221150311298e+00,3.506218950736173401e+00,4.364509513903671589e+00
9.000000000000000000e+00,0.000000000000000000e+00,3.757536089469230234e+00,4.033884586000405115e+00,5.824141265954893676e+00
9.000000000000000000e+00,1.000000000000000000e+00,2.720549755557052585e+00,2.811583073008394162e+00,3.912026489746728508e+00
9.000000000000000000e+00,2.000000000000000000e+00,5.917298877370569699e+00,6.557358427381313248e+00,7.060469876801972688e+00
9.000000000000000000e+00,3.000000000000000000e+00,3.757536089469236895e+00,4.033884586001059702e+00,5.824141265954873248e+00
1.000000000000000000e+01,0.000000000000000000e+00,3.569232378462820154e+00,3.812456180012989027e+00,5.352185222375912765e+00
1.000000000000000000e+01,1.000000000000000000e+00,2.544808911433176668e+00,2.625915031856000503e+00,3.556715205026717896e+00
1.000000000000000000e+01,2.000000000000000000e+00,5.704795660988468242e+00,6.233767991755480686e+00,6.589268937341934418e+00
1.000000000000000000e+01,3.000000000000000000e+00,3.569232378462820154e+00,3.812456180012036455e+00,5.352185222375842599e+00
1.100000000000000000e+01,0.000000000000000000e+00,3.621368778332974880e+00,3.872841718730026361e+00,5.455021530285577569e+00
1.100000000000000000e+01,1.000000000000000000e+00,2.583591133923940131e+00,2.666842463855136014e+00,3.625226837859494733e+00
1.100000000000000000e+01,2.000000000000000000e+00,5.779603354709976770e+00,6.337046746074467052e+00,6.711863230134015978e+00
1.100000000000000000e+01,3.000000000000000000e+00,3.621368778333760474e+00,3.872841718729699512e+00,5.455021530285569575e+00
1.200000000000000000e+01,0.000000000000000000e+00,4.114578733634686181e+00,4.380906022467974559e+00,4.691777998998123422e+00
1.200000000000000000e+01,1.000000000000000000e+00,2.894033151160474215e+00,2.966462911144561510e+00,3.298970330403155238e+00
1.200000000000000000e+01,2.000000000000000000e+00,6.632437891816473474e+00,7.194913480388567706e+00,5.576803523722810851e+00
1.200000000000000000e+01,3.000000000000000000e+00,4.114578733634685292e+00,4.380906022468201932e+00,4.691777998998110988e+00
1.300000000000000000e+01,0.000000000000000000e+00,3.625489844139750506e+00,3.848800689932678321e+00,4.686542813108366623e+00
1.300000000000000000e+01,1.000000000000000000e+00,2.544171130250834967e+00,2.610640735233812126e+00,3.123093058695443069e+00
1.300000000000000000e+01,2.000000000000000000e+00,5.856232350697649025e+00,6.329030703415329917e+00,5.785054905978623374e+00
1.300000000000000000e+01,3.000000000000000000e+00,3.625489844139749618e+00,3.848800689932681429e+00,4.686542813108378169e+00
1.400000000000000000e+01,0.000000000000000000e+00,3.127937073264807744e+00,3.317801712838834405e+00,4.644545530047753168e+00
1.400000000000000000e+01,1.000000000000000000e+00,2.265104707757377600e+00,2.327411037902495927e+00,3.009035353875530561e+00
1.400000000000000000e+01,2.000000000000000000e+00,4.918937124400860839e+00,5.372333838215633151e+00,6.070404882677299163e+00
1.400000000000000000e+01,3.000000000000000000e+00,3.127937073265887769e+00,3.317801712838464478e+00,4.644545530047651027e+00
1.500000000000000000e+01,0.000000000000000000e+00,3.505352709986795379e+00,3.735503768632260968e+00,5.169055772199430798e+00
1.500000000000000000e+01,1.000000000000000000e+00,2.475365699802946295e+00,2.551987844023530627e+00,3.410072520352669390e+00
1.500000000000000000e+01,2.000000000000000000e+00,5.645016318666240984e+00,6.143934039608329734e+00,6.429695552483493337e+00
1.500000000000000000e+01,3.000000000000000000e+00,3.505352709986917947e+00,3.735503768632262300e+00,5.169055772199394383e+00
1.600000000000000000e+01,0.000000000000000000e+00,3.224106250089805226e+00,3.415603241378474042e+00,4.635684045704131506e+00
1.600000000000000000e+01,1.000000000000000000e+00,2.264602963160844862e+00,2.328190913339386547e+00,3.008250509660985283e+00
1.600000000000000000e+01,2.000000000000000000e+00,5.211637108549645347e+00,5.635837296112653050e+00,5.970388508486328405e+00
1.600000000000000000e+01,3.000000000000000000e+00,3.224106250089559200e+00,3.415603241378958987e+00,4.635684045704111966e+00
1.700000000000000000e+01,0.000000000000000000e+00,3.342494560818887628e+00,3.556174107998566924e+00,4.978145811989302949e+00
1.700000000000000000e+01,1.000000000000000000e+00,2.395809559710800229e+00,2.466277566228276541e+00,3.252121816743658744e+00
1.700000000000000000e+01,2.000000000000000000e+00,5.306362599182058659e+00,5.802934866948859849e+00,6.340156315277649668e+00
1.700000000000000000e+01,3.000000000000000000e+00,3.342494560818884075e+00,3.556174107997143174e+00,4.978145811989350022e+00
1.800000000000000000e+01,0.000000000000000000e+00,3.323610824576607836e+00,3.531892826857453205e+00,4.882695254339942892e+00
1.800000000000000000e+01,1.000000000000000000e+00,2.360589771339262732e+00,2.429501993813454330e+00,3.191982729692258491e+00
1.800000000000000000e+01,2.000000000000000000e+00,5.324333370002240606e+00,5.787877390148417511e+00,6.202498976906486661e+00
1.800000000000000000e+01,3.000000000000000000e+00,3.323610824577440059e+00,3.531892826858382239e+00,4.882695254340050361e+00
1.900000000000000000e+01,0.000000000000000000e+00,3.358457414079972558e+00,3.554706847897692423e+00,4.504940956033879118e+00
1.900000000000000000e+01,1.000000000000000000e+00,2.352235793106567385e+00,2.411379280739979425e+00,2.930726323466971373e+00
1.900000000000000000e+01,2.000000000000000000e+00,5.430056173350980231e+00,5.864459873201502305e+00,5.758042918697690915e+00
1.900000000000000000e+01,3.000000000000000000e+00,3.358457414079822012e+00,3.554706847898720934e+00,4.504940956033878230e+00
2.000000000000000000e+01,0.000000000000000000e+00,3.878712428340329144e+00,4.135809782335256202e+00,5.199564356465489645e+00
2.000000000000000000e+01,1.000000000000000000e+00,2.690395765468427847e+00,2.770942547803915801e+00,3.494209128924854912e+00
2.000000000000000000e+01,2.000000000000000000e+00,6.324339495625766361e+00,6.852670673165070170e+00,6.279185610577698640e+00
2.000000000000000000e+01,3.000000000000000000e+00,3.878712428340475249e+00,4.135809782335256202e+00,5.199564356465488757e+00
2.100000000000000000e+01,0.000000000000000000e+00,3.379105819059962545e+00,3.594922668900076168e+00,4.947764901621769518e+00
2.100000000000000000e+01,1.000000000000000000e+00,2.408044759989966366e+00,2.478521704289972316e+00,3.240887710079924044e+00
2.100000000000000000e+01,2.000000000000000000e+00,5.398007061825631503e+00,5.881458646167970095e+00,6.257538298518482200e+00
2.100000000000000000e+01,3.000000000000000000e+00,3.379105819060824523e+00,3.594922668900409235e+00,4.947764901621875211e+00
2.200000000000000000e+01,0.000000000000000000e+00,3.810802167880765978e+00,4.029585023132037591e+00,4.314417271446384206e+00
2.200000000000000000e+01,1.000000000000000000e+00,2.666287358291603127e+00,2.724096728215022800e+00,2.983877559378260713e+00
2.200000000000000000e+01,2.000000000000000000e+00,6.167235417858319302e+00,6.628611644126759295e+00,5.257078520390154885e+00
2.200000000000000000e+01,3.000000000000000000e+00,3.810802167879880908e+00,4.029585023132374211e+00,4.314417271446876256e+00
2.300000000000000000e+01,0.000000000000000000e+00,3.315246890006562364e+00,3.517910784485426490e+00,4.777341087443008227e+00
2.300000000000000000e+01,1.000000000000000000e+00,2.323882129758321202e+00,2.393058646774451681e+00,3.143113554606691284e+00
2.300000000000000000e+01,2.000000000000000000e+00,5.371126552903577434e+00,5.777414501507992739e+00,5.985131442509103117e+00
2.300000000000000000e+01,3.000000000000000000e+00,3.315246890006564584e+00,3.517910784485973608e+00,4.777341087442938061e+00
2.400000000000000000e+01,0.000000000000000000e+00,3.789592539901689427e+00,4.054465431489960636e+00,5.219659903346979490e+00
2.400000000000000000e+01,1.000000000000000000e+00,2.753014489572793266e+00,2.833154471818605469e+00,3.520676242463013583e+00
2.400000000000000000e+01,2.000000000000000000e+00,5.937827901151814913e+00,6.551176490857551826e+00,6.333036981409891020e+00
2.400000000000000000e+01,3.000000000000000000e+00,3.789592539901690316e+00,4.054465431490099192e+00,5.219659903346989260e+00
2.500000000000000000e+01,0.000000000000000000e+00,3.666784851812984414e+00,3.925231366453727055e+00,5.549275041738591874e+00
2.500000000000000000e+01,1.000000000000000000e+00,2.621952283072194412e+00,2.708877252279279890e+00,3.726740754027372926e+00
2.500000000000000000e+01,2.000000000000000000e+00,5.843671375259575029e+00,6.397927612980097933e+00,6.732687141350315763e+00
2.500000000000000000e+01,3.000000000000000000e+00,3.666784851812984414e+00,3.925231366453727055e+00,5.549275041738563452e+00
2.600000000000000000e+01,0.000000000000000000e+00,3.327862933224971620e+00,3.503597606180410384e+00,4.022544038525440513e+00
2.600000000000000000e+01,1.000000000000000000e+00,2.347516568012592231e+00,2.393854802615765553e+00,2.663461773199350180e+00
2.600000000000000000e+01,2.000000000000000000e+00,5.350304947522964483e+00,5.755816934456928990e+00,5.175380157214663157e+00
2.600000000000000000e+01,3.000000000000000000e+00,3.327862933225196329e+00,3.503597606179982282e+00,4.022544038525572851e+00
2.700000000000000000e+01,0.000000000000000000e+00,3.644876866263007553e+00,3.864290449897700430e+00,4.689824118940356890e+00
2.700000000000000000e+01,1.000000000000000000e+00,2.523740372856897896e+00,2.591016030071434439e+00,3.124960492117198729e+00
2.700000000000000000e+01,2.000000000000000000e+00,5.948931034136950124e+00,6.383579520128398244e+00,5.766208726889087366e+00
2.700000000000000000e+01,3.000000000000000000e+00,3.644876866263087489e+00,3.864290449897383350e+00,4.689824118940359554e+00
2.800000000000000000e+01,0.000000000000000000e+00,3.586206085037298319e+00,3.825225242169836726e+00,5.192396050550417641e+00
2.800000000000000000e+01,1.000000000000000000e+00,2.550994046115951708e+00,2.628186523267605157e+00,3.444878061040382189e+00
2.800000000000000000e+01,2.000000000000000000e+00,5.736899142658545614e+00,6.260720077764879932e+00,6.406789904017184512e+00
2.800000000000000000e+01,3.000000000000000000e+00,3.586206085036814706e+00,3.825225242168986295e+00,5.192396050550387443e+00
2.900000000000000000e+01,0.000000000000000000e+00,3.691118630308342752e+00,3.943664934742204586e+00,5.454905060480949253e+00
2.900000000000000000e+01,1.000000000000000000e+00,2.593314124224795680e+00,2.679203537804002888e+00,3.659434988257911137e+00
2.900000000000000000e+01,2.000000000000000000e+00,5.970108460197833367e+00,6.483299796689626859e+00,6.610916099032402293e+00
2.900000000000000000e+01,3.000000000000000000e+00,3.691118630307641535e+00,3.943664934742819206e+00,5.454905060480938594e+00
3.000000000000000000e+01,0.000000000000000000e+00,3.399475489343458001e+00,3.601737868387620001e+00,4.529392859684281625e+00
3.000000000000000000e+01,1.000000000000000000e+00,2.414282779102539855e+00,2.473269505870504759e+00,2.956640821013676312e+00
3.000000000000000000e+01,2.000000000000000000e+00,5.430674795430263657e+00,5.902680591404014798e+00,5.787036065547524366e+00
3.000000000000000000e+01,3.000000000000000000e+00,3.399475489343492196e+00,3.601737868388432684e+00,4.529392859684273631e+00
3.100000000000000000e+01,0.000000000000000000e+00,3.251039192881506779e+00,3.428209268474250671e+00,4.151882624452680304e+00
3.100000000000000000e+01,1.000000000000000000e+00,2.293385857231573510e+00,2.343230930984047333e+00,2.705523562382620817e+00
3.100000000000000000e+01,2.000000000000000000e+00,5.225536818354685309e+00,5.633679162050152733e+00,5.382580251596762011e+00
3.100000000000000000e+01,3.000000000000000000e+00,3.251039192882552165e+00,3.428209268474591287e+00,4.151882624452667869e+00
3.200000000000000000e+01,0.000000000000000000e+00,3.505789878782718194e+00,3.735966145033859043e+00,5.151333610386127582e+00
3.200000000000000000e+01,1.000000000000000000e+00,2.481869916021139488e+00,2.557685313250998682e+00,3.395707848795134876e+00
3.200000000000000000e+01,2.000000000000000000e+00,5.631857452907230055e+00,6.138334050934526331e+00,6.418856170201642009e+00
3.200000000000000000e+01,3.000000000000000000e+00,3.505789878783567737e+00,3.735966145033858155e+00,5.151333610386124029e+00
3.300000000000000000e+01,0.000000000000000000e+00,3.549049843035465113e+00,3.782482697304149433e+00,5.029377746487756262e+00
3.300000000000000000e+01,1.000000000000000000e+00,2.555050890574345868e+00,2.627013043199887488e+00,3.318922702692821414e+00
3.300000000000000000e+01,2.000000000000000000e+00,5.607544073613806468e+00,6.153891059510168127e+00,6.274206974659752412e+00
3.300000000000000000e+01,3.000000000000000000e+00,3.549049843035495311e+00,3.782482697303867436e+00,5.029377746487751821e+00
3.400000000000000000e+01,0.000000000000000000e+00,3.526344270508706469e+00,3.746591396248451833e+00,4.828702069436194400e+00
3.400000000000000000e+01,1.000000000000000000e+00,2.478961780696668615e+00,2.547726333174357816e+00,3.189285948807200288e+00
3.400000000000000000e+01,2.000000000000000000e+00,5.694317965060175624e+00,6.162570687506716105e+00,6.005934471269964270e+00
3.400000000000000000e+01,3.000000000000000000e+00,3.526344270508706469e+00,3.746591396248907913e+00,4.828702069436190847e+00
3.500000000000000000e+01,0.000000000000000000e+00,4.034470053586785454e+00,4.306508105868568137e+00,4.750588976600200297e+00
3.500000000000000000e+01,1.000000000000000000e+00,2.958762511965741471e+00,3.029475768662631019e+00,3.349806900601417059e+00
3.500000000000000000e+01,2.000000000000000000e+00,6.244303117541593728e+00,6.930208183991776849e+00,5.707840016976382991e+00
3.500000000000000000e+01,3.000000000000000000e+00,4.034470053586788119e+00,4.306508105868334546e+00,4.750588976599421365e+00
3.600000000000000000e+01,0.000000000000000000e+00,3.228996606437647632e+00,3.428683659364479830e+00,4.765612637565377341e+00
3.600000000000000000e+01,1.000000000000000000e+00,2.312887655578558466e+00,2.378990334890773273e+00,3.109330255686065581e+00
3.600000000000000000e+01,2.000000000000000000e+00,5.139620923323406920e+00,5.589042273840163055e+00,6.096957891883408642e+00
3.600000000000000000e+01,3.000000000000000000e+00,3.228996606437648964e+00,3.428683659365216130e+00,4.765612637565255660e+00
3.700000000000000000e+01,0.000000000000000000e+00,3.587094153736384960e+00,3.821491918374281038e+00,5.032140628428052764e+00
3.700000000000000000e+01,1.000000000000000000e+00,2.554136395759000422e+00,2.627515643454879868e+00,3.335497598299586919e+00
3.700000000000000000e+01,2.000000000000000000e+00,5.729634173671711572e+00,6.248903287217563829e+00,6.223062082501593650e+00
3.700000000000000000e+01,3.000000000000000000e+00,3.587094153736193114e+00,3.821491918373390195e+00,5.032140628428039442e+00
3.800000000000000000e+01,0.000000000000000000e+00,3.345274715093301321e+00,3.563023519087039404e+00,5.054221784351343949e+00
3.800000000000000000e+01,1.000000000000000000e+00,2.423680435377367992e+00,2.495769032412026966e+00,3.314424557497868129e+00
3.800000000000000000e+01,2.000000000000000000e+00,5.261376456588904738e+00,5.771845574912858545e+00,6.403524357303464143e+00
3.800000000000000000e+01,3.000000000000000000e+00,3.345274715093304430e+00,3.563023519085784852e+00,5.054221784351529578e+00
3.900000000000000000e+01,0.000000000000000000e+00,3.276049197209210728e+00,3.475782134944485069e+00,4.708616834404644180e+00
3.900000000000000000e+01,1.000000000000000000e+00,2.313059749675351995e+00,2.377678278684816959e+00,3.063445856845047999e+00
3.900000000000000000e+01,2.000000000000000000e+00,5.273404822169175610e+00,5.715790255333675240e+00,6.031386989975388246e+00
3.900000000000000000e+01,3.000000000000000000e+00,3.276049197208616981e+00,3.475782134944793267e+00,4.708616834404658391e+00
4.000000000000000000e+01,0.000000000000000000e+00,3.530862011153413249e+00,3.744829077136627493e+00,4.688372805464937620e+00
4.000000000000000000e+01,1.000000000000000000e+00,2.464709091111207506e+00,2.530868796575846513e+00,3.098151101474401869e+00
4.000000000000000000e+01,2.000000000000000000e+00,5.729420878317550425e+00,6.172176659417733191e+00,5.826652588275277544e+00
4.000000000000000000e+01,3.000000000000000000e+00,3.530862011154356939e+00,3.744829077137646678e+00,4.688372805464938509e+00
4.100000000000000000e+01,0.000000000000000000e+00,3.194759012259682063e+00,3.386930039648101243e+00,4.645391692074132273e+00
4.100000000000000000e+01,1.000000000000000000e+00,2.267006354902273202e+00,2.331170553701797044e+00,3.025082787448480470e+00
4.100000000000000000e+01,2.000000000000000000e+00,5.126200980055628520e+00,5.547765333006323907e+00,5.965015324820218900e+00
4.100000000000000000e+01,3.000000000000000000e+00,3.194759012258854280e+00,3.386930039648100799e+00,4.645391692074077206e+00
4.200000000000000000e+01,0.000000000000000000e+00,3.379274023859095699e+00,3.596642585080072507e+00,5.000477446866050890e+00
4.200000000000000000e+01,1.000000000000000000e+00,2.406485168660013496e+00,2.478547897078863915e+00,3.278549782985265448e+00
4.200000000000000000e+01,2.000000000000000000e+00,5.403602651731106654e+00,5.886830859497031554e+00,6.313699489004302556e+00
4.200000000000000000e+01,3.000000000000000000e+00,3.379274023859958120e+00,3.596642585080885635e+00,5.000477446866099740e+00
4.300000000000000000e+01,0.000000000000000000e+00,3.579845611466362154e+00,3.797570163358151785e+00,4.481792730889980980e+00
4.300000000000000000e+01,1.000000000000000000e+00,2.623636720342178208e+00,2.680304683788987674e+00,3.008872174055113202e+00
4.300000000000000000e+01,2.000000000000000000e+00,5.533139360557482789e+00,6.108503445010552646e+00,5.691442936857098900e+00
4.300000000000000000e+01,3.000000000000000000e+00,3.579845611466362154e+00,3.797570163358150008e+00,4.481792730889952558e+00
4.400000000000000000e+01,0.000000000000000000e+00,3.592651282108045407e+00,3.844660547959237284e+00,5.501214853446923847e+00
4.400000000000000000e+01,1.000000000000000000e+00,2.595365131690364535e+00,2.678084355704906105e+00,3.640042089698729555e+00
4.400000000000000000e+01,2.000000000000000000e+00,5.660832928416840382e+00,6.251290563479376061e+00,6.822959724066609333e+00
4.400000000000000000e+01,3.000000000000000000e+00,3.592651282109049937e+00,3.844660547959995789e+00,5.501214853446913189e+00
4.500000000000000000e+01,0.000000000000000000e+00,3.565654089522827253e+00,3.791346426972216577e+00,4.935391486760003055e+00
4.500000000000000000e+01,1.000000000000000000e+00,2.505567588117362021e+00,2.577884285033419598e+00,3.268077944607048035e+00
4.500000000000000000e+01,2.000000000000000000e+00,5.757177938524800531e+00,6.234693455852936772e+00,6.099770485026922984e+00
4.500000000000000000e+01,3.000000000000000000e+00,3.565654089522827253e+00,3.791346426972215689e+00,4.935391486760009272e+00
4.600000000000000000e+01,0.000000000000000000e+00,3.515498993694095464e+00,3.708853015702248790e+00,4.239297672775089509e+00
4.600000000000000000e+01,1.000000000000000000e+00,2.448969319467597217e+00,2.501814937059340327e+00,2.821103173836030376e+00
4.600000000000000000e+01,2.000000000000000000e+00,5.709476572637949054e+00,6.128186296958221924e+00,5.339450246414879864e+00
4.600000000000000000e+01,3.000000000000000000e+00,3.515498993694095464e+00,3.708853015702465061e+00,4.239297672774691605e+00
4.700000000000000000e+01,0.000000000000000000e+00,3.748538487835864519e+00,4.000958673536502808e+00,5.103704551332650219e+00
4.700000000000000000e+01,1.000000000000000000e+00,2.682031448331771983e+00,2.758664065149473377e+00,3.420465704682934316e+00
4.700000000000000000e+01,2.000000000000000000e+00,5.958129782299604216e+00,6.524306469024007349e+00,6.221052494347801165e+00
4.700000000000000000e+01,3.000000000000000000e+00,3.748538487835864519e+00,4.000958673536596066e+00,5.103704551332595152e+00
4.800000000000000000e+01,0.000000000000000000e+00,4.074776929828240135e+00,4.395913093304248065e+00,6.278000589383574415e+00
4.800000000000000000e+01,1.000000000000000000e+00,2.935038854270963782e+00,3.042732044206567288e+00,4.337763236251654497e+00
4.800000000000000000e+01,2.000000000000000000e+00,6.449362972359858226e+00,7.145119414421128745e+00,7.361334623106466246e+00
4.800000000000000000e+01,3.000000000000000000e+00,4.074776929828240135e+00,4.395913093304249841e+00,6.278000589383560204e+00
4.900000000000000000e+01,0.000000000000000000e+00,3.348971820995458870e+00,3.544825752708801403e+00,4.402617917867438280e+00
4.900000000000000000e+01,1.000000000000000000e+00,2.396272717597951907e+00,2.452295733119206567e+00,2.884698789368844718e+00
4.900000000000000000e+01,2.000000000000000000e+00,5.315669525168888576e+00,5.775343363908120864e+00,5.636073655376677927e+00
4.900000000000000000e+01,3.000000000000000000e+00,3.348971820995743087e+00,3.544825752708050448e+00,4.402617917867443609e+00
5.000000000000000000e+01,0.000000000000000000e+00,3.693591798028205808e+00,3.940119986846001954e+00,5.076212317822085041e+00
5.000000000000000000e+01,1.000000000000000000e+00,2.641307907566010638e+00,2.717018694096570375e+00,3.387085783584578014e+00
5.000000000000000000e+01,2.000000000000000000e+00,5.870948120129177994e+00,6.428688163473583295e+00,6.224265521573376425e+00
5.000000000000000000e+01,3.000000000000000000e+00,3.693591798027613837e+00,3.940119986846895461e+00,5.076212317822091258e+00
5.100000000000000000e+01,0.000000000000000000e+00,3.516962363849140516e+00,3.740354733758450401e+00,4.860387409563451833e+00
5.100000000000000000e+01,1.000000000000000000e+00,2.499098335896581258e+00,2.568087554084740987e+00,3.205712488524950832e+00
5.100000000000000000e+01,2.000000000000000000e+00,5.626099948221706448e+00,6.124383611126555493e+00,6.071158907087437662e+00
5.100000000000000000e+01,3.000000000000000000e+00,3.516962363849592599e+00,3.740354733758450401e+00,4.860387409563453609e+00
5.200000000000000000e+01,0.000000000000000000e+00,3.144551034519215360e+00,3.337482226246656136e+00,4.720391905399920596e+00
5.200000000000000000e+01,1.000000000000000000e+00,2.293491496367188187e+00,2.356443940448860186e+00,3.057059020360012536e+00
5.200000000000000000e+01,2.000000000000000000e+00,4.905998822974543927e+00,5.378985011806423522e+00,6.184213688426958733e+00
5.200000000000000000e+01,3.000000000000000000e+00,3.144551034519208699e+00,3.337482226246464734e+00,4.720391905399901056e+00
5.300000000000000000e+01,0.000000000000000000e+00,4.331587720983114842e+00,4.617509296527980034e+00,5.163878237929395709e+00
5.300000000000000000e+01,1.000000000000000000e+00,2.949477560206232862e+00,3.042465589331266429e+00,3.653399102517882469e+00
5.300000000000000000e+01,2.000000000000000000e+00,7.117663854661904210e+00,7.557735297342830449e+00,5.956135502727714304e+00
5.300000000000000000e+01,3.000000000000000000e+00,4.331587720982896350e+00,4.617509296527280149e+00,5.163878237929847792e+00
5.400000000000000000e+01,0.000000000000000000e+00,3.641236200565800107e+00,3.866350940087141641e+00,4.614222371090696662e+00
5.400000000000000000e+01,1.000000000000000000e+00,2.587099137684452987e+00,2.651077761940144661e+00,3.090257113252441012e+00
5.400000000000000000e+01,2.000000000000000000e+00,5.819232830386296129e+00,6.323513769898830184e+00,5.707955457385050835e+00
5.400000000000000000e+01,3.000000000000000000e+00,3.641236200565798775e+00,3.866350940087476040e+00,4.614222371090336949e+00
5.500000000000000000e+01,0.000000000000000000e+00,3.853890345905959247e+00,4.107408659963931008e+00,5.040273116535391118e+00
5.500000000000000000e+01,1.000000000000000000e+00,2.700589653795530953e+00,2.777395813483734877e+00,3.394488140318508318e+00
5.500000000000000000e+01,2.000000000000000000e+00,6.232448457718209767e+00,6.771826919135449430e+00,6.101535464667394493e+00
5.500000000000000000e+01,3.000000000000000000e+00,3.853890345905959247e+00,4.107408659962890951e+00,5.040273116535291642e+00
5.600000000000000000e+01,0.000000000000000000e+00,3.204248473245020268e+00,3.398704100328243882e+00,4.678476717266426554e+00
5.600000000000000000e+01,1.000000000000000000e+00,2.280548421397413872e+00,2.345863407197524175e+00,3.056967161696829915e+00
5.600000000000000000e+01,2.000000000000000000e+00,5.130250285379728048e+00,5.552133346001497216e+00,5.972931333098882689e+00
5.600000000000000000e+01,3.000000000000000000e+00,3.204248473245020712e+00,3.398704100329189792e+00,4.678476717266341289e+00
5.700000000000000000e+01,0.000000000000000000e+00,3.793527810972070036e+00,4.035425313194597408e+00,4.626174667929433326e+00
5.700000000000000000e+01,1.000000000000000000e+00,2.741946806905725786e+00,2.805223337520543758e+00,3.154424689147143912e+00
5.700000000000000000e+01,2.000000000000000000e+00,5.960080933401074255e+00,6.557626358518181320e+00,5.709534274154817624e+00
5.700000000000000000e+01,3.000000000000000000e+00,3.793527810971600633e+00,4.035425313193666597e+00,4.626174667930105677e+00
5.800000000000000000e+01,0.000000000000000000e+00,3.607298407665416207e+00,3.824959259782025889e+00,4.652246120208388902e+00
5.800000000000000000e+01,1.000000000000000000e+00,2.512625760148637699e+00,2.578212911424632381e+00,3.091591781201458389e+00
5.800000000000000000e+01,2.000000000000000000e+00,5.860192540812792394e+00,6.312137869828490011e+00,5.753024270345060032e+00
5.800000000000000000e+01,3.000000000000000000e+00,3.607298407665659568e+00,3.824959259782251486e+00,4.652246120208405777e+00
5.900000000000000000e+01,0.000000000000000000e+00,3.533255497650476418e+00,3.749134813408451450e+00,4.777254301370512657e+00
5.900000000000000000e+01,1.000000000000000000e+00,2.458427779443897787e+00,2.526862308784102673e+00,3.152843987955947114e+00
5.900000000000000000e+01,2.000000000000000000e+00,5.747897836855027975e+00,6.192583859839305482e+00,5.934745657429276733e+00
5.900000000000000000e+01,3.000000000000000000e+00,3.533255497650614974e+00,3.749134813408813827e+00,4.777254301370501111e+00
6.000000000000000000e+01,0.000000000000000000e+00,3.568779223153947466e+00,3.814447035162202404e+00,5.391132417790901243e+00
6.000000000000000000e+01,1.000000000000000000e+00,2.558288249377768775e+00,2.640529955309691257e+00,3.592118230848142968e+00
6.000000000000000000e+01,2.000000000000000000e+00,5.677022212707401039e+00,6.212611675728975769e+00,6.615080363787997797e+00
6.000000000000000000e+01,3.000000000000000000e+00,3.568779223153946134e+00,3.814447035162311650e+00,5.391132417790901243e+00
6.100000000000000000e+01,0.000000000000000000e+00,3.570912289445276944e+00,3.821048427830403771e+00,5.479424946801492169e+00
6.100000000000000000e+01,1.000000000000000000e+00,2.587174765552820777e+00,2.669927146851586386e+00,3.635970067721898680e+00
6.100000000000000000e+01,2.000000000000000000e+00,5.617430028358090688e+00,6.196043903591100133e+00,6.775027001491351619e+00
6.100000000000000000e+01,3.000000000000000000e+00,3.570912289445276944e+00,3.821048427830391336e+00,5.479424946801468188e+00
6.200000000000000000e+01,0.000000000000000000e+00,3.256915475972003371e+00,3.406013516879753844e+00,3.636586425954226431e+00
6.200000000000000000e+01,1.000000000000000000e+00,2.283988735724792551e+00,2.318494263852632464e+00,2.455359483348744654e+00
6.200000000000000000e+01,2.000000000000000000e+00,5.265967570466783876e+00,5.624860233320395864e+00,4.755124740898889257e+00
6.200000000000000000e+01,3.000000000000000000e+00,3.256915475972968821e+00,3.406013516879748515e+00,3.636586425954690949e+00
6.300000000000000000e+01,0.000000000000000000e+00,3.849475967898860151e+00,4.108877224377196491e+00,5.015153900004075460e+00
6.300000000000000000e+01,1.000000000000000000e+00,2.752238399931319357e+00,2.828069559535617117e+00,3.390473304126508047e+00
6.300000000000000000e+01,2.000000000000000000e+00,6.119969116787224550e+00,6.708240239444413611e+00,6.085297903629173000e+00
6.300000000000000000e+01,3.000000000000000000e+00,3.849475967897647788e+00,4.108877224377296855e+00,5.015153900004309939e+00
6.400000000000000000e+01,0.000000000000000000e+00,3.415653574695099337e+00,3.639985856278212584e+00,5.049459974252692440e+00
6.400000000000000000e+01,1.000000000000000000e+00,2.466773003512117590e+00,2.538214395437187409e+00,3.309010975616764050e+00
6.400000000000000000e+01,2.000000000000000000e+00,5.386048912559231461e+00,5.911558703895548383e+00,6.384425922707694490e+00
6.400000000000000000e+01,3.000000000000000000e+00,3.415653574694028194e+00,3.639985856278848075e+00,5.049459974252753724e+00
6.500000000000000000e+01,0.000000000000000000e+00,3.728373392962019306e+00,3.987181442729633041e+00,5.534147570404297944e+00
6.500000000000000000e+01,1.000000000000000000e+00,2.633870310503910073e+00,2.719883717614405505e+00,3.704214438471360005e+00
6.500000000000000000e+01,2.000000000000000000e+00,6.002363382910476552e+00,6.557025854346356653e+00,6.730109314824199274e+00
6.500000000000000000e+01,3.000000000000000000e+00,3.728373392962760935e+00,3.987181442731450254e+00,5.534147570404291727e+00
6.600000000000000000e+01,0.000000000000000000e+00,3.457182972188853398e+00,3.682747803746257986e+00,5.023289923268622559e+00
6.600000000000000000e+01,1.000000000000000000e+00,2.488930441945238492e+00,2.560252011368766123e+00,3.300633567168519189e+00
6.600000000000000000e+01,2.000000000000000000e+00,5.467511901045817524e+00,5.992334756012928310e+00,6.313758655954085697e+00
6.600000000000000000e+01,3.000000000000000000e+00,3.457182972188877379e+00,3.682747803746256654e+00,5.023289923268606572e+00
6.700000000000000000e+01,0.000000000000000000e+00,3.762780447898296465e+00,4.005328086970331825e+00,5.051799115960732500e+00
6.700000000000000000e+01,1.000000000000000000e+00,2.610964284543236591e+00,2.688713081930228732e+00,3.390819148076190892e+00
6.700000000000000000e+01,2.000000000000000000e+00,6.133056346451255081e+00,6.603845740512956475e+00,6.118650084718230353e+00
6.700000000000000000e+01,3.000000000000000000e+00,3.762780447897420721e+00,4.005328086969026202e+00,5.051799115960750264e+00
6.800000000000000000e+01,0.000000000000000000e+00,3.347143767465763808e+00,3.558938733598294490e+00,4.867044050279143441e+00
6.800000000000000000e+01,1.000000000000000000e+00,2.422392069917403301e+00,2.489996822559560563e+00,3.187233879100777045e+00
6.800000000000000000e+01,2.000000000000000000e+00,5.263974284541323101e+00,5.763082008654945909e+00,6.178056449685406015e+00
6.800000000000000000e+01,3.000000000000000000e+00,3.347143767465823316e+00,3.558938733597771797e+00,4.867044050279184297e+00
6.900000000000000000e+01,0.000000000000000000e+00,3.635262063802793708e+00,3.854168567996135053e+00,4.494673438375311747e+00
6.900000000000000000e+01,1.000000000000000000e+00,2.575195319098242397e+00,2.635975539463512263e+00,3.019797836449364947e+00
6.900000000000000000e+01,2.000000000000000000e+00,5.823309500995489607e+00,6.314296666875875985e+00,5.573634445299514795e+00
6.900000000000000000e+01,3.000000000000000000e+00,3.635262063802791488e+00,3.854168567995525763e+00,4.494673438375105690e+00
7.000000000000000000e+01,0.000000000000000000e+00,3.795844999279242682e+00,4.055302935107008011e+00,5.043890117153926766e+00
7.000000000000000000e+01,1.000000000000000000e+00,2.761376149517869916e+00,2.834036707102494557e+00,3.374951494887704850e+00
7.000000000000000000e+01,2.000000000000000000e+00,5.920251175772638597e+00,6.571292643714079063e+00,6.235698536947012371e+00
7.000000000000000000e+01,3.000000000000000000e+00,3.795844999279327059e+00,4.055302935106888107e+00,5.043890117153439157e+00
7.100000000000000000e+01,0.000000000000000000e+00,3.556909385719478234e+00,3.765039785287955354e+00,4.427486308819089444e+00
7.100000000000000000e+01,1.000000000000000000e+00,2.506843331965394217e+00,2.565061212285610015e+00,2.947076852508362155e+00
7.100000000000000000e+01,2.000000000000000000e+00,5.721611718926567391e+00,6.187754878205264930e+00,5.541424026731855079e+00
7.100000000000000000e+01,3.000000000000000000e+00,3.556909385719337457e+00,3.765039785287228380e+00,4.427486308819163163e+00
7.200000000000000000e+01,0.000000000000000000e+00,3.661840147326616890e+00,3.877417036046358678e+00,4.347682533723835618e+00
7.200000000000000000e+01,1.000000000000000000e+00,2.617033673684653117e+00,2.673245109149116505e+00,2.960364401042034022e+00
7.200000000000000000e+01,2.000000000000000000e+00,5.817855898323406549e+00,6.331111805847713825e+00,5.405813840260705661e+00
7.200000000000000000e+01,3.000000000000000000e+00,3.661840147326813177e+00,3.877417036046149068e+00,4.347682533723842724e+00
7.300000000000000000e+01,0.000000000000000000e+00,3.393909738283472866e+00,3.595756082327731473e+00,4.583594689792615640e+00
7.300000000000000000e+01,1.000000000000000000e+00,2.385031342792907072e+00,2.448104001624635373e+00,3.009298128056589583e+00
7.300000000000000000e+01,2.000000000000000000e+00,5.478360071524209118e+00,5.907444640064303698e+00,5.767679689965529377e+00
7.300000000000000000e+01,3.000000000000000000e+00,3.393909738283472866e+00,3.595756082327251413e+00,4.583594689792620080e+00
7.400000000000000000e+01,0.000000000000000000e+00,3.371912790654498338e+00,3.586278999782112731e+00,4.935284094420022249e+00
7.400000000000000000e+01,1.000000000000000000e+00,2.401244934804208420e+00,2.470914349172965707e+00,3.224546643046077854e+00
7.400000000000000000e+01,2.000000000000000000e+00,5.386397907600068535e+00,5.873649881272002382e+00,6.269442953011293618e+00
7.400000000000000000e+01,3.000000000000000000e+00,3.371912790654571612e+00,3.586278999782757548e+00,4.935284094420112844e+00
7.500000000000000000e+01,0.000000000000000000e+00,3.215640083461824617e+00,3.404743530359995329e+00,4.580729668400055132e+00
7.500000000000000000e+01,1.000000000000000000e+00,2.259954293785670032e+00,2.322494090288346857e+00,2.976725265520338670e+00
7.500000000000000000e+01,2.000000000000000000e+00,5.197144280927330939e+00,5.608133663335626906e+00,5.880078830996398942e+00
7.500000000000000000e+01,3.000000000000000000e+00,3.215640083462348642e+00,3.404743530359995773e+00,4.580729668400046251e+00
7.600000000000000000e+01,0.000000000000000000e+00,3.602960083236806721e+00,3.841114544219432325e+00,5.258341021536850235e+00
7.600000000000000000e+01,1.000000000000000000e+00,2.518714263923641283e+00,2.599821500888833459e+00,3.513340226270869948e+00
7.600000000000000000e+01,2.000000000000000000e+00,5.849028046660563085e+00,6.323692651174513735e+00,6.414275932302739847e+00
7.600000000000000000e+01,3.000000000000000000e+00,3.602960083236790290e+00,3.841114544219431437e+00,5.258341021536909743e+00
7.700000000000000000e+01,0.000000000000000000e+00,3.825752031549252141e+00,4.111461909538141057e+00,5.903534108540546832e+00
7.700000000000000000e+01,1.000000000000000000e+00,2.754103680109595942e+00,2.849068382143051359e+00,3.989323599729269532e+00
7.700000000000000000e+01,2.000000000000000000e+00,6.060743514929417763e+00,6.694787936529888128e+00,7.090820269539416465e+00
7.700000000000000000e+01,3.000000000000000000e+00,3.825752031549265020e+00,4.111461909536959780e+00,5.903534108540561043e+00
7.800000000000000000e+01,0.000000000000000000e+00,3.405085255517424248e+00,3.631814893601597038e+00,5.113722448164606860e+00
7.800000000000000000e+01,1.000000000000000000e+00,2.488425010776337043e+00,2.560511752094250859e+00,3.353038773626020319e+00
7.800000000000000000e+01,2.000000000000000000e+00,5.303536773968404283e+00,5.850233970136281769e+00,6.476168518942963637e+00
7.800000000000000000e+01,3.000000000000000000e+00,3.405085255517418030e+00,3.631814893601596594e+00,5.113722448164685019e+00
7.900000000000000000e+01,0.000000000000000000e+00,3.515409204253046038e+00,3.735513934478607467e+00,4.800480255796230722e+00
7.900000000000000000e+01,1.000000000000000000e+00,2.483171021069343176e+00,2.550249798099507359e+00,3.158976835735629596e+00
7.900000000000000000e+01,2.000000000000000000e+00,5.652374928270345933e+00,6.138607936300416235e+00,6.012364872730421972e+00
7.900000000000000000e+01,3.000000000000000000e+00,3.515409204253207243e+00,3.735513934478608356e+00,4.800480255796240492e+00
8.000000000000000000e+01,0.000000000000000000e+00,3.835042988457778801e+00,4.066242399448932510e+00,4.434442641439067856e+00
8.000000000000000000e+01,1.000000000000000000e+00,2.718698982891876614e+00,2.780701170312700032e+00,3.075996703897986961e+00
8.000000000000000000e+01,2.000000000000000000e+00,6.143640109849919817e+00,6.644833628113065771e+00,5.375989254360813874e+00
8.000000000000000000e+01,3.000000000000000000e+00,3.835042988457778357e+00,4.066242399448936062e+00,4.434442641438364419e+00
8.100000000000000000e+01,0.000000000000000000e+00,3.685218701327747759e+00,3.893534276583766385e+00,4.207432741794367104e+00
8.100000000000000000e+01,1.000000000000000000e+00,2.612269368336734843e+00,2.666338128134163821e+00,2.907209227827317388e+00
8.100000000000000000e+01,2.000000000000000000e+00,5.903223414642490674e+00,6.368543571311813700e+00,5.176177221412387119e+00
8.100000000000000000e+01,3.000000000000000000e+00,3.685218701327747315e+00,3.893534276583768161e+00,4.207432741794654874e+00
8.200000000000000000e+01,0.000000000000000000e+00,3.461232654978344758e+00,3.632907749185212865e+00,3.811508173432787583e+00
8.200000000000000000e+01,1.000000000000000000e+00,2.448457584640767237e+00,2.488629040014298965e+00,2.631663690967529945e+00
8.200000000000000000e+01,2.000000000000000000e+00,5.558458538797785842e+00,5.964534784964436120e+00,4.834322289423886865e+00
8.200000000000000000e+01,3.000000000000000000e+00,3.461232654978413592e+00,3.632907749185211532e+00,3.811508173432296420e+00
8.300000000000000000e+01,0.000000000000000000e+00,3.533717362030824205e+00,3.743600693879029162e+00,4.573661006660933559e+00
8.300000000000000000e+01,1.000000000000000000e+00,2.468454687505143852e+00,2.530371000099497891e+00,3.013907569555875909e+00
8.300000000000000000e+01,2.000000000000000000e+00,5.726458993930186203e+00,6.181286516949300314e+00,5.729814669647372405e+00
8.300000000000000000e+01,3.000000000000000000e+00,3.533717362031421949e+00,3.743600693879271191e+00,4.573661006660890038e+00
8.400000000000000000e+01,0.000000000000000000e+00,3.396015724730478524e+00,3.618646434483103302e+00,5.068313371400163803e+00
8.400000000000000000e+01,1.000000000000000000e+00,2.433040735601559312e+00,2.507243478185302799e+00,3.348485039536027497e+00
8.400000000000000000e+01,2.000000000000000000e+00,5.406669272562092843e+00,5.887603974695823972e+00,6.323762801234168229e+00
8.400000000000000000e+01,3.000000000000000000e+00,3.396015724730478968e+00,3.618646434483610452e+00,5.068313371400087419e+00
8.500000000000000000e+01,0.000000000000000000e+00,3.453141717018989976e+00,3.636524595153769024e+00,4.040399322304447871e+00
8.500000000000000000e+01,1.000000000000000000e+00,2.429633318478190418e+00,2.476530042031387158e+00,2.716136499159516049e+00
8.500000000000000000e+01,2.000000000000000000e+00,5.564934289136169276e+00,5.980718796606844023e+00,5.124500714196115858e+00
8.500000000000000000e+01,3.000000000000000000e+00,3.453141717019885704e+00,3.636524595153769024e+00,4.040399322304839558e+00
8.600000000000000000e+01,0.000000000000000000e+00,3.698304113900227286e+00,3.947462366867699579e+00,5.229515176989282033e+00
8.600000000000000000e+01,1.000000000000000000e+00,2.621933970506633571e+00,2.701827709949669476e+00,3.494843229165816023e+00
8.600000000000000000e+01,2.000000000000000000e+00,5.929226708544854674e+00,6.466563601066118494e+00,6.375336440440946717e+00
8.600000000000000000e+01,3.000000000000000000e+00,3.698304113900228174e+00,3.947462366867698691e+00,5.229515176989302461e+00
8.700000000000000000e+01,0.000000000000000000e+00,3.633649215865655258e+00,3.887523341927285436e+00,5.488192367715613251e+00
8.700000000000000000e+01,1.000000000000000000e+00,2.596574672100092407e+00,2.681263806284614581e+00,3.661394562291144350e+00
8.700000000000000000e+01,2.000000000000000000e+00,5.793254664947551369e+00,6.348996971601719608e+00,6.717233003181497075e+00
8.700000000000000000e+01,3.000000000000000000e+00,3.633649215864729332e+00,3.887523341926104159e+00,5.488192367715663877e+00
8.800000000000000000e+01,0.000000000000000000e+00,3.298736813497728182e+00,3.505229435809764649e+00,4.842191708813889051e+00
8.800000000000000000e+01,1.000000000000000000e+00,2.345731732680705228e+00,2.414176898928916959e+00,3.163633161009422601e+00
8.800000000000000000e+01,2.000000000000000000e+00,5.280696948644246547e+00,5.738571377762927916e+00,6.155815386182403870e+00
8.800000000000000000e+01,3.000000000000000000e+00,3.298736813497871179e+00,3.505229435808988825e+00,4.842191708813968987e+00
8.900000000000000000e+01,0.000000000000000000e+00,3.319554451652227289e+00,3.532020706785681696e+00,4.964870748491100549e+00
8.900000000000000000e+01,1.000000000000000000e+00,2.390392078684746124e+00,2.460708365395018582e+00,3.249673508718541104e+00
8.900000000000000000e+01,2.000000000000000000e+00,5.251032185188383217e+00,5.743662112048341761e+00,6.313435906302912848e+00
8.900000000000000000e+01,3.000000000000000000e+00,3.319554451652382721e+00,3.532020706785639064e+00,4.964870748491205354e+00
9.000000000000000000e+01,0.000000000000000000e+00,3.727257850451751953e+00,3.983246279799926182e+00,5.323796195028391409e+00
9.000000000000000000e+01,1.000000000000000000e+00,2.662701631027229343e+00,2.744296434156288544e+00,3.559538930343195240e+00
9.000000000000000000e+01,2.000000000000000000e+00,5.934844841119228498e+00,6.507111377756381820e+00,6.491070965103308943e+00
9.000000000000000000e+01,3.000000000000000000e+00,3.727257850451310972e+00,3.983246279800474632e+00,5.323796195028411837e+00
9.100000000000000000e+01,0.000000000000000000e+00,3.857844953131677634e+00,4.088574670864250749e+00,4.361344180148811311e+00
9.100000000000000000e+01,1.000000000000000000e+00,2.746229751858546120e+00,2.805482237094762077e+00,3.052226067108413599e+00
9.100000000000000000e+01,2.000000000000000000e+00,6.159253499656691666e+00,6.681192411315882929e+00,5.292859040829721806e+00
9.100000000000000000e+01,3.000000000000000000e+00,3.857844953131676746e+00,4.088574670864249860e+00,4.361344180148812200e+00
9.200000000000000000e+01,0.000000000000000000e+00,3.523868469044822760e+00,3.770487186035112792e+00,5.492567090761518500e+00
9.200000000000000000e+01,1.000000000000000000e+00,2.587322029748854835e+00,2.668054482918854386e+00,3.621405862027366584e+00
9.200000000000000000e+01,2.000000000000000000e+00,5.461613621185434475e+00,6.062183206250150391e+00,6.875557095885438841e+00
9.200000000000000000e+01,3.000000000000000000e+00,3.523868469044824092e+00,3.770487186033937732e+00,5.492567090761466098e+00
9.300000000000000000e+01,0.000000000000000000e+00,3.362928977074811865e+00,3.558428012156480857e+00,4.466442138792343641e+00
9.300000000000000000e+01,1.000000000000000000e+00,2.354936095856778877e+00,2.414539678949265245e+00,2.924502157647438594e+00
9.300000000000000000e+01,2.000000000000000000e+00,5.442023999059152572e+00,5.854954653267279596e+00,5.649788873127805644e+00
9.300000000000000000e+01,3.000000000000000000e+00,3.362928977074812309e+00,3.558428012156892972e+00,4.466442138792348970e+00
9.400000000000000000e+01,0.000000000000000000e+00,3.829912883901061882e+00,4.090667650631000463e+00,5.370971851547622578e+00
9.400000000000000000e+01,1.000000000000000000e+00,2.674181919176056521e+00,2.759243371902412090e+00,3.613862453742334502e+00
9.400000000000000000e+01,2.000000000000000000e+00,6.218371789383438930e+00,6.753810201427293158e+00,6.479547919045456794e+00
9.400000000000000000e+01,3.000000000000000000e+00,3.829912883902242715e+00,4.090667650631024443e+00,5.370971851547624354e+00
9.500000000000000000e+01,0.000000000000000000e+00,3.700269143119977233e+00,3.915498553544072280e+00,4.285764844761430048e+00
9.500000000000000000e+01,1.000000000000000000e+00,2.641457602083669087e+00,2.696380991344637934e+00,2.950210985596064539e+00
9.500000000000000000e+01,2.000000000000000000e+00,5.889177895339630098e+00,6.395195307582980604e+00,5.294326713767841142e+00
9.500000000000000000e+01,3.000000000000000000e+00,3.700269143119976345e+00,3.915498553544562554e+00,4.285764844760925563e+00
9.600000000000000000e+01,0.000000000000000000e+00,3.806695165158833216e+00,4.031111075766310670e+00,4.310373646912942114e+00
9.600000000000000000e+01,1.000000000000000000e+00,2.718212754558693600e+00,2.774811119508100443e+00,3.010051877764729600e+00
9.600000000000000000e+01,2.000000000000000000e+00,6.060214772500948754e+00,6.576929695419628352e+00,5.264985457126736712e+00
9.600000000000000000e+01,3.000000000000000000e+00,3.806695165158833216e+00,4.031111075765280383e+00,4.310373646912944778e+00
9.700000000000000000e+01,0.000000000000000000e+00,3.362823708489893981e+00,3.578270041813565339e+00,4.982762570899873289e+00
9.700000000000000000e+01,1.000000000000000000e+00,2.399672187276143731e+00,2.471748605509844765e+00,3.273006947362074204e+00
9.700000000000000000e+01,2.000000000000000000e+00,5.368879934888839855e+00,5.844266906960627672e+00,6.278601108955985666e+00
9.700000000000000000e+01,3.000000000000000000e+00,3.362823708490643604e+00,3.578270041813564895e+00,4.982762570899869736e+00
9.800000000000000000e+01,0.000000000000000000e+00,3.555201713674938535e+00,3.790763618708288263e+00,5.094842753866994478e+00
9.800000000000000000e+01,1.000000000000000000e+00,2.553469052525783933e+00,2.626894621012775932e+00,3.362388906088713547e+00
9.800000000000000000e+01,2.000000000000000000e+00,5.631210981062600318e+00,6.178132983049170690e+00,6.351398547169399222e+00
9.800000000000000000e+01,3.000000000000000000e+00,3.555201713674972730e+00,3.790763618707268634e+00,5.094842753866990925e+00
9.900000000000000000e+01,0.000000000000000000e+00,3.568515515752221923e+00,3.813851935891271250e+00,5.386718537803174556e+00
9.900000000000000000e+01,1.000000000000000000e+00,2.556495738182919197e+00,2.638423505468030950e+00,3.585393725978657020e+00
9.900000000000000000e+01,2.000000000000000000e+00,5.679362234121811959e+00,6.216427231295659439e+00,6.618914719073001329e+00
9.900000000000000000e+01,3.000000000000000000e+00,3.568515515752220146e+00,3.813851935891628298e+00,5.386718537803122153e+00
1.000000000000000000e+02,0.000000000000000000e+00,3.198776121686582208e+00,3.375710481392050433e+00,4.218655745527475354e+00
1.000000000000000000e+02,1.000000000000000000e+00,2.262943795881955378e+00,2.315026089243160001e+00,2.738874201825690413e+00
1.000000000000000000e+02,2.000000000000000000e+00,5.131442338911949008e+00,5.531581196402306944e+00,5.470537033968714269e+00
1.000000000000000000e+02,3.000000000000000000e+00,3.198776121686588425e+00,3.375710481391263507e+00,4.218655745527467360e+00
1.010000000000000000e+02,0.000000000000000000e+00,3.630091819982115275e+00,3.862462060877160930e+00,4.778023011236322226e+00
1.010000000000000000e+02,1.000000000000000000e+00,2.600830117783360151e+00,2.667784849815606929e+00,3.183617436891952313e+00
1.010000000000000000e+02,2.000000000000000000e+00,5.759683497042766831e+00,6.291714966191563008e+00,5.922448762054153271e+00
1.010000000000000000e+02,3.000000000000000000e+00,3.630091819982192991e+00,3.862462060876831416e+00,4.778023011236540718e+00
1.020000000000000000e+02,0.000000000000000000e+00,3.781041670340787419e+00,4.039333703049502233e+00,5.143865764474668367e+00
1.020000000000000000e+02,1.000000000000000000e+00,2.709986325483813907e+00,2.787380427832406582e+00,3.445983564241657859e+00
1.020000000000000000e+02,2.000000000000000000e+00,6.000961297317950915e+00,6.590249625916110077e+00,6.277549137841043070e+00
1.020000000000000000e+02,3.000000000000000000e+00,3.781041670340985483e+00,4.039333703049344138e+00,5.143865764474716329e+00
1.030000000000000000e+02,0.000000000000000000e+00,3.193442275956665188e+00,3.371658928144603884e+00,4.299269379839344651e+00
1.030000000000000000e+02,1.000000000000000000e+00,2.238959202195456299e+00,2.294100726310655869e+00,2.788041345224917311e+00
1.030000000000000000e+02,2.000000000000000000e+00,5.164332801721076116e+00,5.550064625952161990e+00,5.551352917109711349e+00
1.030000000000000000e+02,3.000000000000000000e+00,3.193442275956664744e+00,3.371658928144603884e+00,4.299269379839333993e+00
1.040000000000000000e+02,0.000000000000000000e+00,3.814567029108396845e+00,4.068190894982746997e+00,4.948205242611625643e+00
1.040000000000000000e+02,1.000000000000000000e+00,2.721973821397420945e+00,2.796369919226674661e+00,3.343167714391929390e+00
1.040000000000000000e+02,2.000000000000000000e+00,6.079356203894042743e+00,6.641483393671213875e+00,6.011162197388870254e+00
1.040000000000000000e+02,3.000000000000000000e+00,3.814567029108399066e+00,4.068190894983821693e+00,4.948205242611746435e+00
1.050000000000000000e+02,0.000000000000000000e+00,3.862073105274153484e+00,4.125628010094710696e+00,5.110814968521421697e+00
1.050000000000000000e+02,1.000000000000000000e+00,2.758187328708470165e+00,2.836126789279520111e+00,3.446657641046098064e+00
1.050000000000000000e+02,2.000000000000000000e+00,6.144331970904817197e+00,6.743292367728398240e+00,6.204420583311455850e+00
1.050000000000000000e+02,3.000000000000000000e+00,3.862073105274228091e+00,4.125628010093967291e+00,5.110814968521460777e+00
1.060000000000000000e+02,0.000000000000000000e+00,3.435511346804576593e+00,3.651533580860125916e+00,4.965761775377338871e+00
1.060000000000000000e+02,1.000000000000000000e+00,2.400865138086095918e+00,2.474693230324275905e+00,3.281249833562226215e+00
1.060000000000000000e+02,2.000000000000000000e+00,5.580855871926972078e+00,6.014051825938900642e+00,6.168482999597380001e+00
1.060000000000000000e+02,3.000000000000000000e+00,3.435511346805057986e+00,3.651533580860313766e+00,4.965761775377292686e+00
1.070000000000000000e+02,0.000000000000000000e+00,3.871594120899048530e+00,4.143030289832939417e+00,5.673283985373006821e+00
1.070000000000000000e+02,1.000000000000000000e+00,2.689686145064689171e+00,2.784224176090294378e+00,3.868651307326320676e+00
1.070000000000000000e+02,2.000000000000000000e+00,6.311352802273286322e+00,6.821072648257736404e+00,6.731618519010765134e+00
1.070000000000000000e+02,3.000000000000000000e+00,3.871594120899275904e+00,4.143030289832233315e+00,5.673283985373084981e+00
1.080000000000000000e+02,0.000000000000000000e+00,3.406702683561804612e+00,3.591159389057916762e+00,4.081533678940909127e+00
1.080000000000000000e+02,1.000000000000000000e+00,2.430750097959055722e+00,2.477733058903726082e+00,2.730780528280221997e+00
1.080000000000000000e+02,2.000000000000000000e+00,5.416724859293704064e+00,5.864748631814362234e+00,5.230885373414166928e+00
1.080000000000000000e+02,3.000000000000000000e+00,3.406702683561907197e+00,3.591159389057695162e+00,4.081533678940649779e+00
1.090000000000000000e+02,0.000000000000000000e+00,3.919801413202110840e+00,4.178289122050071747e+00,4.725832710610686327e+00
1.090000000000000000e+02,1.000000000000000000e+00,2.824015589208666466e+00,2.892898529184428025e+00,3.264942607610397118e+00
1.090000000000000000e+02,2.000000000000000000e+00,6.182743004975115753e+00,6.790505503006317944e+00,5.723063609905027604e+00
1.090000000000000000e+02,3.000000000000000000e+00,3.919801413202232077e+00,4.178289122050551363e+00,4.725832710610665899e+00
1.100000000000000000e+02,0.000000000000000000e+00,3.612567631164556925e+00,3.794945831679313208e+00,3.936349718120971897e+00
1.100000000000000000e+02,1.000000000000000000e+00,2.513721022180753550e+00,2.559680671892427650e+00,2.730144561142622717e+00
1.100000000000000000e+02,2.000000000000000000e+00,5.876896499301477839e+00,6.257333643803532297e+00,4.870456831912716389e+00
1.100000000000000000e+02,3.000000000000000000e+00,3.612567631164555593e+00,3.794945831679310544e+00,3.936349718120973673e+00
1.110000000000000000e+02,0.000000000000000000e+00,3.585409949502746052e+00,3.817258930209977752e+00,4.883090746347645172e+00
1.110000000000000000e+02,1.000000000000000000e+00,2.581790893962064182e+00,2.652497296778708602e+00,3.256633131064457398e+00
1.110000000000000000e+02,2.000000000000000000e+00,5.664950838015879953e+00,6.187271392752103694e+00,6.024022581758422312e+00
1.110000000000000000e+02,3.000000000000000000e+00,3.585409949502746052e+00,3.817258930209976420e+00,4.883090746347666489e+00
1.120000000000000000e+02,0.000000000000000000e+00,3.414867677784687583e+00,3.634812341981502826e+00,5.023610563669928197e+00
1.120000000000000000e+02,1.000000000000000000e+00,2.417694714576525072e+00,2.490998439538119058e+00,3.304627930957275694e+00
1.120000000000000000e+02,2.000000000000000000e+00,5.489243257770564099e+00,5.965642796079833055e+00,6.296691829912870020e+00
1.120000000000000000e+02,3.000000000000000000e+00,3.414867677783769206e+00,3.634812341981501493e+00,5.023610563669869578e+00
1.130000000000000000e+02,0.000000000000000000e+00,3.472342744865998920e+00,3.688214809943057837e+00,4.648220774929765930e+00
1.130000000000000000e+02,1.000000000000000000e+00,2.511982031324070164e+00,2.573950998938135282e+00,3.065529772885819071e+00
1.130000000000000000e+02,2.000000000000000000e+00,5.456543736419079416e+00,5.974872878776918306e+00,5.880479142878918708e+00
1.130000000000000000e+02,3.000000000000000000e+00,3.472342744865975828e+00,3.688214809941845473e+00,4.648220774929820998e+00
1.140000000000000000e+02,0.000000000000000000e+00,4.001774129970700145e+00,4.290780356853175270e+00,5.608352045633803407e+00
1.140000000000000000e+02,1.000000000000000000e+00,2.825223374459675529e+00,2.918214533394588361e+00,3.821814609244435612e+00
1.140000000000000000e+02,2.000000000000000000e+00,6.441252515673024703e+00,7.043185446219499823e+00,6.665187657314326053e+00
1.140000000000000000e+02,3.000000000000000000e+00,4.001774129970699256e+00,4.290780356852884836e+00,5.608352045633806071e+00
1.150000000000000000e+02,0.000000000000000000e+00,4.010315570600149648e+00,4.284603913835026034e+00,5.074541666664317496e+00
1.150000000000000000e+02,1.000000000000000000e+00,2.847773760106338869e+00,2.925775865652387786e+00,3.455844907374443498e+00
1.150000000000000000e+02,2.000000000000000000e+00,6.404303186662752445e+00,7.034803292705692712e+00,6.121920980823885472e+00
1.150000000000000000e+02,3.000000000000000000e+00,4.010315570600584856e+00,4.284603913835024258e+00,5.074541666664317496e+00
1.160000000000000000e+02,0.000000000000000000e+00,3.159515223897113589e+00,3.300676652875581762e+00,3.614446173520283967e+00
1.160000000000000000e+02,1.000000000000000000e+00,2.177665769851527156e+00,2.214271016777451973e+00,2.400474201263853580e+00
1.160000000000000000e+02,2.000000000000000000e+00,5.171853191023211949e+00,5.463650914659929470e+00,4.682192836441962491e+00
1.160000000000000000e+02,3.000000000000000000e+00,3.159515223897490177e+00,3.300676652875580430e+00,3.614446173520295957e+00
1.170000000000000000e+02,0.000000000000000000e+00,3.553935776782702227e+00,3.778620780326028772e+00,4.864109225500974354e+00
1.170000000000000000e+02,1.000000000000000000e+00,2.514290319895484238e+00,2.585496333709087047e+00,3.232217315971764648e+00
1.170000000000000000e+02,2.000000000000000000e+00,5.707099482284615277e+00,6.183167211125034868e+00,6.002071952833588853e+00
1.170000000000000000e+02,3.000000000000000000e+00,3.553935776782703115e+00,3.778620780326029660e+00,4.864109225500970801e+00
1.180000000000000000e+02,0.000000000000000000e+00,3.341565265929650419e+00,3.535848289176110271e+00,4.374323618356314114e+00
1.180000000000000000e+02,1.000000000000000000e+00,2.387900789538289548e+00,2.443124360846242293e+00,2.865643015746369482e+00
1.180000000000000000e+02,2.000000000000000000e+00,5.310582644269509878e+00,5.764889630636228723e+00,5.603961109041098787e+00
1.180000000000000000e+02,3.000000000000000000e+00,3.341565265929989259e+00,3.535848289176739989e+00,4.374323618356328325e+00
1.190000000000000000e+02,0.000000000000000000e+00,3.862264609435990259e+00,4.121741931733358122e+00,5.032680809042306080e+00
1.190000000000000000e+02,1.000000000000000000e+00,2.745855074682412855e+00,2.822430427764171412e+00,3.398776369172927581e+00
1.190000000000000000e+02,2.000000000000000000e+00,6.169115305967184604e+00,6.750613283420847210e+00,6.101724363082115410e+00
1.190000000000000000e+02,3.000000000000000000e+00,3.862264609435143825e+00,4.121741931734220543e+00,5.032680809042259895e+00
1.200000000000000000e+02,0.000000000000000000e+00,3.659903406697307293e+00,3.892109795159691021e+00,4.821495004807606399e+00
1.200000000000000000e+02,1.000000000000000000e+00,2.581197840424096501e+00,2.651641766400162137e+00,3.221611648707578102e+00
1.200000000000000000e+02,2.000000000000000000e+00,5.889367083157343252e+00,6.381119843755249654e+00,5.910365208552108562e+00
1.200000000000000000e+02,3.000000000000000000e+00,3.659903406697306405e+00,3.892109795159691021e+00,4.821495004807601958e+00
1.210000000000000000e+02,0.000000000000000000e+00,3.708880759787670733e+00,3.915362793779836981e+00,4.262975228513266934e+00
1.210000000000000000e+02,1.000000000000000000e+00,2.575068130746910100e+00,2.629432590314769058e+00,2.897671399085324673e+00
1.210000000000000000e+02,2.000000000000000000e+00,6.038104759650212650e+00,6.478476648908533697e+00,5.274773183389814157e+00
1.210000000000000000e+02,3.000000000000000000e+00,3.708880759787497094e+00,3.915362793780757134e+00,4.262975228512980053e+00
1.220000000000000000e+02,0.000000000000000000e+00,3.035160346124821551e+00,3.206888617777658546e+00,4.338077627790004165e+00
1.220000000000000000e+02,1.000000000000000000e+00,2.143461885263089783e+00,2.200163002107043297e+00,2.798535595945621068e+00
1.220000000000000000e+02,2.000000000000000000e+00,4.886436767015293725e+00,5.267318935456932749e+00,5.696270893720759787e+00
1.220000000000000000e+02,3.000000000000000000e+00,3.035160346125377107e+00,3.206888617777873485e+00,4.338077627790004165e+00
1.230000000000000000e+02,0.000000000000000000e+00,3.646635203331880071e+00,3.861070975001021477e+00,4.391666920588622958e+00
1.230000000000000000e+02,1.000000000000000000e+00,2.580888926081208901e+00,2.638096627698673924e+00,2.962823424603663547e+00
1.230000000000000000e+02,2.000000000000000000e+00,5.843951311631474077e+00,6.337322893185485029e+00,5.464083861608908244e+00
1.230000000000000000e+02,3.000000000000000000e+00,3.646635203331880071e+00,3.861070975001022365e+00,4.391666920588625622e+00
1.240000000000000000e+02,0.000000000000000000e+00,3.208578554841856612e+00,3.384981807319684233e+00,4.342855941139930565e+00
1.240000000000000000e+02,1.000000000000000000e+00,2.206982854618685597e+00,2.265791486739860527e+00,2.831204200994706710e+00
1.240000000000000000e+02,2.000000000000000000e+00,5.264709593780113828e+00,5.596450487548012553e+00,5.518042213583029820e+00
1.240000000000000000e+02,3.000000000000000000e+00,3.208578554842424158e+00,3.384981807320315284e+00,4.342855941139947440e+00
1.250000000000000000e+02,0.000000000000000000e+00,3.908203906977236297e+00,4.175846610833609418e+00,5.195535409153386297e+00
1.250000000000000000e+02,1.000000000000000000e+00,2.754331875568745591e+00,2.835331894888082793e+00,3.506697774201974926e+00
1.250000000000000000e+02,2.000000000000000000e+00,6.290212522485065350e+00,6.871616262668595709e+00,6.269238169422942875e+00
1.250000000000000000e+02,3.000000000000000000e+00,3.908203906977067543e+00,4.175846610834216044e+00,5.195535409153354323e+00
1.260000000000000000e+02,0.000000000000000000e+00,3.784280556091429659e+00,4.044575426332985835e+00,5.352800501069062022e+00
1.260000000000000000e+02,1.000000000000000000e+00,2.666526884134335251e+00,2.750712382294256741e+00,3.599044457849765788e+00
1.260000000000000000e+02,2.000000000000000000e+00,6.105353134681963390e+00,6.642169770137844154e+00,6.469353743555688041e+00
1.260000000000000000e+02,3.000000000000000000e+00,3.784280556091430991e+00,4.044575426332985835e+00,5.352800501069064687e+00
1.270000000000000000e+02,0.000000000000000000e+00,3.602799761681410917e+00,3.849332203404582931e+00,5.302674136194047705e+00
1.270000000000000000e+02,1.000000000000000000e+00,2.590255077220363855e+00,2.670282416555263438e+00,3.525200861550378040e+00
1.270000000000000000e+02,2.000000000000000000e+00,5.707907298966429011e+00,6.261292890403129974e+00,6.526651236824671187e+00
1.270000000000000000e+02,3.000000000000000000e+00,3.602799761681655166e+00,3.849332203404172592e+00,5.302674136193934906e+00
1.280000000000000000e+02,0.000000000000000000e+00,3.535971110602011525e+00,3.735937929833194726e+00,4.330901840982033235e+00
1.280000000000000000e+02,1.000000000000000000e+00,2.470110907096652486e+00,2.526963333729452810e+00,2.892225279800292981e+00
1.280000000000000000e+02,2.000000000000000000e+00,5.730363137563730724e+00,6.147955974594465189e+00,5.398035158536411693e+00
1.280000000000000000e+02,3.000000000000000000e+00,3.535971110602890821e+00,3.735937929834111326e+00,4.330901840982226858e+00
1.290000000000000000e+02,0.000000000000000000e+00,3.358866760379760397e+00,3.567485525015535508e+00,4.877468977591066235e+00
1.290000000000000000e+02,1.000000000000000000e+00,2.361322843434255248e+00,2.430338567968876262e+00,3.187613565897489121e+00
1.290000000000000000e+02,2.000000000000000000e+00,5.425151076764074709e+00,5.879021995844344595e+00,6.180247163880257411e+00
1.290000000000000000e+02,3.000000000000000000e+00,3.358866760378905969e+00,3.567485525015098080e+00,4.877468977591144395e+00
1.300000000000000000e+02,0.000000000000000000e+00,3.776652802975021483e+00,4.020077291356979110e+00,4.937533799638866405e+00
1.300000000000000000e+02,1.000000000000000000e+00,2.641528703745712470e+00,2.715781219092505694e+00,3.312233352607366843e+00
1.300000000000000000e+02,2.000000000000000000e+00,6.118934273191476869e+00,6.621281273132704648e+00,6.013009980664103082e+00
1.300000000000000000e+02,3.000000000000000000e+00,3.776652802975021483e+00,4.020077291357606164e+00,4.937533799638894827e+00
1.310000000000000000e+02,0.000000000000000000e+00,3.430466998473011841e+00,3.651569565218342195e+00,5.016719998397235258e+00
1.310000000000000000e+02,1.000000000000000000e+00,2.433754734970432931e+00,2.505811588480332919e+00,3.290713813174168667e+00
1.310000000000000000e+02,2.000000000000000000e+00,5.500521385077840719e+00,5.994684978984205159e+00,6.313878669042696679e+00
1.310000000000000000e+02,3.000000000000000000e+00,3.430466998471930928e+00,3.651569565218931501e+00,5.016719998397192626e+00
1.320000000000000000e+02,0.000000000000000000e+00,3.495909307089311024e+00,3.720428495060124519e+00,5.075193513130853873e+00
1.320000000000000000e+02,1.000000000000000000e+00,2.443186624960192344e+00,2.518002108484765689e+00,3.349280089211652989e+00
1.320000000000000000e+02,2.000000000000000000e+00,5.679194254355162563e+00,6.143066896824786127e+00,6.305241436338183014e+00
1.320000000000000000e+02,3.000000000000000000e+00,3.495909307089310136e+00,3.720428495059482366e+00,5.075193513130824563e+00
1.330000000000000000e+02,0.000000000000000000e+00,3.267827979065903499e+00,3.459638154529464327e+00,4.612909304840584035e+00
1.330000000000000000e+02,1.000000000000000000e+00,2.270525443305920543e+00,2.334048873047601003e+00,2.996667364437910042e+00
1.330000000000000000e+02,2.000000000000000000e+00,5.327427484949722292e+00,5.731181572907248167e+00,5.905184565398600149e+00
1.330000000000000000e+02,3.000000000000000000e+00,3.267827979065568655e+00,3.459638154528648979e+00,4.612909304840610680e+00
1.340000000000000000e+02,0.000000000000000000e+00,3.526240727928958485e+00,3.749663645594312644e+00,4.753968630559933572e+00
1.340000000000000000e+02,1.000000000000000000e+00,2.551447809094823604e+00,2.617169271104848871e+00,3.149253193275019402e+00
1.340000000000000000e+02,2.000000000000000000e+00,5.540627551981376797e+00,6.073207741491646772e+00,5.950332943084908344e+00
1.340000000000000000e+02,3.000000000000000000e+00,3.526240727928965146e+00,3.749663645594604855e+00,4.753968630559912256e+00
1.350000000000000000e+02,0.000000000000000000e+00,3.507894538088223158e+00,3.736987774025171571e+00,5.097042817049461938e+00
1.350000000000000000e+02,1.000000000000000000e+00,2.484990696799256771e+00,2.559628339325013879e+00,3.362061389074939122e+00
1.350000000000000000e+02,2.000000000000000000e+00,5.631937546343799283e+00,6.134879373281560078e+00,6.348116770128060082e+00
1.350000000000000000e+02,3.000000000000000000e+00,3.507894538088301317e+00,3.736987774025171571e+00,5.097042817049461938e+00
1.360000000000000000e+02,0.000000000000000000e+00,3.825857889238356790e+00,4.119095298883037159e+00,6.124915982626741418e+00
1.360000000000000000e+02,1.000000000000000000e+00,2.824069448520181602e+00,2.920171912294662775e+00,4.121051286832434712e+00
1.360000000000000000e+02,2.000000000000000000e+00,5.896040056126743423e+00,6.612532998176786414e+00,7.420437083220765118e+00
1.360000000000000000e+02,3.000000000000000000e+00,3.825857889238355458e+00,4.119095298883438616e+00,6.124915982626689903e+00
1.370000000000000000e+02,0.000000000000000000e+00,3.520560687697235291e+00,3.750214207296656443e+00,5.159785144768320286e+00
1.370000000000000000e+02,1.000000000000000000e+00,2.473718926229050652e+00,2.550420117859589109e+00,3.405480420295618593e+00
1.370000000000000000e+02,2.000000000000000000e+00,5.692306667053193436e+00,6.181498787670252959e+00,6.407279767569217022e+00
1.370000000000000000e+02,3.000000000000000000e+00,3.520560687697301905e+00,3.750214207295638147e+00,5.159785144768289200e+00
1.380000000000000000e+02,0.000000000000000000e+00,3.332616239266342983e+00,3.533903003743856797e+00,4.765442289867368508e+00
1.380000000000000000e+02,1.000000000000000000e+00,2.319964950340359433e+00,2.387609508230431832e+00,3.117026366102773949e+00
1.380000000000000000e+02,2.000000000000000000e+00,5.425076701208256580e+00,5.839804705791570960e+00,6.018524388465086972e+00
1.380000000000000000e+02,3.000000000000000000e+00,3.332616239266512181e+00,3.533903003745439086e+00,4.765442289867398706e+00
1.390000000000000000e+02,0.000000000000000000e+00,3.698528859949861580e+00,3.946813907751409278e+00,5.100587111379549121e+00
1.390000000000000000e+02,1.000000000000000000e+00,2.653350375560848740e+00,2.730469073046018380e+00,3.421160209284127784e+00
1.390000000000000000e+02,2.000000000000000000e+00,5.862874988468470328e+00,6.414627575447965135e+00,6.214507373509609245e+00
1.390000000000000000e+02,3.000000000000000000e+00,3.698528859949860692e+00,3.946813907751409278e+00,5.100587111379526029e+00
1.400000000000000000e+02,0.000000000000000000e+00,3.300915292126071598e+00,3.471435636865454644e+00,3.982516443664589456e+00
1.400000000000000000e+02,1.000000000000000000e+00,2.311724697396884576e+00,2.357978494446155260e+00,2.637784749130230200e+00
1.400000000000000000e+02,2.000000000000000000e+00,5.340233273364352051e+00,5.708687661572378502e+00,5.088070506986689168e+00
1.400000000000000000e+02,3.000000000000000000e+00,3.300915292126070266e+00,3.471435636865454644e+00,3.982516443664749772e+00
1.410000000000000000e+02,0.000000000000000000e+00,4.028554410363095251e+00,4.294303647575251404e+00,4.786979312835114797e+00
1.410000000000000000e+02,1.000000000000000000e+00,2.864596051613316430e+00,2.936861527828204643e+00,3.316457671721009248e+00
1.410000000000000000e+02,2.000000000000000000e+00,6.430906071600033691e+00,7.034017668615258678e+00,5.751035766037587038e+00
1.410000000000000000e+02,3.000000000000000000e+00,4.028554410363107685e+00,4.294303647576172445e+00,4.786979312835117462e+00
1.420000000000000000e+02,0.000000000000000000e+00,3.544450140262068505e+00,3.764672835785488392e+00,4.732661342094578671e+00
1.420000000000000000e+02,1.000000000000000000e+00,2.517441147877728103e+00,2.583069793481412635e+00,3.125310633390116166e+00
1.420000000000000000e+02,2.000000000000000000e+00,5.667339634138913951e+00,6.166171750475225366e+00,5.919194636936667919e+00
1.420000000000000000e+02,3.000000000000000000e+00,3.544450140262219939e+00,3.764672835785488392e+00,4.732661342094543144e+00
1.430000000000000000e+02,0.000000000000000000e+00,3.419839050373040923e+00,3.637819570600497876e+00,4.857784162223761193e+00
1.430000000000000000e+02,1.000000000000000000e+00,2.463512719025132025e+00,2.530581951175292499e+00,3.178765126152145903e+00
1.430000000000000000e+02,2.000000000000000000e+00,5.400540213151009183e+00,5.914620713000767083e+00,6.163554193395089698e+00
1.430000000000000000e+02,3.000000000000000000e+00,3.419839050372327716e+00,3.637819570601391383e+00,4.857784162223792279e+00
1.440000000000000000e+02,0.000000000000000000e+00,3.464006764506193381e+00,3.676407138509334427e+00,4.611939658555926691e+00
1.440000000000000000e+02,1.000000000000000000e+00,2.484194678536841838e+00,2.546182962744308220e+00,3.037765975489484127e+00
1.440000000000000000e+02,2.000000000000000000e+00,5.489844487653585681e+00,5.987872753718612273e+00,5.826393117097763863e+00
1.440000000000000000e+02,3.000000000000000000e+00,3.464006764506421199e+00,3.676407138509729666e+00,4.611939658555969324e+00
1.450000000000000000e+02,0.000000000000000000e+00,3.475727216104798512e+00,3.695091110008958069e+00,4.889279303413823108e+00
1.450000000000000000e+02,1.000000000000000000e+00,2.447671482192883996e+00,2.517838762731062996e+00,3.214913523795388528e+00
1.450000000000000000e+02,2.000000000000000000e+00,5.607954392398675658e+00,6.079515026703468550e+00,6.118208767428685135e+00
1.450000000000000000e+02,3.000000000000000000e+00,3.475727216105737760e+00,3.695091110008958957e+00,4.889279303413812450e+00
1.460000000000000000e+02,0.000000000000000000e+00,3.592568178812590940e+00,3.839131679230925798e+00,5.398020182724126315e+00
1.460000000000000000e+02,1.000000000000000000e+00,2.562117207699589727e+00,2.644231391785213603e+00,3.590477675311209094e+00
1.460000000000000000e+02,2.000000000000000000e+00,5.738674404953995278e+00,6.276903128932808329e+00,6.633753120969131167e+00
1.460000000000000000e+02,3.000000000000000000e+00,3.592568178813756674e+00,3.839131679230355143e+00,5.398020182724120097e+00
1.470000000000000000e+02,0.000000000000000000e+00,3.514069971573123397e+00,3.745983517675581798e+00,5.193275191856957740e+00
1.470000000000000000e+02,1.000000000000000000e+00,2.484525968848184885e+00,2.561363349416539315e+00,3.424345338118960136e+00
1.470000000000000000e+02,2.000000000000000000e+00,5.651689931649595877e+00,6.159814804945434652e+00,6.466169324267928786e+00
1.470000000000000000e+02,3.000000000000000000e+00,3.514069971572101991e+00,3.745983517675492092e+00,5.193275191856924877e+00
1.480000000000000000e+02,0.000000000000000000e+00,3.495689587806049659e+00,3.734368350743968001e+00,5.366331606774831009e+00
1.480000000000000000e+02,1.000000000000000000e+00,2.541854226487264778e+00,2.619384035621088458e+00,3.522305760290352250e+00
1.480000000000000000e+02,2.000000000000000000e+00,5.467681546590521080e+00,6.048671728379736656e+00,6.765320842411261637e+00
1.480000000000000000e+02,3.000000000000000000e+00,3.495689587806043885e+00,3.734368350743971554e+00,5.366331606774842555e+00
1.490000000000000000e+02,0.000000000000000000e+00,3.246944505331807118e+00,3.395356406705864138e+00,3.715538625034774611e+00
1.490000000000000000e+02,1.000000000000000000e+00,2.226749029363539467e+00,2.265764366015786901e+00,2.465626539290606711e+00
1.490000000000000000e+02,2.000000000000000000e+00,5.332976368369036102e+00,5.633482308348268575e+00,4.784679820704144326e+00
1.490000000000000000e+02,3.000000000000000000e+00,3.246944505331888831e+00,3.395356406705857033e+00,3.715538625034477516e+00
1.500000000000000000e+02,0.000000000000000000e+00,3.470961767656002284e+00,3.668081731996567729e+00,4.288367726497339660e+00
1.500000000000000000e+02,1.000000000000000000e+00,2.452125670954489411e+00,2.504810692720860210e+00,2.836366239361072239e+00
1.500000000000000000e+02,2.000000000000000000e+00,5.569232276174088447e+00,6.032739076456326011e+00,5.466596806808664333e+00
1.500000000000000000e+02,3.000000000000000000e+00,3.470961767656151942e+00,3.668081731996568617e+00,4.288367726496912447e+00
1.510000000000000000e+02,0.000000000000000000e+00,3.605576365839166186e+00,3.843127707728783093e+00,5.251735431800445220e+00
1.510000000000000000e+02,1.000000000000000000e+00,2.516057179202476846e+00,2.596477487153407093e+00,3.499040278229509582e+00
1.510000000000000000e+02,2.000000000000000000e+00,5.861153702666858756e+00,6.341293212600817242e+00,6.427482784864922749e+00
1.510000000000000000e+02,3.000000000000000000e+00,3.605576365839170183e+00,3.843127707728801745e+00,5.251735431800519827e+00
1.520000000000000000e+02,0.000000000000000000e+00,3.385545584151807397e+00,3.561469315329595542e+00,3.977045360716316758e+00
1.520000000000000000e+02,1.000000000000000000e+00,2.385970516660036012e+00,2.430764588266828508e+00,2.660944220407639449e+00
1.520000000000000000e+02,2.000000000000000000e+00,5.444698442896044099e+00,5.856416751647497421e+00,5.095693552651429314e+00
1.520000000000000000e+02,3.000000000000000000e+00,3.385545584152508614e+00,3.561469315329132357e+00,3.977045360715592448e+00
1.530000000000000000e+02,0.000000000000000000e+00,3.437758326389443564e+00,3.657464440227651714e+00,5.013737396132224688e+00
1.530000000000000000e+02,1.000000000000000000e+00,2.417867353151065490e+00,2.492600840603040435e+00,3.319819767927086218e+00
1.530000000000000000e+02,2.000000000000000000e+00,5.556994125448000865e+00,6.004050481280657436e+00,6.216003957684060666e+00
1.530000000000000000e+02,3.000000000000000000e+00,3.437758326390254471e+00,3.657464440227116587e+00,5.013737396132193602e+00
1.540000000000000000e+02,0.000000000000000000e+00,3.319764825108681983e+00,3.528341258445022444e+00,4.824583997523268053e+00
1.540000000000000000e+02,1.000000000000000000e+00,2.398552770022805536e+00,2.465315210343524743e+00,3.156561052299943437e+00
1.540000000000000000e+02,2.000000000000000000e+00,5.230960631375337400e+00,5.720010774680645227e+00,6.140507765102705129e+00
1.540000000000000000e+02,3.000000000000000000e+00,3.319764825108781015e+00,3.528341258444862127e+00,4.824583997523264500e+00
1.550000000000000000e+02,0.000000000000000000e+00,3.540368581683709159e+00,3.769827337498613762e+00,5.042883327081987943e+00
1.550000000000000000e+02,1.000000000000000000e+00,2.507568041759490995e+00,2.580323610703403769e+00,3.315493643321105299e+00
1.550000000000000000e+02,2.000000000000000000e+00,5.677145277576465254e+00,6.195197363490162701e+00,6.306364161170055382e+00
1.550000000000000000e+02,3.000000000000000000e+00,3.540368581685085392e+00,3.769827337498731445e+00,5.042883327081982614e+00
1.560000000000000000e+02,0.000000000000000000e+00,3.227073397403859900e+00,3.407315452039103132e+00,4.284622671271743677e+00
1.560000000000000000e+02,1.000000000000000000e+00,2.271509212061795235e+00,2.326062527153644588e+00,2.789366237462345577e+00
1.560000000000000000e+02,2.000000000000000000e+00,5.202298244164860641e+00,5.595554832452752869e+00,5.505890589188962458e+00
1.560000000000000000e+02,3.000000000000000000e+00,3.227073397403857236e+00,3.407315452040185377e+00,4.284622671271732131e+00
1.570000000000000000e+02,0.000000000000000000e+00,3.372117642591730302e+00,3.553716762840651189e+00,4.048022015075485314e+00
1.570000000000000000e+02,1.000000000000000000e+00,2.400920429769072051e+00,2.448270842620150045e+00,2.709172547684981947e+00
1.570000000000000000e+02,2.000000000000000000e+00,5.378974189500608460e+00,5.800984363594321458e+00,5.163077998610023478e+00
1.570000000000000000e+02,3.000000000000000000e+00,3.372117642591729858e+00,3.553716762840509080e+00,4.048022015075263269e+00
1.580000000000000000e+02,0.000000000000000000e+00,3.813356894360179883e+00,4.063151151071735967e+00,4.811618418308335698e+00
1.580000000000000000e+02,1.000000000000000000e+00,2.736357182193787541e+00,2.806387721059758977e+00,3.264127770492041059e+00
1.580000000000000000e+02,2.000000000000000000e+00,6.042938755325278244e+00,6.619332174756271669e+00,5.877424648425626508e+00
1.580000000000000000e+02,3.000000000000000000e+00,3.813356894360281579e+00,4.063151151070657718e+00,4.811618418308207801e+00
1.590000000000000000e+02,0.000000000000000000e+00,3.437180748721720303e+00,3.666489118216567533e+00,5.184293337175168936e+00
1.590000000000000000e+02,1.000000000000000000e+00,2.475243608226692427e+00,2.550851264578876343e+00,3.412426783715493794e+00
1.590000000000000000e+02,2.000000000000000000e+00,5.441993667329303008e+00,5.966210304385261232e+00,6.500740970793686735e+00
1.590000000000000000e+02,3.000000000000000000e+00,3.437180748721870405e+00,3.666489118216178955e+00,5.184293337175082783e+00
1.600000000000000000e+02,0.000000000000000000e+00,3.826590283314735608e+00,4.101542881324803602e+00,5.724880597519472758e+00
1.600000000000000000e+02,1.000000000000000000e+00,2.696744428620662326e+00,2.788988914801423746e+00,3.862835493713017598e+00
1.600000000000000000e+02,2.000000000000000000e+00,6.174677286432046941e+00,6.749836108686899649e+00,6.882400095757953196e+00
1.600000000000000000e+02,3.000000000000000000e+00,3.826590283314735608e+00,4.101542881324802714e+00,5.724880597519446113e+00
1.610000000000000000e+02,0.000000000000000000e+00,3.821261589957896554e+00,4.100753315090852169e+00,5.701343121250554979e+00
1.610000000000000000e+02,1.000000000000000000e+00,2.739825284403285099e+00,2.829392822058851564e+00,3.829608241624611775e+00
1.610000000000000000e+02,2.000000000000000000e+00,6.070587969663101546e+00,6.698086193919226439e+00,6.899119354386542113e+00
1.610000000000000000e+02,3.000000000000000000e+00,3.821261589958171889e+00,4.100753315090292617e+00,5.701343121250536328e+00
1.620000000000000000e+02,0.000000000000000000e+00,3.666029522264494744e+00,3.915896351792310437e+00,5.242292969776779721e+00
1.620000000000000000e+02,1.000000000000000000e+00,2.617657092380051509e+00,2.697630759066952599e+00,3.502086751210767623e+00
1.620000000000000000e+02,2.000000000000000000e+00,5.842625745392370895e+00,6.387469068922175808e+00,6.400191061083690514e+00
1.620000000000000000e+02,3.000000000000000000e+00,3.666029522264496077e+00,3.915896351792150565e+00,5.242292969776813472e+00
1.630000000000000000e+02,0.000000000000000000e+00,4.033981486891905277e+00,4.285509016138264293e+00,4.576163966413189677e+00
1.630000000000000000e+02,1.000000000000000000e+00,2.827468048662024724e+00,2.896123328539328856e+00,3.212142594831915776e+00
1.630000000000000000e+02,2.000000000000000000e+00,6.516717513211125024e+00,7.028747486782951803e+00,5.448262274218076406e+00
1.630000000000000000e+02,3.000000000000000000e+00,4.033981486892161961e+00,4.285509016137942773e+00,4.576163966412888584e+00
1.640000000000000000e+02,0.000000000000000000e+00,3.609554521122021242e+00,3.851796774850759331e+00,5.315280698425796757e+00
1.640000000000000000e+02,1.000000000000000000e+00,2.537155696366827140e+00,2.618579102761182664e+00,3.539596798369616604e+00
1.640000000000000000e+02,2.000000000000000000e+00,5.835064871261409714e+00,6.339931604331003889e+00,6.511707827712998942e+00
1.640000000000000000e+02,3.000000000000000000e+00,3.609554521122020798e+00,3.851796774850558602e+00,5.315280698425868700e+00
1.650000000000000000e+02,0.000000000000000000e+00,3.563943644143491518e+00,3.803432509037493858e+00,5.296088293246821621e+00
1.650000000000000000e+02,1.000000000000000000e+00,2.525379622145851766e+00,2.605307265524482663e+00,3.514325790641650293e+00
1.650000000000000000e+02,2.000000000000000000e+00,5.724927301400984270e+00,6.241022800053332986e+00,6.532797272486312146e+00
1.650000000000000000e+02,3.000000000000000000e+00,3.563943644142531397e+00,3.803432509036856146e+00,5.296088293246783429e+00
1.660000000000000000e+02,0.000000000000000000e+00,3.609500883831969986e+00,3.810104337279421660e+00,4.162783057332620551e+00
1.660000000000000000e+02,1.000000000000000000e+00,2.546133585281117107e+00,2.598251293526527839e+00,2.844764288170231747e+00
1.660000000000000000e+02,2.000000000000000000e+00,5.803775720687812445e+00,6.250978993976207043e+00,5.171232518269494705e+00
1.660000000000000000e+02,3.000000000000000000e+00,3.609500883831970874e+00,3.810104337279420772e+00,4.162783057332622327e+00
1.670000000000000000e+02,0.000000000000000000e+00,3.450411467383577957e+00,3.668361518240660146e+00,4.966186357754802216e+00
1.670000000000000000e+02,1.000000000000000000e+00,2.417849478448963474e+00,2.491316463855612007e+00,3.282484713056608605e+00
1.670000000000000000e+02,2.000000000000000000e+00,5.592901327922578325e+00,6.034922393023457232e+00,6.166571414566424103e+00
1.670000000000000000e+02,3.000000000000000000e+00,3.450411467383138753e+00,3.668361518241705532e+00,4.966186357754764913e+00
1.680000000000000000e+02,0.000000000000000000e+00,4.183424699938491642e+00,4.513553265634792311e+00,6.403709921625870827e+00
1.680000000000000000e+02,1.000000000000000000e+00,2.959976910106275838e+00,3.070623144379291514e+00,4.428981235925414595e+00
1.680000000000000000e+02,2.000000000000000000e+00,6.724631283448093022e+00,7.432568506925151475e+00,7.489039292619668053e+00
1.680000000000000000e+02,3.000000000000000000e+00,4.183424699938493418e+00,4.513553265634149270e+00,6.403709921625845958e+00
1.690000000000000000e+02,0.000000000000000000e+00,3.902351702189630789e+00,4.153754091782881019e+00,4.702252995435996397e+00
1.690000000000000000e+02,1.000000000000000000e+00,2.773871026327904943e+00,2.841526718888819580e+00,3.217117128077281230e+00
1.690000000000000000e+02,2.000000000000000000e+00,6.228155402333088730e+00,6.814115034507282509e+00,5.731164613085796944e+00
1.690000000000000000e+02,3.000000000000000000e+00,3.902351702190271610e+00,4.153754091782879243e+00,4.702252995436047023e+00
1.700000000000000000e+02,0.000000000000000000e+00,3.960209936010524512e+00,4.242093886684510373e+00,5.161527904189184390e+00
1.700000000000000000e+02,1.000000000000000000e+00,2.911102444973126424e+00,2.989499736930939289e+00,3.522727232244693418e+00
1.700000000000000000e+02,2.000000000000000000e+00,6.110353772929369320e+00,6.816407025236235206e+00,6.263238174018059823e+00
1.700000000000000000e+02,3.000000000000000000e+00,3.960209936010521403e+00,4.242093886684500603e+00,5.161527904188790927e+00
1.710000000000000000e+02,0.000000000000000000e+00,3.793047859321429183e+00,4.067975599311559165e+00,5.601845328094426257e+00
1.710000000000000000e+02,1.000000000000000000e+00,2.734800768118052616e+00,2.822668362593968361e+00,3.766394733553771079e+00
1.710000000000000000e+02,2.000000000000000000e+00,5.995749536621032050e+00,6.616621529476552688e+00,6.772903049677552190e+00
1.710000000000000000e+02,3.000000000000000000e+00,3.793047859321459825e+00,4.067975599310519108e+00,5.601845328094412046e+00
1.720000000000000000e+02,0.000000000000000000e+00,3.479341664976598025e+00,3.715015817192166114e+00,5.321113365282333696e+00
1.720000000000000000e+02,1.000000000000000000e+00,2.525875195881051027e+00,2.603674653666135264e+00,3.504751657599126879e+00
1.720000000000000000e+02,2.000000000000000000e+00,5.459317105938430004e+00,6.019386217477863177e+00,6.675386039601285404e+00
1.720000000000000000e+02,3.000000000000000000e+00,3.479341664976415061e+00,3.715015817193228820e+00,5.321113365282244878e+00
1.730000000000000000e+02,0.000000000000000000e+00,3.269093251195481109e+00,3.450290035880030359e+00,4.382219607914517034e+00
1.730000000000000000e+02,1.000000000000000000e+00,2.252852897586475667e+00,2.311697436602115907e+00,2.859748931518534043e+00
1.730000000000000000e+02,2.000000000000000000e+00,5.355869158781355388e+00,5.706863441147245197e+00,5.553938529243119149e+00
1.730000000000000000e+02,3.000000000000000000e+00,3.269093251195480221e+00,3.450290035879632011e+00,4.382219607914536574e+00
1.740000000000000000e+02,0.000000000000000000e+00,4.547277575780725556e+00,4.863703885282853356e+00,4.861253557612942089e+00
1.740000000000000000e+02,1.000000000000000000e+00,3.189959278629427075e+00,3.280229535811550967e+00,3.597098886159289854e+00
1.740000000000000000e+02,2.000000000000000000e+00,7.329743284457418184e+00,7.913177729109923675e+00,5.539505595548656736e+00
1.740000000000000000e+02,3.000000000000000000e+00,4.547277575779678394e+00,4.863703885282628647e+00,4.861253557612767118e+00
1.750000000000000000e+02,0.000000000000000000e+00,3.660783602370893952e+00,3.917794871466720785e+00,5.430697949465501218e+00
1.750000000000000000e+02,1.000000000000000000e+00,2.653500385670739536e+00,2.735547127154227542e+00,3.620364671894346298e+00
1.750000000000000000e+02,2.000000000000000000e+00,5.752420223040497937e+00,6.346251125645421709e+00,6.668731065890971976e+00
1.750000000000000000e+02,3.000000000000000000e+00,3.660783602370926815e+00,3.917794871466541373e+00,5.430697949465486118e+00
1.760000000000000000e+02,0.000000000000000000e+00,3.523465061966634337e+00,3.748812452994092936e+00,5.089448022947158812e+00
1.760000000000000000e+02,1.000000000000000000e+00,2.452988871491424305e+00,2.530318452555358366e+00,3.387510005188852258e+00
1.760000000000000000e+02,2.000000000000000000e+00,5.736895592412591505e+00,6.172186172961961148e+00,6.241568496998060489e+00
1.760000000000000000e+02,3.000000000000000000e+00,3.523465061967218315e+00,3.748812452993358857e+00,5.089448022947173911e+00
1.770000000000000000e+02,0.000000000000000000e+00,3.813673194616202800e+00,4.070942669356729660e+00,5.424650861091243392e+00
1.770000000000000000e+02,1.000000000000000000e+00,2.640261644843946431e+00,2.728215672342297449e+00,3.680159018401075954e+00
1.770000000000000000e+02,2.000000000000000000e+00,6.232242913448361676e+00,6.703919050859169282e+00,6.477673378793189052e+00
1.770000000000000000e+02,3.000000000000000000e+00,3.813673194614976669e+00,4.070942669356672816e+00,5.424650861091237175e+00
1.780000000000000000e+02,0.000000000000000000e+00,3.854384325132394817e+00,4.124071105068908949e+00,5.406371725135423745e+00
1.780000000000000000e+02,1.000000000000000000e+00,2.729461870928888700e+00,2.814055613378275034e+00,3.628212532899623977e+00
1.780000000000000000e+02,2.000000000000000000e+00,6.181596630542629534e+00,6.777273441998882042e+00,6.553411786697208363e+00
1.780000000000000000e+02,3.000000000000000000e+00,3.854384325133409117e+00,4.124071105068908061e+00,5.406371725135436179e+00
1.790000000000000000e+02,0.000000000000000000e+00,3.210580530528908572e+00,3.403308578777143545e+00,4.639468294527738124e+00
1.790000000000000000e+02,1.000000000000000000e+00,2.281007348025557935e+00,2.343655692958380055e+00,3.004394994323061230e+00
1.790000000000000000e+02,2.000000000000000000e+00,5.137866002987609093e+00,5.582283064556006202e+00,6.016683715784332698e+00
1.790000000000000000e+02,3.000000000000000000e+00,3.210580530528908572e+00,3.403308578777810123e+00,4.639468294527722136e+00
1.800000000000000000e+02,0.000000000000000000e+00,3.400487472769419206e+00,3.605010131022654996e+00,4.592205552265246737e+00
1.800000000000000000e+02,1.000000000000000000e+00,2.412573073177072036e+00,2.473454874590316432e+00,3.000412674668150093e+00
1.800000000000000000e+02,2.000000000000000000e+00,5.441026205596977583e+00,5.909629021005109450e+00,5.842169644262050987e+00
1.800000000000000000e+02,3.000000000000000000e+00,3.400487472770287400e+00,3.605010131022775344e+00,4.592205552265245849e+00
1.810000000000000000e+02,0.000000000000000000e+00,4.159311834243403005e+00,4.487082797870352913e+00,6.105160084935891796e+00
1.810000000000000000e+02,1.000000000000000000e+00,2.995153610008638445e+00,3.100928333722236641e+00,4.225262604734098204e+00
1.810000000000000000e+02,2.000000000000000000e+00,6.583501178839127554e+00,7.300355207975575134e+00,7.139428458355697948e+00
1.810000000000000000e+02,3.000000000000000000e+00,4.159311834243403894e+00,4.487082797870353801e+00,6.105160084935883802e+00
1.820000000000000000e+02,0.000000000000000000e+00,3.721690908888376725e+00,3.943282127797105741e+00,4.547935880861824209e+00
1.820000000000000000e+02,1.000000000000000000e+00,2.587189859582188944e+00,2.651413797476172007e+00,3.066939846963688154e+00
1.820000000000000000e+02,2.000000000000000000e+00,6.053421120137868705e+00,6.497623384429219939e+00,5.564553204765382510e+00
1.820000000000000000e+02,3.000000000000000000e+00,3.721690908888357185e+00,3.943282127797032022e+00,4.547935880861868618e+00
1.830000000000000000e+02,0.000000000000000000e+00,3.752691787880686469e+00,3.968839221099391246e+00,4.455052140115773440e+00
1.830000000000000000e+02,1.000000000000000000e+00,2.584111011200942443e+00,2.646707817723630729e+00,3.022060898908302651e+00
1.830000000000000000e+02,2.000000000000000000e+00,6.141486719842958131e+00,6.547601951798647235e+00,5.420125754440773491e+00
1.830000000000000000e+02,3.000000000000000000e+00,3.752691787880971130e+00,3.968839221098686032e+00,4.455052140115509651e+00
1.840000000000000000e+02,0.000000000000000000e+00,3.691735656571235591e+00,3.937741466469797391e+00,5.352977428211064037e+00
1.840000000000000000e+02,1.000000000000000000e+00,2.565522478877117596e+00,2.649102819365654504e+00,3.583145417941873578e+00
1.840000000000000000e+02,2.000000000000000000e+00,6.019348118630951205e+00,6.501635575222959318e+00,6.496682727443165994e+00
1.840000000000000000e+02,3.000000000000000000e+00,3.691735656571068613e+00,3.937741466469640184e+00,5.352977428211038280e+00
1.850000000000000000e+02,0.000000000000000000e+00,3.953092447515226038e+00,4.199071865023268124e+00,4.649097858560369723e+00
1.850000000000000000e+02,1.000000000000000000e+00,2.758475276807272003e+00,2.826165614468659104e+00,3.192661043094762618e+00
1.850000000000000000e+02,2.000000000000000000e+00,6.410048606601911558e+00,6.933307120095558496e+00,5.623927589548525674e+00
1.850000000000000000e+02,3.000000000000000000e+00,3.953092447515229146e+00,4.199071865023621619e+00,4.649097858559815499e+00
1.860000000000000000e+02,0.000000000000000000e+00,3.425248675613661309e+00,3.621339012502629462e+00,4.349926287975461214e+00
1.860000000000000000e+02,1.000000000000000000e+00,2.422341206814708769e+00,2.478887908179686406e+00,2.878824774843295575e+00
1.860000000000000000e+02,2.000000000000000000e+00,5.494985105720021856e+00,5.928985291738652741e+00,5.483700830401454063e+00
1.860000000000000000e+02,3.000000000000000000e+00,3.425248675613663973e+00,3.621339012501512578e+00,4.349926287975754313e+00
1.870000000000000000e+02,0.000000000000000000e+00,3.065996476083607369e+00,3.241519193158746592e+00,4.388108161410503527e+00
1.870000000000000000e+02,1.000000000000000000e+00,2.164569723396680967e+00,2.223068322368580318e+00,2.843143223003815390e+00
1.870000000000000000e+02,2.000000000000000000e+00,4.939749605793145371e+00,5.319979040428301609e+00,5.705990300042997454e+00
1.870000000000000000e+02,3.000000000000000000e+00,3.065996476083607369e+00,3.241519193158746148e+00,4.388108161410462671e+00
1.880000000000000000e+02,0.000000000000000000e+00,3.167960364539102791e+00,3.317124854040109927e+00,3.675729156353284122e+00
1.880000000000000000e+02,1.000000000000000000e+00,2.227789483616763544e+00,2.264825732206601216e+00,2.449663578966898125e+00
1.880000000000000000e+02,2.000000000000000000e+00,5.108187150184272163e+00,5.452343095959362174e+00,4.800064061480839861e+00
1.880000000000000000e+02,3.000000000000000000e+00,3.167960364539101015e+00,3.317124854040109927e+00,3.675729156353367166e+00
1.890000000000000000e+02,0.000000000000000000e+00,3.533140501964340263e+00,3.757258574611782365e+00,4.798238494306734658e+00
1.890000000000000000e+02,1.000000000000000000e+00,2.535590955882675246e+00,2.602867548316640800e+00,3.176245574310306186e+00
1.890000000000000000e+02,2.000000000000000000e+00,5.598378666682831017e+00,6.113808444415857579e+00,5.982636025249465028e+00
1.890000000000000000e+02,3.000000000000000000e+00,3.533140501964096014e+00,3.757258574611144653e+00,4.798238494306787949e+00
1.900000000000000000e+02,0.000000000000000000e+00,4.190942851107895883e+00,4.534516132818103173e+00,6.485921064395919977e+00
1.900000000000000000e+02,1.000000000000000000e+00,3.047495776368468245e+00,3.160069924991095291e+00,4.490544006520104325e+00
1.900000000000000000e+02,2.000000000000000000e+00,6.570895620940455650e+00,7.354479821485646163e+00,7.573657830125658741e+00
1.900000000000000000e+02,3.000000000000000000e+00,4.190942851107901213e+00,4.534516132816826861e+00,6.485921064395927971e+00
1.910000000000000000e+02,0.000000000000000000e+00,3.842659177972839846e+00,4.102894483807816961e+00,5.148567395092161547e+00
1.910000000000000000e+02,1.000000000000000000e+00,2.719640267358204078e+00,2.799662088045545172e+00,3.473713113209222492e+00
1.910000000000000000e+02,2.000000000000000000e+00,6.166914670049269631e+00,6.726381658294011245e+00,6.216067661380930254e+00
1.910000000000000000e+02,3.000000000000000000e+00,3.842659177972839846e+00,4.102894483807816073e+00,5.148567395092093157e+00
1.920000000000000000e+02,0.000000000000000000e+00,3.549312981823971036e+00,3.772280761588477471e+00,4.944200860628476413e+00
1.920000000000000000e+02,1.000000000000000000e+00,2.478596829942098623e+00,2.552157840154730017e+00,3.285728018302187081e+00
1.920000000000000000e+02,2.000000000000000000e+00,5.759830209253967936e+00,6.205514121927180327e+00,6.074093901311745647e+00
1.920000000000000000e+02,3.000000000000000000e+00,3.549312981823831592e+00,3.772280761588473919e+00,4.944200860628474636e+00
1.930000000000000000e+02,0.000000000000000000e+00,3.271622060851147484e+00,3.417719733531735304e+00,3.641056133937445427e+00
1.930000000000000000e+02,1.000000000000000000e+00,2.251874182452374029e+00,2.288514473829660112e+00,2.448820615152397018e+00
1.930000000000000000e+02,2.000000000000000000e+00,5.364847185739544777e+00,5.663928693454137075e+00,4.674808412282502879e+00
1.930000000000000000e+02,3.000000000000000000e+00,3.271622060851852698e+00,3.417719733531735304e+00,3.641056133937233596e+00
1.940000000000000000e+02,0.000000000000000000e+00,3.767544873704742336e+00,4.018052162266593896e+00,5.014716784625584900e+00
1.940000000000000000e+02,1.000000000000000000e+00,2.680777714040277093e+00,2.754870926246590468e+00,3.358327650042882695e+00
1.940000000000000000e+02,2.000000000000000000e+00,6.018646682993122887e+00,6.578719325780685523e+00,6.136090305142839263e+00
1.940000000000000000e+02,3.000000000000000000e+00,3.767544873704756547e+00,4.018052162266074312e+00,5.014716784625634638e+00
1.950000000000000000e+02,0.000000000000000000e+00,3.684357258521628875e+00,3.914846107648329632e+00,4.577088616297359636e+00
1.950000000000000000e+02,1.000000000000000000e+00,2.668471806380483535e+00,2.729720715018943533e+00,3.093921699084327237e+00
1.950000000000000000e+02,2.000000000000000000e+00,5.775732760734831217e+00,6.342156921531164393e+00,5.698296453989921240e+00
1.950000000000000000e+02,3.000000000000000000e+00,3.684357258520802425e+00,3.914846107647219853e+00,4.577088616297412926e+00
1.960000000000000000e+02,0.000000000000000000e+00,3.598804849128566019e+00,3.819144867621655948e+00,4.620109928254326981e+00
1.960000000000000000e+02,1.000000000000000000e+00,2.545739658340718137e+00,2.610783192831784838e+00,3.090776811609584396e+00
1.960000000000000000e+02,2.000000000000000000e+00,5.774039905940862916e+00,6.245867135951966631e+00,5.695424127234820943e+00
1.960000000000000000e+02,3.000000000000000000e+00,3.598804849128565575e+00,3.819144867621655060e+00,4.620109928254381160e+00
1.970000000000000000e+02,0.000000000000000000e+00,3.736618934495332223e+00,3.986622054160029016e+00,5.069329659593942772e+00
1.970000000000000000e+02,1.000000000000000000e+00,2.674391699592939542e+00,2.750589210853918054e+00,3.401844434404764250e+00
1.970000000000000000e+02,2.000000000000000000e+00,5.935969120076663330e+00,6.493889287671403387e+00,6.177237487410200067e+00
1.970000000000000000e+02,3.000000000000000000e+00,3.736618934495333555e+00,3.986622054160832818e+00,5.069329659593983628e+00
1.980000000000000000e+02,0.000000000000000000e+00,3.057005704488007236e+00,3.214860338295634890e+00,3.954862579820548785e+00
1.980000000000000000e+02,1.000000000000000000e+00,2.147570233011684593e+00,2.192455924240880982e+00,2.542985042250602845e+00
1.980000000000000000e+02,2.000000000000000000e+00,4.927866908354272546e+00,5.294909810173961340e+00,5.253472535971741131e+00
1.980000000000000000e+02,3.000000000000000000e+00,3.057005704487089748e+00,3.214860338295527420e+00,3.954862579820545676e+00
1.990000000000000000e+02,0.000000000000000000e+00,3.941218468909981620e+00,4.177276885224963543e+00,4.322925418631064609e+00
1.990000000000000000e+02,1.000000000000000000e+00,2.814180444141002990e+00,2.872008228974595401e+00,3.071786594373373536e+00
1.990000000000000000e+02,2.000000000000000000e+00,6.273114581669593903e+00,6.833153288608783349e+00,5.225267851966401089e+00
1.990000000000000000e+02,3.000000000000000000e+00,3.941218468909479355e+00,4.177276885225082559e+00,4.322925418631608174e+00
2.000000000000000000e+02,0.000000000000000000e+00,3.591752347612280793e+00,3.821445725973574348e+00,4.822711014969662813e+00
2.000000000000000000e+02,1.000000000000000000e+00,2.580226195292410818e+00,2.647492175407934578e+00,3.190570296176035825e+00
2.000000000000000000e+02,2.000000000000000000e+00,5.680201925656300332e+00,6.223309083611642478e+00,6.023369022738026324e+00
2.000000000000000000e+02,3.000000000000000000e+00,3.591752347612282126e+00,3.821445725973423801e+00,4.822711014969590870e+00
2.010000000000000000e+02,0.000000000000000000e+00,3.407640758402751491e+00,3.600556712554776606e+00,4.297172352938393836e+00
2.010000000000000000e+02,1.000000000000000000e+00,2.410277709621813980e+00,2.465455151155505398e+00,2.846229474633160006e+00
2.010000000000000000e+02,2.000000000000000000e+00,5.464766211950042418e+00,5.891045904335869388e+00,5.425548903042524351e+00
2.010000000000000000e+02,3.000000000000000000e+00,3.407640758402751935e+00,3.600556712554779271e+00,4.297172352938752660e+00
2.020000000000000000e+02,0.000000000000000000e+00,3.085073901872793289e+00,3.258174639032417552e+00,4.357416711791305630e+00
2.020000000000000000e+02,1.000000000000000000e+00,2.154302444281397388e+00,2.212117988362911625e+00,2.819505217941378206e+00
2.020000000000000000e+02,2.000000000000000000e+00,5.013422450173625755e+00,5.375864001312272933e+00,5.658205061036377437e+00
2.020000000000000000e+02,3.000000000000000000e+00,3.085073901872049440e+00,3.258174639032203501e+00,4.357416711791289643e+00
2.030000000000000000e+02,0.000000000000000000e+00,3.239940735279810635e+00,3.423442409923823870e+00,4.300054310899241727e+00
2.030000000000000000e+02,1.000000000000000000e+00,2.305618834194419708e+00,2.358922636306515663e+00,2.789240725539124721e+00
2.030000000000000000e+02,2.000000000000000000e+00,5.167716850815327945e+00,5.602749166237520839e+00,5.591933529970003924e+00
2.030000000000000000e+02,3.000000000000000000e+00,3.239940735279819073e+00,3.423442409922784702e+00,4.300054310899264820e+00
2.040000000000000000e+02,0.000000000000000000e+00,3.380810330886987458e+00,3.595398568284287499e+00,4.948246834277870931e+00
2.040000000000000000e+02,1.000000000000000000e+00,2.389026385722647472e+00,2.460699556616415595e+00,3.252653101510956102e+00
2.040000000000000000e+02,2.000000000000000000e+00,5.442845286114448733e+00,5.900989912757447442e+00,6.215398463993421885e+00
2.040000000000000000e+02,3.000000000000000000e+00,3.380810330886987902e+00,3.595398568283558749e+00,4.948246834277801653e+00
2.050000000000000000e+02,0.000000000000000000e+00,4.151550624310347715e+00,4.395099492998882695e+00,4.252027960972491805e+00
2.050000000000000000e+02,1.000000000000000000e+00,2.938201851973452516e+00,2.997187981862555084e+00,3.127609317454549398e+00
2.050000000000000000e+02,2.000000000000000000e+00,6.667371000479241694e+00,7.200409124165036090e+00,5.018205079998282692e+00
2.050000000000000000e+02,3.000000000000000000e+00,4.151550624310345938e+00,4.395099492999769097e+00,4.252027960972493581e+00
2.060000000000000000e+02,0.000000000000000000e+00,3.730446505874855045e+00,3.947980663271911439e+00,4.435356200322534193e+00
2.060000000000000000e+02,1.000000000000000000e+00,2.594257459082710771e+00,2.654695287849445418e+00,3.002750966334883032e+00
2.060000000000000000e+02,2.000000000000000000e+00,6.066100159509844936e+00,6.513459956883249191e+00,5.443569080752984846e+00
2.060000000000000000e+02,3.000000000000000000e+00,3.730446505874973173e+00,3.947980663271916324e+00,4.435356200323119502e+00
2.070000000000000000e+02,0.000000000000000000e+00,3.644514663402817156e+00,3.875949072047799593e+00,4.965659689281934241e+00
2.070000000000000000e+02,1.000000000000000000e+00,2.536674464361338366e+00,2.610733511380224581e+00,3.303352534825783948e+00
2.070000000000000000e+02,2.000000000000000000e+00,5.930372721240630085e+00,6.396000378720864354e+00,6.089775300243833733e+00
2.070000000000000000e+02,3.000000000000000000e+00,3.644514663402817156e+00,3.875949072047797372e+00,4.965659689281934241e+00
2.080000000000000000e+02,0.000000000000000000e+00,3.701731278531571245e+00,3.932819166213203044e+00,4.589326535333299262e+00
2.080000000000000000e+02,1.000000000000000000e+00,2.663144648225671318e+00,2.725076889785004841e+00,3.098470932166992320e+00
2.080000000000000000e+02,2.000000000000000000e+00,5.839990823000589693e+00,6.399953140548674924e+00,5.699368199732675500e+00
2.080000000000000000e+02,3.000000000000000000e+00,3.701731278531567693e+00,3.932819166213039619e+00,4.589326535333279722e+00
2.090000000000000000e+02,0.000000000000000000e+00,3.567813511455220965e+00,3.761914570371511335e+00,4.160481274558865294e+00
2.090000000000000000e+02,1.000000000000000000e+00,2.490886682753219006e+00,2.541441874192399641e+00,2.801636581338891485e+00
2.090000000000000000e+02,2.000000000000000000e+00,5.783166109901977769e+00,6.216359926735308683e+00,5.227133493340246240e+00
2.090000000000000000e+02,3.000000000000000000e+00,3.567813511455412812e+00,3.761914570371466038e+00,4.160481274558547327e+00
2.100000000000000000e+02,0.000000000000000000e+00,3.778266526693402572e+00,4.046951577707731396e+00,5.651651235106892379e+00
2.100000000000000000e+02,1.000000000000000000e+00,2.667989143344466907e+00,2.758937348984605631e+00,3.812729922055529741e+00
2.100000000000000000e+02,2.000000000000000000e+00,6.091869721515259073e+00,6.643221362614159631e+00,6.801663214699077642e+00
2.100000000000000000e+02,3.000000000000000000e+00,3.778266526693403460e+00,4.046951577707731396e+00,5.651651235106895044e+00
2.110000000000000000e+02,0.000000000000000000e+00,3.517925410583149226e+00,3.740113384702519639e+00,5.047281131363785533e+00
2.110000000000000000e+02,1.000000000000000000e+00,2.437106961118070458e+00,2.512166617107062461e+00,3.340416631634560041e+00
2.110000000000000000e+02,2.000000000000000000e+00,5.749002572787200727e+00,6.188549632302168924e+00,6.236755360815598337e+00
2.110000000000000000e+02,3.000000000000000000e+00,3.517925410582585233e+00,3.740113384702485888e+00,5.047281131363805962e+00
2.120000000000000000e+02,0.000000000000000000e+00,3.336884572566190865e+00,3.536501582704967728e+00,4.738322265302696401e+00
2.120000000000000000e+02,1.000000000000000000e+00,2.311562236644521207e+00,2.378737210334979313e+00,3.101617554113746955e+00
2.120000000000000000e+02,2.000000000000000000e+00,5.451568452699754985e+00,5.853258489552992216e+00,5.974720200045041452e+00
2.120000000000000000e+02,3.000000000000000000e+00,3.336884572566066076e+00,3.536501582705709357e+00,4.738322265302694625e+00
2.130000000000000000e+02,0.000000000000000000e+00,3.327730345275581758e+00,3.518454928901984857e+00,4.332461510789000769e+00
2.130000000000000000e+02,1.000000000000000000e+00,2.371067969091654515e+00,2.424436087182279653e+00,2.824170448266403621e+00
2.130000000000000000e+02,2.000000000000000000e+00,5.296223204010118479e+00,5.754068856754153138e+00,5.599980623391695111e+00
2.130000000000000000e+02,3.000000000000000000e+00,3.327730345275252688e+00,3.518454928901012302e+00,4.332461510789008763e+00
2.140000000000000000e+02,0.000000000000000000e+00,3.580590166402422003e+00,3.815714102357139481e+00,5.206528163950494559e+00
2.140000000000000000e+02,1.000000000000000000e+00,2.514306627622524104e+00,2.592442157969557570e+00,3.447899309292123071e+00
2.140000000000000000e+02,2.000000000000000000e+00,5.788333123688681248e+00,6.290203548486791973e+00,6.429429252235033587e+00
2.140000000000000000e+02,3.000000000000000000e+00,3.580590166403003760e+00,3.815714102357320670e+00,5.206528163950497223e+00
2.150000000000000000e+02,0.000000000000000000e+00,3.499820783388696288e+00,3.727406194450564758e+00,5.115262424965733246e+00
2.150000000000000000e+02,1.000000000000000000e+00,2.460642231541812386e+00,2.537600870221611959e+00,3.393410603218038890e+00
2.150000000000000000e+02,2.000000000000000000e+00,5.660990224498666734e+00,6.123648923712671888e+00,6.311068056567270546e+00
2.150000000000000000e+02,3.000000000000000000e+00,3.499820783388376544e+00,3.727406194450097132e+00,5.115262424965709265e+00
2.160000000000000000e+02,0.000000000000000000e+00,3.436092374618312739e+00,3.608023825738240653e+00,3.895232399744918528e+00
2.160000000000000000e+02,1.000000000000000000e+00,2.394187911406969960e+00,2.438253283938849325e+00,2.638691660380279469e+00
2.160000000000000000e+02,2.000000000000000000e+00,5.582777773829280754e+00,5.949221515173975128e+00,4.917937859090827146e+00
2.160000000000000000e+02,3.000000000000000000e+00,3.436092374618823442e+00,3.608023825737608714e+00,3.895232399744562812e+00
2.170000000000000000e+02,0.000000000000000000e+00,3.376803923855578482e+00,3.592652349162582137e+00,4.978981902681868021e+00
2.170000000000000000e+02,1.000000000000000000e+00,2.398494152052580208e+00,2.469692632762356954e+00,3.257074177071648258e+00
2.170000000000000000e+02,2.000000000000000000e+00,5.408931457357650352e+00,5.892414169813757319e+00,6.308264143869583229e+00
2.170000000000000000e+02,3.000000000000000000e+00,3.376803923856328993e+00,3.592652349162598568e+00,4.978981902681980820e+00
2.180000000000000000e+02,0.000000000000000000e+00,3.105542873416167637e+00,3.279193107544033925e+00,4.289233539715739063e+00
2.180000000000000000e+02,1.000000000000000000e+00,2.191948235258337263e+00,2.247387660816367205e+00,2.780425223140023938e+00
2.180000000000000000e+02,2.000000000000000000e+00,4.999185959093030540e+00,5.375136596544323631e+00,5.559868862062833372e+00
2.180000000000000000e+02,3.000000000000000000e+00,3.105542873416165417e+00,3.279193107543266983e+00,4.289233539715736399e+00
2.190000000000000000e+02,0.000000000000000000e+00,3.907249917315366972e+00,4.154393840471261257e+00,4.731307316244142136e+00
2.190000000000000000e+02,1.000000000000000000e+00,2.731193350433562816e+00,2.801290427410086270e+00,3.227989929686103654e+00
2.190000000000000000e+02,2.000000000000000000e+00,6.330367749009196743e+00,6.851239155822234750e+00,5.720769326699295831e+00
2.190000000000000000e+02,3.000000000000000000e+00,3.907249917315369192e+00,4.154393840471461985e+00,4.731307316244304673e+00
2.200000000000000000e+02,0.000000000000000000e+00,3.579560966832219027e+00,3.826423354723167414e+00,5.408420667893636846e+00
2.200000000000000000e+02,1.000000000000000000e+00,2.564557670180964699e+00,2.646663220785125059e+00,3.597304896223259885e+00
2.200000000000000000e+02,2.000000000000000000e+00,5.695573046220009594e+00,6.240063042646633029e+00,6.652346210774846114e+00
2.200000000000000000e+02,3.000000000000000000e+00,3.579560966833163604e+00,3.826423354722739756e+00,5.408420667893602207e+00
2.210000000000000000e+02,0.000000000000000000e+00,3.490607403369686779e+00,3.697961436012909608e+00,4.499171002640001582e+00
2.210000000000000000e+02,1.000000000000000000e+00,2.462326888103758549e+00,2.521076142831426115e+00,2.958547493533594253e+00
2.210000000000000000e+02,2.000000000000000000e+00,5.612419156565619183e+00,6.083639192416117503e+00,5.692411017646929139e+00
2.210000000000000000e+02,3.000000000000000000e+00,3.490607403368709338e+00,3.697961436013499803e+00,4.499171002640062866e+00
2.220000000000000000e+02,0.000000000000000000e+00,3.361539580207621114e+00,3.559460873576934414e+00,4.522550382452222628e+00
2.220000000000000000e+02,1.000000000000000000e+00,2.362763934284695555e+00,2.423342911503526764e+00,2.955648234779400418e+00
2.220000000000000000e+02,2.000000000000000000e+00,5.423248950731868412e+00,5.853436910421051742e+00,5.742451843252074362e+00
2.220000000000000000e+02,3.000000000000000000e+00,3.361539580207621114e+00,3.559460873576934414e+00,4.522550382452223516e+00
2.230000000000000000e+02,0.000000000000000000e+00,3.435805276824713594e+00,3.643584339588576082e+00,4.806956412532583656e+00
2.230000000000000000e+02,1.000000000000000000e+00,2.380073692806317531e+00,2.449706026322058250e+00,3.170279500686123519e+00
2.230000000000000000e+02,2.000000000000000000e+00,5.613820748427510665e+00,6.017783753027455163e+00,5.979748897077134195e+00
2.230000000000000000e+02,3.000000000000000000e+00,3.435805276825254495e+00,3.643584339588361143e+00,4.806956412532563228e+00
2.240000000000000000e+02,0.000000000000000000e+00,3.792012581096364965e+00,4.007301162079807355e+00,4.190510127943229968e+00
2.240000000000000000e+02,1.000000000000000000e+00,2.697248582843561504e+00,2.749627739381601543e+00,2.937624280383428488e+00
2.240000000000000000e+02,2.000000000000000000e+00,6.056710002954138972e+00,6.562311253762022289e+00,5.148269026652922520e+00
2.240000000000000000e+02,3.000000000000000000e+00,3.792012581096499968e+00,4.007301162079729195e+00,4.190510127943231744e+00
2.250000000000000000e+02,0.000000000000000000e+00,3.451550155772173500e+00,3.654254589406770393e+00,4.602385679138286001e+00
2.250000000000000000e+02,1.000000000000000000e+00,2.393591976006268940e+00,2.457766145779956002e+00,3.030596997345086585e+00
2.250000000000000000e+02,2.000000000000000000e+00,5.630873864852807387e+00,6.031792071506500541e+00,5.742967097369945151e+00
2.250000000000000000e+02,3.000000000000000000e+00,3.451550155772160178e+00,3.654254589406769060e+00,4.602385679138283336e+00
2.260000000000000000e+02,0.000000000000000000e+00,3.618881712179203625e+00,3.870277570470032735e+00,5.455477133352233388e+00
2.260000000000000000e+02,1.000000000000000000e+00,2.583586160528799969e+00,2.666910821829719058e+00,3.626850705650090045e+00
2.260000000000000000e+02,2.000000000000000000e+00,5.772720143595156728e+00,6.329303307557399449e+00,6.709720891082831429e+00
2.260000000000000000e+02,3.000000000000000000e+00,3.618881712179816468e+00,3.870277570469969231e+00,5.455477133352228947e+00
2.270000000000000000e+02,0.000000000000000000e+00,3.852758225479381071e+00,4.112205752712589479e+00,5.207045968124350388e+00
2.270000000000000000e+02,1.000000000000000000e+00,2.702936589570274162e+00,2.784018300641061483e+00,3.507376491317474976e+00
2.270000000000000000e+02,2.000000000000000000e+00,6.227366417501889018e+00,6.774142616810025608e+00,6.282869421105388597e+00
2.270000000000000000e+02,3.000000000000000000e+00,3.852758225479381071e+00,4.112205752713570028e+00,5.207045968124343283e+00
2.280000000000000000e+02,0.000000000000000000e+00,4.404491113787067036e+00,4.749891833411232334e+00,5.580960182877364950e+00
2.280000000000000000e+02,1.000000000000000000e+00,3.191387809072383952e+00,3.292260882933432775e+00,3.951219315498067708e+00
2.280000000000000000e+02,2.000000000000000000e+00,6.903673203834509664e+00,7.699733030091371333e+00,6.475788341971451700e+00
2.280000000000000000e+02,3.000000000000000000e+00,4.404491113788179923e+00,4.749891833412083209e+00,5.580960182877438669e+00
2.290000000000000000e+02,0.000000000000000000e+00,3.571311770698574861e+00,3.786402562517348525e+00,4.739066724694394495e+00
2.290000000000000000e+02,1.000000000000000000e+00,2.473911143159415627e+00,2.541731405817537759e+00,3.139676908052292603e+00
2.290000000000000000e+02,2.000000000000000000e+00,5.826004070143261160e+00,6.258315008322600903e+00,5.850220443565595119e+00
2.290000000000000000e+02,3.000000000000000000e+00,3.571311770698096133e+00,3.786402562517222847e+00,4.739066724694403376e+00
2.300000000000000000e+02,0.000000000000000000e+00,3.574142224679162982e+00,3.795920916895039632e+00,4.793509721953937763e+00
2.300000000000000000e+02,1.000000000000000000e+00,2.512690315515515582e+00,2.580086802163938930e+00,3.159542245702474883e+00
2.300000000000000000e+02,2.000000000000000000e+00,5.761692519330622986e+00,6.254089716830232959e+00,5.983921332545634186e+00
2.300000000000000000e+02,3.000000000000000000e+00,3.574142224680196822e+00,3.795920916895039632e+00,4.793509721953938651e+00
2.310000000000000000e+02,0.000000000000000000e+00,3.507454287716575081e+00,3.735985836239882119e+00,5.030568411201333134e+00
2.310000000000000000e+02,1.000000000000000000e+00,2.502269677964044536e+00,2.575331303755529433e+00,3.319644414039023328e+00
2.310000000000000000e+02,2.000000000000000000e+00,5.594072031982816995e+00,6.107006005211703226e+00,6.266324213490764627e+00
2.310000000000000000e+02,3.000000000000000000e+00,3.507454287716651464e+00,3.735985836239880786e+00,5.030568411201330470e+00
2.320000000000000000e+02,0.000000000000000000e+00,3.473320141822580975e+00,3.675505409603180507e+00,4.410074310278082166e+00
2.320000000000000000e+02,1.000000000000000000e+00,2.446720223603699118e+00,2.505510389762103163e+00,2.929237347074684639e+00
2.320000000000000000e+02,2.000000000000000000e+00,5.595695634624730630e+00,6.020789059364183515e+00,5.510044066685820141e+00
2.320000000000000000e+02,3.000000000000000000e+00,3.473320141822582308e+00,3.675505409603181395e+00,4.410074310277965814e+00
2.330000000000000000e+02,0.000000000000000000e+00,3.806158990760278193e+00,4.036642007898284312e+00,4.427941420803914063e+00
2.330000000000000000e+02,1.000000000000000000e+00,2.717595051637574421e+00,2.776642224374657353e+00,3.052957362680050135e+00
2.330000000000000000e+02,2.000000000000000000e+00,6.057323150986449356e+00,6.599926299265516327e+00,5.441496291066763469e+00
2.330000000000000000e+02,3.000000000000000000e+00,3.806158990760704519e+00,4.036642007898220363e+00,4.427941420804529571e+00
2.340000000000000000e+02,0.000000000000000000e+00,3.428560371400583673e+00,3.622827973026227610e+00,4.255574071395435531e+00
2.340000000000000000e+02,1.000000000000000000e+00,2.450746579419535554e+00,2.502695217148153350e+00,2.826011285852469523e+00
2.340000000000000000e+02,2.000000000000000000e+00,5.444543616964277355e+00,5.910664824651414406e+00,5.427229243035839090e+00
2.340000000000000000e+02,3.000000000000000000e+00,3.428560371400762197e+00,3.622827973025620096e+00,4.255574071395561653e+00
2.350000000000000000e+02,0.000000000000000000e+00,3.607639546718587553e+00,3.840033226587626469e+00,4.857087525308474873e+00
2.350000000000000000e+02,1.000000000000000000e+00,2.584286119551202798e+00,2.653174213414373650e+00,3.223206108037134143e+00
2.350000000000000000e+02,2.000000000000000000e+00,5.726346129213930602e+00,6.258634743353621133e+00,6.030292589750982479e+00
2.350000000000000000e+02,3.000000000000000000e+00,3.607639546718673262e+00,3.840033226587277859e+00,4.857087525308495302e+00
2.360000000000000000e+02,0.000000000000000000e+00,3.595310788836732385e+00,3.813361037149145538e+00,4.553927332817615969e+00
2.360000000000000000e+02,1.000000000000000000e+00,2.550525782666600350e+00,2.612691142925297694e+00,3.041441289198813624e+00
2.360000000000000000e+02,2.000000000000000000e+00,5.752912147961319000e+00,6.241303468732944282e+00,5.659643783350008839e+00
2.360000000000000000e+02,3.000000000000000000e+00,3.595310788836733717e+00,3.813361037149153532e+00,4.553927332817266915e+00
2.370000000000000000e+02,0.000000000000000000e+00,3.620452475333764575e+00,3.853675455072362421e+00,4.837335760000780027e+00
2.370000000000000000e+02,1.000000000000000000e+00,2.594173955071548576e+00,2.662166489198559916e+00,3.210595784813069287e+00
2.370000000000000000e+02,2.000000000000000000e+00,5.743285478414909662e+00,6.282149923759591914e+00,6.010723695490061580e+00
2.370000000000000000e+02,3.000000000000000000e+00,3.620452475334060338e+00,3.853675455073513056e+00,4.837335760000776474e+00
2.380000000000000000e+02,0.000000000000000000e+00,3.896972010442528944e+00,4.187347410679789661e+00,5.979914562593720895e+00
2.380000000000000000e+02,1.000000000000000000e+00,2.786123546208147950e+00,2.883786825022617961e+00,4.053199163846406883e+00
2.380000000000000000e+02,2.000000000000000000e+00,6.204376089313615950e+00,6.848264841622751398e+00,7.145595341633255160e+00
2.380000000000000000e+02,3.000000000000000000e+00,3.896972010442663503e+00,4.187347410678505355e+00,5.979914562593635630e+00
2.390000000000000000e+02,0.000000000000000000e+00,3.248865538511471751e+00,3.439244225024040702e+00,4.611841031582499362e+00
2.390000000000000000e+02,1.000000000000000000e+00,2.258189812614454617e+00,2.320871589559228010e+00,2.986390295390892291e+00
2.390000000000000000e+02,2.000000000000000000e+00,5.292245077736849268e+00,5.703171029597359443e+00,5.942777814765190847e+00
2.390000000000000000e+02,3.000000000000000000e+00,3.248865538511471751e+00,3.439244225024385759e+00,4.611841031582518902e+00
2.400000000000000000e+02,0.000000000000000000e+00,3.376441233962187205e+00,3.581088889679680420e+00,4.696574547393476351e+00
2.400000000000000000e+02,1.000000000000000000e+00,2.374070475636598676e+00,2.438553256838281058e+00,3.061911609035933513e+00
2.400000000000000000e+02,2.000000000000000000e+00,5.446400285594835466e+00,5.898288499062927848e+00,5.966737919231986709e+00
2.400000000000000000e+02,3.000000000000000000e+00,3.376441233961633870e+00,3.581088889678634590e+00,4.696574547393518095e+00
2.410000000000000000e+02,0.000000000000000000e+00,3.211659013104922522e+00,3.395094841502388494e+00,4.505759107178145761e+00
2.410000000000000000e+02,1.000000000000000000e+00,2.229015556192144309e+00,2.289718519991558843e+00,2.919995229819380977e+00
2.410000000000000000e+02,2.000000000000000000e+00,5.239350673849103579e+00,5.625846092190025516e+00,5.797463182804254878e+00
2.410000000000000000e+02,3.000000000000000000e+00,3.211659013105587324e+00,3.395094841502056315e+00,4.505759107178166190e+00
2.420000000000000000e+02,0.000000000000000000e+00,3.457193941297316275e+00,3.684006737134325693e+00,5.140397221298089292e+00
2.420000000000000000e+02,1.000000000000000000e+00,2.460189216370862741e+00,2.534177986954352146e+00,3.366120866153938351e+00
2.420000000000000000e+02,2.000000000000000000e+00,5.523866711433963239e+00,6.048329678267239551e+00,6.479967429053103523e+00
2.420000000000000000e+02,3.000000000000000000e+00,3.457193941297115103e+00,3.684006737133133758e+00,5.140397221298091956e+00
2.430000000000000000e+02,0.000000000000000000e+00,3.578477602136340696e+00,3.786522873634391217e+00,4.369756801007850022e+00
2.430000000000000000e+02,1.000000000000000000e+00,2.530200139899811518e+00,2.587151430732846258e+00,2.931979583634138908e+00
2.430000000000000000e+02,2.000000000000000000e+00,5.740758096660679932e+00,6.208887642919428629e+00,5.450284191332656292e+00
2.430000000000000000e+02,3.000000000000000000e+00,3.578477602136338920e+00,3.786522873635520980e+00,4.369756801007853575e+00
2.440000000000000000e+02,0.000000000000000000e+00,3.819463481131469607e+00,4.052693808949971555e+00,4.607713911055149048e+00
2.440000000000000000e+02,1.000000000000000000e+00,2.673153752122897409e+00,2.738711223838594222e+00,3.130007381664203336e+00
2.440000000000000000e+02,2.000000000000000000e+00,6.180362431831155412e+00,6.675707827943660355e+00,5.616651801052253035e+00
2.440000000000000000e+02,3.000000000000000000e+00,3.819463481131468718e+00,4.052693808948998111e+00,4.607713911055572709e+00
2.450000000000000000e+02,0.000000000000000000e+00,3.546720046967867024e+00,3.783725271620152597e+00,5.142194772747092912e+00
2.450000000000000000e+02,1.000000000000000000e+00,2.556524730053933325e+00,2.630622202720412695e+00,3.391548326869415764e+00
2.450000000000000000e+02,2.000000000000000000e+00,5.598787385429171870e+00,6.155370172799952577e+00,6.419804995846153162e+00
2.450000000000000000e+02,3.000000000000000000e+00,3.546720046967821727e+00,3.783725271619891029e+00,5.142194772747077813e+00
2.460000000000000000e+02,0.000000000000000000e+00,3.653983430468174642e+00,3.887037336167687318e+00,4.819393717252125953e+00
2.460000000000000000e+02,1.000000000000000000e+00,2.589665567013291536e+00,2.658044776055226599e+00,3.202502652524059190e+00
2.460000000000000000e+02,2.000000000000000000e+00,5.852286116842886798e+00,6.375910210354613028e+00,5.964212724657414810e+00
2.460000000000000000e+02,3.000000000000000000e+00,3.653983430468267457e+00,3.887037336167688206e+00,4.819393717252216547e+00
2.470000000000000000e+02,0.000000000000000000e+00,3.637267025137318921e+00,3.881702616338469802e+00,5.325174220891598864e+00
2.470000000000000000e+02,1.000000000000000000e+00,2.544197125376104651e+00,2.626817082173618090e+00,3.558507726833586737e+00
2.470000000000000000e+02,2.000000000000000000e+00,5.903308396922716916e+00,6.394017758176278932e+00,6.487580578347543536e+00
2.470000000000000000e+02,3.000000000000000000e+00,3.637267025137361109e+00,3.881702616338501777e+00,5.325174220891629950e+00
2.480000000000000000e+02,0.000000000000000000e+00,3.649037134961298445e+00,3.849536591444344680e+00,4.123089301551869035e+00
2.480000000000000000e+02,1.000000000000000000e+00,2.581032367450937670e+00,2.631998384143001246e+00,2.848754486659789809e+00
2.480000000000000000e+02,2.000000000000000000e+00,5.854871518631345140e+00,6.308499620389458329e+00,5.098606458464788105e+00
2.480000000000000000e+02,3.000000000000000000e+00,3.649037134961298445e+00,3.849536591444344680e+00,4.123089301551757124e+00
2.490000000000000000e+02,0.000000000000000000e+00,3.736578665989658266e+00,4.003065394786447406e+00,5.499138311116602118e+00
2.490000000000000000e+02,1.000000000000000000e+00,2.737702894764675321e+00,2.820483446507949576e+00,3.658130834229415651e+00
2.490000000000000000e+02,2.000000000000000000e+00,5.793712825588637649e+00,6.453423136476369670e+00,6.770557197879577771e+00
2.490000000000000000e+02,3.000000000000000000e+00,3.736578665989659598e+00,4.003065394786455400e+00,5.499138311116579914e+00
2.500000000000000000e+02,0.000000000000000000e+00,3.612737967696115327e+00,3.872529690589635809e+00,5.699139394730503128e+00
2.500000000000000000e+02,1.000000000000000000e+00,2.665929792040821145e+00,2.751880795795156764e+00,3.791265481971063167e+00
2.500000000000000000e+02,2.000000000000000000e+00,5.570086998214008212e+00,6.204627203706771787e+00,7.031143957800913391e+00
2.500000000000000000e+02,3.000000000000000000e+00,3.612737967696115327e+00,3.872529690590059470e+00,5.699139394730452501e+00
2.510000000000000000e+02,0.000000000000000000e+00,3.890995617774211546e+00,4.119411208282466319e+00,4.379321982747859998e+00
2.510000000000000000e+02,1.000000000000000000e+00,2.717056048764338261e+00,2.777124525928979626e+00,3.040970019944056801e+00
2.510000000000000000e+02,2.000000000000000000e+00,6.311942538211307685e+00,6.794706440045002793e+00,5.306989936994666479e+00
2.510000000000000000e+02,3.000000000000000000e+00,3.890995617774211546e+00,4.119411208282531156e+00,4.379321982748256126e+00
2.520000000000000000e+02,0.000000000000000000e+00,3.989981171224840306e+00,4.292172189834342788e+00,5.696863283857844351e+00
2.520000000000000000e+02,1.000000000000000000e+00,2.933672561292752334e+00,3.024743331119260414e+00,3.861253735034434253e+00
2.520000000000000000e+02,2.000000000000000000e+00,6.162918321454372794e+00,6.902425969878518863e+00,6.848065118826148101e+00
2.520000000000000000e+02,3.000000000000000000e+00,3.989981171224841194e+00,4.292172189834206897e+00,5.696863283857809712e+00
2.530000000000000000e+02,0.000000000000000000e+00,3.314451840685900041e+00,3.524681998372573677e+00,4.916431273328759843e+00
2.530000000000000000e+02,1.000000000000000000e+00,2.373091103722448025e+00,2.442601535597100249e+00,3.221736586282966552e+00
2.530000000000000000e+02,2.000000000000000000e+00,5.274070027437364416e+00,5.747370527680485175e+00,6.233572713788272601e+00
2.530000000000000000e+02,3.000000000000000000e+00,3.314451840685908923e+00,3.524681998371631764e+00,4.916431273328912610e+00
2.540000000000000000e+02,0.000000000000000000e+00,3.357404072640442827e+00,3.517044601103013424e+00,3.789986987868474433e+00
2.540000000000000000e+02,1.000000000000000000e+00,2.320786026504431110e+00,2.362501319793790078e+00,2.556753841039559383e+00
2.540000000000000000e+02,2.000000000000000000e+00,5.484870176813341658e+00,5.810339645405648845e+00,4.801517161953192669e+00
2.540000000000000000e+02,3.000000000000000000e+00,3.357404072641006820e+00,3.517044601102965018e+00,3.789986987868142254e+00
2.550000000000000000e+02,0.000000000000000000e+00,3.699197608466747944e+00,3.906654861362043540e+00,4.129911920113915613e+00
2.550000000000000000e+02,1.000000000000000000e+00,2.654780429203573267e+00,2.704534574873588948e+00,2.888457853472819359e+00
2.550000000000000000e+02,2.000000000000000000e+00,5.861099451313228847e+00,6.371007054718487161e+00,5.119413862923368974e+00
2.550000000000000000e+02,3.000000000000000000e+00,3.699197608466902043e+00,3.906654861361536835e+00,4.129911920113160662e+00
2.560000000000000000e+02,0.000000000000000000e+00,3.412151883749190429e+00,3.634908930238387903e+00,5.070472914345901749e+00
2.560000000000000000e+02,1.000000000000000000e+00,2.433377879391052545e+00,2.506746622538232216e+00,3.333565005726465191e+00
2.560000000000000000e+02,2.000000000000000000e+00,5.451213892648127946e+00,5.944836123641370484e+00,6.367347369455156780e+00
2.560000000000000000e+02,3.000000000000000000e+00,3.412151883749475978e+00,3.634908930237861213e+00,5.070472914345824478e+00
2.570000000000000000e+02,0.000000000000000000e+00,3.270514497080620586e+00,3.447125486579410758e+00,4.186644642417817863e+00
2.570000000000000000e+02,1.000000000000000000e+00,2.279138491330609195e+00,2.330631754832632296e+00,2.726852171838338723e+00
2.570000000000000000e+02,2.000000000000000000e+00,5.311768439860757418e+00,5.692972901219050641e+00,5.386354504252711450e+00
2.570000000000000000e+02,3.000000000000000000e+00,3.270514497080620586e+00,3.447125486578981324e+00,4.186644642417821416e+00
2.580000000000000000e+02,0.000000000000000000e+00,3.566526137396779816e+00,3.782474493716723174e+00,4.645383000693242614e+00
2.580000000000000000e+02,1.000000000000000000e+00,2.506712070938482029e+00,2.570693621725908429e+00,3.071880809952390656e+00
2.580000000000000000e+02,2.000000000000000000e+00,5.750097949396849373e+00,6.226912666589985434e+00,5.800747801862490505e+00
2.580000000000000000e+02,3.000000000000000000e+00,3.566526137397401985e+00,3.782474493716907027e+00,4.645383000693223075e+00
2.590000000000000000e+02,0.000000000000000000e+00,3.524846000125446910e+00,3.768095541335251486e+00,5.386634056681409710e+00
2.590000000000000000e+02,1.000000000000000000e+00,2.552660570058413736e+00,2.633249937364685156e+00,3.573712055359173689e+00
2.590000000000000000e+02,2.000000000000000000e+00,5.551126583662591152e+00,6.108916496440048860e+00,6.665971530146718393e+00
2.590000000000000000e+02,3.000000000000000000e+00,3.524846000125450018e+00,3.768095541336465626e+00,5.386634056681462113e+00
2.600000000000000000e+02,0.000000000000000000e+00,3.200617208073940123e+00,3.402175017477311325e+00,4.830719162674474099e+00
2.600000000000000000e+02,1.000000000000000000e+00,2.336188835867489377e+00,2.402799661748101112e+00,3.146797299089234556e+00
2.600000000000000000e+02,2.000000000000000000e+00,4.998078669827933140e+00,5.480829107805405442e+00,6.235709213621716707e+00
2.600000000000000000e+02,3.000000000000000000e+00,3.200617208073530673e+00,3.402175017477276686e+00,4.830719162674598444e+00
2.610000000000000000e+02,0.000000000000000000e+00,3.211987344262149158e+00,3.375123065538552236e+00,3.986849879847631506e+00
2.610000000000000000e+02,1.000000000000000000e+00,2.217206478267363501e+00,2.263949589701207188e+00,2.596432648185457825e+00
2.610000000000000000e+02,2.000000000000000000e+00,5.253939132407590584e+00,5.589011281967573908e+00,5.150751184811260153e+00
2.610000000000000000e+02,3.000000000000000000e+00,3.211987344262116739e+00,3.375123065538935041e+00,3.986849879847598643e+00
2.620000000000000000e+02,0.000000000000000000e+00,3.135701281598211487e+00,3.315408684255223282e+00,4.383267115365857336e+00
2.620000000000000000e+02,1.000000000000000000e+00,2.214716564750903061e+00,2.272491851997097800e+00,2.839210445847353270e+00
2.620000000000000000e+02,2.000000000000000000e+00,5.046733253767621719e+00,5.438649172491067496e+00,5.687124987321674041e+00
2.620000000000000000e+02,3.000000000000000000e+00,3.135701281597378820e+00,3.315408684255223282e+00,4.383267115365863553e+00
2.630000000000000000e+02,0.000000000000000000e+00,3.709463321435768624e+00,3.935445380083894218e+00,4.644384383510196557e+00
2.630000000000000000e+02,1.000000000000000000e+00,2.591043774634073760e+00,2.656641661104986785e+00,3.113798112520810957e+00
2.630000000000000000e+02,2.000000000000000000e+00,6.013911006326746467e+00,6.484167417070338502e+00,5.701390514644827157e+00
2.630000000000000000e+02,3.000000000000000000e+00,3.709463321435768624e+00,3.935445380084597211e+00,4.644384383510202774e+00
2.640000000000000000e+02,0.000000000000000000e+00,3.461972424814513616e+00,3.679498693780242746e+00,4.801479073334836478e+00
2.640000000000000000e+02,1.000000000000000000e+00,2.465991808313186429e+00,2.532690866998468238e+00,3.150466726376855320e+00
2.640000000000000000e+02,2.000000000000000000e+00,5.524556065643129621e+00,6.022866718430474720e+00,6.054715754964694163e+00
2.640000000000000000e+02,3.000000000000000000e+00,3.461972424815174865e+00,3.679498693780806295e+00,4.801479073334846248e+00
2.650000000000000000e+02,0.000000000000000000e+00,3.325365234087964694e+00,3.540462744237526937e+00,5.027672544306232894e+00
2.650000000000000000e+02,1.000000000000000000e+00,2.412138122096509463e+00,2.481884076950615636e+00,3.269150970735779538e+00
2.650000000000000000e+02,2.000000000000000000e+00,5.209920687470650513e+00,5.738191776824594470e+00,6.471382324269304931e+00
2.650000000000000000e+02,3.000000000000000000e+00,3.325365234087918065e+00,3.540462744237599324e+00,5.027672544306186708e+00
2.660000000000000000e+02,0.000000000000000000e+00,3.514299073219528946e+00,3.747020049595761737e+00,5.139533530346001911e+00
2.660000000000000000e+02,1.000000000000000000e+00,2.509942863565898463e+00,2.585953378527256152e+00,3.399375922086476098e+00
2.660000000000000000e+02,2.000000000000000000e+00,5.602411742219572055e+00,6.121146896503056212e+00,6.384753295125346284e+00
2.660000000000000000e+02,3.000000000000000000e+00,3.514299073220184866e+00,3.747020049595714219e+00,5.139533530346017898e+00
2.670000000000000000e+02,0.000000000000000000e+00,3.761652284967891280e+00,4.012570130933030832e+00,4.934851189105288860e+00
2.670000000000000000e+02,1.000000000000000000e+00,2.726522695523631246e+00,2.797879636362373024e+00,3.313783687447666715e+00
2.670000000000000000e+02,2.000000000000000000e+00,5.894897132377266757e+00,6.507573457100868985e+00,6.074754046082361469e+00
2.670000000000000000e+02,3.000000000000000000e+00,3.761652284966933824e+00,4.012570130932262558e+00,4.934851189105081026e+00
2.680000000000000000e+02,0.000000000000000000e+00,3.231699380783726205e+00,3.434326839937412501e+00,4.827759292758943666e+00
2.680000000000000000e+02,1.000000000000000000e+00,2.334628752678240993e+00,2.401063363211883850e+00,3.135684498581349899e+00
2.680000000000000000e+02,2.000000000000000000e+00,5.094476474032531677e+00,5.574602722215758810e+00,6.238782174546604331e+00
2.680000000000000000e+02,3.000000000000000000e+00,3.231699380782689257e+00,3.434326839936341802e+00,4.827759292759027154e+00
2.690000000000000000e+02,0.000000000000000000e+00,3.388592460469395551e+00,3.613888364366457662e+00,5.149467593426717116e+00
2.690000000000000000e+02,1.000000000000000000e+00,2.459540492144463464e+00,2.533258345627086960e+00,3.377925871336169283e+00
2.690000000000000000e+02,2.000000000000000000e+00,5.319355152562439848e+00,5.850371292022161107e+00,6.507540758683742155e+00
2.690000000000000000e+02,3.000000000000000000e+00,3.388592460469513235e+00,3.613888364367360495e+00,5.149467593426860113e+00
2.700000000000000000e+02,0.000000000000000000e+00,3.668398946247747983e+00,3.916995592907743351e+00,5.347587301161848217e+00
2.700000000000000000e+02,1.000000000000000000e+00,2.578038599727952462e+00,2.660106273083934880e+00,3.563544551931928428e+00
2.700000000000000000e+02,2.000000000000000000e+00,5.928959617710853003e+00,6.452651957924754100e+00,6.538369253161696371e+00
2.700000000000000000e+02,3.000000000000000000e+00,3.668398946247747983e+00,3.916995592907830392e+00,5.347587301161883744e+00
2.710000000000000000e+02,0.000000000000000000e+00,3.773029413473952598e+00,4.038781946820473756e+00,5.404907552490779032e+00
2.710000000000000000e+02,1.000000000000000000e+00,2.710429563278468290e+00,2.794242588599559873e+00,3.626341466083740084e+00
2.710000000000000000e+02,2.000000000000000000e+00,5.981699834867583832e+00,6.580427233597246683e+00,6.568455526765685448e+00
2.710000000000000000e+02,3.000000000000000000e+00,3.773029413474303873e+00,4.038781946821652369e+00,5.404907552490781697e+00
2.720000000000000000e+02,0.000000000000000000e+00,3.384576496426900505e+00,3.604569265028166214e+00,5.024206832716722637e+00
2.720000000000000000e+02,1.000000000000000000e+00,2.428851344573394577e+00,2.501084364586413589e+00,3.302320872943484975e+00
2.720000000000000000e+02,2.000000000000000000e+00,5.376084637853239201e+00,5.869463090362411428e+00,6.324192939600593810e+00
2.720000000000000000e+02,3.000000000000000000e+00,3.384576496426908943e+00,3.604569265027101732e+00,5.024206832716711979e+00
2.730000000000000000e+02,0.000000000000000000e+00,3.929121775498018998e+00,4.201286801911475521e+00,5.415239994887915742e+00
2.730000000000000000e+02,1.000000000000000000e+00,2.743676917915526925e+00,2.829937135021641126e+00,3.652245801114557544e+00
2.730000000000000000e+02,2.000000000000000000e+00,6.374560623893630762e+00,6.940508213935475013e+00,6.511612816238630863e+00
2.730000000000000000e+02,3.000000000000000000e+00,3.929121775498016778e+00,4.201286801911037649e+00,5.415239994887905084e+00
2.740000000000000000e+02,0.000000000000000000e+00,3.647732301773181085e+00,3.903265540975358494e+00,5.508685702096272507e+00
2.740000000000000000e+02,1.000000000000000000e+00,2.604544554129636591e+00,2.689640072820107530e+00,3.674834515024679060e+00
2.740000000000000000e+02,2.000000000000000000e+00,5.818825597453853860e+00,6.380583407753973368e+00,6.741656289343437969e+00
2.740000000000000000e+02,3.000000000000000000e+00,3.647732301773245478e+00,3.903265540975116021e+00,5.508685702096324910e+00
2.750000000000000000e+02,0.000000000000000000e+00,3.583475205437845812e+00,3.799425419753471811e+00,4.641188411486158572e+00
2.750000000000000000e+02,1.000000000000000000e+00,2.505455592251452757e+00,2.569679226807245254e+00,3.071211094641004280e+00
2.750000000000000000e+02,2.000000000000000000e+00,5.802170747917612559e+00,6.269508208806886529e+00,5.782160653147584206e+00
2.750000000000000000e+02,3.000000000000000000e+00,3.583475205437845812e+00,3.799425419753593491e+00,4.641188411486158572e+00
2.760000000000000000e+02,0.000000000000000000e+00,3.638368119632639175e+00,3.884194174509004505e+00,5.215589496929646351e+00
2.760000000000000000e+02,1.000000000000000000e+00,2.583654032366002440e+00,2.662540905550755177e+00,3.471965061298513344e+00
2.760000000000000000e+02,2.000000000000000000e+00,5.827443117759345981e+00,6.359026845187175425e+00,6.397717758708941105e+00
2.760000000000000000e+02,3.000000000000000000e+00,3.638368119632640507e+00,3.884194174508832198e+00,5.215589496929663227e+00
2.770000000000000000e+02,0.000000000000000000e+00,3.390877399042767859e+00,3.609977110774865050e+00,5.014358318440958584e+00
2.770000000000000000e+02,1.000000000000000000e+00,2.412704485032117319e+00,2.485733233512987805e+00,3.297464471103821904e+00
2.770000000000000000e+02,2.000000000000000000e+00,5.428245199481880334e+00,5.905903638080433282e+00,6.297854783832606884e+00
2.770000000000000000e+02,3.000000000000000000e+00,3.390877399041946294e+00,3.609977110774865050e+00,5.014358318440879536e+00
2.780000000000000000e+02,0.000000000000000000e+00,3.311549600966056328e+00,3.513251364998646320e+00,4.629744558808250865e+00
2.780000000000000000e+02,1.000000000000000000e+00,2.380765821024479312e+00,2.442657755167116029e+00,3.014979734120266652e+00
2.780000000000000000e+02,2.000000000000000000e+00,5.235884425672055364e+00,5.714346197822710138e+00,5.939310921374497454e+00
2.780000000000000000e+02,3.000000000000000000e+00,3.311549600966054996e+00,3.513251364996623050e+00,4.629744558808238430e+00
2.790000000000000000e+02,0.000000000000000000e+00,4.077960158884918584e+00,4.342965284846493468e+00,4.599863290770630719e+00
2.790000000000000000e+02,1.000000000000000000e+00,2.918418361304058184e+00,2.987000343473774855e+00,3.266636044686977325e+00
2.790000000000000000e+02,2.000000000000000000e+00,6.479392918879340435e+00,7.076567525377836176e+00,5.482078200784634703e+00
2.790000000000000000e+02,3.000000000000000000e+00,4.077960158884920361e+00,4.342965284846494356e+00,4.599863290770631608e+00
2.800000000000000000e+02,0.000000000000000000e+00,3.188914981716344244e+00,3.382758590781194563e+00,4.675295089793658931e+00
2.800000000000000000e+02,1.000000000000000000e+00,2.277881075413696887e+00,2.342330863804841456e+00,3.044184502702629302e+00
2.800000000000000000e+02,2.000000000000000000e+00,5.087816639864890966e+00,5.521574472286794766e+00,6.015403810152513131e+00
2.800000000000000000e+02,3.000000000000000000e+00,3.188914981716378438e+00,3.382758590781733243e+00,4.675295089793644721e+00
2.810000000000000000e+02,0.000000000000000000e+00,4.061401239771794458e+00,4.331340605871610627e+00,4.817617200201943284e+00
2.810000000000000000e+02,1.000000000000000000e+00,2.877851437935973866e+00,2.952675864737053235e+00,3.350027442832054447e+00
2.810000000000000000e+02,2.000000000000000000e+00,6.506539335248817224e+00,7.093230298617965168e+00,5.747103463142601676e+00
2.810000000000000000e+02,3.000000000000000000e+00,4.061401239771794458e+00,4.331340605871610627e+00,4.817617200201370409e+00
2.820000000000000000e+02,0.000000000000000000e+00,3.698362831981519605e+00,3.915463158010308309e+00,4.507229815662855188e+00
2.820000000000000000e+02,1.000000000000000000e+00,2.568477382289137800e+00,2.630279177043645333e+00,3.023317936769771563e+00
2.820000000000000000e+02,2.000000000000000000e+00,6.019416345006048275e+00,6.473027635993372719e+00,5.562975808976674763e+00
2.820000000000000000e+02,3.000000000000000000e+00,3.698362831982344723e+00,3.915463158010541012e+00,4.507229815663123418e+00
2.830000000000000000e+02,0.000000000000000000e+00,3.336157771371137226e+00,3.548502578837194221e+00,4.951021513056922174e+00
2.830000000000000000e+02,1.000000000000000000e+00,2.386694430541950851e+00,2.457433519692908241e+00,3.247733694292503692e+00
2.830000000000000000e+02,2.000000000000000000e+00,5.311655207358302100e+00,5.788046156597814296e+00,6.261325808276918536e+00
2.830000000000000000e+02,3.000000000000000000e+00,3.336157771371201619e+00,3.548502578836572052e+00,4.951021513057044743e+00
2.840000000000000000e+02,0.000000000000000000e+00,3.193802602900564391e+00,3.381385565812690785e+00,4.580336109970179592e+00
2.840000000000000000e+02,1.000000000000000000e+00,2.241993278407006240e+00,2.303930290080173027e+00,2.966633807478209928e+00
2.840000000000000000e+02,2.000000000000000000e+00,5.164896159582482049e+00,5.577546250442422249e+00,5.919343490149196363e+00
2.840000000000000000e+02,3.000000000000000000e+00,3.193802602900380094e+00,3.381385565813036287e+00,4.580336109970106762e+00
2.850000000000000000e+02,0.000000000000000000e+00,4.514327877457683158e+00,4.850650147023339187e+00,4.925391918983838657e+00
2.850000000000000000e+02,1.000000000000000000e+00,3.306373734002229003e+00,3.392424699245787600e+00,3.658820295649577226e+00
2.850000000000000000e+02,2.000000000000000000e+00,7.003877413504584482e+00,7.818499048153221054e+00,5.680995089045008051e+00
2.850000000000000000e+02,3.000000000000000000e+00,4.514327877456780769e+00,4.850650147023339187e+00,4.925391918984417750e+00
2.860000000000000000e+02,0.000000000000000000e+00,3.777348817797633984e+00,4.062440781656579958e+00,6.009110697512747734e+00
2.860000000000000000e+02,1.000000000000000000e+00,2.781803987074787710e+00,2.875418094727416829e+00,4.028501568791011955e+00
2.860000000000000000e+02,2.000000000000000000e+00,5.839153789504941017e+00,6.530176262797068532e+00,7.312860278869159458e+00
2.860000000000000000e+02,3.000000000000000000e+00,3.777348817797633096e+00,4.062440781656636801e+00,6.009110697512785926e+00
2.870000000000000000e+02,0.000000000000000000e+00,3.759854714590561198e+00,4.006999414611550847e+00,5.042004141364111902e+00
2.870000000000000000e+02,1.000000000000000000e+00,2.645042848728447193e+00,2.721903700776502788e+00,3.384751654884955663e+00
2.870000000000000000e+02,2.000000000000000000e+00,6.066408509880218958e+00,6.577306325405985810e+00,6.125184172164836127e+00
2.870000000000000000e+02,3.000000000000000000e+00,3.759854714590560310e+00,4.006999414611025934e+00,5.042004141364092362e+00
2.880000000000000000e+02,0.000000000000000000e+00,3.661082015989243654e+00,3.919212874855362738e+00,5.524567389901991810e+00
2.880000000000000000e+02,1.000000000000000000e+00,2.631353615801331980e+00,2.715280198723050820e+00,3.678052740391455355e+00
2.880000000000000000e+02,2.000000000000000000e+00,5.801586237435471638e+00,6.389208974359784854e+00,6.781687068726988343e+00
2.880000000000000000e+02,3.000000000000000000e+00,3.661082015989355565e+00,3.919212874855815265e+00,5.524567389902007797e+00
2.890000000000000000e+02,0.000000000000000000e+00,3.346769857117395386e+00,3.555463123483582510e+00,4.883618983057526286e+00
2.890000000000000000e+02,1.000000000000000000e+00,2.363113878730435324e+00,2.432798925042025218e+00,3.202006532071662637e+00
2.890000000000000000e+02,2.000000000000000000e+00,5.389777828466820075e+00,5.838446291696408608e+00,6.161428968471590828e+00
2.890000000000000000e+02,3.000000000000000000e+00,3.346769857117395386e+00,3.555463123483582510e+00,4.883618983057549379e+00
2.900000000000000000e+02,0.000000000000000000e+00,3.253914928043413202e+00,3.452796621215904693e+00,4.700105755098570093e+00
2.900000000000000000e+02,1.000000000000000000e+00,2.317948280389150018e+00,2.381271882109769589e+00,3.046135680836698167e+00
2.900000000000000000e+02,2.000000000000000000e+00,5.191640509388855129e+00,5.655464287191334982e+00,6.078943942257412303e+00
2.900000000000000000e+02,3.000000000000000000e+00,3.253914928042976218e+00,3.452796621214814010e+00,4.700105755098515914e+00
2.910000000000000000e+02,0.000000000000000000e+00,3.518692842414289146e+00,3.727248996933138159e+00,4.517550049539666546e+00
2.910000000000000000e+02,1.000000000000000000e+00,2.469739995193874549e+00,2.531515258628655562e+00,2.997813611281792134e+00
2.910000000000000000e+02,2.000000000000000000e+00,5.685361863446766861e+00,6.119320071317503995e+00,5.618134000473212986e+00
2.910000000000000000e+02,3.000000000000000000e+00,3.518692842414288702e+00,3.727248996933137715e+00,4.517550049539619472e+00
2.920000000000000000e+02,0.000000000000000000e+00,3.861306012223564288e+00,4.108085442975264456e+00,4.791194821744654497e+00
2.920000000000000000e+02,1.000000000000000000e+00,2.714693478649981451e+00,2.786387581456954088e+00,3.258664105329398541e+00
2.920000000000000000e+02,2.000000000000000000e+00,6.226850529321322547e+00,6.751260707491878676e+00,5.799769397613320443e+00
2.920000000000000000e+02,3.000000000000000000e+00,3.861306012223562956e+00,4.108085442974417134e+00,4.791194821745130561e+00
2.930000000000000000e+02,0.000000000000000000e+00,3.944397867895151233e+00,4.171761837543075835e+00,4.359379597621029667e+00
2.930000000000000000e+02,1.000000000000000000e+00,2.736508948530128382e+00,2.798265266634138104e+00,3.057769276572306794e+00
2.930000000000000000e+02,2.000000000000000000e+00,6.421528640167027291e+00,6.861885684396387575e+00,5.219389235684489314e+00
2.930000000000000000e+02,3.000000000000000000e+00,3.944397867895575782e+00,4.171761837542510953e+00,4.359379597620999469e+00
2.940000000000000000e+02,0.000000000000000000e+00,3.576891973442919426e+00,3.800794993702804270e+00,4.692410369838030171e+00
2.940000000000000000e+02,1.000000000000000000e+00,2.577279331600006884e+00,2.640644563178330184e+00,3.107279928073510611e+00
2.940000000000000000e+02,2.000000000000000000e+00,5.633073176255289027e+00,6.180893990031018248e+00,5.906388836124564889e+00
2.940000000000000000e+02,3.000000000000000000e+00,3.576891973442110295e+00,3.800794993703380253e+00,4.692410369838097672e+00
2.950000000000000000e+02,0.000000000000000000e+00,3.258271517327226530e+00,3.467284218833417864e+00,4.943733520412260773e+00
2.950000000000000000e+02,1.000000000000000000e+00,2.381281301481967372e+00,2.450151442165225291e+00,3.234857624120103914e+00
2.950000000000000000e+02,2.000000000000000000e+00,5.082204934228764515e+00,5.577118658846631938e+00,6.325924259731082522e+00
2.950000000000000000e+02,3.000000000000000000e+00,3.258271517327579581e+00,3.467284218833079468e+00,4.943733520412093796e+00
2.960000000000000000e+02,0.000000000000000000e+00,3.417835313660020358e+00,3.634323520841573618e+00,4.879586764133875931e+00
2.960000000000000000e+02,1.000000000000000000e+00,2.431099682748273594e+00,2.500843860362213622e+00,3.208988335320523078e+00
2.960000000000000000e+02,2.000000000000000000e+00,5.468150096969621288e+00,5.943100383501901618e+00,6.121732989282017812e+00
2.960000000000000000e+02,3.000000000000000000e+00,3.417835313660021246e+00,3.634323520840797350e+00,4.879586764133850174e+00
2.970000000000000000e+02,0.000000000000000000e+00,3.901602476917808815e+00,4.160696599176540111e+00,4.754167750478540455e+00
2.970000000000000000e+02,1.000000000000000000e+00,2.839463729006579396e+00,2.907016196366682070e+00,3.269394010822242791e+00
2.970000000000000000e+02,2.000000000000000000e+00,6.084170475276835965e+00,6.732062197003234161e+00,5.812051181503957054e+00
2.970000000000000000e+02,3.000000000000000000e+00,3.901602476917804818e+00,4.160696599177630794e+00,4.754167750478893950e+00
2.980000000000000000e+02,0.000000000000000000e+00,3.605263673582503881e+00,3.833324512595999156e+00,4.813905631562740872e+00
2.980000000000000000e+02,1.000000000000000000e+00,2.555901933896771006e+00,2.623413410716374461e+00,3.177777769970787869e+00
2.980000000000000000e+02,2.000000000000000000e+00,5.769927446156552620e+00,6.292009330801088041e+00,6.007228573656621329e+00
2.980000000000000000e+02,3.000000000000000000e+00,3.605263673583108286e+00,3.833324512596615996e+00,4.813905631562759524e+00
2.990000000000000000e+02,0.000000000000000000e+00,3.544283491067246494e+00,3.775582245384883961e+00,5.184068469890179998e+00
2.990000000000000000e+02,1.000000000000000000e+00,2.484777286526418383e+00,2.562188136625923818e+00,3.425372103793179690e+00
2.990000000000000000e+02,2.000000000000000000e+00,5.739192241659205607e+00,6.230427258876213514e+00,6.424138811966243701e+00
2.990000000000000000e+02,3.000000000000000000e+00,3.544283491067323322e+00,3.775582245385217917e+00,5.184068469890145359e+00
