G_mM,Y_0p5,Y_5,Y_36
9.999999999999982011e-09,6.304599759365802687e-20,1.257253888789911881e-19,2.126742277294432049e-17
1.010803336220382749e-08,6.304599759365802687e-20,1.257253888789911881e-19,2.126742277294432049e-17
1.021723384514257942e-08,6.304599759365802687e-20,1.257253888789911881e-19,2.126742277294432049e-17
1.032761405761394785e-08,6.304599759365802687e-20,1.257253888789911881e-19,2.126742277294432049e-17
1.043918674463272197e-08,6.304599759365802687e-20,1.257253888789911881e-19,2.126742277294432049e-17
1.055196478890237068e-08,6.304599759365802687e-20,1.257253888789911881e-19,2.126742277294432049e-17
1.066596121230254167e-08,6.304599759365802687e-20,1.257253888789911881e-19,2.126742277294432049e-17
1.078118917739266564e-08,6.304599759365802687e-20,1.257253888789911881e-19,2.126742277294432049e-17
1.089766198893160955e-08,6.304599759365802687e-20,1.257253888789911881e-19,2.126742277294432049e-17
1.101539309541414140e-08,6.304599759365802687e-20,1.257253888789911881e-19,2.126742277294432049e-17
1.113439609062360287e-08,6.304599759365802687e-20,1.257253888789911881e-19,2.126742277294432049e-17
1.125468471520154573e-08,6.304599759365802687e-20,1.257253888789911881e-19,2.126742277294432049e-17
1.137627285823429072e-08,6.304599759365802687e-20,1.257253888789911881e-19,2.126742277294432049e-17
1.149917455885663058e-08,6.304599759365802687e-20,1.257253888789911881e-19,2.126742277294432049e-17
1.162340400787285095e-08,6.304599759365802687e-20,1.257253888789911881e-19,2.126742277294432049e-17
1.174897554939526761e-08,6.304599759365802687e-20,1.257253888789911881e-19,2.126742277294432049e-17
1.187590368250046211e-08,6.304599759365802687e-20,1.257253888789911881e-19,2.126742277294432049e-17
1.200420306290341755e-08,2.595249626971813405e-19,5.105990283044744073e-19,8.745685079078123462e-17
1.213388850464973329e-08,2.595249626971813405e-19,5.105990283044744073e-19,8.745685079078123462e-17
1.226497498182612357e-08,2.595249626971813405e-19,5.105990283044744073e-19,8.745685079078123462e-17
1.239747763028944008e-08,2.595249626971813405e-19,5.105990283044744073e-19,8.745685079078123462e-17
1.253141174941415222e-08,2.595249626971813405e-19,5.105990283044744073e-19,8.745685079078123462e-17
1.266679280385915192e-08,2.595249626971813405e-19,5.105990283044744073e-19,8.745685079078123462e-17
1.280363642535318994e-08,2.595249626971813405e-19,5.105990283044744073e-19,8.745685079078123462e-17
1.294195841449984185e-08,2.595249626971813405e-19,5.105990283044744073e-19,8.745685079078123462e-17
1.308177474260191939e-08,2.595249626971813405e-19,5.105990283044744073e-19,8.745685079078123462e-17
1.322310155350558197e-08,2.595249626971813405e-19,5.105990283044744073e-19,8.745685079078123462e-17
1.336595516546439315e-08,2.595249626971813405e-19,5.105990283044744073e-19,8.745685079078123462e-17
1.351035207302348917e-08,2.595249626971813405e-19,5.105990283044744073e-19,8.745685079078123462e-17
1.365630894892413254e-08,2.595249626971813405e-19,5.105990283044744073e-19,8.745685079078123462e-17
1.380384264602880616e-08,2.595249626971813405e-19,5.105990283044744073e-19,8.745685079078123462e-17
1.395297019926713753e-08,2.595249626971813405e-19,5.105990283044744073e-19,8.745685079078123462e-17
1.410370882760287634e-08,2.595249626971813405e-19,5.105990283044744073e-19,8.745685079078123462e-17
1.425607593602187581e-08,2.595249626971813405e-19,5.105990283044744073e-19,8.745685079078123462e-17
1.441008911754205393e-08,2.595249626971813405e-19,5.105990283044744073e-19,8.745685079078123462e-17
1.456576615524456523e-08,2.595249626971813405e-19,5.105990283044744073e-19,8.745685079078123462e-17
1.472312502432717075e-08,2.595249626971813405e-19,5.105990283044744073e-19,8.745685079078123462e-17
1.488218389417973511e-08,2.595249626971813405e-19,5.105990283044744073e-19,8.745685079078123462e-17
1.504296113048215179e-08,2.595249626971813405e-19,5.105990283044744073e-19,8.745685079078123462e-17
1.520547529732492484e-08,2.595249626971813405e-19,5.105990283044744073e-19,8.745685079078123462e-17
1.536974515935267838e-08,2.595249626971813405e-19,5.105990283044744073e-19,8.745685079078123462e-17
1.553578968393079411e-08,3.225709602908393914e-19,6.440218899719752502e-19,1.085072590456342895e-16
1.570362804333547951e-08,3.225709602908393914e-19,6.440218899719752502e-19,1.085072590456342895e-16
1.587327961696749174e-08,3.225709602908393914e-19,6.440218899719752502e-19,1.085072590456342895e-16
1.604476399358976711e-08,3.225709602908393914e-19,6.440218899719752502e-19,1.085072590456342895e-16
1.621810097358929678e-08,3.225709602908393914e-19,6.440218899719752502e-19,1.085072590456342895e-16
1.639331057126312649e-08,3.225709602908393914e-19,6.440218899719752502e-19,1.085072590456342895e-16
1.657041301712966784e-08,3.225709602908393914e-19,6.440218899719752502e-19,1.085072590456342895e-16
1.674942876026435533e-08,3.225709602908393914e-19,6.440218899719752502e-19,1.085072590456342895e-16
1.693037847066086977e-08,3.225709602908393914e-19,6.440218899719752502e-19,1.085072590456342895e-16
1.711328304161777934e-08,3.225709602908393914e-19,6.440218899719752502e-19,1.085072590456342895e-16
1.729816359215098208e-08,3.225709602908393914e-19,6.440218899719752502e-19,1.085072590456342895e-16
1.748504146943220458e-08,3.225709602908393914e-19,6.440218899719752502e-19,1.085072590456342895e-16
1.767393825125384796e-08,3.225709602908393914e-19,6.440218899719752502e-19,1.085072590456342895e-16
1.786487574852045919e-08,3.225709602908393914e-19,6.440218899719752502e-19,1.085072590456342895e-16
1.805787600776711890e-08,3.225709602908393914e-19,6.440218899719752502e-19,1.085072590456342895e-16
1.825296131370504335e-08,3.856169578844973942e-19,7.697472788509664384e-19,1.297746818185786038e-16
1.845015419179473489e-08,3.856169578844973942e-19,7.697472788509664384e-19,1.297746818185786038e-16
1.864947741084663119e-08,3.856169578844973942e-19,7.697472788509664384e-19,1.297746818185786038e-16
1.885095398565047415e-08,3.856169578844973942e-19,7.697472788509664384e-19,1.297746818185786038e-16
1.905460717963245561e-08,3.856169578844973942e-19,7.697472788509664384e-19,1.297746818185786038e-16
1.926046050754137716e-08,3.856169578844973942e-19,7.697472788509664384e-19,1.297746818185786038e-16
1.946853773816378780e-08,3.856169578844973942e-19,7.697472788509664384e-19,1.297746818185786038e-16
1.967886289706841371e-08,3.856169578844973942e-19,7.697472788509664384e-19,1.297746818185786038e-16
1.989146026938029701e-08,3.856169578844973942e-19,7.697472788509664384e-19,1.297746818185786038e-16
2.010635440258483220e-08,3.856169578844973942e-19,7.697472788509664384e-19,1.297746818185786038e-16
2.032357010936216664e-08,3.856169578844973942e-19,7.697472788509664384e-19,1.297746818185786038e-16
2.054313247045216382e-08,3.856169578844973942e-19,7.697472788509664384e-19,1.297746818185786038e-16
2.076506683755035602e-08,5.035043369466113583e-19,1.005803111031929505e-18,1.701393821835545640e-16
2.098939883623517111e-08,5.035043369466113583e-19,1.005803111031929505e-18,1.701393821835545640e-16
2.121615436892684360e-08,5.035043369466113583e-19,1.005803111031929505e-18,1.701393821835545640e-16
2.144535961787794055e-08,5.035043369466113583e-19,1.005803111031929505e-18,1.701393821835545640e-16
2.167704104819693172e-08,5.035043369466113583e-19,1.005803111031929505e-18,1.701393821835545640e-16
2.191122541090368226e-08,5.035043369466113583e-19,1.005803111031929505e-18,1.701393821835545640e-16
2.214793974601830724e-08,5.035043369466113583e-19,1.005803111031929505e-18,1.701393821835545640e-16
2.238721138568336155e-08,5.035043369466113583e-19,1.005803111031929505e-18,1.701393821835545640e-16
2.262906795731971925e-08,5.035043369466113583e-19,1.005803111031929505e-18,1.701393821835545640e-16
2.287353738681657571e-08,6.213917160087253706e-19,1.241003668458613764e-18,2.098530389942567211e-16
2.312064790175589034e-08,6.213917160087253706e-19,1.241003668458613764e-18,2.098530389942567211e-16
2.337042803467168990e-08,6.213917160087253706e-19,1.241003668458613764e-18,2.098530389942567211e-16
2.362290662634455026e-08,6.213917160087253706e-19,1.241003668458613764e-18,2.098530389942567211e-16
2.387811282913169978e-08,6.213917160087253706e-19,1.241003668458613764e-18,2.098530389942567211e-16
2.413607611033308526e-08,6.213917160087253706e-19,1.241003668458613764e-18,2.098530389942567211e-16
2.439682625559389332e-08,6.213917160087253706e-19,1.241003668458613764e-18,2.098530389942567211e-16
2.466039337234337848e-08,6.213917160087253706e-19,1.241003668458613764e-18,2.098530389942567211e-16
2.492680789327174808e-08,7.474837111960414724e-19,1.492454446216596141e-18,2.521708700220540903e-16
2.519610057984369800e-08,7.474837111960414724e-19,1.492454446216596141e-18,2.521708700220540903e-16
2.546830252585037580e-08,7.474837111960414724e-19,1.492454446216596141e-18,2.521708700220540903e-16
2.574344516099960600e-08,7.474837111960414724e-19,1.492454446216596141e-18,2.521708700220540903e-16
2.602156025454491670e-08,7.474837111960414724e-19,1.492454446216596141e-18,2.521708700220540903e-16
2.630267991895376134e-08,7.474837111960414724e-19,1.492454446216596141e-18,2.521708700220540903e-16
2.658683661361537565e-08,8.100978868883730469e-19,1.618179835095587232e-18,2.733297855359527749e-16
2.687406314858869330e-08,8.100978868883730469e-19,1.618179835095587232e-18,2.733297855359527749e-16
2.716439268839074380e-08,8.100978868883730469e-19,1.618179835095587232e-18,2.733297855359527749e-16
2.745785875582598582e-08,8.100978868883730469e-19,1.618179835095587232e-18,2.733297855359527749e-16
2.775449523585700298e-08,8.100978868883730469e-19,1.618179835095587232e-18,2.733297855359527749e-16
2.805433637951712766e-08,8.100978868883730469e-19,1.618179835095587232e-18,2.733297855359527749e-16
2.835741680786481433e-08,8.731438844820310016e-19,1.743905223974578324e-18,2.945972083088970892e-16
2.866377151598176411e-08,8.731438844820310016e-19,1.743905223974578324e-18,2.945972083088970892e-16
2.897343587701319581e-08,8.731438844820310016e-19,1.743905223974578324e-18,2.945972083088970892e-16
2.928644564625232153e-08,8.731438844820310016e-19,1.743905223974578324e-18,2.945972083088970892e-16
2.960283696526880509e-08,8.731438844820310016e-19,1.743905223974578324e-18,2.945972083088970892e-16
2.992264636608183199e-08,1.061850055361678678e-18,2.121081390611552178e-18,3.587249984048669707e-16
3.024591077537828384e-08,1.061850055361678678e-18,2.121081390611552178e-18,3.587249984048669707e-16
3.057266751877644744e-08,1.061850055361678678e-18,2.121081390611552178e-18,3.587249984048669707e-16
3.090295432513581438e-08,1.061850055361678678e-18,2.121081390611552178e-18,3.587249984048669707e-16
3.123680933091344429e-08,1.061850055361678678e-18,2.121081390611552178e-18,3.587249984048669707e-16
3.157427108456735162e-08,1.121009655843399019e-18,2.230556559159244960e-18,3.772797397016704432e-16
3.191537855100761085e-08,1.121009655843399019e-18,2.230556559159244960e-18,3.772797397016704432e-16
3.226017111609499478e-08,1.121009655843399019e-18,2.230556559159244960e-18,3.772797397016704432e-16
3.260868859118930989e-08,1.121009655843399019e-18,2.230556559159244960e-18,3.772797397016704432e-16
3.296097121774574116e-08,1.247101651030714928e-18,2.489704809705737183e-18,4.195975707294678124e-16
3.331705967196146971e-08,1.247101651030714928e-18,2.489704809705737183e-18,4.195975707294678124e-16
3.367699506947228523e-08,1.247101651030714928e-18,2.489704809705737183e-18,4.195975707294678124e-16
3.404081897010002690e-08,1.247101651030714928e-18,2.489704809705737183e-18,4.195975707294678124e-16
3.440857338265126335e-08,1.310147648624372979e-18,2.615430198584728082e-18,4.407564862433664970e-16
3.478030076976782017e-08,1.310147648624372979e-18,2.615430198584728082e-18,4.407564862433664970e-16
3.515604405282971763e-08,1.310147648624372979e-18,2.615430198584728082e-18,4.407564862433664970e-16
3.553584661691108768e-08,1.498853819504020655e-18,2.992606365221701936e-18,5.042332327850625015e-16
3.591975231578959294e-08,1.498853819504020655e-18,2.992606365221701936e-18,5.042332327850625015e-16
3.630780547701013530e-08,1.498853819504020655e-18,2.992606365221701936e-18,5.042332327850625015e-16
3.670005090700259583e-08,1.498853819504020655e-18,2.992606365221701936e-18,5.042332327850625015e-16
3.709653389625617383e-08,1.561899817097678706e-18,3.118331754100692835e-18,5.255006555580069144e-16
3.749730022454831971e-08,1.561899817097678706e-18,3.118331754100692835e-18,5.255006555580069144e-16
3.790239616623081612e-08,1.561899817097678706e-18,3.118331754100692835e-18,5.255006555580069144e-16
3.831186849557282214e-08,1.616741198566134667e-18,3.228662197402664810e-18,5.447064404090841160e-16
3.872576449216165457e-08,1.616741198566134667e-18,3.228662197402664810e-18,5.447064404090841160e-16
3.914413194636190865e-08,1.616741198566134667e-18,3.228662197402664810e-18,5.447064404090841160e-16
3.956701916483355350e-08,1.735060399529575156e-18,3.463862754829348876e-18,5.850711407740600515e-16
3.999447497610965066e-08,1.735060399529575156e-18,3.463862754829348876e-18,5.850711407740600515e-16
4.042654873623431788e-08,1.860720572815564782e-18,3.715313532587331060e-18,6.273889718018574207e-16
4.086329033446161975e-08,1.860720572815564782e-18,3.715313532587331060e-18,6.273889718018574207e-16
4.130475019901600056e-08,1.860720572815564782e-18,3.715313532587331060e-18,6.273889718018574207e-16
4.175097930291511298e-08,1.986812568002880883e-18,3.966764310345313629e-18,6.697068028296548885e-16
4.220202916985481773e-08,1.986812568002880883e-18,3.966764310345313629e-18,6.697068028296548885e-16
4.265795188015923932e-08,2.057631359820414548e-18,4.107884644801324223e-18,6.930358635244662170e-16
4.311880007679358157e-08,2.057631359820414548e-18,4.107884644801324223e-18,6.930358635244662170e-16
4.358462697144272729e-08,2.057631359820414548e-18,4.107884644801324223e-18,6.930358635244662170e-16
4.405548635065526447e-08,2.112904563190196985e-18,4.218215088103296198e-18,7.120246338574522577e-16
4.453143258205395839e-08,2.112904563190196985e-18,4.218215088103296198e-18,7.120246338574522577e-16
4.501252062061327156e-08,2.317156322517595695e-18,4.627036420648587093e-18,7.802756997971561675e-16
4.549880601500475226e-08,2.317156322517595695e-18,4.627036420648587093e-18,7.802756997971561675e-16
4.599034491401090033e-08,2.372429525887378133e-18,4.736511589196279875e-18,7.994814846482334677e-16
4.648719407300841696e-08,2.372429525887378133e-18,4.736511589196279875e-18,7.994814846482334677e-16
4.698941086052139414e-08,2.494203302061429856e-18,4.972567421377243134e-18,8.390866341998899458e-16
4.749705326484539690e-08,2.494203302061429856e-18,4.972567421377243134e-18,8.390866341998899458e-16
4.801017990074320577e-08,2.557249299655088099e-18,5.105990283044744073e-18,8.603540569728342601e-16
4.852885001621208072e-08,2.557249299655088099e-18,5.105990283044744073e-18,8.603540569728342601e-16
4.905312349932583513e-08,2.745955470534735583e-18,5.483166449681717927e-18,9.239393107735760422e-16
4.958306088514909963e-08,2.745955470534735583e-18,5.483166449681717927e-18,9.239393107735760422e-16
5.011872336272716368e-08,2.809001468128393827e-18,5.608891838560709211e-18,9.450982262874746775e-16
5.066017278215114356e-08,2.872047465722051685e-18,5.734617227439699725e-18,9.662571418013733128e-16
5.120747166169950247e-08,2.872047465722051685e-18,5.734617227439699725e-18,9.662571418013733128e-16
5.176068319505665054e-08,2.998139460909367787e-18,5.986068005197682294e-18,1.009334523642490238e-15
5.231987125860965726e-08,2.998139460909367787e-18,5.986068005197682294e-18,1.009334523642490238e-15
5.288510041882365189e-08,3.116026839971481992e-18,6.221268562624366361e-18,1.048939673194146618e-15
5.345643593969700377e-08,3.242118835158798094e-18,6.472719340382348929e-18,1.091257504221944085e-15
5.403394379029700392e-08,3.242118835158798094e-18,6.472719340382348929e-18,1.091257504221944085e-15
5.461769065237694114e-08,3.304733010851129475e-18,6.598444729261340214e-18,1.112524926994888301e-15
5.520774392807571753e-08,3.360006214220911913e-18,6.707919897809032996e-18,1.131730711845965700e-15
5.580417174769961297e-08,3.548712385100559782e-18,7.085096064446006849e-18,1.195207458387661803e-15
5.640704297759009623e-08,3.548712385100559782e-18,7.085096064446006849e-18,1.195207458387661803e-15
5.701642722807468503e-08,3.611758382694217640e-18,7.210821453324998134e-18,1.216474881160606019e-15
5.763239486150466666e-08,3.733532158868269363e-18,7.454574758294470277e-18,1.256080030712262595e-15
5.825501700037946082e-08,3.859192332154259374e-18,7.706025536052452846e-18,1.299048905294333743e-15
5.888436553555878271e-08,3.859192332154259374e-18,7.706025536052452846e-18,1.299048905294333743e-15
5.952051313456344680e-08,3.985284327341575090e-18,7.957476313810435415e-18,1.341475243581176791e-15
6.016353324996595611e-08,4.048330324935232949e-18,8.083201702689426700e-18,1.362634159095075426e-15
6.081350012787161807e-08,4.111376322528890807e-18,8.208927091568417984e-18,1.383793074608974062e-15
6.147048881649141798e-08,4.300082493408538676e-18,8.586103258205391837e-18,1.447378328409715745e-15
6.213457517480736454e-08,4.354923874876995022e-18,8.695578426753083849e-18,1.465933069706519267e-15
6.280583588133155830e-08,4.481015870064310739e-18,8.947029204511066418e-18,1.508250900734316735e-15
6.348434844296010797e-08,4.544061867657968597e-18,9.072754593390057702e-18,1.530060859802489050e-15
6.417019120392145115e-08,4.732768038537616466e-18,9.449930760027031556e-18,1.593646113603230734e-15
6.486344335482377794e-08,4.732768038537616466e-18,9.449930760027031556e-18,1.593646113603230734e-15
6.556418494179781193e-08,4.795814036131274325e-18,9.575656148906022840e-18,1.614696521858083788e-15
6.627249687573952785e-08,4.858860033724932954e-18,9.701381537785014125e-18,1.635963944631028201e-15
6.698846094165251469e-08,5.106725805086300393e-18,1.019573034575819041e-17,1.717995432469527629e-15
6.771215980809129456e-08,5.232385978372290403e-18,1.044718112351617298e-17,1.760964307051598974e-15
6.844367703670651050e-08,5.287659181742072456e-18,1.055751156681814496e-17,1.779519048348402496e-15
6.918309709189346557e-08,5.358477973559606120e-18,1.069863190127415555e-17,1.803390645338442022e-15
6.993050535054470138e-08,5.539411350215378183e-18,1.106041312233410856e-17,1.864371724922088198e-15
7.068598811190803219e-08,5.602457347809036042e-18,1.118613851121309984e-17,1.885422133176941450e-15
7.144963260755133171e-08,5.728549342996352529e-18,1.143758928897108241e-17,1.927848471463784498e-15
7.222152701143366221e-08,5.783390724464808105e-18,1.154706445751877596e-17,1.946945749055816119e-15
7.300176045008776194e-08,6.039029290050052120e-18,1.204996601303474110e-17,2.031689918370456438e-15
7.379042301291003960e-08,6.102075287643709978e-18,1.218338887470224127e-17,2.052957341143400851e-15
7.458760576256290662e-08,6.232053679942963983e-18,1.244253712524873272e-17,2.097879346388293235e-15
7.539340074548936763e-08,6.479919451304331422e-18,1.293774120797618897e-17,2.180019341485838440e-15
7.620790100254107378e-08,6.542965448897989281e-18,1.306346659685518026e-17,2.201069749740691692e-15
7.703120057972130775e-08,6.605579624590321433e-18,1.318919198573417000e-17,2.222988216067909588e-15
7.786339453904391968e-08,6.857331793063627160e-18,1.369209354125013514e-17,2.307732385382549907e-15
7.870457896950966979e-08,6.967446377901865559e-18,1.391189915309980067e-17,2.345384404271385050e-15
7.955485099820108945e-08,7.223084943487108804e-18,1.441480070861576581e-17,2.430128573586025763e-15
8.041430880149725030e-08,7.286130941080766663e-18,1.453967082274047713e-17,2.451287489099924398e-15
8.128305161640965918e-08,7.537883109554073161e-18,1.505112512579922957e-17,2.535923151155518940e-15
8.216117975204089333e-08,7.593156312923854443e-18,1.516060029434692312e-17,2.555128936006596338e-15
8.304879460116564515e-08,7.774089689579626506e-18,1.552152624065259925e-17,2.616001508331197131e-15
8.394599865193969534e-08,8.025841858052933004e-18,1.602442779616856438e-17,2.700745677645837450e-15
8.485289549973253972e-08,8.088887855646590862e-18,1.615015318504755413e-17,2.722664143973055739e-15
8.576958985908930759e-08,8.340640024119895819e-18,1.665305474056351926e-17,2.807299806028650281e-15
8.669618757582153499e-08,8.529346194999544458e-18,1.703023090720049466e-17,2.870776552570346581e-15
8.763279563922865902e-08,8.596278589705140605e-18,1.715595629607948440e-17,2.892043975343290599e-15
8.857952219445150371e-08,8.840257963954570526e-18,1.765116037880694066e-17,2.974726506736063904e-15
8.953647655495917348e-08,9.029395956735544101e-18,1.802748127068963455e-17,3.038311760536805588e-15
9.050376921517098231e-08,9.281148125208849058e-18,1.853038282620559968e-17,3.122947422592400523e-15
9.148151186321455664e-08,9.462081501864621121e-18,1.889216404726555423e-17,3.184471038471275193e-15
9.246981739382196489e-08,9.709947273225989331e-18,1.938651285523872898e-17,3.266611033568820398e-15
9.346879992136498546e-08,9.835607446511978571e-18,1.963796363299671155e-17,3.308928864596617669e-15
9.447857479303168357e-08,1.009556423111048658e-17,2.014856266130118557e-17,3.396277208128353495e-15
9.549925860214355592e-08,1.027649760776625864e-17,2.051718608039537057e-17,3.457800824007227770e-15
9.653096920161996645e-08,1.052004516011436209e-17,2.100469269033431794e-17,3.539940819104772976e-15
9.757382571758464530e-08,1.083095692906938816e-17,2.161792468915225197e-17,3.643782266011444916e-15
9.862794856312092163e-08,1.101966309994903680e-17,2.199510085578922737e-17,3.707259012553140822e-15
9.969345945217510761e-08,1.127141526842234175e-17,2.250484460933942297e-17,3.792003181867781535e-15
1.007704814136102309e-07,1.157066784604155450e-17,2.310268166258033923e-17,3.893240454557358361e-15
1.018591388054114787e-07,1.175980583882252807e-17,2.347900255446303312e-17,3.957476751912373527e-15
1.029595573290451531e-07,1.207417218298816595e-17,2.410762949885799108e-17,4.063379836740912876e-15
1.040718640439727924e-07,1.225942377865720124e-17,2.447710819270645451e-17,4.124252409065514063e-15
1.051961873823219803e-07,1.258199473894804063e-17,2.512113008267843024e-17,4.232759668111148130e-15
1.063326571637157753e-07,1.282597411319747209e-17,2.560778141786309611e-17,4.315550706762967213e-15
1.074814046102622819e-07,1.307772628167077705e-17,2.611068297337906125e-17,4.400294876077607137e-15
1.086425623617065222e-07,1.344347943209425946e-17,2.684108761353320079e-17,4.522691064281082599e-15
1.098162644907441289e-07,1.375827759816122228e-17,2.746971455792815568e-17,4.629136685404850441e-15
1.110026465185043144e-07,1.394698376904086938e-17,2.784689072456512799e-17,4.692721939205591730e-15
1.122018454301962231e-07,1.425400914088395870e-17,2.845926744862878668e-17,4.795912342557990188e-15
1.134139996909262527e-07,1.456880730695092151e-17,2.908789439302374464e-17,4.902466470940802625e-15
1.146392492616859073e-07,1.499760645496806179e-17,2.994402442205687393e-17,5.046130081917222894e-15
1.158777356155123783e-07,1.530463182681115111e-17,3.055640114612053263e-17,5.149971528823894439e-15
1.171296017538235880e-07,1.568204416857044530e-17,3.131075347939447725e-17,5.277033529166332423e-15
1.183949922229298931e-07,1.592990993993181197e-17,3.180510228736765200e-17,5.359716060559106122e-15
1.196740531307240213e-07,1.630775410359243419e-17,3.255945462064160279e-17,5.486886568160589489e-15
1.209669321635515986e-07,1.667739365112785489e-17,3.329841200833852964e-17,5.611886930581159670e-15
1.222737786032629156e-07,1.699219181719481771e-17,3.392618367797920610e-17,5.717790015409699019e-15
1.235947433444508285e-07,1.742876375943583455e-17,3.479856392734363467e-17,5.864057800603214007e-15
1.249299789118730487e-07,1.779883512887258019e-17,3.553666604028628618e-17,5.988407119469511100e-15
1.262796394780635729e-07,1.817624747063187439e-17,3.629101837356023081e-17,6.116120163366222172e-15
1.276438808811342715e-07,1.854243244295668328e-17,3.702142301371437344e-17,6.238624858828743806e-15
1.290228606427678799e-07,1.898289078230963688e-17,3.790150073586731089e-17,6.386845774685079636e-15
1.304167379864075283e-07,1.941989454645197866e-17,3.876532823768894907e-17,6.533113559878594624e-15
1.318256738556404799e-07,1.979730688821127594e-17,3.952737804375140874e-17,6.660175560221032608e-15
1.332498309327817163e-07,2.023819704946555447e-17,4.040745576590434619e-17,6.809156026890688487e-15
1.346893736576579522e-07,2.072961037317502613e-17,4.138075843627367792e-17,6.973870046121961220e-15
1.361444682465946456e-07,2.117050053442930466e-17,4.226853363121512426e-17,7.122090961978298628e-15
1.376152827116080713e-07,2.154014008196472536e-17,4.300749101891205111e-17,7.247199831657914192e-15
1.391019868798051013e-07,2.216585001698671424e-17,4.424849468737066777e-17,7.457052870652171258e-15
1.406047524129911441e-07,2.266158155970945066e-17,4.524574505085980765e-17,7.624371064100538709e-15
1.421237528274926214e-07,2.303122110724487137e-17,4.598470243855673451e-17,7.749479933780155851e-15
1.436591635141908595e-07,2.353083904707954453e-17,4.698195280204587440e-17,7.916147083674249426e-15
1.452111617587741167e-07,2.402657058980228095e-17,4.797150569274650540e-17,8.083682291640709221e-15
1.467799267622067974e-07,2.465228052482426984e-17,4.922106210874791244e-17,8.293426823375919326e-15
1.483656396614223336e-07,2.514801206754700625e-17,5.021061499944854344e-17,8.460853524083333739e-15
1.499684835502371173e-07,2.576594920834511856e-17,5.144392119511864505e-17,8.667993881601449914e-15
1.515886435004915427e-07,2.627722633951560505e-17,5.246426397697331775e-17,8.840086394447825271e-15
1.532263065834193501e-07,2.689084526130045568e-17,5.369072797460919198e-17,9.047877795520215323e-15
1.548816618912477606e-07,2.745350919872878824e-17,5.481284845222304319e-17,9.236463411741528370e-15
1.565549005590308355e-07,2.802005953326905755e-17,5.594437695213396012e-17,9.427002158625661471e-15
1.582462157867191841e-07,2.870061084975950432e-17,5.730340853668305455e-17,9.656060982470995542e-15
1.599558028614666297e-07,2.925161559585202049e-17,5.840329187068566678e-17,9.842042424475213082e-15
1.616838591801806088e-07,2.994771250079022041e-17,5.979396862114307825e-17,1.007489900238714345e-14
1.634305842723134188e-07,3.069130981487432350e-17,6.127017284702836895e-17,1.032500823448733078e-14
1.651961798229011174e-07,3.124231456096683966e-17,6.237775365381949006e-17,1.051109818375059370e-14
1.669808496958513169e-07,3.199757106638675915e-17,6.388645832036737931e-17,1.076587322798974354e-14
1.687847999574810915e-07,3.262328100140874803e-17,6.513515946161450485e-17,1.097550925246590827e-14
1.706082389003121183e-07,3.336687831549285112e-17,6.661991643504258594e-17,1.122518445552991248e-14
1.724513770671198747e-07,3.410658923246501746e-17,6.809612066092788897e-17,1.147529368763009980e-14
1.743144272752442782e-07,3.485795934077299404e-17,6.959712785468726934e-17,1.172735605039310875e-14
1.761976046411625093e-07,3.566460265245075345e-17,7.120761021699434942e-17,1.199808166171196622e-14
1.781011266053273791e-07,3.641208636364679945e-17,7.270006466321093940e-17,1.225025253173402055e-14
1.800252129572740211e-07,3.722607064764710741e-17,7.432594197109503725e-17,1.252423336082424740e-14
1.819700858609981100e-07,3.809575995691852930e-17,7.606214972228111632e-17,1.281600938039795812e-14
1.839359698806067195e-07,3.890628966570822545e-17,7.768032955737669296e-17,1.308933916593390951e-14
1.859230920062494417e-07,3.971293297738599102e-17,7.929081191968377304e-17,1.336071582080704086e-14
1.879316816803264333e-07,4.058219046475608181e-17,8.102616439611557060e-17,1.365249184038075157e-14
1.899619708239812774e-07,4.145576617113944044e-17,8.277006962009014623e-17,1.394763158498487706e-14
1.920141938638799826e-07,4.233322827463473582e-17,8.452167231685323074e-17,1.424212028603473024e-14
1.940885877592775769e-07,4.332857775719214541e-17,8.650933084579728314e-17,1.457632264389528361e-14
1.961853920293806600e-07,4.420172164167417294e-17,8.825323606977185877e-17,1.487157089575845448e-14
1.983048487810020231e-07,4.531539032519502783e-17,9.047609515614259754e-17,1.524613795398398191e-14
2.004472027365157011e-07,4.619285242869032321e-17,9.222769785290568205e-17,1.554051814777478971e-14
2.026127012621138590e-07,4.717999729512252821e-17,9.419910616151843517e-17,1.587276737497251987e-14
2.048015943963688222e-07,4.830143877286725659e-17,9.643821546822047321e-17,1.624993860741514597e-14
2.070141348791036128e-07,4.935983425301832249e-17,9.855074411128923077e-17,1.660605943160291724e-14
2.092505781805749603e-07,5.035518373557573208e-17,1.005384026402332832e-16,1.694026178946347061e-14
2.115111825309695834e-07,5.153967121091411062e-17,1.028946845882715175e-16,1.733870044467903914e-14
2.137962089502227932e-07,5.265679446964557732e-17,1.051337938949735555e-16,1.771587167712166524e-14
2.161059212781556351e-07,5.384862291730650442e-17,1.075140235361315980e-16,1.811615495574101002e-14
2.184405862049398837e-07,5.489924560323369683e-17,1.096111572336233501e-16,1.846956309845264197e-14
2.208004733018897558e-07,5.626423463332653328e-17,1.123369178755100479e-16,1.892952536954708321e-14
2.231858550525901061e-07,5.731874371636566243e-17,1.144340515730017876e-16,1.928293351225871516e-14
2.255970068843572426e-07,5.875886975728929038e-17,1.173171827696757891e-16,1.976861200374697374e-14
2.280342072000413612e-07,6.000208501120805739e-17,1.197914926338045135e-16,2.018560540025934856e-14
2.304977374101722662e-07,6.124141386801489998e-17,1.222743552454760283e-16,2.060238178225362946e-14
2.329878819654522428e-07,6.255544791375121529e-17,1.248974829168492661e-16,2.104595945723218154e-14
2.355049283896003153e-07,6.399557395467484324e-17,1.277643638931919682e-16,2.152892526724430081e-14
2.380491673125511738e-07,6.536488120378093521e-17,1.305063747554099653e-16,2.199094917626060906e-14
2.406208925040112320e-07,6.685164401004781645e-17,1.334750334275118706e-16,2.249051659690671141e-14
2.432204009073810787e-07,6.828011085963562183e-17,1.363265194582775550e-16,2.297098673996077898e-14
2.458479926740402483e-07,6.977896467913965057e-17,1.393199810982535253e-16,2.347521997274584069e-14
2.485039711980045264e-07,7.133697809912539272e-17,1.424229179067772077e-16,2.399865899038198098e-14
2.511886431509578038e-07,7.295371929769152334e-17,1.456592775769683857e-16,2.454336543079106687e-14
2.539023185176597999e-07,7.450784632056532875e-17,1.487622143854920434e-16,2.506626191213197867e-14
2.566453106317412521e-07,7.618374711961318510e-17,1.521080492242309334e-16,2.562930607931977377e-14
2.594179362118809574e-07,7.780869293430451416e-17,1.553521063672105955e-16,2.617661669394595201e-14
2.622205153983762084e-07,7.948070733624043377e-17,1.586902437331609766e-16,2.673976936839279407e-14
2.650533717901073638e-07,8.122785874900715103e-17,1.621780541811101279e-16,2.732614259627540178e-14
2.679168324819024833e-07,8.302553332422905834e-17,1.657676423248184576e-16,2.793237265256336037e-14
2.708112281023049392e-07,8.478045753121964910e-17,1.692640055203103993e-16,2.852135005466306674e-14
2.737368928517498785e-07,8.670422410162886905e-17,1.731127419145652359e-16,2.916924689842454714e-14
2.766941645411507040e-07,8.851398969008791153e-17,1.767262777513933985e-16,2.977732157811628198e-14
2.796833846309071641e-07,9.050080225809079396e-17,1.806930420617387129e-16,3.044702838094593332e-14
2.827048982703299727e-07,9.249927401742948662e-17,1.846828987904495539e-16,3.111803727088414187e-14
2.857590543374939735e-07,9.448651840733369398e-17,1.886496631007948683e-16,3.178774407371379321e-14
2.888462054795215447e-07,9.660287754573451318e-17,1.928764309364409464e-16,3.249922617127601648e-14
2.919667081532991026e-07,9.871189571181277149e-17,1.970869485517557253e-16,3.320875513817541970e-14
2.951209226666380850e-07,1.008995054639324393e-16,2.014539814471035510e-16,3.394389181820959016e-14
2.983092132198759157e-07,1.031458429946324955e-16,2.059398975332961113e-16,3.470029592101670620e-14
3.015319479479285963e-07,1.053805213339967415e-16,2.104010106516146066e-16,3.545279376249818215e-14
3.047894989627975724e-07,1.076311770837100718e-16,2.148937689358414189e-16,3.620908935804625439e-14
3.080822423965352150e-07,1.100545615939539680e-16,2.197329134955511557e-16,3.702452140977419775e-14
3.114105584446750057e-07,1.124149001066042140e-16,2.244463326663819059e-16,3.781868603872919551e-14
3.147748314101311366e-07,1.149091034086656462e-16,2.294265975605476718e-16,3.865777267292908604e-14
3.181754497475696430e-07,1.173959657384045052e-16,2.343914675091364199e-16,3.949425513291187476e-14
3.216128061082646746e-07,1.200633296228978528e-16,2.397172634040308287e-16,4.039226120877354880e-14
3.250872973854336043e-07,1.226205789225529228e-16,2.448232536870755320e-16,4.125261526574637862e-14
3.285993247600651634e-07,1.253626479959757309e-16,2.502893146416717130e-16,4.217373338778476819e-14
3.321492937472394919e-07,1.281008306722865899e-16,2.557647836185648920e-16,4.309496001708220788e-14
3.357376142429541835e-07,1.309651053437847739e-16,2.614831506256733279e-16,4.405904701370266386e-14
3.393647005714506112e-07,1.337667658395906203e-16,2.670766475186570093e-16,4.500219210932731829e-14
3.430309715330541361e-07,1.366975410838930662e-16,2.729207399146443826e-16,4.598689548516645073e-14
3.467368504525308478e-07,1.396797031344533521e-16,2.788828602267222583e-16,4.699080464585665859e-14
3.504827652279667651e-07,1.427287975797192248e-16,2.849707059276791206e-16,4.801598122931981205e-14
3.542691483801745802e-07,1.457740056278731732e-16,2.910499988810932172e-16,4.904104930552392171e-14
3.580964371026355674e-07,1.490238972572558559e-16,2.975389684418068723e-16,5.013491098396295894e-14
3.619650733119771361e-07,1.522616978734013912e-16,3.040039903094006947e-16,5.122356431396780515e-14
3.658755036990025416e-07,1.556726590719788173e-16,3.108145431777232092e-16,5.237113708563443486e-14
3.698281797802653986e-07,1.590995976809053153e-16,3.176558859371997101e-16,5.352391820573525558e-14
3.738235579502044526e-07,1.626444236688939399e-16,3.247332845288572157e-16,5.471641298264677807e-14
3.778620995338415761e-07,1.661970224511064380e-16,3.318269333408460207e-16,5.591086089022112062e-14
3.819442708400461121e-07,1.698679404342823875e-16,3.391557827102614997e-16,5.714578200541947787e-14
3.860705432153807583e-07,1.735384265955569875e-16,3.464846320796769787e-16,5.838070312061784775e-14
3.902413930985230109e-07,1.773350047520189124e-16,3.540649322268504310e-16,5.965859311039828404e-14
3.944573020752775717e-07,1.812576749036681623e-16,3.618966831517818566e-16,6.097814988765223583e-14
3.987187569341826320e-07,1.851172990577237497e-16,3.696027086878343449e-16,6.227654774939229846e-14
4.030262497227163851e-07,1.892247889831407130e-16,3.777953855590714312e-16,6.365762814252512927e-14
4.073802778041115491e-07,1.934695982731794495e-16,3.862711583739748573e-16,6.508580068608376682e-14
4.117813439147837775e-07,1.975654290072605903e-16,3.944561377724234594e-16,6.646427690499950843e-14
4.162299562223769741e-07,2.019877170987445164e-16,4.032859943355983434e-16,6.795191142651516114e-14
4.207266283844432473e-07,2.064056869712151685e-16,4.121064428764761309e-16,6.943889490447652577e-14
4.252718796077491928e-07,2.109536352359850700e-16,4.211877502174089882e-16,7.096830472072474410e-14
4.298662347082266087e-07,2.155020153226563211e-16,4.302605048107990305e-16,7.249771453697296242e-14
4.345102241715710859e-07,2.202231241698581134e-16,4.396941853504947828e-16,7.408593528762390783e-14
4.392043842144912250e-07,2.251450302011767158e-16,4.495212922771587451e-16,7.574305814776883723e-14
4.439492568466273270e-07,2.300587316163700951e-16,4.593321489834915067e-16,7.739486415222052549e-14
4.487453899331312994e-07,2.350436836452823599e-16,4.692841260242802234e-16,7.907314592787935669e-14
4.535933372579265175e-07,2.402644104323188286e-16,4.797082147294308513e-16,8.082879337923771492e-14
4.584936585876501832e-07,2.454967964106910951e-16,4.901562511277012626e-16,8.258910664273503884e-14
4.634469197362867557e-07,2.508479334119281873e-16,5.008394880833983973e-16,8.438978460659733997e-14
4.684536926305002387e-07,2.563204123674379562e-16,5.117656230693107889e-16,8.623028473452939298e-14
4.735145553756682333e-07,2.619893702880512365e-16,5.230851844421913905e-16,8.813675727596117782e-14
4.786300923226374516e-07,2.677179196310476045e-16,5.345219184564081636e-16,9.006460574742496468e-14
4.838008941351925909e-07,2.736312887478116858e-16,5.463281311644734619e-16,9.205386932750858044e-14
4.890275578582578388e-07,2.796077038621694050e-16,5.582609245361719296e-16,9.406429182310609799e-14
4.943106869868349783e-07,2.857015745336879012e-16,5.704280631905429379e-16,9.611453648277335479e-14
4.996508915356830185e-07,2.920554019898048961e-16,5.831143536207611428e-16,9.825212948597234545e-14
5.050487881097578777e-07,2.983466152702296027e-16,5.956740633873460795e-16,1.003683465591393593e-13
5.105049999754053968e-07,3.050035817010777379e-16,6.089573355960509006e-16,1.026071768350279308e-13
5.160201571323270586e-07,3.116013885314441843e-16,6.221388301089966172e-16,1.048274523696196896e-13
5.215948963863232830e-07,3.184470611331720313e-16,6.357984232095841168e-16,1.071297593920499664e-13
5.272298614228213926e-07,3.254304849214229518e-16,6.497496650013807218e-16,1.094791585649060373e-13
5.329257028811989423e-07,3.326302514822384293e-16,6.641251230712996709e-16,1.119019086448769577e-13
5.386830784299102475e-07,3.399241552175430880e-16,6.786887415871599593e-16,1.143556918009349239e-13
5.445026528424203469e-07,3.473363781538111734e-16,6.934875606604469710e-16,1.168485375702493291e-13
5.503850980739683163e-07,3.549221934944124747e-16,7.086319107344625271e-16,1.194010623320388244e-13
5.563310933391507219e-07,3.627671019758096249e-16,7.242954125843254770e-16,1.220409354373600788e-13
5.623413251903487185e-07,3.706081240600948752e-16,7.399512169613997947e-16,1.246780958612051813e-13
5.684164875969966751e-07,3.788308767051526507e-16,7.563682158697823831e-16,1.274450309668688461e-13
5.745572820257169972e-07,3.870497429530984771e-16,7.727775173053764379e-16,1.302092533910563842e-13
5.807644175213111942e-07,3.956300441324545319e-16,7.899095259083360957e-16,1.330959805107064297e-13
5.870386107886296364e-07,4.042267545440610329e-16,8.070731796772040705e-16,1.359878074715316287e-13
5.933805862753266749e-07,4.131222857113853754e-16,8.248338152245587601e-16,1.389810887195644962e-13
5.997910762555080030e-07,4.220843174515140046e-16,8.427287289083351529e-16,1.419948778395570025e-13
6.062708209142825443e-07,4.313654655767228213e-16,8.612582564597864495e-16,1.451178252621493822e-13
6.128205684332280770e-07,4.409415480605376291e-16,8.803779235916902090e-16,1.483392972759552285e-13
6.194410750767805475e-07,4.504787665732330941e-16,8.994112079734117337e-16,1.515469888678622654e-13
6.261331052795514149e-07,4.604322613988071284e-16,9.192929249113778481e-16,1.548955228820105473e-13
6.328974317345999191e-07,4.705748942171622240e-16,9.395432652684384032e-16,1.583082931935138223e-13
6.397348354826466139e-07,4.808436190307045953e-16,9.600450564032567344e-16,1.617634898433039763e-13
6.466461060022591887e-07,4.913757552040561141e-16,9.810736967867106972e-16,1.653052752858125133e-13
6.536320413010041188e-07,5.020650745494904026e-16,1.002416223004985282e-15,1.689019654013981625e-13
6.606934480075950626e-07,5.130298962679710354e-16,1.024300993417472565e-15,1.725901271363592733e-13
6.678311414650263572e-07,5.243570165616644973e-16,1.046923865942902321e-15,1.764005765522647913e-13
6.750459458247161776e-07,5.358097970286439345e-16,1.069790491773301812e-15,1.802541033500114636e-13
6.823386941416681478e-07,5.476365352621719986e-16,1.093402917189432409e-15,1.842320879738834698e-13
6.897102284706587075e-07,5.595846154499728380e-16,1.117259095910532346e-15,1.882530414723375298e-13
6.971613999634654838e-07,5.719070852262237033e-16,1.141861074217363586e-15,1.923983442896578987e-13
7.046930689671448175e-07,5.844260339675781292e-16,1.166857334185917120e-15,1.966098365349960870e-13
7.123061051233727406e-07,5.973189404754811820e-16,1.192598538465447773e-15,2.009457866064596344e-13
7.200013874688531087e-07,6.103137569520973141e-16,1.218544153411251016e-15,2.053175440734082560e-13
7.277798045368225355e-07,6.236980767837097708e-16,1.245267213108693680e-15,2.098215718891334917e-13
7.356422544596409056e-07,6.373976266032906632e-16,1.272611202277742942e-15,2.144288986154701720e-13
7.435896450724900186e-07,6.513290647838838102e-16,1.300435000583942451e-15,2.191163036989825060e-13
7.516228940182046099e-07,6.655869603218796933e-16,1.328901965505359876e-15,2.239121075342814634e-13
7.597429288532216671e-07,6.802188136264242034e-16,1.358115585287262589e-15,2.288358414279952069e-13
7.679506871546827696e-07,6.951494876866867522e-16,1.387925331572897636e-15,2.338580999129224171e-13
7.762471166286901937e-07,7.104066191043519385e-16,1.418387652496047598e-15,2.389907102802989761e-13
7.846331752197339340e-07,7.259077298962666750e-16,1.449337480029136242e-15,2.442062201935864413e-13
7.931098312213006537e-07,7.418415262333104268e-16,1.481143437591258206e-15,2.495652852105912783e-13
8.016780633876768460e-07,7.581492803369028055e-16,1.513710589684688342e-15,2.550514122279385257e-13
8.103388610469606048e-07,7.747087866089685338e-16,1.546772945860845990e-15,2.606228259508956809e-13
8.190932242152958763e-07,7.917605698485464638e-16,1.580818012729669833e-15,2.663591707076021972e-13
8.279421637123325788e-07,8.090636734346962460e-16,1.615365125879255636e-15,2.721802596336233456e-13
8.368867012779495426e-07,8.268659631387794287e-16,1.650908634117576137e-15,2.781686667530928567e-13
8.459278696902253418e-07,8.449126640390133633e-16,1.686932806767801266e-15,2.842396478966960985e-13
8.550667128846824273e-07,8.634671874952071971e-16,1.723985874947423987e-15,2.904829385676638064e-13
8.643042860748347389e-07,8.824461918804049466e-16,1.761879678210502764e-15,2.968670716608727089e-13
8.736416558740205829e-07,9.016886076254118436e-16,1.800299475447462990e-15,3.033411572718304975e-13
8.830799004185611174e-07,9.214824599384123351e-16,1.839811458545637443e-15,3.099987286578344346e-13
8.926201094922465601e-07,9.417124523717527374e-16,1.880210361563998956e-15,3.168050634959899470e-13
9.022633846521678040e-07,9.623798803911368526e-16,1.921473092084182224e-15,3.237570150757846572e-13
9.120108393559073077e-07,9.833456973443373119e-16,1.963333659657606389e-15,3.308109634790823369e-13
9.218635990901042977e-07,1.005011929421489430e-15,2.006591746179521997e-15,3.381004811417680499e-13
9.318228015004101625e-07,1.027051687443288875e-15,2.050597342836677469e-15,3.455142396160609713e-13
9.418895965228397580e-07,1.049520676435006637e-15,2.095450516775323250e-15,3.530724212521437158e-13
9.520651465165583272e-07,1.072489283366559297e-15,2.141316336023035176e-15,3.607999827195966490e-13
9.623506263980863533e-07,1.096020554235540049e-15,2.188299144099835393e-15,3.687161298032708590e-13
9.727472237769643802e-07,1.120043238428230501e-15,2.236262097045039256e-15,3.767977504569897059e-13
9.832561390928725054e-07,1.144632904777362443e-15,2.285357433764908280e-15,3.850700183648517566e-13
9.938785857542500754e-07,1.169780485023008075e-15,2.335568048764356836e-15,3.935302208453807833e-13
1.004615790278393452e-06,1.195357728060473423e-15,2.386633938518084135e-15,4.021345209659224576e-13
1.015468992433078228e-06,1.221501089610577857e-15,2.438832212046476595e-15,4.109302278914206107e-13
1.026439445379708006e-06,1.248262388301480370e-15,2.492262936495785054e-15,4.199323156236236033e-13
1.037528415818010073e-06,1.275661056118740756e-15,2.546966309779460447e-15,4.291496817577730906e-13
1.048737184132294908e-06,1.303543364465486648e-15,2.602636143535470981e-15,4.385295917659729374e-13
1.060067044539295408e-06,1.332169270126316790e-15,2.659783036792121038e-15,4.481590684699777526e-13
1.071519305237604675e-06,1.361428658516392610e-15,2.718209421081172281e-15,4.580030640251157873e-13
1.083095288558719354e-06,1.391176005654967333e-15,2.777594568369769836e-15,4.680098204688222818e-13
1.094796331119733627e-06,1.421745973515568894e-15,2.838637238132160015e-15,4.782945725102037138e-13
1.106623783977665654e-06,1.452869968875572343e-15,2.900779791228552855e-15,4.887650889790711701e-13
1.118579012785450546e-06,1.484730220577337249e-15,2.964390851078042601e-15,4.994839785638942202e-13
1.130663397949637571e-06,1.517286569184040417e-15,3.029392587677989537e-15,5.104356162193700510e-13
1.142878334789769992e-06,1.550519582710122051e-15,3.095745658389696910e-15,5.216156616551369610e-13
1.155225233699497087e-06,1.584579103355342521e-15,3.163747698827654289e-15,5.330743537321330588e-13
1.167705520309425126e-06,1.619251811100446470e-15,3.232967650515704586e-15,5.447374734851711950e-13
1.180320635651726788e-06,1.654790753579611248e-15,3.303923809954941012e-15,5.566931288085963280e-13
1.193072036326530410e-06,1.691084520742294676e-15,3.376395516258759529e-15,5.689036676835196579e-13
1.205961194670104941e-06,1.728169817450109349e-15,3.450438362286188337e-15,5.813801578503638420e-13
1.218989598924862632e-06,1.766029370827002270e-15,3.526029255618861738e-15,5.941152208155136745e-13
1.232158753411201905e-06,1.804672249132901631e-15,3.603175038454814377e-15,6.071152585072530364e-13
1.245470178701192937e-06,1.844262976512212012e-15,3.682229794542317022e-15,6.204355011204360893e-13
1.258925411794164420e-06,1.884782984623177008e-15,3.763130233549553827e-15,6.340667255380439016e-13
1.272526006294165004e-06,1.925998225995277861e-15,3.845421349307247428e-15,6.479309150408226455e-13
1.286273532589344128e-06,1.968198021302402526e-15,3.929676175900765841e-15,6.621280048143535149e-13
1.300169578033288639e-06,2.011388847873071592e-15,4.015902410802896316e-15,6.766574523223410825e-13
1.314215747128297648e-06,2.055457136547236082e-15,4.103896498622122025e-15,6.914838841983364745e-13
1.328413661710648534e-06,2.100461615103475992e-15,4.193751664306657976e-15,7.066233595166786034e-13
1.342764961137860896e-06,2.146591421534572480e-15,4.285853636770685226e-15,7.221419591981262383e-13
1.357271302477984916e-06,2.193653531450632980e-15,4.379817542374776507e-15,7.379742533654746583e-13
1.371934360700933810e-06,2.241703218055027084e-15,4.475752856287481428e-15,7.541395563108342286e-13
1.386755828871884330e-06,2.290874346137165572e-15,4.573927279506888029e-15,7.706812709378230774e-13
1.401737418346767726e-06,2.341040823701861660e-15,4.674088505980484353e-15,7.875579474734858272e-13
1.416880858969861785e-06,2.392454402917588698e-15,4.776740292538540527e-15,8.048533535218056338e-13
1.432187899273540466e-06,2.444808058412502956e-15,4.881261709709450350e-15,8.224652752447615790e-13
1.447660306680158701e-06,2.498397588189013766e-15,4.988265134217277406e-15,8.404940818569708552e-13
1.463299867706132062e-06,2.553178946413185145e-15,5.097640235618719874e-15,8.589238227913537768e-13
1.479108388168205805e-06,2.609140473893682085e-15,5.209372474242954674e-15,8.777495067139941901e-13
1.495087693391977862e-06,2.666404376228579172e-15,5.323697050647408528e-15,8.970130174268837737e-13
1.511239628422650593e-06,2.724848447819801426e-15,5.440394159220232371e-15,9.166751838095069757e-13
1.527566058238069522e-06,2.784484779680586043e-15,5.559462944686670838e-15,9.367381760070447983e-13
1.544068867964063044e-06,2.845474441380127593e-15,5.681233543101877180e-15,9.572560306345017255e-13
1.560749963092107231e-06,2.907915888311928458e-15,5.805903522934087763e-15,9.782614083768509085e-13
1.577611269699344124e-06,2.971644164509682266e-15,5.933141892853398702e-15,9.997003811263464841e-13
1.594654734670973836e-06,3.036697702122606814e-15,6.063027338137201922e-15,1.021584667666965158e-12
1.611882325925055397e-06,3.103423685959368827e-15,6.196251776061709879e-15,1.044032757925585114e-12
1.629296032639719321e-06,3.171404544241385394e-15,6.331981313741500769e-15,1.066902507392856302e-12
1.646897865482864732e-06,3.240990916352533248e-15,6.470907868452786257e-15,1.090311429430325078e-12
1.664689856844312879e-06,3.312008778066578613e-15,6.612709856887957287e-15,1.114203642799583331e-12
1.682674061070465762e-06,3.384648131020104264e-15,6.757740507520530443e-15,1.138640996638286953e-12
1.700852554701529985e-06,3.458723291795540627e-15,6.905638039129446524e-15,1.163560773750707248e-12
1.719227436711270493e-06,3.534537399367618447e-15,7.057007130965981072e-15,1.189065079467606412e-12
1.737800828749372321e-06,3.612031725957756941e-15,7.211730610388795650e-15,1.215135142033169507e-12
1.756574875386414592e-06,3.691205839744055894e-15,7.369808477397894201e-15,1.241770961447396736e-12
1.775551744361494247e-06,3.772126673121220301e-15,7.531374154854939511e-15,1.268993045582247232e-12
1.794733626832521740e-06,3.854790339692137177e-15,7.696419945287146697e-15,1.296802913539348151e-12
1.814122737629223636e-06,3.939374318258253463e-15,7.865298221893278553e-15,1.325258074165993379e-12
1.833721315508876686e-06,4.025582810817159432e-15,8.037421410917142406e-15,1.354259785856451501e-12
1.853531623414808088e-06,4.113908094336367780e-15,8.213770512501899239e-15,1.383972762629953778e-12
1.873555948737673604e-06,4.204102303044517352e-15,8.393850322564819174e-15,1.414316058071251902e-12
1.893796603579588266e-06,4.296240142130536351e-15,8.577811369462657332e-15,1.445311482139414518e-12
1.914255925021084058e-06,4.390336725360972556e-15,8.765684443086567455e-15,1.476967064371610678e-12
1.934936275390950467e-06,4.486640782150989129e-15,8.957963036969767109e-15,1.509364944762938165e-12
1.955840042539017214e-06,4.585045652490958293e-15,9.154436753522706003e-15,1.542469641439688776e-12
1.976969640111857336e-06,4.685449426412168055e-15,9.354893484606319958e-15,1.576246106557191017e-12
1.998327507831478389e-06,4.788154811067448154e-15,9.559961857165005584e-15,1.610798181562351278e-12
2.019916111777025276e-06,4.893110419650539618e-15,9.769514435260375034e-15,1.646106552163059902e-12
2.041737944669524352e-06,5.000347775160239438e-15,9.983623061971789138e-15,1.682183262665070467e-12
2.063795526159706065e-06,5.110091424985238750e-15,1.020272734852294603e-14,1.719101121439202799e-12
2.086091403118934935e-06,5.222006707152008238e-15,1.042618412829862601e-14,1.756752272269965374e-12
2.108628149933286271e-06,5.336542716437927809e-15,1.065485637352590099e-14,1.795282223391738819e-12
2.131408368800782733e-06,5.453497792015077706e-15,1.088837546078567279e-14,1.834627498057981062e-12
2.154434690031879272e-06,5.573080935683701072e-15,1.112712626371736868e-14,1.874856889870927202e-12
2.177709772353157473e-06,5.695064577301797372e-15,1.137068456604286502e-14,1.915894226734726833e-12
2.201236303214305548e-06,5.819994539752644088e-15,1.162011775065550356e-14,1.957921800844577286e-12
2.225016999098446213e-06,5.947658798482689467e-15,1.187501100929945787e-14,2.000871035612761107e-12
2.249054605835777747e-06,6.077931693318648125e-15,1.213511203592221756e-14,2.044696575004997418e-12
2.273351898920626043e-06,6.211147886234047801e-15,1.240108880010687087e-14,2.089512026121507476e-12
2.297911683831915293e-06,6.347333718364868698e-15,1.267299603943769498e-14,2.135326178050273102e-12
2.322736796357101338e-06,6.486517689956599200e-15,1.295088934677371689e-14,2.182149555995422537e-12
2.347830102919606227e-06,6.628688141817903508e-15,1.323474391914706175e-14,2.229976843101261947e-12
2.373194500909786603e-06,6.773903369905460612e-15,1.352467949502333095e-14,2.278829849326859773e-12
2.398832919019482917e-06,6.922486808823363456e-15,1.382133838574298487e-14,2.328815779844153189e-12
2.424748317580181239e-06,7.074178069965112290e-15,1.412420315007968566e-14,2.379845333178947357e-12
2.450943688904811804e-06,7.229229337321083045e-15,1.443377583431419666e-14,2.432007268269141586e-12
2.477422057633280010e-06,7.387644497288385552e-15,1.475005729372126929e-14,2.485299523476814404e-12
2.504186481081693442e-06,7.549607937818887554e-15,1.507344009941312045e-14,2.539786877635615777e-12
2.531240049595360737e-06,7.715049703764574263e-15,1.540375832808741893e-14,2.595442963481597814e-12
2.558585886905642329e-06,7.884237092882366235e-15,1.574155507921313200e-14,2.652360337706726503e-12
2.586227150490614959e-06,8.057083308970096885e-15,1.608665673201513726e-14,2.710508075742173293e-12
2.614167031939652021e-06,8.233682489202256184e-15,1.643925315748889094e-14,2.769918404243875033e-12
2.642408757321940917e-06,8.414129634397134533e-15,1.679953080553082461e-14,2.830623115838732474e-12
2.670955587558978498e-06,8.598562495741254907e-15,1.716776678516132037e-14,2.892668000590062190e-12
2.699810818801092880e-06,8.787106301586004841e-15,1.754421083660863274e-14,2.956097220952296190e-12
2.728977782808032715e-06,8.979753710959057792e-15,1.792884756492717934e-14,3.020907087678626820e-12
2.758459847333667526e-06,9.176567769858010898e-15,1.832180355078059975e-14,3.087116589539387472e-12
2.788260416514848683e-06,9.377693570441707367e-15,1.872336873231058839e-14,3.154777810018919375e-12
2.818382931264447928e-06,9.583280954909909342e-15,1.913384160040639178e-14,3.223940879470901713e-12
2.848830869668690798e-06,9.793235354266225848e-15,1.955303399462206917e-14,3.294571618108735593e-12
2.879607747388737481e-06,1.000804904547816643e-14,1.998192777037552823e-14,3.366838212183941476e-12
2.910717118066602182e-06,1.022726861554934191e-14,2.041961804697674800e-14,3.440587232432228707e-12
2.942162573735504165e-06,1.045153618364702399e-14,2.086738773655714326e-14,3.516033197704730253e-12
2.973947745234600913e-06,1.068060777039696213e-14,2.132474847723202389e-14,3.593095053078939994e-12
3.006076302628224975e-06,1.091470705954404387e-14,2.179214757769787290e-14,3.671849730201520297e-12
3.038551955629648194e-06,1.115398000689091601e-14,2.226986898917311216e-14,3.752343670179343098e-12
3.071378454029422028e-06,1.139848145381905030e-14,2.275804527924466012e-14,3.834597814913404236e-12
3.104559588128346921e-06,1.164832971952940714e-14,2.325688941132632450e-14,3.918650141944369686e-12
3.138099189175116007e-06,1.190365910063330149e-14,2.376667507333948169e-14,4.004546115813779353e-12
3.172001129808696707e-06,1.216459828005732732e-14,2.428766312408417996e-14,4.092328813903474592e-12
3.206269324505459513e-06,1.243118309901929484e-14,2.481992198554076656e-14,4.182011365591800240e-12
3.240907730031197546e-06,1.270375599228695460e-14,2.536413758806217270e-14,4.273709114095121144e-12
3.275920345897973352e-06,1.298217920867378520e-14,2.592003367790276140e-14,4.367374967263011623e-12
3.311311214825907713e-06,1.326676365994874177e-14,2.648823118453414438e-14,4.463111572962528593e-12
3.347084423210001949e-06,1.355758016490364111e-14,2.706887037301602501e-14,4.560946600544729457e-12
3.383244101591951787e-06,1.385467190572861680e-14,2.766204019192284145e-14,4.660892745358922951e-12
3.419794425137082393e-06,1.415836533978106960e-14,2.826838979479309702e-14,4.763059274214966105e-12
3.456739614116435053e-06,1.446878612723428806e-14,2.888816379020651248e-14,4.867487528378556686e-12
3.494083934394057185e-06,1.478598997311353961e-14,2.952149645629951229e-14,4.974199751837799236e-12
3.531831697919560464e-06,1.510997255919981737e-14,3.016835529263142882e-14,5.083190953258776993e-12
3.569987263225997051e-06,1.544130864044378109e-14,3.082989577539529531e-14,5.194657313765844896e-12
3.608555035933117862e-06,1.577973437366372143e-14,3.150559105534248145e-14,5.308508121290440379e-12
3.647539469256071761e-06,1.612556412520380312e-14,3.219607061469212895e-14,5.424849821453687440e-12
3.686945064519568109e-06,1.647905785184862650e-14,3.290185189467058355e-14,5.543769654091859042e-12
3.726776371677660651e-06,1.684032998640204609e-14,3.362316154308771673e-14,5.665306247789175309e-12
3.767037989839085818e-06,1.720944702943686076e-14,3.436013554862947158e-14,5.789482063548258024e-12
3.807734567798279121e-06,1.758665296032732105e-14,3.511325970735627763e-14,5.916379675393241677e-12
3.848870804572184393e-06,1.797219175844767748e-14,3.588302152587806725e-14,6.046079378695820020e-12
3.890451449942799996e-06,1.836608717400250425e-14,3.666946718903157499e-14,6.178590830602047480e-12
3.932481305005614440e-06,1.876875202872946769e-14,3.747342203695467451e-14,6.314052594881725879e-12
3.974965222723967004e-06,1.918006454885239619e-14,3.829463547414437248e-14,6.452422787732863539e-12
4.017908108489389673e-06,1.960052823870823015e-14,3.913413468558054709e-14,6.593872742117493450e-12
4.061314920688009601e-06,2.003015130291310126e-14,3.999191368433993206e-14,6.738403543108205861e-12
4.105190671273066304e-06,2.046923169857892348e-14,4.086857629439903179e-14,6.886115993948654669e-12
4.149540426343623203e-06,2.091795208636995424e-14,4.176448429697891576e-14,7.037071292732940404e-12
4.194369306729491311e-06,2.137651542257982024e-14,4.268003796066458729e-14,7.191337365005227176e-12
4.239682488582551399e-06,2.184497395765858090e-14,4.361536301084492194e-14,7.348933416550366024e-12
4.285485203974384872e-06,2.232375994532946668e-14,4.457130018260338206e-14,7.510003870530145306e-12
4.331782741500411546e-06,2.281319595655276457e-14,4.554850119530271577e-14,7.674655932116502599e-12
4.378580446890499608e-06,2.331334158275085738e-14,4.654708493213377461e-14,7.842911953804802682e-12
4.425883723626259510e-06,2.382431384765900881e-14,4.756728488310448561e-14,8.014808611048601616e-12
4.473698033564921003e-06,2.434648368629045622e-14,4.860984086087728362e-14,8.190473833906314364e-12
4.522028897569996604e-06,2.488018057875590898e-14,4.967541313756248148e-14,8.370015695607949086e-12
4.570881896148739952e-06,2.542550384409267386e-14,5.076419757107881113e-14,8.553470220563511733e-12
4.620262670096503256e-06,2.598277907601435434e-14,5.187684588078902066e-14,8.740944939466715746e-12
4.670176921148048034e-06,2.655240052791685778e-14,5.301414406419231106e-14,8.932572231173595704e-12
4.720630412635890455e-06,2.713444635956432281e-14,5.417624778129394598e-14,9.128380741600539018e-12
4.771628970155777017e-06,2.772926332394352105e-14,5.536385065991965097e-14,9.328485379934877668e-12
4.823178482239297310e-06,2.833709065038777938e-14,5.657742994338230978e-14,9.532966441548302984e-12
4.875284901033852421e-06,2.895810970409565850e-14,5.781734826817774331e-14,9.741884690505880204e-12
4.927954242989894273e-06,2.959288746722360326e-14,5.908473545225635375e-14,9.955432076148864313e-12
4.981192589555584963e-06,3.024161178229868628e-14,6.037997038233428320e-14,1.017367142418024081e-11
5.035006087879041289e-06,3.090440528674088750e-14,6.170328654841943974e-14,1.039664320780763203e-11
5.089400951518082290e-06,3.158187037210255304e-14,6.305591126978424111e-14,1.062455239724337757e-11
5.144383461157677162e-06,3.227422640390955727e-14,6.443825849940972602e-14,1.085746941369859707e-11
5.199959965335148613e-06,3.298158004217153349e-14,6.585055146400678551e-14,1.109543234322121515e-11
5.256136881173203643e-06,3.370462781561530990e-14,6.729417057702880883e-14,1.133867425940366408e-11
5.312920695120881545e-06,3.444335763322766471e-14,6.876911498320105717e-14,1.158719255807172402e-11
5.370317963702511449e-06,3.519845004632507949e-14,7.027672233223920986e-14,1.184121684058553686e-11
5.428335314274760723e-06,3.596991369134558066e-14,7.181701486128689221e-14,1.210074580485799267e-11
5.486979445791867406e-06,3.675838075555270574e-14,7.339125752170566024e-14,1.236599711645073978e-11
5.546257129579096490e-06,3.756414746877077730e-14,7.500003959780123786e-14,1.263706745533158429e-11
5.606175210114644499e-06,3.838751999272782523e-14,7.664396576882487459e-14,1.291406001190388188e-11
5.666740605819907680e-06,3.922894742220123495e-14,7.832395545513744128e-14,1.319712832393918062e-11
5.727960309858285737e-06,4.008881062410797009e-14,8.004074590357711223e-14,1.348639684926360505e-11
5.789841390942703236e-06,4.096764894400279225e-14,8.179542245780708950e-14,1.378204950768123990e-11
5.852390994151756345e-06,4.186566317906981683e-14,8.358838453113758714e-14,1.408415313966365418e-11
5.915616341754727998e-06,4.278328644667607631e-14,8.542049766161995975e-14,1.439285292792345306e-11
5.979524734045505394e-06,4.372107666071807866e-14,8.729287627225903344e-14,1.470833767509137537e-11
6.044123550185504828e-06,4.467947082495997487e-14,8.920638504583137351e-14,1.503075386596713456e-11
6.109420249055702984e-06,4.565877207837649095e-14,9.116165175400661884e-14,1.536020479946133848e-11
6.175422370117877161e-06,4.665967651787256359e-14,9.316004312584211068e-14,1.569692137902123728e-11
6.242137534285156094e-06,4.768242035002821577e-14,9.520203811520024825e-14,1.604098628717822651e-11
6.309573444801921168e-06,4.872764828494213626e-14,9.728892647641049240e-14,1.639261339173988174e-11
6.377737888133325687e-06,4.979577443981769440e-14,9.942153183906120132e-14,1.675194559676636904e-11
6.446638734864315319e-06,5.088730577356704810e-14,1.016008677037361926e-13,1.711915087149468959e-11
6.516283940608420755e-06,5.200273844955481434e-14,1.038279236233261682e-13,1.749439751068362046e-11
6.586681546926306496e-06,5.314264592726596250e-14,1.061038473765513860e-13,1.787787572755827385e-11
6.657839682254353589e-06,5.430749673346342638e-14,1.084295643706959516e-13,1.826974676390558739e-11
6.729766562843165360e-06,5.549793687371159457e-14,1.108063874525077024e-13,1.867022698320010109e-11
6.802470493706262100e-06,5.671445344311515984e-14,1.132352668322386364e-13,1.907947882080860387e-11
6.875959869579016381e-06,5.795755383240819054e-14,1.157172237079453718e-13,1.949767404372216482e-11
6.950243175887950131e-06,5.922798250254856110e-14,1.182537428366012993e-13,1.992506330370918066e-11
7.025328989730501028e-06,6.052630082200798752e-14,1.208459471939588478e-13,2.036183453534231965e-11
7.101225980865373425e-06,6.185293111260599928e-14,1.234946775151014291e-13,2.080812879805833834e-11
7.177942912713605081e-06,6.320869426777698960e-14,1.262015682300844757e-13,2.126422517252750525e-11
7.255488643370376825e-06,6.459427256612506304e-14,1.289680006076361408e-13,2.173035163250107163e-11
7.333872126627888684e-06,6.601016001190533471e-14,1.317949419635035263e-13,2.220667593020152466e-11
7.413102413009169534e-06,6.745717577126461909e-14,1.346840327146653627e-13,2.269347096138536563e-11
7.493188650813051479e-06,6.893587084894901438e-14,1.376363744550051163e-13,2.319092303301637052e-11
7.574140087170554614e-06,7.044682734088151637e-14,1.406531286476391307e-13,2.369922778368260198e-11
7.655966069112551725e-06,7.199113516554105548e-14,1.437364711115422682e-13,2.421875283597770575e-11
7.738676044649029723e-06,7.356903355226098383e-14,1.468868808005769659e-13,2.474957848527337800e-11
7.822279563860009630e-06,7.518169187475007976e-14,1.501066917595475911e-13,2.529209774486187872e-11
7.906786279998231860e-06,7.682963695572796001e-14,1.533969551211271882e-13,2.584648845814078562e-11
7.992205950603777038e-06,7.851374668912002612e-14,1.567594241985620284e-13,2.641304402873855689e-11
8.078548438630707911e-06,8.023470464899608250e-14,1.601954640103599250e-13,2.699199611965325627e-11
8.165823713585896676e-06,8.199356577626106244e-14,1.637071819535154496e-13,2.758370052618729457e-11
8.254041852680169859e-06,8.379070834690053614e-14,1.672953298145375634e-13,2.818828181467405659e-11
8.343213041991799549e-06,8.562756298687359478e-14,1.709627684874794030e-13,2.880622360196710625e-11
8.433347577642734007e-06,8.750445356260622520e-14,1.747101411389561075e-13,2.943763406980371195e-11
8.524455866987389768e-06,8.942254469776632310e-14,1.785397664188265946e-13,3.008290460386725436e-11
8.616548429814283079e-06,9.138263785380272076e-14,1.824532684938491787e-13,3.074230549574001169e-11
8.709635899560793729e-06,9.338569037987069290e-14,1.864525341001318579e-13,3.141615825243054451e-11
8.803729024540881703e-06,9.543268467079572833e-14,1.905395337907084462e-13,3.210479512316604273e-11
8.898838669186154778e-06,9.752450293872225759e-14,1.947160277210232516e-13,3.280850918605318543e-11
8.994975815300331097e-06,9.966225755686808858e-14,1.989842310526898785e-13,3.352767706978813236e-11
9.092151563327249177e-06,1.018469373973872599e-13,2.033461391417100709e-13,3.426263232568517688e-11
9.190377133632567680e-06,1.040793676719331937e-13,2.078033778653916714e-13,3.501365088770408426e-11
9.289663867799334486e-06,1.063607687091990691e-13,2.123583898884329197e-13,3.578114367283484833e-11
9.390023229937545377e-06,1.086922416550332361e-13,2.170133749775018442e-13,3.656548134187437885e-11
9.491466808007782086e-06,1.110747382449062407e-13,2.217702267109043785e-13,3.736698355720782043e-11
9.594006315159310909e-06,1.135095181033042375e-13,2.266314809782869828e-13,3.818607642684144495e-11
9.697653591082469057e-06,1.159975843525040139e-13,2.315991185959805642e-13,3.902309426164036902e-11
9.802420603375770750e-06,1.185401918669508293e-13,2.366756438084656415e-13,3.987845904633503044e-11
9.908319448927663598e-06,1.211386076121031585e-13,2.418636121767080460e-13,4.075259992713494246e-11
1.001536235531340451e-05,1.237939962116289223e-13,2.471653226792471729e-13,4.164590828972348898e-11
1.012356168220683831e-05,1.265075140845798123e-13,2.525830939659419904e-13,4.255877031143561423e-11
1.023292992280751951e-05,1.292804718104263961e-13,2.581195414669910049e-13,4.349162848487370648e-11
1.034347970528324328e-05,1.321143207425790132e-13,2.637775560110637160e-13,4.444497206926880055e-11
1.045522379422814323e-05,1.350102686868956723e-13,2.695595717101108241e-13,4.541920796684231484e-11
1.056817509213655416e-05,1.379696689732151502e-13,2.754682689952121459e-13,4.641478811032818287e-11
1.068234664089279896e-05,1.409938481584182916e-13,2.815063017839303174e-13,4.743216117724254721e-11
1.079775162327707775e-05,1.440844622794967205e-13,2.876769688709925413e-13,4.847188305027350738e-11
1.091440336448754367e-05,1.472427817564841196e-13,2.939828249620898344e-13,4.953438276712333095e-11
1.103231533367899924e-05,1.504703136478161115e-13,3.004268763479835294e-13,5.062016694818449671e-11
1.115150114551805732e-05,1.537686902402797173e-13,3.070123687963660640e-13,5.172978453168051370e-11
1.127197456175509194e-05,1.571392186587702464e-13,3.137419168821612817e-13,5.286367399544519473e-11
1.139374949281335347e-05,1.605836844868496870e-13,3.206190879563693162e-13,5.402243571014282901e-11
1.151683999939505314e-05,1.641036457379380242e-13,3.276469926532714511e-13,5.520659626150157212e-11
1.164126029410489148e-05,1.677007981766417869e-13,3.348290161503451488e-13,5.641672574666044815e-11
1.176702474309111854e-05,1.713767550895842890e-13,3.421683785570401779e-13,5.765336594236387129e-11
1.189414786770431580e-05,1.751333849701326125e-13,3.496688045949115395e-13,5.891714369504735062e-11
1.202264434617409621e-05,1.789722929002939680e-13,3.573335212156071147e-13,6.020860349413677877e-11
1.215252901530392052e-05,1.828952458952885910e-13,3.651660247823223282e-13,6.152833442554150315e-11
1.228381687218422821e-05,1.869043404504473948e-13,3.731705335101452786e-13,6.287704590972116651e-11
1.241652307592408796e-05,1.910013237171831751e-13,3.813505121171056258e-13,6.425532486243996970e-11
1.255066294940145902e-05,1.951880011428653600e-13,3.897095724284906279e-13,6.566377751375417394e-11
1.268625198103256690e-05,1.994664191314843590e-13,3.982518009470762857e-13,6.710309288475872369e-11
1.282330582656020331e-05,2.038387847247778182e-13,4.069815946403743131e-13,6.857401262256919491e-11
1.296184031086135039e-05,2.083068757335135521e-13,4.159025285568575685e-13,7.007713655531360958e-11
1.310187142977451876e-05,2.128729384952221824e-13,4.250190578227211148e-13,7.161321935097861697e-11
1.324341535194662328e-05,2.175390241639350896e-13,4.343353048622805885e-13,7.318295165826803437e-11
1.338648842069990628e-05,2.223074447141118988e-13,4.438558650667907399e-13,7.478711028064938605e-11
1.353110715591901184e-05,2.271805026201305453e-13,4.535853423802538087e-13,7.642646952592321567e-11
1.367728825595845649e-05,2.321601916037094594e-13,4.635277189619257942e-13,7.810170289864641381e-11
1.382504859957069140e-05,2.372490499139845564e-13,4.736880606041761172e-13,7.981366022767182159e-11
1.397440524785501164e-05,2.424495842770931016e-13,4.840713732301418263e-13,8.156318667604016592e-11
1.412537544622751938e-05,2.477640241895116312e-13,4.946821085449186759e-13,8.335103343950579432e-11
1.427797662641227978e-05,2.531950460833845589e-13,5.055256085946220961e-13,8.517810091130429795e-11
1.443222640845420505e-05,2.587448919780235912e-13,5.166063507425906616e-13,8.704514039569727650e-11
1.458814260275347338e-05,2.644166109678740081e-13,5.279304245450748930e-13,8.895317967344243329e-11
1.474574321212193522e-05,2.702126618468418900e-13,5.395027290158671917e-13,9.090304643791176030e-11
1.490504643386194221e-05,2.761356575692522436e-13,5.513285052786618404e-13,9.289561905536722582e-11
1.506607066186739714e-05,2.821884498869413598e-13,5.634134246603543873e-13,9.493185694699331764e-11
1.522883448874762130e-05,2.883739471204147220e-13,5.757632987529002699e-13,9.701273841423760109e-11
1.539335670797414935e-05,2.946950830676699065e-13,5.883839887541905336e-13,9.913925119867914801e-11
1.555965631605070573e-05,3.011547660492123965e-13,6.012812994139825035e-13,1.013123725166929376e-10
1.572775251470663206e-05,3.077560641596510534e-13,6.144613579206157123e-13,1.035331343808197528e-10
1.589766471311400604e-05,3.145020156978836544e-13,6.279302273168232982e-13,1.058025605570486829e-10
1.606941253012872124e-05,3.213958148505142675e-13,6.416942802547994491e-13,1.081217233141136207e-10
1.624301579655579197e-05,3.284408445103179682e-13,6.557602853789494602e-13,1.104917627377853495e-10
1.641849455743900200e-05,3.356402017039709946e-13,6.701344280362963143e-13,1.129137206062579800e-10
1.659586907437556768e-05,3.429974075072567938e-13,6.848237189140009057e-13,1.153887808422349590e-10
1.677515982785555832e-05,3.505158180399924337e-13,6.998348702083346077e-13,1.179180708361377659e-10
1.695638751962657157e-05,3.581991348795161394e-13,7.151752706378997809e-13,1.205028384214454145e-10
1.713957307508422984e-05,3.660508048282442464e-13,7.308518025986441268e-13,1.231442422386699961e-10
1.732473764568821637e-05,3.740744750539554089e-13,7.468717478998255103e-13,1.258435090708823005e-10
1.751190261140453896e-05,3.822741705685918966e-13,7.632431427030352010e-13,1.286019929801679384e-10
1.770108958317417351e-05,3.906535618583149358e-13,7.799733158576424805e-13,1.314209288876421285e-10
1.789232040540834865e-05,3.992166972534494695e-13,7.970703488548007088e-13,1.343016794274639450e-10
1.808561715851082343e-05,4.079674562419570248e-13,8.145419887732340389e-13,1.372455475548000269e-10
1.828100216142737182e-05,4.169100439055126943e-13,8.323966318452052631e-13,1.402539502659462436e-10
1.847849797422284658e-05,4.260487063488722640e-13,8.506427546988039837e-13,1.433283148653880659e-10
1.867812740068610370e-05,4.353875424255231101e-13,8.692885414581539333e-13,1.464700205888952343e-10
1.887991349096289592e-05,4.449312382667384292e-13,8.883433479737921548e-13,1.496806437214199199e-10
1.908387954421754163e-05,4.546840192498227086e-13,9.078156115311696096e-13,1.529616059250701195e-10
1.929004911132307777e-05,4.646506617568265085e-13,9.277148667332471071e-13,1.563145136498159917e-10
1.949844599758042874e-05,4.748357331680000884e-13,9.480502350852787655e-13,1.597409045520255095e-10
1.970909426546730274e-05,4.852440137517912974e-13,9.688312597429730349e-13,1.632423851901760835e-10
1.992201823741639885e-05,4.958804923466259772e-13,9.900678926833708322e-13,1.668206334120143163e-10
2.013724249862384303e-05,5.067501305861505126e-13,1.011770056804171097e-12,1.704773206633585711e-10
2.035479189988789029e-05,5.178580576509086884e-13,1.033947993165281358e-12,1.742141716670913815e-10
2.057469156047834027e-05,5.292094640401546804e-13,1.056612048025404616e-12,1.780329333900833694e-10
2.079696687103689664e-05,5.408095618442373674e-13,1.079772638631047774e-12,1.819353555118866676e-10
2.102164349650890741e-05,5.526640368621314624e-13,1.103441113622925174e-12,1.859233554642758184e-10
2.124874737910679092e-05,5.647783974140103814e-13,1.127628471834377010e-12,1.899987826449740731e-10
2.147830474130529692e-05,5.771582956167405148e-13,1.152346000326335419e-12,1.941635418989138965e-10
2.171034208886949679e-05,5.898095243611282015e-13,1.177605262413478402e-12,1.984195786527427748e-10
2.194488621391516109e-05,6.027379326748269171e-13,1.203417938583125114e-12,2.027688644833575414e-10
2.218196419800216789e-05,6.159498717943614442e-13,1.229796706572958077e-12,2.072135307988476440e-10
2.242160341526171791e-05,6.294514822271684461e-13,1.256753828457129535e-12,2.117556485687592263e-10
2.266383153555691262e-05,6.432490158907354551e-13,1.284301787825952896e-12,2.163973187106419148e-10
2.290867652767768800e-05,6.573488862039409480e-13,1.312453386431950354e-12,2.211406972637329739e-10
2.315616666257022246e-05,6.717579189755791479e-13,1.341222254788880469e-12,2.259880834968515390e-10
2.340633051660122906e-05,6.864827189216309635e-13,1.370621572680706904e-12,2.309416960579233509e-10
2.365919697485751818e-05,7.015303256027316625e-13,1.400665417074610403e-12,2.360039070241383962e-10
2.391479523448121001e-05,7.169076986924650507e-13,1.431367660527105428e-12,2.411770554864799115e-10
2.417315480804095958e-05,7.326222741639719911e-13,1.462743156594849386e-12,2.464636425372689201e-10
2.443430552693967540e-05,7.486813105115917466e-13,1.494806398763828164e-12,2.518661093728194282e-10
2.469827754485880606e-05,7.650922670268478032e-13,1.527572279933338316e-12,2.573869689127436422e-10
2.496510134124028943e-05,7.818628944810472377e-13,1.561056275444783543e-12,2.630288250057369197e-10
2.523480772480572723e-05,7.990012545572659011e-13,1.595274479858489843e-12,2.687943923949133036e-10
2.550742783711356087e-05,8.165153255969525451e-13,1.630242824377305406e-12,2.746863531627018948e-10
2.578299315615509220e-05,8.344132128971952396e-13,1.665977489944306290e-12,2.807074348560732666e-10
2.606153549998891221e-05,8.527033590079866792e-13,1.702495333169624473e-12,2.868604779780548046e-10
2.634308703041477763e-05,8.713946201647012192e-13,1.739814038569354441e-12,2.931484600763419268e-10
2.662768025668719993e-05,8.904954514401667747e-13,1.777950484990771634e-12,2.995742283814120147e-10
2.691534803926908873e-05,9.100148817985183553e-13,1.816922700770421644e-12,3.061408174072715144e-10
2.720612359362598170e-05,9.299622593202756202e-13,1.856749348858717510e-12,3.128513747324908591e-10
2.750004049406126066e-05,9.503470227685581025e-13,1.897449276090144625e-12,3.197090735433535426e-10
2.779713267759284181e-05,9.711783971546434827e-13,1.939040900806536135e-12,3.267170176900045606e-10
2.809743444787151626e-05,9.924665341796101141e-13,1.981544490453744657e-12,3.338786233064804738e-10
2.840098047914208943e-05,1.014221193882072003e-12,2.024979525624847559e-12,3.411971724118455927e-10
2.870780582024683828e-05,1.036452775397056870e-12,2.069366782654176709e-12,3.486761650162477475e-10
2.901794589867252963e-05,1.059171743496521059e-12,2.114727157614528520e-12,3.563191215291994148e-10
2.933143652464081686e-05,1.082388552156874221e-12,2.161081505525510728e-12,3.641295565008210410e-10
2.964831389524338017e-05,1.106114394201798469e-12,2.208452182413925711e-12,3.721112382797120277e-10
2.996861459862119396e-05,1.130360230566615502e-12,2.256861073050186211e-12,3.802678524234331835e-10
3.029237561818922222e-05,1.155137710942579007e-12,2.306331436631234528e-12,3.886033183226884272e-10
3.061963433690669786e-05,1.180458083858396632e-12,2.356885730106294189e-12,3.971214209276877486e-10
3.095042854159353487e-05,1.206333576351204392e-12,2.408548369003775153e-12,4.058262725550418640e-10
3.128479642729335773e-05,1.232776251797638136e-12,2.461343436150208107e-12,4.147219317017606966e-10
3.162277660168374787e-05,1.259798538032017597e-12,2.515295747342589352e-12,4.238125789355208873e-10
3.196440808953384603e-05,1.287413167323103624e-12,2.570430721346615459e-12,4.331024992079820125e-10
3.230973033721066244e-05,1.315633055463964824e-12,2.626774146406677434e-12,4.425960351966657262e-10
3.265878321723350515e-05,1.344471480978066870e-12,2.684352534329608783e-12,4.522976564240793398e-10
3.301160703287793621e-05,1.373942131756038159e-12,2.743193213709632884e-12,4.622119644660644428e-10
3.336824252282932318e-05,1.404058702165835547e-12,2.803323527680643393e-12,4.723435703385941054e-10
3.372873086588684005e-05,1.434835506239844019e-12,2.864772054393280726e-12,4.826972872066652749e-10
3.409311368571788344e-05,1.466286927101952822e-12,2.927567504565770395e-12,4.932779521068714592e-10
3.446143305566448320e-05,1.498427719242886961e-12,2.991739357808343817e-12,5.040905330440682330e-10
3.483373150360110406e-05,1.531273060770655688e-12,3.057317896834224843e-12,5.151401321380831107e-10
3.521005201684510575e-05,1.564838394068272388e-12,3.124333961140503765e-12,5.264319459100590336e-10
3.559043804712031536e-05,1.599139342020305577e-12,3.192818743452744087e-12,5.379712291495371003e-10
3.597493351557418649e-05,1.634192346245647596e-12,3.262805070926563909e-12,5.497635148586705216e-10
3.636358281784891092e-05,1.670013573292640967e-12,3.334325220775915425e-12,5.618142412042681765e-10
3.675643082920793310e-05,1.706620023125896576e-12,3.407413134579422068e-12,5.741291252167946209e-10
3.715352290971717612e-05,1.744028884416197122e-12,3.482103131947148331e-12,5.867139510927079170e-10
3.755490490948261239e-05,1.782257759951528065e-12,3.558430358684572901e-12,5.995746415922356381e-10
3.796062317394432111e-05,1.821324648932380457e-12,3.636430750015770669e-12,6.127172500098382606e-10
3.837072454922783247e-05,1.861247779424853143e-12,3.716140701302635341e-12,6.261479091757970820e-10
3.878525638755290730e-05,1.902046149865317141e-12,3.797598143980519074e-12,6.398730111442351694e-10
3.920426655270145322e-05,1.943738727598965969e-12,3.880840948760266686e-12,6.538989340803465897e-10
3.962780342554386579e-05,1.986345132885708191e-12,3.965908288936174398e-12,6.682322830380037101e-10
4.005591590962532595e-05,2.029885522308254311e-12,4.052840407751254009e-12,6.828798351635922464e-10
4.048865343681245371e-05,2.074380392293150681e-12,4.141678229247224250e-12,6.978484863104389623e-10
4.092606597300096850e-05,2.119850580406245313e-12,4.232463356553957008e-12,7.131452475665799103e-10
4.136820402388501354e-05,2.166317382376424816e-12,4.325238301103112882e-12,7.287772821472281299e-10
4.181511864078851011e-05,2.213802696755948757e-12,4.420046808487825174e-12,7.447519581293019714e-10
4.226686142656021551e-05,2.262329008511219521e-12,4.516933748132251990e-12,7.610768392283077051e-10
4.272348454153174598e-05,2.311918837154390615e-12,4.615944091238247450e-12,7.777595018551007506e-10
4.318504070954031984e-05,2.362595843934724086e-12,4.717125078906865818e-12,7.948079052341469582e-10
4.365158322401647810e-05,2.414383639146496685e-12,4.820523850461462923e-12,8.122299903606920578e-10
4.412316595413770428e-05,2.467306568476683202e-12,4.926189005179400961e-12,8.300339505093594109e-10
4.459984335104807897e-05,2.521389578708344976e-12,5.034170379065337003e-12,8.482281776315635668e-10
4.508167045414593409e-05,2.576658129197140456e-12,5.144518776294950920e-12,8.668212354457102793e-10
4.556870289743864645e-05,2.633138080893096334e-12,5.257285832370982327e-12,8.858218234127862057e-10
4.606099691596648820e-05,2.690856103980482649e-12,5.372524819792050033e-12,9.052389160596796735e-10
4.655860935229577132e-05,2.749839313851949093e-12,5.490289853502408264e-12,9.250816327704701288e-10
4.706159766308224844e-05,2.810115428291698130e-12,5.610636281752504231e-12,9.453593005036232445e-10
4.757001992570498679e-05,2.871712762293621333e-12,5.733620629650848355e-12,9.660814423987291071e-10
4.808393484497276851e-05,2.934660323925762312e-12,5.859300838640944964e-12,9.872578197688114650e-10
4.860340175990207536e-05,2.998987738329661987e-12,5.987736034721831341e-12,1.008898397378004763e-09
4.912848065056873152e-05,3.064725135014841295e-12,6.118986381340822748e-12,1.031013310780869459e-09
4.965923214503348206e-05,3.131903453588708129e-12,6.253113643019573349e-12,1.053612967668171070e-09
5.019571752634240184e-05,3.200554306437193225e-12,6.390180962127368756e-12,1.076708006634122806e-09
5.073799873960302225e-05,3.270710068543704613e-12,6.530252953816619075e-12,1.100309315622619103e-09
5.128613839913639960e-05,3.342403600259467770e-12,6.673395233911198048e-12,1.124427950004255412e-09
5.184019979570744937e-05,3.415668641988742594e-12,6.819675160429653272e-12,1.149075259529820102e-09
5.240024690383238750e-05,3.490539623323543575e-12,6.969161499172779220e-12,1.174262830495927274e-09
5.296634438916565055e-05,3.567051752430773661e-12,7.121924522080210560e-12,1.200002502455132818e-09
5.353855761596648433e-05,3.645241020370443092e-12,7.278036097034274903e-12,1.226306387747242386e-09
5.411695265464629883e-05,3.725144226141338431e-12,7.437569693846915243e-12,1.253186862927237261e-09
5.470159628939707408e-05,3.806798882543849677e-12,7.600600213204735534e-12,1.280656549016953473e-09
5.529255602590316820e-05,3.890243412227113744e-12,7.767204368976823345e-12,1.308728371726609936e-09
5.588990009913545034e-05,3.975517021597017640e-12,7.937460437619238647e-12,1.337415520439065627e-09
5.649369748123011652e-05,4.062659809203496509e-12,8.111448481401728539e-12,1.366731484559750689e-09
5.710401788945254083e-05,4.151712825763778412e-12,8.289250460448722448e-12,1.396690074892596269e-09
5.772093179424725299e-05,4.242717747273202982e-12,8.470949578454138747e-12,1.427305311552036605e-09
5.834451042737438770e-05,4.335717565488445866e-12,8.656631693029463495e-12,1.458591658013165912e-09
5.897482579013504548e-05,4.430755919035387673e-12,8.846383911342593329e-12,1.490563793572017139e-09
5.961195066168448051e-05,4.527877632754675799e-12,9.040295727633266994e-12,1.523236797699394221e-09
6.025595860743563655e-05,4.627128080764412465e-12,9.238457760827524526e-12,1.556625937041123393e-09
6.090692398755333557e-05,4.728554058308579308e-12,9.440963418047105644e-12,1.590746951443186949e-09
6.156492196554028487e-05,4.832203324457640785e-12,9.647908060716563789e-12,1.625615910288113414e-09
6.223002851691585794e-05,4.938124672927337657e-12,9.859389102064584590e-12,1.661249225841369643e-09
6.290232043798822518e-05,5.046367707963119041e-12,1.007550560600013313e-11,1.697663588147005801e-09
6.358187535472217898e-05,5.156983414776874064e-12,1.029635934423204494e-11,1.734876146777313973e-09
6.426877173170181972e-05,5.270023840430548630e-12,1.052205424205098779e-11,1.772904413718831927e-09
6.496308888119054219e-05,5.385542060154034267e-12,1.075269626714374216e-11,1.811766241779397062e-09
6.566490697228877628e-05,5.503592430392803766e-12,1.098839394788970317e-11,1.851479918880956728e-09
6.637430704019079677e-05,5.624230527489202202e-12,1.122925824763548923e-11,1.892064139630664286e-09
6.709137099554102212e-05,5.747512939544288524e-12,1.147540214988669139e-11,1.933537942278163198e-09
6.781618163389240451e-05,5.873497678807753319e-12,1.172694146996360962e-11,1.975920843481601085e-09
6.854882264526600299e-05,6.002243995994499018e-12,1.198399453427322609e-11,2.019232776024465588e-09
6.928937862381432842e-05,6.133812401875736512e-12,1.224668213241381111e-11,2.063494095109001744e-09
7.003793507758892080e-05,6.268264886212688241e-12,1.251512803974780342e-11,2.108725656264428074e-09
7.079457843841370415e-05,6.405664382729254900e-12,1.278945790982100304e-11,2.154948629256983966e-09
7.155939607186428139e-05,6.546075749347727579e-12,1.306980123636285790e-11,2.202184835764521753e-09
7.233247628735628659e-05,6.689564851430893208e-12,1.335628952556430920e-11,2.250456431016207638e-09
7.311390834834158802e-05,6.836199394766483143e-12,1.364905795702136918e-11,2.299786194157947593e-09
7.390378248261510706e-05,6.986047994559152233e-12,1.394824352949945617e-11,2.350197208481495116e-09
7.470218989273297110e-05,7.139181288667341085e-12,1.425398727609499768e-11,2.401713235231957170e-09
7.550922276654317949e-05,7.295671295915931935e-12,1.456643297790221272e-11,2.454358503646250323e-09
7.632497428783019205e-05,7.455591537438199975e-12,1.488572745309596938e-11,2.508157748713624399e-09
7.714953864707383314e-05,7.619017131244812090e-12,1.521202064930146214e-11,2.563136238628000292e-09
7.798301105232572326e-05,7.786025195977305319e-12,1.554546657156732167e-11,2.619319919428147361e-09
7.882548774020195069e-05,7.956693848217628029e-12,1.588622116042894533e-11,2.676735069293553183e-09
7.967706598699515438e-05,8.131103545022438227e-12,1.623444506813035199e-11,2.735408754491928818e-09
8.053784411990643833e-05,8.309336475917856044e-12,1.659030238939644713e-11,2.795368624734517635e-09
8.140792152839885219e-05,8.491476061122424224e-12,1.695395968128815512e-11,2.856642745423870815e-09
8.228739867567281738e-05,8.677608208148838931e-12,1.732558846402579503e-11,2.919260013562174676e-09
8.317637711026694132e-05,8.867820350136568279e-12,1.770536330688419276e-11,2.983249847854515553e-09
8.407495947778266098e-05,9.062201966629073794e-12,1.809346285366709477e-11,3.048642344525306620e-09
8.498324953273634806e-05,9.260844350389983382e-12,1.849006940533310185e-11,3.115468220677495795e-09
8.590135215053933636e-05,9.463840935587727987e-12,1.889536947677953105e-11,3.183758905438666036e-09
8.682937333960741657e-05,9.671287390205437362e-12,1.930955410901769059e-11,3.253546585317068034e-09
8.776742025360050297e-05,9.883280901375691411e-12,1.973281732283614358e-11,3.324863953441344785e-09
8.871560120379592810e-05,1.009992121736676433e-11,2.016535828007999062e-11,3.397744567417472834e-09
8.967402567159409141e-05,1.032131032932988576e-11,2.060738061568130608e-11,3.472222736915240045e-09
9.064280432115971449e-05,1.054755229036586693e-11,2.105909207844372704e-11,3.548333467569994656e-09
9.162204901219973287e-05,1.077875342582235874e-11,2.152070496039038875e-11,3.626112530210275415e-09
9.261187281287908482e-05,1.101502246759047581e-11,2.199243635078051504e-11,3.705596501114004896e-09
9.361239001287626729e-05,1.125647054244558879e-11,2.247450812413559450e-11,3.786822766457286862e-09
9.462371613657914705e-05,1.150321123984337695e-11,2.296714707195166603e-11,3.869829538481990072e-09
9.564596795642483508e-05,1.175536022284829101e-11,2.347058411755710751e-11,3.954655728216728750e-09
9.667926350638221501e-05,1.201303654648581273e-11,2.398505698884625045e-11,4.041341388294990727e-09
9.772372209558082511e-05,1.227636105136498676e-11,2.451080693060320281e-11,4.129927167923174510e-09
9.877946432208679895e-05,1.254545754212038850e-11,2.504808113519272941e-11,4.220454719131767008e-09
9.984661208682796502e-05,1.282045274466175956e-11,2.559713262453230278e-11,4.312966673446281035e-09
1.009252886076682817e-04,1.310147569212325417e-11,2.615821902362813896e-11,4.407506439412713010e-09
1.020156184336362698e-04,1.338865860016644387e-11,2.673160431046731773e-11,4.504118495892661852e-09
1.031177274593053005e-04,1.368213661565996420e-11,2.731755831995844485e-11,4.602848308187218180e-09
1.042317429393301584e-04,1.398204765863270167e-11,2.791635641978250170e-11,4.703742275302436706e-09
1.053577935031404340e-04,1.428853266409405845e-11,2.852827999961002280e-11,4.806847807857549032e-09
1.064960091697929003e-04,1.460173592705965025e-11,2.915361715446561198e-11,4.912213448528019486e-09
1.076465213629833225e-04,1.492180457356947585e-11,2.979266163872692871e-11,5.019888694961699676e-09
1.088094629262224421e-04,1.524888908060149417e-11,3.044571387962524880e-11,5.129924165577921158e-09
1.099849681381738866e-04,1.558314324023039560e-11,3.111308095500835837e-11,5.242371601737636037e-09
1.111731727281588711e-04,1.592472422396907208e-11,3.179507667117052046e-11,5.357283878051613547e-09
1.123742138918280554e-04,1.627379265186011532e-11,3.249202170226228373e-11,5.474715025383972234e-09
1.135882303070028768e-04,1.663051264343081461e-11,3.320424373739773013e-11,5.594720259715117147e-09
1.148153621496881042e-04,1.699505201071752667e-11,3.393207782533018653e-11,5.717356032489101120e-09
1.160557511102564021e-04,1.736758194821757008e-11,3.467586577148357013e-11,5.842679936863360557e-09
1.173095404098097678e-04,1.774827773891802495e-11,3.543595754316874526e-11,5.970750939480213283e-09
1.185768748167157426e-04,1.813731852974833384e-11,3.621271082313015859e-11,6.101629309069089055e-09
1.198579006633231661e-04,1.853488688205372513e-11,3.700649011065203432e-11,6.235376461606663487e-09
1.211527658628585051e-04,1.894117002474235320e-11,3.781766922409232388e-11,6.372055381216524303e-09
1.224616199265046940e-04,1.935635883345832794e-11,3.864662925335494244e-11,6.511730282386066395e-09
1.237846139806636936e-04,1.978064862081580113e-11,3.949376018405652349e-11,6.654466872337048265e-09
1.251219007844073076e-04,2.021423869939519018e-11,4.035945993448703878e-11,6.800332199983486689e-09
1.264736347471148617e-04,2.065733330238748061e-11,4.124413628339910981e-11,6.949394972989868871e-09
1.278399719463020406e-04,2.111014040515225498e-11,4.214820446155429813e-11,7.101725156294289160e-09
1.292210701456424700e-04,2.157287288120492531e-11,4.307208951399195454e-11,7.257394365772791631e-09
1.306170888131839933e-04,2.204574859808118881e-11,4.401622640864913588e-11,7.416475891134396017e-09
1.320281891397606471e-04,2.252898977392239811e-11,4.498105883042320523e-11,7.579044492578498018e-09
1.334545340576059999e-04,2.302282360923100272e-11,4.596704039651722855e-11,7.745176600014195328e-09
1.348962882591650634e-04,2.352748216250584708e-11,4.697463445545044683e-11,7.914950284956907384e-09
1.363536182161107369e-04,2.404320292283800358e-11,4.800431515102002396e-11,8.088445439131324777e-09
1.378266921985653575e-04,2.457022830511097274e-11,4.905656649347271299e-11,8.265743615508273650e-09
1.393156802945299004e-04,2.510880601704930075e-11,5.013188305142209673e-11,8.446928143973453781e-09
1.408207544295235697e-04,2.565918946729027274e-11,5.123077077804401523e-11,8.632084276510152990e-09
1.423420883864339142e-04,2.622163733615294588e-11,5.235374615067015660e-11,8.821299036591167595e-09
1.438798578255842437e-04,2.679641394743680960e-11,5.350133691402182506e-11,9.014661344179170135e-09
1.454342403050151754e-04,2.738378968772084330e-11,5.467408290897117287e-11,9.212262162211506966e-09
1.470054153009864371e-04,2.798404074727038598e-11,5.587253559957426697e-11,9.414194405671112118e-09
1.485935642287002794e-04,2.859744936790289246e-11,5.709725848018186338e-11,9.620553023400984569e-09
1.501988704632484792e-04,2.922430392201135689e-11,5.834882731919272515e-11,9.831435026858609265e-09
1.518215193607849647e-04,2.986489903779265912e-11,5.962783036688535557e-11,1.004693953341035878e-08
1.534616982799291316e-04,3.051953612736574747e-11,6.093486941852457057e-11,1.026716794124518656e-08
1.551195966033984148e-04,3.118852294113144098e-11,6.227055892487571668e-11,1.049222378245580108e-08
1.567954057598753442e-04,3.187217398188961414e-11,6.363552681668953424e-11,1.072221286095140066e-08
1.584893192461109040e-04,3.257081054413503232e-11,6.503041458595326555e-11,1.095724326244032564e-08
1.602015326492667953e-04,3.328476134192633999e-11,6.645587854143401134e-11,1.119742557220414164e-08
1.619322436694977405e-04,3.401436202826834007e-11,6.791258883109966098e-11,1.144287270528377109e-08
1.636816521427805532e-04,3.475995555827417125e-11,6.940123021870837626e-11,1.169370004016043833e-08
1.654499600639870445e-04,3.552189267366949790e-11,7.092250296730742110e-11,1.195002556838717963e-08
1.672373716102074884e-04,3.630053127362800841e-11,7.247712166237510240e-11,1.221196969243982301e-08
1.690440931643259477e-04,3.709623788685225766e-11,7.406581810778106392e-11,1.247965571823143063e-08
1.708703333388501703e-04,3.790938623835678760e-11,7.568933847943193618e-11,1.275320937019336126e-08
1.727163029999992817e-04,3.874035916718919667e-11,7.734844714663891963e-11,1.303275943938913081e-08
1.745822152920500870e-04,3.958954695182478722e-11,7.904392333398039114e-11,1.331843722437650570e-08
1.764682856619496530e-04,4.045734910654570612e-11,8.077656470746904225e-11,1.361037712409116240e-08
1.783747318841905646e-04,4.134417355104738186e-11,8.254718571189762564e-11,1.390871636853167344e-08
1.803017740859564201e-04,4.225043728580803629e-11,8.435661891704153928e-11,1.421359524141640298e-08
1.822496347725388361e-04,4.317656638129307943e-11,8.620571503476423655e-11,1.452515708126857922e-08
1.842185388530291905e-04,4.412299642359536216e-11,8.809534372383081035e-11,1.484354842052260122e-08
1.862087136662864302e-04,4.509017219402328279e-11,9.002639303654524354e-11,1.516891889220779716e-08
1.882203890071886411e-04,4.607854863379094819e-11,9.199977129436786880e-11,1.550142154320886919e-08
1.902537971531648847e-04,4.708859056462938516e-11,9.401640657817172682e-11,1.584121274670056202e-08
1.923091728910153518e-04,4.812077259896758593e-11,9.607724646823894270e-11,1.618845216861888612e-08
1.943867535440210509e-04,4.917558035551116330e-11,9.818326055107107018e-11,1.654330317532292130e-08
1.964867789993465037e-04,5.025350958437118910e-11,1.003354386361412364e-10,1.690593254626757263e-08
1.986094917357368280e-04,5.135506717364101737e-11,1.025347927666450868e-10,1.727651080354012724e-08
2.007551368515176921e-04,5.248077129923852722e-11,1.047823575265444129e-10,1.765521226806701152e-08
2.029239620928939406e-04,5.363115092787907105e-11,1.070791890433167835e-10,1.804221489066798097e-08
2.051162178825560517e-04,5.480674702013131306e-11,1.094263673904223411e-10,1.843770065971791712e-08
2.073321573485949415e-04,5.600811260166784655e-11,1.118249967318452390e-10,1.884185561731437372e-08
2.095720363537295074e-04,5.723581218807841483e-11,1.142762041708938065e-10,1.925486967611735269e-08
2.118361135248498627e-04,5.849042328588283663e-11,1.167811427470833015e-10,1.967693711631254058e-08
2.141246502828783788e-04,5.977253571327516722e-11,1.193409900779595638e-10,2.010825635807157742e-08
2.164379108729565574e-04,6.108275246333565216e-11,1.219569501141229249e-10,2.054903025951300531e-08
2.187761623949547500e-04,6.242168937886888488e-11,1.246302524139550448e-10,2.099946599636771224e-08
2.211396748343128860e-04,6.378997611018471556e-11,1.273621541346986883e-10,2.145977539140695941e-08
2.235287210932144825e-04,6.518825615180320179e-11,1.301539400632475325e-10,2.193017492431656196e-08
2.259435770220974361e-04,6.661718677897667782e-11,1.330069225280528534e-10,2.241088571184004451e-08
2.283845214515035189e-04,6.807743985951503868e-11,1.359224429471709751e-10,2.290213377817874234e-08
2.308518362242757401e-04,6.956970221867518032e-11,1.389018726347871404e-10,2.340415017901558647e-08
2.333458062280997531e-04,7.109467539172705762e-11,1.419466122658137086e-10,2.391717092187078600e-08
2.358667194283986036e-04,7.265307638827847064e-11,1.450580934102529609e-10,2.444143721794716638e-08
2.384148669015827163e-04,7.424563815130172987e-11,1.482377794534727814e-10,2.497719563664452009e-08
2.409905428686591597e-04,7.587310923110813385e-11,1.514871649393555605e-10,2.552469800280321743e-08
2.435940447292023019e-04,7.753625514040508241e-11,1.548077782789535073e-10,2.608420184277755801e-08
2.462256730956952641e-04,7.923585779767764755e-11,1.582011806403418797e-10,2.665597020398819941e-08
2.488857318282385392e-04,8.097271618226238177e-11,1.616689672546235122e-10,2.724027187475785574e-08
2.515745280696354510e-04,8.274764717467281281e-11,1.652127690931227846e-10,2.783738166339197118e-08
2.542923722808562996e-04,8.456148543309826337e-11,1.688342526227768117e-10,2.844758035987566840e-08
2.570395782768860422e-04,8.641508367106542845e-11,1.725351203586431604e-10,2.907115482788788391e-08
2.598164632629571371e-04,8.830931351978666216e-11,1.763171125881335889e-10,2.970839829494980426e-08
2.626233478711780130e-04,9.024506569872966064e-11,1.801820077071370539e-10,3.035961041308038910e-08
2.654605561975533694e-04,9.222325032523375025e-11,1.841316228443703636e-10,3.102509735352325205e-08
2.683284158394058476e-04,9.424479761190223023e-11,1.881678152494890144e-10,3.170517205392615431e-08
2.712272579332021104e-04,9.631065820860536678e-11,1.922924829755965251e-10,3.240015432630575978e-08
2.741574171927874484e-04,9.842180338125464790e-11,1.965075652299069786e-10,3.311037091433944472e-08
2.771192319480338465e-04,1.005792257571273603e-10,2.008150439038316908e-10,3.383615575432527636e-08
2.801130441839031924e-04,1.027839400200998741e-10,2.052169448747072150e-10,3.457785019534322020e-08
2.831391995799373350e-04,1.050369826904184436e-10,2.097153376440143296e-10,3.533580293610393030e-08
2.861980475501699510e-04,1.073394131295488446e-10,2.143123373421418889e-10,3.611037036370841284e-08
2.892899412834720393e-04,1.096923142129547821e-10,2.190101059984699208e-10,3.690191676653924897e-08
2.924152377843327222e-04,1.120967921267099065e-10,2.238108522180757524e-10,3.771081428282819174e-08
2.955742979140810992e-04,1.145539775679625614e-10,2.287168335320289864e-10,3.853744329247583307e-08
2.987674864325509986e-04,1.170650258503004464e-10,2.337303566248946817e-10,3.938219245882692456e-08
3.019951720402010392e-04,1.196311178524632813e-10,2.388537792214693872e-10,4.024545904203934842e-08
3.052577274206842023e-04,1.222534601552303148e-10,2.440895103647454676e-10,4.112764895539936770e-08
3.085555292838803578e-04,1.249332858562683459e-10,2.494400120375119693e-10,4.202917702606456584e-08
3.118889584093928295e-04,1.276718550887497087e-10,2.549078001980925135e-10,4.295046717930920276e-08
3.152583996905156116e-04,1.304704554618107489e-10,2.604954456912127019e-10,4.389195258500897432e-08
3.186642421786726478e-04,1.333304031552202351e-10,2.662055763588183704e-10,4.485407602124887720e-08
3.221068791283428863e-04,1.362530428084011112e-10,2.720408768963894056e-10,4.583728984263904812e-08
3.255867080424651493e-04,1.392397488526012028e-10,2.780040914743566865e-10,4.684205642617113591e-08
3.291041307183360429e-04,1.422919256633261889e-10,2.840980240494223645e-10,4.786884822058905942e-08
3.326595532940036185e-04,1.454110084369382340e-10,2.903255401118861085e-10,4.891814804478401089e-08
3.362533862951616647e-04,1.485984640253674851e-10,2.966895683594175706e-10,4.999044936611553944e-08
3.398860446825517851e-04,1.518557910634997731e-10,3.031931009433758314e-10,5.108625634652716804e-08
3.435579478998740215e-04,1.551845213531656606e-10,3.098391962398994520e-10,5.220608430153207398e-08
3.472695199222217426e-04,1.585862203394400856e-10,3.166309797907087711e-10,5.335045986829084910e-08
3.510211893050330469e-04,1.620624872604844497e-10,3.235716446152809725e-10,5.451992105096751343e-08
3.548133892335745632e-04,1.656149571075863635e-10,3.306644551109033278e-10,5.571501788056220556e-08
3.586465575729590031e-04,1.692453002300425067e-10,3.379127462743728572e-10,5.693631228546194973e-08
3.625211369187038399e-04,1.729552239143313327e-10,3.453199268511181068e-10,5.818437861900301708e-08
3.664375746478326840e-04,1.767464725598646762e-10,3.528894796815854756e-10,5.945980371784779452e-08
3.703963229705354568e-04,1.806208290435448030e-10,3.606249644321313405e-10,6.076318736585331899e-08
3.743978389823803140e-04,1.845801153372698853e-10,3.685300188283284453e-10,6.209514249697986623e-08
3.784425847170923914e-04,1.886261931738032533e-10,3.766083599772204692e-10,6.345629542207112504e-08
3.825310271999024601e-04,1.927609652800568306e-10,3.848637868365005122e-10,6.484728624172426743e-08
3.866636385014727575e-04,1.969863760205057152e-10,3.933001814974229379e-10,6.626876906840440072e-08
3.908408957924014025e-04,2.013044123864921857e-10,4.019215111570671160e-10,6.772141234871102395e-08
3.950632813983230140e-04,2.057171049332791893e-10,4.107318299930996298e-10,6.920589918803184672e-08
3.993312828555975079e-04,2.102265288198775316e-10,4.197352812395261723e-10,7.072292769668084433e-08
4.036453929676039887e-04,2.148348045910753004e-10,4.289360987441468045e-10,7.227321125270294836e-08
4.080061098616422815e-04,2.195440993839482823e-10,4.383386093838518968e-10,7.385747890899315361e-08
4.124139370464487728e-04,2.243566276684345064e-10,4.479472345279971731e-10,7.547647564080171578e-08
4.168693834703348007e-04,2.292746527962793912e-10,4.577664931781174454e-10,7.713096287112620261e-08
4.213729635799492198e-04,2.343004872368105242e-10,4.678010023502343455e-10,7.882171854091570211e-08
4.259251973796833023e-04,2.394364948159342726e-10,4.780554816360366184e-10,8.054953787144285320e-08
4.305266104917096796e-04,2.446850906444532162e-10,4.885347530018904849e-10,8.231523333923868497e-08
4.351777342166741371e-04,2.500487430379464808e-10,4.992437446769187202e-10,8.411963531704493605e-08
4.398791055950419956e-04,2.555299743760950813e-10,5.101874927822993930e-10,8.596359236374547822e-08
4.446312674691080789e-04,2.611313623251701321e-10,5.213711438586019719e-10,8.784797163973213620e-08
4.494347685456725984e-04,2.668555411468845046e-10,5.327999574358887746e-10,8.977365934397188836e-08
4.542901634594021985e-04,2.727052026108330133e-10,5.444793078622919066e-10,9.174156102303553504e-08
4.591980128368675996e-04,2.786830980499642736e-10,5.564146884093322514e-10,9.375260226066138426e-08
4.641588833612767017e-04,2.847920384888320570e-10,5.686117115285019014e-10,9.580772871974746597e-08
4.691733478379068361e-04,2.910348970587750132e-10,5.810761136724478939e-10,9.790790695810923031e-08
4.742419852602440251e-04,2.974146096396041496e-10,5.938137565778844664e-10,1.000541246447343912e-07
4.793653808768330994e-04,3.039341765380945184e-10,6.068306306139936038e-10,1.022473911213080795e-07
4.845441262588582416e-04,3.105966639194748258e-10,6.201328576424636304e-10,1.044887378818148885e-07
4.897788193684451214e-04,3.174052050182559119e-10,6.337266934327856682e-10,1.067792189883386921e-07
4.950700646277054378e-04,3.243630020611338877e-10,6.476185315075681508e-10,1.091199117101704176e-07
5.004184729885260367e-04,3.314733272023162882e-10,6.618149050019051468e-10,1.115119168415172797e-07
5.058246620031125801e-04,3.387395244576523253e-10,6.763224905300723549e-10,1.139563593512442577e-07
5.112892558952954625e-04,3.461650112263732783e-10,6.911481112217535134e-10,1.164543888973070225e-07
5.168128856326025845e-04,3.537532798106738413e-10,7.062987397591203555e-10,1.190071803328297706e-07
5.223961889991187140e-04,3.615078991740908449e-10,7.217815018749068351e-10,1.216159343020271144e-07
5.280398106691237391e-04,3.694325161333316039e-10,7.376036787745468853e-10,1.242818776425489545e-07
5.337444022815305200e-04,3.775308581651164737e-10,7.537727126621047662e-10,1.270062643222237183e-07
5.395106225151260256e-04,3.858067339412061978e-10,7.702962078837772986e-10,1.297903756274269071e-07
5.453391371646269239e-04,3.942640357483315079e-10,7.871819357242747965e-10,1.326355209733047841e-07
5.512306192175508166e-04,4.029067415643931970e-10,8.044378385497721223e-10,1.355430385988719512e-07
5.571857489319287067e-04,4.117389160650388197e-10,8.220720318562913996e-10,1.385142959166216307e-07
5.632052139148472063e-04,4.207647135069375637e-10,8.400928099504370413e-10,1.415506904671726925e-07
5.692897092018428182e-04,4.299883792033156253e-10,8.585086489710814610e-10,1.446536504303386296e-07
5.754399373371553396e-04,4.394142511078789206e-10,8.773282100153946554e-10,1.478246351463966099e-07
5.816566084548466763e-04,4.490467629394765277e-10,8.965603453814937754e-10,1.510651361746842401e-07
5.879404403607929814e-04,4.588904453527697027e-10,9.162141009118969841e-10,1.543766776839001186e-07
5.942921586155715859e-04,4.689499282156605943e-10,9.362987205324659297e-10,1.577608172216373973e-07
6.007124966182336148e-04,4.792299433906573265e-10,9.568236518134021411e-10,1.612191466434228591e-07
6.072021956909871149e-04,4.897353260113392084e-10,9.777985485128347524e-10,1.647532925513033780e-07
6.137620051647925401e-04,5.004710174990647309e-10,9.992332765945329900e-10,1.683649172988400290e-07
6.203926824658852288e-04,5.114420676482395559e-10,1.021137918427305376e-09,1.720557197028071935e-07
6.270949932032314879e-04,5.226536370540190286e-10,1.043522777561709687e-09,1.758274358500526923e-07
6.338697112569257643e-04,5.341109994329193388e-10,1.066398383429787549e-09,1.796818398854773165e-07
6.407176188675524310e-04,5.458195440164063814e-10,1.089775496094404438e-09,1.836207448137951078e-07
6.476395067265028642e-04,5.577847786526720932e-10,1.113665112447426711e-09,1.876460035435900602e-07
6.546361740672732889e-04,5.700123313447841428e-10,1.138078469278447117e-09,1.917595094069575984e-07
6.617084287577481650e-04,5.825079543348580487e-10,1.163027051431540229e-09,1.959631975286488985e-07
6.688570873934816894e-04,5.952775253917490911e-10,1.188522594377073056e-09,2.002590452628128280e-07
6.760829753919806676e-04,6.083270515152216890e-10,1.214577091602990435e-09,2.046490734387677205e-07
6.833869270880181361e-04,6.216626714007879795e-10,1.241202799542907519e-09,2.091353471907563074e-07
6.907697858299654842e-04,6.352906585388937349e-10,1.268412243756324994e-09,2.137199770001580841e-07
6.982324040771696388e-04,6.492174236849400564e-10,1.296218223866986468e-09,2.184051195235080356e-07
7.057756434983826835e-04,6.634495185137918251e-10,1.324633820854094033e-09,2.231929788245967171e-07
7.134003750712551890e-04,6.779936382491412649e-10,1.353672402307118687e-09,2.280858072597809382e-07
7.211074791828984585e-04,6.928566252519478238e-10,1.383347629584447595e-09,2.330859066851269172e-07
7.288978457315452861e-04,7.080454716593021131e-10,1.413673463087010177e-09,2.381956293412870992e-07
7.367723742292970864e-04,7.235673232129587872e-10,1.444664169901867447e-09,2.434173791436514544e-07
7.447319739059872100e-04,7.394294823343400423e-10,1.476334329937953661e-09,2.487536127176151809e-07
7.527775638141642398e-04,7.556394115523381605e-10,1.508698842766563227e-09,2.542068405497322408e-07
7.609100729352106639e-04,7.722047373543033450e-10,1.541772935346192754e-09,2.597796282843771653e-07
7.691304402866084178e-04,7.891332533560476714e-10,1.575572168274599799e-09,2.654745977887435880e-07
7.774396150303570412e-04,8.064329241752883949e-10,1.610112443602592061e-09,2.712944284577528684e-07
7.858385565825763263e-04,8.241118893184761774e-10,1.645410012550317202e-09,2.772418585225429132e-07
7.943282347242795792e-04,8.421784665123014005e-10,1.681481482174984199e-09,2.833196861683099442e-07
8.029096297133505623e-04,8.606411564839626535e-10,1.718343824904611251e-09,2.895307711420607298e-07
8.115837323977283463e-04,8.795086461199435692e-10,1.756014384844821755e-09,2.958780358186961933e-07
8.203515443298170940e-04,8.987898129133471125e-10,1.794510886694228386e-09,3.023644666967840889e-07
8.292140778821238114e-04,9.184937295420709201e-10,1.833851444809490333e-09,3.089931159335027157e-07
8.381723563641604955e-04,9.386296671191312131e-10,1.874054569770402419e-09,3.157671024463151038e-07
8.472274141405945237e-04,9.592071006418228225e-10,1.915139179218790915e-09,3.226896137373014291e-07
8.563802967506823054e-04,9.802357132006875292e-10,1.957124606275274379e-09,3.297639073156894383e-07
8.656320610289927001e-04,1.001725399715637428e-09,2.000030606996403175e-09,3.369933119539341651e-07
8.749837752274348393e-04,1.023686272677890256e-09,2.043877371829353194e-09,3.443812296142645631e-07
8.844365191385982665e-04,1.046128666669849700e-09,2.088685534676129647e-09,3.519311369768997677e-07
8.939913842204391149e-04,1.069063142501958677e-09,2.134476181076835093e-09,3.596465868240588442e-07
9.036494737222995274e-04,1.092500493500458380e-09,2.181270860839510940e-09,3.675312101610610962e-07
9.134119028122950155e-04,1.116451749083737770e-09,2.229091595143196104e-09,3.755887174165245821e-07
9.232797987060774531e-04,1.140928181482344537e-09,2.277960889961462373e-09,3.838229007038745752e-07
9.332543007969882351e-04,1.165941309744134685e-09,2.327901744061799769e-09,3.922376351686781089e-07
9.433365607876197058e-04,1.191502905930484807e-09,2.378937661371180467e-09,4.008368810727428683e-07
9.535277428227895190e-04,1.217625000612520131e-09,2.431092661957783882e-09,4.096246856431895310e-07
9.638290236239684811e-04,1.244319888382458886e-09,2.484391293019569160e-09,4.186051849280342458e-07
9.742415926251432254e-04,1.271600133611524314e-09,2.538858640423640757e-09,4.277826057303307161e-07
9.847666521101555714e-04,1.299478576482065816e-09,2.594520340662989930e-09,4.371612676394257759e-07
9.954054173515239877e-04,1.327968339294317086e-09,2.651402593566733239e-09,4.467455851523851702e-07
1.006159116750766566e-03,1.357082832008830476e-09,2.709532173245062836e-09,4.565400695379310067e-07
1.017028991980230279e-03,1.386835759248901468e-09,2.768936442160226855e-09,4.665493311932195582e-07
1.028016298126471512e-03,1.417241126481666288e-09,2.829643363429657742e-09,4.767780817201275979e-07
1.039122303835166841e-03,1.448313246488953657e-09,2.891681513745751324e-09,4.872311361089609890e-07
1.050348291457598717e-03,1.480066746621461475e-09,2.955080097868498380e-09,4.979134151677150545e-07
1.061695557198721711e-03,1.512516575130560336e-09,3.019868961263879196e-09,5.088299476657446069e-07
1.073165411266829893e-03,1.545678008745473076e-09,3.086078605228543435e-09,5.199858728696859903e-07
1.084759178024832750e-03,1.579566659804381469e-09,3.153740201136119306e-09,5.313864429531874107e-07
1.096478196143182982e-03,1.614198483303918930e-09,3.222885604499643812e-09,5.430370253608475553e-07
1.108323818754438413e-03,1.649589784464689923e-09,3.293547370092818903e-09,5.549431053572678616e-07
1.120297413609503117e-03,1.685757226248857356e-09,3.365758766945543635e-09,5.671102885552723292e-07
1.132400363235553818e-03,1.722717838408107989e-09,3.439553796409029203e-09,5.795443039557378787e-07
1.144634065095673269e-03,1.760489023796886568e-09,3.514967204797611827e-09,5.922510060825832465e-07
1.156999931750209241e-03,1.799088568044776723e-09,3.592034502618754392e-09,6.052363782207342205e-07
1.169499391019868887e-03,1.838534647275316168e-09,3.670791980069766096e-09,6.185065350275678270e-07
1.182133886150591416e-03,1.878845836782594627e-09,3.751276724315210347e-09,6.320677254404728828e-07
1.194904875980186063e-03,1.920041119960898288e-09,3.833526637330500000e-09,6.459263356887941239e-07
1.207813835106776989e-03,1.962139897148423856e-09,3.917580453549638978e-09,6.600888922646530961e-07
1.220862254059067479e-03,2.005161995138154492e-09,4.003477758866002653e-09,6.745620651231523434e-07
1.234051639468446409e-03,2.049127675963276244e-09,4.091259008163763812e-09,6.893526706411511730e-07
1.247383514242940894e-03,2.094057647052335456e-09,4.180965545597309803e-09,7.044676750261301635e-07
1.260859417743072147e-03,2.139973070626544885e-09,4.272639623355115914e-09,7.199141974852537639e-07
1.274480905959588959e-03,2.186895574034578277e-09,4.366324422292393462e-09,7.356995136981456619e-07
1.288249551693130624e-03,2.234847259785089571e-09,4.462064071958204445e-09,7.518310591914635985e-07
1.302166944735831233e-03,2.283850716288280562e-09,4.559903672044040586e-09,7.683164329560985122e-07
1.316234692054885731e-03,2.333929027977375945e-09,4.659889312620479386e-09,7.851634008472485398e-07
1.330454417978088784e-03,2.385105786966518910e-09,4.762068097339932828e-09,8.023798995102122743e-07
1.344827764381402186e-03,2.437405103841999848e-09,4.866488165063127331e-09,8.199740400048562984e-07
1.359356390878522624e-03,2.490851618741944021e-09,4.973198711934595534e-09,8.379541115429310125e-07
1.374041975012511808e-03,2.545470514064828289e-09,5.082250016763815073e-09,8.563285857508867615e-07
1.388886212449493094e-03,2.601287525376440649e-09,5.193693462833855212e-09,8.751061203516335120e-07
1.403890817174441481e-03,2.658328954159852358e-09,5.307581563287646621e-09,8.942955634442841922e-07
1.419057521689089975e-03,2.716621680040295391e-09,5.423967985605939841e-09,9.139059576174480094e-07
1.434388077211962717e-03,2.776193173631434933e-09,5.542907577221932333e-09,9.339465442784530076e-07
1.449884253880594524e-03,2.837071509719320983e-09,5.664456391850901352e-09,9.544267680768612844e-07
1.465547840955907979e-03,2.899285380534866895e-09,5.788671715981482798e-09,9.753562813816960507e-07
1.481380647028813363e-03,2.962864108840213527e-09,5.915612095044514241e-09,9.967449486740316751e-07
1.497384500229036403e-03,3.027837662802401556e-09,6.045337363026921411e-09,1.018602851554495873e-06
1.513561248436205925e-03,3.094236669245122119e-09,6.177908669015174779e-09,1.040940293201181766e-06
1.529912759493207283e-03,3.162092429276783640e-09,6.313388508352942400e-09,1.063767803627367314e-06
1.546440921421868763e-03,3.231436932075993726e-09,6.451840750174953824e-09,1.087096144317378297e-06
1.563147642640950411e-03,3.302302870419443256e-09,6.593330668408145407e-09,1.110936313451974385e-06
1.580034852186502047e-03,3.374723656857955140e-09,6.737924974075385128e-09,1.135299551347165262e-06
1.597104499934598508e-03,3.448733439137706358e-09,6.885691846074244447e-09,1.160197345646066681e-06
1.614358556826483992e-03,3.524367115721205925e-09,7.036700962175579356e-09,1.185641436535278331e-06
1.631799015096135246e-03,3.601660353814127589e-09,7.191023535008361120e-09,1.211643822817818261e-06
1.649427888500311270e-03,3.680649605242973863e-09,7.348732343766415749e-09,1.238216767239201473e-06
1.667247212551058958e-03,3.761372124460318070e-09,7.509901770156484079e-09,1.265372802561242344e-06
1.685259044750747094e-03,3.843865985421269940e-09,7.674607832089202921e-09,1.293124737227327132e-06
1.703465464829633479e-03,3.928170100814232054e-09,7.842928222080082400e-09,1.321485661840405702e-06
1.721868574986004869e-03,4.014324239767757996e-09,8.014942342600584828e-09,1.350468955108213081e-06
1.740470500128892982e-03,4.102369047225101326e-09,8.190731344759627103e-09,1.380088290374321021e-06
1.759273388123446360e-03,4.192346063008295134e-09,8.370378166369302578e-09,1.410357642020392272e-06
1.778279410038919066e-03,4.284297741983797117e-09,8.553967572198381488e-09,1.441291292255262099e-06
1.797490760399356440e-03,4.378267473740617559e-09,8.741586193300412994e-09,1.472903837737571048e-06
1.816909657436985509e-03,4.474299604052297875e-09,8.933322569779171307e-09,1.505210196782924769e-06
1.836538343348340834e-03,4.572439455492953047e-09,9.129267192064217168e-09,1.538225616316931680e-06
1.856379084553164398e-03,4.672733348923431966e-09,9.329512543700295812e-09,1.571965679087245514e-06
1.876434171956081927e-03,4.775228626362765415e-09,9.534153147086568526e-09,1.606446311367147226e-06
1.896705921211142357e-03,4.879973672726083790e-09,9.743285606852733127e-09,1.641683790262315467e-06
1.917196672989180577e-03,4.987017939446995366e-09,9.957008657015454136e-09,1.677694751663865208e-06
1.937908793248085395e-03,5.096411968118978951e-09,1.017542320819807558e-08,1.714496198192816283e-06
1.958844673505984006e-03,5.208207414314674981e-09,1.039863239517021445e-08,1.752105507221058120e-06
1.980006731117382214e-03,5.322457072840559957e-09,1.062674162728759833e-08,1.790540439361282947e-06
2.001397409552267779e-03,5.439214902102928644e-09,1.085985863712553901e-08,1.829819146664709352e-06
2.023019178678267527e-03,5.558536051105831808e-09,1.109809353439118991e-08,1.869960181706286742e-06
2.044874535045815289e-03,5.680476884913884183e-09,1.134155885676449023e-08,1.910982506144507065e-06
2.066966002176417842e-03,5.805095011873454945e-09,1.159036962423804986e-08,1.952905499882673672e-06
2.089296130854033807e-03,5.932449311681958193e-09,1.184464339517099900e-08,1.995748970512504256e-06
2.111867499419601939e-03,6.062599962885399495e-09,1.210450032118052643e-08,2.039533162558405976e-06
2.134682714068734857e-03,6.195608472395140630e-09,1.237006320607971419e-08,2.084278767409580929e-06
2.157744409152662340e-03,6.331537704512799562e-09,1.264145756383095609e-08,2.130006933088065583e-06
2.181055247482393405e-03,6.470451911214358374e-09,1.291881167900191024e-08,2.176739274429966003e-06
2.204617920636179999e-03,6.612416763362678866e-09,1.320225666909278730e-08,2.224497883585598442e-06
2.228435149270297476e-03,6.757499381775362457e-09,1.349192654656002539e-08,2.273305340474162905e-06
2.252509683433187408e-03,6.905768369807008222e-09,1.378795828387447367e-08,2.323184723740805918e-06
2.276844302882992215e-03,7.057293845997969630e-09,1.409049187870359034e-08,2.374159621742330385e-06
2.301441817408504155e-03,7.212147478175762865e-09,1.439967042199815442e-08,2.426254144013915542e-06
2.326305067153621071e-03,7.370402517936048467e-09,1.471564016683675628e-08,2.479492932874296315e-06
2.351436922945265937e-03,7.532133835452653855e-09,1.503855059793311277e-08,2.533901175128702553e-06
2.376840286624870395e-03,7.697417956169049570e-09,1.536855450488266727e-08,2.589504614414599707e-06
2.402518091383433994e-03,7.866333097207849591e-09,1.570580805485579935e-08,2.646329563451832530e-06
2.428473302100209869e-03,8.038959205407834158e-09,1.605047086858128583e-08,2.704402916835739338e-06
2.454708915685025958e-03,8.215377995629587098e-09,1.640270609674031810e-08,2.763752163918265367e-06
2.481227961424347164e-03,8.395672990620414931e-09,1.676268049967637553e-08,2.824405402226839150e-06
2.508033501331033768e-03,8.579929560816253007e-09,1.713056452674591712e-08,2.886391350842773828e-06
2.535128630497901058e-03,8.768234966051759855e-09,1.750653239968372488e-08,2.949739364443953226e-06
2.562516477455093183e-03,8.960678397713916003e-09,1.789076219672430339e-08,3.014479447470125928e-06
2.590200204531320233e-03,9.157351021718660886e-09,1.828343593842014128e-08,3.080642268592569219e-06
2.618183008218981107e-03,9.358346022705280238e-09,1.868473967587615388e-08,3.148259175572309908e-06
2.646468119543268424e-03,9.563758649247290924e-09,1.909486358101706467e-08,3.217362210474905355e-06
2.675058804435223418e-03,9.773686260302660704e-09,1.951400203932572064e-08,3.287984125285072346e-06
2.703958364108837061e-03,9.988228371687342910e-09,1.994235374266177003e-08,3.360158397552022590e-06
2.733170135442226055e-03,1.020748670547657058e-08,2.038012178783038678e-08,3.433919246992918701e-06
2.762697491362922295e-03,1.043156523843410748e-08,2.082751377334119985e-08,3.509301651800645364e-06
2.792543841237333895e-03,1.066057025344828582e-08,2.128474190207205150e-08,3.586341365928259482e-06
2.822712631264384740e-03,1.089461039017565279e-08,2.175202308238899479e-08,3.665074936136019509e-06
2.853207344873460484e-03,1.113379669908735378e-08,2.222957903605545559e-08,3.745539720166678353e-06
2.884031503126598985e-03,1.137824269475942600e-08,2.271763640463181959e-08,3.827773904672403768e-06
2.915188665125056575e-03,1.162806441173974163e-08,2.321642686101696594e-08,3.911816524005951871e-06
2.946682428420256683e-03,1.188338046071379809e-08,2.372618722158588386e-08,3.997707479113739996e-06
2.978516429429185416e-03,1.214431208708956152e-08,2.424715956316561416e-08,4.085487557243582710e-06
3.010694343854247983e-03,1.241098322933832520e-08,2.477959133951169606e-08,4.175198451563887466e-06
3.043219887107715630e-03,1.268352058068566423e-08,2.532373550447969823e-08,4.266882781924788744e-06
3.076096814740701072e-03,1.296205365034635402e-08,2.587985063428590134e-08,4.360584115442945179e-06
3.109328922876798598e-03,1.324671482731743907e-08,2.644820105490302876e-08,4.456346987970898268e-06
3.142920048650403152e-03,1.353763944515020887e-08,2.702905697131450298e-08,4.554216925875779382e-06
3.176874070649766523e-03,1.383496584882386597e-08,2.762269460110322453e-08,4.654240468538724914e-06
3.211194909364817503e-03,1.413883546210716278e-08,2.822939630890761664e-08,4.756465191010650328e-06
3.245886527639873110e-03,1.444939285780155845e-08,2.884945074670720875e-08,4.860939727641980801e-06
3.280952931131183182e-03,1.476678582800470127e-08,2.948315299403208958e-08,4.967713795714668863e-06
3.316398168769449286e-03,1.509116545792044618e-08,3.013080470540630944e-08,5.076838220264854900e-06
3.352226333227333564e-03,1.542268619993055762e-08,3.079271425823427752e-08,5.188364959010674099e-06
3.388441561392015189e-03,1.576150594968216375e-08,3.146919690463426977e-08,5.302347127929587740e-06
3.425048034842863819e-03,1.610778612440341032e-08,3.216057492793147830e-08,5.418839027613712547e-06
3.462049980334238729e-03,1.646169174277798429e-08,3.286717780200254424e-08,5.537896170125145976e-06
3.499451670283565408e-03,1.682339150656809056e-08,3.358934235433880350e-08,5.659575306461221284e-06
3.537257423264624986e-03,1.719305788434127324e-08,3.432741293316954671e-08,5.783934454706711406e-06
3.575471604506203979e-03,1.757086719694134053e-08,3.508174157812356734e-08,5.911032928789556512e-06
3.614098626396122088e-03,1.795699970562538882e-08,3.585268819620103741e-08,6.040931368123745071e-06
3.653142948990716152e-03,1.835163970100873727e-08,3.664062073935425604e-08,6.173691767522701662e-06
3.692609080529789777e-03,1.875497559537076346e-08,3.744591538879420353e-08,6.309377508254284626e-06
3.732501577957198207e-03,1.916720001675362322e-08,3.826895674285761838e-08,6.448053389683237471e-06
3.772825047446985627e-03,1.958850990434481764e-08,3.911013800745104622e-08,6.589785661357108633e-06
3.813584144935243999e-03,2.001910660828763475e-08,3.996986119532985274e-08,6.734642056576991173e-06
3.854783576657706910e-03,2.045919598918457813e-08,4.084853732476570526e-08,6.882691825861266139e-06
3.896428099693163838e-03,2.090898852212153279e-08,4.174658662723810510e-08,7.034005771941475199e-06
3.938522522512703100e-03,2.136869940195890706e-08,4.266443875765574266e-08,7.188656285167260229e-06
3.981071705534964741e-03,2.183854865148141804e-08,4.360253301029289633e-08,7.346717379890151947e-06
4.024080561687318376e-03,2.231876123272782067e-08,4.456131854106163114e-08,7.508264731899112593e-06
4.067554056973140750e-03,2.280956715936480678e-08,4.554125459187943133e-08,7.673375716224905548e-06
4.111497211045211236e-03,2.331120161383895747e-08,4.654281072456464978e-08,7.842129446536794571e-06
4.155915097785305504e-03,2.382390506558845600e-08,4.756646705689486280e-08,8.014606814906230216e-06
4.200812845890060203e-03,2.434792339302195012e-08,4.861271450607027147e-08,8.190890532826711532e-06
4.246195639463120827e-03,2.488350800840189352e-08,4.968205503812975932e-08,8.371065173219660176e-06
4.292068718613772232e-03,2.543091600569518574e-08,5.077500196311306215e-08,8.555217220163516376e-06
4.338437380061951204e-03,2.599041037500770551e-08,5.189208036319932172e-08,8.743435141018294539e-06
4.385306977749844903e-03,2.656225993833312290e-08,5.303382696442787670e-08,8.935809364803881427e-06
4.432682923460075190e-03,2.714673956196736490e-08,5.420079056080160434e-08,9.132432353640031599e-06
4.480570687440578979e-03,2.774413031674435277e-08,5.539353233420932582e-08,9.333398656647554642e-06
4.528975799036199373e-03,2.835471962143972878e-08,5.661262614074353583e-08,9.538804958171879538e-06
4.577903847327172322e-03,2.897880139098206754e-08,5.785865880661607434e-08,9.748750127629544299e-06
4.627360481774439420e-03,2.961667618684737410e-08,5.913223042843996867e-08,9.963335270095373587e-06
4.677351412871969850e-03,3.026865137226236028e-08,6.043395468309289894e-08,1.018266377848904086e-05
4.727882412806116638e-03,3.093504127036914009e-08,6.176445914351798739e-08,1.040684138677834623e-05
4.778959316122112153e-03,3.161616732707605542e-08,6.312438560386593164e-08,1.063597622474348618e-05
4.830588020397718479e-03,3.231235827715972199e-08,6.451439041112860661e-08,1.087017887383615242e-05
4.882774486924236490e-03,3.302395031530707069e-08,6.593514480664005768e-08,1.110956242470530524e-05
4.935524741394794676e-03,3.375128727014563841e-08,6.738733527353609919e-08,1.135424253572632005e-05
4.988844874600109440e-03,3.449472078399890823e-08,6.887166389569177864e-08,1.160433749345211269e-05
5.042741043131756737e-03,3.525461049618783917e-08,7.038884872361388123e-08,1.185996827425209972e-05
5.097219470093041806e-03,3.603132423126889056e-08,7.193962415036072960e-08,1.212125860762726917e-05
5.152286445817556328e-03,3.682523819151693892e-08,7.352474129580082443e-08,1.238833504092998764e-05
5.207948328595453369e-03,3.763673715523734323e-08,7.514496840257863174e-08,1.266132700606460419e-05
5.264211545407660418e-03,3.846621467847465190e-08,7.680109123883172577e-08,1.294036688731371016e-05
5.321082592667929038e-03,3.931407330351958971e-08,7.849391351450352531e-08,1.322559009146345302e-05
5.378568036972956184e-03,4.018072477126694098e-08,8.022425730532178413e-08,1.351713511920901698e-05
5.436674515860589335e-03,4.106659023979561771e-08,8.199296348922309229e-08,1.381514363866394528e-05
5.495408738576236865e-03,4.197210050789346778e-08,8.380089219263264555e-08,1.411976056052963697e-05
5.554777486847515752e-03,4.289769624524385177e-08,8.564892325004953922e-08,1.443113411549790881e-05
5.614787615667352592e-03,4.384382822662466773e-08,8.753795667165035371e-08,1.474941593300774089e-05
5.675446054085458124e-03,4.481095757447134325e-08,8.946891312758070540e-08,1.507476112281581329e-05
5.736759806008398174e-03,4.579955600547609174e-08,9.144273444031556712e-08,1.540732835791473133e-05
5.798735951008294857e-03,4.681010608457172105e-08,9.346038409175598992e-08,1.574727995994580019e-05
5.861381645140279449e-03,4.784310148585485212e-08,9.552284774418458088e-08,1.609478198693356258e-05
5.924704121768720362e-03,4.889904725915604168e-08,9.763113377249533358e-08,1.645000432292634515e-05
5.988710692402485561e-03,4.997846033751643795e-08,9.978627427741623954e-08,1.681312084867069365e-05
6.053408747539122323e-03,5.108186975022715480e-08,1.019893255108528119e-07,1.718430951324233363e-05
6.118805757518204144e-03,5.220981639491276978e-08,1.042413674208417104e-07,1.756375225732155341e-05
6.184909273383897704e-03,5.336285368152547769e-08,1.065435049373297746e-07,1.795163522979951524e-05
6.251726927756838352e-03,5.454154784118929092e-08,1.088968685888159822e-07,1.834814889161830455e-05
6.319266435715439022e-03,5.574647823815899831e-08,1.113026151251967707e-07,1.875348812067323639e-05
6.387535595686663799e-03,5.697823768927764855e-08,1.137619281555914027e-07,1.916785231921963844e-05
6.456542290346541091e-03,5.823743279281630658e-08,1.162760188049005234e-07,1.959144552444511467e-05
6.526294487530286299e-03,5.952468426538322153e-08,1.188461263864677667e-07,2.002447652174689348e-05
6.596800241152318486e-03,6.084062728748063198e-08,1.214735190920162019e-07,2.046715896091965892e-05
6.668067692136201395e-03,6.218591185935846103e-08,1.241594947021370947e-07,2.091971147580163115e-05
6.740105069354644131e-03,6.356120316485486373e-08,1.269053813127336858e-07,2.138235780660650701e-05
6.812920690579600536e-03,6.496718194702174243e-08,1.297125380849774785e-07,2.185532692621332466e-05
6.886522963442746545e-03,6.640454489120384100e-08,1.325823560101684816e-07,2.233885316896785209e-05
6.960920386406217568e-03,6.787400502084675909e-08,1.355162586999910354e-07,2.283317636375054499e-05
7.036121549743892985e-03,6.937629210286276700e-08,1.385157031958518868e-07,2.333854197026450703e-05
7.112135136533269397e-03,7.091215306397456458e-08,1.415821808001934758e-07,2.385520121902026799e-05
7.188969923658061409e-03,7.248235241847025483e-08,1.447172179304481475e-07,2.438341125513273519e-05
7.266634782821572436e-03,7.408767292511671532e-08,1.479223774307106789e-07,2.492343535922170086e-05
7.345138681571134788e-03,7.572891664784849339e-08,1.511992606894506396e-07,2.547554330413064026e-05
7.424490684333500193e-03,7.740690376691376017e-08,1.545495052658565059e-07,2.604001095489983048e-05
7.504699953461467857e-03,7.912247376311519016e-08,1.579747872543213033e-07,2.661712066704215364e-05
7.585775750291815986e-03,8.087648603269199608e-08,1.614768225120142379e-07,2.720716149327002576e-05
7.667727436214658195e-03,8.266982038965657704e-08,1.650573676619178421e-07,2.781042935237880786e-05
7.750564473754366183e-03,8.450337758464930161e-08,1.687182211287615514e-07,2.842722720366095253e-05
7.834296427662102921e-03,8.637807983720994884e-08,1.724612242016603767e-07,2.905786522583641499e-05
7.918932966020293326e-03,8.829487138300138503e-08,1.762882621268156760e-07,2.970266100100816170e-05
8.004483861358898875e-03,9.025471903593980279e-08,1.802012652297348652e-07,3.036193970361768726e-05
8.090958991783801443e-03,9.225861276760341320e-08,1.842022100721494903e-07,3.103603429521967146e-05
8.178368342117384865e-03,9.430756630183222380e-08,1.882931206391512254e-07,3.172528572434832073e-05
8.266722005051442557e-03,9.640261772654662000e-08,1.924760695607363087e-07,3.243004313217000175e-05
8.356030182312464138e-03,9.854483036881208692e-08,1.967531798589403007e-07,3.315066414668796211e-05
8.446303185839667063e-03,1.007352947894918711e-07,2.011266289303710620e-07,3.388751555354931733e-05
8.537551438975598053e-03,1.029751265307340110e-07,2.055986440487755379e-07,3.464097253813796742e-05
8.629785477669680779e-03,1.052654677892185248e-07,2.101715057059482166e-07,3.541141924826073860e-05
8.723015951694737535e-03,1.076074884676869939e-07,2.148475497110671898e-07,3.619924914766224877e-05
8.817253625876689607e-03,1.100023869028288920e-07,2.196291686440702358e-07,3.700486526068028450e-05
8.912509381337439807e-03,1.124513906110327375e-07,2.245188133445546695e-07,3.782868042288539798e-05
9.008794216751360440e-03,1.149557570588035740e-07,2.295189944500335912e-07,3.867111754001763214e-05
9.106119249615180281e-03,1.175167744548568053e-07,2.346322839773148471e-07,3.953260985418662114e-05
9.204495717531688617e-03,1.201357625643356695e-07,2.398613169482825420e-07,4.041360121753103556e-05
9.303934979507273717e-03,1.228140736385437056e-07,2.452087932460452561e-07,4.131454640468842682e-05
9.404448517263488266e-03,1.255530956478921263e-07,2.506774840699236790e-07,4.223591220004376380e-05
9.506047936562799644e-03,1.283542495236774735e-07,2.562702264282791054e-07,4.317817646960547470e-05
9.608744968548580540e-03,1.312189901783646730e-07,2.619899251757319913e-07,4.414182850392174838e-05
9.712551471099738903e-03,1.341488085522456134e-07,2.678395570993538703e-07,4.512736970621455951e-05
9.817479430199818960e-03,1.371452325869441977e-07,2.738221728624327907e-07,4.613531391952938672e-05
9.923540961320977474e-03,1.402098282294864190e-07,2.799408990091753084e-07,4.716618776412952326e-05
1.003074831082288558e-02,1.433442004655625015e-07,2.861989400276278074e-07,4.822053098469729441e-05
1.013911385736677821e-02,1.465499943866032841e-07,2.925995804802537825e-07,4.929889680889604670e-05
1.024865011334467196e-02,1.498288981043742701e-07,2.991461908231243026e-07,5.040185292737736779e-05
1.035936972632421627e-02,1.531826439564677822e-07,3.058422298127883881e-07,5.152998189884136948e-05
1.047128548050896973e-02,1.566130045447169511e-07,3.126912365966159279e-07,5.268387981700733155e-05
1.058441029821453883e-02,1.601217971126150297e-07,3.196968394526882409e-07,5.386415778261634989e-05
1.069875724136065166e-02,1.637108848739224900e-07,3.268627584424519504e-07,5.507144234984613288e-05
1.081433951297936479e-02,1.673821782931239240e-07,3.341928079672689779e-07,5.630637595651962483e-05
1.093117045873947049e-02,1.711376364072067583e-07,3.416908994074375282e-07,5.756961736816889295e-05
1.104926356848756792e-02,1.749792699463907502e-07,3.493610473529878906e-07,5.886184272720038508e-05
1.116863247780558455e-02,1.789091447181114328e-07,3.572073763600831997e-07,6.018374669056533862e-05
1.128929096958522504e-02,1.829293746965924213e-07,3.652341071537496265e-07,6.153604010464722531e-05
1.141125297561940664e-02,1.870421278313504224e-07,3.734455682250444406e-07,6.291945195842965069e-05
1.153453257821090636e-02,1.912496279386719517e-07,3.818461996075182587e-07,6.433473001904031936e-05
1.165914401179829821e-02,1.955541562983685092e-07,3.904405560653157158e-07,6.578264136812684941e-05
1.178510166459963843e-02,1.999580544807966071e-07,3.992333127374512418e-07,6.726397335199821358e-05
1.191242008027372165e-02,2.044637311415694081e-07,4.082292787041032559e-07,6.877953586633589651e-05
1.204111395959937998e-02,2.090736519329206467e-07,4.174333768437401237e-07,7.033015796184442314e-05
1.217119816217289777e-02,2.137903457364029978e-07,4.268506562772164513e-07,7.191668993984164798e-05
1.230268770812377802e-02,2.186164077338430852e-07,4.364862984991906923e-07,7.354000438429119258e-05
1.243559777984905301e-02,2.235545013476718288e-07,4.463456212521308118e-07,7.520099681346788050e-05
1.256994372376622933e-02,2.286073665924469324e-07,4.564340952008147795e-07,7.690058848805242288e-05
1.270574105208538938e-02,2.337778160177106763e-07,4.667573358319208731e-07,7.863972504534451325e-05
1.284300544460021017e-02,2.390687309399284086e-07,4.773210959307016345e-07,8.041937523068792848e-05
1.298175275049845596e-02,2.444830693841097399e-07,4.881312814370886998e-07,8.224053356751833256e-05
1.312199899019199194e-02,2.500238684425319004e-07,4.991939561551019126e-07,8.410422114947508189e-05
1.326376035716660649e-02,2.556942555305255986e-07,5.105153642259260930e-07,8.601148942499556728e-05
1.340705321985168584e-02,2.614974398490998465e-07,5.221019130822909458e-07,8.796341732427071956e-05
1.355189412351033226e-02,2.674367110301866644e-07,5.339601707435715052e-07,8.996111080209692344e-05
1.369829979214966936e-02,2.735154477126946646e-07,5.460968829385725044e-07,9.200570572091852281e-05
1.384628713045188593e-02,2.797371240217752966e-07,5.585189860419065072e-07,9.409837002848104725e-05
1.399587322572613986e-02,2.861053188800461842e-07,5.712336256646024135e-07,9.624030688788650896e-05
1.414707534988156323e-02,2.926236970642152615e-07,5.842481188320141096e-07,9.843274830413837576e-05
1.429991096142144841e-02,2.992960226585556848e-07,5.975699808448351651e-07,1.006769596473250752e-04
1.445439770745924647e-02,3.061261667720625022e-07,6.112069406869238637e-07,1.029742422462019734e-04
1.461055342575608498e-02,3.131181209405854039e-07,6.251669677838472424e-07,1.053259378937409683e-04
1.476839614678041902e-02,3.202759734426122061e-07,6.394582247152561667e-07,1.077334208787964344e-04
1.492794409578991968e-02,3.276039241196060703e-07,6.540890968049088926e-07,1.101981029684803313e-04
1.508921569493584282e-02,3.351062983185611560e-07,6.690682199581166528e-07,1.127214380950880188e-04
1.525222956539016433e-02,3.427875523176251012e-07,6.844044914944023842e-07,1.153049241781950104e-04
1.541700452949556523e-02,3.506522512978538348e-07,7.001070261662098328e-07,1.179500957129458772e-04
1.558355961293889785e-02,3.587050901264617449e-07,7.161851976543609075e-07,1.206585307572989059e-04
1.575191404694788189e-02,3.669509172364137030e-07,7.326486862456135984e-07,1.234318589603547662e-04
1.592208727051165965e-02,3.753947055190121289e-07,7.495074207172056705e-07,1.262717517692208064e-04
1.609409893262530103e-02,3.840415625203030554e-07,7.667715986947777191e-07,1.291799258549864186e-04
1.626796889455861192e-02,3.928967612929896304e-07,7.844517482507465823e-07,1.321581534853757533e-04
1.644371723214928596e-02,4.019657245345203455e-07,8.025586962345971460e-07,1.352082571859810592e-04
1.662136423812112657e-02,4.112540157269032267e-07,8.211035505827009907e-07,1.383321067563214645e-04
1.680093042442702689e-02,4.207673794348415127e-07,8.400977807768628377e-07,1.415316328186770958e-04
1.698243652461739819e-02,4.305117293001625695e-07,8.595531938740982236e-07,1.448088227756568099e-04
1.716590349623417847e-02,4.404931318779397215e-07,8.794819022340118060e-07,1.481657153692048610e-04
1.735135252323070226e-02,4.507178590120231738e-07,8.998964280908553125e-07,1.516044182902026398e-04
1.753880501841758102e-02,4.611923589891788861e-07,9.208096459602312582e-07,1.551270984716467919e-04
1.772828262593531545e-02,4.719232571616549302e-07,9.422347838820525980e-07,1.587359822923997005e-04
1.791980722375329654e-02,4.829174101616760513e-07,9.641855316641199359e-07,1.624333738038671946e-04
1.811340092619597927e-02,4.941818515663538496e-07,9.866759323975417370e-07,1.662216364502159139e-04
1.830908608649629843e-02,5.057238357235046729e-07,1.009720469958485621e-06,1.701032078005266309e-04
1.850688529937668386e-02,5.175508541693888545e-07,1.033334101787443176e-06,1.740806050627271217e-04
1.870682140365797705e-02,5.296705933563680803e-07,1.057532174488868737e-06,1.781564108598489434e-04
1.890891748489637730e-02,5.420910150965534791e-07,1.082330584443414739e-06,1.823333002748629618e-04
1.911319687804922257e-02,5.548202905764327949e-07,1.107745646062562262e-06,1.866140186515239145e-04
1.931968317016919193e-02,5.678668666623633293e-07,1.133794224172860221e-06,1.910014038833538407e-04
1.952840020312783531e-02,5.812394457897793240e-07,1.160493693862935607e-06,1.954983796408340461e-04
1.973937207636845131e-02,5.949469920670263634e-07,1.187861952670029250e-06,2.001079574139234373e-04
1.995262314968876405e-02,6.089987744008487206e-07,1.215917506683537858e-06,2.048332510034821816e-04
2.016817804605348236e-02,6.234043204291145518e-07,1.244679378567605109e-06,2.096774610183247171e-04
2.038606165443757404e-02,6.381734978605716929e-07,1.274167269962511887e-06,2.146439022156640061e-04
2.060629913269995325e-02,6.533164460698609498e-07,1.304401424908201893e-06,2.197359804853606362e-04
2.082891591048833049e-02,6.688436715740908484e-07,1.335402820470960714e-06,2.249572249421412156e-04
2.105393769217545410e-02,6.847659741962966203e-07,1.367193019322362735e-06,2.303112630821782189e-04
2.128139045982709032e-02,7.010945444690715525e-07,1.399794364213445332e-06,2.358018535209266257e-04
2.151130047620188404e-02,7.178408953635055046e-07,1.433229841665573538e-06,2.414328630197866313e-04
2.174369428778401281e-02,7.350169486598797667e-07,1.467523254416381279e-06,2.472082955113777468e-04
2.197859872784820034e-02,7.526349913219977581e-07,1.502699134317191880e-06,2.531322774116152603e-04
2.221604091955805757e-02,7.707077238223064105e-07,1.538782838817761385e-06,2.592090738493614587e-04
2.245604827909786563e-02,7.892482750668194572e-07,1.575800580764764239e-06,2.654430936636759629e-04
2.269864851883814788e-02,8.082701808971639457e-07,1.613779385478946715e-06,2.718388821531704936e-04
2.294386965053553037e-02,8.277874682008116096e-07,1.652747258687741393e-06,2.784011493331011756e-04
2.319173998856694299e-02,8.478145926231225943e-07,1.692733062161766545e-06,2.851347489668460463e-04
2.344228815319917072e-02,8.683665228180286558e-07,1.733766681927782051e-06,2.920447068666283115e-04
2.369554307389331801e-02,8.894587354744811116e-07,1.775879018338113029e-06,2.991362191923354285e-04
2.395153399264519228e-02,9.111072036356796209e-07,1.819101962748434077e-06,3.064146484940135045e-04
2.421029046736170726e-02,9.333284786819207006e-07,1.863468561202741589e-06,3.138855512431911973e-04
2.447184237527382997e-02,9.561396706486425362e-07,1.909012975136043667e-06,3.215546711807002562e-04
2.473621991638616860e-02,9.795584578710658983e-07,1.955770500630082938e-06,3.294279425227495469e-04
2.500345361696425933e-02,1.003603158219716145e-06,2.003777710640215895e-06,3.375115138709016967e-04
2.527357433305911505e-02,1.028292724686306579e-06,2.053072446181419719e-06,3.458117466858226692e-04
2.554661325407003511e-02,1.053646750613621509e-06,2.103693826769496949e-06,3.543352170011128269e-04
2.582260190634588434e-02,1.079685534078772424e-06,2.155682378966622764e-06,3.630887370203082450e-04
2.610157215682533047e-02,1.106430095225193995e-06,2.209080070985179013e-06,3.720793608923055008e-04
2.638355621671614054e-02,1.133902197061142740e-06,2.263930354212706739e-06,3.813143916488387960e-04
2.666858664521474381e-02,1.162124364327363128e-06,2.320278200881694545e-06,3.908013874893827852e-04
2.695669635326545729e-02,1.191119939361234278e-06,2.378170215605811945e-06,4.005481804985360677e-04
2.724791860736059529e-02,1.220913108952788548e-06,2.437654688998935527e-06,4.105628856073286858e-04
2.754228703338158432e-02,1.251528933750176455e-06,2.498781656384302724e-06,4.208539104069697594e-04
2.783983562048154489e-02,1.282993384561209484e-06,2.561602970272140822e-06,4.314299672756379423e-04
2.814059872500989518e-02,1.315333378733981244e-06,2.626172372995063911e-06,4.423000855263837356e-04
2.844461107447910156e-02,1.348576818723683213e-06,2.692545573708371630e-06,4.534736242840354636e-04
2.875190777157477298e-02,1.382752642397195632e-06,2.760780348825454116e-06,4.649602893008994192e-04
2.906252429820858213e-02,1.417890860549891985e-06,2.830936616921471179e-06,4.767701454673968671e-04
2.937649651961522779e-02,1.454022601762589167e-06,2.903076528291921201e-06,4.889136317825644147e-04
2.969386068849358754e-02,1.491180159826814414e-06,2.977264559638981896e-06,5.014015771798839170e-04
3.001465344919269571e-02,1.529397043380064627e-06,3.053567613170127430e-06,5.142452170873781101e-04
3.033891184194265067e-02,1.568708027824326865e-06,3.132055120255283748e-06,5.274562107459120812e-04
3.066667330713176293e-02,1.609149209645137002e-06,3.212799149876687312e-06,5.410466593244320698e-04
3.099797568962939925e-02,1.650758063267123441e-06,3.295874522142848060e-06,5.550291248770165657e-04
3.133285724315577198e-02,1.693573500530452247e-06,3.381358927035135473e-06,5.694166501692795234e-04
3.167135663469889534e-02,1.737635932963038134e-06,3.469333048736130497e-06,5.842227794319968274e-04
3.201351294897931271e-02,1.782987336958946253e-06,3.559880695760181959e-06,5.994615800780589638e-04
3.235936569296277154e-02,1.829671321995647709e-06,3.653088937151001211e-06,6.151476654262642450e-04
3.270895480042222692e-02,1.877733202060586773e-06,3.749048245086656986e-06,6.312962184881117664e-04
3.306232063654854919e-02,1.927220070475822992e-06,3.847852644268773498e-06,6.479230168797156259e-04
3.341950400261133741e-02,1.978180885350670770e-06,3.949599882531046934e-06,6.650444612865862373e-04
3.378054614067003969e-02,2.030666546330805199e-06,4.054391584070118716e-06,6.826776009846306824e-04
3.414548873833590792e-02,2.084729975648368697e-06,4.162333411263434990e-06,7.008401607856279674e-04
3.451437393358556399e-02,2.140426212024256145e-06,4.273535252146963829e-06,7.195505722780657634e-04
3.488724431962617056e-02,2.197812504977251970e-06,4.388111408704823159e-06,7.388280051801082628e-04
3.526414294981378844e-02,2.256948430741469844e-06,4.506180828301206253e-06,7.586924059247039448e-04
3.564511334262433079e-02,2.317895988188000791e-06,4.627867295188478207e-06,7.791645294985538855e-04
3.603019948667841865e-02,2.380719682893620564e-06,4.753299598349528467e-06,8.002659672698917695e-04
3.641944584582053335e-02,2.445486663684096983e-06,4.882611804109075500e-06,8.220191924094214083e-04
3.681289736425308323e-02,2.512266880430987934e-06,5.015943571178524361e-06,8.444476124114140211e-04
3.721059947172562082e-02,2.581133136516097253e-06,5.153440255396066346e-06,8.675755861984461078e-04
3.761259808878073679e-02,2.652161259587009464e-06,5.295253250643210955e-06,8.914284809148014617e-04
3.801893963205602717e-02,2.725430285778392198e-06,5.441540356645916596e-06,9.160327331924212734e-04
3.842967101964363252e-02,2.801022499886947611e-06,5.592465859175238580e-06,9.414158619946023498e-04
3.884483967650761288e-02,2.879023713958391764e-06,5.748201086254897834e-06,9.676065614670872114e-04
3.926449353995992847e-02,2.959523319259098686e-06,5.908924511912998132e-06,9.946347176325359609e-04
3.968868106519522765e-02,3.042614541828757378e-06,6.074822266397471837e-06,1.022531493381360207e-03
4.011745123088614196e-02,3.128394556457889210e-06,6.246088363724930222e-06,1.051329365856427554e-03
4.055085354483829035e-02,3.216964736459129394e-06,6.422925200350507198e-06,1.081062209355041805e-03
4.098893804970674820e-02,3.308430773852829284e-06,6.605543795108884659e-06,1.111765334644841154e-03
4.143175532877424461e-02,3.402902992855490054e-06,6.794164415097016063e-06,1.143475593082636304e-03
4.187935651179169882e-02,3.500496436035758740e-06,6.989016747669334961e-06,1.176231404325870982e-03
4.233179328088201160e-02,3.601331224472498180e-06,7.190340619496166985e-06,1.210072875912987728e-03
4.278911787650720167e-02,3.705532725963305107e-06,7.398386332378869518e-06,1.245041858299097710e-03
4.325138310350077481e-02,3.813231787551545481e-06,7.613415127479439444e-06,1.281182021360968400e-03
4.371864233716454828e-02,3.924565083420164924e-06,7.835699879885651175e-06,1.318538969480442281e-03
4.419094952943167925e-02,4.039675346172459910e-06,8.065525560347308576e-06,1.357160317346001958e-03
4.466835921509617474e-02,4.158711639544819285e-06,8.303189779731614390e-06,1.397095779502602764e-03
4.515092651810984764e-02,4.281829708751484250e-06,8.549003488473162519e-06,1.438397285774042130e-03
4.563870715794687144e-02,4.409192308482083414e-06,8.803291631402724234e-06,1.481119088994993374e-03
4.613175745603784184e-02,4.540969532291474447e-06,9.066393805352178091e-06,1.525317873004497461e-03
4.663013434227265136e-02,4.677339176489883102e-06,9.338664985637653586e-06,1.571052871988232137e-03
4.713389536157391868e-02,4.818487123185069595e-06,9.620476290776622288e-06,1.618385995998789699e-03
4.764309868054143055e-02,4.964607743397386039e-06,9.912215787277050427e-06,1.667381962939693809e-03
4.815780309416835964e-02,5.115904321422984023e-06,1.021428933684467909e-05,1.718108437382281526e-03
4.867806803262973714e-02,5.272589501592647840e-06,1.052712148829905641e-05,1.770636176572641836e-03
4.920395356814499105e-02,5.434885758548222224e-06,1.085115641643737377e-05,1.825039183974550526e-03
4.973552042191384942e-02,5.603025892560473952e-06,1.118685891088897020e-05,1.881394870826379748e-03
5.027282997112758611e-02,5.777253550982416765e-06,1.153471541714286671e-05,1.939784226042316978e-03
5.081594425605590742e-02,5.957823777484186173e-06,1.189523513303508105e-05,2.000291994969999581e-03
5.136492598721039554e-02,6.145003590481820432e-06,1.226895116351463155e-05,2.063006867434303681e-03
5.191983855258548719e-02,6.339072592421586619e-06,1.265642173700451472e-05,2.128021675576298802e-03
5.248074602497715402e-02,6.540323611596776295e-06,1.305823148670523269e-05,2.195433601996765044e-03
5.304771316938159537e-02,6.749063379301919528e-06,1.347499280243990369e-05,2.265344399086342397e-03
5.362080545047294422e-02,6.965613284984840307e-06,1.390734733821383030e-05,2.337860633763589983e-03
5.420008904016223455e-02,7.190310083544409938e-06,1.435596742421602882e-05,2.413093915402386973e-03
5.478563082523788680e-02,7.423506673763087020e-06,1.482155762083030627e-05,2.491161146733181578e-03
5.537749841508889104e-02,7.665572989102300498e-06,1.530485649696821916e-05,2.572184811423427076e-03
5.597576014951091000e-02,7.916896913431264798e-06,1.580663845816427098e-05,2.656293268961581848e-03
5.658048510659768188e-02,8.177885070394738879e-06,1.632771532236416219e-05,2.743621006130215166e-03
5.719174311071671679e-02,8.448964002287518967e-06,1.686893867336199178e-05,2.834309017594449469e-03
5.780960474057165316e-02,8.730581054775706832e-06,1.743120162692034941e-05,2.928505086689585282e-03
5.843414133735158611e-02,9.023205553964376219e-06,1.801544118054833462e-05,3.026364162539796430e-03
5.906542501296856845e-02,9.327329959857490820e-06,1.862264051611578201e-05,3.128048727625734431e-03
5.970352865838358253e-02,9.643471074176486910e-06,1.925383141096497340e-05,3.233729181734564754e-03
6.034852595202346015e-02,9.972171314633305274e-06,1.991009678166557502e-05,3.343584246158639618e-03
6.100049136828777224e-02,1.031400018261548366e-05,2.059257361388742953e-05,3.457801430361519355e-03
6.165950018614805433e-02,1.066955550873380439e-05,2.130245544872125526e-05,3.576577422023892016e-03
6.232562849783987446e-02,1.103946520427333109e-05,2.204099587901185714e-05,3.700118643511214004e-03
6.299895321764893696e-02,1.142438874440581272e-05,2.280951151008680090e-05,3.828641715806080890e-03
6.367955209079147194e-02,1.182501881541384297e-05,2.360938524788557465e-05,3.962373974083314813e-03
6.436750370239177621e-02,1.224208325129185577e-05,2.444207016477667916e-05,4.101554076393149062e-03
6.506288748655557341e-02,1.267634686478233978e-05,2.530909315453975736e-05,4.246432573225004427e-03
6.576578373554188561e-02,1.312861344478721466e-05,2.621205891944525292e-05,4.397272528373408207e-03
6.647627360903403393e-02,1.359972787464066152e-05,2.715265419855274507e-05,4.554350175456559416e-03
6.719443914351071190e-02,1.409057838177885914e-05,2.813265225825285570e-05,4.717955613109583307e-03
6.792036326171833893e-02,1.460209893489504963e-05,2.915391767716504198e-05,4.888393543668629639e-03
6.865412978224534613e-02,1.513527172999963610e-05,3.021841130842125591e-05,5.065984035228204840e-03
6.939582342920085078e-02,1.569112984238722115e-05,3.132819557306139644e-05,5.251063332089547959e-03
7.014552984199695640e-02,1.627076003193708324e-05,3.248544005942168055e-05,5.443984708674235416e-03
7.090333558523706503e-02,1.687530570982317572e-05,3.369242744462762129e-05,5.645119368789191551e-03
7.166932815871113194e-02,1.750597007620090272e-05,3.495155975727327961e-05,5.854857392538947297e-03
7.244359600749888939e-02,1.816401943957019375e-05,3.626536500263239987e-05,6.073608733463096987e-03
7.322622853218160865e-02,1.885078675548952355e-05,3.763650422559683970e-05,6.301804277331091511e-03
7.401731609916548105e-02,1.956767532521812796e-05,3.906777889268326487e-05,6.539896941636189065e-03
7.481695005111525798e-02,2.031616271292629981e-05,4.056213871015584474e-05,6.788362833970500339e-03
7.562522271750117542e-02,2.109780491518332501e-05,4.212268994554129234e-05,7.047702478995056599e-03
7.644222742525980108e-02,2.191424077514214438e-05,4.375270423736623459e-05,7.318442109840292767e-03
7.726805850957012278e-02,2.276719677185217670e-05,4.545562815349124243e-05,7.601135065351689521e-03
7.810281132474534982e-02,2.365849176998452910e-05,4.723509267002026882e-05,7.896363153698236423e-03
7.894658225524382733e-02,2.459004228421915930e-05,4.909492367730636849e-05,8.204738163984218180e-03
7.979946872679748171e-02,2.556386827887727675e-05,5.103915355409239168e-05,8.526903529925510331e-03
8.066156921766112764e-02,2.658209867889655014e-05,5.307203216482492416e-05,8.863535870227994343e-03
8.153298326998334455e-02,2.764697783465637813e-05,5.519803976073398043e-05,9.215346813972884882e-03
8.241381150129996336e-02,2.876087211517469627e-05,5.742190013655141460e-05,9.583084834302531968e-03
8.330415561615205078e-02,2.992627671099203535e-05,5.974859420514842817e-05,9.967537113914374733e-03
8.420411841782858564e-02,3.114582331308335248e-05,6.218337532033792994e-05,1.036953165817219337e-02
8.511380382023746305e-02,3.242228773597660832e-05,6.473178448739796249e-05,1.078993934368820129e-02
8.603331685990334154e-02,3.375859831085697185e-05,6.739966710985801929e-05,1.122967616992182581e-02
8.696276370809574718e-02,3.515784489014094533e-05,7.019319095595997148e-05,1.168970565556350788e-02
8.790225168308817005e-02,3.662328779207310261e-05,7.311886400415768873e-05,1.217104115283409831e-02
8.885188926254958264e-02,3.815836817238564115e-05,7.618355513631767809e-05,1.267474856188812414e-02
8.981178609606928209e-02,3.976671836670024368e-05,7.939451477099239928e-05,1.320194895865428077e-02
9.078205301781838710e-02,4.145217289985472081e-05,8.275939682649051604e-05,1.375382135700656261e-02
9.176280205934665701e-02,4.321878053127948708e-05,8.628628275047749824e-05,1.433160571659770899e-02
9.275414646251836648e-02,4.507081681370486991e-05,8.998370657231210211e-05,1.493660601444747778e-02
9.375620069258774891e-02,4.701279735541123337e-05,9.386068135762898118e-05,1.557019343141204624e-02
9.476908045141561876e-02,4.904949197558798531e-05,9.792672744334519571e-05,1.623380970279372434e-02
9.579290269082893494e-02,5.118593972756851202e-05,1.021919024024125447e-04,1.692897061064232642e-02
9.682778562612454065e-02,5.342746483811872967e-05,1.066668328341579321e-04,1.765726961785241481e-02
9.787384874971888360e-02,5.577969365627467462e-05,1.113627481664893282e-04,1.842038165718468123e-02
9.893121284494552081e-02,5.824857261710780532e-05,1.162915164802745657e-04,1.922006705780541017e-02
9.999999999999989453e-02,6.084038731394471056e-05,1.214656825421436706e-04,2.005817561858291159e-02
1.010803336220383458e-01,6.356178276512265484e-05,1.268985082170275881e-04,2.093665083259051499e-02
1.021723384514258703e-01,6.641978495001162172e-05,1.326040154090301509e-04,2.185753426102245850e-02
1.032761405761395412e-01,6.942182369290249831e-05,1.385970316868800770e-04,2.282297005319165739e-02
1.043918674463272800e-01,7.257575693237942145e-05,1.448932386683220272e-04,2.383520959308170484e-02
1.055196478890237655e-01,7.588989654196355756e-05,1.515092234935694652e-04,2.489661629082088462e-02
1.066596121230254796e-01,7.937303576226073412e-05,1.584625335071380731e-04,2.600967049965800110e-02
1.078118917739263327e-01,8.303447835658125259e-05,1.657717343705242393e-04,2.717697455161896883e-02
1.089766198893157706e-01,8.688406966353655325e-05,1.734564719509267179e-04,2.840125792006067268e-02
1.101539309541410966e-01,9.093222968449650911e-05,1.815375382599351654e-04,2.968538250073272239e-02
1.113439609062357033e-01,9.518998779276034738e-05,1.900369406159725704e-04,3.103234782330723321e-02
1.125468471520155306e-01,9.966902013389510452e-05,1.989779761637439971e-04,3.244529647034853637e-02
1.137627285823429729e-01,1.043816896433197213e-04,2.083853116012049128e-04,3.392751960857319504e-02
1.149917455885663825e-01,1.093410876909171588e-04,2.182850661353217755e-04,3.548246224461575060e-02
1.162340400787285899e-01,1.145610790733011055e-04,2.287049010989931225e-04,3.711372866491360195e-02
1.174897554939527411e-01,1.200563502612713660e-04,2.396741160418607139e-04,3.882508793484740900e-02
1.187590368250046879e-01,1.258424592791865194e-04,2.512237480517863844e-04,4.062047885073911957e-02
1.200420306290342493e-01,1.319358908555582298e-04,2.633866815682054134e-04,4.250401536903446881e-02
1.213388850464974106e-01,1.383541129306903089e-04,2.761977608704325755e-04,4.447999117306992989e-02
1.226497498182613083e-01,1.451156389930783621e-04,2.896939141626997958e-04,4.655288463241755159e-02
1.239747763028940380e-01,1.522400922948694121e-04,3.039142813672814883e-04,4.872736278947015914e-02
1.253141174941411751e-01,1.597482764275054814e-04,3.189003545649060265e-04,5.100828559504384102e-02
1.266679280385911432e-01,1.676622483653146783e-04,3.346961233074479064e-04,5.340070902825861526e-02
1.280363642535315150e-01,1.760053980620845081e-04,3.513482329498765900e-04,5.590988816294831937e-02
1.294195841449985174e-01,1.848025322899848996e-04,3.689061513818019588e-04,5.854127927288754751e-02
1.308177474260192874e-01,1.940799638202202995e-04,3.874223463444413044e-04,6.130054109575321097e-02
1.322310155350558958e-01,2.038656074226673275e-04,4.069524762717041796e-04,6.419353546040471037e-02
1.336595516546440210e-01,2.141890813615472114e-04,4.275555920040088388e-04,6.722632662721232666e-02
1.351035207302349883e-01,2.250818157554806032e-04,4.492943520936103284e-04,7.040517947986910108e-02
1.365630894892413960e-01,2.365771682747250411e-04,4.722352526311303107e-04,7.373655641487854295e-02
1.380384264602881328e-01,2.487105476386544992e-04,4.964488725017176043e-04,7.722711275114002571e-02
1.395297019926714788e-01,2.615195450330510141e-04,5.220101342918141577e-04,8.088369036376583110e-02
1.410370882760283440e-01,2.750440744474316767e-04,5.489985828226991507e-04,8.471330948105292025e-02
1.425607593602183365e-01,2.893265224089362742e-04,5.774986822391818889e-04,8.872315840860542369e-02
1.441008911754201316e-01,3.044119077609792152e-04,6.076001329215252643e-04,9.292058097407941697e-02
1.456576615524452223e-01,3.203480521872181189e-04,6.393982095897339209e-04,9.731306148079858775e-02
1.472312502432717995e-01,3.371857622322564163e-04,6.729941220671329868e-04,1.019082069538226054e-01
1.488218389417974297e-01,3.549790236252098655e-04,7.084954002749486697e-04,1.067137264598645024e-01
1.504296113048216033e-01,3.737852087702264888e-04,7.460163051404470431e-04,1.117374072831230220e-01
1.520547529732493575e-01,3.936652983324893202e-04,7.856782672242034263e-04,1.169870877439805612e-01
1.536974515935268792e-01,4.146841179146221472e-04,8.276103549982881434e-04,1.224706264559753816e-01
1.553578968393080351e-01,4.369105908928234841e-04,8.719497748484706604e-04,1.281958678307110189e-01
1.570362804333548801e-01,4.604180085596737307e-04,9.188424050203595995e-04,1.341706036597453133e-01
1.587327961696750334e-01,4.852843188058983447e-04,9.684433658904613050e-04,1.404025306288130548e-01
1.604476399358977790e-01,5.115924346635968402e-04,1.020917629112746798e-03,1.468992036528437573e-01
1.621810097358925007e-01,5.394305641322405184e-04,1.076440668376539567e-03,1.536679849616219284e-01
1.639331057126308111e-01,5.688925624704470503e-04,1.135199154022955778e-03,1.607159888340379261e-01
1.657041301712962045e-01,6.000783092542853574e-04,1.197391695981242813e-03,1.680500221829198670e-01
1.674942876026430660e-01,6.330941119948648322e-04,1.263229638455417051e-03,1.756765210949339795e-01
1.693037847066088120e-01,6.680531371867680715e-04,1.332937907935125487e-03,1.836014832689029375e-01
1.711328304161779112e-01,7.050758702521395509e-04,1.406755917266132175e-03,1.918303965174967818e-01
1.729816359215099464e-01,7.442906108486165798e-04,1.484938538466127255e-03,2.003681646613222067e-01
1.748504146943221649e-01,7.858340006980981665e-04,1.567757138375795115e-03,2.092190300940789394e-01
1.767393825125385953e-01,8.298515858420492906e-04,1.655500680673997489e-03,2.183864935406082397e-01
1.786487574852047011e-01,8.764984261807298900e-04,1.748476919577795097e-03,2.278732338395502433e-01
1.805787600776713187e-01,9.259397376919166391e-04,1.847013655761349082e-03,2.376810248810231341e-01
1.825296131370505448e-01,9.783515896132570066e-04,1.951460098513589127e-03,2.478106546435777935e-01
1.845015419179468208e-01,1.033921643180285219e-03,2.062188306952929609e-03,2.582618439529278942e-01
1.864947741084657662e-01,1.092849948841246362e-03,2.179594743505330629e-03,2.690331688053713144e-01
1.885095398565042046e-01,1.155349793182448501e-03,2.304101921587020044e-03,2.801219851064371547e-01
1.905460717963239903e-01,1.221648616309034497e-03,2.436160188153957407e-03,2.915243602485040886e-01
1.926046050754132155e-01,1.291988978391006874e-03,2.576249597941508880e-03,3.032350083629231086e-01
1.946853773816379918e-01,1.366629615895974910e-03,2.724881959244357735e-03,3.152472369819451781e-01
1.967886289706842762e-01,1.445846552622737265e-03,2.882602980758761698e-03,3.275528997166228806e-01
1.989146026938030942e-01,1.529934300464819846e-03,3.049994587934623178e-03,3.401423615229466901e-01
2.010635440258484452e-01,1.619207150617301512e-03,3.227677408959407548e-03,3.530044768647270792e-01
2.032357010936217678e-01,1.714000544321808359e-03,3.416313407207851455e-03,3.661265795779398147e-01
2.054313247045217450e-01,1.814672547481716025e-03,3.616608706937914346e-03,3.794944884010956754e-01
2.076506683755036942e-01,1.921605433185165530e-03,3.829316618362933484e-03,3.930925285753203435e-01
2.098939883623518465e-01,2.035207374890114426e-03,4.055240865418731355e-03,4.069035696227332188e-01
2.121615436892678175e-01,2.155914261002386898e-03,4.295239035115206924e-03,4.209090802118957697e-01
2.144535961787787659e-01,2.284191634322486116e-03,4.550226252586432769e-03,4.350891997641348485e-01
2.167704104819686839e-01,2.420536774711346765e-03,4.821179115135505386e-03,4.494228278181573999e-01
2.191122541090361753e-01,2.565480928449779922e-03,5.109139888533975951e-03,4.638877299226776274e-01
2.214793974601832194e-01,2.719591695304147960e-03,5.415220983318075505e-03,4.784606593782714801e-01
2.238721138568337543e-01,2.883475584560282485e-03,5.740609728733470085e-03,4.931174937281049830e-01
2.262906795731973453e-01,3.057780751525778200e-03,6.086573461787913100e-03,5.078333845024293192e-01
2.287353738681658921e-01,3.243199926660870862e-03,6.454464949425610214e-03,5.225829183994736837e-01
2.312064790175590578e-01,3.440473550173344264e-03,6.845728162317391008e-03,5.373402877967760061e-01
2.337042803467170304e-01,3.650393123548951058e-03,7.261904415081474849e-03,5.520794681033642792e-01
2.362290662634456417e-01,3.873804792213356770e-03,7.704638892052401329e-03,5.667743994734583124e-01
2.387811282913171462e-01,4.111613186445951633e-03,8.175687602054943284e-03,5.813991709912974537e-01
2.413607611033310174e-01,4.364785516873664027e-03,8.676924743169230070e-03,5.959282032261150608e-01
2.439682625559382312e-01,4.634355950442104952e-03,9.210350515496510890e-03,6.103364271952961273e-01
2.466039337234330608e-01,4.921430258743121622e-03,9.778099350770627987e-03,6.245994558636539518e-01
2.492680789327167412e-01,5.227190832158216081e-03,1.038244872654287866e-02,6.386937496345097554e-01
2.519610057984362217e-01,5.552901993655260347e-03,1.102582841440148849e-02,6.525967687768184922e-01
2.546830252585038923e-01,5.899915606518717562e-03,1.171083012911787111e-02,6.662871106413631450e-01
2.574344516099962288e-01,6.269677179858076758e-03,1.244021795621869965e-02,6.797446375478568559e-01
2.602156025454493427e-01,6.663732197785771603e-03,1.321693898827992590e-02,6.929505817792912525e-01
2.630267991895378077e-01,7.083732991993051641e-03,1.404413476906415069e-02,7.058876387906517502e-01
2.658683661361539441e-01,7.531445903266200011e-03,1.492515300728840602e-02,7.185400378843697089e-01
2.687406314858871159e-01,8.008759016401949954e-03,1.586356007978842117e-02,7.308935989958894597e-01
2.716439268839075938e-01,8.517690162031774787e-03,1.686315367473898916e-02,7.429357660756189530e-01
2.745785875582600344e-01,9.060395591737711515e-03,1.792797632275196923e-02,7.546556283566940859e-01
2.775449523585701850e-01,9.639178935472662857e-03,1.906232898909912543e-02,7.660439196034056764e-01
2.805433637951704196e-01,1.025650072219475017e-02,2.027078521471442976e-02,7.770930035704008976e-01
2.835741680786473262e-01,1.091498840009243187e-02,2.155820560810312383e-02,7.877968446649883383e-01
2.866377151598167861e-01,1.161744682039139720e-02,2.292975253705641439e-02,7.981509645464913705e-01
2.897343587701310952e-01,1.236686914910135361e-02,2.439090486165003749e-02,8.081523860378360125e-01
2.928644564625234037e-01,1.316644829747462900e-02,2.594747278722824707e-02,8.177995675620414184e-01
2.960283696526882502e-01,1.401958877959180554e-02,2.760561254946745577e-02,8.270923284851867674e-01
2.992264636608185091e-01,1.492991897702240951e-02,2.937184077343978419e-02,8.360317672542347811e-01
3.024591077537829853e-01,1.590130377501053002e-02,3.125304830756634594e-02,8.446201740295414817e-01
3.057266751877646405e-01,1.693785751724411620e-02,3.325651328866718881e-02,8.528609393647288428e-01
3.090295432513583407e-01,1.804395721181254256e-02,3.538991315560988116e-02,8.607584603970076520e-01
3.123680933091346756e-01,1.922425590370977974e-02,3.766133528551846715e-02,8.683180458972898919e-01
3.157427108456736797e-01,2.048369607388196220e-02,4.007928581090522413e-02,8.755458212102541493e-01
3.191537855100751719e-01,2.182752304089734599e-02,4.265269639159294940e-02,8.824486348170830219e-01
3.226017111609489896e-01,2.326129814870262977e-02,4.539092833818978573e-02,8.890339669086815277e-01
3.260868859118921104e-01,2.479091151478276037e-02,4.830377346626844176e-02,8.953098406393360520e-01
3.296097121774564931e-01,2.642259412213647518e-02,5.140145108141095515e-02,9.012847368819748572e-01
3.331705967196149087e-01,2.816292941261340152e-02,5.469460120981157331e-02,9.069675143912846460e-01
3.367699506947230415e-01,3.001886331619773446e-02,5.819427187987724626e-02,9.123673327650911880e-01
3.404081897010004520e-01,3.199771334788925614e-02,6.191190150609168774e-02,9.174935819760292599e-01
3.440857338265128074e-01,3.410717557318472537e-02,6.585929398758690045e-02,9.223558157539147873e-01
3.478030076976784124e-01,3.635532985938551287e-02,7.004858723230260320e-02,9.269636912746346269e-01
3.515604405282973799e-01,3.875064212030347038e-02,7.449221266123826068e-02,9.313269129621711828e-01
3.553584661691110980e-01,4.130196406657249408e-02,7.920284670258440074e-02,9.354551825815615729e-01
3.591975231578961592e-01,4.401852910192847329e-02,8.419335188022987471e-02,9.393581536202599835e-01
3.630780547701003003e-01,4.690994428530641247e-02,8.947670760759475483e-02,9.430453908321463352e-01
3.670005090700249051e-01,4.998617779695424534e-02,9.506593002691728078e-02,9.465263346081544960e-01
3.709653389625606756e-01,5.325754115752556056e-02,1.009739800504124985e-01,9.498102697009891404e-01
3.749730022454821343e-01,5.673466567132229299e-02,1.072136593537189875e-01,9.529062981854919956e-01
3.790239616623070629e-01,6.042847248370025043e-02,1.137974941281613556e-01,9.558233163780966990e-01
3.831186849557284835e-01,6.435013565619948639e-02,1.207376066512146212e-01,9.585699954362081332e-01
3.872576449216167949e-01,6.851103769377049624e-02,1.280455750361546852e-01,9.611547653574807892e-01
3.914413194636193194e-01,7.292271697072527648e-02,1.357322818044149060e-01,9.635858020804421997e-01
3.956701916483357784e-01,7.759680662074605606e-02,1.438077524004973684e-01,9.658710174309509400e-01
3.999447497610967295e-01,8.254496450252984951e-02,1.522809851121241231e-01,9.680180516344445429e-01
4.042654873623434120e-01,8.777879399071700228e-02,1.611597743466496035e-01,9.700342681408528067e-01
4.086329033446164383e-01,9.330975548473430248e-02,1.704505296785019663e-01,9.719267505187326739e-01
4.130475019901602152e-01,9.914906867292010151e-02,1.801580935025111629e-01,9.737023011801028138e-01
4.175097930291498671e-01,1.053076058984534769e-01,1.902855607564183649e-01,9.753674417464912594e-01
4.220202916985469899e-01,1.117957771432943476e-01,2.008341044765243055e-01,9.769284148478596386e-01
4.265795188015911177e-01,1.186234071937600637e-01,2.118028109603984632e-01,9.783911871212437328e-01
4.311880007679345650e-01,1.257996062757526790e-01,2.231885293027208450e-01,9.797614533103384815e-01
4.358462697144260267e-01,1.333326354275962133e-01,2.349857396864620529e-01,9.810446412817303008e-01
4.405548635065529295e-01,1.412297680343025663e-01,2.471864446027975948e-01,9.822459177838125388e-01
4.453143258205398691e-01,1.494971498182581238e-01,2.597800879213036374e-01,9.833701948887545452e-01
4.501252062061329995e-01,1.581396590694281457e-01,2.727535051553316436e-01,9.844221369306016545e-01
4.549880601500477795e-01,1.671607699426019278e-01,2.860909089906629732e-01,9.854061678963161874e-01
4.599034491401093327e-01,1.765624211643207209e-01,2.997739123834584074e-01,9.863264791322927660e-01
4.648719407300844209e-01,1.863448932241855149e-01,3.137815915554185708e-01,9.871870373174663760e-01
4.698941086052142446e-01,1.965066967471007509e-01,3.280905895201235434e-01,9.879915926061909603e-01
4.749705326484542356e-01,2.070444751165000652e-01,3.426752602130232472e-01,9.887436868928130007e-01
4.801017990074306629e-01,2.179529240990561167e-01,3.575078517805302947e-01,9.894466621320658906e-01
4.852885001621193850e-01,2.292247311460043624e-01,3.725587265540353243e-01,9.901036686671674802e-01
4.905312349932569038e-01,2.408505368476674402e-01,3.877966141910790254e-01,9.907176735262697154e-01
4.958306088514895515e-01,2.528189204507581000e-01,4.031888931535720921e-01,9.912914686410218001e-01
5.011872336272719108e-01,2.651164111231447129e-01,4.187018951098595010e-01,9.918276789605094956e-01
5.066017278215118047e-01,2.777275260613885077e-01,4.343012260528263946e-01,9.923287704321509528e-01
5.120747166169953291e-01,2.906348356931491850e-01,4.499520971389398549e-01,9.927970578158377135e-01
5.176068319505668924e-01,3.038190560478941094e-01,4.656196585987385506e-01,9.932347123213667306e-01
5.231987125860969590e-01,3.172591674407846396e-01,4.812693297283688887e-01,9.936437690480268703e-01
5.288510041882368284e-01,3.309325576465156349e-01,4.968671178894275009e-01,9.940261342011795787e-01
5.345643593969704455e-01,3.448151879487578175e-01,5.123799209257750009e-01,9.943835920901471503e-01
5.403394379029703432e-01,3.588817791872618290e-01,5.277758072569072034e-01,9.947178118892022747e-01
5.461769065237697118e-01,3.731060141750788817e-01,5.430242685266341018e-01,9.950303541444943667e-01
5.520774392807555886e-01,3.874607538231292225e-01,5.580964421464815750e-01,9.953226770441523374e-01
5.580417174769944921e-01,4.019182622928078596e-01,5.729653001808644452e-01,9.955961424272820048e-01
5.640704297758992736e-01,4.164504371688417805e-01,5.876058030438201518e-01,9.958520215338440007e-01
5.701642722807451769e-01,4.310290415615199433e-01,6.019950184210480781e-01,9.960915005127584099e-01
5.763239486150469881e-01,4.456259322231894138e-01,6.161122038383138877e-01,9.963156856550765550e-01
5.825501700037949426e-01,4.602132821044913613e-01,6.299388563371620675e-01,9.965256083943598853e-01
5.888436553555881359e-01,4.747637917839642174e-01,6.434587291479908489e-01,9.967222300433277171e-01
5.952051313456347970e-01,4.892508879795969823e-01,6.566578192057678232e-01,9.969064462938022064e-01
6.016353324996598362e-01,5.036489058794902940e-01,6.695243278932330178e-01,9.970790914759662948e-01
6.081350012787165582e-01,5.179332529900860793e-01,6.820485981815761489e-01,9.972409425825738971e-01
6.147048881649145313e-01,5.320805532023490381e-01,6.942230319226087021e-01,9.973927230696247870e-01
6.213457517480739378e-01,5.460687698435787718e-01,7.060419906530620571e-01,9.975351064390619582e-01
6.280583588133160644e-01,5.598773063898913049e-01,7.175016827210646264e-01,9.976687196042952621e-01
6.348434844295991475e-01,5.734870865974710519e-01,7.286000415731925806e-01,9.977941460655599393e-01
6.417019120392126741e-01,5.868806115752313035e-01,7.393365958852150532e-01,9.979119288753306449e-01
6.486344335482359114e-01,6.000419975591976263e-01,7.497123368305707025e-01,9.980225734317609287e-01
6.556418494179760970e-01,6.129569934512909546e-01,7.597295832789556780e-01,9.981265500887680497e-01
6.627249687573956161e-01,6.256129798804571651e-01,7.693918474462353441e-01,9.982242965959986503e-01
6.698846094165256115e-01,6.379989521370416083e-01,7.787037034329663543e-01,9.983162203831986714e-01
6.771215980809133228e-01,6.501054882024925874e-01,7.876706597620393158e-01,9.984027006926580183e-01
6.844367703670655168e-01,6.619247034279766018e-01,7.962990369488802678e-01,9.984840905662255572e-01
6.918309709189350842e-01,6.734501942565822574e-01,8.045958514536610817e-01,9.985607186989402528e-01
6.993050535054474715e-01,6.846769726679182710e-01,8.125687065685527344e-01,9.986328911655804053e-01
7.068598811190808240e-01,6.956013931550912854e-01,8.202256907087556170e-01,9.987008930277183616e-01
7.144963260755112788e-01,7.062210740045400392e-01,8.275752834090190913e-01,9.987649898288514239e-01
7.222152701143345066e-01,7.165348144044035861e-01,8.346262690639593140e-01,9.988254289840816647e-01
7.300176045008754944e-01,7.265425089402438585e-01,8.413876584244572854e-01,9.988824410715468893e-01
7.379042301290982264e-01,7.362450608121102746e-01,8.478686176873053704e-01,9.989362410319618801e-01
7.458760576256269204e-01,7.456442949647403839e-01,8.540784049292320379e-01,9.989870292823699316e-01
7.539340074548941395e-01,7.547428720967828131e-01,8.600263135181718255e-01,9.990349927495101312e-01
7.620790100254112298e-01,7.635442045030871316e-01,8.657216221760994923e-01,9.990803058286801264e-01
7.703120057972135948e-01,7.720523744593299487e-01,8.711735512651319624e-01,9.991231312730914915e-01
7.786339453904397301e-01,7.802720557505269383e-01,8.763912248675244099e-01,9.991636210185943501e-01
7.870457896950971977e-01,7.882084389094897725e-01,8.813836382779899337e-01,9.992019169487891261e-01
7.955485099820114314e-01,7.958671601155057340e-01,8.861596302124838953e-01,9.992381516028582267e-01
8.041430880149730287e-01,8.032542345323109290e-01,8.907278596369289092e-01,9.992724488327587862e-01
8.128305161640970722e-01,8.103759941149291102e-01,8.950967867086567775e-01,9.993049244128031638e-01
8.216117975204064727e-01,8.172390293882517698e-01,8.992746570768250791e-01,9.993356866025355778e-01
8.304879460116539880e-01,8.238501362504061509e-01,9.032694898045294796e-01,9.993648366709918518e-01
8.394599865193944632e-01,8.302162665887312665e-01,9.070890678410377106e-01,9.993924693800840808e-01
8.485289549973229484e-01,8.363444836733212595e-01,9.107409313586810606e-01,9.994186734347370038e-01
8.576958985908905708e-01,8.422419213239306091e-01,9.142323731190749037e-01,9.994435318985478434e-01
8.669618757582159274e-01,8.479157472472069745e-01,9.175704359253317177e-01,9.994671225799132142e-01
8.763279563922872217e-01,8.533731301582726525e-01,9.207619117805999620e-01,9.994895183900047719e-01
8.857952219445155428e-01,8.586212104176983440e-01,9.238133424801671101e-01,9.995107876744434572e-01
8.953647655495923230e-01,8.636670740896450482e-01,9.267310214952683145e-01,9.995309945211373615e-01
9.050376921517103712e-01,8.685177301516894266e-01,9.295209969276013728e-01,9.995501990458706132e-01
9.148151186321461514e-01,8.731800906374509452e-01,9.321890753647095185e-01,9.995684576573337088e-01
9.246981739382201804e-01,8.776609534950712277e-01,9.347408264850869397e-01,9.995858233031525986e-01
9.346879992136504223e-01,8.819669879485835251e-01,9.371815882787988272e-01,9.996023456983594846e-01
9.447857479303141126e-01,8.861047221552129649e-01,9.395164727649210068e-01,9.996180715376288273e-01
9.549925860214327766e-01,8.900805329591771065e-01,9.417503721012024931e-01,9.996330446925132396e-01
9.653096920161967631e-01,8.939006375524854997e-01,9.438879649948348494e-01,9.996473063948078108e-01
9.757382571758436152e-01,8.975710868628276051e-01,9.459337233347705487e-01,9.996608954070949071e-01
9.862794856312098180e-01,9.010977604830916476e-01,9.478919189677621482e-01,9.996738481813755017e-01
9.969345945217517047e-01,9.044863630169083235e-01,9.497666305771534923e-01,9.996861990068016679e-01
1.007704814136102911e+00,9.077424216516934985e-01,9.515617505908415819e-01,9.996979801471863603e-01
1.018591388054115310e+00,9.108712848541362650e-01,9.532809920929057323e-01,9.997092219691660064e-01
1.029595573290452259e+00,9.138781220293316077e-01,9.549278956845005384e-01,9.997199530616021068e-01
1.040718640439728615e+00,9.167679240604402757e-01,9.565058362816878379e-01,9.997302003469911158e-01
1.051961873823220373e+00,9.195455045854340481e-01,9.580180298045591902e-01,9.997399891853455678e-01
1.063326571637158491e+00,9.222155019323012848e-01,9.594675397471374989e-01,9.997493434711691718e-01
1.074814046102623433e+00,9.247823816171613087e-01,9.608572836074091850e-01,9.997582857240084886e-01
1.086425623617061964e+00,9.272504393231230102e-01,9.621900391631459382e-01,9.997668371730455972e-01
1.098162644907438201e+00,9.296238042812319247e-01,9.634684505799550047e-01,9.997750178361448636e-01
1.110026465185040001e+00,9.319064429910068892e-01,9.646950343454633314e-01,9.997828465937663722e-01
1.122018454301958901e+00,9.341021632133149621e-01,9.658721850196337888e-01,9.997903412580818605e-01
1.134139996909263148e+00,9.362146181824774205e-01,9.670021807974724659e-01,9.997975186376427681e-01
1.146392492616859826e+00,9.382473109890883123e-01,9.680871888814399640e-01,9.998043945979012692e-01
1.158777356155124449e+00,9.402035991187739361e-01,9.691292706774641275e-01,9.998109841179719792e-01
1.171296017538236534e+00,9.420866990150553733e-01,9.701303867646848822e-01,9.998173013435835976e-01
1.183949922229299734e+00,9.438996907743617548e-01,9.710924017156830068e-01,9.998233596369422438e-01
1.196740531307241007e+00,9.456455227931153118e-01,9.720170886890463491e-01,9.998291716232291515e-01
1.209669321635514772e+00,9.473270164881860689e-01,9.729061338752913457e-01,9.998347492344363818e-01
1.222737786032627616e+00,9.489468708981790845e-01,9.737611407093604843e-01,9.998401037501647437e-01
1.235947433444506638e+00,9.505076673309671431e-01,9.745836339515031588e-01,9.998452458361865025e-01
1.249299789118729187e+00,9.520118738989530316e-01,9.753750635657079116e-01,9.998501855804619032e-01
1.262796394780634213e+00,9.534618499810784131e-01,9.761368084285205748e-01,9.998549325269471266e-01
1.276438808811338976e+00,9.548598506042134115e-01,9.768701798754813037e-01,9.998594957073482226e-01
1.290228606427674896e+00,9.562080307240280463e-01,9.775764250849487969e-01,9.998638836709271560e-01
1.304167379864076048e+00,9.575084493966933286e-01,9.782567303042194462e-01,9.998681045124793165e-01
1.318256738556405683e+00,9.587630738345067627e-01,9.789122239229951505e-01,9.998721658985976202e-01
1.332498309327817987e+00,9.599737833448538371e-01,9.795439794018533375e-01,9.998760750923475493e-01
1.346893736576580514e+00,9.611423731758763633e-01,9.801530180751700794e-01,9.998798389765389816e-01
1.361444682465947187e+00,9.622705581540735853e-01,9.807403117753474842e-01,9.998834640753289094e-01
1.376152827116081667e+00,9.633599762777564912e-01,9.813067853700037091e-01,9.998869565747749988e-01
1.391019868798049286e+00,9.644121921860039359e-01,9.818533191756816381e-01,9.998903223421653497e-01
1.406047524129909965e+00,9.654287003949624246e-01,9.823807511971127671e-01,9.998935669438546725e-01
1.421237528274924555e+00,9.664109285527481275e-01,9.828898793273096457e-01,9.998966956624806279e-01
1.436591635141906798e+00,9.673602404749215289e-01,9.833814633890384238e-01,9.998997135128606661e-01
1.452111617587736880e+00,9.682779390407216802e-01,9.838562270634122475e-01,9.999026252568863349e-01
1.467799267622063697e+00,9.691652690668310921e-01,9.843148597695632329e-01,9.999054354178337212e-01
1.483656396614224438e+00,9.700234199773746235e-01,9.847580184047666219e-01,9.999081482935626708e-01
1.499684835502371971e+00,9.708535283821311257e-01,9.851863290060419720e-01,9.999107679690040218e-01
1.515886435004916377e+00,9.716566805481263724e-01,9.856003883282489220e-01,9.999132983279247489e-01
1.532263065834194471e+00,9.724339147604268430e-01,9.860007653390004956e-01,9.999157430639920019e-01
1.548816618912478571e+00,9.731862235755702750e-01,9.863880026344507002e-01,9.999181056911828902e-01
1.565549005590309184e+00,9.739145559711701594e-01,9.867626177798609621e-01,9.999203895535734299e-01
1.582462157867190022e+00,9.746198193962867240e-01,9.871251045792071022e-01,9.999225978345548382e-01
1.599558028614664673e+00,9.753028817589201038e-01,9.874759342942347473e-01,9.999247335656080704e-01
1.616838591801804226e+00,9.759645732563615450e-01,9.878155567660955594e-01,9.999267996343661480e-01
1.634305842723132285e+00,9.766056881409229673e-01,9.881444014886164862e-01,9.999287987922781396e-01
1.651961798229009126e+00,9.772269864986214971e-01,9.884628786742131190e-01,9.999307336621232611e-01
1.669808496958508304e+00,9.778291957445648386e-01,9.887713801617157294e-01,9.999326067444787025e-01
1.687847999574805913e+00,9.784130122814629349e-01,9.890702803961520795e-01,9.999344204245425027e-01
1.706082389003122257e+00,9.789791028410259610e-01,9.893599372353091281e-01,9.999361769778265518e-01
1.724513770671199708e+00,9.795281059953101499e-01,9.896406928335172992e-01,9.999378785762547128e-01
1.743144272752443991e+00,9.800606333940258263e-01,9.899128743761381743e-01,9.999395272932883882e-01
1.761976046411626307e+00,9.805772710438576123e-01,9.901767948273416664e-01,9.999411251090803976e-01
1.781011266053275088e+00,9.810785805404751425e-01,9.904327536460743042e-01,9.999426739153801647e-01
1.800252129572741389e+00,9.815651001785252738e-01,9.906810374327136293e-01,9.999441755199747206e-01
1.819700858609978988e+00,9.820373460386954134e-01,9.909219205576480505e-01,9.999456316509742759e-01
1.839359698806064980e+00,9.824958130207038787e-01,9.911556657563802553e-01,9.999470439608573180e-01
1.859230920062492132e+00,9.829409758244125328e-01,9.913825246927631119e-01,9.999484140302861146e-01
1.879316816803262125e+00,9.833732898816448520e-01,9.916027384921396459e-01,9.999497433717062789e-01
1.899619708239810745e+00,9.837931922411844443e-01,9.918165382460574220e-01,9.999510334327447181e-01
1.920141938638794121e+00,9.842011024093214600e-01,9.920241454901370659e-01,9.999522855994165127e-01
1.940885877592769981e+00,9.845974231482064187e-01,9.922257726565957281e-01,9.999535011991544931e-01
1.961853920293807896e+00,9.849825412388789614e-01,9.924216235052304436e-01,9.999546815036837177e-01
1.983048487810021410e+00,9.853568282319831173e-01,9.926118935448393632e-01,9.999558277318177923e-01
2.004472027365158393e+00,9.857206410844968625e-01,9.927967703936648736e-01,9.999569410518649448e-01
2.026127012621139922e+00,9.860743228306128039e-01,9.929764341544303763e-01,9.999580225841089298e-01
2.048015943963689356e+00,9.864182032617380136e-01,9.931510577914064442e-01,9.999590734032789419e-01
2.070141348791037395e+00,9.867525994108767851e-01,9.933208074057457981e-01,9.999600945403965824e-01
2.092505781805747311e+00,9.870778162331712569e-01,9.934858426082532334e-01,9.999610869851912609e-01
2.115111825309693661e+00,9.873941470288279953e-01,9.936463167593359014e-01,9.999620516877060217e-01
2.137962089502225549e+00,9.877018740654670559e-01,9.938023773083048962e-01,9.999629895604865704e-01
2.161059212781553995e+00,9.880012689484523047e-01,9.939541660030836168e-01,9.999639014799811543e-01
2.184405862049392688e+00,9.882925931792708729e-01,9.941018191937088799e-01,9.999647882884941108e-01
2.208004733018891219e+00,9.885760985532598966e-01,9.942454680528710620e-01,9.999656507956294904e-01
2.231858550525902540e+00,9.888520275522636460e-01,9.943852387925498082e-01,9.999664897797051477e-01
2.255970068843573983e+00,9.891206137881727312e-01,9.945212529051582484e-01,9.999673059893025018e-01
2.280342072000415055e+00,9.893820823665555597e-01,9.946536273630228742e-01,9.999681001445621664e-01
2.304977374101723875e+00,9.896366502410627319e-01,9.947824748121125715e-01,9.999688729384351715e-01
2.329878819654524147e+00,9.898845265590400233e-01,9.949079037603122400e-01,9.999696250378971030e-01
2.355049283896004653e+00,9.901259129903301481e-01,9.950300187562514109e-01,9.999703570850974055e-01
2.380491673125508800e+00,9.903610040401635839e-01,9.951489205592147780e-01,9.999710696984517311e-01
2.406208925040109747e+00,9.905899873469824479e-01,9.952647063006235806e-01,9.999717634736784433e-01
2.432204009073807960e+00,9.908130439659981192e-01,9.953774696375570219e-01,9.999724389847803874e-01
2.458479926740399613e+00,9.910303486392377792e-01,9.954873008987444871e-01,9.999730967849798091e-01
2.485039711980042476e+00,9.912420700527875272e-01,9.955942872234430085e-01,9.999737374076049790e-01
2.511886431509570361e+00,9.914483710819076423e-01,9.956985126935838926e-01,9.999743613669338504e-01
2.539023185176590314e+00,9.916494090246500415e-01,9.958000584595518845e-01,9.999749691589944200e-01
2.566453106317414079e+00,9.918453358245801210e-01,9.958990028599428168e-01,9.999755612623278944e-01
2.594179362118811394e+00,9.920362982988015776e-01,9.959954215435125047e-01,9.999761381387586301e-01
2.622205153983763637e+00,9.922224383313232865e-01,9.960893875731694491e-01,9.999767002340589350e-01
2.650533717901075281e+00,9.924038930492014021e-01,9.961809715208616023e-01,9.999772479785509205e-01
2.679168324819026559e+00,9.925807950302623084e-01,9.962702415780144705e-01,9.999777817878028330e-01
2.708112281023050905e+00,9.927532725028161975e-01,9.963572636615510847e-01,9.999783020632959651e-01
2.737368928517495359e+00,9.929214494483140641e-01,9.964421014706024149e-01,9.999788091927930278e-01
2.766941645411503892e+00,9.930854458356824788e-01,9.965248166093411131e-01,9.999793035511019834e-01
2.796833846309068505e+00,9.932453777322520772e-01,9.966054686472571866e-01,9.999797855004624036e-01
2.827048982703296520e+00,9.934013574578863803e-01,9.966841152009555671e-01,9.999802553910591696e-01
2.857590543374936232e+00,9.935534937510968057e-01,9.967608120217340550e-01,9.999807135615700338e-01
2.888462054795207123e+00,9.937018918673803380e-01,9.968356130487469047e-01,9.999811603395052373e-01
2.919667081532982600e+00,9.938466537380958865e-01,9.969085704924669500e-01,9.999815960417259841e-01
2.951209226666382968e+00,9.939878780922911661e-01,9.969797348992542885e-01,9.999820209748505606e-01
2.983092132198760904e+00,9.941256605394004353e-01,9.970491551960150023e-01,9.999824354355382194e-01
3.015319479479288134e+00,9.942600937484307178e-01,9.971168787832942471e-01,9.999828397110634981e-01
3.047894989627977669e+00,9.943912674914392458e-01,9.971829515598149563e-01,9.999832340794785335e-01
3.080822423965354329e+00,9.945192687786048591e-01,9.972474179930104210e-01,9.999836188100479362e-01
3.114105584446752228e+00,9.946441819714690880e-01,9.973103211783962418e-01,9.999839941636200491e-01
3.147748314101307621e+00,9.947660888540089674e-01,9.973717028775678228e-01,9.999843603928649793e-01
3.181754497475692389e+00,9.948850687184542796e-01,9.974316035634920308e-01,9.999847177425580380e-01
3.216128061082643264e+00,9.950011984826949707e-01,9.974900624815798977e-01,9.999850664499576602e-01
3.250872973854332493e+00,9.951145527589609907e-01,9.975471176861036016e-01,9.999854067450310025e-01
3.285993247600642153e+00,9.952252039329397837e-01,9.976028060817638821e-01,9.999857388507155109e-01
3.321492937472385165e+00,9.953332222419111197e-01,9.976571634646590470e-01,9.999860629831713865e-01
3.357376142429544075e+00,9.954386758470419316e-01,9.977102245602169628e-01,9.999863793520176181e-01
3.393647005714508058e+00,9.955416309103879424e-01,9.977620230634060006e-01,9.999866881605812274e-01
3.430309715330543519e+00,9.956421516632931734e-01,9.978125916745294033e-01,9.999869896061185370e-01
3.467368504525310868e+00,9.957403004696758764e-01,9.978619621323695510e-01,9.999872838800208941e-01
3.504827652279669525e+00,9.958361378894228233e-01,9.979101652473088002e-01,9.999875711680191737e-01
3.542691483801748031e+00,9.959297227392281959e-01,9.979572309330956292e-01,9.999878516503810655e-01
3.580964371026351234e+00,9.960211121509965349e-01,9.980031882373183727e-01,9.999881255020984794e-01
3.619650733119767150e+00,9.961103616279249895e-01,9.980480653706484961e-01,9.999883928930693999e-01
3.658755036990021026e+00,9.961975250983721164e-01,9.980918897349120300e-01,9.999886539882688608e-01
3.698281797802649873e+00,9.962826549676149224e-01,9.981346879500437863e-01,9.999889089479178095e-01
3.738235579502040107e+00,9.963658021675906307e-01,9.981764858799749840e-01,9.999891579276402043e-01
3.778620995338404676e+00,9.964470162047154300e-01,9.982173086575054644e-01,9.999894010786190002e-01
3.819442708400449860e+00,9.965263452086722262e-01,9.982571807096155547e-01,9.999896385477488048e-01
3.860705432153809902e+00,9.966038359750537534e-01,9.982961257796464372e-01,9.999898704777743230e-01
3.902413930985232593e+00,9.966795340050577101e-01,9.983341669479557368e-01,9.999900970074174777e-01
3.944573020752778270e+00,9.967534835482688704e-01,9.983713266540884534e-01,9.999903182715123018e-01
3.987187569341828830e+00,9.968257276420587898e-01,9.984076267172085073e-01,9.999905344011322805e-01
4.030262497227166563e+00,9.968963081495203493e-01,9.984430883557620096e-01,9.999907455237092568e-01
4.073802778041118344e+00,9.969652658037725379e-01,9.984777322103038921e-01,9.999909517631744293e-01
4.117813439147832710e+00,9.970326402388975939e-01,9.985115783595835959e-01,9.999911532400553860e-01
4.162299562223765292e+00,9.970984700125582467e-01,9.985446463324131328e-01,9.999913500715522652e-01
4.207266283844427690e+00,9.971627926465648217e-01,9.985769551285369472e-01,9.999915423716628782e-01
4.252718796077487262e+00,9.972256446688584353e-01,9.986085232401757938e-01,9.999917302513141593e-01
4.298662347082260915e+00,9.972870616414609701e-01,9.986393686665018254e-01,9.999919138184523160e-01
4.345102241715697922e+00,9.973470781673186014e-01,9.986695089174891793e-01,9.999920931780659217e-01
4.392043842144899735e+00,9.974057279381111085e-01,9.986989610383185667e-01,9.999922684323360178e-01
4.439492568466276268e+00,9.974630437794121951e-01,9.987277416324265022e-01,9.999924396807730043e-01
4.487453899331315554e+00,9.975190576335316583e-01,9.987558668532435791e-01,9.999926070201717865e-01
4.535933372579267875e+00,9.975738006104527544e-01,9.987833524301076293e-01,9.999927705447667625e-01
4.584936585876504545e+00,9.976273030330502500e-01,9.988102136912857532e-01,9.999929303463707120e-01
4.634469197362870219e+00,9.976795944081950918e-01,9.988364655497691258e-01,9.999930865142928615e-01
4.684536926304997628e+00,9.977307034987068501e-01,9.988621225396850933e-01,9.999932391355567107e-01
4.735145553756677117e+00,9.977806583281459973e-01,9.988871988189740314e-01,9.999933882949172403e-01
4.786300923226369797e+00,9.978294861803302940e-01,9.989117081694083300e-01,9.999935340748632440e-01
4.838008941351921166e+00,9.978772136742767307e-01,9.989356640344557725e-01,9.999936765558441465e-01
4.890275578582572003e+00,9.979238667135988949e-01,9.989590794941147767e-01,9.999938158161206792e-01
4.943106869868335806e+00,9.979694705772172991e-01,9.989819673106671294e-01,9.999939519320392156e-01
4.996508915356815628e+00,9.980140498760714518e-01,9.990043399071616426e-01,9.999940849779054286e-01
5.050487881097581955e+00,9.980576286197269109e-01,9.990262094010469163e-01,9.999942150261842411e-01
5.105049999754057488e+00,9.981002301996767523e-01,9.990475875959800023e-01,9.999943421474534189e-01
5.160201571323274727e+00,9.981418774288854934e-01,9.990684860018539393e-01,9.999944664105231418e-01
5.215948963863236365e+00,9.981825925430629631e-01,9.990889158356108801e-01,9.999945878824421097e-01
5.272298614228216884e+00,9.982223972297051828e-01,9.991088880359784152e-01,9.999947066285862496e-01
5.329257028811992036e+00,9.982613126268977677e-01,9.991284132630257053e-01,9.999948227126566058e-01
5.386830784299095676e+00,9.982993593631114271e-01,9.991475019182816109e-01,9.999949361968004657e-01
5.445026528424197210e+00,9.983365575349345544e-01,9.991661641337024058e-01,9.999950471415456343e-01
5.503850980739676935e+00,9.983729267709831046e-01,9.991844098038734634e-01,9.999951556059938351e-01
5.563310933391500512e+00,9.984084861834112701e-01,9.992022485618091698e-01,9.999952616476772693e-01
5.623413251903470744e+00,9.984432544507082508e-01,9.992196898206141542e-01,9.999953653228063066e-01
5.684164875969949904e+00,9.984772497611240638e-01,9.992367427452175654e-01,9.999954666861027297e-01
5.745572820257153879e+00,9.985104898820668096e-01,9.992534162872985792e-01,9.999955657910086781e-01
5.807644175213114934e+00,9.985429921423181199e-01,9.992697191764685627e-01,9.999956626896331358e-01
5.870386107886300664e+00,9.985747734360349570e-01,9.992856599223816083e-01,9.999957574327669185e-01
5.933805862753271043e+00,9.986058502743564436e-01,9.993012468407149740e-01,9.999958500700362185e-01
5.997910762555083153e+00,9.986362387398517448e-01,9.993164880304120645e-01,9.999959406497690440e-01
6.062708209142829041e+00,9.986659545456475495e-01,9.993313914034264167e-01,9.999960292191717448e-01
6.128205684332284520e+00,9.986950130300202844e-01,9.993459646820924691e-01,9.999961158243140247e-01
6.194410750767798568e+00,9.987234291399096353e-01,9.993602153909358909e-01,9.999962005100810902e-01
6.261331052795507723e+00,9.987512174882688942e-01,9.993741508855117361e-01,9.999962833203449586e-01
6.328974317345991807e+00,9.987783923328211744e-01,9.993877783418206873e-01,9.999963642979025069e-01
6.397348354826458916e+00,9.988049675747792122e-01,9.994011047557386229e-01,9.999964434844722527e-01
6.466461060022573371e+00,9.988309568060739219e-01,9.994141369667632890e-01,9.999965209208355743e-01
6.536320413010021646e+00,9.988563732903019687e-01,9.994268816485230023e-01,9.999965966467811995e-01
6.606934480075954852e+00,9.988812299605448475e-01,9.994393453077435874e-01,9.999966707010995437e-01
6.678311414650267785e+00,9.989055394628740814e-01,9.994515343061192159e-01,9.999967431217116065e-01
6.750459458247166644e+00,9.989293141440558355e-01,9.994634548542006280e-01,9.999968139456351102e-01
6.823386941416685225e+00,9.989525660423990150e-01,9.994751130068589839e-01,9.999968832089562998e-01
6.897102284706591036e+00,9.989753069261914087e-01,9.994865146826065194e-01,9.999969509469452955e-01
6.971613999634659109e+00,9.989975482917651251e-01,9.994976656626727296e-01,9.999970171940512076e-01
7.046930689671452086e+00,9.990193013574243386e-01,9.995085715880055455e-01,9.999970819838850389e-01
7.123061051233719354e+00,9.990405770730702573e-01,9.995192379641382185e-01,9.999971453492471074e-01
7.200013874688522719e+00,9.990613861458418343e-01,9.995296701740877809e-01,9.999972073222059832e-01
7.277798045368216506e+00,9.990817390327714209e-01,9.995398734747088509e-01,9.999972679340762838e-01
7.356422544596386892e+00,9.991016459368298186e-01,9.995498529947495214e-01,9.999973272154063508e-01
7.435896450724879259e+00,9.991211168258661290e-01,9.995596137443812923e-01,9.999973851960363147e-01
7.516228940182023699e+00,9.991401614442377843e-01,9.995691606210637126e-01,9.999974419051332886e-01
7.597429288532222103e+00,9.991587893100462026e-01,9.995784984081900193e-01,9.999974973711825976e-01
7.679506871546832869e+00,9.991770097141408069e-01,9.995876317746190676e-01,9.999975516219848926e-01
7.762471166286906588e+00,9.991948317308937400e-01,9.995965652801050982e-01,9.999976046846904554e-01
7.846331752197344578e+00,9.992122642337568639e-01,9.996053033831263646e-01,9.999976565858440525e-01
7.931098312213011425e+00,9.992293158914887785e-01,9.996138504390174040e-01,9.999977073513744985e-01
8.016780633876773976e+00,9.992459951720615852e-01,9.996222107019554493e-01,9.999977570066070909e-01
8.103388610469611564e+00,9.992623103406222951e-01,9.996303883239614496e-01,9.999978055762567264e-01
8.190932242152950238e+00,9.992782694800341758e-01,9.996383873652211483e-01,9.999978530844912950e-01
8.279421637123316913e+00,9.992938804899303973e-01,9.996462117936307790e-01,9.999978995549265726e-01
8.368867012779485748e+00,9.993091510890048657e-01,9.996538654859685735e-01,9.999979450106356582e-01
8.459278696902227779e+00,9.993240888185092041e-01,9.996613522296662335e-01,9.999979894741578557e-01
8.550667128846798803e+00,9.993387010409860993e-01,9.996686757221945330e-01,9.999980329674961199e-01
8.643042860748321843e+00,9.993529949571227089e-01,9.996758395795285468e-01,9.999980755121674614e-01
8.736416558740211613e+00,9.993669776052603870e-01,9.996828473359198330e-01,9.999981171292009474e-01
8.830799004185616141e+00,9.993806558635836002e-01,9.996897024450089875e-01,9.999981578391452519e-01
8.926201094922470602e+00,9.993940364539605214e-01,9.996964082817680897e-01,9.999981976620797575e-01
9.022633846521683765e+00,9.994071259429652132e-01,9.997029681430285031e-01,9.999982366176177750e-01
9.120108393559078763e+00,9.994199307461997250e-01,9.997093852496599098e-01,9.999982747249201998e-01
9.218635990901049126e+00,9.994324571390423850e-01,9.997156627519736549e-01,9.999983120027262640e-01
9.318228015004089926e+00,9.994447112550308709e-01,9.997218037289238302e-01,9.999983484693513169e-01
9.418895965228387013e+00,9.994566990891142755e-01,9.997278111897504038e-01,9.999983841426939302e-01
9.520651465165572702e+00,9.994684265009341484e-01,9.997336880756352295e-01,9.999984190402476658e-01
9.623506263980852182e+00,9.994798992173156149e-01,9.997394372609640367e-01,9.999984531791076270e-01
9.727472237769614338e+00,9.994911228324272479e-01,9.997450615534154705e-01,9.999984865759715680e-01
9.832561390928695744e+00,9.995021028184264411e-01,9.997505636993080369e-01,9.999985192471719797e-01
9.938785857542505653e+00,9.995128445252698945e-01,9.997559463835148374e-01,9.999985512086745354e-01
1.004615790278394094e+01,9.995233531827790729e-01,9.997612122305079563e-01,9.999985824760858621e-01
1.015468992433078910e+01,9.995336339034521789e-01,9.997663638057775470e-01,9.999986130646605353e-01
1.026439445379708637e+01,9.995436916852055154e-01,9.997714036172141716e-01,9.999986429893106266e-01
1.037528415818010608e+01,9.995535314140030492e-01,9.997763341164349615e-01,9.999986722646123649e-01
1.048737184132295575e+01,9.995631578638727310e-01,9.997811576988004933e-01,9.999987009048074693e-01
1.060067044539296077e+01,9.995725757033918635e-01,9.997858767066710728e-01,9.999987289238220223e-01
1.071519305237603525e+01,9.995817894984964092e-01,9.997904934308239344e-01,9.999987563352743525e-01
1.083095288558718217e+01,9.995908037132396062e-01,9.997950101108381560e-01,9.999987831524786985e-01
1.094796331119732358e+01,9.995996227121495270e-01,9.997994289362847065e-01,9.999988093884510931e-01
1.106623783977662434e+01,9.996082507625275726e-01,9.998037520478834095e-01,9.999988350559168016e-01
1.118579012785447269e+01,9.996166920366922337e-01,9.998079815386341496e-01,9.999988601673172051e-01
1.130663397949634330e+01,9.996249506141650087e-01,9.998121194549176582e-01,9.999988847348159071e-01
1.142878334789770634e+01,9.996330304835314706e-01,9.998161677974343187e-01,9.999989087703043955e-01
1.155225233699497878e+01,9.996409355429096699e-01,9.998201285214430856e-01,9.999989322854040408e-01
1.167705520309425893e+01,9.996486696057237387e-01,9.998240035396618319e-01,9.999989552914834157e-01
1.180320635651727557e+01,9.996562364013223956e-01,9.998277947225796547e-01,9.999989777996587392e-01
1.193072036326531205e+01,9.996636395764108007e-01,9.998315038991804071e-01,9.999989998207999831e-01
1.205961194670105563e+01,9.996708826969382677e-01,9.998351328578928277e-01,9.999990213655359783e-01
1.218989598924863316e+01,9.996779692499412340e-01,9.998386833475184643e-01,9.999990424442587456e-01
1.232158753411200358e+01,9.996849026453398235e-01,9.998421570781358403e-01,9.999990630671309333e-01
1.245470178701191521e+01,9.996916862176939977e-01,9.998455557219837475e-01,9.999990832440894817e-01
1.258925411794162841e+01,9.996983232279145204e-01,9.998488809143235567e-01,9.999991029848513957e-01
1.272526006294161327e+01,9.997048168649356192e-01,9.998521342542794343e-01,9.999991222989189632e-01
1.286273532589340363e+01,9.997111702468866046e-01,9.998553173054303134e-01,9.999991411955828635e-01
1.300169578033284701e+01,9.997173864223423134e-01,9.998584315964380576e-01,9.999991596839261643e-01
1.314215747128298517e+01,9.997234683739778527e-01,9.998614786228835483e-01,9.999991777728347575e-01
1.328413661710649407e+01,9.997294190188673602e-01,9.998644598474176748e-01,9.999991954709993580e-01
1.342764961137861768e+01,9.997352412098829966e-01,9.998673767004663260e-01,9.999992127869182790e-01
1.357271302477985664e+01,9.997409377371414552e-01,9.998702305809574753e-01,9.999992297289028720e-01
1.371934360700934619e+01,9.997465113294182748e-01,9.998730228570320566e-01,9.999992463050815239e-01
1.386755828871885221e+01,9.997519646555274031e-01,9.998757548667386308e-01,9.999992625234033206e-01
1.401737418346766262e+01,9.997573003256698954e-01,9.998784279187105106e-01,9.999992783916429318e-01
1.416880858969860135e+01,9.997625208927496399e-01,9.998810432928276759e-01,9.999992939174034978e-01
1.432187899273538889e+01,9.997676288536584410e-01,9.998836022408631452e-01,9.999993091081210705e-01
1.447660306680157127e+01,9.997726266505321258e-01,9.998861059871133605e-01,9.999993239710690540e-01
1.463299867706127877e+01,9.997775166719761186e-01,9.998885557290156934e-01,9.999993385133599810e-01
1.479108388168201316e+01,9.997823012542633725e-01,9.998909526377494084e-01,9.999993527419513972e-01
1.495087693391978867e+01,9.997869826822267658e-01,9.998932978586849707e-01,9.999993666636466383e-01
1.511239628422651649e+01,9.997915631902875022e-01,9.998955925119011878e-01,9.999993802850991598e-01
1.527566058238070568e+01,9.997960449646609016e-01,9.998978376932914358e-01,9.999993936128183103e-01
1.544068867964064040e+01,9.998004301437799501e-01,9.999000344747783764e-01,9.999994066531711079e-01
1.560749963092108317e+01,9.998047208193270308e-01,9.999021839048312099e-01,9.999994194123851265e-01
1.577611269699345087e+01,9.998089190372723145e-01,9.999042870089887014e-01,9.999994318965514939e-01
1.594654734670974960e+01,9.998130267988931674e-01,9.999063447903701052e-01,9.999994441116285548e-01
1.611882325925053649e+01,9.998170460617652466e-01,9.999083582301736550e-01,9.999994560634435370e-01
1.629296032639717495e+01,9.998209787407348337e-01,9.999103282881647292e-01,9.999994677576972135e-01
1.646897865482862855e+01,9.998248267088658547e-01,9.999122559031524693e-01,9.999994791999646804e-01
1.664689856844308125e+01,9.998285917983674720e-01,9.999141419934538533e-01,9.999994903957006853e-01
1.682674061070460780e+01,9.998322758014991374e-01,9.999159874573495532e-01,9.999995013502397390e-01
1.700852554701524966e+01,9.998358804714557735e-01,9.999177931735280245e-01,9.999995120688003336e-01
1.719227436711271650e+01,9.998394075232314160e-01,9.999195600015198249e-01,9.999995225564869417e-01
1.737800828749373494e+01,9.998428586344649815e-01,9.999212887821214979e-01,9.999995328182932353e-01
1.756574875386415968e+01,9.998462354462656076e-01,9.999229803378100190e-01,9.999995428591031965e-01
1.775551744361495210e+01,9.998495395640196737e-01,9.999246354731485820e-01,9.999995526836950033e-01
1.794733626832523044e+01,9.998527725581796144e-01,9.999262549751820606e-01,9.999995622967423614e-01
1.814122737629224957e+01,9.998559359650336376e-01,9.999278396138239211e-01,9.999995717028177245e-01
1.833721315508877936e+01,9.998590312874601205e-01,9.999293901422346975e-01,9.999995809063931818e-01
1.853531623414805907e+01,9.998620599955669874e-01,9.999309072971427348e-01,9.999995899118439002e-01
1.873555948737671528e+01,9.998650235273116582e-01,9.999323917991561617e-01,9.999995987234491235e-01
1.893796603579585991e+01,9.998679232896972024e-01,9.999338443533624110e-01,9.999996073453951695e-01
1.914255925021078752e+01,9.998707606591837882e-01,9.999352656495348324e-01,9.999996157817787612e-01
1.934936275390944616e+01,9.998735369823398278e-01,9.999366563624595416e-01,9.999996240366061384e-01
1.955840042539011492e+01,9.998762535764970094e-01,9.999380171522644911e-01,9.999996321137976096e-01
1.976969640111858695e+01,9.998789117303934493e-01,9.999393486647427665e-01,9.999996400171873301e-01
1.998327507831479721e+01,9.998815127048017448e-01,9.999406515316657806e-01,9.999996477505269654e-01
2.019916111777026302e+01,9.998840577331414847e-01,9.999419263710929151e-01,9.999996553174861358e-01
2.041737944669525717e+01,9.998865480220803237e-01,9.999431737876716131e-01,9.999996627216551914e-01
2.063795526159707450e+01,9.998889847521200691e-01,9.999443943729324769e-01,9.999996699665465449e-01
2.086091403118935972e+01,9.998913690781693342e-01,9.999455887055757053e-01,9.999996770555962256e-01
2.108628149933283780e+01,9.998937021301056438e-01,9.999467573517534236e-01,9.999996839921655445e-01
2.131408368800780551e+01,9.998959850133218863e-01,9.999479008653443524e-01,9.999996907795433154e-01
2.154434690031876798e+01,9.998982188092628842e-01,9.999490197882227038e-01,9.999996974209470757e-01
2.177709772353151152e+01,9.999004045759495307e-01,9.999501146505206384e-01,9.999997039195238635e-01
2.201236303214299284e+01,9.999025433484898251e-01,9.999511859708851702e-01,9.999997102783534375e-01
2.225016999098439641e+01,9.999046361395809157e-01,9.999522342567296329e-01,9.999997165004483879e-01
2.249054605835779341e+01,9.999066839399981532e-01,9.999532600044793718e-01,9.999997225887560237e-01
2.273351898920627434e+01,9.999086877190735967e-01,9.999542636998119960e-01,9.999997285461598162e-01
2.297911683831916818e+01,9.999106484251641946e-01,9.999552458178918579e-01,9.999997343754811752e-01
2.322736796357103017e+01,9.999125669861101962e-01,9.999562068235988699e-01,9.999997400794796709e-01
2.347830102919607498e+01,9.999144443096822377e-01,9.999571471717554338e-01,9.999997456608559210e-01
2.373194500909788118e+01,9.999162812840184378e-01,9.999580673073427128e-01,9.999997511222515900e-01
2.398832919019484322e+01,9.999180787780529434e-01,9.999589676657180126e-01,9.999997564662514993e-01
2.424748317580178281e+01,9.999198376419349277e-01,9.999598486728232816e-01,9.999997616953845148e-01
2.450943688904808937e+01,9.999215587074368194e-01,9.999607107453903909e-01,9.999997668121242134e-01
2.477422057633276964e+01,9.999232427883547603e-01,9.999615542911420851e-01,9.999997718188915474e-01
2.504186481081686466e+01,9.999248906809006243e-01,9.999623797089881583e-01,9.999997767180548447e-01
2.531240049595353625e+01,9.999265031640831580e-01,9.999631873892176337e-01,9.999997815119309186e-01
2.558585886905634865e+01,9.999280810000843456e-01,9.999639777136861696e-01,9.999997862027868445e-01
2.586227150490616467e+01,9.999296249346236731e-01,9.999647510559990238e-01,9.999997907928402929e-01
2.614167031939653540e+01,9.999311356973169529e-01,9.999655077816919091e-01,9.999997952842616389e-01
2.642408757321942403e+01,9.999326140020257103e-01,9.999662482484049653e-01,9.999997996791740729e-01
2.670955587558979971e+01,9.999340605472002430e-01,9.999669728060561757e-01,9.999998039796546001e-01
2.699810818801094570e+01,9.999354760162143529e-01,9.999676817970067910e-01,9.999998081877358169e-01
2.728977782808034291e+01,9.999368610776820931e-01,9.999683755562233101e-01,9.999998123054064658e-01
2.758459847333669046e+01,9.999382163857338801e-01,9.999690544114134827e-01,9.999998163346113245e-01
2.788260416514845375e+01,9.999395425804429305e-01,9.999697186832409157e-01,9.999998202772546474e-01
2.818382931264444835e+01,9.999408402880843871e-01,9.999703686854550799e-01,9.999998241351986117e-01
2.848830869668687527e+01,9.999421101214234220e-01,9.999710047250357503e-01,9.999998279102656484e-01
2.879607747388729067e+01,9.999433526800076688e-01,9.999716271023395553e-01,9.999998316042387758e-01
2.910717118066593656e+01,9.999445685504551040e-01,9.999722361112440838e-01,9.999998352188624873e-01
2.942162573735495812e+01,9.999457583067328237e-01,9.999728320392879954e-01,9.999998387558436397e-01
2.973947745234602991e+01,9.999469225104327119e-01,9.999734151678087990e-01,9.999998422168524526e-01
3.006076302628226671e+01,9.999480617110386715e-01,9.999739857720773006e-01,9.999998456035229522e-01
3.038551955629650081e+01,9.999491764461890808e-01,9.999745441214284991e-01,9.999998489174539706e-01
3.071378454029424176e+01,9.999502672419335880e-01,9.999750904793914819e-01,9.999998521602097012e-01
3.104559588128348935e+01,9.999513346129846880e-01,9.999756251038136590e-01,9.999998553333208084e-01
3.138099189175117942e+01,9.999523790629616382e-01,9.999761482469855522e-01,9.999998584382849831e-01
3.172001129808693065e+01,9.999534010846327092e-01,9.999766601557591450e-01,9.999998614765676086e-01
3.206269324505456098e+01,9.999544011601476656e-01,9.999771610716675641e-01,9.999998644496022049e-01
3.240907730031193523e+01,9.999553797612694694e-01,9.999776512310390997e-01,9.999998673587918718e-01
3.275920345897964125e+01,9.999563373495985452e-01,9.999781308651102263e-01,9.999998702055090671e-01
3.311311214825898475e+01,9.999572743767921601e-01,9.999786002001350704e-01,9.999998729910969386e-01
3.347084423209992110e+01,9.999581912847795850e-01,9.999790594574951008e-01,9.999998757168694352e-01
3.383244101591953523e+01,9.999590885059727041e-01,9.999795088538017129e-01,9.999998783841126393e-01
3.419794425137084914e+01,9.999599664634716278e-01,9.999799486010021443e-01,9.999998809940843225e-01
3.456739614116437309e+01,9.999608255712665317e-01,9.999803789064790616e-01,9.999998835480157222e-01
3.494083934394059554e+01,9.999616662344332774e-01,9.999807999731482600e-01,9.999998860471110973e-01
3.531831697919562885e+01,9.999624888493271468e-01,9.999812119995576953e-01,9.999998884925491716e-01
3.569987263225998930e+01,9.999632938037712471e-01,9.999816151799790775e-01,9.999998908854830226e-01
3.608555035933120081e+01,9.999640814772402519e-01,9.999820097045031275e-01,9.999998932270410812e-01
3.647539469256067690e+01,9.999648522410411466e-01,9.999823957591273960e-01,9.999998955183271310e-01
3.686945064519564141e+01,9.999656064584891979e-01,9.999827735258460804e-01,9.999998977604219741e-01
3.726776371677656385e+01,9.999663444850812599e-01,9.999831431827361783e-01,9.999998999543822098e-01
3.767037989839074896e+01,9.999670666686638620e-01,9.999835049040418644e-01,9.999999021012418998e-01
3.807734567798267733e+01,9.999677733495984100e-01,9.999838588602578682e-01,9.999999042020135676e-01
3.848870804572172943e+01,9.999684648609237225e-01,9.999842052182098540e-01,9.999999062576871989e-01
3.890451449942802498e+01,9.999691415285122398e-01,9.999845441411334690e-01,9.999999082692316854e-01
3.932481305005617145e+01,9.999698036712267868e-01,9.999848757887526141e-01,9.999999102375952686e-01
3.974965222723969305e+01,9.999704516010698985e-01,9.999852003173542725e-01,9.999999121637053179e-01
4.017908108489392305e+01,9.999710856233333667e-01,9.999855178798637834e-01,9.999999140484697735e-01
4.061314920688012364e+01,9.999717060367415700e-01,9.999858286259162288e-01,9.999999158927768139e-01
4.105190671273069114e+01,9.999723131335948034e-01,9.999861327019280433e-01,9.999999176974952997e-01
4.149540426343618549e+01,9.999729071999058361e-01,9.999864302511666247e-01,9.999999194634759947e-01
4.194369306729486624e+01,9.999734885155371344e-01,9.999867214138175031e-01,9.999999211915502340e-01
4.239682488582545972e+01,9.999740573543328681e-01,9.999870063270519527e-01,9.999999228825330322e-01
4.285485203974380397e+01,9.999746139842483617e-01,9.999872851250902750e-01,9.999999245372207524e-01
4.331782741500398970e+01,9.999751586674775483e-01,9.999875579392674130e-01,9.999999261563928821e-01
4.378580446890486400e+01,9.999756916605765378e-01,9.999878248980936801e-01,9.999999277408122555e-01
4.425883723626262167e+01,9.999762132145860738e-01,9.999880861273162669e-01,9.999999292912250537e-01
4.473698033564924259e+01,9.999767235751493288e-01,9.999883417499787486e-01,9.999999308083616922e-01
4.522028897569999373e+01,9.999772229826286996e-01,9.999885918864790391e-01,9.999999322929371548e-01
4.570881896148743095e+01,9.999777116722201598e-01,9.999888366546269003e-01,9.999999337456502158e-01
4.620262670096506241e+01,9.999781898740628394e-01,9.999890761696993424e-01,9.999999351671855496e-01
4.670176921148051008e+01,9.999786578133499360e-01,9.999893105444954688e-01,9.999999365582120658e-01
4.720630412635893691e+01,9.999791157104341854e-01,9.999895398893892118e-01,9.999999379193854621e-01
4.771628970155772009e+01,9.999795637809324456e-01,9.999897643123827340e-01,9.999999392513465590e-01
4.823178482239291753e+01,9.999800022358271701e-01,9.999899839191563888e-01,9.999999405547222997e-01
4.875284901033847262e+01,9.999804312815667728e-01,9.999901988131191244e-01,9.999999418301269705e-01
4.927954242989879674e+01,9.999808511201632166e-01,9.999904090954577773e-01,9.999999430781607579e-01
4.981192589555570294e+01,9.999812619492869370e-01,9.999906148651839244e-01,9.999999442994117471e-01
5.035006087879026637e+01,9.999816639623614334e-01,9.999908162191823990e-01,9.999999454944544786e-01
5.089400951518085492e+01,9.999820573486530861e-01,9.999910132522551454e-01,9.999999466638522794e-01
5.144383461157680415e+01,9.999824422933624168e-01,9.999912060571671812e-01,9.999999478081551540e-01
5.199959965335152390e+01,9.999828189777101306e-01,9.999913947246906742e-01,9.999999489279017828e-01
5.256136881173207342e+01,9.999831875790237135e-01,9.999915793436466860e-01,9.999999500236201877e-01
5.312920695120885028e+01,9.999835482708205880e-01,9.999917600009485819e-01,9.999999510958252902e-01
5.370317963702515129e+01,9.999839012228907142e-01,9.999919367816421101e-01,9.999999521450223527e-01
5.428335314274764301e+01,9.999842466013763032e-01,9.999921097689455918e-01,9.999999531717053136e-01
5.486979445791860854e+01,9.999845845688499768e-01,9.999922790442901110e-01,9.999999541763573419e-01
5.546257129579090162e+01,9.999849152843929279e-01,9.999924446873563744e-01,9.999999551594512814e-01
5.606175210114637508e+01,9.999852389036685274e-01,9.999926067761145676e-01,9.999999561214503174e-01
5.666740605819891385e+01,9.999855555789965988e-01,9.999927653868592170e-01,9.999999570628067547e-01
5.727960309858269028e+01,9.999858654594253604e-01,9.999929205942460486e-01,9.999999579839640163e-01
5.789841390942686417e+01,9.999861686908014802e-01,9.999930724713272934e-01,9.999999588853556443e-01
5.852390994151760140e+01,9.999864654158390209e-01,9.999932210895863260e-01,9.999999597674057439e-01
5.915616341754731877e+01,9.999867557741869417e-01,9.999933665189707499e-01,9.999999606305298716e-01
5.979524734045509859e+01,9.999870399024951562e-01,9.999935088279257034e-01,9.999999614751337029e-01
6.044123550185508975e+01,9.999873179344784813e-01,9.999936480834265007e-01,9.999999623016151418e-01
6.109420249055707330e+01,9.999875900009803642e-01,9.999937843510104951e-01,9.999999631103633213e-01
6.175422370117881599e+01,9.999878562300340556e-01,9.999939176948067221e-01,9.999999639017582709e-01
6.242137534285149059e+01,9.999881167469237830e-01,9.999940481775673184e-01,9.999999646761728034e-01
6.309573444801913666e+01,9.999883716742428152e-01,9.999941758606969433e-01,9.999999654339714050e-01
6.377737888133318478e+01,9.999886211319523044e-01,9.999943008042815329e-01,9.999999661755107905e-01
6.446638734864308162e+01,9.999888652374373521e-01,9.999944230671163892e-01,9.999999669011395698e-01
6.516283940608401792e+01,9.999891041055620766e-01,9.999945427067351567e-01,9.999999676111995806e-01
6.586681546926287467e+01,9.999893378487252349e-01,9.999946597794348024e-01,9.999999683060245559e-01
6.657839682254358138e+01,9.999895665769110709e-01,9.999947743403043710e-01,9.999999689859420116e-01
6.729766562843170163e+01,9.999897903977426061e-01,9.999948864432499640e-01,9.999999696512713587e-01
6.802470493706266552e+01,9.999900094165325992e-01,9.999949961410197208e-01,9.999999703023259023e-01
6.875959869579020278e+01,9.999902237363325064e-01,9.999951034852294640e-01,9.999999709394118419e-01
6.950243175887953839e+01,9.999904334579809984e-01,9.999952085263870138e-01,9.999999715628293817e-01
7.025328989730505214e+01,9.999906386801517000e-01,9.999953113139156136e-01,9.999999721728712876e-01
7.101225980865378062e+01,9.999908394994005967e-01,9.999954118961772442e-01,9.999999727698249963e-01
7.177942912713596968e+01,9.999910360102096663e-01,9.999955103204958284e-01,9.999999733539710611e-01
7.255488643370368607e+01,9.999912283050335082e-01,9.999956066331791016e-01,9.999999739255847064e-01
7.333872126627881016e+01,9.999914164743411993e-01,9.999957008795407054e-01,9.999999744849346062e-01
7.413102413009147540e+01,9.999916006066603691e-01,9.999957931039212822e-01,9.999999750322841052e-01
7.493188650813030449e+01,9.999917807886173904e-01,9.999958833497102351e-01,9.999999755678903313e-01
7.574140087170532354e+01,9.999919571049799005e-01,9.999959716593649350e-01,9.999999760920057490e-01
7.655966069112555772e+01,9.999921296386948821e-01,9.999960580744311489e-01,9.999999766048769390e-01
7.738676044649034225e+01,9.999922984709300744e-01,9.999961426355633565e-01,9.999999771067444865e-01
7.822279563860014662e+01,9.999924636811097223e-01,9.999962253825430691e-01,9.999999775978454242e-01
7.906786279998236466e+01,9.999926253469538784e-01,9.999963063542975927e-01,9.999999780784103454e-01
7.992205950603781162e+01,9.999927835445140412e-01,9.999963855889191233e-01,9.999999785486652915e-01
8.078548438630711814e+01,9.999929383482093481e-01,9.999964631236819557e-01,9.999999790088315299e-01
8.165823713585902510e+01,9.999930898308618810e-01,9.999965389950601358e-01,9.999999794591255542e-01
8.254041852680160218e+01,9.999932380637303053e-01,9.999966132387453355e-01,9.999999798997591949e-01
8.343213041991789680e+01,9.999933831165437326e-01,9.999966858896622846e-01,9.999999803309398416e-01
8.433347577642724957e+01,9.999935250575350265e-01,9.999967569819870894e-01,9.999999807528702211e-01
8.524455866987364061e+01,9.999936639534726668e-01,9.999968265491614439e-01,9.999999811657488413e-01
8.616548429814258725e+01,9.999937998696913910e-01,9.999968946239098377e-01,9.999999815697697692e-01
8.709635899560768735e+01,9.999939328701243912e-01,9.999969612382541007e-01,9.999999819651234079e-01
8.803729024540886883e+01,9.999940630173321798e-01,9.999970264235290562e-01,9.999999823519953868e-01
8.898838669186159223e+01,9.999941903725331205e-01,9.999970902103965109e-01,9.999999827305677824e-01
8.994975815300337274e+01,9.999943149956312949e-01,9.999971526288607970e-01,9.999999831010187856e-01
9.092151563327254848e+01,9.999944369452454795e-01,9.999972137082820955e-01,9.999999834635225904e-01
9.190377133632573248e+01,9.999945562787360132e-01,9.999972734773897587e-01,9.999999838182495049e-01
9.289663867799340835e+01,9.999946730522326632e-01,9.999973319642979641e-01,9.999999841653668398e-01
9.390023229937534666e+01,9.999947873206603832e-01,9.999973891965165951e-01,9.999999845050374647e-01
9.491466808007771760e+01,9.999948991377655139e-01,9.999974452009646742e-01,9.999999848374215849e-01
9.594006315159299447e+01,9.999950085561409852e-01,9.999975000039850181e-01,9.999999851626749647e-01
9.697653591082458036e+01,9.999951156272507413e-01,9.999975536313537861e-01,9.999999854809508149e-01
9.802420603375742303e+01,9.999952204014549428e-01,9.999976061082946899e-01,9.999999857923990154e-01
9.908319448927635165e+01,9.999953229280325040e-01,9.999976574594896528e-01,9.999999860971658938e-01
1.001536235531341106e+02,9.999954232552052957e-01,9.999977077090912436e-01,9.999999863953950019e-01
1.012356168220684367e+02,9.999955214301596840e-01,9.999977568807336681e-01,9.999999866872263388e-01
1.023292992280752713e+02,9.999956174990702884e-01,9.999978049975440930e-01,9.999999869727973500e-01
1.034347970528324936e+02,9.999957115071206326e-01,9.999978520821530825e-01,9.999999872522419286e-01
1.045522379422814936e+02,9.999958034985243494e-01,9.999978981567058112e-01,9.999999875256921911e-01
1.056817509213656052e+02,9.999958935165464968e-01,9.999979432428721671e-01,9.999999877932763681e-01
1.068234664089280557e+02,9.999959816035236537e-01,9.999979873618572990e-01,9.999999880551201370e-01
1.079775162327706539e+02,9.999960678008843473e-01,9.999980305344107201e-01,9.999999883113470656e-01
1.091440336448753072e+02,9.999961521491675942e-01,9.999980727808369663e-01,9.999999885620773910e-01
1.103231533367898578e+02,9.999962346880432174e-01,9.999981141210055879e-01,9.999999888074292409e-01
1.115150114551802432e+02,9.999963154563287215e-01,9.999981545743583666e-01,9.999999890475175235e-01
1.127197456175505863e+02,9.999963944920099435e-01,9.999981941599213053e-01,9.999999892824558145e-01
1.139374949281332050e+02,9.999964718322570389e-01,9.999982328963112899e-01,9.999999895123542482e-01
1.151683999939506009e+02,9.999965475134423576e-01,9.999982708017461919e-01,9.999999897373209601e-01
1.164126029410489878e+02,9.999966215711580952e-01,9.999983078940521963e-01,9.999999899574615325e-01
1.176702474309112603e+02,9.999966940402330584e-01,9.999983441906745707e-01,9.999999901728799934e-01
1.189414786770432357e+02,9.999967649547482074e-01,9.999983797086823278e-01,9.999999903836774839e-01
1.202264434617410416e+02,9.999968343480538646e-01,9.999984144647797724e-01,9.999999905899529251e-01
1.215252901530392791e+02,9.999969022527839257e-01,9.999984484753120517e-01,9.999999907918035724e-01
1.228381687218423508e+02,9.999969687008727348e-01,9.999984817562739270e-01,9.999999909893242389e-01
1.241652307592407425e+02,9.999970337235694062e-01,9.999985143233162121e-01,9.999999911826077392e-01
1.255066294940144473e+02,9.999970973514525907e-01,9.999985461917552110e-01,9.999999913717448896e-01
1.268625198103255229e+02,9.999971596144445751e-01,9.999985773765774910e-01,9.999999915568251740e-01
1.282330582656016702e+02,9.999972205418256044e-01,9.999986078924487654e-01,9.999999917379350789e-01
1.296184031086131085e+02,9.999972801622483143e-01,9.999986377537195548e-01,9.999999919151599803e-01
1.310187142977448218e+02,9.999973385037499440e-01,9.999986669744328482e-01,9.999999920885830340e-01
1.324341535194663209e+02,9.999973955937663250e-01,9.999986955683300982e-01,9.999999922582861744e-01
1.338648842069991360e+02,9.999974514591446484e-01,9.999987235488582149e-01,9.999999924243490046e-01
1.353110715591901965e+02,9.999975061261567877e-01,9.999987509291753396e-01,9.999999925868493511e-01
1.367728825595846445e+02,9.999975596205099571e-01,9.999987777221575058e-01,9.999999927458640414e-01
1.382504859957070096e+02,9.999976119673602559e-01,9.999988039404041906e-01,9.999999929014679045e-01
1.397440524785502021e+02,9.999976631913242153e-01,9.999988295962447538e-01,9.999999930537336601e-01
1.412537544622750261e+02,9.999977133164897891e-01,9.999988547017442109e-01,9.999999932027331395e-01
1.427797662641226282e+02,9.999977623664287885e-01,9.999988792687086736e-01,9.999999933485367309e-01
1.443222640845418709e+02,9.999978103642065408e-01,9.999989033086905676e-01,9.999999934912124910e-01
1.458814260275343031e+02,9.999978573323941022e-01,9.999989268329947389e-01,9.999999936308278103e-01
1.474574321212189147e+02,9.999979032930783607e-01,9.999989498526833387e-01,9.999999937674481920e-01
1.490504643386189798e+02,9.999979482678716947e-01,9.999989723785815965e-01,9.999999939011379180e-01
1.506607066186740553e+02,9.999979922779234087e-01,9.999989944212823723e-01,9.999999940319600489e-01
1.522883448874763133e+02,9.999980353439290592e-01,9.999990159911507082e-01,9.999999941599757580e-01
1.539335670797416071e+02,9.999980774861396693e-01,9.999990370983301569e-01,9.999999942852455526e-01
1.555965631605071735e+02,9.999981187243723868e-01,9.999990577527457791e-01,9.999999944078281633e-01
1.572775251470664273e+02,9.999981590780188112e-01,9.999990779641102501e-01,9.999999945277814328e-01
1.589766471311401688e+02,9.999981985660549855e-01,9.999990977419280780e-01,9.999999946451614274e-01
1.606941253012873005e+02,9.999982372070493897e-01,9.999991170954990460e-01,9.999999947600235473e-01
1.624301579655577257e+02,9.999982750191722669e-01,9.999991360339240964e-01,9.999999948724218601e-01
1.641849455743898147e+02,9.999983120202043940e-01,9.999991545661087722e-01,9.999999949824092127e-01
1.659586907437554828e+02,9.999983482275445201e-01,9.999991727007677689e-01,9.999999950900372303e-01
1.677515982785550932e+02,9.999983836582185814e-01,9.999991904464281545e-01,9.999999951953566502e-01
1.695638751962652293e+02,9.999984183288868067e-01,9.999992078114345873e-01,9.999999952984166551e-01
1.713957307508418069e+02,9.999984522558525990e-01,9.999992248039528686e-01,9.999999953992660950e-01
1.732473764568822503e+02,9.999984854550694191e-01,9.999992414319730516e-01,9.999999954979524874e-01
1.751190261140454822e+02,9.999985179421481130e-01,9.999992577033144370e-01,9.999999955945217955e-01
1.770108958317418342e+02,9.999985497323650163e-01,9.999992736256277936e-01,9.999999956890197605e-01
1.789232040540836124e+02,9.999985808406686161e-01,9.999992892064005767e-01,9.999999957814904583e-01
1.808561715851083420e+02,9.999986112816865447e-01,9.999993044529590369e-01,9.999999958719777426e-01
1.828100216142738361e+02,9.999986410697332406e-01,9.999993193724726614e-01,9.999999959605240241e-01
1.847849797422285860e+02,9.999986702188151666e-01,9.999993339719565055e-01,9.999999960471710470e-01
1.867812740068608264e+02,9.999986987426390250e-01,9.999993482582761883e-01,9.999999961319594455e-01
1.887991349096287195e+02,9.999987266546170872e-01,9.999993622381490033e-01,9.999999962149291877e-01
1.908387954421751829e+02,9.999987539678746318e-01,9.999993759181485808e-01,9.999999962961189093e-01
1.929004911132302027e+02,9.999987806952537195e-01,9.999993893047076643e-01,9.999999963755671351e-01
1.949844599758037305e+02,9.999988068493229632e-01,9.999994024041204410e-01,9.999999964533112795e-01
1.970909426546724603e+02,9.999988324423796371e-01,9.999994152225472055e-01,9.999999965293878690e-01
1.992201823741641249e+02,9.999988574864588919e-01,9.999994277660144704e-01,9.999999966038325416e-01
2.013724249862385420e+02,9.999988819933357531e-01,9.999994400404210726e-01,9.999999966766801585e-01
2.035479189988790552e+02,9.999989059745340025e-01,9.999994520515382845e-01,9.999999967479653584e-01
2.057469156047835384e+02,9.999989294413302865e-01,9.999994638050140328e-01,9.999999968177213372e-01
2.079696687103690920e+02,9.999989524047584455e-01,9.999994753063746744e-01,9.999999968859812904e-01
2.102164349650892063e+02,9.999989748756159536e-01,9.999994865610284389e-01,9.999999969527767485e-01
2.124874737910676572e+02,9.999989968644693583e-01,9.999994975742676484e-01,9.999999970181396858e-01
2.147830474130527136e+02,9.999990183816577227e-01,9.999995083512703831e-01,9.999999970821003004e-01
2.171034208886947283e+02,9.999990394372985092e-01,9.999995188971044779e-01,9.999999971446891234e-01
2.194488621391509469e+02,9.999990600412923536e-01,9.999995292167280780e-01,9.999999972059354647e-01
2.218196419800210322e+02,9.999990802033272841e-01,9.999995393149943013e-01,9.999999972658678571e-01
2.242160341526165155e+02,9.999990999328836061e-01,9.999995491966507943e-01,9.999999973245149443e-01
2.266383153555692616e+02,9.999991192392383432e-01,9.999995588663442847e-01,9.999999973819038157e-01
2.290867652767770153e+02,9.999991381314692340e-01,9.999995683286216908e-01,9.999999974380617829e-01
2.315616666257023724e+02,9.999991566184598391e-01,9.999995775879316762e-01,9.999999974930149360e-01
2.340633051660124124e+02,9.999991747089022054e-01,9.999995866486284246e-01,9.999999975467896984e-01
2.365919697485753375e+02,9.999991924113029729e-01,9.999995955149723059e-01,9.999999975994109391e-01
2.391479523448122393e+02,9.999992097339854835e-01,9.999996041911319855e-01,9.999999976509031940e-01
2.417315480804097376e+02,9.999992266850953326e-01,9.999996126811871999e-01,9.999999977012911101e-01
2.443430552693964728e+02,9.999992432726024782e-01,9.999996209891300891e-01,9.999999977505980020e-01
2.469827754485877733e+02,9.999992595043066812e-01,9.999996291188668618e-01,9.999999977988476285e-01
2.496510134124025910e+02,9.999992753878398366e-01,9.999996370742202378e-01,9.999999978460618610e-01
2.523480772480565122e+02,9.999992909306703037e-01,9.999996448589307807e-01,9.999999978922636812e-01
2.550742783711348523e+02,9.999993061401066807e-01,9.999996524766586736e-01,9.999999979374744052e-01
2.578299315615501541e+02,9.999993210233002472e-01,9.999996599309862733e-01,9.999999979817152385e-01
2.606153549998892913e+02,9.999993355872487388e-01,9.999996672254182206e-01,9.999999980250072751e-01
2.634308703041479589e+02,9.999993498388004554e-01,9.999996743633843277e-01,9.999999980673706101e-01
2.662768025668721634e+02,9.999993637846561478e-01,9.999996813482407987e-01,9.999999981088251166e-01
2.691534803926910513e+02,9.999993774313731265e-01,9.999996881832720064e-01,9.999999981493905565e-01
2.720612359362600046e+02,9.999993907853682584e-01,9.999996948716918244e-01,9.999999981890860257e-01
2.750004049406127820e+02,9.999994038529202989e-01,9.999997014166448484e-01,9.999999982279296207e-01
2.779713267759281052e+02,9.999994166401735551e-01,9.999997078212089496e-01,9.999999982659403264e-01
2.809743444787148405e+02,9.999994291531405510e-01,9.999997140883950530e-01,9.999999983031356843e-01
2.840098047914205495e+02,9.999994413977046914e-01,9.999997202211502456e-01,9.999999983395332359e-01
2.870780582024680712e+02,9.999994533796235929e-01,9.999997262223578876e-01,9.999999983751498567e-01
2.901794589867244554e+02,9.999994651045307492e-01,9.999997320948397217e-01,9.999999984100026440e-01
2.933143652464073057e+02,9.999994765779390837e-01,9.999997378413573168e-01,9.999999984441076961e-01
2.964831389524339897e+02,9.999994878052435032e-01,9.999997434646120675e-01,9.999999984774813333e-01
2.996861459862121251e+02,9.999994987917231182e-01,9.999997489672484141e-01,9.999999985101389877e-01
3.029237561818924291e+02,9.999995095425433522e-01,9.999997543518535092e-01,9.999999985420964244e-01
3.061963433690672218e+02,9.999995200627591618e-01,9.999997596209592166e-01,9.999999985733679653e-01
3.095042854159355556e+02,9.999995303573172567e-01,9.999997647770427767e-01,9.999999986039690425e-01
3.128479642729337797e+02,9.999995404310578762e-01,9.999997698225289167e-01,9.999999986339137559e-01
3.162277660168371085e+02,9.999995502887176757e-01,9.999997747597896280e-01,9.999999986632159832e-01
3.196440808953381065e+02,9.999995599349315034e-01,9.999997795911466092e-01,9.999999986918896022e-01
3.230973033721062393e+02,9.999995693742351754e-01,9.999997843188712654e-01,9.999999987199483797e-01
3.265878321723346858e+02,9.999995786110665863e-01,9.999997889451867072e-01,9.999999987474053054e-01
3.301160703287789602e+02,9.999995876497690395e-01,9.999997934722683057e-01,9.999999987742732577e-01
3.336824252282928569e+02,9.999995964945922466e-01,9.999997979022443584e-01,9.999999988005647822e-01
3.372873086588674596e+02,9.999996051496947702e-01,9.999998022371977546e-01,9.999999988262923134e-01
3.409311368571790126e+02,9.999996136191469098e-01,9.999998064791671970e-01,9.999999988514680638e-01
3.446143305566450863e+02,9.999996219069301473e-01,9.999998106301467571e-01,9.999999988761038017e-01
3.483373150360112618e+02,9.999996300169413654e-01,9.999998146920882069e-01,9.999999989002111844e-01
3.521005201684512826e+02,9.999996379529939583e-01,9.999998186669013522e-01,9.999999989238014253e-01
3.559043804712033534e+02,9.999996457188191634e-01,9.999998225564555865e-01,9.999999989468857375e-01
3.597493351557414485e+02,9.999996533180687264e-01,9.999998263625793360e-01,9.999999989694747793e-01
3.636358281784887367e+02,9.999996607543153448e-01,9.999998300870620582e-01,9.999999989915792087e-01
3.675643082920789197e+02,9.999996680310557773e-01,9.999998337316554631e-01,9.999999990132096839e-01
3.715352290971713387e+02,9.999996751517111759e-01,9.999998372980727357e-01,9.999999990343759748e-01
3.755490490948257047e+02,9.999996821196295294e-01,9.999998407879908680e-01,9.999999990550886286e-01
3.796062317394427623e+02,9.999996889380872167e-01,9.999998442030506585e-01,9.999999990753565271e-01
3.837072454922771954e+02,9.999996956102898960e-01,9.999998475448580448e-01,9.999999990951901063e-01
3.878525638755278919e+02,9.999997021393750574e-01,9.999998508149842147e-01,9.999999991145980260e-01
3.920426655270148331e+02,9.999997085284124676e-01,9.999998540149667159e-01,9.999999991335896121e-01
3.962780342554389108e+02,9.999997147804061681e-01,9.999998571463102337e-01,9.999999991521739684e-01
4.005591590962534951e+02,9.999997208982956964e-01,9.999998602104869239e-01,9.999999991703595326e-01
4.048865343681248419e+02,9.999997268849574183e-01,9.999998632089375228e-01,9.999999991881550754e-01
4.092606597300099338e+02,9.999997327432065264e-01,9.999998661430716806e-01,9.999999992055691456e-01
4.136820402388496518e+02,9.999997384757971508e-01,9.999998690142692936e-01,9.999999992226095147e-01
4.181511864078846088e+02,9.999997440854250241e-01,9.999998718238801709e-01,9.999999992392843984e-01
4.226686142656016614e+02,9.999997495747271481e-01,9.999998745732256999e-01,9.999999992556013462e-01
4.272348454153170110e+02,9.999997549462849022e-01,9.999998772635979583e-01,9.999999992715684627e-01
4.318504070954026588e+02,9.999997602026237109e-01,9.999998798962626001e-01,9.999999992871931864e-01
4.365158322401642863e+02,9.999997653462153746e-01,9.999998824724568580e-01,9.999999993024828449e-01
4.412316595413757341e+02,9.999997703794778481e-01,9.999998849933922074e-01,9.999999993174442103e-01
4.459984335104810498e+02,9.999997753047776827e-01,9.999998874602541443e-01,9.999999993320848324e-01
4.508167045414596146e+02,9.999997801244310258e-01,9.999998898742024078e-01,9.999999993464114834e-01
4.556870289743867488e+02,9.999997848407038425e-01,9.999998922363717568e-01,9.999999993604308246e-01
4.606099691596651837e+02,9.999997894558135814e-01,9.999998945478733026e-01,9.999999993741495175e-01
4.655860935229579809e+02,9.999997939719301732e-01,9.999998968097933982e-01,9.999999993875737792e-01
4.706159766308219332e+02,9.999997983911769195e-01,9.999998990231959706e-01,9.999999994007101600e-01
4.757001992570493485e+02,9.999998027156319358e-01,9.999999011891215206e-01,9.999999994135646553e-01
4.808393484497271402e+02,9.999998069473283735e-01,9.999999033085881228e-01,9.999999994261437042e-01
4.860340175990202169e+02,9.999998110882559743e-01,9.999999053825930906e-01,9.999999994384528579e-01
4.912848065056867313e+02,9.999998151403614033e-01,9.999999074121108666e-01,9.999999994504976675e-01
4.965923214503342251e+02,9.999998191055500252e-01,9.999999093980957987e-01,9.999999994622843502e-01
5.019571752634234940e+02,9.999998229856864596e-01,9.999999113414821394e-01,9.999999994738181242e-01
5.073799873960287528e+02,9.999998267825948028e-01,9.999999132431830473e-01,9.999999994851047624e-01
5.128613839913642778e+02,9.999998304980601826e-01,9.999999151040930290e-01,9.999999994961490390e-01
5.184019979570747410e+02,9.999998341338297569e-01,9.999999169250868292e-01,9.999999995069565051e-01
5.240024690383241932e+02,9.999998376916129361e-01,9.999999187070205409e-01,9.999999995175321565e-01
5.296634438916568115e+02,9.999998411730827153e-01,9.999999204507326045e-01,9.999999995278811005e-01
5.353855761596652201e+02,9.999998445798756741e-01,9.999999221570421426e-01,9.999999995380078888e-01
5.411695265464624072e+02,9.999998479135937535e-01,9.999999238267517354e-01,9.999999995479175174e-01
5.470159628939701406e+02,9.999998511758043662e-01,9.999999254606467547e-01,9.999999995576144274e-01
5.529255602590310446e+02,9.999998543680412855e-01,9.999999270594950307e-01,9.999999995671035036e-01
5.588990009913538870e+02,9.999998574918055327e-01,9.999999286240482954e-01,9.999999995763889649e-01
5.649369748123004911e+02,9.999998605485658221e-01,9.999999301550422937e-01,9.999999995854753632e-01
5.710401788945247290e+02,9.999998635397592261e-01,9.999999316531966720e-01,9.999999995943666953e-01
5.772093179424708751e+02,9.999998664667925086e-01,9.999999331192164220e-01,9.999999996030676241e-01
5.834451042737422313e+02,9.999998693310416797e-01,9.999999345537901041e-01,9.999999996115815915e-01
5.897482579013508257e+02,9.999998721338532182e-01,9.999999359575926228e-01,9.999999996199130381e-01
5.961195066168452286e+02,9.999998748765452916e-01,9.999999373312840056e-01,9.999999996280659609e-01
6.025595860743567300e+02,9.999998775604073131e-01,9.999999386755098474e-01,9.999999996360436905e-01
6.090692398755337535e+02,9.999998801867012732e-01,9.999999399909026421e-01,9.999999996438504457e-01
6.156492196554031580e+02,9.999998827566618509e-01,9.999999412780804509e-01,9.999999996514897793e-01
6.223002851691578599e+02,9.999998852714973019e-01,9.999999425376485673e-01,9.999999996589651330e-01
6.290232043798814630e+02,9.999998877323904578e-01,9.999999437701994065e-01,9.999999996662803925e-01
6.358187535472210357e+02,9.999998901404979490e-01,9.999999449763123938e-01,9.999999996734383334e-01
6.426877173170174729e+02,9.999998924969522029e-01,9.999999461565544090e-01,9.999999996804431746e-01
6.496308888119046969e+02,9.999998948028610002e-01,9.999999473114804527e-01,9.999999996872975805e-01
6.566490697228869067e+02,9.999998970593089176e-01,9.999999484416338680e-01,9.999999996940049929e-01
6.637430704019060386e+02,9.999998992673565512e-01,9.999999495475457856e-01,9.999999997005685204e-01
6.709137099554105816e+02,9.999999014280420706e-01,9.999999506297361229e-01,9.999999997069911606e-01
6.781618163389244955e+02,9.999999035423813298e-01,9.999999516887138062e-01,9.999999997132761331e-01
6.854882264526605695e+02,9.999999056113689777e-01,9.999999527249767706e-01,9.999999997194262136e-01
6.928937862381437753e+02,9.999999076359770145e-01,9.999999537390119597e-01,9.999999997254443995e-01
7.003793507758896340e+02,9.999999096171580115e-01,9.999999547312965475e-01,9.999999997313335776e-01
7.079457843841362319e+02,9.999999115558430018e-01,9.999999557022968277e-01,9.999999997370964122e-01
7.155939607186419380e+02,9.999999134529439226e-01,9.999999566524692129e-01,9.999999997427355680e-01
7.233247628735621220e+02,9.999999153093525051e-01,9.999999575822610121e-01,9.999999997482538205e-01
7.311390834834151065e+02,9.999999171259416064e-01,9.999999584921088758e-01,9.999999997536537233e-01
7.390378248261501994e+02,9.999999189035654323e-01,9.999999593824407951e-01,9.999999997589377188e-01
7.470218989273288344e+02,9.999999206430596477e-01,9.999999602536753240e-01,9.999999997641085825e-01
7.550922276654308689e+02,9.999999223452421537e-01,9.999999611062221350e-01,9.999999997691684239e-01
7.632497428782996849e+02,9.999999240109133103e-01,9.999999619404819073e-01,9.999999997741196855e-01
7.714953864707387083e+02,9.999999256408564907e-01,9.999999627568472160e-01,9.999999997789646988e-01
7.798301105232576447e+02,9.999999272358377489e-01,9.999999635557016431e-01,9.999999997837056842e-01
7.882548774020200426e+02,9.999999287966072625e-01,9.999999643374208880e-01,9.999999997883451952e-01
7.967706598699520555e+02,9.999999303238984449e-01,9.999999651023725455e-01,9.999999997928851192e-01
8.053784411990648096e+02,9.999999318184297215e-01,9.999999658509161060e-01,9.999999997973277877e-01
8.140792152839875371e+02,9.999999332809037522e-01,9.999999665834037321e-01,9.999999998016749769e-01
8.228739867567272768e+02,9.999999347120080984e-01,9.999999673001794820e-01,9.999999998059290185e-01
8.317637711026684428e+02,9.999999361124158881e-01,9.999999680015807524e-01,9.999999998100919107e-01
8.407495947778255641e+02,9.999999374827850396e-01,9.999999686879372796e-01,9.999999998141650970e-01
8.498324953273624942e+02,9.999999388237603704e-01,9.999999693595713612e-01,9.999999998181513527e-01
8.590135215053924185e+02,9.999999401359720430e-01,9.999999700167994110e-01,9.999999998220517883e-01
8.682937333960717297e+02,9.999999414200371195e-01,9.999999706599298488e-01,9.999999998258687350e-01
8.776742025360024400e+02,9.999999426765595611e-01,9.999999712892654324e-01,9.999999998296039694e-01
8.871560120379598402e+02,9.999999439061298956e-01,9.999999719051019254e-01,9.999999998332588236e-01
8.967402567159414275e+02,9.999999451093262159e-01,9.999999725077289847e-01,9.999999998368352960e-01
9.064280432115978101e+02,9.999999462867144029e-01,9.999999730974298284e-01,9.999999998403351631e-01
9.162204901219979547e+02,9.999999474388479026e-01,9.999999736744817902e-01,9.999999998437598681e-01
9.261187281287914175e+02,9.999999485662683929e-01,9.999999742391562085e-01,9.999999998471112983e-01
9.361239001287616475e+02,9.999999496695063383e-01,9.999999747917180937e-01,9.999999998503906751e-01
9.462371613657903708e+02,9.999999507490799910e-01,9.999999753324281260e-01,9.999999998535996637e-01
9.564596795642472671e+02,9.999999518054970560e-01,9.999999758615399914e-01,9.999999998567400405e-01
9.667926350638210806e+02,9.999999528392543580e-01,9.999999763793024909e-01,9.999999998598129158e-01
9.772372209558070608e+02,9.999999538508377306e-01,9.999999768859592075e-01,9.999999998628199549e-01
9.877946432208668739e+02,9.999999548407231265e-01,9.999999773817482840e-01,9.999999998657622680e-01
9.984661208682766755e+02,9.999999558093757290e-01,9.999999778669027561e-01,9.999999998686417424e-01
1.009252886076683467e+03,9.999999567572508408e-01,9.999999783416509969e-01,9.999999998714592664e-01
1.020156184336363253e+03,9.999999576847945493e-01,9.999999788062158279e-01,9.999999998742165053e-01
1.031177274593053653e+03,9.999999585924426171e-01,9.999999792608160742e-01,9.999999998769144582e-01
1.042317429393302291e+03,9.999999594806219250e-01,9.999999797056651207e-01,9.999999998795545686e-01
1.053577935031404877e+03,9.999999603497500278e-01,9.999999801409722444e-01,9.999999998821380576e-01
1.064960091697927737e+03,9.999999612002357097e-01,9.999999805669422814e-01,9.999999998846662574e-01
1.076465213629832078e+03,9.999999620324785399e-01,9.999999809837755160e-01,9.999999998871401674e-01
1.088094629262223179e+03,9.999999628468700941e-01,9.999999813916674585e-01,9.999999998895610087e-01
1.099849681381737582e+03,9.999999636437931771e-01,9.999999817908103994e-01,9.999999998919297806e-01
1.111731727281587382e+03,9.999999644236226004e-01,9.999999821813919665e-01,9.999999998942478152e-01
1.123742138918279124e+03,9.999999651867248485e-01,9.999999825635955686e-01,9.999999998965162229e-01
1.135882303070027547e+03,9.999999659334588564e-01,9.999999829376009508e-01,9.999999998987358918e-01
1.148153621496877804e+03,9.999999666641753437e-01,9.999999833035841945e-01,9.999999999009079321e-01
1.160557511102564831e+03,9.999999673792184796e-01,9.999999836617171622e-01,9.999999999030334541e-01
1.173095404098098470e+03,9.999999680789241063e-01,9.999999840121681638e-01,9.999999999051134569e-01
1.185768748167158037e+03,9.999999687636211831e-01,9.999999843551022893e-01,9.999999999071486068e-01
1.198579006633232439e+03,9.999999694336316747e-01,9.999999846906802992e-01,9.999999999091404579e-01
1.211527658628585868e+03,9.999999700892707732e-01,9.999999850190606221e-01,9.999999999110893434e-01
1.224616199265045680e+03,9.999999707308466768e-01,9.999999853403970240e-01,9.999999999129963735e-01
1.237846139806635392e+03,9.999999713586610328e-01,9.999999856548409394e-01,9.999999999148626584e-01
1.251219007844071712e+03,9.999999719730086056e-01,9.999999859625399168e-01,9.999999999166886422e-01
1.264736347471147155e+03,9.999999725741787193e-01,9.999999862636392844e-01,9.999999999184757682e-01
1.278399719463018982e+03,9.999999731624540367e-01,9.999999865582799297e-01,9.999999999202244805e-01
1.292210701456423294e+03,9.999999737381111142e-01,9.999999868466006303e-01,9.999999999219356672e-01
1.306170888131835909e+03,9.999999743014204023e-01,9.999999871287368336e-01,9.999999999236098835e-01
1.320281891397602521e+03,9.999999748526468002e-01,9.999999874048214332e-01,9.999999999252485727e-01
1.334545340576060880e+03,9.999999753920497669e-01,9.999999876749841032e-01,9.999999999268519568e-01
1.348962882591651578e+03,9.999999759198825444e-01,9.999999879393516311e-01,9.999999999284209240e-01
1.363536182161108400e+03,9.999999764363936006e-01,9.999999881980490279e-01,9.999999999299562514e-01
1.378266921985654335e+03,9.999999769418255191e-01,9.999999884511970860e-01,9.999999999314588273e-01
1.393156802945299887e+03,9.999999774364158878e-01,9.999999886989154874e-01,9.999999999329287625e-01
1.408207544295233902e+03,9.999999779203979644e-01,9.999999889413200282e-01,9.999999999343676116e-01
1.423420883864337384e+03,9.999999783939983455e-01,9.999999891785250616e-01,9.999999999357753744e-01
1.438798578255840766e+03,9.999999788574404080e-01,9.999999894106424980e-01,9.999999999371528281e-01
1.454342403050150097e+03,9.999999793109415336e-01,9.999999896377808062e-01,9.999999999385009719e-01
1.470054153009862830e+03,9.999999797547153291e-01,9.999999898600472337e-01,9.999999999398200279e-01
1.485935642287000974e+03,9.999999801889704054e-01,9.999999900775460304e-01,9.999999999411111062e-01
1.501988704632480449e+03,9.999999806139108216e-01,9.999999902903794480e-01,9.999999999423740960e-01
1.518215193607850551e+03,9.999999810297363068e-01,9.999999904986478505e-01,9.999999999436101072e-01
1.534616982799292373e+03,9.999999814366424822e-01,9.999999907024488266e-01,9.999999999448196952e-01
1.551195966033985087e+03,9.999999818348205283e-01,9.999999909018784106e-01,9.999999999460034150e-01
1.567954057598754616e+03,9.999999822244579617e-01,9.999999910970304162e-01,9.999999999471614887e-01
1.584893192461110175e+03,9.999999826057377472e-01,9.999999912879961039e-01,9.999999999482949153e-01
1.602015326492666190e+03,9.999999829788391859e-01,9.999999914748658458e-01,9.999999999494038061e-01
1.619322436694975522e+03,9.999999833439378039e-01,9.999999916577272385e-01,9.999999999504890491e-01
1.636816521427803764e+03,9.999999837012051307e-01,9.999999918366664353e-01,9.999999999515511995e-01
1.654499600639868504e+03,9.999999840508091431e-01,9.999999920117672580e-01,9.999999999525903682e-01
1.672373716102073104e+03,9.999999843929140431e-01,9.999999921831123073e-01,9.999999999536074435e-01
1.690440931643257727e+03,9.999999847276812570e-01,9.999999923507822963e-01,9.999999999546024254e-01
1.708703333388499914e+03,9.999999850552676595e-01,9.999999925148556068e-01,9.999999999555760910e-01
1.727163029999987657e+03,9.999999853758274604e-01,9.999999926754096213e-01,9.999999999565291064e-01
1.745822152920501821e+03,9.999999856895112060e-01,9.999999928325196130e-01,9.999999999574614717e-01
1.764682856619497670e+03,9.999999859964666671e-01,9.999999929862597448e-01,9.999999999583739640e-01
1.783747318841906690e+03,9.999999862968381725e-01,9.999999931367024031e-01,9.999999999592668054e-01
1.803017740859565492e+03,9.999999865907664987e-01,9.999999932839179762e-01,9.999999999601404399e-01
1.822496347725389569e+03,9.999999868783905344e-01,9.999999934279758529e-01,9.999999999609954227e-01
1.842185388530289629e+03,9.999999871598447276e-01,9.999999935689435349e-01,9.999999999618320867e-01
1.862087136662862122e+03,9.999999874352619722e-01,9.999999937068875244e-01,9.999999999626508762e-01
1.882203890071884189e+03,9.999999877047717201e-01,9.999999938418731027e-01,9.999999999634519021e-01
1.902537971531646463e+03,9.999999879685005366e-01,9.999999939739628863e-01,9.999999999642358306e-01
1.923091728910151460e+03,9.999999882265722118e-01,9.999999941032194917e-01,9.999999999650029947e-01
1.943867535440208258e+03,9.999999884791086480e-01,9.999999942297035371e-01,9.999999999657537275e-01
1.964867789993459155e+03,9.999999887262279730e-01,9.999999943534745306e-01,9.999999999664882511e-01
1.986094917357369468e+03,9.999999889680468712e-01,9.999999944745907587e-01,9.999999999672070095e-01
2.007551368515178183e+03,9.999999892046786965e-01,9.999999945931090650e-01,9.999999999679104468e-01
2.029239620928940667e+03,9.999999894362350261e-01,9.999999947090850716e-01,9.999999999685988961e-01
2.051162178825561568e+03,9.999999896628243290e-01,9.999999948225735125e-01,9.999999999692723573e-01
2.073321573485950921e+03,9.999999898845535196e-01,9.999999949336276783e-01,9.999999999699313857e-01
2.095720363537296180e+03,9.999999901015266257e-01,9.999999950422997497e-01,9.999999999705764253e-01
2.118361135248496339e+03,9.999999903138458990e-01,9.999999951486410188e-01,9.999999999712074761e-01
2.141246502828781104e+03,9.999999905216107043e-01,9.999999952527011127e-01,9.999999999718250931e-01
2.164379108729563086e+03,9.999999907249191855e-01,9.999999953545288811e-01,9.999999999724296096e-01
2.187761623949545083e+03,9.999999909238668216e-01,9.999999954541729519e-01,9.999999999730208033e-01
2.211396748343126546e+03,9.999999911185468715e-01,9.999999955516792882e-01,9.999999999735993406e-01
2.235287210932142443e+03,9.999999913090511505e-01,9.999999956470945195e-01,9.999999999741657764e-01
2.259435770220967697e+03,9.999999914954692537e-01,9.999999957404629436e-01,9.999999999747198887e-01
2.283845214515036787e+03,9.999999916778887776e-01,9.999999958318288584e-01,9.999999999752621216e-01
2.308518362242758940e+03,9.999999918563953205e-01,9.999999959212345635e-01,9.999999999757926972e-01
2.333458062280999002e+03,9.999999920310733703e-01,9.999999960087230244e-01,9.999999999763120595e-01
2.358667194283987556e+03,9.999999922020041954e-01,9.999999960943345423e-01,9.999999999768202086e-01
2.384148669015828546e+03,9.999999923692687309e-01,9.999999961781097513e-01,9.999999999773172554e-01
2.409905428686588948e+03,9.999999925329455808e-01,9.999999962600880643e-01,9.999999999778038662e-01
2.435940447292020053e+03,9.999999926931113503e-01,9.999999963403081171e-01,9.999999999782800408e-01
2.462256730956949923e+03,9.999999928498417567e-01,9.999999964188072132e-01,9.999999999787458904e-01
2.488857318282382494e+03,9.999999930032102968e-01,9.999999964956226561e-01,9.999999999792017480e-01
2.515745280696351983e+03,9.999999931532892461e-01,9.999999965707905281e-01,9.999999999796478356e-01
2.542923722808560342e+03,9.999999933001489927e-01,9.999999966443458010e-01,9.999999999800844863e-01
2.570395782768853223e+03,9.999999934438588145e-01,9.999999967163237802e-01,9.999999999805114781e-01
2.598164632629563584e+03,9.999999935844858800e-01,9.999999967867575501e-01,9.999999999809296991e-01
2.626233478711782027e+03,9.999999937220965807e-01,9.999999968556804175e-01,9.999999999813385942e-01
2.654605561975535693e+03,9.999999938567556423e-01,9.999999969231252450e-01,9.999999999817389407e-01
2.683284158394060341e+03,9.999999939885262368e-01,9.999999969891232299e-01,9.999999999821307384e-01
2.712272579332022815e+03,9.999999941174705365e-01,9.999999970537054583e-01,9.999999999825139874e-01
2.741574171927876250e+03,9.999999942436488265e-01,9.999999971169025725e-01,9.999999999828890207e-01
2.771192319480335300e+03,9.999999943671206148e-01,9.999999971787439934e-01,9.999999999832561715e-01
2.801130441839028663e+03,9.999999944879441882e-01,9.999999972392591419e-01,9.999999999836152176e-01
2.831391995799370306e+03,9.999999946061760570e-01,9.999999972984761065e-01,9.999999999839667142e-01
2.861980475501696674e+03,9.999999947218718432e-01,9.999999973564229760e-01,9.999999999843104392e-01
2.892899412834717168e+03,9.999999948350860590e-01,9.999999974131268399e-01,9.999999999846470589e-01
2.924152377843323848e+03,9.999999949458717730e-01,9.999999974686144544e-01,9.999999999849763510e-01
2.955742979140802163e+03,9.999999950542812766e-01,9.999999975229117988e-01,9.999999999852985377e-01
2.987674864325511862e+03,9.999999951603653070e-01,9.999999975760446302e-01,9.999999999856138411e-01
3.019951720402012143e+03,9.999999952641740464e-01,9.999999976280377068e-01,9.999999999859224831e-01
3.052577274206843867e+03,9.999999953657560114e-01,9.999999976789155642e-01,9.999999999862244637e-01
3.085555292838805599e+03,9.999999954651590528e-01,9.999999977287019615e-01,9.999999999865200051e-01
3.118889584093930353e+03,9.999999955624299108e-01,9.999999977774206572e-01,9.999999999868091072e-01
3.152583996905152617e+03,9.999999956576143267e-01,9.999999978250941890e-01,9.999999999870922140e-01
3.186642421786722480e+03,9.999999957507571535e-01,9.999999978717452054e-01,9.999999999873689926e-01
3.221068791283425071e+03,9.999999958419020230e-01,9.999999979173956888e-01,9.999999999876398871e-01
3.255867080424647611e+03,9.999999959310919007e-01,9.999999979620669555e-01,9.999999999879050083e-01
3.291041307183356821e+03,9.999999960183687531e-01,9.999999980057799887e-01,9.999999999881644674e-01
3.326595532940032626e+03,9.999999961037734364e-01,9.999999980485554385e-01,9.999999999884181534e-01
3.362533862951613173e+03,9.999999961873462517e-01,9.999999980904131780e-01,9.999999999886666213e-01
3.398860446825508006e+03,9.999999962691263899e-01,9.999999981313731912e-01,9.999999999889097602e-01
3.435579478998742616e+03,9.999999963491524868e-01,9.999999981714546848e-01,9.999999999891477920e-01
3.472695199222219344e+03,9.999999964274620678e-01,9.999999982106764218e-01,9.999999999893804947e-01
3.510211893050332492e+03,9.999999965040917704e-01,9.999999982490568318e-01,9.999999999896083125e-01
3.548133892335747532e+03,9.999999965790777878e-01,9.999999982866140114e-01,9.999999999898312453e-01
3.586465575729592729e+03,9.999999966524555362e-01,9.999999983233655021e-01,9.999999999900494041e-01
3.625211369187034506e+03,9.999999967242594323e-01,9.999999983593288455e-01,9.999999999902626779e-01
3.664375746478322526e+03,9.999999967945230051e-01,9.999999983945208060e-01,9.999999999904715109e-01
3.703963229705350386e+03,9.999999968632794500e-01,9.999999984289577037e-01,9.999999999906760140e-01
3.743978389823798807e+03,9.999999969305610747e-01,9.999999984626560812e-01,9.999999999908759651e-01
3.784425847170919496e+03,9.999999969963996316e-01,9.999999984956317034e-01,9.999999999910716975e-01
3.825310271999020642e+03,9.999999970608259847e-01,9.999999985279000025e-01,9.999999999912632109e-01
3.866636385014716325e+03,9.999999971238701102e-01,9.999999985594758556e-01,9.999999999914505056e-01
3.908408957924002607e+03,9.999999971855620950e-01,9.999999985903748057e-01,9.999999999916339144e-01
3.950632813983232609e+03,9.999999972459310271e-01,9.999999986206107305e-01,9.999999999918134375e-01
3.993312828555977376e+03,9.999999973050048840e-01,9.999999986501982852e-01,9.999999999919889637e-01
4.036453929676042662e+03,9.999999973628117544e-01,9.999999986791510143e-01,9.999999999921608262e-01
4.080061098616425170e+03,9.999999974193785057e-01,9.999999987074826846e-01,9.999999999923289140e-01
4.124139370464489730e+03,9.999999974747321163e-01,9.999999987352067299e-01,9.999999999924935601e-01
4.168693834703342873e+03,9.999999975288981213e-01,9.999999987623362507e-01,9.999999999926546534e-01
4.213729635799487369e+03,9.999999975819026110e-01,9.999999987888837927e-01,9.999999999928121941e-01
4.259251973796827770e+03,9.999999976337700103e-01,9.999999988148619012e-01,9.999999999929661820e-01
4.305266104917091980e+03,9.999999976845248550e-01,9.999999988402826778e-01,9.999999999931169503e-01
4.351777342166736162e+03,9.999999977341910151e-01,9.999999988651583349e-01,9.999999999932647210e-01
4.398791055950415284e+03,9.999999977827919162e-01,9.999999988895003078e-01,9.999999999934091610e-01
4.446312674691067514e+03,9.999999978303504289e-01,9.999999989133200318e-01,9.999999999935504924e-01
4.494347685456728868e+03,9.999999978768887576e-01,9.999999989366290531e-01,9.999999999936889372e-01
4.542901634594025381e+03,9.999999979224286628e-01,9.999999989594380301e-01,9.999999999938242734e-01
4.591980128368678379e+03,9.999999979669920158e-01,9.999999989817577317e-01,9.999999999939567230e-01
4.641588833612770031e+03,9.999999980105992448e-01,9.999999990035987052e-01,9.999999999940863971e-01
4.691733478379071130e+03,9.999999980532714439e-01,9.999999990249711646e-01,9.999999999942132956e-01
4.742419852602434730e+03,9.999999980950279310e-01,9.999999990458852128e-01,9.999999999943373075e-01
4.793653808768325689e+03,9.999999981358890233e-01,9.999999990663506200e-01,9.999999999944588769e-01
4.845441262588577047e+03,9.999999981758735945e-01,9.999999990863770449e-01,9.999999999945777818e-01
4.897788193684446014e+03,9.999999982150005184e-01,9.999999991059741467e-01,9.999999999946940221e-01
4.950700646277048691e+03,9.999999982532882248e-01,9.999999991251505849e-01,9.999999999948077090e-01
5.004184729885255365e+03,9.999999982907545881e-01,9.999999991439159075e-01,9.999999999949192864e-01
5.058246620031120074e+03,9.999999983274174831e-01,9.999999991622785522e-01,9.999999999950280882e-01
5.112892558952939908e+03,9.999999983632937850e-01,9.999999991802474009e-01,9.999999999951347807e-01
5.168128856326028654e+03,9.999999983984005913e-01,9.999999991978308911e-01,9.999999999952392526e-01
5.223961889991190219e+03,9.999999984327543334e-01,9.999999992150370165e-01,9.999999999953411711e-01
5.280398106691241082e+03,9.999999984663713315e-01,9.999999992318745479e-01,9.999999999954412022e-01
5.337444022815308017e+03,9.999999984992671287e-01,9.999999992483503686e-01,9.999999999955390129e-01
5.395106225151263970e+03,9.999999985314574902e-01,9.999999992644730273e-01,9.999999999956347141e-01
5.453391371646262996e+03,9.999999985629570709e-01,9.999999992802498516e-01,9.999999999957283059e-01
5.512306192175501565e+03,9.999999985937811919e-01,9.999999992956883910e-01,9.999999999958198993e-01
5.571857489319280830e+03,9.999999986239443972e-01,9.999999993107955287e-01,9.999999999959096053e-01
5.632052139148465358e+03,9.999999986534602314e-01,9.999999993255788144e-01,9.999999999959973129e-01
5.692897092018421972e+03,9.999999986823431275e-01,9.999999993400449094e-01,9.999999999960831332e-01
5.754399373371546972e+03,9.999999987106062971e-01,9.999999993542006971e-01,9.999999999961670660e-01
5.816566084548449908e+03,9.999999987382635069e-01,9.999999993680529498e-01,9.999999999962493336e-01
5.879404403607912172e+03,9.999999987653273026e-01,9.999999993816078847e-01,9.999999999963297137e-01
5.942921586155719524e+03,9.999999987918106736e-01,9.999999993948723853e-01,9.999999999964086506e-01
6.007124966182340359e+03,9.999999988177258325e-01,9.999999994078520027e-01,9.999999999964855890e-01
6.072021956909874461e+03,9.999999988430853248e-01,9.999999994205535092e-01,9.999999999965610842e-01
6.137620051647929358e+03,9.999999988679008078e-01,9.999999994329823449e-01,9.999999999966349140e-01
6.203926824658856276e+03,9.999999988921839389e-01,9.999999994451447272e-01,9.999999999967068565e-01
6.270949932032308425e+03,9.999999989159462643e-01,9.999999994570463180e-01,9.999999999967775777e-01
6.338697112569250748e+03,9.999999989391986643e-01,9.999999994686923355e-01,9.999999999968466335e-01
6.407176188675517551e+03,9.999999989619526852e-01,9.999999994800887748e-01,9.999999999969144682e-01
6.476395067265020771e+03,9.999999989842184300e-01,9.999999994912407431e-01,9.999999999969805264e-01
6.546361740672725318e+03,9.999999990060066679e-01,9.999999995021533472e-01,9.999999999970452524e-01
6.617084287577474242e+03,9.999999990273275019e-01,9.999999995128320274e-01,9.999999999971085352e-01
6.688570873934797419e+03,9.999999990481909240e-01,9.999999995232815575e-01,9.999999999971705966e-01
6.760829753919810173e+03,9.999999990686069262e-01,9.999999995335070446e-01,9.999999999972314368e-01
6.833869270880186377e+03,9.999999990885851675e-01,9.999999995435132627e-01,9.999999999972907228e-01
6.907697858299658947e+03,9.999999991081346407e-01,9.999999995533047636e-01,9.999999999973487874e-01
6.982324040771700311e+03,9.999999991272647826e-01,9.999999995628862104e-01,9.999999999974056308e-01
7.057756434983831241e+03,9.999999991459846971e-01,9.999999995722620438e-01,9.999999999974614751e-01
7.134003750712544388e+03,9.999999991643030439e-01,9.999999995814370379e-01,9.999999999975158760e-01
7.211074791828976231e+03,9.999999991822285939e-01,9.999999995904149674e-01,9.999999999975691667e-01
7.288978457315443848e+03,9.999999991997693405e-01,9.999999995992004953e-01,9.999999999976212361e-01
7.367723742292962925e+03,9.999999992169342766e-01,9.999999996077975073e-01,9.999999999976723064e-01
7.447319739059863423e+03,9.999999992337306187e-01,9.999999996162102223e-01,9.999999999977223775e-01
7.527775638141633863e+03,9.999999992501669155e-01,9.999999996244423039e-01,9.999999999977710052e-01
7.609100729352097915e+03,9.999999992662504944e-01,9.999999996324978602e-01,9.999999999978189669e-01
7.691304402866062446e+03,9.999999992819892380e-01,9.999999996403806657e-01,9.999999999978657073e-01
7.774396150303576178e+03,9.999999992973902518e-01,9.999999996480943842e-01,9.999999999979113374e-01
7.858385565825768936e+03,9.999999993124611963e-01,9.999999996556426796e-01,9.999999999979561904e-01
7.943282347242801734e+03,9.999999993272087329e-01,9.999999996630291044e-01,9.999999999980000442e-01
8.029096297133510234e+03,9.999999993416397448e-01,9.999999996702569893e-01,9.999999999980428989e-01
8.115837323977289088e+03,9.999999993557613376e-01,9.999999996773298871e-01,9.999999999980848653e-01
8.203515443298161699e+03,9.999999993695800615e-01,9.999999996842510175e-01,9.999999999981259435e-01
8.292140778821229105e+03,9.999999993831023559e-01,9.999999996910237110e-01,9.999999999981662446e-01
8.381723563641595319e+03,9.999999993963345490e-01,9.999999996976511873e-01,9.999999999982055465e-01
8.472274141405934643e+03,9.999999994092829692e-01,9.999999997041365551e-01,9.999999999982439602e-01
8.563802967506813729e+03,9.999999994219538335e-01,9.999999997104825900e-01,9.999999999982818188e-01
8.656320610289916658e+03,9.999999994343525822e-01,9.999999997166927335e-01,9.999999999983184562e-01
8.749837752274323066e+03,9.999999994464854325e-01,9.999999997227696502e-01,9.999999999983546495e-01
8.844365191385955768e+03,9.999999994583583796e-01,9.999999997287161158e-01,9.999999999983899546e-01
8.939913842204396133e+03,9.999999994699764194e-01,9.999999997345350167e-01,9.999999999984244825e-01
9.036494737222999902e+03,9.999999994813451032e-01,9.999999997402292395e-01,9.999999999984582333e-01
9.134119028122955569e+03,9.999999994924702040e-01,9.999999997458011158e-01,9.999999999984913179e-01
9.232797987060781452e+03,9.999999995033566069e-01,9.999999997512536432e-01,9.999999999985237364e-01
9.332543007969887185e+03,9.999999995140094189e-01,9.999999997565891530e-01,9.999999999985553778e-01
9.433365607876185095e+03,9.999999995244336359e-01,9.999999997618104208e-01,9.999999999985864640e-01
9.535277428227884229e+03,9.999999995346344761e-01,9.999999997669194451e-01,9.999999999986166621e-01
9.638290236239674414e+03,9.999999995446164913e-01,9.999999997719187794e-01,9.999999999986464161e-01
9.742415926251420387e+03,9.999999995543843445e-01,9.999999997768110882e-01,9.999999999986752819e-01
9.847666521101544276e+03,9.999999995639426986e-01,9.999999997815983699e-01,9.999999999987038146e-01
9.954054173515229195e+03,9.999999995732958835e-01,9.999999997862831780e-01,9.999999999987315702e-01
1.006159116750763678e+04,9.999999995824485621e-01,9.999999997908672889e-01,9.999999999987588817e-01
1.017028991980230785e+04,9.999999995914048423e-01,9.999999997953529229e-01,9.999999999987855270e-01
1.028016298126472066e+04,9.999999996001689428e-01,9.999999997997427448e-01,9.999999999988115063e-01
1.039122303835167440e+04,9.999999996087451937e-01,9.999999998040381977e-01,9.999999999988371524e-01
1.050348291457599407e+04,9.999999996171375916e-01,9.999999998082415020e-01,9.999999999988620214e-01
1.061695557198722236e+04,9.999999996253499113e-01,9.999999998123546563e-01,9.999999999988863353e-01
1.073165411266828596e+04,9.999999996333860386e-01,9.999999998163795478e-01,9.999999999989100941e-01
1.084759178024831454e+04,9.999999996412496372e-01,9.999999998203180640e-01,9.999999999989334087e-01
1.096478196143181594e+04,9.999999996489447041e-01,9.999999998241722032e-01,9.999999999989562793e-01
1.108323818754437161e+04,9.999999996564750138e-01,9.999999998279438529e-01,9.999999999989788169e-01
1.120297413609501928e+04,9.999999996638433419e-01,9.999999998316342342e-01,9.999999999990007993e-01
1.132400363235552686e+04,9.999999996710539074e-01,9.999999998352456787e-01,9.999999999990221156e-01
1.144634065095671940e+04,9.999999996781095968e-01,9.999999998387794076e-01,9.999999999990429878e-01
1.156999931750205906e+04,9.999999996850141848e-01,9.999999998422377523e-01,9.999999999990636379e-01
1.169499391019869654e+04,9.999999996917703360e-01,9.999999998456216010e-01,9.999999999990836219e-01
1.182133886150592298e+04,9.999999996983818251e-01,9.999999998489330633e-01,9.999999999991034949e-01
1.194904875980186807e+04,9.999999997048515388e-01,9.999999998521733602e-01,9.999999999991225907e-01
1.207813835106777697e+04,9.999999997111821415e-01,9.999999998553441571e-01,9.999999999991414645e-01
1.220862254059068437e+04,9.999999997173772970e-01,9.999999998584471195e-01,9.999999999991598942e-01
1.234051639468444955e+04,9.999999997234394478e-01,9.999999998614833574e-01,9.999999999991778799e-01
1.247383514242939418e+04,9.999999997293715914e-01,9.999999998644545363e-01,9.999999999991954214e-01
1.260859417743070662e+04,9.999999997351763925e-01,9.999999998673618773e-01,9.999999999992127409e-01
1.274480905959587471e+04,9.999999997408568486e-01,9.999999998702068238e-01,9.999999999992296162e-01
1.288249551693129069e+04,9.999999997464152912e-01,9.999999998729908190e-01,9.999999999992461586e-01
1.302166944735829748e+04,9.999999997518546069e-01,9.999999998757151953e-01,9.999999999992623678e-01
1.316234692054881816e+04,9.999999997571772381e-01,9.999999998783810629e-01,9.999999999992781330e-01
1.330454417978089805e+04,9.999999997623858494e-01,9.999999998809897539e-01,9.999999999992936761e-01
1.344827764381402994e+04,9.999999997674826613e-01,9.999999998835424897e-01,9.999999999993087751e-01
1.359356390878523416e+04,9.999999997724698941e-01,9.999999998860406025e-01,9.999999999993236521e-01
1.374041975012512557e+04,9.999999997773504345e-01,9.999999998884848695e-01,9.999999999993380850e-01
1.388886212449494087e+04,9.999999997821262809e-01,9.999999998908767340e-01,9.999999999993522959e-01
1.403890817174442418e+04,9.999999997867994317e-01,9.999999998932175282e-01,9.999999999993660627e-01
1.419057521689088389e+04,9.999999997913725513e-01,9.999999998955079183e-01,9.999999999993799404e-01
1.434388077211961172e+04,9.999999997958476383e-01,9.999999998977493476e-01,9.999999999993932631e-01
1.449884253880592951e+04,9.999999998002265800e-01,9.999999998999423712e-01,9.999999999994061417e-01
1.465547840955906395e+04,9.999999998045115968e-01,9.999999999020887653e-01,9.999999999994187982e-01
1.481380647028811654e+04,9.999999998087047981e-01,9.999999999041888632e-01,9.999999999994314548e-01
1.497384500229034711e+04,9.999999998128081824e-01,9.999999999062439970e-01,9.999999999994434452e-01
1.513561248436201458e+04,9.999999998168233040e-01,9.999999999082551660e-01,9.999999999994554356e-01
1.529912759493208250e+04,9.999999998207522722e-01,9.999999999102229253e-01,9.999999999994672040e-01
1.546440921421869643e+04,9.999999998245970856e-01,9.999999999121486072e-01,9.999999999994785282e-01
1.563147642640951381e+04,9.999999998283594094e-01,9.999999999140328777e-01,9.999999999994896305e-01
1.580034852186503122e+04,9.999999998320411310e-01,9.999999999158768471e-01,9.999999999995007327e-01
1.597104499934599517e+04,9.999999998356438047e-01,9.999999999176814036e-01,9.999999999995113908e-01
1.614358556826482163e+04,9.999999998391692069e-01,9.999999999194469913e-01,9.999999999995219380e-01
1.631799015096133371e+04,9.999999998426188919e-01,9.999999999211748314e-01,9.999999999995321520e-01
1.649427888500309200e+04,9.999999998459946360e-01,9.999999999228657011e-01,9.999999999995421440e-01
1.667247212551057237e+04,9.999999998492979936e-01,9.999999999245203774e-01,9.999999999995521360e-01
1.685259044750745306e+04,9.999999998525304079e-01,9.999999999261391936e-01,9.999999999995616839e-01
1.703465464829631674e+04,9.999999998556936553e-01,9.999999999277234819e-01,9.999999999995710098e-01
1.721868574985999658e+04,9.999999998587891792e-01,9.999999999292737973e-01,9.999999999995803357e-01
1.740470500128887943e+04,9.999999998618178676e-01,9.999999999307909171e-01,9.999999999995892175e-01
1.759273388123447512e+04,9.999999998647818300e-01,9.999999999322753963e-01,9.999999999995980993e-01
1.778279410038920105e+04,9.999999998676823987e-01,9.999999999337280121e-01,9.999999999996067590e-01
1.797490760399357532e+04,9.999999998705204618e-01,9.999999999351494306e-01,9.999999999996151967e-01
1.816909657436986527e+04,9.999999998732976847e-01,9.999999999365406511e-01,9.999999999996234124e-01
1.836538343348342096e+04,9.999999998760155107e-01,9.999999999379018956e-01,9.999999999996314060e-01
1.856379084553162102e+04,9.999999998786750499e-01,9.999999999392338301e-01,9.999999999996393996e-01
1.876434171956079808e+04,9.999999998812773017e-01,9.999999999405372320e-01,9.999999999996469491e-01
1.896705921211140230e+04,9.999999998838239312e-01,9.999999999418126562e-01,9.999999999996546096e-01
1.917196672989178478e+04,9.999999998863158268e-01,9.999999999430606579e-01,9.999999999996621591e-01
1.937908793248083020e+04,9.999999998887543207e-01,9.999999999442820142e-01,9.999999999996692646e-01
1.958844673505981700e+04,9.999999998911404120e-01,9.999999999454772803e-01,9.999999999996763700e-01
1.980006731117376330e+04,9.999999998934754331e-01,9.999999999466466782e-01,9.999999999996834754e-01
2.001397409552269164e+04,9.999999998957603831e-01,9.999999999477909851e-01,9.999999999996901368e-01
2.023019178678268872e+04,9.999999998979962612e-01,9.999999999489110891e-01,9.999999999996967981e-01
2.044874535045816447e+04,9.999999999001841777e-01,9.999999999500068792e-01,9.999999999997032374e-01
2.066966002176418988e+04,9.999999999023251318e-01,9.999999999510791326e-01,9.999999999997096767e-01
2.089296130854035073e+04,9.999999999044203447e-01,9.999999999521285154e-01,9.999999999997158939e-01
2.111867499419599699e+04,9.999999999064704825e-01,9.999999999531552497e-01,9.999999999997218891e-01
2.134682714068732457e+04,9.999999999084766555e-01,9.999999999541600015e-01,9.999999999997278843e-01
2.157744409152659864e+04,9.999999999104399739e-01,9.999999999551434371e-01,9.999999999997338795e-01
2.181055247482391133e+04,9.999999999123607708e-01,9.999999999561055564e-01,9.999999999997394307e-01
2.204617920636177223e+04,9.999999999142407114e-01,9.999999999570469145e-01,9.999999999997449818e-01
2.228435149270295005e+04,9.999999999160802400e-01,9.999999999579683996e-01,9.999999999997505329e-01
2.252509683433184910e+04,9.999999999178802446e-01,9.999999999588700117e-01,9.999999999997558620e-01
2.276844302882985721e+04,9.999999999196417244e-01,9.999999999597523059e-01,9.999999999997611910e-01
2.301441817408505813e+04,9.999999999213653457e-01,9.999999999606153933e-01,9.999999999997662981e-01
2.326305067153622804e+04,9.999999999230521075e-01,9.999999999614602730e-01,9.999999999997711830e-01
2.351436922945267725e+04,9.999999999247026761e-01,9.999999999622869451e-01,9.999999999997760680e-01
2.376840286624871806e+04,9.999999999263176065e-01,9.999999999630959646e-01,9.999999999997809530e-01
2.402518091383435603e+04,9.999999999278980090e-01,9.999999999638874426e-01,9.999999999997856159e-01
2.428473302100207366e+04,9.999999999294446607e-01,9.999999999646621562e-01,9.999999999997902789e-01
2.454708915685023385e+04,9.999999999309580057e-01,9.999999999654201055e-01,9.999999999997948308e-01
2.481227961424344176e+04,9.999999999324390432e-01,9.999999999661618455e-01,9.999999999997992717e-01
2.508033501331030857e+04,9.999999999338881063e-01,9.999999999668875983e-01,9.999999999998034905e-01
2.535128630497898121e+04,9.999999999353061941e-01,9.999999999675979190e-01,9.999999999998077094e-01
2.562516477455089989e+04,9.999999999366939729e-01,9.999999999682928076e-01,9.999999999998119282e-01
2.590200204531312920e+04,9.999999999380517757e-01,9.999999999689729302e-01,9.999999999998159250e-01
2.618183008218973555e+04,9.999999999393806016e-01,9.999999999696383979e-01,9.999999999998199218e-01
2.646468119543270222e+04,9.999999999406807838e-01,9.999999999702896547e-01,9.999999999998236966e-01
2.675058804435225102e+04,9.999999999419532104e-01,9.999999999709270337e-01,9.999999999998274713e-01
2.703958364108838941e+04,9.999999999431982145e-01,9.999999999715507570e-01,9.999999999998312461e-01
2.733170135442227547e+04,9.999999999444166843e-01,9.999999999721609356e-01,9.999999999998347988e-01
2.762697491362924120e+04,9.999999999456087307e-01,9.999999999727579025e-01,9.999999999998383515e-01
2.792543841237330707e+04,9.999999999467755751e-01,9.999999999733422129e-01,9.999999999998419042e-01
2.822712631264381707e+04,9.999999999479172175e-01,9.999999999739140888e-01,9.999999999998451239e-01
2.853207344873457259e+04,9.999999999490344349e-01,9.999999999744736412e-01,9.999999999998484546e-01
2.884031503126595635e+04,9.999999999501275605e-01,9.999999999750212032e-01,9.999999999998515632e-01
2.915188665125053376e+04,9.999999999511972604e-01,9.999999999755568858e-01,9.999999999998548939e-01
2.946682428420253564e+04,9.999999999522442007e-01,9.999999999760812441e-01,9.999999999998580025e-01
2.978516429429176787e+04,9.999999999532683814e-01,9.999999999765941672e-01,9.999999999998611111e-01
3.010694343854250110e+04,9.999999999542708018e-01,9.999999999770963210e-01,9.999999999998639977e-01
3.043219887107717659e+04,9.999999999552516838e-01,9.999999999775875947e-01,9.999999999998668843e-01
3.076096814740703121e+04,9.999999999562115827e-01,9.999999999780682103e-01,9.999999999998697708e-01
3.109328922876800789e+04,9.999999999571508313e-01,9.999999999785388338e-01,9.999999999998724354e-01
3.142920048650405079e+04,9.999999999580698740e-01,9.999999999789991323e-01,9.999999999998753220e-01
3.176874070649762871e+04,9.999999999589692656e-01,9.999999999794494387e-01,9.999999999998779865e-01
3.211194909364813793e+04,9.999999999598492284e-01,9.999999999798904193e-01,9.999999999998806510e-01
3.245886527639869382e+04,9.999999999607106504e-01,9.999999999803216300e-01,9.999999999998830935e-01
3.280952931131179503e+04,9.999999999615534207e-01,9.999999999807439588e-01,9.999999999998855360e-01
3.316398168769445329e+04,9.999999999623778724e-01,9.999999999811568507e-01,9.999999999998879785e-01
3.352226333227329451e+04,9.999999999631848935e-01,9.999999999815610829e-01,9.999999999998904210e-01
3.388441561392011499e+04,9.999999999639745951e-01,9.999999999819564334e-01,9.999999999998928635e-01
3.425048034842853667e+04,9.999999999647473103e-01,9.999999999823434571e-01,9.999999999998950839e-01
3.462049980334241263e+04,9.999999999655035943e-01,9.999999999827223762e-01,9.999999999998973044e-01
3.499451670283567364e+04,9.999999999662433359e-01,9.999999999830929687e-01,9.999999999998995248e-01
3.537257423264627141e+04,9.999999999669674233e-01,9.999999999834555675e-01,9.999999999999017453e-01
3.575471604506205767e+04,9.999999999676760787e-01,9.999999999838105058e-01,9.999999999999037437e-01
3.614098626396124746e+04,9.999999999683693019e-01,9.999999999841576726e-01,9.999999999999059641e-01
3.653142948990711739e+04,9.999999999690478703e-01,9.999999999844974008e-01,9.999999999999079625e-01
3.692609080529785570e+04,9.999999999697116726e-01,9.999999999848299126e-01,9.999999999999097389e-01
3.732501577957194240e+04,9.999999999703614861e-01,9.999999999851554300e-01,9.999999999999117373e-01
3.772825047446981625e+04,9.999999999709971998e-01,9.999999999854738419e-01,9.999999999999137357e-01
3.813584144935239601e+04,9.999999999716193688e-01,9.999999999857854815e-01,9.999999999999155120e-01
3.854783576657702361e+04,9.999999999722281041e-01,9.999999999860902378e-01,9.999999999999172884e-01
3.896428099693152035e+04,9.999999999728236277e-01,9.999999999863886657e-01,9.999999999999190647e-01
3.938522522512691648e+04,9.999999999734066058e-01,9.999999999866807654e-01,9.999999999999208411e-01
3.981071705534967623e+04,9.999999999739770384e-01,9.999999999869664258e-01,9.999999999999226175e-01
4.024080561687321460e+04,9.999999999745351476e-01,9.999999999872458689e-01,9.999999999999241718e-01
4.067554056973143452e+04,9.999999999750815993e-01,9.999999999875194279e-01,9.999999999999257261e-01
4.111497211045213771e+04,9.999999999756160607e-01,9.999999999877871026e-01,9.999999999999272804e-01
4.155915097785308171e+04,9.999999999761390868e-01,9.999999999880492263e-01,9.999999999999288347e-01
4.200812845890055178e+04,9.999999999766508996e-01,9.999999999883053547e-01,9.999999999999303890e-01
4.246195639463116095e+04,9.999999999771517212e-01,9.999999999885562652e-01,9.999999999999320544e-01
4.292068718613767123e+04,9.999999999776417736e-01,9.999999999888017355e-01,9.999999999999336087e-01
4.338437380061946897e+04,9.999999999781212789e-01,9.999999999890420987e-01,9.999999999999349409e-01
4.385306977749840007e+04,9.999999999785905702e-01,9.999999999892769109e-01,9.999999999999362732e-01
4.432682923460070015e+04,9.999999999790498695e-01,9.999999999895069491e-01,9.999999999999376055e-01
4.480570687440565962e+04,9.999999999794990657e-01,9.999999999897321024e-01,9.999999999999389377e-01
4.528975799036202079e+04,9.999999999799388251e-01,9.999999999899522596e-01,9.999999999999402700e-01
4.577903847327175026e+04,9.999999999803691475e-01,9.999999999901678649e-01,9.999999999999416023e-01
4.627360481774442451e+04,9.999999999807902551e-01,9.999999999903786962e-01,9.999999999999429345e-01
4.677351412871972570e+04,9.999999999812022589e-01,9.999999999905851977e-01,9.999999999999440448e-01
4.727882412806119100e+04,9.999999999816053808e-01,9.999999999907870363e-01,9.999999999999453770e-01
4.778959316122106975e+04,9.999999999820000651e-01,9.999999999909846560e-01,9.999999999999464873e-01
4.830588020397713262e+04,9.999999999823862007e-01,9.999999999911779458e-01,9.999999999999475975e-01
4.882774486924231314e+04,9.999999999827640096e-01,9.999999999913673498e-01,9.999999999999487077e-01
4.935524741394789453e+04,9.999999999831336028e-01,9.999999999915525351e-01,9.999999999999498179e-01
4.988844874600104231e+04,9.999999999834955355e-01,9.999999999917337234e-01,9.999999999999509281e-01
5.042741043131751212e+04,9.999999999838493636e-01,9.999999999919110261e-01,9.999999999999520384e-01
5.097219470093036216e+04,9.999999999841958642e-01,9.999999999920844429e-01,9.999999999999529265e-01
5.152286445817541244e+04,9.999999999845349263e-01,9.999999999922543070e-01,9.999999999999540368e-01
5.207948328595457133e+04,9.999999999848665500e-01,9.999999999924205074e-01,9.999999999999549249e-01
5.264211545407663652e+04,9.999999999851914012e-01,9.999999999925829330e-01,9.999999999999560352e-01
5.321082592667932477e+04,9.999999999855089250e-01,9.999999999927420280e-01,9.999999999999569233e-01
5.378568036972959817e+04,9.999999999858195654e-01,9.999999999928977923e-01,9.999999999999578115e-01
5.436674515860592510e+04,9.999999999861238775e-01,9.999999999930501149e-01,9.999999999999586997e-01
5.495408738576230826e+04,9.999999999864215283e-01,9.999999999931992178e-01,9.999999999999595879e-01
5.554777486847509135e+04,9.999999999867127398e-01,9.999999999933449901e-01,9.999999999999604761e-01
5.614787615667345381e+04,9.999999999869978451e-01,9.999999999934877648e-01,9.999999999999613642e-01
5.675446054085451760e+04,9.999999999872765111e-01,9.999999999936275419e-01,9.999999999999620304e-01
5.736759806008391024e+04,9.999999999875496259e-01,9.999999999937640993e-01,9.999999999999629186e-01
5.798735951008288248e+04,9.999999999878165236e-01,9.999999999938977702e-01,9.999999999999638067e-01
5.861381645140262117e+04,9.999999999880779811e-01,9.999999999940288875e-01,9.999999999999644729e-01
5.924704121768724144e+04,9.999999999883335544e-01,9.999999999941568962e-01,9.999999999999653610e-01
5.988710692402489803e+04,9.999999999885837987e-01,9.999999999942822404e-01,9.999999999999660272e-01
6.053408747539125761e+04,9.999999999888288249e-01,9.999999999944049200e-01,9.999999999999666933e-01
6.118805757518207974e+04,9.999999999890683000e-01,9.999999999945248241e-01,9.999999999999673594e-01
6.184909273383901746e+04,9.999999999893028901e-01,9.999999999946421747e-01,9.999999999999682476e-01
6.251726927756842633e+04,9.999999999895322622e-01,9.999999999947571938e-01,9.999999999999689138e-01
6.319266435715431726e+04,9.999999999897567493e-01,9.999999999948696594e-01,9.999999999999695799e-01
6.387535595686656598e+04,9.999999999899765735e-01,9.999999999949797935e-01,9.999999999999702460e-01
6.456542290346533991e+04,9.999999999901915126e-01,9.999999999950873741e-01,9.999999999999706901e-01
6.526294487530279002e+04,9.999999999904020109e-01,9.999999999951928453e-01,9.999999999999713562e-01
6.596800241152310628e+04,9.999999999906078463e-01,9.999999999952959850e-01,9.999999999999720224e-01
6.668067692136192636e+04,9.999999999908092407e-01,9.999999999953966823e-01,9.999999999999726885e-01
6.740105069354624720e+04,9.999999999910063053e-01,9.999999999954954921e-01,9.999999999999731326e-01
6.812920690579604707e+04,9.999999999911992621e-01,9.999999999955921925e-01,9.999999999999737987e-01
6.886522963442750915e+04,9.999999999913881110e-01,9.999999999956867835e-01,9.999999999999742428e-01
6.960920386406221951e+04,9.999999999915727411e-01,9.999999999957791541e-01,9.999999999999749090e-01
7.036121549743897049e+04,9.999999999917534854e-01,9.999999999958697483e-01,9.999999999999753530e-01
7.112135136533273908e+04,9.999999999919303439e-01,9.999999999959583441e-01,9.999999999999760192e-01
7.188969923658053449e+04,9.999999999921035387e-01,9.999999999960450525e-01,9.999999999999764633e-01
7.266634782821564295e+04,9.999999999922728477e-01,9.999999999961298736e-01,9.999999999999769074e-01
7.345138681571125926e+04,9.999999999924386040e-01,9.999999999962128072e-01,9.999999999999775735e-01
7.424490684333491663e+04,9.999999999926009187e-01,9.999999999962940755e-01,9.999999999999780176e-01
7.504699953461458790e+04,9.999999999927596805e-01,9.999999999963734565e-01,9.999999999999784617e-01
7.585775750291807344e+04,9.999999999929150007e-01,9.999999999964513941e-01,9.999999999999789058e-01
7.667727436214649060e+04,9.999999999930667682e-01,9.999999999965275554e-01,9.999999999999793499e-01
7.750564473754343635e+04,9.999999999932155381e-01,9.999999999966020514e-01,9.999999999999797939e-01
7.834296427662107453e+04,9.999999999933611994e-01,9.999999999966747710e-01,9.999999999999802380e-01
7.918932966020298772e+04,9.999999999935034189e-01,9.999999999967462694e-01,9.999999999999806821e-01
8.004483861358903232e+04,9.999999999936427519e-01,9.999999999968159914e-01,9.999999999999811262e-01
8.090958991783806414e+04,9.999999999937789763e-01,9.999999999968843811e-01,9.999999999999813483e-01
8.178368342117390421e+04,9.999999999939125361e-01,9.999999999969509945e-01,9.999999999999817923e-01
8.266722005051432643e+04,9.999999999940432094e-01,9.999999999970164977e-01,9.999999999999822364e-01
8.356030182312455145e+04,9.999999999941707740e-01,9.999999999970805575e-01,9.999999999999826805e-01
8.446303185839658545e+04,9.999999999942961182e-01,9.999999999971431741e-01,9.999999999999829026e-01
8.537551438975588826e+04,9.999999999944182427e-01,9.999999999972043474e-01,9.999999999999833467e-01
8.629785477669669490e+04,9.999999999945380358e-01,9.999999999972644105e-01,9.999999999999837907e-01
8.723015951694727119e+04,9.999999999946551643e-01,9.999999999973231413e-01,9.999999999999840128e-01
8.817253625876663136e+04,9.999999999947697393e-01,9.999999999973805398e-01,9.999999999999844569e-01
8.912509381337444938e+04,9.999999999948820939e-01,9.999999999974364950e-01,9.999999999999846789e-01
9.008794216751365457e+04,9.999999999949917839e-01,9.999999999974915621e-01,9.999999999999851230e-01
9.106119249615186709e+04,9.999999999950992535e-01,9.999999999975454079e-01,9.999999999999853451e-01
9.204495717531695846e+04,9.999999999952043916e-01,9.999999999975982545e-01,9.999999999999857891e-01
9.303934979507280514e+04,9.999999999953071983e-01,9.999999999976496579e-01,9.999999999999860112e-01
9.404448517263492977e+04,9.999999999954077845e-01,9.999999999976999510e-01,9.999999999999862332e-01
9.506047936562787800e+04,9.999999999955064833e-01,9.999999999977493559e-01,9.999999999999866773e-01
9.608744968548568431e+04,9.999999999956026286e-01,9.999999999977976506e-01,9.999999999999868994e-01
9.712551471099727496e+04,9.999999999956971086e-01,9.999999999978449461e-01,9.999999999999871214e-01
9.817479430199808849e+04,9.999999999957893682e-01,9.999999999978911314e-01,9.999999999999873435e-01
9.923540961320966017e+04,9.999999999958797403e-01,9.999999999979364285e-01,9.999999999999877875e-01
1.003074831082287419e+05,9.999999999959682251e-01,9.999999999979806153e-01,9.999999999999880096e-01
1.013911385736674856e+05,9.999999999960544894e-01,9.999999999980239140e-01,9.999999999999882316e-01
1.024865011334467854e+05,9.999999999961390884e-01,9.999999999980663246e-01,9.999999999999884537e-01
1.035936972632422257e+05,9.999999999962221331e-01,9.999999999981077359e-01,9.999999999999886757e-01
1.047128548050897662e+05,9.999999999963030684e-01,9.999999999981483700e-01,9.999999999999888978e-01
1.058441029821454576e+05,9.999999999963823383e-01,9.999999999981880050e-01,9.999999999999891198e-01
1.069875724136065837e+05,9.999999999964599429e-01,9.999999999982268628e-01,9.999999999999893419e-01
1.081433951297935128e+05,9.999999999965358821e-01,9.999999999982649435e-01,9.999999999999895639e-01
1.093117045873945754e+05,9.999999999966101560e-01,9.999999999983021359e-01,9.999999999999897859e-01
1.104926356848755531e+05,9.999999999966828756e-01,9.999999999983386623e-01,9.999999999999900080e-01
1.116863247780557285e+05,9.999999999967541520e-01,9.999999999983743004e-01,9.999999999999902300e-01
1.128929096958521259e+05,9.999999999968235409e-01,9.999999999984092725e-01,9.999999999999904521e-01
1.141125297561939224e+05,9.999999999968918196e-01,9.999999999984433563e-01,9.999999999999906741e-01
1.153453257821087318e+05,9.999999999969583220e-01,9.999999999984767740e-01,9.999999999999908962e-01
1.165914401179826382e+05,9.999999999970236031e-01,9.999999999985093035e-01,9.999999999999911182e-01
1.178510166459964530e+05,9.999999999970874409e-01,9.999999999985413890e-01,9.999999999999913403e-01
1.191242008027372940e+05,9.999999999971499465e-01,9.999999999985725863e-01,9.999999999999915623e-01
1.204111395959938673e+05,9.999999999972112308e-01,9.999999999986032284e-01,9.999999999999915623e-01
1.217119816217290499e+05,9.999999999972708498e-01,9.999999999986330934e-01,9.999999999999917843e-01
1.230268770812378498e+05,9.999999999973293585e-01,9.999999999986625143e-01,9.999999999999920064e-01
1.243559777984903922e+05,9.999999999973866460e-01,9.999999999986910471e-01,9.999999999999922284e-01
1.256994372376621614e+05,9.999999999974427123e-01,9.999999999987192467e-01,9.999999999999922284e-01
1.270574105208537512e+05,9.999999999974975573e-01,9.999999999987467802e-01,9.999999999999924505e-01
1.284300544460019591e+05,9.999999999975514031e-01,9.999999999987736476e-01,9.999999999999926725e-01
1.298175275049844058e+05,9.999999999976038056e-01,9.999999999987999599e-01,9.999999999999928946e-01
1.312199899019197619e+05,9.999999999976552090e-01,9.999999999988257171e-01,9.999999999999928946e-01
1.326376035716656770e+05,9.999999999977056131e-01,9.999999999988508081e-01,9.999999999999931166e-01
1.340705321985169430e+05,9.999999999977547960e-01,9.999999999988753441e-01,9.999999999999933387e-01
1.355189412351034116e+05,9.999999999978028686e-01,9.999999999988995469e-01,9.999999999999933387e-01
1.369829979214967752e+05,9.999999999978499421e-01,9.999999999989231947e-01,9.999999999999935607e-01
1.384628713045189506e+05,9.999999999978961274e-01,9.999999999989462873e-01,9.999999999999937828e-01
1.399587322572614939e+05,9.999999999979410914e-01,9.999999999989689359e-01,9.999999999999937828e-01
1.414707534988154657e+05,9.999999999979853893e-01,9.999999999989910293e-01,9.999999999999940048e-01
1.429991096142143069e+05,9.999999999980287990e-01,9.999999999990125676e-01,9.999999999999940048e-01
1.445439770745923161e+05,9.999999999980709875e-01,9.999999999990337729e-01,9.999999999999942268e-01
1.461055342575606774e+05,9.999999999981123988e-01,9.999999999990546451e-01,9.999999999999942268e-01
1.476839614678040089e+05,9.999999999981528109e-01,9.999999999990748512e-01,9.999999999999944489e-01
1.492794409578990308e+05,9.999999999981925569e-01,9.999999999990946131e-01,9.999999999999944489e-01
1.508921569493582647e+05,9.999999999982313037e-01,9.999999999991140420e-01,9.999999999999946709e-01
1.525222956539012084e+05,9.999999999982691623e-01,9.999999999991331379e-01,9.999999999999948930e-01
1.541700452949557512e+05,9.999999999983062438e-01,9.999999999991515676e-01,9.999999999999948930e-01
1.558355961293890723e+05,9.999999999983425480e-01,9.999999999991698862e-01,9.999999999999948930e-01
1.575191404694789089e+05,9.999999999983780752e-01,9.999999999991876498e-01,9.999999999999951150e-01
1.592208727051166934e+05,9.999999999984128252e-01,9.999999999992050803e-01,9.999999999999951150e-01
1.609409893262530968e+05,9.999999999984469090e-01,9.999999999992221777e-01,9.999999999999953371e-01
1.626796889455859491e+05,9.999999999984802157e-01,9.999999999992389421e-01,9.999999999999953371e-01
1.644371723214926897e+05,9.999999999985127452e-01,9.999999999992551514e-01,9.999999999999955591e-01
1.662136423812110734e+05,9.999999999985448307e-01,9.999999999992712496e-01,9.999999999999955591e-01
1.680093042442700535e+05,9.999999999985759169e-01,9.999999999992869038e-01,9.999999999999957812e-01
1.698243652461737802e+05,9.999999999986065591e-01,9.999999999993020028e-01,9.999999999999957812e-01
1.716590349623415968e+05,9.999999999986363131e-01,9.999999999993169908e-01,9.999999999999957812e-01
1.735135252323065361e+05,9.999999999986657340e-01,9.999999999993317568e-01,9.999999999999960032e-01
1.753880501841753139e+05,9.999999999986942667e-01,9.999999999993459676e-01,9.999999999999960032e-01
1.772828262593532563e+05,9.999999999987223553e-01,9.999999999993600674e-01,9.999999999999962252e-01
1.791980722375330806e+05,9.999999999987497779e-01,9.999999999993737232e-01,9.999999999999962252e-01
1.811340092619599018e+05,9.999999999987765342e-01,9.999999999993871569e-01,9.999999999999962252e-01
1.830908608649631205e+05,9.999999999988027355e-01,9.999999999994003685e-01,9.999999999999964473e-01
1.850688529937669518e+05,9.999999999988283816e-01,9.999999999994132471e-01,9.999999999999964473e-01
1.870682140365795349e+05,9.999999999988533617e-01,9.999999999994257927e-01,9.999999999999964473e-01
1.890891748489635647e+05,9.999999999988781196e-01,9.999999999994381161e-01,9.999999999999966693e-01
1.911319687804919959e+05,9.999999999989022115e-01,9.999999999994502176e-01,9.999999999999966693e-01
1.931968317016916990e+05,9.999999999989257482e-01,9.999999999994618749e-01,9.999999999999966693e-01
1.952840020312781271e+05,9.999999999989488408e-01,9.999999999994735322e-01,9.999999999999968914e-01
1.973937207636842795e+05,9.999999999989712673e-01,9.999999999994847455e-01,9.999999999999968914e-01
1.995262314968870778e+05,9.999999999989934718e-01,9.999999999994957367e-01,9.999999999999968914e-01
2.016817804605349374e+05,9.999999999990150101e-01,9.999999999995067279e-01,9.999999999999968914e-01
2.038606165443758946e+05,9.999999999990361044e-01,9.999999999995172750e-01,9.999999999999971134e-01
2.060629913269996759e+05,9.999999999990568655e-01,9.999999999995277111e-01,9.999999999999971134e-01
2.082891591048834380e+05,9.999999999990770716e-01,9.999999999995378142e-01,9.999999999999971134e-01
2.105393769217546505e+05,9.999999999990969446e-01,9.999999999995476951e-01,9.999999999999973355e-01
2.128139045982706593e+05,9.999999999991160404e-01,9.999999999995573541e-01,9.999999999999973355e-01
2.151130047620186233e+05,9.999999999991350252e-01,9.999999999995667910e-01,9.999999999999973355e-01
2.174369428778398724e+05,9.999999999991536770e-01,9.999999999995760058e-01,9.999999999999973355e-01
2.197859872784817417e+05,9.999999999991718846e-01,9.999999999995852207e-01,9.999999999999975575e-01
2.221604091955803451e+05,9.999999999991897592e-01,9.999999999995941025e-01,9.999999999999975575e-01
2.245604827909783926e+05,9.999999999992069677e-01,9.999999999996028732e-01,9.999999999999975575e-01
2.269864851883812225e+05,9.999999999992241762e-01,9.999999999996114219e-01,9.999999999999975575e-01
2.294386965053546301e+05,9.999999999992406075e-01,9.999999999996196376e-01,9.999999999999977796e-01
2.319173998856695835e+05,9.999999999992569277e-01,9.999999999996279643e-01,9.999999999999977796e-01
2.344228815319918504e+05,9.999999999992729149e-01,9.999999999996358468e-01,9.999999999999977796e-01
2.369554307389333262e+05,9.999999999992885691e-01,9.999999999996435074e-01,9.999999999999977796e-01
2.395153399264520849e+05,9.999999999993037791e-01,9.999999999996512789e-01,9.999999999999977796e-01
2.421029046736172168e+05,9.999999999993186561e-01,9.999999999996587174e-01,9.999999999999980016e-01
2.447184237527380174e+05,9.999999999993330890e-01,9.999999999996659339e-01,9.999999999999980016e-01
2.473621991638613981e+05,9.999999999993475219e-01,9.999999999996732614e-01,9.999999999999980016e-01
2.500345361696423206e+05,9.999999999993615107e-01,9.999999999996802558e-01,9.999999999999980016e-01
2.527357433305908635e+05,9.999999999993752775e-01,9.999999999996871392e-01,9.999999999999980016e-01
2.554661325407000550e+05,9.999999999993887112e-01,9.999999999996939115e-01,9.999999999999980016e-01
2.582260190634585742e+05,9.999999999994017008e-01,9.999999999997002398e-01,9.999999999999982236e-01
2.610157215682525421e+05,9.999999999994146904e-01,9.999999999997069011e-01,9.999999999999982236e-01
2.638355621671606204e+05,9.999999999994271249e-01,9.999999999997130073e-01,9.999999999999982236e-01
2.666858664521476021e+05,9.999999999994394484e-01,9.999999999997192246e-01,9.999999999999982236e-01
2.695669635326547432e+05,9.999999999994514388e-01,9.999999999997253308e-01,9.999999999999982236e-01
2.724791860736061353e+05,9.999999999994632072e-01,9.999999999997311040e-01,9.999999999999982236e-01
2.754228703338160412e+05,9.999999999994747535e-01,9.999999999997369882e-01,9.999999999999984457e-01
2.783983562048156164e+05,9.999999999994860778e-01,9.999999999997425393e-01,9.999999999999984457e-01
2.814059872500986094e+05,9.999999999994969579e-01,9.999999999997479794e-01,9.999999999999984457e-01
2.844461107447906979e+05,9.999999999995078381e-01,9.999999999997535305e-01,9.999999999999984457e-01
2.875190777157474076e+05,9.999999999995183853e-01,9.999999999997587485e-01,9.999999999999984457e-01
2.906252429820855032e+05,9.999999999995287103e-01,9.999999999997640776e-01,9.999999999999984457e-01
2.937649651961519266e+05,9.999999999995388134e-01,9.999999999997690736e-01,9.999999999999986677e-01
2.969386068849355215e+05,9.999999999995488054e-01,9.999999999997739586e-01,9.999999999999986677e-01
3.001465344919260824e+05,9.999999999995583533e-01,9.999999999997788436e-01,9.999999999999986677e-01
3.033891184194266680e+05,9.999999999995676792e-01,9.999999999997836175e-01,9.999999999999986677e-01
3.066667330713178380e+05,9.999999999995771160e-01,9.999999999997882805e-01,9.999999999999986677e-01
3.099797568962941878e+05,9.999999999995862199e-01,9.999999999997926103e-01,9.999999999999986677e-01
3.133285724315579282e+05,9.999999999995949906e-01,9.999999999997972733e-01,9.999999999999986677e-01
3.167135663469891297e+05,9.999999999996036504e-01,9.999999999998014921e-01,9.999999999999986677e-01
3.201351294897927437e+05,9.999999999996121991e-01,9.999999999998058220e-01,9.999999999999986677e-01
3.235936569296273519e+05,9.999999999996204147e-01,9.999999999998100408e-01,9.999999999999988898e-01
3.270895480042218696e+05,9.999999999996287414e-01,9.999999999998140376e-01,9.999999999999988898e-01
3.306232063654850936e+05,9.999999999996365130e-01,9.999999999998179234e-01,9.999999999999988898e-01
3.341950400261129835e+05,9.999999999996443956e-01,9.999999999998219202e-01,9.999999999999988898e-01
3.378054614066999638e+05,9.999999999996520561e-01,9.999999999998259170e-01,9.999999999999988898e-01
3.414548873833586695e+05,9.999999999996593836e-01,9.999999999998295808e-01,9.999999999999988898e-01
3.451437393358546542e+05,9.999999999996668221e-01,9.999999999998331335e-01,9.999999999999988898e-01
3.488724431962618837e+05,9.999999999996740385e-01,9.999999999998366862e-01,9.999999999999988898e-01
3.526414294981381390e+05,9.999999999996810329e-01,9.999999999998401279e-01,9.999999999999988898e-01
3.564511334262435557e+05,9.999999999996876943e-01,9.999999999998435696e-01,9.999999999999988898e-01
3.603019948667844292e+05,9.999999999996944666e-01,9.999999999998470113e-01,9.999999999999991118e-01
3.641944584582055686e+05,9.999999999997010169e-01,9.999999999998502309e-01,9.999999999999991118e-01
3.681289736425304436e+05,9.999999999997074562e-01,9.999999999998535616e-01,9.999999999999991118e-01
3.721059947172557586e+05,9.999999999997135625e-01,9.999999999998566702e-01,9.999999999999991118e-01
3.761259808878069161e+05,9.999999999997198907e-01,9.999999999998597788e-01,9.999999999999991118e-01
3.801893963205598411e+05,9.999999999997258859e-01,9.999999999998627764e-01,9.999999999999991118e-01
3.842967101964358590e+05,9.999999999997317701e-01,9.999999999998656630e-01,9.999999999999991118e-01
3.884483967650756822e+05,9.999999999997376543e-01,9.999999999998685496e-01,9.999999999999991118e-01
3.926449353995980928e+05,9.999999999997429834e-01,9.999999999998714362e-01,9.999999999999991118e-01
3.968868106519525754e+05,9.999999999997486455e-01,9.999999999998742117e-01,9.999999999999991118e-01
4.011745123088617111e+05,9.999999999997538636e-01,9.999999999998768763e-01,9.999999999999991118e-01
4.055085354483831325e+05,9.999999999997593036e-01,9.999999999998795408e-01,9.999999999999991118e-01
4.098893804970677593e+05,9.999999999997644107e-01,9.999999999998822053e-01,9.999999999999993339e-01
4.143175532877427177e+05,9.999999999997696287e-01,9.999999999998845368e-01,9.999999999999993339e-01
4.187935651179173146e+05,9.999999999997744027e-01,9.999999999998869793e-01,9.999999999999993339e-01
4.233179328088196344e+05,9.999999999997791766e-01,9.999999999998893108e-01,9.999999999999993339e-01
4.278911787650714978e+05,9.999999999997840616e-01,9.999999999998918643e-01,9.999999999999993339e-01
4.325138310350072570e+05,9.999999999997885025e-01,9.999999999998943068e-01,9.999999999999993339e-01
4.371864233716450399e+05,9.999999999997931655e-01,9.999999999998964162e-01,9.999999999999993339e-01
4.419094952943162643e+05,9.999999999997977174e-01,9.999999999998986366e-01,9.999999999999993339e-01
4.466835921509612235e+05,9.999999999998020472e-01,9.999999999999007461e-01,9.999999999999993339e-01
4.515092651810972020e+05,9.999999999998061551e-01,9.999999999999030775e-01,9.999999999999993339e-01
4.563870715794689604e+05,9.999999999998103739e-01,9.999999999999050759e-01,9.999999999999993339e-01
4.613175745603786781e+05,9.999999999998144817e-01,9.999999999999069633e-01,9.999999999999993339e-01
4.663013434227267862e+05,9.999999999998184785e-01,9.999999999999089617e-01,9.999999999999993339e-01
4.713389536157394759e+05,9.999999999998222533e-01,9.999999999999109601e-01,9.999999999999993339e-01
4.764309868054145481e+05,9.999999999998260281e-01,9.999999999999128475e-01,9.999999999999993339e-01
4.815780309416830423e+05,9.999999999998300249e-01,9.999999999999147349e-01,9.999999999999993339e-01
4.867806803262968315e+05,9.999999999998333555e-01,9.999999999999167333e-01,9.999999999999993339e-01
4.920395356814493425e+05,9.999999999998371303e-01,9.999999999999183986e-01,9.999999999999993339e-01
4.973552042191379587e+05,9.999999999998405720e-01,9.999999999999201750e-01,9.999999999999995559e-01
5.027282997112753219e+05,9.999999999998441247e-01,9.999999999999219513e-01,9.999999999999995559e-01
5.081594425605584984e+05,9.999999999998474554e-01,9.999999999999235056e-01,9.999999999999995559e-01
5.136492598721034010e+05,9.999999999998505640e-01,9.999999999999252820e-01,9.999999999999995559e-01
5.191983855258533731e+05,9.999999999998538946e-01,9.999999999999268363e-01,9.999999999999995559e-01
5.248074602497718297e+05,9.999999999998568923e-01,9.999999999999283906e-01,9.999999999999995559e-01
5.304771316938162781e+05,9.999999999998600009e-01,9.999999999999298339e-01,9.999999999999995559e-01
5.362080545047298074e+05,9.999999999998629985e-01,9.999999999999313882e-01,9.999999999999995559e-01
5.420008904016226297e+05,9.999999999998658851e-01,9.999999999999329425e-01,9.999999999999995559e-01
5.478563082523791818e+05,9.999999999998686606e-01,9.999999999999342748e-01,9.999999999999995559e-01
5.537749841508882819e+05,9.999999999998715472e-01,9.999999999999357181e-01,9.999999999999995559e-01
5.597576014951084508e+05,9.999999999998743228e-01,9.999999999999371614e-01,9.999999999999995559e-01
5.658048510659761960e+05,9.999999999998769873e-01,9.999999999999384936e-01,9.999999999999995559e-01
5.719174311071664561e+05,9.999999999998797628e-01,9.999999999999398259e-01,9.999999999999995559e-01
5.780960474057157990e+05,9.999999999998822053e-01,9.999999999999410472e-01,9.999999999999995559e-01
5.843414133735151263e+05,9.999999999998847589e-01,9.999999999999423794e-01,9.999999999999995559e-01
5.906542501296839910e+05,9.999999999998872013e-01,9.999999999999434896e-01,9.999999999999995559e-01
5.970352865838361904e+05,9.999999999998896438e-01,9.999999999999448219e-01,9.999999999999995559e-01
6.034852595202350058e+05,9.999999999998919753e-01,9.999999999999459321e-01,9.999999999999995559e-01
6.100049136828781338e+05,9.999999999998944178e-01,9.999999999999469313e-01,9.999999999999995559e-01
6.165950018614808796e+05,9.999999999998965272e-01,9.999999999999483746e-01,9.999999999999995559e-01
6.232562849783991696e+05,9.999999999998987477e-01,9.999999999999494849e-01,9.999999999999995559e-01
6.299895321764885448e+05,9.999999999999009681e-01,9.999999999999505951e-01,9.999999999999995559e-01
6.367955209079140332e+05,9.999999999999030775e-01,9.999999999999514833e-01,9.999999999999995559e-01
6.436750370239170734e+05,9.999999999999052980e-01,9.999999999999524825e-01,9.999999999999995559e-01
6.506288748655549716e+05,9.999999999999072964e-01,9.999999999999535927e-01,9.999999999999995559e-01
6.576578373554180143e+05,9.999999999999091838e-01,9.999999999999544809e-01,9.999999999999995559e-01
6.647627360903396038e+05,9.999999999999111822e-01,9.999999999999555911e-01,9.999999999999995559e-01
6.719443914351062849e+05,9.999999999999131806e-01,9.999999999999564793e-01,9.999999999999997780e-01
6.792036326171813998e+05,9.999999999999148459e-01,9.999999999999573674e-01,9.999999999999997780e-01
6.865412978224538965e+05,9.999999999999168443e-01,9.999999999999581446e-01,9.999999999999997780e-01
6.939582342920090305e+05,9.999999999999186207e-01,9.999999999999592548e-01,9.999999999999997780e-01
7.014552984199699713e+05,9.999999999999202860e-01,9.999999999999600320e-01,9.999999999999997780e-01
7.090333558523710817e+05,9.999999999999219513e-01,9.999999999999609201e-01,9.999999999999997780e-01
7.166932815871117637e+05,9.999999999999236167e-01,9.999999999999618083e-01,9.999999999999997780e-01
7.244359600749880774e+05,9.999999999999252820e-01,9.999999999999626965e-01,9.999999999999997780e-01
7.322622853218152886e+05,9.999999999999268363e-01,9.999999999999635847e-01,9.999999999999997780e-01
7.401731609916540328e+05,9.999999999999283906e-01,9.999999999999641398e-01,9.999999999999997780e-01
7.481695005111517385e+05,9.999999999999301670e-01,9.999999999999650280e-01,9.999999999999997780e-01
7.562522271750108339e+05,9.999999999999313882e-01,9.999999999999656941e-01,9.999999999999997780e-01
7.644222742525971262e+05,9.999999999999329425e-01,9.999999999999663602e-01,9.999999999999997780e-01
7.726805850956989452e+05,9.999999999999344968e-01,9.999999999999672484e-01,9.999999999999997780e-01
7.810281132474512560e+05,9.999999999999358291e-01,9.999999999999679146e-01,9.999999999999997780e-01
7.894658225524388254e+05,9.999999999999370504e-01,9.999999999999685807e-01,9.999999999999997780e-01
7.979946872679725057e+05,9.999999999999386047e-01,9.999999999999692468e-01,9.999999999999997780e-01
8.066156921766118612e+05,9.999999999999399369e-01,9.999999999999698019e-01,9.999999999999997780e-01
8.153298326998311095e+05,9.999999999999412692e-01,9.999999999999704681e-01,9.999999999999997780e-01
8.241381150130002061e+05,9.999999999999422684e-01,9.999999999999711342e-01,9.999999999999997780e-01
8.330415561615165789e+05,9.999999999999436007e-01,9.999999999999719114e-01,9.999999999999997780e-01
8.420411841782848351e+05,9.999999999999448219e-01,9.999999999999723554e-01,9.999999999999997780e-01
8.511380382023766870e+05,9.999999999999460432e-01,9.999999999999730216e-01,9.999999999999997780e-01
8.603331685990323313e+05,9.999999999999471534e-01,9.999999999999736877e-01,9.999999999999997780e-01
8.696276370809596265e+05,9.999999999999483746e-01,9.999999999999741318e-01,9.999999999999997780e-01
8.790225168308806606e+05,9.999999999999494849e-01,9.999999999999747979e-01,9.999999999999997780e-01
8.885188926254964899e+05,9.999999999999504841e-01,9.999999999999752420e-01,9.999999999999997780e-01
8.981178609606901882e+05,9.999999999999514833e-01,9.999999999999757971e-01,9.999999999999997780e-01
9.078205301781843882e+05,9.999999999999525935e-01,9.999999999999762412e-01,9.999999999999997780e-01
9.176280205934637925e+05,9.999999999999535927e-01,9.999999999999766853e-01,9.999999999999997780e-01
9.275414646251843078e+05,9.999999999999544809e-01,9.999999999999773515e-01,9.999999999999997780e-01
9.375620069258747390e+05,9.999999999999555911e-01,9.999999999999777955e-01,9.999999999999997780e-01
9.476908045141568873e+05,9.999999999999563682e-01,9.999999999999782396e-01,9.999999999999997780e-01
9.579290269082866143e+05,9.999999999999575895e-01,9.999999999999786837e-01,9.999999999999997780e-01
9.682778562612460228e+05,9.999999999999584777e-01,9.999999999999791278e-01,9.999999999999997780e-01
9.787384874971929239e+05,9.999999999999592548e-01,9.999999999999795719e-01,9.999999999999997780e-01
9.893121284494522261e+05,9.999999999999601430e-01,9.999999999999800160e-01,9.999999999999997780e-01
9.999999999999995343e+05,9.999999999999610312e-01,9.999999999999804601e-01,9.999999999999997780e-01
