G_mM,Y_0p5,Y_5,Y_36
9.999999999999982011e-09,9.818971846284231188e-19,1.223622285070381081e-18,1.510352424862437053e-17
1.010803336220382749e-08,9.818971846284231188e-19,1.223622285070381081e-18,1.510352424862437053e-17
1.021723384514257942e-08,9.818971846284231188e-19,1.223622285070381081e-18,1.510352424862437053e-17
1.032761405761394785e-08,9.818971846284231188e-19,1.223622285070381081e-18,1.510352424862437053e-17
1.043918674463272197e-08,9.818971846284231188e-19,1.223622285070381081e-18,1.510352424862437053e-17
1.055196478890237068e-08,9.818971846284231188e-19,1.223622285070381081e-18,1.510352424862437053e-17
1.066596121230254167e-08,9.818971846284231188e-19,1.223622285070381081e-18,1.510352424862437053e-17
1.078118917739266564e-08,9.818971846284231188e-19,1.223622285070381081e-18,1.510352424862437053e-17
1.089766198893160955e-08,9.818971846284231188e-19,1.223622285070381081e-18,1.510352424862437053e-17
1.101539309541414140e-08,9.818971846284231188e-19,1.223622285070381081e-18,1.510352424862437053e-17
1.113439609062360287e-08,9.818971846284231188e-19,1.223622285070381081e-18,1.510352424862437053e-17
1.125468471520154573e-08,9.818971846284231188e-19,1.223622285070381081e-18,1.510352424862437053e-17
1.137627285823429072e-08,9.818971846284231188e-19,1.223622285070381081e-18,1.510352424862437053e-17
1.149917455885663058e-08,9.818971846284231188e-19,1.223622285070381081e-18,1.510352424862437053e-17
1.162340400787285095e-08,9.818971846284231188e-19,1.223622285070381081e-18,1.510352424862437053e-17
1.174897554939526761e-08,9.818971846284231188e-19,1.223622285070381081e-18,1.510352424862437053e-17
1.187590368250046211e-08,9.818971846284231188e-19,1.223622285070381081e-18,1.510352424862437053e-17
1.200420306290341755e-08,4.268815419696620045e-18,5.606540526508920809e-18,6.519506869909800292e-17
1.213388850464973329e-08,4.268815419696620045e-18,5.606540526508920809e-18,6.519506869909800292e-17
1.226497498182612357e-08,4.268815419696620045e-18,5.606540526508920809e-18,6.519506869909800292e-17
1.239747763028944008e-08,4.268815419696620045e-18,5.606540526508920809e-18,6.519506869909800292e-17
1.253141174941415222e-08,4.268815419696620045e-18,5.606540526508920809e-18,6.519506869909800292e-17
1.266679280385915192e-08,4.268815419696620045e-18,5.606540526508920809e-18,6.519506869909800292e-17
1.280363642535318994e-08,4.268815419696620045e-18,5.606540526508920809e-18,6.519506869909800292e-17
1.294195841449984185e-08,4.268815419696620045e-18,5.606540526508920809e-18,6.519506869909800292e-17
1.308177474260191939e-08,4.268815419696620045e-18,5.606540526508920809e-18,6.519506869909800292e-17
1.322310155350558197e-08,4.268815419696620045e-18,5.606540526508920809e-18,6.519506869909800292e-17
1.336595516546439315e-08,4.268815419696620045e-18,5.606540526508920809e-18,6.519506869909800292e-17
1.351035207302348917e-08,4.268815419696620045e-18,5.606540526508920809e-18,6.519506869909800292e-17
1.365630894892413254e-08,4.268815419696620045e-18,5.606540526508920809e-18,6.519506869909800292e-17
1.380384264602880616e-08,4.268815419696620045e-18,5.606540526508920809e-18,6.519506869909800292e-17
1.395297019926713753e-08,4.268815419696620045e-18,5.606540526508920809e-18,6.519506869909800292e-17
1.410370882760287634e-08,4.268815419696620045e-18,5.606540526508920809e-18,6.519506869909800292e-17
1.425607593602187581e-08,4.268815419696620045e-18,5.606540526508920809e-18,6.519506869909800292e-17
1.441008911754205393e-08,4.268815419696620045e-18,5.606540526508920809e-18,6.519506869909800292e-17
1.456576615524456523e-08,4.268815419696620045e-18,5.606540526508920809e-18,6.519506869909800292e-17
1.472312502432717075e-08,4.268815419696620045e-18,5.606540526508920809e-18,6.519506869909800292e-17
1.488218389417973511e-08,4.268815419696620045e-18,5.606540526508920809e-18,6.519506869909800292e-17
1.504296113048215179e-08,4.268815419696620045e-18,5.606540526508920809e-18,6.519506869909800292e-17
1.520547529732492484e-08,4.268815419696620045e-18,5.606540526508920809e-18,6.519506869909800292e-17
1.536974515935267838e-08,4.268815419696620045e-18,5.606540526508920809e-18,6.519506869909800292e-17
1.553578968393079411e-08,5.327314512345700133e-18,7.002990817945175166e-18,8.127651897820884110e-17
1.570362804333547951e-08,5.327314512345700133e-18,7.002990817945175166e-18,8.127651897820884110e-17
1.587327961696749174e-08,5.327314512345700133e-18,7.002990817945175166e-18,8.127651897820884110e-17
1.604476399358976711e-08,5.327314512345700133e-18,7.002990817945175166e-18,8.127651897820884110e-17
1.621810097358929678e-08,5.327314512345700133e-18,7.002990817945175166e-18,8.127651897820884110e-17
1.639331057126312649e-08,5.327314512345700133e-18,7.002990817945175166e-18,8.127651897820884110e-17
1.657041301712966784e-08,5.327314512345700133e-18,7.002990817945175166e-18,8.127651897820884110e-17
1.674942876026435533e-08,5.327314512345700133e-18,7.002990817945175166e-18,8.127651897820884110e-17
1.693037847066086977e-08,5.327314512345700133e-18,7.002990817945175166e-18,8.127651897820884110e-17
1.711328304161777934e-08,5.327314512345700133e-18,7.002990817945175166e-18,8.127651897820884110e-17
1.729816359215098208e-08,5.327314512345700133e-18,7.002990817945175166e-18,8.127651897820884110e-17
1.748504146943220458e-08,5.327314512345700133e-18,7.002990817945175166e-18,8.127651897820884110e-17
1.767393825125384796e-08,5.327314512345700133e-18,7.002990817945175166e-18,8.127651897820884110e-17
1.786487574852045919e-08,5.327314512345700133e-18,7.002990817945175166e-18,8.127651897820884110e-17
1.805787600776711890e-08,5.327314512345700133e-18,7.002990817945175166e-18,8.127651897820884110e-17
1.825296131370504335e-08,6.378849795174720900e-18,8.406354229636063983e-18,9.757528615298334491e-17
1.845015419179473489e-08,6.378849795174720900e-18,8.406354229636063983e-18,9.757528615298334491e-17
1.864947741084663119e-08,6.378849795174720900e-18,8.406354229636063983e-18,9.757528615298334491e-17
1.885095398565047415e-08,6.378849795174720900e-18,8.406354229636063983e-18,9.757528615298334491e-17
1.905460717963245561e-08,6.378849795174720900e-18,8.406354229636063983e-18,9.757528615298334491e-17
1.926046050754137716e-08,6.378849795174720900e-18,8.406354229636063983e-18,9.757528615298334491e-17
1.946853773816378780e-08,6.378849795174720900e-18,8.406354229636063983e-18,9.757528615298334491e-17
1.967886289706841371e-08,6.378849795174720900e-18,8.406354229636063983e-18,9.757528615298334491e-17
1.989146026938029701e-08,6.378849795174720900e-18,8.406354229636063983e-18,9.757528615298334491e-17
2.010635440258483220e-08,6.378849795174720900e-18,8.406354229636063983e-18,9.757528615298334491e-17
2.032357010936216664e-08,6.378849795174720900e-18,8.406354229636063983e-18,9.757528615298334491e-17
2.054313247045216382e-08,6.378849795174720900e-18,8.406354229636063983e-18,9.757528615298334491e-17
2.076506683755035602e-08,8.544594649213299412e-18,1.139282217963834993e-17,1.303901373981960058e-16
2.098939883623517111e-08,8.544594649213299412e-18,1.139282217963834993e-17,1.303901373981960058e-16
2.121615436892684360e-08,8.544594649213299412e-18,1.139282217963834993e-17,1.303901373981960058e-16
2.144535961787794055e-08,8.544594649213299412e-18,1.139282217963834993e-17,1.303901373981960058e-16
2.167704104819693172e-08,8.544594649213299412e-18,1.139282217963834993e-17,1.303901373981960058e-16
2.191122541090368226e-08,8.544594649213299412e-18,1.139282217963834993e-17,1.303901373981960058e-16
2.214793974601830724e-08,8.544594649213299412e-18,1.139282217963834993e-17,1.303901373981960058e-16
2.238721138568336155e-08,8.544594649213299412e-18,1.139282217963834993e-17,1.303901373981960058e-16
2.262906795731971925e-08,8.544594649213299412e-18,1.139282217963834993e-17,1.303901373981960058e-16
2.287353738681657571e-08,1.071730331307193879e-17,1.419263588276549234e-17,1.637482808825678309e-16
2.312064790175589034e-08,1.071730331307193879e-17,1.419263588276549234e-17,1.637482808825678309e-16
2.337042803467168990e-08,1.071730331307193879e-17,1.419263588276549234e-17,1.637482808825678309e-16
2.362290662634455026e-08,1.071730331307193879e-17,1.419263588276549234e-17,1.637482808825678309e-16
2.387811282913169978e-08,1.071730331307193879e-17,1.419263588276549234e-17,1.637482808825678309e-16
2.413607611033308526e-08,1.071730331307193879e-17,1.419263588276549234e-17,1.637482808825678309e-16
2.439682625559389332e-08,1.071730331307193879e-17,1.419263588276549234e-17,1.637482808825678309e-16
2.466039337234337848e-08,1.071730331307193879e-17,1.419263588276549234e-17,1.637482808825678309e-16
2.492680789327174808e-08,1.282733768855003964e-17,1.699936270614726997e-17,1.955852060972940211e-16
2.519610057984369800e-08,1.282733768855003964e-17,1.699936270614726997e-17,1.955852060972940211e-16
2.546830252585037580e-08,1.282733768855003964e-17,1.699936270614726997e-17,1.955852060972940211e-16
2.574344516099960600e-08,1.282733768855003964e-17,1.699936270614726997e-17,1.955852060972940211e-16
2.602156025454491670e-08,1.282733768855003964e-17,1.699936270614726997e-17,1.955852060972940211e-16
2.630267991895376134e-08,1.282733768855003964e-17,1.699936270614726997e-17,1.955852060972940211e-16
2.658683661361537565e-08,1.400422154814013436e-17,1.857555412420403187e-17,2.138398253330414664e-16
2.687406314858869330e-08,1.400422154814013436e-17,1.857555412420403187e-17,2.138398253330414664e-16
2.716439268839074380e-08,1.400422154814013436e-17,1.857555412420403187e-17,2.138398253330414664e-16
2.745785875582598582e-08,1.400422154814013436e-17,1.857555412420403187e-17,2.138398253330414664e-16
2.775449523585700298e-08,1.400422154814013436e-17,1.857555412420403187e-17,2.138398253330414664e-16
2.805433637951712766e-08,1.400422154814013436e-17,1.857555412420403187e-17,2.138398253330414664e-16
2.835741680786481433e-08,1.506272064078921599e-17,1.997200441564028700e-17,2.301385925078159702e-16
2.866377151598176411e-08,1.506272064078921599e-17,1.997200441564028700e-17,2.301385925078159702e-16
2.897343587701319581e-08,1.506272064078921599e-17,1.997200441564028700e-17,2.301385925078159702e-16
2.928644564625232153e-08,1.506272064078921599e-17,1.997200441564028700e-17,2.301385925078159702e-16
2.960283696526880509e-08,1.506272064078921599e-17,1.997200441564028700e-17,2.301385925078159702e-16
2.992264636608183199e-08,1.828696458747687613e-17,2.436183577733346177e-17,2.791435524799713021e-16
3.024591077537828384e-08,1.828696458747687613e-17,2.436183577733346177e-17,2.791435524799713021e-16
3.057266751877644744e-08,1.828696458747687613e-17,2.436183577733346177e-17,2.791435524799713021e-16
3.090295432513581438e-08,1.828696458747687613e-17,2.436183577733346177e-17,2.791435524799713021e-16
3.123680933091344429e-08,1.828696458747687613e-17,2.436183577733346177e-17,2.791435524799713021e-16
3.157427108456735162e-08,1.933849987030589536e-17,2.576519918902435212e-17,2.953336612069139854e-16
3.191537855100761085e-08,1.933849987030589536e-17,2.576519918902435212e-17,2.953336612069139854e-16
3.226017111609499478e-08,1.933849987030589536e-17,2.576519918902435212e-17,2.953336612069139854e-16
3.260868859118930989e-08,1.933849987030589536e-17,2.576519918902435212e-17,2.953336612069139854e-16
3.296097121774574116e-08,2.151120853416453319e-17,2.855809977189685621e-17,3.288004631391176063e-16
3.331705967196146971e-08,2.151120853416453319e-17,2.855809977189685621e-17,3.288004631391176063e-16
3.367699506947228523e-08,2.151120853416453319e-17,2.855809977189685621e-17,3.288004631391176063e-16
3.404081897010002690e-08,2.151120853416453319e-17,2.855809977189685621e-17,3.288004631391176063e-16
3.440857338265126335e-08,2.256274381699355550e-17,2.996837630384238180e-17,3.444472796269011378e-16
3.478030076976782017e-08,2.256274381699355550e-17,2.996837630384238180e-17,3.444472796269011378e-16
3.515604405282971763e-08,2.256274381699355550e-17,2.996837630384238180e-17,3.444472796269011378e-16
3.553584661691108768e-08,2.578698776368121256e-17,3.434438142502628919e-17,3.939955318382156215e-16
3.591975231578959294e-08,2.578698776368121256e-17,3.434438142502628919e-17,3.939955318382156215e-16
3.630780547701013530e-08,2.578698776368121256e-17,3.434438142502628919e-17,3.939955318382156215e-16
3.670005090700259583e-08,2.578698776368121256e-17,3.434438142502628919e-17,3.939955318382156215e-16
3.709653389625617383e-08,2.683852304651023487e-17,3.574774483671717647e-17,4.101856405651583049e-16
3.749730022454831971e-08,2.683852304651023487e-17,3.574774483671717647e-17,4.101856405651583049e-16
3.790239616623081612e-08,2.683852304651023487e-17,3.574774483671717647e-17,4.101856405651583049e-16
3.831186849557282214e-08,2.795969642753985347e-17,3.715802136866270206e-17,4.269190415312600906e-16
3.872576449216165457e-08,2.795969642753985347e-17,3.715802136866270206e-17,4.269190415312600906e-16
3.914413194636190865e-08,2.795969642753985347e-17,3.715802136866270206e-17,4.269190415312600906e-16
3.956701916483355350e-08,3.013240509139849131e-17,4.012374995790108385e-17,4.602771850156319403e-16
3.999447497610965066e-08,3.013240509139849131e-17,4.012374995790108385e-17,4.602771850156319403e-16
4.042654873623431788e-08,3.230511375525712914e-17,4.293738990153749672e-17,4.930920362608445889e-16
4.086329033446161975e-08,3.230511375525712914e-17,4.293738990153749672e-17,4.930920362608445889e-16
4.130475019901600056e-08,3.230511375525712914e-17,4.293738990153749672e-17,4.930920362608445889e-16
4.175097930291511298e-08,3.440818432091516759e-17,4.573720360466463912e-17,5.254722537147299556e-16
4.220202916985481773e-08,3.440818432091516759e-17,4.573720360466463912e-17,5.254722537147299556e-16
4.265795188015923932e-08,3.552239389212472688e-17,4.731339502272139794e-17,5.427489469199908931e-16
4.311880007679358157e-08,3.552239389212472688e-17,4.731339502272139794e-17,5.427489469199908931e-16
4.358462697144272729e-08,3.552239389212472688e-17,4.731339502272139794e-17,5.427489469199908931e-16
4.405548635065526447e-08,3.658089298477381159e-17,4.871675843441229138e-17,5.589390556469335272e-16
4.453143258205395839e-08,3.658089298477381159e-17,4.871675843441229138e-17,5.589390556469335272e-16
4.501252062061327156e-08,3.980513693146146865e-17,5.291993554923032106e-17,6.079440156190889084e-16
4.549880601500475226e-08,3.980513693146146865e-17,5.291993554923032106e-17,6.079440156190889084e-16
4.599034491401090033e-08,4.091934650267102793e-17,5.449612696728708604e-17,6.252207088243498459e-16
4.648719407300841696e-08,4.091934650267102793e-17,5.449612696728708604e-17,6.252207088243498459e-16
4.698941086052139414e-08,4.302938087814912571e-17,5.730285379066886676e-17,6.570576340390761101e-16
4.749705326484539690e-08,4.302938087814912571e-17,5.730285379066886676e-17,6.570576340390761101e-16
4.801017990074320577e-08,4.408091616097814493e-17,5.870621720235974787e-17,6.732477427660187441e-16
4.852885001621208072e-08,4.408091616097814493e-17,5.870621720235974787e-17,6.732477427660187441e-16
4.905312349932583513e-08,4.737479820586640754e-17,6.308222232354364910e-17,7.232306287686605098e-16
4.958306088514909963e-08,4.737479820586640754e-17,6.308222232354364910e-17,7.232306287686605098e-16
5.011872336272716368e-08,4.848900777707596066e-17,6.448558573523454254e-17,7.405073219739215460e-16
5.066017278215114356e-08,4.954054305990498605e-17,6.588894914692543598e-17,7.566974307008641800e-16
5.120747166169950247e-08,4.954054305990498605e-17,6.588894914692543598e-17,7.566974307008641800e-16
5.176068319505665054e-08,5.165057743538308382e-17,6.868876285005257838e-17,7.885343559155903455e-16
5.231987125860965726e-08,5.165057743538308382e-17,6.868876285005257838e-17,7.885343559155903455e-16
5.288510041882365189e-08,5.381632228942166233e-17,7.167523080005486279e-17,8.218924993999621952e-16
5.345643593969700377e-08,5.592635666489976011e-17,7.443356578165419997e-17,8.542727168538475619e-16
5.403394379029700392e-08,5.592635666489976011e-17,7.443356578165419997e-17,8.542727168538475619e-16
5.461769065237694114e-08,5.704056623610932556e-17,7.582310295283581678e-17,8.710061178199493970e-16
5.520774392807571753e-08,5.809906532875840410e-17,7.723337948478134237e-17,8.873048849947238515e-16
5.580417174769961297e-08,6.132330927544606116e-17,8.160938460596524359e-17,9.362011865190474122e-16
5.640704297759009623e-08,6.132330927544606116e-17,8.160938460596524359e-17,9.362011865190474122e-16
5.701642722807468503e-08,6.243751884665561429e-17,8.301274801765613703e-17,9.534778797243083498e-16
5.763239486150466666e-08,6.464504655961456105e-17,8.599921596765842144e-17,9.879226076869985030e-16
5.825501700037946082e-08,6.681775522347319272e-17,8.896494455689679707e-17,1.020737458932211053e-15
5.888436553555878271e-08,6.681775522347319272e-17,8.896494455689679707e-17,1.020737458932211053e-15
5.952051313456344680e-08,6.885815150075070344e-17,9.160575649416733840e-17,1.052139750355610035e-15
6.016353324996595611e-08,6.997236107196025657e-17,9.318194791222409722e-17,1.069307785113039054e-15
6.081350012787161807e-08,7.102389635478928195e-17,9.457839820366035851e-17,1.085063260048654504e-15
6.147048881649141798e-08,7.425510411129699217e-17,9.878157531847838203e-17,1.134611512259968988e-15
6.213457517480736454e-08,7.529967558430595208e-17,1.001849387301692755e-16,1.150692962539079802e-15
6.280583588133155830e-08,7.747238424816459607e-17,1.031644935599169277e-16,1.183616472232124271e-15
6.348434844296010797e-08,7.859355762919421468e-17,1.045747700918624533e-16,1.200893165437385208e-15
6.417019120392145115e-08,8.181780157588187174e-17,1.089438620927917224e-16,1.249898125409540688e-15
6.486344335482377794e-08,8.181780157588187174e-17,1.089438620927917224e-16,1.249898125409540688e-15
6.556418494179781193e-08,8.293897495691149035e-17,1.103541386247372480e-16,1.267066160166969706e-15
6.627249687573952785e-08,8.405318452812105580e-17,1.119303300427940191e-16,1.284234194924398922e-15
6.698846094165251469e-08,8.826628946925719818e-17,1.175437836895575682e-16,1.348451337593010454e-15
6.771215980809129456e-08,9.043899813311582985e-17,1.203366842724300662e-16,1.381374847286054923e-15
6.844367703670651050e-08,9.149053341594485524e-17,1.217331345638663274e-16,1.397564956012997656e-15
6.918309709189346557e-08,9.254206869877386831e-17,1.231364979755572086e-16,1.413755064739940191e-15
6.993050535054470138e-08,9.583595074366213091e-17,1.275263293372503864e-16,1.463846609190413876e-15
7.068598811190803219e-08,9.688748602649114397e-17,1.289227796286866477e-16,1.480036717917356609e-15
7.144963260755133171e-08,9.906019469034978797e-17,1.319023344584343000e-16,1.513394861401728360e-15
7.222152701143366221e-08,1.001744042615593411e-16,1.333056978701251811e-16,1.530128262367830096e-15
7.300176045008776194e-08,1.044501834910760235e-16,1.390919795232546202e-16,1.595975281753919232e-15
7.379042301291003960e-08,1.055086825837251021e-16,1.404953429349455013e-16,1.611622098241702763e-15
7.458760576256290662e-08,1.076744274377636806e-16,1.432882435178179993e-16,1.644980241726074515e-15
7.539340074548936763e-08,1.119571704771004285e-16,1.490261333291650010e-16,1.710283968873004252e-15
7.620790100254107378e-08,1.130713800483099940e-16,1.504294967408558821e-16,1.727452003630433467e-15
7.703120057972130775e-08,1.141298791409590602e-16,1.518397732728014077e-16,1.743642112357376200e-15
7.786339453904391968e-08,1.184613688490362172e-16,1.576191418056762024e-16,1.809923765534792617e-15
7.870457896950966979e-08,1.206410413227149144e-16,1.605986966354238546e-16,1.842847275227836889e-15
7.955485099820108945e-08,1.248541462638510568e-16,1.662121502821874037e-16,1.906955759448616700e-15
8.041430880149725030e-08,1.259683558350606222e-16,1.676016874533690206e-16,1.924232452653877637e-15
8.128305161640965918e-08,1.303137731627778856e-16,1.733879691064984597e-16,1.990405447383461938e-15
8.216117975204089333e-08,1.313653084456069109e-16,1.747913325181893408e-16,2.006704214558236787e-15
8.304879460116564515e-08,1.346522266806751081e-16,1.791673376393732544e-16,2.056795759008710077e-15
8.394599865193969534e-08,1.389976440083923961e-16,1.849605324127573133e-16,2.122968753738294773e-15
8.485289549973253972e-08,1.399795411930208159e-16,1.863569827041935746e-16,2.138180936434750825e-15
8.576958985908930759e-08,1.442971032814578420e-16,1.921363512370683693e-16,2.204462589612167046e-15
8.669618757582153499e-08,1.474517091299449181e-16,1.963395283518863928e-16,2.253032915792995046e-15
8.763279563922865902e-08,1.485728825109745244e-16,1.977498048838319184e-16,2.270309608998256378e-15
8.857952219445150371e-08,1.529113360288717469e-16,2.035222602964520686e-16,2.336482603727840679e-15
8.953647655495917348e-08,1.562052180737600095e-16,2.079120916581452464e-16,2.386574148178314364e-15
9.050376921517098231e-08,1.604183230148961519e-16,2.135117190643995312e-16,2.450791290846925699e-15
9.148151186321455664e-08,1.636356031517637435e-16,2.179015504260927091e-16,2.499904909266912901e-15
9.246981739382196489e-08,1.679810204794810315e-16,2.236740058387128839e-16,2.566729854683488322e-15
9.346879992136498546e-08,1.701537291433396631e-16,2.264392539405668286e-16,2.599544705928701069e-15
9.447857479303168357e-08,1.744991464710569511e-16,2.322255355936962677e-16,2.665826359106117289e-15
9.549925860214355592e-08,1.776537523195440026e-16,2.364287127085142912e-16,2.714288026839113765e-15
9.653096920161996645e-08,1.819991696472612906e-16,2.422080812413890859e-16,2.780569680016529986e-15
9.757382571758464530e-08,1.874587965461881194e-16,2.495636411923206517e-16,2.864128026399207143e-15
9.862794856312092163e-08,1.906134023946751709e-16,2.537737314273933197e-16,2.912263718788707862e-15
9.969345945217510761e-08,1.948961454340119189e-16,2.593802719539022490e-16,2.977458787487806074e-15
1.007704814136102309e-07,2.004254104311393532e-16,2.667427450250884100e-16,3.061886401453137796e-15
1.018591388054114787e-07,2.035800162796264047e-16,2.709390090196518383e-16,3.110022093842638515e-15
1.029595573290451531e-07,2.089769688901727181e-16,2.781286540844721339e-16,3.192385197299165746e-15
1.040718640439727924e-07,2.121315747386597696e-16,2.823318311992901574e-16,3.240412231240834545e-15
1.051961873823219803e-07,2.175563825884862956e-16,2.896943042704763677e-16,3.323970577623511703e-15
1.063326571637157753e-07,2.219017999162035836e-16,2.954736728033511624e-16,3.390143572353096399e-15
1.074814046102622819e-07,2.261775791457202414e-16,3.010456477285869186e-16,3.455881933291353418e-15
1.086425623617065222e-07,2.325703565605350810e-16,3.096248299645888310e-16,3.553131244100841338e-15
1.098162644907441289e-07,2.379603453612613289e-16,3.168144750294091759e-16,3.635494347557368175e-15
1.110026465185043144e-07,2.412472635963295260e-16,3.211904801505930648e-16,3.685585892007841859e-15
1.122018454301962231e-07,2.466511800166959049e-16,3.283801252154134097e-16,3.768057653912201404e-15
1.134139996909262527e-07,2.520411688174221528e-16,3.355628571599790608e-16,3.850529415816560159e-15
1.146392492616859073e-07,2.595481558034465331e-16,3.455454028076718790e-16,3.965381395174803986e-15
1.158777356155123783e-07,2.650077827023733865e-16,3.527350478724922239e-16,4.048831083109650013e-15
1.171296017538235880e-07,2.714493067859286105e-16,3.613280563490034253e-16,4.146949661501792498e-15
1.183949922229298931e-07,2.757320498252653584e-16,3.671074248818782199e-16,4.212253388648722235e-15
1.196740531307240213e-07,2.821805377186406726e-16,3.756520415166069593e-16,4.310915259280023526e-15
1.209669321635515986e-07,2.886916999003965514e-16,3.842312237526089210e-16,4.410446397493980170e-15
1.222737786032629156e-07,2.939911591734620219e-16,3.914139556971746214e-16,4.491940233367852442e-15
1.235947433444508285e-07,3.015538566380468769e-16,4.014034144651220841e-16,4.607335504965255864e-15
1.249299789118730487e-07,3.080719826296227965e-16,4.101692509479991508e-16,4.706866643179212508e-15
1.262796394780635729e-07,3.145204705229981106e-16,4.187484331840010632e-16,4.805093880019186911e-15
1.276438808811342715e-07,3.209689584163734248e-16,4.273414416605122646e-16,4.903755750650488202e-15
1.290228606427678799e-07,3.284759454023978544e-16,4.373239873082051321e-16,5.018607730008732818e-15
1.304167379864075283e-07,3.361013171553632247e-16,4.474931872027731046e-16,5.134872269188790803e-15
1.318256738556404799e-07,3.424871307603580234e-16,4.558580627108812848e-16,5.232556213789605611e-15
1.332498309327817163e-07,3.500498282249428784e-16,4.660203494851946621e-16,5.347951485387009033e-15
1.346893736576579522e-07,3.586710247821768488e-16,4.774131716648329812e-16,5.479428207263523860e-15
1.361444682465946456e-07,3.661780117682012784e-16,4.874026304327804439e-16,5.594171528173936557e-15
1.376152827116080713e-07,3.726543549008568052e-16,4.961615537954029648e-16,5.693376691044396654e-15
1.391019868798051013e-07,3.833786220237488264e-16,5.103541896781684509e-16,5.857233630374796552e-15
1.406047524129911441e-07,3.919998185809827475e-16,5.219198398641726847e-16,5.988819010699142509e-15
1.421237528274926214e-07,3.985179445725586672e-16,5.304575433786467796e-16,6.088458807360931072e-15
1.436591635141908595e-07,4.071391411297926377e-16,5.420231935646510134e-16,6.220044187685277030e-15
1.452111617587741167e-07,4.156906995888260025e-16,5.534091026240346880e-16,6.350977617322632261e-15
1.467799267622067974e-07,4.265472790982991447e-16,5.677883927536753779e-16,6.516464433370509368e-15
1.483656396614223336e-07,4.350988375573325096e-16,5.791743018130590525e-16,6.647506521455696519e-15
1.499684835502371173e-07,4.458579237293248336e-16,5.935397657021904534e-16,6.811798094577423304e-15
1.515886435004915427e-07,4.544791202865587547e-16,6.050639371666668203e-16,6.943926767140928857e-15
1.532263065834193501e-07,4.652730255076513322e-16,6.194363141760528656e-16,7.108218340262655642e-15
1.548816618912477606e-07,4.750084316360948434e-16,6.323915015332386669e-16,7.256971755344431407e-15
1.565549005590308355e-07,4.846184891877773239e-16,6.451876871245679411e-16,7.403660659917400709e-15
1.582462157867191841e-07,4.965892782684599575e-16,6.611362555520106590e-16,7.586750144514034510e-15
1.599558028614666297e-07,5.061296977219418324e-16,6.737527000167193740e-16,7.732569781504350037e-15
1.616838591801806088e-07,5.180378125142440000e-16,6.896597897226343236e-16,7.914681340070498144e-15
1.634305842723134188e-07,5.309696073500949310e-16,7.068250673148928916e-16,8.112439715124428403e-15
1.651961798229011174e-07,5.405796649017773128e-16,7.196212529062220671e-16,8.259128619697399282e-15
1.669808496958513169e-07,5.535393149769085057e-16,7.369662716251010956e-16,8.456886994751329540e-15
1.687847999574810915e-07,5.644655325845822534e-16,7.515114766408529570e-16,8.623786370621020018e-15
1.706082389003121183e-07,5.772928702731322761e-16,7.684624475052178420e-16,8.819588893613978888e-15
1.724513770671198747e-07,5.901898460598829044e-16,7.856346382177309558e-16,9.016912634876581470e-15
1.743144272752442782e-07,6.031843151841144001e-16,8.029796569366099842e-16,9.215648935960999000e-15
1.761976046411625093e-07,6.171328262536940537e-16,8.215552110608140531e-16,9.428728152159217230e-15
1.781011266053273791e-07,6.300994401386452875e-16,8.388656641784198592e-16,9.626486527213147488e-15
1.800252129572740211e-07,6.439783131100243356e-16,8.572614771760033689e-16,9.838913792724375781e-15
1.819700858609981100e-07,6.591803099472147904e-16,8.775860507246300249e-16,1.007057360350183640e-14
1.839359698806067195e-07,6.731636400658947468e-16,8.961616048488341924e-16,1.028506537952186958e-14
1.859230920062494417e-07,6.871121511354744004e-16,9.146887671312557499e-16,1.049803593727225589e-14
1.879316816803264333e-07,7.022514736842842905e-16,9.348405126735163927e-16,1.072926111425839041e-14
1.899619708239812774e-07,7.173141943250734356e-16,9.549991713360318772e-16,1.095939970676620732e-14
1.920141938638799826e-07,7.323838787756827202e-16,9.749711757516721580e-16,1.118899500703486305e-14
1.940885877592775769e-07,7.495914528410503583e-16,9.978743431552777523e-16,1.145260040147488264e-14
1.961853920293806600e-07,7.647864858684206737e-16,1.018198916703904310e-15,1.168480350449150443e-14
1.983048487810020231e-07,7.841319495485466654e-16,1.043964115892928773e-15,1.198024582414624950e-14
2.004472027365157011e-07,7.992016339991559499e-16,1.063894641587041187e-15,1.221038441665406483e-14
2.026127012621138590e-07,8.164440271136238908e-16,1.086853113952683740e-15,1.247344651885492640e-14
2.048015943963688222e-07,8.358173460330300458e-16,1.112784228027819276e-15,1.276986676454015874e-14
2.070141348791036128e-07,8.541739487187075768e-16,1.137097671963370371e-15,1.305009690149844775e-14
2.092505781805749603e-07,8.713467037349748135e-16,1.160056144329012924e-15,1.331272436990798165e-14
2.115111825309695834e-07,8.918203046059504769e-16,1.187224706929728243e-15,1.362533472432015574e-14
2.137962089502227932e-07,9.111239854271561250e-16,1.212927688036460906e-15,1.392066838552707046e-14
2.161059212781556351e-07,9.315906224883115504e-16,1.240262165523287299e-15,1.423284410614791687e-14
2.184405862049398837e-07,9.499472251739890813e-16,1.264624001300620708e-15,1.451350887689753514e-14
2.208004733018897558e-07,9.737007804702128517e-16,1.296293005187103271e-15,1.487621077576018448e-14
2.231858550525901061e-07,9.919598898184096138e-16,1.320647927844182233e-15,1.515546298668798623e-14
2.255970068843572426e-07,1.016764980397462311e-15,1.353588945857517604e-15,1.553446365272540766e-14
2.280342072000413612e-07,1.038283152741446860e-15,1.382292221154761828e-15,1.586261216517753513e-14
2.304977374101722662e-07,1.059836144134531811e-15,1.411023148933024432e-15,1.619249921279497016e-14
2.329878819654522428e-07,1.082475489859546090e-15,1.441115961401450223e-15,1.653803307690019206e-14
2.355049283896003153e-07,1.107280580438598787e-15,1.474063892535040239e-15,1.691692508448978316e-14
2.380491673125511738e-07,1.130860040489321142e-15,1.505601547136684754e-15,1.727756247284362762e-14
2.406208925040112320e-07,1.156793268259223610e-15,1.540077277846549226e-15,1.767373117363847965e-14
2.432204009073810787e-07,1.181528720740075702e-15,1.573018295859884597e-15,1.805164525519758189e-14
2.458479926740402483e-07,1.207420165651057924e-15,1.607494026569748873e-15,1.844759663909677009e-14
2.485039711980045264e-07,1.234272616317208148e-15,1.643241771406466154e-15,1.885745630431843446e-14
2.511886431509578038e-07,1.262364625131329191e-15,1.680524228939712340e-15,1.928643985635850082e-14
2.539023185176597999e-07,1.289175292938559170e-15,1.716271973776429424e-15,1.969651683847582587e-14
2.566453106317412521e-07,1.318332764655149220e-15,1.755130622727732380e-15,2.014179915769066431e-14
2.594179362118809574e-07,1.346424773469270262e-15,1.792440732741997144e-15,2.057078270973073067e-14
2.622205153983762084e-07,1.375470824228739463e-15,1.831126553686933988e-15,2.101486978601941958e-14
2.650533717901073638e-07,1.405547518841577467e-15,1.871264129885344201e-15,2.147427770345239804e-14
2.679168324819024833e-07,1.436835916363105929e-15,1.912915679419519779e-15,2.195226621546461732e-14
2.708112281023049392e-07,1.466968321454504457e-15,1.953046342497675544e-15,2.241254340048024798e-14
2.737368928517498785e-07,1.500401572400611215e-15,1.997511531975487282e-15,2.292302078839418739e-14
2.766941645411507040e-07,1.531613368014119031e-15,2.038990253503296945e-15,2.340046600816724865e-14
2.796833846309071641e-07,1.566098154243054715e-15,2.084907198234582051e-15,2.392713350480812666e-14
2.827048982703299727e-07,1.600610795711270760e-15,2.130948579130450363e-15,2.445477892747949351e-14
2.857590543374939735e-07,1.635025943842006037e-15,2.176685782735115107e-15,2.498035983964205549e-14
2.888462054795215447e-07,1.671641655875880132e-15,2.225526977334111079e-15,2.553973352908031748e-14
2.919667081532991026e-07,1.708285223149034589e-15,2.274195343926740742e-15,2.609975916920556783e-14
2.951209226666380850e-07,1.745959434275557652e-15,2.324495206899464529e-15,2.667554028426643541e-14
2.983092132198759157e-07,1.784719999734010241e-15,2.375956474074966616e-15,2.726740284960641439e-14
3.015319479479285963e-07,1.823571094720123558e-15,2.427784136623964663e-15,2.786122126700736476e-14
3.047894989627975724e-07,1.862262022080375344e-15,2.479300708761504300e-15,2.845210590631685489e-14
3.080822423965352150e-07,1.904274686724795877e-15,2.535158720418954357e-15,2.909406001610730914e-14
3.114105584446750057e-07,1.945200997037286884e-15,2.589606455544458914e-15,2.971928072493165731e-14
3.147748314101311366e-07,1.988272160774356384e-15,2.647033745499711492e-15,3.037742494344905015e-14
3.181754497475696430e-07,2.031433854039086612e-15,2.704516340417000832e-15,3.103654708799693183e-14
3.216128061082646746e-07,2.077659623624643090e-15,2.765973979480705026e-15,3.174326163269515306e-14
3.250872973854336043e-07,2.121838033123102041e-15,2.824811545967903105e-15,3.241857388596997965e-14
3.285993247600651634e-07,2.169219795138788452e-15,2.887838463329409426e-15,3.314191317318647346e-14
3.321492937472394919e-07,2.216622448583935183e-15,2.951065861178300633e-15,3.386623038643344981e-14
3.357376142429541835e-07,2.266169955453660407e-15,3.016940984084716534e-15,3.462303647558214315e-14
3.393647005714506112e-07,2.314568433703075541e-15,3.081378177978168750e-15,3.536267452997341535e-14
3.430309715330541361e-07,2.365334607291310869e-15,3.148981580948243797e-15,3.613816987214918615e-14
3.467368504525308478e-07,2.416985184726693947e-15,3.217801693083134300e-15,3.692735617875176299e-14
3.504827652279667651e-07,2.469791754592206958e-15,3.288025168629715857e-15,3.773414515390310125e-14
3.542691483801745802e-07,2.522598324457719970e-15,3.358421472182663328e-15,3.854093412905443950e-14
3.580964371026355674e-07,2.578489862073519550e-15,3.432841211723807968e-15,3.939542416280395081e-14
3.619650733119771361e-07,2.634485856836619941e-15,3.507274777505462291e-15,4.025034883034478978e-14
3.658755036990025416e-07,2.693803588883888683e-15,3.586257176414666369e-15,4.115677760215791739e-14
3.698281797802653986e-07,2.753051682832957017e-15,3.665246488444124893e-15,4.206222844794055616e-14
3.738235579502044526e-07,2.814416774967323286e-15,3.746855873050089927e-15,4.299962487738575073e-14
3.778620995338415761e-07,2.875809722340970113e-15,3.828644998782676112e-15,4.393691264838311813e-14
3.819442708400461121e-07,2.939333595519554957e-15,3.913240851338643616e-15,4.490766722131268505e-14
3.860705432153807583e-07,3.002927106796340603e-15,3.997829790774356672e-15,4.587950837872057431e-14
3.902413930985230109e-07,3.068637616258424185e-15,4.085349893198034252e-15,4.688362109513451989e-14
3.944573020752775717e-07,3.136506906764726342e-15,4.175725114286876649e-15,4.792065732124150382e-14
3.987187569341826320e-07,3.203324661988199769e-15,4.264703885084282834e-15,4.894150343862154285e-14
4.030262497227163851e-07,3.274355522152809141e-15,4.359275370167688314e-15,5.002656669867020031e-14
4.073802778041115491e-07,3.347552127171456931e-15,4.456612103352948428e-15,5.114509676065105730e-14
4.117813439147837775e-07,3.418652625434266711e-15,4.551370242683228717e-15,5.223157258052152498e-14
4.162299562223769741e-07,3.495143112497803085e-15,4.653138285951709433e-15,5.340008552850502689e-14
4.207266283844432473e-07,3.571570925272958894e-15,4.754899416099935702e-15,5.456762055045803995e-14
4.252718796077491928e-07,3.650303759098553937e-15,4.859764537242493198e-15,5.577068688485206374e-14
4.298662347082266087e-07,3.728834642439367994e-15,4.964339307334355232e-15,5.697049346581113311e-14
4.345102241715710859e-07,3.810784756401830974e-15,5.073421431832239943e-15,5.822256476017730035e-14
4.392043842144912250e-07,3.895771091445839647e-15,5.186575384160104531e-15,5.952114187021551003e-14
4.439492568466273270e-07,3.980875811256789604e-15,5.299867598893061219e-15,6.082113154007552361e-14
4.487453899331312994e-07,4.067039030160388924e-15,5.414597742638982380e-15,6.213741997711030928e-14
4.535933372579265175e-07,4.157547666391705557e-15,5.535058863075995727e-15,6.352042470111383964e-14
4.584936585876501832e-07,4.247986664524821387e-15,5.655395547348425867e-15,6.490201686529556609e-14
4.634469197362867557e-07,4.340640154180716118e-15,5.778843135735441682e-15,6.631783644054430762e-14
4.684536926305002387e-07,4.435487243929929431e-15,5.905097450945839605e-15,6.776712281772524868e-14
4.735145553756682333e-07,4.533495903337450354e-15,6.035596421992582531e-15,6.926400159505654190e-14
4.786300923226374516e-07,4.632528242788519843e-15,6.167464190849743880e-15,7.077750511490610139e-14
4.838008941351925909e-07,4.734875355713938235e-15,6.303694138587579779e-15,7.234120883765396648e-14
4.890275578582578388e-07,4.838280967732005200e-15,6.441334362857360785e-15,7.392099401068094929e-14
4.943106869868349783e-07,4.943824469364830420e-15,6.581781313950523898e-15,7.553370269340097046e-14
4.996508915356830185e-07,5.053671605466453102e-15,6.728014546696816352e-15,7.721160644482009260e-14
5.050487881097578777e-07,5.162502025334346272e-15,6.873003417797274378e-15,7.887484130578191355e-14
5.105049999754053968e-07,5.277753077856334840e-15,7.026419382488133173e-15,8.063532547755321847e-14
5.160201571323270586e-07,5.391855101758013712e-15,7.178259155760934605e-15,8.237896758991059014e-14
5.215948963863232830e-07,5.510393072515071020e-15,7.336044212452722398e-15,8.418997793992370747e-14
5.272298614228213926e-07,5.630999294788685779e-15,7.496642909088145957e-15,8.603271655670371362e-14
5.329257028811989423e-07,5.755923079150736899e-15,7.663027887376698068e-15,8.794097621752631493e-14
5.386830784299102475e-07,5.881995892133098504e-15,7.830816229076942415e-15,8.986727318068898640e-14
5.445026528424203469e-07,6.010109101392737397e-15,8.001390558239804739e-15,9.182486377682723796e-14
5.503850980739683163e-07,6.141544047936545037e-15,8.176313240042832720e-15,9.383265457586379512e-14
5.563310933391507219e-07,6.277282628949149350e-15,8.357056769100263066e-15,9.590672702807776298e-14
5.623413251903487185e-07,6.413035137581394139e-15,8.537765732556419598e-15,9.798069082184390366e-14
5.684164875969966751e-07,6.555096857910612883e-15,8.726922528963739452e-15,1.001513606341803798e-13
5.745572820257169972e-07,6.697283926816592756e-15,8.916210674655898537e-15,1.023235516647864869e-13
5.807644175213111942e-07,6.845926447425768034e-15,9.114126394425841307e-15,1.045948391998152286e-13
5.870386107886296364e-07,6.994638606133143326e-15,9.312194202841386649e-15,1.068666700270831315e-13
5.933805862753266749e-07,7.148538803156463830e-15,9.517078347828001584e-15,1.092184734719552637e-13
5.997910762555080030e-07,7.303762124045594852e-15,9.723766817201077741e-15,1.115899440958849496e-13
6.062708209142825443e-07,7.464180447060491719e-15,9.937230144423693652e-15,1.140408440451797036e-13
6.128205684332280770e-07,7.630058396974314798e-15,1.015805594471749784e-14,1.165746503901701599e-13
6.194410750767805475e-07,7.794891775415128203e-15,1.037748529471986425e-14,1.190933532109119684e-13
6.261331052795514149e-07,7.967287851320526857e-15,1.060708384461680025e-14,1.217269080110120475e-13
6.328974317345999191e-07,8.142803714025313270e-15,1.084070583050193184e-14,1.244089244788450963e-13
6.397348354826466139e-07,8.320464430154677782e-15,1.107730737121681224e-14,1.271228865303407261e-13
6.466461060022591887e-07,8.502526274090319144e-15,1.131968828046456675e-14,1.299046514532833978e-13
6.536320413010041188e-07,8.687791470543187967e-15,1.156623780122586655e-14,1.327354213361982381e-13
6.606934480075950626e-07,8.877360301464854252e-15,1.181860816924156872e-14,1.356314949462600066e-13
6.678311414650263572e-07,9.073405475519175472e-15,1.207974437374014825e-14,1.386272083529835581e-13
6.750459458247161776e-07,9.271630322047177164e-15,1.234363200010007352e-14,1.416557366109523082e-13
6.823386941416681478e-07,9.476206163131071873e-15,1.261594672005039719e-14,1.447809708874914189e-13
6.897102284706587075e-07,9.683107916694866926e-15,1.289144838843810783e-14,1.479421711102628302e-13
6.971613999634654838e-07,9.896263171477075607e-15,1.317514210432756092e-14,1.511988821086784400e-13
7.046930689671448175e-07,1.011284462069075306e-14,1.346357130759143977e-14,1.545081837958446544e-13
7.123061051233727406e-07,1.033567957112284413e-14,1.376022712395833331e-14,1.579126702833115732e-13
7.200013874688531087e-07,1.056084739784465697e-14,1.405985558203471964e-14,1.613523621078759644e-13
7.277798045368225355e-07,1.079246371245984380e-14,1.436826370283449381e-14,1.648914764122065094e-13
7.356422544596409056e-07,1.102943519682665603e-14,1.468385455557883273e-14,1.685118672355152480e-13
7.435896450724900186e-07,1.127062674994442444e-14,1.500487220772305791e-14,1.721971271521796059e-13
7.516228940182046099e-07,1.151727792996112064e-14,1.533319702797643579e-14,1.759654021229874680e-13
7.597429288532216671e-07,1.177044027215957257e-14,1.567034990279497948e-14,1.798330995735614587e-13
7.679506871546827696e-07,1.202890207363108958e-14,1.601444355034918071e-14,1.837823995184571371e-13
7.762471166286901937e-07,1.229285832105063359e-14,1.636578214793023514e-14,1.878146058590485303e-13
7.846331752197339340e-07,1.256099285436221473e-14,1.672284480908212968e-14,1.919116812929955177e-13
7.931098312213006537e-07,1.283678757847586050e-14,1.708990384212222317e-14,1.961249126076747272e-13
8.016780633876768460e-07,1.311900293524360089e-14,1.746572179852494431e-14,2.004369144514330518e-13
8.103388610469606048e-07,1.340543139695247919e-14,1.784697346744780299e-14,2.048131334378600074e-13
8.190932242152958763e-07,1.370060640379535086e-14,1.823996361456303497e-14,2.093233282904636010e-13
8.279421637123325788e-07,1.399999451557935888e-14,1.863857412844528404e-14,2.138974143103923314e-13
8.368867012779495426e-07,1.430807346201880310e-14,1.904869498755150019e-14,2.186043896120193774e-13
8.459278696902253418e-07,1.462035854958956066e-14,1.946446386590575436e-14,2.233752560809715351e-13
8.550667128846824273e-07,1.494132054419611473e-14,1.989175691572448451e-14,2.282790118316220083e-13
8.643042860748347389e-07,1.526986612769671358e-14,2.032921916543778426e-14,2.332985974876612599e-13
8.736416558740205829e-07,1.560271534566610832e-14,2.077229486879784349e-14,2.383840301630865378e-13
8.830799004185611174e-07,1.594526515071484657e-14,2.122831193327458140e-14,2.436176729613544586e-13
8.926201094922465601e-07,1.629534979798888911e-14,2.169451202388639780e-14,2.489667110312198239e-13
9.022633846521678040e-07,1.665287179415075813e-14,2.217051491901928548e-14,2.544289712037258880e-13
9.120108393559073077e-07,1.701589520007047086e-14,2.265366598049546411e-14,2.599753330148538038e-13
9.218635990901042977e-07,1.739078493792356629e-14,2.315279326288010580e-14,2.657031544338609204e-13
9.318228015004101625e-07,1.777199085128345710e-14,2.366031307325387367e-14,2.715270299207513588e-13
9.418895965228397580e-07,1.816090570211415303e-14,2.417814725904755768e-14,2.774689084819871446e-13
9.520651465165583272e-07,1.855819801615838116e-14,2.470702861100814818e-14,2.835392213285601421e-13
9.623506263980863533e-07,1.896539983157655441e-14,2.524923154569941828e-14,2.897607867345150447e-13
9.727472237769643802e-07,1.938122284355196228e-14,2.580281347632982095e-14,2.961133942285551628e-13
9.832561390928725054e-07,1.980668376831833032e-14,2.636915702695027721e-14,3.026142118454379239e-13
9.938785857542500754e-07,2.024175475063638232e-14,2.694850415676970218e-14,3.092612837331022620e-13
1.004615790278393452e-06,2.068452074280560291e-14,2.753797209464191246e-14,3.160261413782163688e-13
1.015468992433078228e-06,2.113682715442830271e-14,2.814004956385857533e-14,3.229368186603207439e-13
1.026439445379708006e-06,2.159999014556047477e-14,2.875667915121124411e-14,3.300133087338164981e-13
1.037528415818010073e-06,2.207394704191374207e-14,2.938763963685177335e-14,3.372541990388818149e-13
1.048737184132294908e-06,2.255638585862784079e-14,3.003001368403271055e-14,3.446250448475539997e-13
1.060067044539295408e-06,2.305195842066257163e-14,3.068971201057175329e-14,3.521968001262672467e-13
1.071519305237604675e-06,2.355822043077109532e-14,3.136376888787968057e-14,3.599315430767282399e-13
1.083095288558719354e-06,2.407307578219757110e-14,3.204922550048749430e-14,3.677975454321700777e-13
1.094796331119733627e-06,2.460186571707398783e-14,3.275325075409925825e-14,3.758766270038101275e-13
1.106623783977665654e-06,2.514040498569848538e-14,3.347018280322642865e-14,3.841045706489798086e-13
1.118579012785450546e-06,2.569191086820793881e-14,3.420434926114840307e-14,3.925305986445468684e-13
1.130663397949637571e-06,2.625528308265077179e-14,3.495441589565603533e-14,4.011384122233365978e-13
1.142878334789769992e-06,2.683046591854842558e-14,3.572020987874296425e-14,4.099261641917358718e-13
1.155225233699497087e-06,2.741957637408619891e-14,3.650443424042875444e-14,4.189265607425419984e-13
1.167705520309425126e-06,2.801946680722542462e-14,3.730321763337079552e-14,4.280921181340525663e-13
1.180320635651726788e-06,2.863456620101165896e-14,3.812210438001332460e-14,4.374896613116840085e-13
1.193072036326530410e-06,2.926242329438824755e-14,3.895798357624173942e-14,4.470821377447258285e-13
1.205961194670104941e-06,2.990440299407991445e-14,3.981256967587919972e-14,4.568908444889529623e-13
1.218989598924862632e-06,3.055930056098779042e-14,4.068454227295706819e-14,4.668968749744426971e-13
1.232158753411201905e-06,3.122812574753578908e-14,4.157487611743124084e-14,4.771152240669957652e-13
1.245470178701192937e-06,3.191319750239398619e-14,4.248693789886574076e-14,4.875820750297403487e-13
1.258925411794164420e-06,3.261446011508382301e-14,4.342056170237443598e-14,4.982961239613022688e-13
1.272526006294165004e-06,3.332740103684190203e-14,4.436973311333581222e-14,5.091889160395474955e-13
1.286273532589344128e-06,3.405774451934030193e-14,4.534202199842868489e-14,5.203472693642938252e-13
1.300169578033288639e-06,3.480522593780587815e-14,4.633726935588720168e-14,5.317674895483148055e-13
1.314215747128297648e-06,3.556777704072205664e-14,4.735246106528034156e-14,5.434180656417393153e-13
1.328413661710648534e-06,3.634651203766005657e-14,4.838924244922870715e-14,5.553157310455333726e-13
1.342764961137860896e-06,3.714463428113710698e-14,4.945173372740405630e-14,5.675101426703561847e-13
1.357271302477984916e-06,3.795880114243956934e-14,5.053573863581183223e-14,5.799492531196961695e-13
1.371934360700933810e-06,3.879041234734128111e-14,5.164292323643339461e-14,5.926550114000155543e-13
1.386755828871884330e-06,3.964136901592312115e-14,5.277581081816169241e-14,6.056562119999897174e-13
1.401737418346767726e-06,4.050949147571141055e-14,5.393145639176824906e-14,6.189198227514776795e-13
1.416880858969861785e-06,4.139911121641422141e-14,5.511586745875433700e-14,6.325119079907612979e-13
1.432187899273540466e-06,4.230497752542723074e-14,5.632195807085896478e-14,6.463517344911015026e-13
1.447660306680158701e-06,4.323242468107261227e-14,5.755656530401395743e-14,6.605214480390591297e-13
1.463299867706132062e-06,4.418019919758273737e-14,5.881838257849119919e-14,6.750015987724723178e-13
1.479108388168205805e-06,4.514847517020312579e-14,6.010748593861348897e-14,6.897955551032237474e-13
1.495087693391977862e-06,4.613944619902708665e-14,6.142686185233081110e-14,7.049360232241110297e-13
1.511239628422650593e-06,4.715075851633544023e-14,6.277322658752224001e-14,7.203869285304536711e-13
1.527566058238069522e-06,4.818269067452099289e-14,6.414711245444736816e-14,7.361538126030914512e-13
1.544068867964063044e-06,4.923825103942601174e-14,6.555230784300573361e-14,7.522811167471872667e-13
1.560749963092107231e-06,5.031854685681187874e-14,6.699062399070405203e-14,7.687863349728422665e-13
1.577611269699344124e-06,5.142145416468348005e-14,6.845890851470621974e-14,7.856370870626025104e-13
1.594654734670973836e-06,5.254708438399793317e-14,6.995745867918317798e-14,8.028343509424984050e-13
1.611882325925055397e-06,5.370173976264240326e-14,7.149472231708608848e-14,8.204762451909220771e-13
1.629296032639719321e-06,5.487794116887012899e-14,7.306070305652675545e-14,8.384463966102458270e-13
1.646897865482864732e-06,5.608207441628611995e-14,7.466382107797532285e-14,8.568436843879965085e-13
1.664689856844312879e-06,5.731114506666774556e-14,7.630001837984231654e-14,8.756217113669498053e-13
1.682674061070465762e-06,5.856801524585104518e-14,7.797335987683746510e-14,8.948253534860604784e-13
1.700852554701529985e-06,5.984973229847231675e-14,7.967976682801053106e-14,9.144071270036258135e-13
1.719227436711270493e-06,6.116158175618499987e-14,8.142631826850225773e-14,9.344503729491330361e-13
1.737800828749372321e-06,6.250260957704371443e-14,8.321157626929968222e-14,9.549386838969593954e-13
1.756574875386414592e-06,6.387262077437353636e-14,8.503547861232052713e-14,9.758702126534917661e-13
1.775551744361494247e-06,6.527293847204023910e-14,8.689990566627403998e-14,9.972651696900270399e-13
1.794733626832521740e-06,6.670325626241176847e-14,8.880406933545118853e-14,1.019118448059516796e-12
1.814122737629223636e-06,6.816706997801779009e-14,9.075287102211251473e-14,1.041483181742951117e-12
1.833721315508876686e-06,6.965891302814955160e-14,9.273895516630709737e-14,1.064275703735499306e-12
1.853531623414808088e-06,7.118724644173841700e-14,9.477373532957531918e-14,1.087626186857663863e-12
1.873555948737673604e-06,7.274798246242002923e-14,9.685163262387170239e-14,1.111472043843493701e-12
1.893796603579588266e-06,7.434200549404152262e-14,9.897383610588003715e-14,1.135826313706728791e-12
1.914255925021084058e-06,7.597065258808835765e-14,1.011420533163032224e-13,1.160708989601770041e-12
1.934936275390950467e-06,7.763695996564206816e-14,1.033604044748130224e-13,1.186167446611872175e-12
1.955840042539017214e-06,7.933975770665289519e-14,1.056274170867952019e-13,1.212183973410038565e-12
1.976969640111857336e-06,8.107712379961050510e-14,1.079404710796732498e-13,1.238727493680189350e-12
1.998327507831478389e-06,8.285431592092902655e-14,1.103064450081005177e-13,1.265880587842676724e-12
2.019916111777025276e-06,8.467032431818455855e-14,1.127242396859565358e-13,1.293626196521191000e-12
2.041737944669524352e-06,8.652613088856174165e-14,1.151949059075200056e-13,1.321979749215324318e-12
2.063795526159706065e-06,8.842507826077418913e-14,1.177230547240007567e-13,1.350992858687796903e-12
2.086091403118934935e-06,9.036162324220514770e-14,1.203012337917642933e-13,1.380580119398612824e-12
2.108628149933286271e-06,9.234351655318432893e-14,1.229397298337495356e-13,1.410860621006596030e-12
2.131408368800782733e-06,9.436738770975883385e-14,1.256342152366770735e-13,1.441781338189204126e-12
2.154434690031879272e-06,9.643648881111462565e-14,1.283887549152565978e-13,1.473394101026053320e-12
2.177709772353157473e-06,9.854753990282645545e-14,1.311993738253417380e-13,1.505647296754423185e-12
2.201236303214305548e-06,1.007092805662184936e-13,1.340774025710298237e-13,1.538676096483416749e-12
2.225016999098446213e-06,1.029184099554360491e-13,1.370184789734401850e-13,1.572427583548939711e-12
2.249054605835777747e-06,1.051728110722938010e-13,1.400197824795089064e-13,1.606870681634912410e-12
2.273351898920626043e-06,1.074777346293960978e-13,1.430883782981362601e-13,1.642086667260312965e-12
2.297911683831915293e-06,1.098343853658417895e-13,1.462259324913035808e-13,1.678092382484555082e-12
2.322736796357101338e-06,1.122429443406862143e-13,1.494325141902134632e-13,1.714891304377969633e-12
2.347830102919606227e-06,1.147029031958124873e-13,1.527075288665239492e-13,1.752475826849208338e-12
2.373194500909786603e-06,1.172156895122337569e-13,1.560528154102227975e-13,1.790867029637150402e-12
2.398832919019482917e-06,1.197868395187569330e-13,1.594758469043052801e-13,1.830149883648000598e-12
2.424748317580181239e-06,1.224116944266124090e-13,1.629704568455042534e-13,1.870253543573772420e-12
2.450943688904811804e-06,1.250947737483734009e-13,1.665425352122766580e-13,1.911246464236599798e-12
2.477422057633280010e-06,1.278359242802238815e-13,1.701918331322933589e-13,1.953126798442870008e-12
2.504186481081693442e-06,1.306384886508774515e-13,1.739230515273274560e-13,1.995945941638407091e-12
2.531240049595360737e-06,1.335014362164807804e-13,1.777345312485178821e-13,2.039687269080692919e-12
2.558585886905642329e-06,1.364289313353062261e-13,1.816319479675936518e-13,2.084413911327917624e-12
2.586227150490614959e-06,1.394201522777950565e-13,1.856143545870799185e-13,2.130115002535298638e-12
2.614167031939652021e-06,1.424757257868310419e-13,1.896823663746793407e-13,2.176799452695557312e-12
2.642408757321940917e-06,1.455982841825261935e-13,1.938395228479622711e-13,2.224507248117496271e-12
2.670955587558978498e-06,1.487896937659122610e-13,1.980882366858975749e-13,2.273267291948238581e-12
2.699810818801092880e-06,1.520522108113709684e-13,2.024317570550049432e-13,2.323112833672820902e-12
2.728977782808032715e-06,1.553858492465219522e-13,2.068699595191197961e-13,2.374045394509512890e-12
2.758459847333667526e-06,1.587916048961694769e-13,2.114041783104512796e-13,2.426079860665667639e-12
2.788260416514848683e-06,1.622716226137380984e-13,2.160371579377404726e-13,2.479248829675634465e-12
2.818382931264447928e-06,1.658293773403280655e-13,2.207737859770074080e-13,2.533605761495746315e-12
2.848830869668690798e-06,1.694624038872630558e-13,2.256104468663589216e-13,2.589112408352367210e-12
2.879607747388737481e-06,1.731794627272966943e-13,2.305591417825570114e-13,2.645902963428568760e-12
2.910717118066602182e-06,1.769729424162956727e-13,2.356094803058590540e-13,2.703861488160514829e-12
2.942162573735504165e-06,1.808537064975792879e-13,2.407760352937617271e-13,2.763153578022700559e-12
2.973947745234600913e-06,1.848174861557278321e-13,2.460531241614157487e-13,2.823713168678845002e-12
3.006076302628224975e-06,1.888683761109155059e-13,2.514463396231071814e-13,2.885604803246959854e-12
3.038551955629648194e-06,1.930087510222909438e-13,2.569584469269377535e-13,2.948862817796559869e-12
3.071378454029422028e-06,1.972394744022718380e-13,2.625910084380851469e-13,3.013501772559654269e-12
3.104559588128346921e-06,2.015630392947737588e-13,2.683470935819423360e-13,3.079558176774715210e-12
3.138099189175116007e-06,2.059812214713008435e-13,2.742290528193958835e-13,3.147060824930418069e-12
3.172001129808696707e-06,2.104963955910017268e-13,2.802403081449719301e-13,3.216046226265233791e-12
3.206269324505459513e-06,2.151096758634476088e-13,2.863821246596769765e-13,3.286529266986515471e-12
3.240907730031197546e-06,2.198261946164758642e-13,2.926612979607213337e-13,3.358589811053419863e-12
3.275920345897973352e-06,2.246440507300056267e-13,2.990754845003387567e-13,3.432199281294166967e-12
3.311311214825907713e-06,2.295685924099787130e-13,3.056316941824673813e-13,3.507438519593943541e-12
3.347084423210001949e-06,2.346006901326226335e-13,3.123311851949935925e-13,3.584320890941833427e-12
3.383244101591951787e-06,2.397416461303737068e-13,3.191754645981328347e-13,3.662866062516893257e-12
3.419794425137082393e-06,2.449969061025112304e-13,3.261719294305576440e-13,3.743157918640849910e-12
3.456739614116435053e-06,2.503683015310179133e-13,3.333230684155596720e-13,3.825224167217900669e-12
3.494083934394057185e-06,2.558571764311890341e-13,3.406305614413607368e-13,3.909085344694685289e-12
3.531831697919560464e-06,2.614634333096870361e-13,3.480942771586760669e-13,3.994740364486725271e-12
3.569987263225997051e-06,2.671967936450207429e-13,3.557273504959894151e-13,4.082336350132386121e-12
3.608555035933117862e-06,2.730529259474821833e-13,3.635238085174008380e-13,4.171809084488997594e-12
3.647539469256071761e-06,2.790372480611112304e-13,3.714908201286143110e-13,4.263240061392434193e-12
3.686945064519568109e-06,2.851541193308552798e-13,3.796343790048906796e-13,4.356695236520530794e-12
3.726776371677660651e-06,2.914056080082309625e-13,3.879572642205723074e-13,4.452208076675217413e-12
3.767037989839085818e-06,2.977927795561406244e-13,3.964607477897859622e-13,4.549793794039193037e-12
3.807734567798279121e-06,3.043199167176237108e-13,4.051504846449000595e-13,4.649518235631842430e-12
3.848870804572184393e-06,3.109914693671552043e-13,4.140325790710993142e-13,4.751448769690821224e-12
3.890451449942799996e-06,3.178073330475877301e-13,4.231067683698141329e-13,4.855584526948546296e-12
3.932481305005614440e-06,3.247750217097172669e-13,4.323830212604516559e-13,4.962039490116794588e-12
3.974965222723967004e-06,3.318924392467878603e-13,4.418585724949101041e-13,5.070782039587246784e-12
4.017908108489389673e-06,3.391682068553568461e-13,4.515450015496158662e-13,5.181943978057122525e-12
4.061314920688009601e-06,3.466023872097124875e-13,4.614424605132146661e-13,5.295526066135555630e-12
4.105190671273066304e-06,3.542001474567414020e-13,4.715575928942711413e-13,5.411607624489465219e-12
4.149540426343623203e-06,3.619649625375436617e-13,4.818951410932799688e-13,5.530241678441391869e-12
4.194369306729491311e-06,3.698998756370107574e-13,4.924591147199888794e-13,5.651474407831664519e-12
4.239682488582551399e-06,3.780060984580512693e-13,5.032511037920563709e-13,5.775324501913310606e-12
4.285485203974384872e-06,3.862911658428905807e-13,5.142812775093771263e-13,5.901907247299479331e-12
4.331782741500411546e-06,3.947602101193660663e-13,5.255564522085220560e-13,6.031300008805027386e-12
4.378580446890499608e-06,4.034147702894479160e-13,5.370785773894031413e-13,6.163528103848298468e-12
4.425883723626259510e-06,4.122566708713090206e-13,5.488500657309890454e-13,6.298617936432117195e-12
4.473698033564921003e-06,4.212923116061740324e-13,5.608794687630349866e-13,6.436668059768665338e-12
4.522028897569996604e-06,4.305273958542855248e-13,5.731744393096626758e-13,6.577765400616209895e-12
4.570881896148739952e-06,4.399637899166753485e-13,5.857372794399170081e-13,6.721937884195843123e-12
4.620262670096503256e-06,4.496069673478619731e-13,5.985756350647995284e-13,6.869270590072217279e-12
4.670176921148048034e-06,4.594634950205057399e-13,6.116978503204575438e-13,7.019862397432859621e-12
4.720630412635890455e-06,4.695354481499331485e-13,6.251069738929234802e-13,7.173745469178327906e-12
4.771628970155777017e-06,4.798281261954171614e-13,6.388098912499709185e-13,7.331000973169152765e-12
4.823178482239297310e-06,4.903458397552362950e-13,6.528125061962972324e-13,7.491695082400062834e-12
4.875284901033852421e-06,5.010920776981106111e-13,6.671193122600680398e-13,7.655879952926019605e-12
4.927954242989894273e-06,5.120762133120578181e-13,6.817428913201466871e-13,7.823699991824189108e-12
4.981192589555584963e-06,5.233017702848467663e-13,6.966878267752620622e-13,7.995208333075562837e-12
5.035006087879041289e-06,5.347706218813191750e-13,7.119565935224653329e-13,8.170434097144158427e-12
5.089400951518082290e-06,5.464936873552729126e-13,7.275638542898164975e-13,8.349543422796711887e-12
5.144383461157677162e-06,5.584742605887528265e-13,7.435140403873988712e-13,8.532587270845256100e-12
5.199959965335148613e-06,5.707144167970851639e-13,7.598097304090673250e-13,8.719597260898111186e-12
5.256136881173203643e-06,5.832259944569643089e-13,7.764667346608443729e-13,8.910754200612466430e-12
5.312920695120881545e-06,5.960087567988561376e-13,7.934848111835208696e-13,9.106054069625753325e-12
5.370317963702511449e-06,6.090751620785288598e-13,8.108804892476258925e-13,9.305687237538575500e-12
5.428335314274760723e-06,6.224245974807181653e-13,8.286530429755325103e-13,9.509645554967342596e-12
5.486979445791867406e-06,6.360681215354184894e-13,8.468171420084211900e-13,9.718096355921716004e-12
5.546257129579096490e-06,6.500110754847617548e-13,8.653798377289516193e-13,9.931122655455841094e-12
5.606175210114644499e-06,6.642589119918370772e-13,8.843483336084290585e-13,1.014880649069782839e-11
5.666740605819907680e-06,6.788190266226732728e-13,9.037327228024254551e-13,1.037126151838411177e-11
5.727960309858285737e-06,6.936980419604093297e-13,9.235416467112587922e-13,1.059858911684651935e-11
5.789841390942703236e-06,7.089055332435477871e-13,9.437878600417992951e-13,1.083093521438048643e-11
5.852390994151756345e-06,7.244447804265138559e-13,9.644757318860474716e-13,1.106834968521356899e-11
5.915616341754727998e-06,7.403232696048640905e-13,9.856152517027715658e-13,1.131094716400823093e-11
5.979524734045505394e-06,7.565507431485368702e-13,1.007219388505569173e-12,1.155887694747179150e-11
6.044123550185504828e-06,7.731347637549967504e-13,1.029298124840087766e-12,1.181225443087584922e-11
6.109420249055702984e-06,7.900807144492344621e-13,1.051858788613797715e-12,1.207116121671472385e-11
6.175422370117877161e-06,8.074003640698462069e-13,1.074916975825993054e-12,1.233577789532871415e-11
6.242137534285156094e-06,8.250980441065397541e-13,1.098478493497688021e-12,1.260616955312807187e-11
6.309573444801921168e-06,8.431846598854935372e-13,1.122557720919012071e-12,1.288250385009779905e-11
6.377737888133325687e-06,8.616675582260675433e-13,1.147164564591290040e-12,1.316489281309761019e-11
6.446638734864315319e-06,8.805555553114942214e-13,1.172310811384556178e-12,1.345347052665213366e-11
6.516283940608420755e-06,8.998570355687966821e-13,1.198007487725616567e-12,1.374836651163118037e-11
6.586681546926306496e-06,9.195818249336311240e-13,1.224267693977353776e-12,1.404972941279138671e-11
6.657839682254353589e-06,9.397386072768431460e-13,1.251103009616194245e-12,1.435769288002358542e-11
6.729766562843165360e-06,9.603380790103162299e-13,1.278527648017381824e-12,1.467241957502418004e-11
6.802470493706262100e-06,9.813887499096507200e-13,1.306553154091741314e-12,1.499403967061367569e-11
6.875959869579016381e-06,1.002899415266649308e-12,1.335190913748332281e-12,1.532268833790117276e-11
6.950243175887950131e-06,1.024882853672331742e-12,1.364458202874671132e-12,1.565855996684984179e-11
7.025328989730501028e-06,1.047348932845213130e-12,1.394367900613792091e-12,1.600180515806838076e-11
7.101225980865373425e-06,1.070305055315132108e-12,1.424930134686868543e-12,1.635253811158545796e-11
7.177942912713605081e-06,1.093765204412207185e-12,1.456163397690581070e-12,1.671097125466658440e-11
7.255488643370376825e-06,1.117741253432181939e-12,1.488083347842307018e-12,1.707728626423653735e-11
7.333872126627888684e-06,1.142241955883999949e-12,1.520701896448244635e-12,1.745161765945373107e-11
7.413102413009169534e-06,1.167281169749202997e-12,1.554037418582031075e-12,1.783417688965764657e-11
7.493188650813051479e-06,1.192868560795821664e-12,1.588102689689896659e-12,1.822511107838664615e-11
7.574140087170554614e-06,1.219014052452849402e-12,1.622911010615211598e-12,1.862457213015080328e-11
7.655966069112551725e-06,1.245736711631573470e-12,1.658487793988031594e-12,1.903285135824875250e-11
7.738676044649029723e-06,1.273041043916947497e-12,1.694838819176889820e-12,1.945001754347797183e-11
7.822279563860009630e-06,1.300946325134553492e-12,1.731989982730259864e-12,1.987636525889053130e-11
7.906786279998231860e-06,1.329462423002906361e-12,1.769954419576625731e-12,2.031204553972891967e-11
7.992205950603777038e-06,1.358604274894069921e-12,1.808751769890630723e-12,2.075728591678289520e-11
8.078548438630707911e-06,1.388383788922837039e-12,1.848398134329347863e-12,2.121226871892792291e-11
8.165823713585896676e-06,1.418819293836653634e-12,1.888917895467915786e-12,2.167727428495940384e-11
8.254041852680169859e-06,1.449917175449124671e-12,1.930319521878645597e-12,2.215239953821280849e-11
8.343213041991799549e-06,1.481702162248921678e-12,1.972635885448348140e-12,2.263802358801261989e-11
8.433347577642734007e-06,1.514179727790562821e-12,2.015874251866411885e-12,2.313422858014539708e-11
8.524455866987389768e-06,1.547370338711109236e-12,2.060061831174158338e-12,2.364132734228245081e-11
8.616548429814283079e-06,1.581288096725446747e-12,2.105217689757249945e-12,2.415953577875962459e-11
8.709635899560793729e-06,1.615949053415210294e-12,2.151362822761899929e-12,2.468909989230280473e-11
8.803729024540881703e-06,1.651370304933508567e-12,2.198520216312955200e-12,2.523027905062696823e-11
8.898838669186154778e-06,1.687567095060037386e-12,2.246710139679002452e-12,2.578330795597943536e-11
8.994975815300331097e-06,1.724558845860384739e-12,2.295958530887236472e-12,2.634848270263053893e-11
9.092151563327249177e-06,1.762362667415278954e-12,2.346287767707922283e-12,2.692606363622129566e-11
9.190377133632567680e-06,1.800992605729126704e-12,2.397717006397285096e-12,2.751626687840443312e-11
9.289663867799334486e-06,1.840470269503799924e-12,2.450274922578140611e-12,2.811942220756912408e-11
9.390023229937545377e-06,1.880813924812456369e-12,2.503985719084501529e-12,2.873580876726785230e-11
9.491466808007782086e-06,1.922040779229161821e-12,2.558872292170649973e-12,2.936568864167678133e-11
9.594006315159310909e-06,1.964172399672928295e-12,2.614963386590605322e-12,3.000939182650198093e-11
9.697653591082469057e-06,2.007225986754012159e-12,2.672281946990492682e-12,3.066718105787030889e-11
9.802420603375770750e-06,2.051223093463805794e-12,2.730856718124331028e-12,3.133938644014628020e-11
9.908319448927663598e-06,2.096186345220414803e-12,2.790717578497860307e-12,3.202635231195106274e-11
1.001536235531340451e-05,2.142135247655145399e-12,2.851890853273010668e-12,3.272837780999155367e-11
1.012356168220683831e-05,2.189090058490764170e-12,2.914403130310280992e-12,3.344577174157647911e-11
1.023292992280751951e-05,2.237073577240621771e-12,2.978285090037361803e-12,3.417888290032338554e-11
1.034347970528324328e-05,2.286110427936241650e-12,3.043569486818019708e-12,3.492808691848642029e-11
1.045522379422814323e-05,2.336222274989974490e-12,3.110284781968342228e-12,3.569371476969768636e-11
1.056817509213655416e-05,2.387431465267532761e-12,3.178461227302564338e-12,3.647610894538474977e-11
1.068234664089279896e-05,2.439762204971850815e-12,3.248130747610021808e-12,3.727563855829489333e-11
1.079775162327707775e-05,2.493242035970767161e-12,3.319330182908551308e-12,3.809272433393811561e-11
1.091440336448754367e-05,2.547893799560491772e-12,3.392089674402463540e-12,3.892771528324886009e-11
1.103231533367899924e-05,2.603743380222125200e-12,3.466444001999759019e-12,3.978100692297723582e-11
1.115150114551805732e-05,2.660818542665420545e-12,3.542429839803388812e-12,4.065302302106977987e-11
1.127197456175509194e-05,2.719142086403728867e-12,3.620077799109840572e-12,4.154411302309472972e-11
1.139374949281335347e-05,2.778745209305043270e-12,3.699429372466882323e-12,4.245475317902891973e-11
1.151683999939505314e-05,2.839654910060036843e-12,3.780520307619351566e-12,4.338535508707274589e-11
1.164126029410489148e-05,2.901900060624222982e-12,3.863389152125787202e-12,4.433636098710887976e-11
1.176702474309111854e-05,2.965508996739759887e-12,3.948073658535899940e-12,4.530820279646745365e-11
1.189414786770431580e-05,3.030513744968009839e-12,4.034616466975421128e-12,4.630137067340663832e-11
1.202264434617409621e-05,3.096942466955885581e-12,4.123055191731654925e-12,4.731629468806295134e-11
1.215252901530392052e-05,3.164825225470379836e-12,4.213429624724788706e-12,4.835343413969537799e-11
1.228381687218422821e-05,3.234198810318772196e-12,4.305788731585584355e-12,4.941335100979610233e-11
1.241652307592408796e-05,3.305093019643282291e-12,4.400172477062234812e-12,5.049649992531085342e-11
1.255066294940145902e-05,3.377539455212874298e-12,4.496622554182995950e-12,5.160336463364938277e-11
1.268625198103256690e-05,3.451573555855721854e-12,4.595186532128339541e-12,5.273448712314947394e-11
1.282330582656020331e-05,3.527232919181043469e-12,4.695914095493536052e-12,5.389044024114808952e-11
1.296184031086135039e-05,3.604548889296839640e-12,4.798847310615333959e-12,5.507170404066775803e-11
1.310187142977451876e-05,3.683560219804758712e-12,4.904037452106662529e-12,5.627886962366468600e-11
1.324341535194662328e-05,3.764302405243454077e-12,5.011532026929912243e-12,5.751248049969492303e-11
1.338648842069990628e-05,3.846815327351764235e-12,5.121383996499352282e-12,5.877314450411564713e-11
1.353110715591901184e-05,3.931138895723768978e-12,5.233646598754064933e-12,6.006147349264658220e-11
1.367728825595845649e-05,4.017307490688549160e-12,5.348365522505813367e-12,6.137799043839715747e-11
1.382504859957069140e-05,4.105365318510843252e-12,5.465599570755482037e-12,6.272337195752202572e-11
1.397440524785501164e-05,4.195355422499147648e-12,5.585406295229191804e-12,6.409827619423969235e-11
1.412537544622751938e-05,4.287316625893211297e-12,5.707837094976035330e-12,6.550329522843240358e-11
1.427797662641227978e-05,4.381295272847384453e-12,5.832953794030450648e-12,6.693913805647225082e-11
1.443222640845420505e-05,4.477330033397600063e-12,5.960807736136568283e-12,6.840639425909718750e-11
1.458814260275347338e-05,4.575473735005150801e-12,6.091469483512826880e-12,6.990587203784217130e-11
1.474574321212193522e-05,4.675768334624204644e-12,6.224994901084005769e-12,7.143821226023250981e-11
1.490504643386194221e-05,4.778260378359597382e-12,6.361445619317172680e-12,7.300412576983392854e-11
1.506607066186739714e-05,4.882998174160052059e-12,6.500886248234229942e-12,7.460435068348254781e-11
1.522883448874762130e-05,4.990032230538192674e-12,6.643384093973974147e-12,7.623965869347487616e-11
1.539335670797414935e-05,5.099413271884748401e-12,6.789006386630883898e-12,7.791082464320238651e-11
1.555965631605070573e-05,5.211191890278062673e-12,6.937820667389845875e-12,7.961862207215520860e-11
1.572775251470663206e-05,5.325421045491816327e-12,7.089897622905462926e-12,8.136385994247744279e-11
1.589766471311400604e-05,5.442153133231095729e-12,7.245306667818213602e-12,8.314733819766202567e-11
1.606941253012872124e-05,5.561443480964922349e-12,7.404121578947454779e-12,8.496990241774999079e-11
1.624301579655579197e-05,5.683351204474856371e-12,7.566420958470481063e-12,8.683245609773506793e-11
1.641849455743900200e-05,5.807928943199330223e-12,7.732275257995807632e-12,8.873580341878963657e-11
1.659586907437556768e-05,5.935238166687623471e-12,7.901765907166912365e-12,9.068088395051210749e-11
1.677515982785555832e-05,6.065337224702219520e-12,8.074970768457227856e-12,9.266858760559022923e-11
1.695638751962657157e-05,6.198289355600094198e-12,8.251974140455133426e-12,9.469988253079418937e-11
1.713957307508422984e-05,6.334155102743822050e-12,8.432856415836073558e-12,9.677569232293054407e-11
1.732473764568821637e-05,6.472996868833202328e-12,8.617700731784231592e-12,9.889697089451281514e-11
1.751190261140453896e-05,6.614884633193115749e-12,8.806600304813117030e-12,1.010647872273507612e-10
1.770108958317417351e-05,6.759881926660551317e-12,8.999639682383447292e-12,1.032801125106511278e-10
1.789232040540834865e-05,6.908058798198488740e-12,9.196912053356253638e-12,1.055440168128081521e-10
1.808561715851082343e-05,7.059482058598341425e-12,9.398506520938498884e-12,1.078575201106716149e-10
1.828100216142737182e-05,7.214224939284176835e-12,9.604520477168328591e-12,1.102217423468633450e-10
1.847849797422284658e-05,7.372360755245781061e-12,9.815051666653024264e-12,1.126378031380297837e-10
1.867812740068610370e-05,7.533960370211884163e-12,1.003019410782804841e-11,1.151067847223113349e-10
1.887991349096289592e-05,7.699104766326881334e-12,1.025005607398283059e-11,1.176299252627210546e-10
1.908387954421754163e-05,7.867867035738646096e-12,1.047473452854206082e-11,1.202083413334688519e-10
1.929004911132307777e-05,8.040330409902145751e-12,1.070434030264966203e-11,1.228433041297359186e-10
1.949844599758042874e-05,8.216573120256899700e-12,1.093897768072467486e-11,1.255360090031068680e-10
1.970909426546730274e-05,8.396678168452153664e-12,1.117875711368940804e-11,1.282877242149847405e-10
1.992201823741639885e-05,8.580732093752542659e-12,1.142379367043050025e-11,1.310997713780705716e-10
2.013724249862384303e-05,8.768820718150286383e-12,1.167420192900305169e-11,1.339734630864141557e-10
2.035479189988789029e-05,8.961032586487247511e-12,1.193009946775635305e-11,1.369101506164727059e-10
2.057469156047834027e-05,9.157457970630125266e-12,1.219160667867963671e-11,1.399112145824844067e-10
2.079696687103689664e-05,9.358186160548430457e-12,1.245884227387391916e-11,1.429780177787019279e-10
2.102164349650890741e-05,9.563316710867352476e-12,1.273193904055304874e-11,1.461120829446131951e-10
2.124874737910679092e-05,9.772943848897565707e-12,1.301102211310675519e-11,1.493148481747753080e-10
2.147830474130529692e-05,9.987166105584213834e-12,1.329622275786243496e-11,1.525878193666167107e-10
2.171034208886949679e-05,1.020608331410487575e-11,1.358767398325378493e-11,1.559325217587696217e-10
2.194488621391516109e-05,1.042979688842196475e-11,1.388551089930306316e-11,1.593505052553339548e-10
2.218196419800216789e-05,1.065841648068490511e-11,1.418987910323595116e-11,1.628434443916492381e-10
2.242160341526171791e-05,1.089204909679539175e-11,1.450092141320379012e-11,1.664129743686968571e-10
2.266383153555691262e-05,1.113080204906275323e-11,1.481878069574976264e-11,1.700607349511130536e-10
2.290867652767768800e-05,1.137478647292790593e-11,1.514360460129626840e-11,1.737884243617790180e-10
2.315616666257022246e-05,1.162412090636160867e-11,1.547555122599041078e-11,1.775978532850694005e-10
2.340633051660122906e-05,1.187891940960490310e-11,1.581477245799730038e-11,1.814907640591951771e-10
2.365919697485751818e-05,1.213930368916201456e-11,1.616143011963585954e-11,1.854690168081247827e-10
2.391479523448121001e-05,1.240539441392950627e-11,1.651568492021265119e-11,1.895344548137672742e-10
2.417315480804095958e-05,1.267731972497187403e-11,1.687770744788307409e-11,1.936890352320849571e-10
2.443430552693967540e-05,1.295520573688496380e-11,1.724766567764307721e-11,1.979346864245514954e-10
2.469827754485880606e-05,1.323918155870283531e-11,1.762573141435722795e-11,2.022733797813859378e-10
2.496510134124028943e-05,1.352938102788642215e-11,1.801208291974441488e-11,2.067071600372595670e-10
2.523480772480572723e-05,1.382594383846071429e-11,1.840690615673948652e-11,2.112381628739645241e-10
2.550742783711356087e-05,1.412900801313634530e-11,1.881038484842632932e-11,2.158684950701457856e-10
2.578299315615509220e-05,1.443871338521450150e-11,1.922270516513339716e-11,2.206002946980813917e-10
2.606153549998891221e-05,1.475520679358905123e-11,1.964406269977206221e-11,2.254358044681345509e-10
2.634308703041477763e-05,1.507864098246458389e-11,2.007466063585972101e-11,2.303773581464478266e-10
2.662768025668719993e-05,1.540916242861685887e-11,2.051469405473684576e-11,2.354271939883880940e-10
2.691534803926908873e-05,1.574692733726394445e-11,2.096437083392948896e-11,2.405876979161528329e-10
2.720612359362598170e-05,1.609209721308319108e-11,2.142390617887117856e-11,2.458613382150429725e-10
2.750004049406126066e-05,1.644483600504919462e-11,2.189351829528962972e-11,2.512506190276473361e-10
2.779713267759284181e-05,1.680530273872300053e-11,2.237341875923023732e-11,2.567579699568593305e-10
2.809743444787151626e-05,1.717367329904923803e-11,2.286384190473027467e-11,2.623860793213367942e-10
2.840098047914208943e-05,1.755011664198176152e-11,2.336501258793914354e-11,2.681375274332404388e-10
2.870780582024683828e-05,1.793481271236631697e-11,2.387717033464742032e-11,2.740150641119095185e-10
2.901794589867252963e-05,1.832794249962013122e-11,2.440055616387967121e-11,2.800214544975244317e-10
2.933143652464081686e-05,1.872968688870328138e-11,2.493541088726684410e-11,2.861594619917305042e-10
2.964831389524338017e-05,1.914023968940686725e-11,2.548199241258627228e-11,2.924320474285726063e-10
2.996861459862119396e-05,1.955979043574276187e-11,2.604055329686022680e-11,2.988421079682453385e-10
3.029237561818922222e-05,1.998854071607763933e-11,2.661136189359074622e-11,3.053927216872589070e-10
3.061963433690669786e-05,2.042668548923121379e-11,2.719467748626610458e-11,3.120868683262281233e-10
3.095042854159353487e-05,2.087443583524295054e-11,2.779078133518385957e-11,3.189277731938600432e-10
3.128479642729335773e-05,2.133200063358839934e-11,2.839995156208497592e-11,3.259186263935245775e-10
3.162277660168374787e-05,2.179959524008624259e-11,2.902247471580400688e-11,3.330627189722895631e-10
3.196440808953384603e-05,2.227743948828488146e-11,2.965864355315750164e-11,3.403634103233867181e-10
3.230973033721066244e-05,2.276575745269289725e-11,3.030875633380571414e-11,3.478241224273135771e-10
3.265878321723350515e-05,2.326477856995242974e-11,3.097311847248838434e-11,3.554483613662063263e-10
3.301160703287793621e-05,2.377473968619926854e-11,3.165204553240577959e-11,3.632397464443037546e-10
3.336824252282932318e-05,2.429587784255588142e-11,3.234585280023333637e-11,3.712018983784045943e-10
3.372873086588684005e-05,2.482844074173756711e-11,3.305487032907138729e-11,3.793386020682220954e-10
3.409311368571788344e-05,2.537267700568252035e-11,3.377942881494042485e-11,3.876536561044340768e-10
3.446143305566448320e-05,2.592884234548733571e-11,3.451986897097219933e-11,3.961509670842153803e-10
3.483373150360110406e-05,2.649719916446983748e-11,3.527653989591333619e-11,4.048345440696572142e-10
3.521005201684510575e-05,2.707801481025283543e-11,3.604979778828494519e-11,4.137084719664474432e-10
3.559043804712031536e-05,2.767155961096972865e-11,3.684000233082076604e-11,4.227768812081633765e-10
3.597493351557418649e-05,2.827811780148213380e-11,3.764753200994160991e-11,4.320441138950389212e-10
3.636358281784891092e-05,2.889796951496768376e-11,3.847275962257032813e-11,4.415144501919926324e-10
3.675643082920793310e-05,2.953140878436841192e-11,3.931607698362359790e-11,4.511923823652331338e-10
3.715352290971717612e-05,3.017873288776172213e-11,4.017787949592750324e-11,4.610824527725136087e-10
3.755490490948261239e-05,3.084024671466916009e-11,4.105857329147076490e-11,4.711893189495420130e-10
3.796062317394432111e-05,3.151626140811348348e-11,4.195857251454847486e-11,4.815177348120692689e-10
3.837072454922783247e-05,3.220709258884716876e-11,4.287829752435083462e-11,4.920725235999363423e-10
3.878525638755290730e-05,3.291306884423657887e-11,4.381818540290594010e-11,5.028587037035562890e-10
3.920426655270145322e-05,3.363451857362520596e-11,4.477867379220463986e-11,5.138812940566343917e-10
3.962780342554386579e-05,3.437178131148843761e-11,4.576021438861124795e-11,5.251454816874948933e-10
4.005591590962532595e-05,3.512520569400111886e-11,4.676327158789198570e-11,5.366565939025180796e-10
4.048865343681245371e-05,3.589514627657642253e-11,4.778831733494040487e-11,5.484200460214269687e-10
4.092606597300096850e-05,3.668196396562208215e-11,4.883583206396171569e-11,5.604413539816673757e-10
4.136820402388501354e-05,3.748602698650994946e-11,4.990630591518197167e-11,5.727261423791327587e-10
4.181511864078851011e-05,3.830771434458949102e-11,5.100024377451273342e-11,5.852802026004340901e-10
4.226686142656021551e-05,3.914741519844487709e-11,5.211816331713802515e-11,5.981094791319354430e-10
4.272348454153174598e-05,4.000551942393268522e-11,5.326058405021874237e-11,6.112199305855989817e-10
4.318504070954031984e-05,4.088243605435033123e-11,5.442805032666997859e-11,6.246178050394918805e-10
4.365158322401647810e-05,4.177857340572279142e-11,5.562110565600614650e-11,6.383093406837627948e-10
4.412316595413770428e-05,4.269435380526041906e-11,5.684031231686316598e-11,6.523009910696035479e-10
4.459984335104807897e-05,4.363020808994915724e-11,5.808624407748280262e-11,6.665993382911501238e-10
4.508167045414593409e-05,4.458657668594108579e-11,5.935948717737577372e-11,6.812111104794923545e-10
4.556870289743864645e-05,4.556390771439811189e-11,6.066063822573317575e-11,6.961431553986708939e-10
4.606099691596648820e-05,4.656266223524081254e-11,6.199031090715314042e-11,7.114025161806158419e-10
4.655860935229577132e-05,4.758330962317867644e-11,6.334913037510026910e-11,7.269963654781270528e-10
4.706159766308224844e-05,4.862632953150448728e-11,6.473773488340209943e-11,7.429320302390001726e-10
4.757001992570498679e-05,4.969221187816670894e-11,6.615677698221881068e-11,7.592169968129739802e-10
4.808393484497276851e-05,5.078145847530097814e-11,6.760692461722941112e-11,7.758589311622015167e-10
4.860340175990207536e-05,5.189458231892149167e-11,6.908886081162817443e-11,7.928656713638170522e-10
4.912848065056873152e-05,5.303210426021992775e-11,7.060327900668160942e-11,8.102451753452228789e-10
4.965923214503348206e-05,5.419456005990480574e-11,7.215089237370142327e-11,8.280056287819280446e-10
5.019571752634240184e-05,5.538249680183939170e-11,7.373242922373267150e-11,8.461553895730811679e-10
5.073799873960302225e-05,5.659647425794845837e-11,7.534863490866186117e-11,8.647030108770619714e-10
5.128613839913639960e-05,5.783706158737239734e-11,7.700026707190329322e-11,8.836571880861580282e-10
5.184019979570744937e-05,5.910484238522937041e-11,7.868810292100160075e-11,9.030268379299154995e-10
5.240024690383238750e-05,6.040041208511424663e-11,8.041293486545284811e-11,9.228210569676113894e-10
5.296634438916565055e-05,6.172438061927391242e-11,8.217557499640646151e-11,9.430491647256577619e-10
5.353855761596648433e-05,6.307737042695771042e-11,8.397685223845970041e-11,9.637206707740921029e-10
5.411695265464629883e-05,6.446001801431080649e-11,8.581761360093240012e-11,9.848453001526536145e-10
5.470159628939707408e-05,6.587297288194750189e-11,8.769872407417017555e-11,1.006432975876773942e-09
5.529255602590316820e-05,6.731689972551511976e-11,8.962106862743619750e-11,1.028493853382303908e-09
5.588990009913545034e-05,6.879247721702730381e-11,9.158555047371795560e-11,1.051038301618945278e-09
5.649369748123011652e-05,7.030039865249829350e-11,9.359309277726804138e-11,1.074076913698776743e-09
5.710401788945254083e-05,7.184137516922311663e-11,9.564464247655954332e-11,1.097620554379997185e-09
5.772093179424725299e-05,7.341612714547241286e-11,9.774115851124236342e-11,1.121680229350812100e-09
5.834451042737438770e-05,7.502539912393689609e-11,9.988363196697554885e-11,1.146267314498758891e-09
5.897482579013504548e-05,7.666994600945632855e-11,1.020730680252703837e-10,1.171393343483441002e-09
5.961195066168448051e-05,7.835054331278366901e-11,1.043104991398975254e-10,1.197070164856643700e-09
6.025595860743563655e-05,8.006797621740375338e-11,1.065969706161181973e-10,1.223309774619666406e-09
6.090692398755333557e-05,8.182305480938536000e-11,1.089335610666070123e-10,1.250124549730326117e-09
6.156492196554028487e-05,8.361660513584930929e-11,1.113213699540092740e-10,1.277527111736606120e-09
6.223002851691585794e-05,8.544947158659153629e-11,1.137615217802918237e-10,1.305530359917482209e-09
6.290232043798822518e-05,8.732251270883332768e-11,1.162551592081884337e-10,1.334147413150653437e-09
6.358187535472217898e-05,8.923661058747315914e-11,1.188034568943534403e-10,1.363391747474136918e-09
6.426877173170181972e-05,9.119266572668646998e-11,1.214076135392733524e-10,1.393277120785962991e-09
6.496308888119054219e-05,9.319159692457714299e-11,1.240688524126641232e-10,1.423817572192225783e-09
6.566490697228877628e-05,9.523434451831277151e-11,1.267884253354283538e-10,1.455027466231069815e-09
6.637430704019079677e-05,9.732187006378950634e-11,1.295676127003946231e-10,1.486921496349761695e-09
6.709137099554102212e-05,9.945515297907567646e-11,1.324077181768674735e-10,1.519514625033884920e-09
6.781618163389240451e-05,1.016351971321758981e-10,1.353100782852988089e-10,1.552822189640667836e-09
6.854882264526600299e-05,1.038630276028594925e-10,1.382760578484549013e-10,1.586859852959389800e-09
6.928937862381432842e-05,1.061396915740281550e-10,1.413070508832088813e-10,1.621643613533934520e-09
7.003793507758892080e-05,1.084662617927294267e-10,1.444044856955103236e-10,1.657189861295914231e-09
7.079457843841370415e-05,1.108438273082896272e-10,1.475698122155489297e-10,1.693515234896128791e-09
7.155939607186428139e-05,1.132735103316974583e-10,1.508045242718280537e-10,1.730636879659719910e-09
7.233247628735628659e-05,1.157564503790090146e-10,1.541101390038925384e-10,1.768572206907709715e-09
7.311390834834158802e-05,1.182938195708379614e-10,1.574882170140742603e-10,1.807339122900350097e-09
7.390378248261510706e-05,1.208868046657262262e-10,1.609403382614418226e-10,1.846955761102707580e-09
7.470218989273297110e-05,1.235366281883429631e-10,1.644681300875900208e-10,1.887440798489404932e-09
7.550922276654317949e-05,1.262445364238764035e-10,1.680732520354278719e-10,1.928813277236106897e-09
7.632497428783019205e-05,1.290118015002130492e-10,1.717573974875879450e-10,1.971092632536086122e-09
7.714953864707383314e-05,1.318397232403110984e-10,1.755222972059441197e-10,2.014298724763119429e-09
7.798301105232572326e-05,1.347296364115263157e-10,1.793697277587049737e-10,2.058451945196161271e-09
7.882548774020195069e-05,1.376828927729105579e-10,1.833014892186880229e-10,2.103572948176267460e-09
7.967706598699515438e-05,1.407008836658105887e-10,1.873194338873343319e-10,2.149682991207538365e-09
8.053784411990643833e-05,1.437850321656545790e-10,1.914254559181149021e-10,2.196803815106849235e-09
8.140792152839885219e-05,1.469367817170144319e-10,1.956214776216396317e-10,2.244957474496674341e-09
8.228739867567281738e-05,1.501576185083266650e-10,1.999094771457905955e-10,2.294166676276148941e-09
8.317637711026694132e-05,1.534490557615375766e-10,2.042914692779873455e-10,2.344454538725291996e-09
8.407495947778266098e-05,1.568126417683397065e-10,2.087695152687305902e-10,2.395844718309415094e-09
8.498324953273634806e-05,1.602499560670402385e-10,2.133457180200705701e-10,2.448361347526489287e-09
8.590135215053933636e-05,1.637626157308813337e-10,2.180222302569152107e-10,2.502029132156456077e-09
8.682937333960741657e-05,1.673522762802990859e-10,2.228012563382676762e-10,2.556873367125362497e-09
8.776742025360050297e-05,1.710206187929116854e-10,2.276850341033724061e-10,2.612919735487229510e-09
8.871560120379592810e-05,1.747693702796269255e-10,2.326758627385030967e-10,2.670194623098920251e-09
8.967402567159409141e-05,1.786002946665083888e-10,2.377760906859152084e-10,2.728724981058542118e-09
9.064280432115971449e-05,1.825151930663641230e-10,2.429881158650658303e-10,2.788538326357399097e-09
9.162204901219973287e-05,1.865159052132914425e-10,2.483143875668087377e-10,2.849662767740703390e-09
9.261187281287908482e-05,1.906043127217399266e-10,2.537574108224862613e-10,2.912127053191313513e-09
9.361239001287626729e-05,1.947823382508542215e-10,2.593197453185694754e-10,2.975960557977309457e-09
9.462371613657914705e-05,1.990519474961236410e-10,2.650040080167307646e-10,3.041193314533062647e-09
9.564596795642483508e-05,2.034151417868524171e-10,2.708128634063443315e-10,3.107855899128475883e-09
9.667926350638221501e-05,2.078739815193796167e-10,2.767490544890909428e-10,3.175979792506372272e-09
9.772372209558082511e-05,2.124305576054589225e-10,2.828153650264086122e-10,3.245596939924438351e-09
9.877946432208679895e-05,2.170870121338824431e-10,2.890146469154484086e-10,3.316740069850453569e-09
9.984661208682796502e-05,2.218455381894215535e-10,2.953498196844168890e-10,3.389442688312050301e-09
1.009252886076682817e-04,2.267083687942969776e-10,3.018238563414189537e-10,3.463738911780019657e-09
1.020156184336362698e-04,2.316777914625412711e-10,3.084398021850579828e-10,3.539663690787399278e-09
1.031177274593053005e-04,2.367561447111300827e-10,3.152007708570441329e-10,3.617252753427079321e-09
1.042317429393301584e-04,2.419458155530107163e-10,3.221099400214943179e-10,3.696542570037806919e-09
1.053577935031404340e-04,2.472492424427935699e-10,3.291705560174620382e-10,3.777570396124272886e-09
1.064960091697929003e-04,2.526689220107561943e-10,3.363859429911692315e-10,3.860374375908614194e-09
1.076465213629833225e-04,2.582074007271632362e-10,3.437594908326114800e-10,3.944993415634660172e-09
1.088094629262224421e-04,2.638672819217863092e-10,3.512946655521515705e-10,4.031467289509923675e-09
1.099849681381738866e-04,2.696512271070281868e-10,3.589950103797053205e-10,4.119836661437287239e-09
1.111731727281588711e-04,2.755619561241626996e-10,3.668641465666639715e-10,4.210143086101589191e-09
1.123742138918280554e-04,2.816022477561498898e-10,3.749057735310693504e-10,4.302429019183516671e-09
1.135882303070028768e-04,2.877749423460287804e-10,3.831236725837858363e-10,4.396737856802623751e-09
1.148153621496881042e-04,2.940829439556980939e-10,3.915217099426208338e-10,4.493113967571571131e-09
1.160557511102564021e-04,3.005292146486285788e-10,4.001038293698516324e-10,4.591602607407906704e-09
1.173095404098097678e-04,3.071167873311284205e-10,4.088740683904054177e-10,4.692250114141341029e-09
1.185768748167157426e-04,3.138487621729445993e-10,4.178365545656877176e-10,4.795103853836477849e-09
1.198579006633231661e-04,3.207282983064020971e-10,4.269954935891891454e-10,4.900212092467186099e-09
1.211527658628585051e-04,3.277586356858024514e-10,4.363551988469875684e-10,5.007624331345227883e-09
1.224616199265046940e-04,3.349430767726043480e-10,4.459200672909585733e-10,5.117391026998778307e-09
1.237846139806636936e-04,3.422850014936867909e-10,4.556945984982478834e-10,5.229563818811879065e-09
1.251219007844073076e-04,3.497878588638859565e-10,4.656833843499828345e-10,5.344195402980632834e-09
1.264736347471148617e-04,3.574551829818665891e-10,4.758911299711137839e-10,5.461339774169594637e-09
1.278399719463020406e-04,3.652905722710045119e-10,4.863226257530161583e-10,5.581051910402272309e-09
1.292210701456424700e-04,3.732977107120431999e-10,4.969827766512943803e-10,5.703388097732568387e-09
1.306170888131839933e-04,3.814803680171887257e-10,5.078766011349872980e-10,5.828405930462098662e-09
1.320281891397606471e-04,3.898423895952598716e-10,5.190092189088667666e-10,5.956164161082872643e-09
1.334545340576059999e-04,3.983877071854258287e-10,5.303858641313238212e-10,6.086722859353264877e-09
1.348962882591650634e-04,4.071203359393698055e-10,5.420118826283807401e-10,6.220143371442432907e-09
1.363536182161107369e-04,4.160443852291218274e-10,5.538927452429265713e-10,6.356488480418853335e-09
1.378266921985653575e-04,4.251640506108222762e-10,5.660340375549072185e-10,6.495822288899189362e-09
1.393156802945299004e-04,4.344836176687449155e-10,5.784414650730787517e-10,6.638210273703496193e-09
1.408207544295235697e-04,4.440074714442954000e-10,5.911208658860173993e-10,6.783719430370952417e-09
1.423420883864339142e-04,4.537400886922545566e-10,6.040782000504802391e-10,6.932418157329959010e-09
1.438798578255842437e-04,4.636860425813502957e-10,6.173195557648212003e-10,7.084376324461614982e-09
1.454342403050151754e-04,4.738500124644827012e-10,6.308511629740121344e-10,7.239665425438865091e-09
1.470054153009864371e-04,4.842367773605977756e-10,6.446793838986675801e-10,7.398358475696216424e-09
1.485935642287002794e-04,4.948512209338120088e-10,6.588107207224348605e-10,7.560530089794551431e-09
1.501988704632484792e-04,5.056983338193243191e-10,6.732518171820117205e-10,7.726256516843784386e-09
1.518215193607849647e-04,5.167832136303801904e-10,6.880094601502506982e-10,7.895615639307617663e-09
1.534616982799291316e-04,5.281110762535708984e-10,7.030905937804032115e-10,8.068687148921566276e-09
1.551195966033984148e-04,5.396872467540983778e-10,7.185023072422442571e-10,8.245552402937837273e-09
1.567954057598753442e-04,5.515171680317901980e-10,7.342518470066873005e-10,8.426294561034965809e-09
1.584893192461109040e-04,5.636063991010392086e-10,7.503466137832716186e-10,8.610998555002117185e-09
1.602015326492667953e-04,5.759606282802587901e-10,7.667941809228885163e-10,8.799751293668911314e-09
1.619322436694977405e-04,5.885856636027168465e-10,7.836022804740180068e-10,8.992641515129940464e-09
1.636816521427805532e-04,6.014874399892603304e-10,8.007788140363276528e-10,9.189759894207969977e-09
1.654499600639870445e-04,6.146720260241015375e-10,8.183318608213702058e-10,9.391199150460432855e-09
1.672373716102074884e-04,6.281456153196945071e-10,8.362696666538099142e-10,9.597053911052480115e-09
1.690440931643259477e-04,6.419145500404841961e-10,8.546006749007223350e-10,9.807421074219471922e-09
1.708703333388501703e-04,6.559852972886277633e-10,8.733334954040316964e-10,1.002239944819497225e-08
1.727163029999992817e-04,6.703644815483841378e-10,8.924769477220783513e-10,1.024209024310753059e-08
1.745822152920500870e-04,6.850588565244672720e-10,9.120400232802855029e-10,1.046659664536554359e-08
1.764682856619496530e-04,7.000753351769578465e-10,9.320319252736887630e-10,1.069602427337079102e-08
1.783747318841905646e-04,7.154209761975847468e-10,9.524620512527868226e-10,1.093048097280591498e-08
1.803017740859564201e-04,7.311029953676988342e-10,9.733400079452708622e-10,1.117007698907537750e-08
1.822496347725388361e-04,7.471287656905851378e-10,9.946756112421988482e-10,1.141492497023924186e-08
1.842185388530291905e-04,7.635058238678062517e-10,1.016478894811742511e-09,1.166514006545771738e-08
1.862087136662864302e-04,7.802418674161847684e-10,1.038760106808543133e-09,1.192083987913730547e-08
1.882203890071886411e-04,7.973447680452822666e-10,1.061529726797028859e-09,1.218214467857708850e-08
1.902537971531648847e-04,8.148225688231285322e-10,1.084798463110603369e-09,1.244917734963608251e-08
1.923091728910153518e-04,8.326834831107587487e-10,1.108577250210834549e-09,1.272206337902190894e-08
1.943867535440210509e-04,8.509359136430522473e-10,1.132877274957310119e-09,1.300093114658202235e-08
1.964867789993465037e-04,8.695884391025072485e-10,1.157709958343174556e-09,1.328591172146046212e-08
1.986094917357368280e-04,8.886498306373978708e-10,1.183086977879812928e-09,1.357713911222959843e-08
2.007551368515176921e-04,9.081290544523112826e-10,1.209020270500360510e-09,1.387475030883229211e-08
2.029239620928939406e-04,9.280352643638350703e-10,1.235522022908987825e-09,1.417888516544808736e-08
2.051162178825560517e-04,9.483778207908663440e-10,1.262604696910572655e-09,1.448968669571821910e-08
2.073321573485949415e-04,9.691662932546199686e-10,1.290281032535430434e-09,1.480730110588643549e-08
2.095720363537295074e-04,9.904104507476790783e-10,1.318564035989745517e-09,1.513187765017460226e-08
2.118361135248498627e-04,1.012120286009836302e-09,1.347467010488088693e-09,1.546356900250326058e-08
2.141246502828783788e-04,1.034306005040596377e-09,1.377003543685362549e-09,1.580253109317797055e-08
2.164379108729565574e-04,1.056978042565797586e-09,1.407187527800896021e-09,1.614892334804655915e-08
2.187761623949547500e-04,1.080147054955416877e-09,1.438033150071425203e-09,1.650290858060128081e-08
2.211396748343128860e-04,1.103823937814154132e-09,1.469554915709565075e-09,1.686465325634482465e-08
2.235287210932144825e-04,1.128019825793408632e-09,1.501767649058301144e-09,1.723432749691933208e-08
2.259435770220974361e-04,1.152746092890723405e-09,1.534686492491802888e-09,1.761210507749859083e-08
2.283845214515035189e-04,1.178014365137846397e-09,1.568326924230534832e-09,1.799816362465507368e-08
2.308518362242757401e-04,1.203836526847267788e-09,1.602704765931863097e-09,1.839268471295730294e-08
2.333458062280997531e-04,1.230224718091321116e-09,1.637836180346506521e-09,1.879585382204974801e-08
2.358667194283986036e-04,1.257191345600545918e-09,1.673737684840601240e-09,1.920786050800721012e-08
2.384148669015827163e-04,1.284749092318033887e-09,1.710426164682716300e-09,1.962889854469946289e-08
2.409905428686591597e-04,1.312910911292168498e-09,1.747918864506151780e-09,2.005916583512595445e-08
2.435940447292023019e-04,1.341690048852183669e-09,1.786233419666850607e-09,2.049886476031808505e-08
2.462256730956952641e-04,1.371100035367188578e-09,1.825387843461040868e-09,2.094820204405943940e-08
2.488857318282385392e-04,1.401154696896620706e-09,1.865400542990844919e-09,2.140738892543539780e-08
2.515745280696354510e-04,1.431868168184715600e-09,1.906290336371038200e-09,2.187664136126383944e-08
2.542923722808562996e-04,1.463254892298388908e-09,1.948076452210562291e-09,2.235618001848902817e-08
2.570395782768860422e-04,1.495329624721955779e-09,1.990778534624538805e-09,2.284623033666023829e-08
2.598164632629571371e-04,1.528107448524309398e-09,2.034416664243242674e-09,2.334702276122143659e-08
2.626233478711780130e-04,1.561603776176474820e-09,2.079011360306775749e-09,2.385879277034991168e-08
2.654605561975533694e-04,1.595834356598984918e-09,2.124583589859517213e-09,2.438178098111558827e-08
2.683284158394058476e-04,1.630815286443252062e-09,2.171154782710116333e-09,2.491623332583368713e-08
2.712272579332021104e-04,1.666563015829747738e-09,2.218746839540582234e-09,2.546240113551440116e-08
2.741574171927874484e-04,1.703094351321548518e-09,2.267382135266061175e-09,2.602054118702067711e-08
2.771192319480338465e-04,1.740426469413236690e-09,2.317083537665693496e-09,2.659091591027986747e-08
2.801130441839031924e-04,1.778576928452941934e-09,2.367874422702090373e-09,2.717379356833077753e-08
2.831391995799373350e-04,1.817563664310852430e-09,2.419778668990836512e-09,2.776944819278055222e-08
2.861980475501699510e-04,1.857405008234421655e-09,2.472820681270533991e-09,2.837815985588542305e-08
2.892899412834720393e-04,1.898119698422222428e-09,2.527025406565675689e-09,2.900021484679471626e-08
2.924152377843327222e-04,1.939726876277415968e-09,2.582418328158406926e-09,2.963590561493979954e-08
2.955742979140810992e-04,1.982246107633443397e-09,2.639025494685847584e-09,3.028553109633540304e-08
2.987674864325509986e-04,2.025697383659323425e-09,2.696873521239277009e-09,3.094939672303289093e-08
3.019951720402010392e-04,2.070101138673075561e-09,2.755989612550741940e-09,3.162781469889543848e-08
3.052577274206842023e-04,2.115478251743397787e-09,2.816401565440298062e-09,3.232110402285088636e-08
3.085555292838803578e-04,2.161850059948759256e-09,2.878137786603470703e-09,3.302959069099649524e-08
3.118889584093928295e-04,2.209238368850971777e-09,2.941227306651801179e-09,3.375360785784806525e-08
3.152583996905156116e-04,2.257665459257048047e-09,3.005699788705855425e-09,3.449349593760962025e-08
3.186642421786726478e-04,2.307154106745724384e-09,3.071585554492252850e-09,3.524960290537461146e-08
3.221068791283428863e-04,2.357727578902828730e-09,3.138915580776496268e-09,3.602228425170669397e-08
3.255867080424651493e-04,2.409409658336672128e-09,3.207721530271532949e-09,3.681190333773553250e-08
3.291041307183360429e-04,2.462224647260234747e-09,3.278035757099119072e-09,3.761883146295967120e-08
3.326595532940036185e-04,2.516197380151373193e-09,3.349891324300753113e-09,3.844344805605078342e-08
3.362533862951616647e-04,2.571353239456210820e-09,3.423322024376557640e-09,3.928614092292087578e-08
3.398860446825517851e-04,2.627718157490259340e-09,3.498362381635738658e-09,4.014730626649815830e-08
3.435579478998740215e-04,2.685318641027628114e-09,3.575047685393388386e-09,4.102734906724890645e-08
3.472695199222217426e-04,2.744181778299657043e-09,3.653413999012849827e-09,4.192668319107531718e-08
3.510211893050330469e-04,2.804335242657877046e-09,3.733498165152771962e-09,4.284573144223216515e-08
3.548133892335745632e-04,2.865807326188322733e-09,3.815337849603204683e-09,4.378492607847649172e-08
3.586465575729590031e-04,2.928626932782539443e-09,3.898971533328602310e-09,4.474470870523429909e-08
3.625211369187038399e-04,2.992823605470538633e-09,3.984438547496597741e-09,4.572553069219702289e-08
3.664375746478326840e-04,3.058427529213284353e-09,4.071779078655932639e-09,4.672785321830614169e-08
3.703963229705354568e-04,3.125469555032294522e-09,4.161034199492930992e-09,4.775214763673688808e-08
3.743978389823803140e-04,3.193981210782655114e-09,4.252245884157883654e-09,4.879889564407946774e-08
3.784425847170923914e-04,3.263994711703192290e-09,4.345457021676501507e-09,4.986858943626391524e-08
3.825310271999024601e-04,3.335542983090635745e-09,4.440711446554302757e-09,5.096173205963556370e-08
3.866636385014727575e-04,3.408659669860931575e-09,4.538053951275529541e-09,5.207883755525344029e-08
3.908408957924014025e-04,3.483379155428128915e-09,4.637530311584433595e-09,5.322043124683515942e-08
3.950632813983230140e-04,3.559736576404983328e-09,4.739187306007921581e-09,5.438704996491930194e-08
3.993312828555975079e-04,3.637767841774325405e-09,4.843072741157582307e-09,5.557924234252506452e-08
4.036453929676039887e-04,3.717509645389099027e-09,4.949235468666826023e-09,5.679756900204475246e-08
4.080061098616422815e-04,3.798999487838724106e-09,5.057725414488689486e-09,5.804260289295428712e-08
4.124139370464487728e-04,3.882275687960275169e-09,5.168593593434129134e-09,5.931492946653595282e-08
4.168693834703348007e-04,3.967377411292606446e-09,5.281892147850929461e-09,6.061514710964293017e-08
4.213729635799492198e-04,4.054344673042935879e-09,5.397674351149389149e-09,6.194386719011852623e-08
4.259251973796833023e-04,4.143218377063291183e-09,5.515994660044778773e-09,6.330171465354836248e-08
4.305266104917096796e-04,4.234040314304537404e-09,5.636908712144655131e-09,6.468932800011617894e-08
4.351777342166741371e-04,4.326853197245460427e-09,5.760473371644589721e-09,6.610735980746818676e-08
4.398791055950419956e-04,4.421700672532077640e-09,5.886746746915144431e-09,6.755647692738494680e-08
4.446312674691080789e-04,4.518627345065455008e-09,6.015788221859787288e-09,6.903736085163432834e-08
4.494347685456725984e-04,4.617678798315142851e-09,6.147658482979758198e-09,7.055070802175671008e-08
4.542901634594021985e-04,4.718901610294156847e-09,6.282419541053610058e-09,7.209723007756695035e-08
4.591980128368675996e-04,4.822343390801426884e-09,6.420134780496893216e-09,7.367765441978769755e-08
4.641588833612767017e-04,4.928052782041583633e-09,6.560868960350727298e-09,7.529272422406643550e-08
4.691733478379068361e-04,5.036079500379957236e-09,6.704688269365544903e-09,7.694319907803993477e-08
4.742419852602440251e-04,5.146474349364903189e-09,6.851660343836943611e-09,7.862985517789735369e-08
4.793653808768330994e-04,5.259289246204206837e-09,7.001854303014683210e-09,8.035348573726199438e-08
4.845441262588582416e-04,5.374577247879370522e-09,7.155340782942415427e-09,8.211490138118685174e-08
4.897788193684451214e-04,5.492392572343452685e-09,7.312191965990528230e-09,8.391493047441177657e-08
4.950700646277054378e-04,5.612790631425065235e-09,7.472481623371837993e-09,8.575441962238757996e-08
5.004184729885260367e-04,5.735828046489984628e-09,7.636285137063095820e-09,8.763423390804274579e-08
5.058246620031125801e-04,5.861562682925936886e-09,7.803679544920005453e-09,8.955525742377528463e-08
5.112892558952954625e-04,5.990053675776382151e-09,7.974743575381089564e-09,9.151839365892867016e-08
5.168128856326025845e-04,6.121361456008006443e-09,8.149557681839725923e-09,9.352456590313204093e-08
5.223961889991187140e-04,6.255547781193265118e-09,8.328204084268039607e-09,9.557471771266223418e-08
5.280398106691237391e-04,6.392675756840534461e-09,8.510766796945433116e-09,9.766981324120015944e-08
5.337444022815305200e-04,6.532809882961107023e-09,8.697331690676663595e-09,9.981083794535001742e-08
5.395106225151260256e-04,6.676016065392346257e-09,8.887986508049106517e-09,1.019987987632738370e-07
5.453391371646269239e-04,6.822361657065223524e-09,9.082820918046396092e-09,1.042347247395862071e-07
5.512306192175508166e-04,6.971915492823369284e-09,9.281926562518429542e-09,1.065196675623443134e-07
5.571857489319287067e-04,7.124747908392487623e-09,9.485397081725336383e-09,1.088547018504495522e-07
5.632052139148472063e-04,7.280930789962683821e-09,9.693328179825478358e-09,1.112409259100189418e-07
5.692897092018428182e-04,7.440537598464307028e-09,9.905817657920153551e-09,1.136794621087135323e-07
5.754399373371553396e-04,7.603643398419009970e-09,1.012296545131531854e-08,1.161714573128713045e-07
5.816566084548466763e-04,7.770324911219863369e-09,1.034487370206787420e-08,1.187180837053793275e-07
5.879404403607929814e-04,7.940660536245622502e-09,1.057164678532465313e-08,1.213205391038256725e-07
5.942921586155715859e-04,8.114730389182577263e-09,1.080339136170312902e-08,1.239800475493195151e-07
6.007124966182336148e-04,8.292616350868707897e-09,1.104021644162491568e-08,1.266978600523228488e-07
6.072021956909871149e-04,8.474402088693481066e-09,1.128223341416422027e-08,1.294752549179737114e-07
6.137620051647925401e-04,8.660173110107753393e-09,1.152955611805940960e-08,1.323135385648276629e-07
6.203926824658852288e-04,8.850016797108572201e-09,1.178230088762304458e-08,1.352140460529379086e-07
6.270949932032314879e-04,9.044022449442636931e-09,1.204058661046643606e-08,1.381781417416734209e-07
6.338697112569257643e-04,9.242281324132891447e-09,1.230453477959691582e-08,1.412072198932080240e-07
6.407176188675524310e-04,9.444886677275313529e-09,1.257426955013307651e-08,1.443027053151264654e-07
6.476395067265028642e-04,9.651933817458291776e-09,1.284991780905123975e-08,1.474660541722116606e-07
6.546361740672732889e-04,9.863520132406167728e-09,1.313160921178352290e-08,1.506987543953263694e-07
6.617084287577481650e-04,1.007974515948084202e-08,1.341947627550346856e-08,1.540023267599571360e-07
6.688570873934816894e-04,1.030071060909411079e-08,1.371365441029732190e-08,1.573783252397886308e-07
6.760829753919806676e-04,1.052652042648361490e-08,1.401428200187258753e-08,1.608283379555093805e-07
6.833869270880181361e-04,1.075728083725615869e-08,1.432150047156391817e-08,1.643539878675093828e-07
6.907697858299654842e-04,1.099310039859956682e-08,1.463545434504261901e-08,1.679569335597420511e-07
6.982324040771696388e-04,1.123409004302237713e-08,1.495629130990293377e-08,1.716388699061264859e-07
7.057756434983826835e-04,1.148036314234428298e-08,1.528416230193088128e-08,1.754015290510814171e-07
7.134003750712551890e-04,1.173203555099014778e-08,1.561922156139778726e-08,1.792466810683212783e-07
7.211074791828984585e-04,1.198922567083699130e-08,1.596162672062185690e-08,1.831761349532338140e-07
7.288978457315452861e-04,1.225205449477262579e-08,1.631153886108439904e-08,1.871917392878698174e-07
7.367723742292970864e-04,1.252064567404962825e-08,1.666912260339023410e-08,1.912953832697212900e-07
7.447319739059872100e-04,1.279512557112672314e-08,1.703454617805114719e-08,1.954889975205749351e-07
7.527775638141642398e-04,1.307562331904222523e-08,1.740798150371475414e-08,1.997745549901157882e-07
7.609100729352106639e-04,1.336227088746577963e-08,1.778960427592896186e-08,2.041540719705798849e-07
7.691304402866084178e-04,1.365520313877792014e-08,1.817959404084274514e-08,2.086296089477670984e-07
7.774396150303570412e-04,1.395455789428893618e-08,1.857813428429553679e-08,2.132032716167803917e-07
7.858385565825763263e-04,1.426047600168337161e-08,1.898541252136976617e-08,2.178772119118905881e-07
7.943282347242795792e-04,1.457310139226950592e-08,1.940162037220015903e-08,2.226536288775424424e-07
8.029096297133505623e-04,1.489258116419688207e-08,1.982695367303299511e-08,2.275347699468299867e-07
8.115837323977283463e-04,1.521906563743558053e-08,2.026161254962963596e-08,2.325229317740375651e-07
8.203515443298170940e-04,1.555270842994637676e-08,2.070580151813584709e-08,2.376204614035872816e-07
8.292140778821238114e-04,1.589366653690104112e-08,2.115972959128116765e-08,2.428297574773432766e-07
8.381723563641604955e-04,1.624210038795966789e-08,2.162361035409138384e-08,2.481532711128975961e-07
8.472274141405945237e-04,1.659817394023058254e-08,2.209766208753661848e-08,2.535935073208027695e-07
8.563802967506823054e-04,1.696205475208671864e-08,2.258210786757558834e-08,2.591530261342933213e-07
8.656320610289927001e-04,1.733391404765050081e-08,2.307717564985516003e-08,2.648344435916669065e-07
8.749837752274348393e-04,1.771392681565208244e-08,2.358309840251830348e-08,2.706404332518524115e-07
8.844365191385982665e-04,1.810227188802291232e-08,2.410011420991472984e-08,2.765737273905221195e-07
8.939913842204391149e-04,1.849913201190152575e-08,2.462846636917716292e-08,2.826371181013450796e-07
9.036494737222995274e-04,1.890469395707119359e-08,2.516840353259706575e-08,2.888334589402066476e-07
9.134119028122950155e-04,1.931914857955344541e-08,2.572017979288414480e-08,2.951656658934640773e-07
9.232797987060774531e-04,1.974269093686608257e-08,2.628405483584261928e-08,3.016367191397344457e-07
9.332543007969882351e-04,2.017552035761948813e-08,2.686029403405090453e-08,3.082496641133349368e-07
9.433365607876197058e-04,2.061784054846682175e-08,2.744916858850454261e-08,3.150076131408964496e-07
9.535277428227895190e-04,2.106985968964749650e-08,2.805095565608720966e-08,3.219137468972780268e-07
9.638290236239684811e-04,2.153179053004316831e-08,2.866593847581122915e-08,3.289713158595255907e-07
9.742415926251432254e-04,2.200385048735911855e-08,2.929440650262099424e-08,3.361836418378695423e-07
9.847666521101555714e-04,2.248626175104935491e-08,2.993665554441793761e-08,3.435541195475777782e-07
9.954054173515239877e-04,2.297925139418325690e-08,3.059298791060272416e-08,3.510862183194569355e-07
1.006159116750766566e-03,2.348305146524947488e-08,3.126371253434073788e-08,3.587834835011119666e-07
1.017028991980230279e-03,2.399789911432624558e-08,3.194914514106242551e-08,3.666495383841120071e-07
1.028016298126471512e-03,2.452403669540760430e-08,3.264960838423701342e-08,3.746880857706281572e-07
1.039122303835166841e-03,2.506171188191906149e-08,3.336543199900967957e-08,3.829029097329397649e-07
1.050348291457598717e-03,2.561117778980295476e-08,3.409695296678912764e-08,3.912978775014833069e-07
1.061695557198721711e-03,2.617269308836139866e-08,3.484451566163979504e-08,3.998769411494932938e-07
1.073165411266829893e-03,2.674652212841823935e-08,3.560847202247389691e-08,4.086441395600459202e-07
1.084759178024832750e-03,2.733293506354505667e-08,3.638918171282742310e-08,4.176036002707537275e-07
1.096478196143182982e-03,2.793220798322314767e-08,3.718701229927396341e-08,4.267595415133930953e-07
1.108323818754438413e-03,2.854462303817119642e-08,3.800233941802398505e-08,4.361162741268364609e-07
1.120297413609503117e-03,2.917046856930807512e-08,3.883554694603148999e-08,4.456782035264865078e-07
1.132400363235553818e-03,2.981003926484943091e-08,3.968702721113901797e-08,4.554498321074751317e-07
1.144634065095673269e-03,3.046363626910327108e-08,4.055718113600882010e-08,4.654357609024654195e-07
1.156999931750209241e-03,3.113156735044406100e-08,4.144641846234300835e-08,4.756406921532709410e-07
1.169499391019868887e-03,3.181414703473926969e-08,4.235515792821891600e-08,4.860694313452681637e-07
1.182133886150591416e-03,3.251169675477185805e-08,4.328382746701412359e-08,4.967268894927007145e-07
1.194904875980186063e-03,3.322454500579092465e-08,4.423286441469638515e-08,5.076180855148223673e-07
1.207813835106776989e-03,3.395302749819318627e-08,4.520271571300711226e-08,5.187481485675987515e-07
1.220862254059067479e-03,3.469748732137449370e-08,4.619383812753580325e-08,5.301223205492622038e-07
1.234051639468446409e-03,3.545827509750467960e-08,4.720669845265253111e-08,5.417459584476607168e-07
1.247383514242940894e-03,3.623574915508658137e-08,4.824177374206745304e-08,5.536245369936968546e-07
1.260859417743072147e-03,3.703027569316266229e-08,4.929955152800435089e-08,5.657636511688388798e-07
1.274480905959588959e-03,3.784222896007603428e-08,5.038053005906036687e-08,5.781690189380979686e-07
1.288249551693130624e-03,3.867199142537907020e-08,5.148521852871921385e-08,5.908464838753249865e-07
1.302166944735831233e-03,3.951995396863618752e-08,5.261413732737584968e-08,6.038020180474404708e-07
1.316234692054885731e-03,4.038651605180601819e-08,5.376781827093956559e-08,6.170417246498365091e-07
1.330454417978088784e-03,4.127208592282142325e-08,5.494680487280304390e-08,6.305718411171592371e-07
1.344827764381402186e-03,4.217708080103572975e-08,5.615165258999090672e-08,6.443987419532099157e-07
1.359356390878522624e-03,4.310192707014118799e-08,5.738292908043842321e-08,6.585289416826513588e-07
1.374041975012511808e-03,4.404706049718076172e-08,5.864121449456615066e-08,6.729690981952975086e-07
1.388886212449493094e-03,4.501292642192197748e-08,5.992710172711112138e-08,6.877260156408835790e-07
1.403890817174441481e-03,4.599997997710832104e-08,6.124119671022925999e-08,7.028066477907406642e-07
1.419057521689089975e-03,4.700868630011027826e-08,6.258411869613143797e-08,7.182181012772302592e-07
1.434388077211962717e-03,4.803952075514053109e-08,6.395650055203174782e-08,7.339676389843227029e-07
1.449884253880594524e-03,4.909296916195242322e-08,6.535898906479484039e-08,7.500626835432474123e-07
1.465547840955907979e-03,5.016952802483093001e-08,6.679224524614332306e-08,7.665108208328170438e-07
1.481380647028813363e-03,5.126970475957105163e-08,6.825694463458827861e-08,7.833198034462831600e-07
1.497384500229036403e-03,5.239401795028922944e-08,6.975377763755953104e-08,8.004975546131457853e-07
1.513561248436205925e-03,5.354299757934045380e-08,7.128344983698639995e-08,8.180521717165363881e-07
1.529912759493207283e-03,5.471718529742357795e-08,7.284668234956102277e-08,8.359919304161535041e-07
1.546440921421868763e-03,5.591713466276032084e-08,7.444421214438943448e-08,8.543252883049458977e-07
1.563147642640950411e-03,5.714341140900000268e-08,7.607679240076616138e-08,8.730608890024933005e-07
1.580034852186502047e-03,5.839659372545717281e-08,7.774519287986515595e-08,8.922075664341936730e-07
1.597104499934598508e-03,5.967727252360267379e-08,7.945020028094514290e-08,9.117743489075845938e-07
1.614358556826483992e-03,6.098605170737091303e-08,8.119261860022356908e-08,9.317704632384306925e-07
1.631799015096135246e-03,6.232354848300063052e-08,8.297326954367281639e-08,9.522053394861674321e-07
1.649427888500311270e-03,6.369039363453016129e-08,8.479299289375433941e-08,9.730886151634381229e-07
1.667247212551058958e-03,6.508723183567173067e-08,8.665264692483494981e-08,9.944301400028310188e-07
1.685259044750747094e-03,6.651472194241670948e-08,8.855310879279646837e-08,1.016239980424806379e-06
1.703465464829633479e-03,6.797353732470804055e-08,9.049527497594068659e-08,1.038528424607699841e-06
1.721868574986004869e-03,6.946436617264586517e-08,9.248006168367925643e-08,1.061305987164272637e-06
1.740470500128892982e-03,7.098791183408610974e-08,9.450840530475957090e-08,1.084583414302227852e-06
1.759273388123446360e-03,7.254489314152859217e-08,9.658126284373857858e-08,1.108371688817500773e-06
1.778279410038919066e-03,7.413604476361543238e-08,9.869961238790863701e-08,1.132682035465788631e-06
1.797490760399356440e-03,7.576211754383677715e-08,1.008644535589385772e-07,1.157525926136106079e-06
1.816909657436985509e-03,7.742387887338708019e-08,1.030768080089938840e-07,1.182915085551550075e-06
1.836538343348340834e-03,7.912211304691835766e-08,1.053377198940087722e-07,1.208861496700484032e-06
1.856379084553164398e-03,8.085762163531287667e-08,1.076482563707534689e-07,1.235377406534369425e-06
1.876434171956081927e-03,8.263122388067044754e-08,1.100095081218579639e-07,1.262475332005046060e-06
1.896705921211142357e-03,8.444375707227761614e-08,1.124225898571584634e-07,1.290168065803963691e-06
1.917196672989180577e-03,8.629607695754892752e-08,1.148886408600481462e-07,1.318468682649158914e-06
1.937908793248085395e-03,8.818905814819128118e-08,1.174088255286431917e-07,1.347390545483132679e-06
1.958844673505984006e-03,9.012359453448082365e-08,1.199843339275326701e-07,1.376947311808291452e-06
1.980006731117382214e-03,9.210059972234661356e-08,1.226163823688539703e-07,1.407152940363246077e-06
2.001397409552267779e-03,9.412100745316288994e-08,1.253062139722694177e-07,1.438021697537356296e-06
2.023019178678267527e-03,9.618577207339546306e-08,1.280550992892002152e-07,1.469568164548163308e-06
2.044874535045815289e-03,9.829586897393446370e-08,1.308643368883608769e-07,1.501807244150723988e-06
2.066966002176417842e-03,1.004522950616209354e-07,1.337352539836364296e-07,1.534754167848293309e-06
2.089296130854033807e-03,1.026560692443249083e-07,1.366692070791318305e-07,1.568424503298593025e-06
2.111867499419601939e-03,1.049082329085025881e-07,1.396675826058150860e-07,1.602834161613161082e-06
2.134682714068734857e-03,1.072098504278956905e-07,1.427317975979176345e-07,1.637999405131318365e-06
2.157744409152662340e-03,1.095620096676068231e-07,1.458633003649725642e-07,1.673936855120794885e-06
2.181055247482393405e-03,1.119658225076317697e-07,1.490635711880834239e-07,1.710663499777272406e-06
2.204617920636179999e-03,1.144224253830839484e-07,1.523341230393656864e-07,1.748196702479601011e-06
2.228435149270297476e-03,1.169329798210623965e-07,1.556765022966113158e-07,1.786554209994490996e-06
2.252509683433187408e-03,1.194986730065866955e-07,1.590922894973234792e-07,1.825754161121052026e-06
2.276844302882992215e-03,1.221207183456905255e-07,1.625831000872071104e-07,1.865815095297411276e-06
2.301441817408504155e-03,1.248003560563011155e-07,1.661505852080293795e-07,1.906755961628058753e-06
2.326305067153621071e-03,1.275388537660124567e-07,1.697964324926701750e-07,1.948596128019412938e-06
2.351436922945265937e-03,1.303375071128115774e-07,1.735223668654747747e-07,1.991355390357223723e-06
2.376840286624870395e-03,1.331976403811667755e-07,1.773301513884679763e-07,2.035053982226938702e-06
2.402518091383433994e-03,1.361206071323707444e-07,1.812215881011255637e-07,2.079712584547035989e-06
2.428473302100209869e-03,1.391077908623561272e-07,1.851985188954715998e-07,2.125352335618190912e-06
2.454708915685025958e-03,1.421606056645037740e-07,1.892628263994921538e-07,2.171994841252961672e-06
2.481227961424347164e-03,1.452804969207453680e-07,1.934164348964421284e-07,2.219662185335106189e-06
2.508033501331033768e-03,1.484689419894344342e-07,1.976613112403911554e-07,2.268376940331420650e-06
2.535128630497901058e-03,1.517274509270966295e-07,2.019994658183572296e-07,2.318162178320894951e-06
2.562516477455093183e-03,1.550575672197828703e-07,2.064329535227268698e-07,2.369041482167953947e-06
2.590200204531320233e-03,1.584608685239421850e-07,2.109638747379163384e-07,2.421038956845754408e-06
2.618183008218981107e-03,1.619389674344115055e-07,2.155943763635273823e-07,2.474179241172383424e-06
2.646468119543268424e-03,1.654935122649542512e-07,2.203266528524212346e-07,2.528487519733406606e-06
2.675058804435223418e-03,1.691261878533952684e-07,2.251629472834414529e-07,2.583989535190153391e-06
2.703958364108837061e-03,1.728387163652581883e-07,2.301055524311707915e-07,2.640711600558230837e-06
2.733170135442226055e-03,1.766328581487195884e-07,2.351568119034367077e-07,2.698680612270117184e-06
2.762697491362922295e-03,1.805104125740681679e-07,2.403191212602553315e-07,2.757924063005440106e-06
2.792543841237333895e-03,1.844732189224820201e-07,2.455949291960302151e-07,2.818470055271330169e-06
2.822712631264384740e-03,1.885231572637541356e-07,2.509867387082775407e-07,2.880347314814890248e-06
2.853207344873460484e-03,1.926621493908147743e-07,2.564971083422229019e-07,2.943585204902983473e-06
2.884031503126598985e-03,1.968921597439265728e-07,2.621286534204723591e-07,3.008213740447175933e-06
2.915188665125056575e-03,2.012151963747333995e-07,2.678840473275533617e-07,3.074263602733261432e-06
2.946682428420256683e-03,2.056333119215211725e-07,2.737660228073000262e-07,3.141766154327678481e-06
2.978516429429185416e-03,2.101486046211567135e-07,2.797773733106486792e-07,3.210753454535803565e-06
3.010694343854247983e-03,2.147632193200242171e-07,2.859209543411179307e-07,3.281258274856443352e-06
3.043219887107715630e-03,2.194793489121145331e-07,2.921996853698602764e-07,3.353314120953440738e-06
3.076096814740701072e-03,2.242992354836875446e-07,2.986165513596183650e-07,3.426955250148926237e-06
3.109328922876798598e-03,2.292251702418094545e-07,3.051746026686943327e-07,3.502216670333145490e-06
3.142920048650403152e-03,2.342594953360855764e-07,3.118769574776559446e-07,3.579134167803951286e-06
3.176874070649766523e-03,2.394046050392209757e-07,3.187268033597898366e-07,3.657744325305841893e-06
3.211194909364817503e-03,2.446629469151857091e-07,3.257273988371551437e-07,3.738084539883198051e-06
3.245886527639873110e-03,2.500370230349009155e-07,3.328820749988482568e-07,3.820193041455986559e-06
3.280952931131183182e-03,2.555293911917371575e-07,3.401942371189491494e-07,3.904108911396880097e-06
3.316398168769449286e-03,2.611426661805920869e-07,3.476673663597970071e-07,3.989872102077929924e-06
3.352226333227333564e-03,2.668795210794682880e-07,3.553050214781967527e-07,4.077523456455712080e-06
3.388441561392015189e-03,2.727426885674578139e-07,3.631108405798371486e-07,4.167104728211711316e-06
3.425048034842863819e-03,2.787349622805470616e-07,3.710885429242241464e-07,4.258658602473161025e-06
3.462049980334238729e-03,2.848591981941423075e-07,3.792419307658310349e-07,4.352228716944289274e-06
3.499451670283565408e-03,2.911183160362283483e-07,3.875748912352207613e-07,4.447859683495987535e-06
3.537257423264624986e-03,2.975153007382922643e-07,3.960913982702262055e-07,4.545597110346046885e-06
3.575471604506203979e-03,3.040532039130369820e-07,4.047955145843643289e-07,4.645487624638051952e-06
3.614098626396122088e-03,3.107351453823733895e-07,4.136913937000885247e-07,4.747578895797846029e-06
3.653142948990716152e-03,3.175643147166244146e-07,4.227832819982866892e-07,4.851919659051343252e-06
3.692609080529789777e-03,3.245439728321062434e-07,4.320755208457528056e-07,4.958559739844432568e-06
3.732501577957198207e-03,3.316774536218718317e-07,4.415725487654085985e-07,5.067550078765093465e-06
3.772825047446985627e-03,3.389681656061128331e-07,4.512789036340676813e-07,5.178942756763891757e-06
3.813584144935243999e-03,3.464195936609740147e-07,4.611992249842625728e-07,5.292791021578954537e-06
3.854783576657706910e-03,3.540353007410657471e-07,4.713382562966699651e-07,5.409149314059346059e-06
3.896428099693163838e-03,3.618189296805001547e-07,4.817008473988871717e-07,5.528073295693145553e-06
3.938522522512703100e-03,3.697742050170121427e-07,4.922919568932443892e-07,5.649619876484312874e-06
3.981071705534964741e-03,3.779049348627107002e-07,5.031166546478572328e-07,5.773847243545942435e-06
4.024080561687318376e-03,3.862150128346345405e-07,5.141801243665586850e-07,5.900814890605703857e-06
4.067554056973140750e-03,3.947084199976624054e-07,5.254876661756435375e-07,6.030583647699805903e-06
4.111497211045211236e-03,4.033892268948812685e-07,5.370446993272992970e-07,6.163215712208890135e-06
4.155915097785305504e-03,4.122615955941455724e-07,5.488567649238802431e-07,6.298774680132652345e-06
4.200812845890060203e-03,4.213297817998456164e-07,5.609295287291692284e-07,6.437325578369870918e-06
4.246195639463120827e-03,4.305981370152053758e-07,5.732687840481071638e-07,6.578934897765901252e-06
4.292068718613772232e-03,4.400711107478254300e-07,5.858804546619170813e-07,6.723670626825261297e-06
4.338437380061951204e-03,4.497532527746066059e-07,5.987705978447065209e-07,6.871602286327929252e-06
4.385306977749844903e-03,4.596492154687624072e-07,6.119454074605106231e-07,7.022800964896951586e-06
4.432682923460075190e-03,4.697637561636496889e-07,6.254112171105941346e-07,7.177339355129763345e-06
4.480570687440578979e-03,4.801017395968500397e-07,6.391745033881133566e-07,7.335291790956488201e-06
4.528975799036199373e-03,4.906681403902398993e-07,6.532418891787378898e-07,7.496734285546521230e-06
4.577903847327172322e-03,5.014680456169626045e-07,6.676201470794224637e-07,7.661744570546941406e-06
4.627360481774439420e-03,5.125066574048064401e-07,6.823162028630012371e-07,7.830402135873780806e-06
4.677351412871969850e-03,5.237892956238946018e-07,6.973371390580428473e-07,8.002788270796544563e-06
4.727882412806116638e-03,5.353214006244646656e-07,7.126901985922718947e-07,8.178986105787138246e-06
4.778959316122112153e-03,5.471085360561117671e-07,7.283827885471337492e-07,8.359080655611098655e-06
4.830588020397718479e-03,5.591563917431661375e-07,7.444224839850425124e-07,8.543158863285363032e-06
4.882774486924236490e-03,5.714707866471190504e-07,7.608170318938901044e-07,8.731309645358961439e-06
4.935524741394794676e-03,5.840576718769940103e-07,7.775743551949827649e-07,8.923623937929223417e-06
4.988844874600109440e-03,5.969231338043843192e-07,7.947025568895795676e-07,9.120194744262639439e-06
5.042741043131756737e-03,6.100733972340758051e-07,8.122099242810522360e-07,9.321117183261201847e-06
5.097219470093041806e-03,6.235148286642863762e-07,8.301049333144104799e-07,9.526488539301975936e-06
5.152286445817556328e-03,6.372539396180275450e-07,8.483962530124506036e-07,9.736408313160747847e-06
5.207948328595453369e-03,6.512973900762559118e-07,8.670927500454872448e-07,9.950978274497633403e-06
5.264211545407660418e-03,6.656519922857671661e-07,8.862034938019405655e-07,1.017030252006596490e-05
5.321082592667929038e-03,6.803247213973986025e-07,9.057377705508861612e-07,1.039448763628422593e-05
5.378568036972956184e-03,6.953227079762556927e-07,9.257050734704596384e-07,1.062364258482979299e-05
5.436674515860589335e-03,7.106532425523044802e-07,9.461151087068818104e-07,1.085787877220337803e-05
5.495408738576236865e-03,7.263237825849755807e-07,9.669778046463699639e-07,1.109731015617540488e-05
5.554777486847515752e-03,7.423419564495548126e-07,9.883033172228037490e-07,1.134205330672883885e-05
5.614787615667352592e-03,7.587155674934426104e-07,1.010102035317355236e-06,1.159222746807610661e-05
5.675446054085458124e-03,7.754525982353662359e-07,1.032384586349753083e-06,1.184795462285581142e-05
5.736759806008398174e-03,7.925612146373770008e-07,1.055161841965151309e-06,1.210935955744938675e-05
5.798735951008294857e-03,8.100497705031726071e-07,1.078444923890822994e-06,1.237656992922481428e-05
5.861381645140279449e-03,8.279268119955686469e-07,1.102245209949654375e-06,1.264971633560851848e-05
5.924704121768720362e-03,8.462010822529964075e-07,1.126574340206697244e-06,1.292893238466456484e-05
5.988710692402485561e-03,8.648815261400328397e-07,1.151444223293560985e-06,1.321435476773392524e-05
6.053408747539122323e-03,8.839772951018094822e-07,1.176867042871661270e-06,1.350612333365427958e-05
6.118805757518204144e-03,9.034977521770507527e-07,1.202855264306284875e-06,1.380438116541050742e-05
6.184909273383897704e-03,9.234524771083957717e-07,1.229421641470213060e-06,1.410927465827674508e-05
6.251726927756838352e-03,9.438512716009382474e-07,1.256579223744257656e-06,1.442095360021667177e-05
6.319266435715439022e-03,9.647041647248197711e-07,1.284341363210930413e-06,1.473957125450044866e-05
6.387535595686663799e-03,9.860214184402544201e-07,1.312721722009573766e-06,1.506528444418350238e-05
6.456542290346541091e-03,1.007813533291326792e-06,1.341734279916922425e-06,1.539825363917574376e-05
6.526294487530286299e-03,1.030091254235195986e-06,1.371393342107916974e-06,1.573864304537723856e-05
6.596800241152318486e-03,1.052865576622510318e-06,1.401713547117890653e-06,1.608662069613102326e-05
6.668067692136201395e-03,1.076147752353708845e-06,1.432709875038708551e-06,1.644235854636793553e-05
6.740105069354644131e-03,1.099949296176490260e-06,1.464397655903125773e-06,1.680603256890669296e-05
6.812920690579600536e-03,1.124281994937125158e-06,1.496792582001076149e-06,1.717782289589784458e-05
6.886522963442746545e-03,1.149157932474471875e-06,1.529910741022838398e-06,1.755791419928035224e-05
6.960920386406217568e-03,1.174589458895650128e-06,1.563768575153798735e-06,1.794649522142643488e-05
7.036121549743892985e-03,1.200589209176834561e-06,1.598382905839791397e-06,1.834375905944823148e-05
7.112135136533269397e-03,1.227170115448551369e-06,1.633770950142463321e-06,1.874990335301535970e-05
7.188969923658061409e-03,1.254345414400130099e-06,1.669950330596940885e-06,1.916513039760046986e-05
7.266634782821572436e-03,1.282128654893849882e-06,1.706939085349961959e-06,1.958964726093144184e-05
7.345138681571134788e-03,1.310533705775039557e-06,1.744755678556843013e-06,2.002366590244864837e-05
7.424490684333500193e-03,1.339574763902987616e-06,1.783419011074672496e-06,2.046740329613439872e-05
7.504699953461467857e-03,1.369266362398125301e-06,1.822948431441596367e-06,2.092108155666139966e-05
7.585775750291815986e-03,1.399623379136017302e-06,1.863363747185439988e-06,2.138492806931303382e-05
7.667727436214658195e-03,1.430661045435011511e-06,1.904685236390469663e-06,2.185917562287047940e-05
7.750564473754366183e-03,1.462394955028274366e-06,1.946933659642484829e-06,2.234406254685234930e-05
7.834296427662102921e-03,1.494841073265203777e-06,1.990130272278865191e-06,2.283983285227018107e-05
7.918932966020293326e-03,1.528015746572113337e-06,2.034296836984748761e-06,2.334673637634771237e-05
8.004483861358898875e-03,1.561935712170904970e-06,2.079455636731818426e-06,2.386502893119277815e-05
8.090958991783801443e-03,1.596618124688474504e-06,2.125629510204615346e-06,2.439497271056718057e-05
8.178368342117384865e-03,1.632080578456545113e-06,2.172841881490241455e-06,2.493683663081885973e-05
8.266722005051442557e-03,1.668341050777925666e-06,2.221116684545765948e-06,2.549089546419376029e-05
8.356030182312464138e-03,1.705417949556316634e-06,2.270478426611273602e-06,2.605743056681949748e-05
8.446303185839667063e-03,1.743330126655704418e-06,2.320952205995188796e-06,2.663673008305746296e-05
8.537551438975598053e-03,1.782096889416023508e-06,2.372563727406325283e-06,2.722908912168760243e-05
8.629785477669680779e-03,1.821738012519181110e-06,2.425339317751801981e-06,2.783480993746222654e-05
8.723015951694737535e-03,1.862273750149068068e-06,2.479305942327074448e-06,2.845420211716557650e-05
8.817253625876689607e-03,1.903724848561576293e-06,2.534491221550675456e-06,2.908758277194491973e-05
8.912509381337439807e-03,1.946112558963440595e-06,2.590923448111300106e-06,2.973527673438068310e-05
9.008794216751360440e-03,1.989458650812663211e-06,2.648631604675401430e-06,3.039761676200676584e-05
9.106119249615180281e-03,2.033785425490345126e-06,2.707645382090037703e-06,3.107494374652390985e-05
9.204495717531688617e-03,2.079115782339734748e-06,2.767995267303017454e-06,3.176760772321994894e-05
9.303934979507273717e-03,2.125473186042534345e-06,2.829712499931014051e-06,3.247596737280689653e-05
9.404448517263488266e-03,2.172881627278929576e-06,2.892829019885329410e-06,3.320038942064163504e-05
9.506047936562799644e-03,2.221365687865808455e-06,2.957377554093533134e-06,3.394124963242264235e-05
9.608744968548580540e-03,2.270950556602226603e-06,3.023391637595898880e-06,3.469893305670679350e-05
9.712551471099738903e-03,2.321662045572871257e-06,3.090905635251218249e-06,3.547383427443320521e-05
9.817479430199818960e-03,2.373526606935381418e-06,3.159954764088124083e-06,3.626635765587372294e-05
9.923540961320977474e-03,2.426571350228313737e-06,3.230575116347526586e-06,3.707691762554839767e-05
1.003074831082288558e-02,2.480824060176880027e-06,3.302803683189785647e-06,3.790593893477945824e-05
1.013911385736677821e-02,2.536313244588135573e-06,3.376678418459990623e-06,3.875385739405968734e-05
1.024865011334467196e-02,2.593068213551177039e-06,3.452238344131024062e-06,3.962112108381717963e-05
1.035936972632421627e-02,2.651118912156435877e-06,3.529523327598279132e-06,4.050818779877759948e-05
1.047128548050896973e-02,2.710496026945089202e-06,3.608574223400288969e-06,4.141552667515406642e-05
1.058441029821453883e-02,2.771231017878302019e-06,3.689432915781538516e-06,4.234361867976132960e-05
1.069875724136065166e-02,2.833356139726867008e-06,3.772142347171096676e-06,4.329295693749723154e-05
1.081433951297936479e-02,2.896904464101476506e-06,3.856746547513359812e-06,4.426404706864501740e-05
1.093117045873947049e-02,2.961909902181955481e-06,3.943290664530002936e-06,4.525740753689355195e-05
1.104926356848756792e-02,3.028407296828843638e-06,4.031821086351997805e-06,4.627357105763890910e-05
1.116863247780558455e-02,3.096432464396147289e-06,4.122385497189492203e-06,4.731308523772620532e-05
1.128929096958522504e-02,3.166021999099001762e-06,4.215032616879907174e-06,4.837650958673454348e-05
1.141125297561940664e-02,3.237213429078876991e-06,4.309812408665193526e-06,4.946441790267940702e-05
1.153453257821090636e-02,3.310045247754952830e-06,4.406776120932731167e-06,5.057739875199145530e-05
1.165914401179829821e-02,3.384556941231607754e-06,4.505976323706240311e-06,5.171605588927119518e-05
1.178510166459963843e-02,3.460789017330542580e-06,4.607466947299203370e-06,5.288100870192692594e-05
1.191242008027372165e-02,3.538783202276261651e-06,4.711303544171151735e-06,5.407289521689515445e-05
1.204111395959937998e-02,3.618582276875406902e-06,4.817543070830150519e-06,5.529236959830086974e-05
1.217119816217289777e-02,3.700230011987526359e-06,4.926243801924384330e-06,5.654010116245066717e-05
1.230268770812377802e-02,3.783771323162781456e-06,5.037465536119263902e-06,5.781677674214853637e-05
1.243559777984905301e-02,3.869252303842408827e-06,5.151269640301797105e-06,5.912310119532336415e-05
1.256994372376622933e-02,3.956720266068551424e-06,5.267719103781272623e-06,6.045979802847446392e-05
1.270574105208538938e-02,4.046224015425660192e-06,5.386878904332472887e-06,6.182761359979134118e-05
1.284300544460021017e-02,4.137813539410210108e-06,5.508815593312937817e-06,6.322731235827136519e-05
1.298175275049845596e-02,4.231540026010678743e-06,5.633597320402586462e-06,6.465967712916228963e-05
1.312199899019199194e-02,4.327456025656209666e-06,5.761294049215345546e-06,6.612551159050747331e-05
1.326376035716660649e-02,4.425615491579563661e-06,5.891977611039572399e-06,6.762564089169521364e-05
1.340705321985168584e-02,4.526074036784523615e-06,6.025722046952159369e-06,6.916091558241078605e-05
1.355189412351033226e-02,4.628888837851095221e-06,6.162603479755086357e-06,7.073221014449521582e-05
1.369829979214966936e-02,4.734118349198510307e-06,6.302699733566005635e-06,7.234041862707796451e-05
1.384628713045188593e-02,4.841822604556232353e-06,6.446090735183159816e-06,7.398645925592943462e-05
1.399587322572613986e-02,4.952063278847672854e-06,6.592858596477175334e-06,7.567127538143402009e-05
1.414707534988156323e-02,5.064904114015465854e-06,6.743088181315714674e-06,7.739584198890813414e-05
1.429991096142144841e-02,5.180410397213467452e-06,6.896866410863372958e-06,7.916115772628344648e-05
1.445439770745924647e-02,5.298649021057461258e-06,7.054282343801385876e-06,8.096824582742738528e-05
1.461055342575608498e-02,5.419688715666225087e-06,7.215427485258535685e-06,8.281815766117851113e-05
1.476839614678041902e-02,5.543600402925563210e-06,7.380396258463743204e-06,8.471197814866671452e-05
1.492794409578991968e-02,5.670457113915350315e-06,7.549285894819859865e-06,8.665082450448223159e-05
1.508921569493584282e-02,5.800333495245051957e-06,7.722195776673074693e-06,8.863583869482202782e-05
1.525222956539016433e-02,5.933306268447215487e-06,7.899228048930074999e-06,9.066819446200747082e-05
1.541700452949556523e-02,6.069454688518346082e-06,8.080488229540182919e-06,9.274910433644251021e-05
1.558355961293889785e-02,6.208860341504031182e-06,8.266084940019412664e-06,9.487981654683987943e-05
1.575191404694788189e-02,6.351606646931869292e-06,8.456129243026588057e-06,9.706160741920271610e-05
1.592208727051165965e-02,6.497779419985870810e-06,8.650735390817450193e-06,9.929578997330080819e-05
1.609409893262530103e-02,6.647467589272832220e-06,8.850021780848764909e-06,1.015837248979628566e-04
1.626796889455861192e-02,6.800762181460083834e-06,9.054109603991166249e-06,1.039268050365177616e-04
1.644371723214928596e-02,6.957756567338201835e-06,9.263123172132733528e-06,1.063264591524724835e-04
1.662136423812112657e-02,7.118547253582036044e-06,9.477190972296474603e-06,1.087841640367341139e-04
1.680093042442702689e-02,7.283233801633376616e-06,9.696445558656564370e-06,1.113014432735216861e-04
1.698243652461739819e-02,7.451917955312748897e-06,9.921022391100531778e-06,1.138798539114844484e-04
1.716590349623417847e-02,7.624704726674766372e-06,1.015106128088953053e-05,1.165210030673104348e-04
1.735135252323070226e-02,7.801702842835816668e-06,1.038670698555405383e-05,1.192265547625877828e-04
1.753880501841758102e-02,7.983023319408598576e-06,1.062810730965604828e-05,1.219982081246938094e-04
1.772828262593531545e-02,8.168780745788480489e-06,1.087541481596393381e-05,1.248377170404225728e-04
1.791980722375329654e-02,8.359093823837231374e-06,1.112878754264392460e-05,1.277468983984284651e-04
1.811340092619597927e-02,8.554083746791671814e-06,1.138838684504137896e-05,1.307276073170737980e-04
1.830908608649629843e-02,8.753875916397401219e-06,1.165437968179838197e-05,1.337817634014788846e-04
1.850688529937668386e-02,8.958599880020284392e-06,1.192693853114763891e-05,1.369113497917740549e-04
1.870682140365797705e-02,9.168388057204907802e-06,1.220623969553742527e-05,1.401183937058196301e-04
1.890891748489637730e-02,9.383378111082222046e-06,1.249246645882078797e-05,1.434050027009312620e-04
1.911319687804922257e-02,9.603711185875577399e-06,1.278580673978590134e-05,1.467733377416803250e-04
1.931968317016919193e-02,9.829532574018413094e-06,1.308645398034369920e-05,1.502256234093630647e-04
1.952840020312783531e-02,1.006099310633149829e-05,1.339460899636532411e-05,1.537641691669819365e-04
1.973937207636845131e-02,1.029824682649640976e-05,1.371047688161887420e-05,1.573913338200769120e-04
1.995262314968876405e-02,1.054145401023907805e-05,1.403427102738778828e-05,1.611095716874481052e-04
2.016817804605348236e-02,1.079077886390594173e-05,1.436621005849774583e-05,1.649213974314610884e-04
2.038606165443757404e-02,1.104639121944673136e-05,1.470652008996581244e-05,1.688294119866600709e-04
2.060629913269995325e-02,1.130846646047064635e-05,1.505543462858796933e-05,1.728363014460588935e-04
2.082891591048833049e-02,1.157718477314881058e-05,1.541319357566110854e-05,1.769448256253657958e-04
2.105393769217545410e-02,1.185273324783141116e-05,1.578004602501497733e-05,1.811578502135111535e-04
2.128139045982709032e-02,1.213530351610632819e-05,1.615624711714107347e-05,1.854783106642661917e-04
2.151130047620188404e-02,1.242509495247636472e-05,1.654206230180048671e-05,1.899092611695123818e-04
2.174369428778401281e-02,1.272231168194787609e-05,1.693776335410774906e-05,1.944538289277134740e-04
2.197859872784820034e-02,1.302716615362532198e-05,1.734363313230203137e-05,1.991152688081803659e-04
2.221604091955805757e-02,1.333987601381359641e-05,1.775996141478366493e-05,2.038969155644281873e-04
2.245604827909786563e-02,1.366066768395474685e-05,1.818704966367645825e-05,2.088022385698415188e-04
2.269864851883814788e-02,1.398977346799098268e-05,1.862520717375261553e-05,2.138347976146120122e-04
2.294386965053553037e-02,1.432743463716595281e-05,1.907475517946521679e-05,2.189982901061627858e-04
2.319173998856694299e-02,1.467389955030754885e-05,1.953602435243709362e-05,2.242965223574140460e-04
2.344228815319917072e-02,1.502942512906487218e-05,2.000935676559764272e-05,2.297334321794345779e-04
2.369554307389331801e-02,1.539427733858234859e-05,2.049510653320608095e-05,2.353130962687291418e-04
2.395153399264519228e-02,1.576872987340584287e-05,2.099363806139639273e-05,2.410397101491008410e-04
2.421029046736170726e-02,1.615306724919941662e-05,2.150533016444972992e-05,2.469176354943168183e-04
2.447184237527382997e-02,1.654758207403381838e-05,2.203057243198145208e-05,2.529513584406735296e-04
2.473621991638616860e-02,1.695257781033644221e-05,2.256976890618886882e-05,2.591455318730884454e-04
2.500345361696425933e-02,1.736836852345566886e-05,2.312333774720020470e-05,2.655049716300917706e-04
2.527357433305911505e-02,1.779527780464283031e-05,2.369170979927679615e-05,2.720346400831176307e-04
2.554661325407003511e-02,1.823364166733140742e-05,2.427533244692858832e-05,2.787396904906388573e-04
2.582260190634588434e-02,1.868380753356809468e-05,2.487466826560655057e-05,2.856254515562872795e-04
2.610157215682533047e-02,1.914613393337464745e-05,2.549019462156862188e-05,2.926974228929566215e-04
2.638355621671614054e-02,1.962099298834497728e-05,2.612240697859664120e-05,2.999613130801513324e-04
2.666858664521474381e-02,2.010876985478785391e-05,2.677181815676263655e-05,3.074230312197796648e-04
2.695669635326545729e-02,2.060986235681918171e-05,2.743895784409344655e-05,3.150886814000628824e-04
2.724791860736059529e-02,2.112468291962580396e-05,2.812437517062393120e-05,3.229645923516996663e-04
2.754228703338158432e-02,2.165365891195460149e-05,2.882863916455854938e-05,3.310573227764916225e-04
2.783983562048154489e-02,2.219723284003803979e-05,2.955233901064672808e-05,3.393736644086802726e-04
2.814059872500989518e-02,2.275586247277419354e-05,3.029608421704643875e-05,3.479206440299755518e-04
2.844461107447910156e-02,2.333002241240202451e-05,3.106050670669508682e-05,3.567055476072834874e-04
2.875190777157477298e-02,2.392020461547009018e-05,3.184626151114763632e-05,3.657359283793397745e-04
2.906252429820858213e-02,2.452691883256554980e-05,3.265402735626832221e-05,3.750196137080803759e-04
2.937649651961522779e-02,2.515069334047032479e-05,3.348450763727232600e-05,3.845647164129100608e-04
2.969386068849358754e-02,2.579207561299824017e-05,3.433843131214505930e-05,3.943796451761827013e-04
3.001465344919269571e-02,2.645163311871603443e-05,3.521655396401474552e-05,4.044731169004010091e-04
3.033891184194265067e-02,2.712995451787530727e-05,3.611965939504762881e-05,4.148541751861198790e-04
3.066667330713176293e-02,2.782765026533427465e-05,3.704856042951593369e-05,4.255321997318181658e-04
3.099797568962939925e-02,2.854535350327999172e-05,3.800410010272443320e-05,4.365169201811305855e-04
3.133285724315577198e-02,2.928372100669380623e-05,3.898715292018600624e-05,4.478184307910496975e-04
3.167135663469889534e-02,3.004343416999263533e-05,3.999862617164911052e-05,4.594472057452080689e-04
3.201351294897931271e-02,3.082520003670587215e-05,4.103946130245282494e-05,4.714141151417931505e-04
3.235936569296277154e-02,3.162975237419839565e-05,4.211063534489109300e-05,4.837304416881735899e-04
3.270895480042222692e-02,3.245785279508462166e-05,4.321316241177763131e-05,4.964078981287218173e-04
3.306232063654854919e-02,3.331029192758953519e-05,4.434809525521824658e-05,5.094586454418196337e-04
3.341950400261133741e-02,3.418789063667051678e-05,4.551652689300897555e-05,5.228953118354000588e-04
3.378054614067003969e-02,3.509150129835124555e-05,4.671959230592576660e-05,5.367310125802034074e-04
3.414548873833590792e-02,3.602200912906312132e-05,4.795847020830180328e-05,5.509793707100959191e-04
3.451437393358556399e-02,3.698033357262013658e-05,4.923438489539104789e-05,5.656545386315993537e-04
3.488724431962617056e-02,3.796742974712860721e-05,5.054860817058559261e-05,5.807712206800036761e-04
3.526414294981378844e-02,3.898428995401474875e-05,5.190246135540063172e-05,5.963446966577858836e-04
3.564511334262433079e-02,4.003194531291555494e-05,5.329731746710039328e-05,6.123908473341737289e-04
3.603019948667841865e-02,4.111146779336322945e-05,5.473460392469196796e-05,6.289261860590232523e-04
3.641944584582053335e-02,4.222397129800539641e-05,5.621580399220435156e-05,6.459678758885860567e-04
3.681289736425308323e-02,4.337061359904231708e-05,5.774245935802888637e-05,6.635337598203659183e-04
3.721059947172562082e-02,4.455259827390614072e-05,5.931617271334182367e-05,6.816423910623978406e-04
3.761259808878073679e-02,4.577117680806966289e-05,6.093861055314509515e-05,7.003130659124604277e-04
3.801893963205602717e-02,4.702765167221693740e-05,6.261150727470043617e-05,7.195658716215737718e-04
3.842967101964363252e-02,4.832337658264200742e-05,6.433666552577340921e-05,7.394216911558664602e-04
3.884483967650761288e-02,4.965975918182059893e-05,6.611595977525527000e-05,7.599022450976495495e-04
3.926449353995992847e-02,5.103826477350263078e-05,6.795134128794491331e-05,7.810301497789809335e-04
3.968868106519522765e-02,5.246041842378358644e-05,6.984484092390585801e-05,8.028289504508509490e-04
4.011745123088614196e-02,5.392780518932112273e-05,7.179856944438901465e-05,8.253231258166754229e-04
4.055085354483829035e-02,5.544207645401301736e-05,7.381472595092169911e-05,8.485381862822170005e-04
4.098893804970674820e-02,5.700495067266156271e-05,7.589559887787028633e-05,8.725006865701602195e-04
4.143175532877424461e-02,5.861821510057938400e-05,7.804356829789188402e-05,8.972382535343658826e-04
4.187935651179169882e-02,6.028373339620341897e-05,8.026111604717327752e-05,9.227797041388762032e-04
4.233179328088201160e-02,6.200344236168318186e-05,8.255082138873494259e-05,9.491549969956886027e-04
4.278911787650720167e-02,6.377936245251166229e-05,8.491537500870575223e-05,9.763953951753604442e-04
4.325138310350077481e-02,6.561359415627259991e-05,8.735757419833469666e-05,1.004533412438892012e-03
4.371864233716454828e-02,6.750832885575315349e-05,8.988033732152078637e-05,1.033602981777965351e-03
4.419094952943167925e-02,6.946584529799978199e-05,9.248669911762393556e-05,1.063639403314514936e-03
4.466835921509617474e-02,7.148852132833375078e-05,9.517982632927732007e-05,1.094679526561849990e-03
4.515092651810984764e-02,7.357883046197608902e-05,9.796301314242922633e-05,1.126761700234148872e-03
4.563870715794687144e-02,7.573935264958038267e-05,1.008396955254706743e-04,1.159925940059965870e-03
4.613175745603784184e-02,7.797277595730515618e-05,1.038134534718294536e-04,1.194213957402516383e-03
4.663013434227265136e-02,8.028189951020006209e-05,1.068880149250455038e-04,1.229669207481251655e-03
4.713389536157391868e-02,8.266964344581058041e-05,1.100672690383473068e-04,1.266337045488157270e-03
4.764309868054143055e-02,8.513905070209151803e-05,1.133552685623327608e-04,1.304264757626200782e-03
4.815780309416835964e-02,8.769329135468874965e-05,1.167562356276400715e-04,1.343501631569959292e-03
4.867806803262973714e-02,9.033567216544231924e-05,1.202745744670007371e-04,1.384099107310526964e-03
4.920395356814499105e-02,9.306964064547159482e-05,1.239148768342204722e-04,1.426110844118567327e-03
4.973552042191384942e-02,9.589879102000456630e-05,1.276819299560681383e-04,1.469592817099585726e-03
5.027282997112758611e-02,9.882687006184871813e-05,1.315807243100781802e-04,1.514603412148646158e-03
5.081594425605590742e-02,1.018577856704101027e-04,1.356164650590024542e-04,1.561203563569361907e-03
5.136492598721039554e-02,1.049956135279995025e-04,1.397945809261378388e-04,1.609456862653136202e-03
5.191983855258548719e-02,1.082446041906226248e-04,1.441207336502339841e-04,1.659429673477551530e-03
5.248074602497715402e-02,1.116091909031647445e-04,1.486008284061008039e-04,1.711191260434231183e-03
5.304771316938159537e-02,1.150939977537291829e-04,1.532410246780671311e-04,1.764813921618596385e-03
5.362080545047294422e-02,1.187038481797662815e-04,1.580477476032254196e-04,1.820373128333088427e-03
5.420008904016223455e-02,1.224437738398370104e-04,1.630276998030174781e-04,1.877947670979171349e-03
5.478563082523788680e-02,1.263190238639790518e-04,1.681878737205529193e-04,1.937619811605380358e-03
5.537749841508889104e-02,1.303350744967197246e-04,1.735355644825078807e-04,1.999475443401410764e-03
5.597576014951091000e-02,1.344976391470563491e-04,1.790783833048184906e-04,2.063604257438932284e-03
5.658048510659768188e-02,1.388126788594120015e-04,1.848242714609918326e-04,2.130099916962238226e-03
5.719174311071671679e-02,1.432864132199244338e-04,1.907815148323306316e-04,2.199060239544934313e-03
5.780960474057165316e-02,1.479253317135921725e-04,1.969587590609364548e-04,2.270587387455293236e-03
5.843414133735158611e-02,1.527362055458031387e-04,2.033650253237151049e-04,2.344788066551340821e-03
5.906542501296856845e-02,1.577261005770175402e-04,2.100097275915403631e-04,2.421773743838933485e-03
5.970352865838358253e-02,1.629023911702037655e-04,2.169026911070045963e-04,2.501660880754977365e-03
6.034852595202346015e-02,1.682727709218383204e-04,2.240541667155648625e-04,2.584571120123536035e-03
6.100049136828777224e-02,1.738452675734418918e-04,2.314748507672499027e-04,2.670631539521425932e-03
6.165950018614805433e-02,1.796282581148549108e-04,2.391759052777200553e-04,2.759974909723109451e-03
6.232562849783987446e-02,1.856304879746212375e-04,2.471689835364224196e-04,2.852740018616554355e-03
6.299895321764893696e-02,1.918610795028554284e-04,2.554662414604855951e-04,2.949071832161200783e-03
6.367955209079147194e-02,1.983295503692676480e-04,2.640803621573284648e-04,3.049121811172428396e-03
6.436750370239177621e-02,2.050458387257280562e-04,2.730245895014439365e-04,3.153048335806226884e-03
6.506288748655557341e-02,2.120203095965454687e-04,2.823127367179753652e-04,3.261016842901942950e-03
6.576578373554188561e-02,2.192637784097869905e-04,2.919592177995691796e-04,3.373200231884709594e-03
6.647627360903403393e-02,2.267875369702472067e-04,3.019790821824070012e-04,3.489779312513451894e-03
6.719443914351071190e-02,2.346033575632952193e-04,3.123880203055436284e-04,3.610942917973585398e-03
6.792036326171833893e-02,2.427235349764189046e-04,3.232024196759739586e-04,3.736888610011407114e-03
6.865412978224534613e-02,2.511608850304266585e-04,3.344393630235402795e-04,3.867822714923021751e-03
6.939582342920085078e-02,2.599287914228498174e-04,3.461166908072890215e-04,4.003961114108727133e-03
7.014552984199695640e-02,2.690412041651318235e-04,3.582529992650455310e-04,4.145529289488054416e-03
7.090333558523706503e-02,2.785126897208368871e-04,3.708677073310414339e-04,4.292763177884651241e-03
7.166932815871113194e-02,2.883584311904388293e-04,3.839810570365069010e-04,4.445909256562231154e-03
7.244359600749888939e-02,2.985942753681728790e-04,3.976141763504586145e-04,4.605225364669112732e-03
7.322622853218160865e-02,3.092367503558895157e-04,4.117891028217532520e-04,4.770981075475965415e-03
7.401731609916548105e-02,3.203030877520809104e-04,4.265288133300306232e-04,4.943458148385073726e-03
7.481695005111525798e-02,3.318112693340803730e-04,4.418572864776091941e-04,5.122951372516141785e-03
7.562522271750117542e-02,3.437800429639776634e-04,4.577995240087553313e-04,5.309768941660185891e-03
7.644222742525980108e-02,3.562289534833926554e-04,4.743815922130735670e-04,5.504233074167370031e-03
7.726805850957012278e-02,3.691783882457735921e-04,4.916306828489652595e-04,5.706680874465911574e-03
7.810281132474534982e-02,3.826496026582648061e-04,5.095751474645605949e-04,5.917464896603674869e-03
7.894658225524382733e-02,3.966647507140152800e-04,5.282445383914709247e-04,6.136953800557404769e-03
7.979946872679748171e-02,4.112469270592214216e-04,5.476696651320362309e-04,6.365533205642947591e-03
8.066156921766112764e-02,4.264202073323743593e-04,5.678826484767247060e-04,6.603606535417938864e-03
8.153298326998334455e-02,4.422096829926848633e-04,5.889169673141036922e-04,6.851595796052369243e-03
8.241381150129996336e-02,4.586415015740969011e-04,6.108075127045093766e-04,7.109942461289034052e-03
8.330415561615205078e-02,4.757429080728610730e-04,6.335906435032651702e-04,7.379108398856458820e-03
8.420411841782858564e-02,4.935422865156875033e-04,6.573042422670625790e-04,7.659576825481236723e-03
8.511380382023746305e-02,5.120692082082255962e-04,6.819877801065942326e-04,7.951853395343402159e-03
8.603331685990334154e-02,5.313544759664387291e-04,7.076823762377755858e-04,8.256467256239331809e-03
8.696276370809574718e-02,5.514301708319021156e-04,7.344308608963610353e-04,8.573972178496352264e-03
8.790225168308817005e-02,5.723297009073969027e-04,7.622778411362113619e-04,8.904947754157664999e-03
8.885188926254958264e-02,5.940878517299102123e-04,7.912697687395441786e-04,9.250000660730742230e-03
8.981178609606928209e-02,6.167408382104788440e-04,8.214550102836704146e-04,9.609765993756699473e-03
9.078205301781838710e-02,6.403263581711281542e-04,8.528839194102012106e-04,9.984908672836498994e-03
9.176280205934665701e-02,6.648836475081265542e-04,8.856089113417844492e-04,1.037612492613609882e-02
9.275414646251836648e-02,6.904535370106020540e-04,9.196845396916629271e-04,1.078414385883373107e-02
9.375620069258774891e-02,7.170785108646526721e-04,9.551675756133313436e-04,1.120972911147945401e-02
9.476908045141561876e-02,7.448027668712666046e-04,9.921170893356660771e-04,1.165368061474872374e-02
9.579290269082893494e-02,7.736722784081719387e-04,1.030594534131910487e-03,1.211683644769801990e-02
9.682778562612454065e-02,8.037348581636813514e-04,1.070663832768790902e-03,1.260007480725836362e-02
9.787384874971888360e-02,8.350402236736647688e-04,1.112391466486796791e-03,1.310431609748339069e-02
9.893121284494552081e-02,8.676400671452744011e-04,1.155846569832593308e-03,1.363052518750946032e-02
9.999999999999989453e-02,9.015881241152012317e-04,1.201101024087474194e-03,1.417971376027784593e-02
1.010803336220383458e-01,9.369402411039837132e-04,1.248229549517735574e-03,1.475294276463583881e-02
1.021723384514258703e-01,9.737544507336481740e-04,1.297309807746995121e-03,1.535132511961466960e-02
1.032761405761395412e-01,1.012091046768820056e-03,1.348422504213970651e-03,1.597602856242432909e-02
1.043918674463272800e-01,1.052012661143043480e-03,1.401651493478526557e-03,1.662827868778751425e-02
1.055196478890237655e-01,1.093584344140261519e-03,1.457083888951850141e-03,1.730936221378024525e-02
1.066596121230254796e-01,1.136873657465550585e-03,1.514810190049248806e-03,1.802063065242088050e-02
1.078118917739263327e-01,1.181950738696983978e-03,1.574924371434023845e-03,1.876350372339423769e-02
1.089766198893157706e-01,1.228888389750094640e-03,1.637524004548938710e-03,1.953947339335806305e-02
1.101539309541410966e-01,1.277762167608428000e-03,1.702710382463571087e-03,2.035010821124941943e-02
1.113439609062357033e-01,1.328650480463879633e-03,1.770588652253789847e-03,2.119705801903761302e-02
1.125468471520155306e-01,1.381634694280319941e-03,1.841267961628161379e-03,2.208205915323846469e-02
1.137627285823429729e-01,1.436799189067353025e-03,1.914861538834776401e-03,2.300693915468808928e-02
1.149917455885663825e-01,1.494231471317802222e-03,1.991486847871039648e-03,2.397362279526235596e-02
1.162340400787285899e-01,1.554022284330759413e-03,2.071265741302713310e-03,2.498413850008331105e-02
1.174897554939527411e-01,1.616265732091063528e-03,2.154324631634271358e-03,2.604062547683037507e-02
1.187590368250046879e-01,1.681059325310831814e-03,2.240794559300102705e-03,2.714534004912156490e-02
1.200420306290342493e-01,1.748504111995026868e-03,2.330811373952390662e-03,2.830066399570441149e-02
1.213388850464974106e-01,1.818704823789292404e-03,2.424515937395686598e-03,2.950911381896928476e-02
1.226497498182613083e-01,1.891769964146017106e-03,2.522054249482496430e-03,3.077334974318909899e-02
1.239747763028940380e-01,1.967811883328836157e-03,2.623577557065568788e-03,3.209618527297196378e-02
1.253141174941411751e-01,2.046946943374545590e-03,2.729242583732489208e-03,3.348059920025778236e-02
1.266679280385911432e-01,2.129295675852324425e-03,2.839211750711706245e-03,3.492974850948907944e-02
1.280363642535315150e-01,2.214982803395483275e-03,2.953653216666790073e-03,3.644698000410009214e-02
1.294195841449985174e-01,2.304137418747071678e-03,3.072741128662204082e-03,3.803584592930257108e-02
1.308177474260192874e-01,2.396893186740360789e-03,3.196655904747255916e-03,3.970012143918014158e-02
1.322310155350558958e-01,2.493388354636568837e-03,3.325584261540307559e-03,4.144382021080336015e-02
1.336595516546440210e-01,2.593765926679748174e-03,3.459719462200720394e-03,4.327121472200501362e-02
1.351035207302349883e-01,2.698173904466942639e-03,3.599261653553893596e-03,4.518685974233201119e-02
1.365630894892413960e-01,2.806765297136205092e-03,3.744417896855879811e-03,4.719561385663152003e-02
1.380384264602881328e-01,2.919698293067791908e-03,3.895402415656189655e-03,4.930266638837525750e-02
1.395297019926714788e-01,3.037136536462142246e-03,4.052436985348815100e-03,5.151356912984193098e-02
1.410370882760283440e-01,3.159249134155219744e-03,4.215750963600370382e-03,5.383426621033034903e-02
1.425607593602183365e-01,3.286210835626823291e-03,4.385581553884716245e-03,5.627113069827455877e-02
1.441008911754201316e-01,3.418202343684509197e-03,4.562174245632774107e-03,5.883100776184931741e-02
1.456576615524452223e-01,3.555410312567426102e-03,4.745782838155119567e-03,6.152125634163597978e-02
1.472312502432717995e-01,3.698027548123872243e-03,4.936669736791471017e-03,6.434979967725265593e-02
1.488218389417974297e-01,3.846253350289029985e-03,5.135106441772506990e-03,6.732518438147659656e-02
1.504296113048216033e-01,4.000293501688594565e-03,5.341373565775948615e-03,7.045663883366831692e-02
1.520547529732493575e-01,4.160360494369096107e-03,5.555761172581888223e-03,7.375414324048108761e-02
1.536974515935268792e-01,4.326673903452324735e-03,5.778569315302972860e-03,7.722851062255076116e-02
1.553578968393080351e-01,4.499460372413922014e-03,6.010108057327337439e-03,8.089146840829379570e-02
1.570362804333548801e-01,4.678953863759566061e-03,6.250697851665268194e-03,8.475575474719214408e-02
1.587327961696750334e-01,4.865396066448645328e-03,6.500670133850236510e-03,8.883522845070945806e-02
1.604476399358977790e-01,5.059036392993159978e-03,6.760367368431001618e-03,9.314498089043761475e-02
1.621810097358925007e-01,5.260132240587253073e-03,7.030143452999810388e-03,9.770146460184517267e-02
1.639331057126308111e-01,5.468949434726829914e-03,7.310364371284583558e-03,1.025226374684081593e-01
1.657041301712962045e-01,5.685762271051220118e-03,7.601408311722477294e-03,1.076281087759131255e-01
1.674942876026430660e-01,5.910853759676567946e-03,7.903666062173901607e-03,1.130392993314050243e-01
1.693037847066088120e-01,6.144516092547742947e-03,8.217541709280514611e-03,1.187796145039779899e-01
1.711328304161779112e-01,6.387050807210413114e-03,8.543452935827195241e-03,1.248746139005547512e-01
1.729816359215099464e-01,6.638768955247586513e-03,8.881831329924207499e-03,1.313521786998100571e-01
1.748504146943221649e-01,6.899991580928015178e-03,9.233123117374852223e-03,1.382426761724249165e-01
1.767393825125385953e-01,7.171050088501701621e-03,9.597789751559990257e-03,1.455790991782497934e-01
1.786487574852047011e-01,7.452286296442512704e-03,9.976308089422942713e-03,1.533971580249596789e-01
1.805787600776713187e-01,7.744052931596259737e-03,1.036917116687155992e-02,1.617353228913120111e-01
1.825296131370505448e-01,8.046714145542869373e-03,1.077688901314451629e-02,1.706347784272475299e-01
1.845015419179468208e-01,8.360645628416320599e-03,1.119998893232777848e-02,1.801392423697468215e-01
1.864947741084657662e-01,8.686235023445849912e-03,1.163901619939378997e-02,1.902946251135054501e-01
1.885095398565042046e-01,9.023882433692695035e-03,1.209453489142527094e-02,2.011484754882880421e-01
1.905460717963239903e-01,9.374000936392297423e-03,1.256712874107567338e-02,2.127491556755503888e-01
1.926046050754132155e-01,9.737016739074171034e-03,1.305740151900375116e-02,2.251446763399243267e-01
1.946853773816379918e-01,1.011336976791407487e-02,1.356597801276024362e-02,2.383811659197891675e-01
1.967886289706842762e-01,1.050351420649377372e-02,1.409350495373592332e-02,2.525009215353848924e-01
1.989146026938030942e-01,1.090791907826716214e-02,1.464065201931272209e-02,2.675400326533928230e-01
2.010635440258484452e-01,1.132706851770208349e-02,1.520811243089921667e-02,2.835255924518461090e-01
2.032357010936217678e-01,1.176146244601480872e-02,1.579660411740151094e-02,3.004726073714582557e-01
2.054313247045217450e-01,1.221161717155701959e-02,1.640687079717731769e-02,3.183807414547192849e-01
2.076506683755036942e-01,1.267806610743551880e-02,1.703968324092909603e-02,3.372311320154888215e-01
2.098939883623518465e-01,1.316136024543723693e-02,1.769584022786065830e-02,3.569835625980883331e-01
2.121615436892678175e-01,1.366206882311301642e-02,1.837616978897627096e-02,3.775743616019106574e-01
2.144535961787787659e-01,1.418078009570109856e-02,1.908153062073462275e-02,3.989153862615977819e-01
2.167704104819686839e-01,1.471810208286036988e-02,1.981281349503547645e-02,4.208944054889607878e-01
2.191122541090361753e-01,1.527466342130007031e-02,2.057094284640408749e-02,4.433770981792665711e-01
2.214793974601832194e-01,1.585111411783550125e-02,2.135687825964486392e-02,4.662107037326504999e-01
2.238721138568337543e-01,1.644812636544854337e-02,2.217161608194899783e-02,4.892291732945698857e-01
2.262906795731973453e-01,1.706639553426722578e-02,2.301619131605984678e-02,5.122594615809402674e-01
2.287353738681658921e-01,1.770664114693753372e-02,2.389167953892825519e-02,5.351284202931577694e-01
2.312064790175590578e-01,1.836960790955401851e-02,2.479919894700301219e-02,5.576696741643005772e-01
2.337042803467170304e-01,1.905606680876038503e-02,2.573991254743030616e-02,5.797298640877203146e-01
2.362290662634456417e-01,1.976681630125256758e-02,2.671503053644428902e-02,6.011737427591163918e-01
2.387811282913171462e-01,2.050268344409951482e-02,2.772581266266830810e-02,6.218877745666072654e-01
2.413607611033310174e-01,2.126452522766219752e-02,2.877357094037532453e-02,6.417821088576484145e-01
2.439682625559382312e-01,2.205322996184758133e-02,2.985967251546028586e-02,6.607909788980164123e-01
2.466039337234330608e-01,2.286971873444869699e-02,3.098554271735065591e-02,6.788717415165527180e-01
2.492680789327167412e-01,2.371494695998673657e-02,3.215266833055853424e-02,6.960028705487103506e-01
2.519610057984362217e-01,2.458990602583589757e-02,3.336260110451508970e-02,7.121812540853285078e-01
2.546830252585038923e-01,2.549562504298548415e-02,3.461696152207636989e-02,7.274191312422277900e-01
2.574344516099962288e-01,2.643317270942320552e-02,3.591744284901191020e-02,7.417409543625678170e-01
2.602156025454493427e-01,2.740365929481480486e-02,3.726581548889824902e-02,7.551803945758264192e-01
2.630267991895378077e-01,2.840823875590037587e-02,3.866393167013789517e-02,7.677776372057765197e-01
2.658683661361539441e-01,2.944811099285745207e-02,4.011373049435752042e-02,7.795770489277862314e-01
2.687406314858871159e-01,3.052452425825624358e-02,4.161724337886029551e-02,7.906252464427102611e-01
2.716439268839075938e-01,3.163877772928899018e-02,4.317659992611847658e-02,8.009695585033457244e-01
2.745785875582600344e-01,3.279222425605073099e-02,4.479403425795434879e-02,8.106568486237456517e-01
2.775449523585701850e-01,3.398627330614431563e-02,4.647189186446254450e-02,8.197326524467052344e-01
2.805433637951704196e-01,3.522239411408758375e-02,4.821263700323633050e-02,8.282405785908596441e-01
2.835741680786473262e-01,3.650211905501245246e-02,5.001886070194884459e-02,8.362219225844209625e-01
2.866377151598167861e-01,3.782704726137042783e-02,5.189328941847997506e-02,8.437154476358617039e-01
2.897343587701310952e-01,3.919884850269852311e-02,5.383879441691144518e-02,8.507572919498564978e-01
2.928644564625234037e-01,4.061926735095412744e-02,5.585840192342342303e-02,8.573809688598104106e-01
2.960283696526882502e-01,4.209012765707859094e-02,5.795530413277908549e-02,8.636174324494055865e-01
2.992264636608185091e-01,4.361333736103684133e-02,6.013287113321749006e-02,8.694951871150601308e-01
3.024591077537829853e-01,4.519089366611588748e-02,6.239466383135455069e-02,8.750404245635277078e-01
3.057266751877646405e-01,4.682488860793789648e-02,6.474444795944453435e-02,8.802771758873126906e-01
3.090295432513583407e-01,4.851751505155574296e-02,6.718620925195856186e-02,8.852274697232855871e-01
3.123680933091346756e-01,5.027107315285496425e-02,6.972416988193379239e-02,8.899114901445924763e-01
3.157427108456736797e-01,5.208797732341272774e-02,7.236280624970627129e-02,8.943477299706142913e-01
3.191537855100751719e-01,5.397076374104273211e-02,7.510686821706830107e-02,8.985531367127682634e-01
3.226017111609489896e-01,5.592209845142563640e-02,7.796139987784690695e-02,9.025432495050700332e-01
3.260868859118921104e-01,5.794478610945693470e-02,8.093176195051503263e-02,9.063323261846710777e-01
3.296097121774564931e-01,6.004177941218068887e-02,8.402365586862035884e-02,9.099334602618628365e-01
3.331705967196149087e-01,6.221618935146682600e-02,8.724314973766142400e-02,9.133586880210580183e-01
3.367699506947230415e-01,6.447129619993756389e-02,9.059670598334869374e-02,9.166190858764444727e-01
3.404081897010004520e-01,6.681056125348436292e-02,9.409121063646193328e-02,9.197248585520382269e-01
3.440857338265128074e-01,6.923763966985534146e-02,9.773400462420571422e-02,9.226854191164021168e-01
3.478030076976784124e-01,7.175639424143599732e-02,1.015329166332941679e-01,9.255094611634274715e-01
3.515604405282973799e-01,7.437091022310390875e-02,1.054962974475704834e-01,9.282050239117315416e-01
3.553584661691110980e-01,7.708551134814181638e-02,1.096330555844935162e-01,9.307795509376824983e-01
3.591975231578961592e-01,7.990477733678851002e-02,1.139526941983886738e-01,9.332399433291602708e-01
3.630780547701003003e-01,8.283356160443144933e-02,1.184653466139162364e-01,9.355926066606546909e-01
3.670005090700249051e-01,8.587701105471104435e-02,1.231818125109601370e-01,9.378434941107027800e-01
3.709653389625606756e-01,8.904058706110594412e-02,1.281135923371617968e-01,9.399981452081220823e-01
3.749730022454821343e-01,9.233008784013682635e-02,1.332729189234378442e-01,9.420617208240130713e-01
3.790239616623070629e-01,9.575167281909097161e-02,1.386727856148462223e-01,9.440390351289889015e-01
3.831186849557284835e-01,9.931188584141342757e-02,1.443269639346959343e-01,9.459345830823636669e-01
3.872576449216167949e-01,1.030176814077698177e-01,1.502500149441362565e-01,9.477525665306544278e-01
3.914413194636193194e-01,1.068764516630739680e-01,1.564572879035118769e-01,9.494969176711097747e-01
3.956701916483357784e-01,1.108960555541233101e-01,1.629649052508558849e-01,9.511713208805951947e-01
3.999447497610967295e-01,1.150848445064424352e-01,1.697897210307924287e-01,9.527792308697115020e-01
4.042654873623434120e-01,1.194516899255022302e-01,1.769492570685485267e-01,9.543238901851127665e-01
4.086329033446164383e-01,1.240060111936160392e-01,1.844616103454908840e-01,9.558083455388612926e-01
4.130475019901602152e-01,1.287578036248085422e-01,1.923453260944003873e-01,9.572354629802207748e-01
4.175097930291498671e-01,1.337176566228822916e-01,2.006192157527878217e-01,9.586079395366383649e-01
4.220202916985469899e-01,1.388967740228210512e-01,2.093021352012215675e-01,9.599283158422045048e-01
4.265795188015911177e-01,1.443069918902200599e-01,2.184127122469533278e-01,9.611989881651812340e-01
4.311880007679345650e-01,1.499607819864452463e-01,2.279690014397655340e-01,9.624222175742569441e-01
4.358462697144260267e-01,1.558712461891864631e-01,2.379880749306764742e-01,9.636001387087964609e-01
4.405548635065529295e-01,1.620521078313878482e-01,2.484855625884571928e-01,9.647347696075289081e-01
4.453143258205398691e-01,1.685176809816770205e-01,2.594751160758086983e-01,9.658280191382343505e-01
4.501252062061329995e-01,1.752828151070605356e-01,2.709678039421427598e-01,9.668816930025584400e-01
4.549880601500477795e-01,1.823628351597633146e-01,2.829714890548398198e-01,9.678975021370413989e-01
4.599034491401093327e-01,1.897734414275052961e-01,2.954901511436266448e-01,9.688770680751932485e-01
4.648719407300844209e-01,1.975305748747715751e-01,3.085231943323341608e-01,9.698219276686083079e-01
4.698941086052142446e-01,2.056502714881222882e-01,3.220648153580278339e-01,9.707335403927308537e-01
4.749705326484542356e-01,2.141484464953833933e-01,3.361033741641898387e-01,9.716132912865603766e-01
4.801017990074306629e-01,2.230406531968678885e-01,3.506208873268629733e-01,9.724624959262969659e-01
4.852885001621193850e-01,2.323418075373802349e-01,3.655926732504259924e-01,9.732824058784046439e-01
4.905312349932569038e-01,2.420658256969505373e-01,3.809871058694171975e-01,9.740742101837875921e-01
4.958306088514895515e-01,2.522252663549778839e-01,3.967656600547073698e-01,9.748390413180046954e-01
5.011872336272719108e-01,2.628308845311386754e-01,4.128831206656280450e-01,9.755779769979768812e-01
5.066017278215118047e-01,2.738911652724303480e-01,4.292880716049396472e-01,9.762920435383485307e-01
5.120747166169953291e-01,2.854118431941159439e-01,4.459236560961983287e-01,9.769822198392542623e-01
5.176068319505668924e-01,2.973953546209612830e-01,4.627284951517722233e-01,9.776494380428041309e-01
5.231987125860969590e-01,3.098403641699574163e-01,4.796379125469680815e-01,9.782945885543126163e-01
5.288510041882368284e-01,3.227412234747278341e-01,4.965851842369163327e-01,9.789185198346987971e-01
5.345643593969704455e-01,3.360875660438223389e-01,5.135030032518896892e-01,9.795220429932464112e-01
5.403394379029703432e-01,3.498638852972318358e-01,5.303248483713193240e-01,9.801059317860104647e-01
5.461769065237697118e-01,3.640492902413661191e-01,5.469864084526482317e-01,9.806709262484213374e-01
5.520774392807555886e-01,3.786173182234810475e-01,5.634268098182524387e-01,9.812177331587945694e-01
5.580417174769944921e-01,3.935359543056670129e-01,5.795897474779658776e-01,9.817470288066670880e-01
5.640704297758992736e-01,4.087677683359393077e-01,5.954243517039062850e-01,9.822594597062788147e-01
5.701642722807451769e-01,4.242702761922639287e-01,6.108858732254649482e-01,9.827556449039812625e-01
5.763239486150469881e-01,4.399964327163041755e-01,6.259360763930469362e-01,9.832361765468043968e-01
5.825501700037949426e-01,4.558953507333530220e-01,6.405434530627321932e-01,9.837016221755847667e-01
5.888436553555881359e-01,4.719131016194828554e-01,6.546831535898659515e-01,9.841525248126823389e-01
5.952051313456347970e-01,4.879937220616630822e-01,6.683368095226476235e-01,9.845894055208077589e-01
6.016353324996598362e-01,5.040801981568157064e-01,6.814921097355942647e-01,9.850127629186945510e-01
6.081350012787165582e-01,5.201156077275680412e-01,6.941423643708019009e-01,9.854230759596184219e-01
6.147048881649145313e-01,5.360441232358811314e-01,7.062858810508311214e-01,9.858208031652690995e-01
6.213457517480739378e-01,5.518120877996616214e-01,7.179253993266002665e-01,9.862063851393324532e-01
6.280583588133160644e-01,5.673688880320925110e-01,7.290674254740815430e-01,9.865802442835281960e-01
6.348434844295991475e-01,5.826677634070549505e-01,7.397216285537110414e-01,9.869427861455585260e-01
6.417019120392126741e-01,5.976664512479311631e-01,7.499002559750305164e-01,9.872944004400635576e-01
6.486344335482359114e-01,6.123276144029162760e-01,7.596175589956004615e-01,9.876354608941446678e-01
6.556418494179760970e-01,6.266191853749093488e-01,7.688893304499800907e-01,9.879663271446891271e-01
6.627249687573956161e-01,6.405144519128416203e-01,7.777324371073590648e-01,9.882873444576917299e-01
6.698846094165256115e-01,6.539920419636242599e-01,7.861644458868896068e-01,9.885988446534188512e-01
6.771215980809133228e-01,6.670357797405467304e-01,7.942033090940091578e-01,9.889011471166683220e-01
6.844367703670655168e-01,6.796343783019498375e-01,8.018670707738203562e-01,9.891945585612834657e-01
6.918309709189350842e-01,6.917811095619027517e-01,8.091736619989378099e-01,9.894793742283953808e-01
6.993050535054474715e-01,7.034733815600594520e-01,8.161407205375406093e-01,9.897558783246286351e-01
7.068598811190808240e-01,7.147122611356773181e-01,8.227854398365347377e-01,9.900243440203660983e-01
7.144963260755112788e-01,7.255020234416271752e-01,8.291244778011844785e-01,9.902850344419278361e-01
7.222152701143345066e-01,7.358496766397837341e-01,8.351738787217841686e-01,9.905382030330915910e-01
7.300176045008754944e-01,7.457644929157857261e-01,8.409490141924836903e-01,9.907840936604682680e-01
7.379042301290982264e-01,7.552575869089506178e-01,8.464645563872899015e-01,9.910229412060775900e-01
7.458760576256269204e-01,7.643415264064605807e-01,8.517344665305360829e-01,9.912549721167139838e-01
7.539340074548941395e-01,7.730299661722119797e-01,8.567719873979086076e-01,9.914804045502896290e-01
7.620790100254112298e-01,7.813373266031836684e-01,8.615896483458330701e-01,9.916994485938026571e-01
7.703120057972135948e-01,7.892785298158598861e-01,8.661992875764995548e-01,9.919123068961350764e-01
7.786339453904397301e-01,7.968687593498690047e-01,8.706120707612650111e-01,9.921191748714822678e-01
7.870457896950971977e-01,8.041232598207443960e-01,8.748385151543658367e-01,9.923202409436198135e-01
7.955485099820114314e-01,8.110571703542561739e-01,8.788885159820468695e-01,9.925156867475916078e-01
8.041430880149730287e-01,8.176853979281216711e-01,8.827713795834190025e-01,9.927056875603587072e-01
8.128305161640970722e-01,8.240225116494501734e-01,8.864958534776729016e-01,9.928904125367418176e-01
8.216117975204064727e-01,8.300826603415855098e-01,8.900701561014487950e-01,9.930700249047137440e-01
8.304879460116539880e-01,8.358795128267567653e-01,8.935020073365185223e-01,9.932446822017777510e-01
8.394599865193944632e-01,8.414262147117296253e-01,8.967986576717047464e-01,9.934145364658070188e-01
8.485289549973229484e-01,8.467353628024156809e-01,8.999669181058861378e-01,9.935797345029576677e-01
8.576958985908905708e-01,8.518189903676716135e-01,9.030131881327149168e-01,9.937404181096020084e-01
8.669618757582159274e-01,8.566885605867674558e-01,9.059434814289378801e-01,9.938967242317993112e-01
8.763279563922872217e-01,8.613549691281184861e-01,9.087634509169093544e-01,9.940487851531545349e-01
8.857952219445155428e-01,8.658285529146072523e-01,9.114784124332704351e-01,9.941967286743949028e-01
8.953647655495923230e-01,8.701191036337654339e-01,9.140933670015480850e-01,9.943406782849977255e-01
9.050376921517103712e-01,8.742358847840681069e-01,9.166130217292646210e-01,9.944807533273464228e-01
9.148151186321461514e-01,8.781876510967445704e-01,9.190418092692062002e-01,9.946170691481889259e-01
9.246981739382201804e-01,8.819826701298089100e-01,9.213839062735930119e-01,9.947497372590480280e-01
9.346879992136504223e-01,8.856287446244037742e-01,9.236432504443465863e-01,9.948788654807980691e-01
9.447857479303141126e-01,8.891332351707517123e-01,9.258235562863796897e-01,9.950045580747099994e-01
9.549925860214327766e-01,8.925030831704915402e-01,9.279283298798970403e-01,9.951269158744342480e-01
9.653096920161967631e-01,8.957448335683807494e-01,9.299608826147999219e-01,9.952460364124773307e-01
9.757382571758436152e-01,8.988646571055647350e-01,9.319243439526223582e-01,9.953620140413185213e-01
9.862794856312098180e-01,9.018683719107555286e-01,9.338216732799978770e-01,9.954749400495452871e-01
9.969345945217517047e-01,9.047614642978254462e-01,9.356556709154660867e-01,9.955849027731860090e-01
1.007704814136102911e+00,9.075491086805180796e-01,9.374289883287847402e-01,9.956919877024504872e-01
1.018591388054115310e+00,9.102361865485789627e-01,9.391441376289396681e-01,9.957962775841603387e-01
1.029595573290452259e+00,9.128273044762772459e-01,9.408035003739217972e-01,9.958978525199763121e-01
1.040718640439728615e+00,9.153268111549281993e-01,9.424093357521584613e-01,9.959967900607101798e-01
1.051961873823220373e+00,9.177388134572170841e-01,9.439637881823463861e-01,9.960931652968768590e-01
1.063326571637158491e+00,9.200671916635024816e-01,9.454688944469066270e-01,9.961870509500566628e-01
1.074814046102623433e+00,9.223156135666469302e-01,9.469265901984660339e-01,9.962785174529664722e-01
1.086425623617061964e+00,9.244875476794939262e-01,9.483387159977358927e-01,9.963676330254405134e-01
1.098162644907438201e+00,9.265862757750920053e-01,9.497070230423231285e-01,9.964544637546244310e-01
1.110026465185040001e+00,9.286149045428443438e-01,9.510331784520296150e-01,9.965390736689898610e-01
1.122018454301958901e+00,9.305763764821070039e-01,9.523187701909699987e-01,9.966215248095475765e-01
1.134139996909263148e+00,9.324734800763659903e-01,9.535653116540515617e-01,9.967018772982692010e-01
1.146392492616859826e+00,9.343088593770779715e-01,9.547742460000450127e-01,9.967801894076283586e-01
1.158777356155124449e+00,9.360850231516200104e-01,9.559469503299531379e-01,9.968565176363988201e-01
1.171296017538236534e+00,9.378043524140846632e-01,9.570847389247855164e-01,9.969309167390778548e-01
1.183949922229299734e+00,9.394691084354948041e-01,9.581888669180951279e-01,9.970034397970208850e-01
1.196740531307241007e+00,9.410814399999910540e-01,9.592605335870257877e-01,9.970741382775323292e-01
1.209669321635514772e+00,9.426433904334980962e-01,9.603008856036688856e-01,9.971430621022340235e-01
1.222737786032627616e+00,9.441569037499673023e-01,9.613110198048162580e-01,9.972102596947443054e-01
1.235947433444506638e+00,9.456238297804762105e-01,9.622919853790629086e-01,9.972757779993820515e-01
1.249299789118729187e+00,9.470459301419316134e-01,9.632447867046718404e-01,9.973396625522671366e-01
1.262796394780634213e+00,9.484248839566672418e-01,9.641703861114778729e-01,9.974019575565847839e-01
1.276438808811338976e+00,9.497622916322850939e-01,9.650697054233302596e-01,9.974627058840231930e-01
1.290228606427674896e+00,9.510596793013778028e-01,9.659436280145661247e-01,9.975219491177149678e-01
1.304167379864076048e+00,9.523185039304381538e-01,9.667930013894633356e-01,9.975797276376666689e-01
1.318256738556405683e+00,9.535401564350786119e-01,9.676186384856662048e-01,9.976360806264110703e-01
1.332498309327817987e+00,9.547259649946141513e-01,9.684213191688743061e-01,9.976910460929578894e-01
1.346893736576580514e+00,9.558771997134108966e-01,9.692017926964090480e-01,9.977446609687262713e-01
1.361444682465947187e+00,9.569950744131480169e-01,9.699607782920195431e-01,9.977969610793780975e-01
1.376152827116081667e+00,9.580807502897709105e-01,9.706989670300933959e-01,9.978479812108443925e-01
1.391019868798049286e+00,9.591353390462851181e-01,9.714170234122934122e-01,9.978977551591002859e-01
1.406047524129909965e+00,9.601599043956747792e-01,9.721155858761428847e-01,9.979463157098825699e-01
1.421237528274924555e+00,9.611554660020283913e-01,9.727952690022328985e-01,9.979936947400047664e-01
1.436591635141906798e+00,9.621230002203986498e-01,9.734566635757622155e-01,9.980399231732267618e-01
1.452111617587736880e+00,9.630634437612366483e-01,9.741003386763603666e-01,9.980850310805335912e-01
1.467799267622063697e+00,9.639776943458481240e-01,9.747268417433081478e-01,9.981290476422404190e-01
1.483656396614224438e+00,9.648666139025003918e-01,9.753367004067705626e-01,9.981720012364873051e-01
1.499684835502371971e+00,9.657310291465939223e-01,9.759304225539437994e-01,9.982139194065883236e-01
1.515886435004916377e+00,9.665717344656031829e-01,9.765084979998289727e-01,9.982548289436952160e-01
1.532263065834194471e+00,9.673894923617900599e-01,9.770713985042094318e-01,9.982947558551776845e-01
1.548816618912478571e+00,9.681850360190584759e-01,9.776195792690548503e-01,9.983337254397576244e-01
1.565549005590309184e+00,9.689590698710139893e-01,9.781534790807387969e-01,9.983717622687315885e-01
1.582462157867190022e+00,9.697122714375698838e-01,9.786735213430513003e-01,9.984088902321980319e-01
1.599558028614664673e+00,9.704452925575476341e-01,9.791801147115059001e-01,9.984451325588122872e-01
1.616838591801804226e+00,9.711587601694638971e-01,9.796736534303589483e-01,9.984805118158333048e-01
1.634305842723132285e+00,9.718532780328928977e-01,9.801545183340558687e-01,9.985150499582616801e-01
1.651961798229009126e+00,9.725294274197671118e-01,9.806230771502251198e-01,9.985487683294366201e-01
1.669808496958508304e+00,9.731877680553532306e-01,9.810796849869030112e-01,9.985816876760542637e-01
1.687847999574805913e+00,9.738288394210664611e-01,9.815246850824496105e-01,9.986138281834401331e-01
1.706082389003122257e+00,9.744531614245279805e-01,9.819584091275852522e-01,9.986452094811736346e-01
1.724513770671199708e+00,9.750612351600601579e-01,9.823811776594996159e-01,9.986758506549219261e-01
1.743144272752443991e+00,9.756535439609673732e-01,9.827933006680439343e-01,9.987057702747167420e-01
1.761976046411626307e+00,9.762305540744771193e-01,9.831950779484444070e-01,9.987349864057831761e-01
1.781011266053275088e+00,9.767927153539419649e-01,9.835867994737406139e-01,9.987635166217780913e-01
1.800252129572741389e+00,9.773404619134274940e-01,9.839687457483323740e-01,9.987913780174073608e-01
1.819700858609978988e+00,9.778742129009130313e-01,9.843411882511398092e-01,9.988185872284017774e-01
1.839359698806064980e+00,9.783943730792818982e-01,9.847043897512898214e-01,9.988451604429576802e-01
1.859230920062492132e+00,9.789013334025657986e-01,9.850586046263294371e-01,9.988711134140665360e-01
1.879316816803262125e+00,9.793954715833901314e-01,9.854040791798962529e-01,9.988964614724253899e-01
1.899619708239810745e+00,9.798771526275346089e-01,9.857410519415312766e-01,9.989212195386698578e-01
1.920141938638794121e+00,9.803467293459090515e-01,9.860697539555602908e-01,9.989454021353874058e-01
1.940885877592769981e+00,9.808045428664755594e-01,9.863904090744831654e-01,9.989690234000218050e-01
1.961853920293807896e+00,9.812509230794229653e-01,9.867032342098276398e-01,9.989920970951204904e-01
1.983048487810021410e+00,9.816861890786026112e-01,9.870084395843090608e-01,9.990146366191903216e-01
2.004472027365158393e+00,9.821106495834817096e-01,9.873062289739751307e-01,9.990366550172807836e-01
2.026127012621139922e+00,9.825246033413429503e-01,9.875967999399534181e-01,9.990581649911675077e-01
2.048015943963689356e+00,9.829283395108933119e-01,9.878803440503197697e-01,9.990791789092563491e-01
2.070141348791037395e+00,9.833221380282218815e-01,9.881570470925878924e-01,9.990997088161478468e-01
2.092505781805747311e+00,9.837062699561606172e-01,9.884270892773212580e-01,9.991197664419112501e-01
2.115111825309693661e+00,9.840809978178615136e-01,9.886906454332790029e-01,9.991393632110463496e-01
2.137962089502225549e+00,9.844465759155123230e-01,9.889478851945620042e-01,9.991585102511695293e-01
2.161059212781553995e+00,9.848032506349223558e-01,9.891989731800751029e-01,9.991772184014605651e-01
2.184405862049392688e+00,9.851512607367436392e-01,9.894440691657842013e-01,9.991954982207784663e-01
2.208004733018891219e+00,9.854908376350315358e-01,9.896833282500078210e-01,9.992133599955851375e-01
2.231858550525902540e+00,9.858222056637697683e-01,9.899169010121493528e-01,9.992308137476183516e-01
2.255970068843573983e+00,9.861455823319980052e-01,9.901449336651599875e-01,9.992478692412988250e-01
2.280342072000415055e+00,9.864611785681149936e-01,9.903675682019914550e-01,9.992645359909373415e-01
2.304977374101723875e+00,9.867691989539024711e-01,9.905849425363829619e-01,9.992808232677321545e-01
2.329878819654524147e+00,9.870698419493340037e-01,9.907971906385951710e-01,9.992967401065347977e-01
2.355049283896004653e+00,9.873633001075653448e-01,9.910044426655539862e-01,9.993122953124564667e-01
2.380491673125508800e+00,9.876497602774451101e-01,9.912068250834947802e-01,9.993274974670155464e-01
2.406208925040109747e+00,9.879294038033683556e-01,9.914044607899055173e-01,9.993423549344753187e-01
2.432204009073807960e+00,9.882024067150779745e-01,9.915974692295334014e-01,9.993568758677858765e-01
2.458479926740399613e+00,9.884689399097230655e-01,9.917859665059233221e-01,9.993710682144513191e-01
2.485039711980042476e+00,9.887291693260373826e-01,9.919700654884393565e-01,9.993849397221248321e-01
2.511886431509570361e+00,9.889832561093701013e-01,9.921498759137240553e-01,9.993984979439406446e-01
2.539023185176590314e+00,9.892313567749294601e-01,9.923255044867773655e-01,9.994117502439190392e-01
2.566453106317414079e+00,9.894736233634287004e-01,9.924970549774960737e-01,9.994247038021906171e-01
2.594179362118811394e+00,9.897102035891459648e-01,9.926646283126218107e-01,9.994373656199672107e-01
2.622205153983763637e+00,9.899412409744486885e-01,9.928283226588229260e-01,9.994497425238971777e-01
2.650533717901075281e+00,9.901668749979378736e-01,9.929882335161490658e-01,9.994618411713872552e-01
2.679168324819026559e+00,9.903872412268250880e-01,9.931444538009276402e-01,9.994736680551861152e-01
2.708112281023050905e+00,9.906024714354466632e-01,9.932970739194736387e-01,9.994852295073223258e-01
2.737368928517495359e+00,9.908126937220093078e-01,9.934461818411159939e-01,9.994965317031522245e-01
2.766941645411503892e+00,9.910180326500748205e-01,9.935918631893059239e-01,9.995075806667865770e-01
2.796833846309068505e+00,9.912186093446365698e-01,9.937342013010501685e-01,9.995183822742284008e-01
2.827048982703296520e+00,9.914145415847542830e-01,9.938732772843543728e-01,9.995289422564315185e-01
2.857590543374936232e+00,9.916059439501477835e-01,9.940091701144575520e-01,9.995392662053806943e-01
2.888462054795207123e+00,9.917929278916347569e-01,9.941419566764068128e-01,9.995493595761014705e-01
2.919667081532982600e+00,9.919756018177372514e-01,9.942717118195164572e-01,9.995592276897131701e-01
2.951209226666382968e+00,9.921540712390399808e-01,9.943985084532510621e-01,9.995688757396501423e-01
2.983092132198760904e+00,9.923284387938179352e-01,9.945224175591316218e-01,9.995783087915419696e-01
3.015319479479288134e+00,9.924988043827241979e-01,9.946435082804294670e-01,9.995875317890873246e-01
3.047894989627977669e+00,9.926652652477924166e-01,9.947618479726610952e-01,9.995965495569738568e-01
3.080822423965354329e+00,9.928279160079458432e-01,9.948775022234465082e-01,9.996053668015372207e-01
3.114105584446752228e+00,9.929868488203498211e-01,9.949905349621214201e-01,9.996139881182752873e-01
3.147748314101307621e+00,9.931421533562249104e-01,9.951010084377219789e-01,9.996224179893727912e-01
3.181754497475692389e+00,9.932939169729737561e-01,9.952089833367887550e-01,9.996306607919541731e-01
3.216128061082643264e+00,9.934422246974198289e-01,9.953145187671202931e-01,9.996387207961292543e-01
3.250872973854332493e+00,9.935871593617354725e-01,9.954176723503300739e-01,9.996466021713793504e-01
3.285993247600642153e+00,9.937288016221237363e-01,9.955185002312314513e-01,9.996543089866228859e-01
3.321492937472385165e+00,9.938672300495858813e-01,9.956170571387217283e-01,9.996618452142582711e-01
3.357376142429544075e+00,9.940025211782325121e-01,9.957133964166251516e-01,9.996692147319453658e-01
3.393647005714508058e+00,9.941347495698683590e-01,9.958075700663310270e-01,9.996764213252788966e-01
3.430309715330543519e+00,9.942639878647056006e-01,9.958996287797073910e-01,9.996834686898168343e-01
3.467368504525310868e+00,9.943903068527540912e-01,9.959896219869318612e-01,9.996903604342227689e-01
3.504827652279669525e+00,9.945137754935226004e-01,9.960775978676347231e-01,9.996971000806087471e-01
3.542691483801748031e+00,9.946344610250869023e-01,9.961636034258727346e-01,9.997036910698597900e-01
3.580964371026351234e+00,9.947524289299832789e-01,9.962476844632270900e-01,9.997101367591212373e-01
3.619650733119767150e+00,9.948677430933152710e-01,9.963298856890062671e-01,9.997164404298298779e-01
3.658755036990021026e+00,9.949804657204927016e-01,9.964102506592737996e-01,9.997226052826349019e-01
3.698281797802649873e+00,9.950906575181969194e-01,9.964888219036015515e-01,9.997286344467625208e-01
3.738235579502040107e+00,9.951983776160706618e-01,9.965656408671348387e-01,9.997345309751711762e-01
3.778620995338404676e+00,9.953036836893269790e-01,9.966407479959735749e-01,9.997402978508270754e-01
3.819442708400449860e+00,9.954066319850589650e-01,9.967141827540387800e-01,9.997459379876153518e-01
3.860705432153809902e+00,9.955072773067827896e-01,9.967859836102033189e-01,9.997514542290563133e-01
3.902413930985232593e+00,9.956056731609321808e-01,9.968561881410633596e-01,9.997568493559244596e-01
3.944573020752778270e+00,9.957018716749627130e-01,9.969248329708468859e-01,9.997621260813173150e-01
3.987187569341828830e+00,9.957959237058520152e-01,9.969919538472665765e-01,9.997672870562315239e-01
4.030262497227166563e+00,9.958878788877879584e-01,9.970575856740339082e-01,9.997723348718153824e-01
4.073802778041118344e+00,9.959777855818893189e-01,9.971217624735737584e-01,9.997772720562440041e-01
4.117813439147832710e+00,9.960656910083006688e-01,9.971845174799224276e-01,9.997821010816186904e-01
4.162299562223765292e+00,9.961516412272779508e-01,9.972458831239535693e-01,9.997868243626327756e-01
4.207266283844427690e+00,9.962356811412639290e-01,9.973058910336189964e-01,9.997914442563785586e-01
4.252718796077487262e+00,9.963178546062316787e-01,9.973645721122758045e-01,9.997959630681446663e-01
4.298662347082260915e+00,9.963982043984771497e-01,9.974219565138497945e-01,9.998003830493242816e-01
4.345102241715697922e+00,9.964767722316686394e-01,9.974780736539660131e-01,9.998047063981247984e-01
4.392043842144899735e+00,9.965535988481517560e-01,9.975329522741241961e-01,9.998089352642651750e-01
4.439492568466276268e+00,9.966287240057066787e-01,9.975866204312926477e-01,9.998130717480564478e-01
4.487453899331315554e+00,9.967021864754060934e-01,9.976391054954434345e-01,9.998171179000577835e-01
4.535933372579267875e+00,9.967740241153003611e-01,9.976904342013207527e-01,9.998210757248656710e-01
4.584936585876504545e+00,9.968442739030145550e-01,9.977406326709018503e-01,9.998249471827611590e-01
4.634469197362870219e+00,9.969129718938302132e-01,9.977897263826441820e-01,9.998287341871303635e-01
4.684536926304997628e+00,9.969801532835219637e-01,9.978377402156258791e-01,9.998324386078120130e-01
4.735145553756677117e+00,9.970458524651890642e-01,9.978846984894431671e-01,9.998360622739794756e-01
4.786300923226369797e+00,9.971101029963237439e-01,9.979306249399779727e-01,9.998396069722025326e-01
4.838008941351921166e+00,9.971729376233962050e-01,9.979755427363236064e-01,9.998430744476080045e-01
4.890275578582572003e+00,9.972343883234829898e-01,9.980194745098939224e-01,9.998464664060143781e-01
4.943106869868335806e+00,9.972944863491323142e-01,9.980624423859201233e-01,9.998497845162905850e-01
4.996508915356815628e+00,9.973532621892722272e-01,9.981044679549295751e-01,9.998530304080065489e-01
5.050487881097581955e+00,9.974107456088274759e-01,9.981455723005139280e-01,9.998562056735321724e-01
5.105049999754057488e+00,9.974669656768937465e-01,9.981857760189620787e-01,9.998593118694071302e-01
5.160201571323274727e+00,9.975219508080152009e-01,9.982250992482990526e-01,9.998623505185613158e-01
5.215948963863236365e+00,9.975757287311257659e-01,9.982635616455725058e-01,9.998653231084042581e-01
5.272298614228216884e+00,9.976283265193589544e-01,9.983011824077517860e-01,9.998682310924179584e-01
5.329257028811992036e+00,9.976797706150364320e-01,9.983379802891467758e-01,9.998710758914116647e-01
5.386830784299095676e+00,9.977300868589111804e-01,9.983739736219230387e-01,9.998738588950087935e-01
5.445026528424197210e+00,9.977793004970382240e-01,9.984091803206369686e-01,9.998765814619698933e-01
5.503850980739676935e+00,9.978274361698148409e-01,9.984436178740137002e-01,9.998792449194467968e-01
5.563310933391500512e+00,9.978745179468858639e-01,9.984773033695588662e-01,9.998818505648654487e-01
5.623413251903470744e+00,9.979205693413759626e-01,9.985102535033862914e-01,9.998843996666010314e-01
5.684164875969949904e+00,9.979656133379285476e-01,9.985424846000038324e-01,9.998868934654405738e-01
5.745572820257153879e+00,9.980096723896663136e-01,9.985740126097696345e-01,9.998893331743625712e-01
5.807644175213114934e+00,9.980527684189325344e-01,9.986048531091713532e-01,9.998917199784840282e-01
5.870386107886300664e+00,9.980949228440707532e-01,9.986350213196864001e-01,9.998940550364536772e-01
5.933805862753271043e+00,9.981361565916743173e-01,9.986645321162790356e-01,9.998963394811187788e-01
5.997910762555083153e+00,9.981764901126080058e-01,9.986934000386117338e-01,9.998985744202693038e-01
6.062708209142829041e+00,9.982159434018339494e-01,9.987216393050016849e-01,9.999007609377441597e-01
6.128205684332284520e+00,9.982545359815384600e-01,9.987492638000847744e-01,9.999029000923900234e-01
6.194410750767798568e+00,9.982922869261514620e-01,9.987762870925228631e-01,9.999049929194046005e-01
6.261331052795507723e+00,9.983292148749839390e-01,9.988027224438176255e-01,9.999070404309937654e-01
6.328974317345991807e+00,9.983653380426557034e-01,9.988285828155879509e-01,9.999090436168799334e-01
6.397348354826458916e+00,9.984006742315983951e-01,9.988538808783157252e-01,9.999110034449503193e-01
6.466461060022573371e+00,9.984352408504868492e-01,9.988786290243462096e-01,9.999129208622349330e-01
6.536320413010021646e+00,9.984690549010103444e-01,9.989028393582606302e-01,9.999147967941180992e-01
6.606934480075954852e+00,9.985021329970832360e-01,9.989265237104431039e-01,9.999166321453789585e-01
6.678311414650267785e+00,9.985344913762638219e-01,9.989496936451010001e-01,9.999184278007620108e-01
6.750459458247166644e+00,9.985661459086714320e-01,9.989723604664884071e-01,9.999201846254400783e-01
6.823386941416685225e+00,9.985971121056824717e-01,9.989945352249910426e-01,9.999219034654592830e-01
6.897102284706591036e+00,9.986274051304402377e-01,9.990162287245072381e-01,9.999235851483003756e-01
6.971613999634659109e+00,9.986570398119785086e-01,9.990374515324343951e-01,9.999252304835806182e-01
7.046930689671452086e+00,9.986860306360604289e-01,9.990582139729657918e-01,9.999268402625797192e-01
7.123061051233719354e+00,9.987143917609085930e-01,9.990785261382375548e-01,9.999284152590210972e-01
7.200013874688522719e+00,9.987421370263210862e-01,9.990983978947447497e-01,9.999299562295863586e-01
7.277798045368216506e+00,9.987692799611178618e-01,9.991178388885568751e-01,9.999314639142830030e-01
7.356422544596386892e+00,9.987958337904218054e-01,9.991368585504220023e-01,9.999329390368070225e-01
7.435896450724879259e+00,9.988218114427367400e-01,9.991554661007395755e-01,9.999343823049481328e-01
7.516228940182023699e+00,9.988472255576893444e-01,9.991736705549985054e-01,9.999357944109543705e-01
7.597429288532222103e+00,9.988720884982633663e-01,9.991914807324633330e-01,9.999371760322227631e-01
7.679506871546832869e+00,9.988964123450774224e-01,9.992089052519645964e-01,9.999385278309183001e-01
7.762471166286906588e+00,9.989202089070023938e-01,9.992259525394359132e-01,9.999398504545835564e-01
7.846331752197344578e+00,9.989434897292226445e-01,9.992426308335894403e-01,9.999411445365360418e-01
7.931098312213011425e+00,9.989662660993080534e-01,9.992589481901983373e-01,9.999424106961884995e-01
8.016780633876773976e+00,9.989885490531780210e-01,9.992749124863022914e-01,9.999436495393778657e-01
8.103388610469611564e+00,9.990103493808935031e-01,9.992905314242629400e-01,9.999448616586531502e-01
8.190932242152950238e+00,9.990316776323313608e-01,9.993058125357718868e-01,9.999460476335759740e-01
8.279421637123316913e+00,9.990525441226881798e-01,9.993207631857431439e-01,9.999472080310093380e-01
8.368867012779485748e+00,9.990729589391016408e-01,9.993353905769631895e-01,9.999483434054748932e-01
8.459278696902227779e+00,9.990929319481755000e-01,9.993497017554541229e-01,9.999494542995605029e-01
8.550667128846798803e+00,9.991124727930349447e-01,9.993637036082853031e-01,9.999505412437073026e-01
8.643042860748321843e+00,9.991315909024190978e-01,9.993774028700341816e-01,9.999516047567550414e-01
8.736416558740211613e+00,9.991502954960750360e-01,9.993908061266157938e-01,9.999526453461891062e-01
8.830799004185616141e+00,9.991685955895439619e-01,9.994039198186495110e-01,9.999536635084014247e-01
8.926201094922470602e+00,9.991864999988109286e-01,9.994167502447363072e-01,9.999546597289432626e-01
9.022633846521683765e+00,9.992040173448444307e-01,9.994293035646839574e-01,9.999556344827612575e-01
9.120108393559078763e+00,9.992211560580260832e-01,9.994415858026171051e-01,9.999565882344367829e-01
9.218635990901049126e+00,9.992379243824874857e-01,9.994536028500702329e-01,9.999575214384208710e-01
9.318228015004089926e+00,9.992543303803312904e-01,9.994653604689333060e-01,9.999584345392310558e-01
9.418895965228387013e+00,9.992703819357511286e-01,9.994768642944168446e-01,9.999593279717067240e-01
9.520651465165572702e+00,9.992860867591925045e-01,9.994881198379418352e-01,9.999602021612084002e-01
9.623506263980852182e+00,9.993014523937047144e-01,9.994991324917015252e-01,9.999610575239837873e-01
9.727472237769614338e+00,9.993164862144584548e-01,9.995099075282569689e-01,9.999618944670873866e-01
9.832561390928695744e+00,9.993311954331182134e-01,9.995204501036578648e-01,9.999627133886765940e-01
9.938785857542505653e+00,9.993455871026740711e-01,9.995307652608437232e-01,9.999635146782263062e-01
1.004615790278394094e+01,9.993596681209859778e-01,9.995408579321953813e-01,9.999642987167325359e-01
1.015468992433078910e+01,9.993734452342949437e-01,9.995507329419879294e-01,9.999650658769068112e-01
1.026439445379708637e+01,9.993869250406268723e-01,9.995603950088287615e-01,9.999658165233564766e-01
1.037528415818010608e+01,9.994001139931193434e-01,9.995698487479919292e-01,9.999665510127536683e-01
1.048737184132295575e+01,9.994130184032598008e-01,9.995790986737491668e-01,9.999672696940113958e-01
1.060067044539296077e+01,9.994256444440851039e-01,9.995881492016004399e-01,9.999679729084786084e-01
1.071519305237603525e+01,9.994379981532608426e-01,9.995970046504870643e-01,9.999686609900761969e-01
1.083095288558718217e+01,9.994500854361170195e-01,9.996056692449363235e-01,9.999693342654556449e-01
1.094796331119732358e+01,9.994619120686144553e-01,9.996141471171596793e-01,9.999699930542115256e-01
1.106623783977662434e+01,9.994734837002204886e-01,9.996224423091155664e-01,9.999706376689661003e-01
1.118579012785447269e+01,9.994848058567367133e-01,9.996305587744898080e-01,9.999712684155728226e-01
1.130663397949634330e+01,9.994958839430693187e-01,9.996385003806900205e-01,9.999718855932389072e-01
1.142878334789770634e+01,9.995067232461216644e-01,9.996462709108863143e-01,9.999724894947030762e-01
1.155225233699497878e+01,9.995173289384257087e-01,9.996538740665944500e-01,9.999730804064178580e-01
1.167705520309425893e+01,9.995277060782479239e-01,9.996613134677545531e-01,9.999736586085555823e-01
1.180320635651727557e+01,9.995378596130765070e-01,9.996685926551995838e-01,9.999742243751849058e-01
1.193072036326531205e+01,9.995477943823656286e-01,9.996757150926074420e-01,9.999747779744665444e-01
1.205961194670105563e+01,9.995575151199332931e-01,9.996826841682239229e-01,9.999753196687121148e-01
1.218989598924863316e+01,9.995670264563094598e-01,9.996895031965105094e-01,9.999758497145786462e-01
1.232158753411200358e+01,9.995763329210152204e-01,9.996961754197827288e-01,9.999763683631485156e-01
1.245470178701191521e+01,9.995854389448058930e-01,9.997027040097976602e-01,9.999768758600788843e-01
1.258925411794162841e+01,9.995943488618662665e-01,9.997090920693103566e-01,9.999773724456969548e-01
1.272526006294161327e+01,9.996030669119283507e-01,9.997153426336039539e-01,9.999778583551250932e-01
1.286273532589340363e+01,9.996115972423803564e-01,9.997214586719641582e-01,9.999783338184100590e-01
1.300169578033284701e+01,9.996199439102948503e-01,9.997274430891380792e-01,9.999787990606163746e-01
1.314215747128298517e+01,9.996281108844206065e-01,9.997332987267508742e-01,9.999792543019220270e-01
1.328413661710649407e+01,9.996361020471492553e-01,9.997390283647034082e-01,9.999796997577631297e-01
1.342764961137861768e+01,9.996439211963956684e-01,9.997446347225137364e-01,9.999801356389154128e-01
1.357271302477985664e+01,9.996515720474844491e-01,9.997501204606616954e-01,9.999805621515794885e-01
1.371934360700934619e+01,9.996590582349467180e-01,9.997554881818684347e-01,9.999809794975096366e-01
1.386755828871885221e+01,9.996663833143281108e-01,9.997607404323820557e-01,9.999813878741048434e-01
1.401737418346766262e+01,9.996735507638914164e-01,9.997658797031931943e-01,9.999817874744800772e-01
1.416880858969860135e+01,9.996805639863485249e-01,9.997709084312744743e-01,9.999821784875957409e-01
1.432187899273538889e+01,9.996874263104997826e-01,9.997758290007416893e-01,9.999825610983228419e-01
1.447660306680157127e+01,9.996941409928752353e-01,9.997806437440239780e-01,9.999829354875194865e-01
1.463299867706127877e+01,9.997007112193088130e-01,9.997853549429931430e-01,9.999833018321753197e-01
1.479108388168201316e+01,9.997071401064924201e-01,9.997899648300697661e-01,9.999836603054198525e-01
1.495087693391978867e+01,9.997134307034972744e-01,9.997944755893020119e-01,9.999840110766688994e-01
1.511239628422651649e+01,9.997195859932659356e-01,9.997988893574372149e-01,9.999843543116723188e-01
1.527566058238070568e+01,9.997256088944102004e-01,9.998032082252050756e-01,9.999846901726151538e-01
1.544068867964064040e+01,9.997315022621288128e-01,9.998074342379646984e-01,9.999850188181871324e-01
1.560749963092108317e+01,9.997372688894705650e-01,9.998115693966157513e-01,9.999853404036280757e-01
1.577611269699345087e+01,9.997429115089593310e-01,9.998156156587448828e-01,9.999856550808339239e-01
1.594654734670974960e+01,9.997484327939016868e-01,9.998195749395757392e-01,9.999859629984207965e-01
1.611882325925053649e+01,9.997538353597058558e-01,9.998234491128932255e-01,9.999862643018011532e-01
1.629296032639717495e+01,9.997591217651361495e-01,9.998272400119574410e-01,9.999865591332410819e-01
1.646897865482862855e+01,9.997642945135445380e-01,9.998309494303692091e-01,9.999868476319562216e-01
1.664689856844308125e+01,9.997693560540957813e-01,9.998345791229454882e-01,9.999871299341440700e-01
1.682674061070460780e+01,9.997743087829417119e-01,9.998381308065628081e-01,9.999874061730690267e-01
1.700852554701524966e+01,9.997791550443732023e-01,9.998416061609853855e-01,9.999876764791203465e-01
1.719227436711271650e+01,9.997838971319720214e-01,9.998450068296693694e-01,9.999879409798857477e-01
1.737800828749373494e+01,9.997885372896919698e-01,9.998483344205590928e-01,9.999881998001945993e-01
1.756574875386415968e+01,9.997930777129598878e-01,9.998515905068570131e-01,9.999884530621941936e-01
1.775551744361495210e+01,9.997975205497295903e-01,9.998547766277720017e-01,9.999887008853790560e-01
1.794733626832523044e+01,9.998018679015024945e-01,9.998578942892705212e-01,9.999889433866802069e-01
1.814122737629224957e+01,9.998061218243663451e-01,9.998609449647974934e-01,9.999891806805296657e-01
1.833721315508877936e+01,9.998102843299556675e-01,9.998639300959771825e-01,9.999894128788563430e-01
1.853531623414805907e+01,9.998143573864404221e-01,9.998668510933077513e-01,9.999896400912042793e-01
1.873555948737671528e+01,9.998183429194623661e-01,9.998697093368394961e-01,9.999898624247545165e-01
1.893796603579585991e+01,9.998222428130605355e-01,9.998725061768345412e-01,9.999900799843630672e-01
1.914255925021078752e+01,9.998260589105854024e-01,9.998752429344135439e-01,9.999902928726467355e-01
1.934936275390944616e+01,9.998297930155640723e-01,9.998779209021851910e-01,9.999905011899994367e-01
1.955840042539011492e+01,9.998334468925880181e-01,9.998805413448760282e-01,9.999907050346643622e-01
1.976969640111858695e+01,9.998370222681486341e-01,9.998831054999187673e-01,9.999909045027649546e-01
1.998327507831479721e+01,9.998405208314611325e-01,9.998856145780588012e-01,9.999910996883440983e-01
2.019916111777026302e+01,9.998439442352807793e-01,9.998880697639294102e-01,9.999912906834378390e-01
2.041737944669525717e+01,9.998472940967013667e-01,9.998904722166094272e-01,9.999914775780941456e-01
2.063795526159707450e+01,9.998505719979086104e-01,9.998928230701887854e-01,9.999916604604101034e-01
2.086091403118935972e+01,9.998537794869554185e-01,9.998951234343088634e-01,9.999918394166071867e-01
2.108628149933283780e+01,9.998569180784966370e-01,9.998973743946772963e-01,9.999920145310376984e-01
2.131408368800780551e+01,9.998599892545186885e-01,9.998995770136097638e-01,9.999921858862464985e-01
2.154434690031876798e+01,9.998629944650375689e-01,9.999017323305126048e-01,9.999923535629940963e-01
2.177709772353151152e+01,9.998659351288019526e-01,9.999038413624085075e-01,9.999925176403031690e-01
2.201236303214299284e+01,9.998688126339608795e-01,9.999059051043831525e-01,9.999926781955076338e-01
2.225016999098439641e+01,9.998716283387459880e-01,9.999079245300938057e-01,9.999928353042657481e-01
2.249054605835779341e+01,9.998743835720960149e-01,9.999099005922192918e-01,9.999929890406135113e-01
2.273351898920627434e+01,9.998770796343053879e-01,9.999118342229069700e-01,9.999931394769949744e-01
2.297911683831916818e+01,9.998797177976410655e-01,9.999137263342350312e-01,9.999932866842971002e-01
2.322736796357103017e+01,9.998822993069513831e-01,9.999155778186212817e-01,9.999934307318678606e-01
2.347830102919607498e+01,9.998848253802635755e-01,9.999173895492804442e-01,9.999935716875817393e-01
2.373194500909788118e+01,9.998872972093491018e-01,9.999191623806090723e-01,9.999937096178440621e-01
2.398832919019484322e+01,9.998897159603095108e-01,9.999208971486102104e-01,9.999938445876378479e-01
2.424748317580178281e+01,9.998920827741208939e-01,9.999225946712830826e-01,9.999939766605425717e-01
2.450943688904808937e+01,9.998943987671861100e-01,9.999242557490223282e-01,9.999941058987671383e-01
2.477422057633276964e+01,9.998966650318538152e-01,9.999258811649791578e-01,9.999942323632046159e-01
2.504186481081686466e+01,9.998988826369507033e-01,9.999274716854595901e-01,9.999943561134080339e-01
2.531240049595353625e+01,9.999010526282856581e-01,9.999290280602628478e-01,9.999944772076735378e-01
2.558585886905634865e+01,9.999031760291464677e-01,9.999305510230617200e-01,9.999945957030297317e-01
2.586227150490616467e+01,9.999052538407832147e-01,9.999320412917259704e-01,9.999947116552907467e-01
2.614167031939653540e+01,9.999072870429002169e-01,9.999334995686828265e-01,9.999948251190586834e-01
2.642408757321942403e+01,9.999092765940923444e-01,9.999349265412472709e-01,9.999949361477682430e-01
2.670955587558979971e+01,9.999112234323400683e-01,9.999363228819383442e-01,9.999950447937155928e-01
2.699810818801094570e+01,9.999131284754139148e-01,9.999376892488130997e-01,9.999951511080524824e-01
2.728977782808034291e+01,9.999149926213443118e-01,9.999390262857568157e-01,9.999952551408458623e-01
2.758459847333669046e+01,9.999168167488288184e-01,9.999403346228200595e-01,9.999953569410762189e-01
2.788260416514845375e+01,9.999186017176503460e-01,9.999416148764909140e-01,9.999954565566839815e-01
2.818382931264444835e+01,9.999203483691037064e-01,9.999428676499915181e-01,9.999955540345755178e-01
2.848830869668687527e+01,9.999220575263662036e-01,9.999440935335761615e-01,9.999956494206372337e-01
2.879607747388729067e+01,9.999237299949101931e-01,9.999452931048073978e-01,9.999957427597842008e-01
2.910717118066593656e+01,9.999253665628792254e-01,9.999464669288160579e-01,9.999958340959598235e-01
2.942162573735495812e+01,9.999269680014620798e-01,9.999476155585852455e-01,9.999959234721663703e-01
2.973947745234602991e+01,9.999285350652560300e-01,9.999487395352054664e-01,9.999960109304778522e-01
3.006076302628226671e+01,9.999300684926241134e-01,9.999498393881340874e-01,9.999960965120688883e-01
3.038551955629650081e+01,9.999315690060527340e-01,9.999509156354449146e-01,9.999961802572256975e-01
3.071378454029424176e+01,9.999330373124835081e-01,9.999519687840645599e-01,9.999962622053698569e-01
3.104559588128348935e+01,9.999344741036582107e-01,9.999529993300325659e-01,9.999963423950691821e-01
3.138099189175117942e+01,9.999358800564669414e-01,9.999540077587310005e-01,9.999964208640869101e-01
3.172001129808693065e+01,9.999372558332255689e-01,9.999549945451012833e-01,9.999964976493510571e-01
3.206269324505456098e+01,9.999386020819992504e-01,9.999559601538702269e-01,9.999965727870057108e-01
3.240907730031193523e+01,9.999399194369181787e-01,9.999569050397710823e-01,9.999966463124144722e-01
3.275920345897964125e+01,9.999412085184836707e-01,9.999578296477636963e-01,9.999967182601846583e-01
3.311311214825898475e+01,9.999424699338425038e-01,9.999587344132414568e-01,9.999967886641738524e-01
3.347084423209992110e+01,9.999437042770991102e-01,9.999596197622490079e-01,9.999968575575285401e-01
3.383244101591953523e+01,9.999449121295880261e-01,9.999604861116642152e-01,9.999969249726671228e-01
3.419794425137084914e+01,9.999460940601405667e-01,9.999613338694111064e-01,9.999969909413076730e-01
3.456739614116437309e+01,9.999472506253650472e-01,9.999621634346461674e-01,9.999970554945163403e-01
3.494083934394059554e+01,9.999483823699013563e-01,9.999629751979490777e-01,9.999971186626522845e-01
3.531831697919562885e+01,9.999494898266881870e-01,9.999637695415058980e-01,9.999971804754549387e-01
3.569987263225998930e+01,9.999505735172029564e-01,9.999645468392890368e-01,9.999972409620161429e-01
3.608555035933120081e+01,9.999516339517241503e-01,9.999653074572351086e-01,9.999973001507819204e-01
3.647539469256067690e+01,9.999526716295606965e-01,9.999660517534284532e-01,9.999973580696234210e-01
3.686945064519564141e+01,9.999536870392842225e-01,9.999667800782410243e-01,9.999974147457807438e-01
3.726776371677656385e+01,9.999546806589817427e-01,9.999674927745391129e-01,9.999974702059338805e-01
3.767037989839074896e+01,9.999556529564520568e-01,9.999681901778021409e-01,9.999975244761807325e-01
3.807734567798267733e+01,9.999566043894522194e-01,9.999688726163156183e-01,9.999975775820496571e-01
3.848870804572172943e+01,9.999575354059032639e-01,9.999695404113122521e-01,9.999976295485256683e-01
3.890451449942802498e+01,9.999584464440940401e-01,9.999701938771163867e-01,9.999976804000706432e-01
3.932481305005617145e+01,9.999593379329035914e-01,9.999708333213082057e-01,9.999977301606095548e-01
3.974965222723969305e+01,9.999602102919949997e-01,9.999714590448605112e-01,9.999977788535451273e-01
4.017908108489392305e+01,9.999610639320182237e-01,9.999720713422732832e-01,9.999978265018045764e-01
4.061314920688012364e+01,9.999618992548000573e-01,9.999726705017302208e-01,9.999978731277873178e-01
4.105190671273069114e+01,9.999627166535264289e-01,9.999732568052215331e-01,9.999979187534404623e-01
4.149540426343618549e+01,9.999635165129523440e-01,9.999738305286787199e-01,9.999979634002320594e-01
4.194369306729486624e+01,9.999642992095549854e-01,9.999743919421151261e-01,9.999980070891669737e-01
4.239682488582545972e+01,9.999650651117326650e-01,9.999749413097341888e-01,9.999980498407931018e-01
4.285485203974380397e+01,9.999658145799666942e-01,9.999754788900706570e-01,9.999980916752242432e-01
4.331782741500398970e+01,9.999665479669962442e-01,9.999760049361136049e-01,9.999981326121484271e-01
4.378580446890486400e+01,9.999672656179875441e-01,9.999765196954075730e-01,9.999981726708203622e-01
4.425883723626262167e+01,9.999679678706923092e-01,9.999770234101867938e-01,9.999982118700815326e-01
4.473698033564924259e+01,9.999686550556016185e-01,9.999775163174878800e-01,9.999982502283780716e-01
4.522028897569999373e+01,9.999693274961173328e-01,9.999779986492467465e-01,9.999982877637585421e-01
4.570881896148743095e+01,9.999699855086918721e-01,9.999784706324310601e-01,9.999983244938721594e-01
4.620262670096506241e+01,9.999706294029859777e-01,9.999789324891313891e-01,9.999983604359988787e-01
4.670176921148051008e+01,9.999712594820018285e-01,9.999793844366610118e-01,9.999983956070525037e-01
4.720630412635893691e+01,9.999718760422438013e-01,9.999798266876778197e-01,9.999984300235659207e-01
4.771628970155772009e+01,9.999724793738457018e-01,9.999802594502719133e-01,9.999984637017474975e-01
4.823178482239291753e+01,9.999730697607114305e-01,9.999806829280571963e-01,9.999984966574252399e-01
4.875284901033847262e+01,9.999736474806443232e-01,9.999810973202920561e-01,9.999985289061009697e-01
4.927954242989879674e+01,9.999742128054949220e-01,9.999815028219393165e-01,9.999985604629559877e-01
4.981192589555570294e+01,9.999747660012596739e-01,9.999818996237893609e-01,9.999985913428217632e-01
5.035006087879026637e+01,9.999753073282414695e-01,9.999822879125278563e-01,9.999986215602260087e-01
5.089400951518085492e+01,9.999758370411379049e-01,9.999826678708364502e-01,9.999986511293937896e-01
5.144383461157680415e+01,9.999763553891910517e-01,9.999830396774804786e-01,9.999986800642188811e-01
5.199959965335152390e+01,9.999768626162843788e-01,9.999834035073731364e-01,9.999987083783125064e-01
5.256136881173207342e+01,9.999773589610678748e-01,9.999837595316890537e-01,9.999987360850032259e-01
5.312920695120885028e+01,9.999778446570665169e-01,9.999841079179176973e-01,9.999987631973193958e-01
5.370317963702515129e+01,9.999783199327950678e-01,9.999844488299569623e-01,9.999987897280071536e-01
5.428335314274764301e+01,9.999787850118609933e-01,9.999847824281850039e-01,9.999988156895499580e-01
5.486979445791860854e+01,9.999792401130647157e-01,9.999851088695402845e-01,9.999988410941601513e-01
5.546257129579090162e+01,9.999796854505229593e-01,9.999854283075875205e-01,9.999988659537818458e-01
5.606175210114637508e+01,9.999801212337456890e-01,9.999857408926039470e-01,9.999988902801134616e-01
5.666740605819891385e+01,9.999805476677519067e-01,9.999860467716273904e-01,9.999989140845904068e-01
5.727960309858269028e+01,9.999809649531479216e-01,9.999863460885528577e-01,9.999989373784127222e-01
5.789841390942686417e+01,9.999813732862489202e-01,9.999866389841816083e-01,9.999989601725339794e-01
5.852390994151760140e+01,9.999817728591441357e-01,9.999869255962902104e-01,9.999989824776799319e-01
5.915616341754731877e+01,9.999821638598114237e-01,9.999872060597027046e-01,9.999990043043401888e-01
5.979524734045509859e+01,9.999825464721813217e-01,9.999874805063443395e-01,9.999990256627724339e-01
6.044123550185508975e+01,9.999829208762422983e-01,9.999877490653191758e-01,9.999990465630277381e-01
6.109420249055707330e+01,9.999832872481223545e-01,9.999880118629436154e-01,9.999990670149333516e-01
6.175422370117881599e+01,9.999836457601609663e-01,9.999882690228401039e-01,9.999990870281142419e-01
6.242137534285149059e+01,9.999839965810080056e-01,9.999885206659652193e-01,9.999991066119793270e-01
6.309573444801913666e+01,9.999843398756881330e-01,9.999887669106868326e-01,9.999991257757353535e-01
6.377737888133318478e+01,9.999846758056859519e-01,9.999890078728292941e-01,9.999991445283983316e-01
6.446638734864308162e+01,9.999850045290157308e-01,9.999892436657336070e-01,9.999991628787879838e-01
6.516283940608401792e+01,9.999853262003042254e-01,9.999894744003094971e-01,9.999991808355349621e-01
6.586681546926287467e+01,9.999856409708621774e-01,9.999897001850805989e-01,9.999991984070819573e-01
6.657839682254358138e+01,9.999859489887465980e-01,9.999899211262417431e-01,9.999992156016939138e-01
6.729766562843170163e+01,9.999862503988435902e-01,9.999901373277190197e-01,9.999992324274559197e-01
6.802470493706266552e+01,9.999865453429233053e-01,9.999903488911975336e-01,9.999992488922818668e-01
6.875959869579020278e+01,9.999868339597207667e-01,9.999905559161839097e-01,9.999992650039238873e-01
6.950243175887953839e+01,9.999871163849830547e-01,9.999907585000509247e-01,9.999992807699393804e-01
7.025328989730505214e+01,9.999873927515554595e-01,9.999909567380778075e-01,9.999992961977580697e-01
7.101225980865378062e+01,9.999876631894261125e-01,9.999911507235085262e-01,9.999993112946303775e-01
7.177942912713596968e+01,9.999879278257930437e-01,9.999913405475693295e-01,9.999993260676613982e-01
7.255488643370368607e+01,9.999881867851282413e-01,9.999915262995481280e-01,9.999993405237874722e-01
7.333872126627881016e+01,9.999884401892271679e-01,9.999917080667989344e-01,9.999993546698124902e-01
7.413102413009147540e+01,9.999886881572810360e-01,9.999918859348176925e-01,9.999993685123933496e-01
7.493188650813030449e+01,9.999889308059102255e-01,9.999920599872546001e-01,9.999993820580358461e-01
7.574140087170532354e+01,9.999891682492428879e-01,9.999922303059693984e-01,9.999993953131084412e-01
7.655966069112555772e+01,9.999894005989581336e-01,9.999923969710654559e-01,9.999994082838477016e-01
7.738676044649034225e+01,9.999896279643271102e-01,9.999925600609192999e-01,9.999994209763520825e-01
7.822279563860014662e+01,9.999898504522948262e-01,9.999927196522401251e-01,9.999994333965881443e-01
7.906786279998236466e+01,9.999900681674893654e-01,9.999928758200830048e-01,9.999994455504013224e-01
7.992205950603781162e+01,9.999902812123139251e-01,9.999930286378870825e-01,9.999994574435011607e-01
8.078548438630711814e+01,9.999904896869619142e-01,9.999931781775266426e-01,9.999994690814867360e-01
8.165823713585902510e+01,9.999906936894806808e-01,9.999933245093303169e-01,9.999994804698273398e-01
8.254041852680160218e+01,9.999908933158159208e-01,9.999934677021100615e-01,9.999994916138759127e-01
8.343213041991789680e+01,9.999910886598503135e-01,9.999936078232112280e-01,9.999995025188765929e-01
8.433347577642724957e+01,9.999912798134505953e-01,9.999937449385323252e-01,9.999995131899598322e-01
8.524455866987364061e+01,9.999914668665211837e-01,9.999938791125559945e-01,9.999995236321369552e-01
8.616548429814258725e+01,9.999916499070317100e-01,9.999940104083751002e-01,9.999995338503243625e-01
8.709635899560768735e+01,9.999918290210592087e-01,9.999941388877412463e-01,9.999995438493181066e-01
8.803729024540886883e+01,9.999920042928426289e-01,9.999942646110757671e-01,9.999995536338329716e-01
8.898838669186159223e+01,9.999921758048104792e-01,9.999943876374985940e-01,9.999995632084640595e-01
8.994975815300337274e+01,9.999923436376227937e-01,9.999945080248647811e-01,9.999995725777068856e-01
9.092151563327254848e+01,9.999925078702044390e-01,9.999946258297958135e-01,9.999995817459813585e-01
9.190377133632573248e+01,9.999926685797930759e-01,9.999947411076832715e-01,9.999995907175842635e-01
9.289663867799340835e+01,9.999928258419666927e-01,9.999948539127445635e-01,9.999995994967424418e-01
9.390023229937534666e+01,9.999929797306809087e-01,9.999949642980214826e-01,9.999996080875847015e-01
9.491466808007771760e+01,9.999931303183080544e-01,9.999950723154281684e-01,9.999996164941492571e-01
9.594006315159299447e+01,9.999932776756592645e-01,9.999951780157616543e-01,9.999996247203852828e-01
9.697653591082458036e+01,9.999934218720363255e-01,9.999952814487252928e-01,9.999996327701727861e-01
9.802420603375742303e+01,9.999935629752494393e-01,9.999953826629591758e-01,9.999996406472766441e-01
9.908319448927635165e+01,9.999937010516537494e-01,9.999954817060608958e-01,9.999996483554176585e-01
1.001536235531341106e+02,9.999938361661815378e-01,9.999955786246078615e-01,9.999996558982203743e-01
1.012356168220684367e+02,9.999939683823753089e-01,9.999956734641687328e-01,9.999996632792196305e-01
1.023292992280752713e+02,9.999940977624042215e-01,9.999957662693501614e-01,9.999996705018947551e-01
1.034347970528324936e+02,9.999942243671139375e-01,9.999958570837880201e-01,9.999996775696442519e-01
1.045522379422814936e+02,9.999943482560380570e-01,9.999959459501887027e-01,9.999996844857874656e-01
1.056817509213656052e+02,9.999944694874417506e-01,9.999960329103433354e-01,9.999996912535716875e-01
1.068234664089280557e+02,9.999945881183273100e-01,9.999961180051396559e-01,9.999996978761895861e-01
1.079775162327706539e+02,9.999947042044862178e-01,9.999962012745949869e-01,9.999997043567481203e-01
1.091440336448753072e+02,9.999948178005041433e-01,9.999962827578700031e-01,9.999997106982960737e-01
1.103231533367898578e+02,9.999949289598020208e-01,9.999963624932743933e-01,9.999997169038155054e-01
1.115150114551802432e+02,9.999950377346522590e-01,9.999964405183032756e-01,9.999997229762268569e-01
1.127197456175505863e+02,9.999951441762007232e-01,9.999965168696528517e-01,9.999997289183824023e-01
1.139374949281332050e+02,9.999952483345064813e-01,9.999965915832211838e-01,9.999997347330785713e-01
1.151683999939506009e+02,9.999953502585455789e-01,9.999966646941403914e-01,9.999997404230419606e-01
1.164126029410489878e+02,9.999954499962450116e-01,9.999967362367938595e-01,9.999997459909593100e-01
1.176702474309112603e+02,9.999955475945127015e-01,9.999968062448193473e-01,9.999997514394401987e-01
1.189414786770432357e+02,9.999956430992352763e-01,9.999968747511390754e-01,9.999997567710551261e-01
1.202264434617410416e+02,9.999957365553242550e-01,9.999969417879644995e-01,9.999997619882996513e-01
1.215252901530392791e+02,9.999958280067274830e-01,9.999970073868190701e-01,9.999997670936398020e-01
1.228381687218423508e+02,9.999959174964497821e-01,9.999970715785508890e-01,9.999997720894627795e-01
1.241652307592407425e+02,9.999960050665680500e-01,9.999971343933383716e-01,9.999997769781286960e-01
1.255066294940144473e+02,9.999960907582614578e-01,9.999971958607255518e-01,9.999997817619304952e-01
1.268625198103255229e+02,9.999961746118273265e-01,9.999972560096116458e-01,9.999997864431175998e-01
1.282330582656016702e+02,9.999962566666934505e-01,9.999973148682809176e-01,9.999997910238987986e-01
1.296184031086131085e+02,9.999963369614451869e-01,9.999973724644120043e-01,9.999997955064152677e-01
1.310187142977448218e+02,9.999964155338348926e-01,9.999974288250833565e-01,9.999997998927813159e-01
1.324341535194663209e+02,9.999964924208157857e-01,9.999974839768012158e-01,9.999998041850580721e-01
1.338648842069991360e+02,9.999965676585405028e-01,9.999975379454939528e-01,9.999998083852718045e-01
1.353110715591901965e+02,9.999966412823864115e-01,9.999975907565459288e-01,9.999998124953886069e-01
1.367728825595846445e+02,9.999967133269694886e-01,9.999976424347811754e-01,9.999998165173403786e-01
1.382504859957070096e+02,9.999967838261730746e-01,9.999976930045045842e-01,9.999998204530157198e-01
1.397440524785502021e+02,9.999968528131419898e-01,9.999977424894952449e-01,9.999998243042764745e-01
1.412537544622750261e+02,9.999969203203166179e-01,9.999977909130181031e-01,9.999998280729284206e-01
1.427797662641226282e+02,9.999969863794417879e-01,9.999978382978476077e-01,9.999998317607408094e-01
1.443222640845418709e+02,9.999970510215795416e-01,9.999978846662581633e-01,9.999998353694496966e-01
1.458814260275343031e+02,9.999971142771221233e-01,9.999979300400564375e-01,9.999998389007515032e-01
1.474574321212189147e+02,9.999971761758160715e-01,9.999979744405796955e-01,9.999998423563127847e-01
1.490504643386189798e+02,9.999972367467676593e-01,9.999980178887015736e-01,9.999998457377422545e-01
1.506607066186740553e+02,9.999972960184545512e-01,9.999980604048538391e-01,9.999998490466465162e-01
1.522883448874763133e+02,9.999973540187491183e-01,9.999981020090255024e-01,9.999998522845705562e-01
1.539335670797416071e+02,9.999974107749265428e-01,9.999981427207791373e-01,9.999998554530413752e-01
1.555965631605071735e+02,9.999974663136698139e-01,9.999981825592610951e-01,9.999998585535515572e-01
1.572775251470664273e+02,9.999975206610933753e-01,9.999982215432038357e-01,9.999998615875526076e-01
1.589766471311401688e+02,9.999975738427551164e-01,9.999982596909333665e-01,9.999998645564821542e-01
1.606941253012873005e+02,9.999976258836624776e-01,9.999982970203918908e-01,9.999998674617216476e-01
1.624301579655577257e+02,9.999976768082811107e-01,9.999983335491252623e-01,9.999998703046395487e-01
1.641849455743898147e+02,9.999977266405564169e-01,9.999983692943169578e-01,9.999998730865826690e-01
1.659586907437554828e+02,9.999977754039238720e-01,9.999984042727665390e-01,9.999998758088557427e-01
1.677515982785550932e+02,9.999978231213111357e-01,9.999984385009282883e-01,9.999998784727304191e-01
1.695638751962652293e+02,9.999978698151522627e-01,9.999984719948945555e-01,9.999998810794650250e-01
1.713957307508418069e+02,9.999979155074075754e-01,9.999985047704119667e-01,9.999998836302915750e-01
1.732473764568822503e+02,9.999979602195536721e-01,9.999985368428890853e-01,9.999998861263960093e-01
1.751190261140454822e+02,9.999980039726237280e-01,9.999985682274142862e-01,9.999998885689680428e-01
1.770108958317418342e+02,9.999980467871839585e-01,9.999985989387382146e-01,9.999998909591388818e-01
1.789232040540836124e+02,9.999980886833685911e-01,9.999986289913029847e-01,9.999998932980461719e-01
1.808561715851083420e+02,9.999981296808791997e-01,9.999986583992400702e-01,9.999998955867787087e-01
1.828100216142738361e+02,9.999981697989869245e-01,9.999986871763756335e-01,9.999998978264189597e-01
1.847849797422285860e+02,9.999982090565610049e-01,9.999987153362399628e-01,9.999999000180256337e-01
1.867812740068608264e+02,9.999982474720546799e-01,9.999987428920753540e-01,9.999999021626138074e-01
1.887991349096287195e+02,9.999982850635366072e-01,9.999987698568396643e-01,9.999999042612038869e-01
1.908387954421751829e+02,9.999983218486812042e-01,9.999987962432071997e-01,9.999999063147836376e-01
1.929004911132302027e+02,9.999983578447810828e-01,9.999988220635913638e-01,9.999999083243099607e-01
1.949844599758037305e+02,9.999983930687644795e-01,9.999988473301257841e-01,9.999999102907303206e-01
1.970909426546724603e+02,9.999984275371907039e-01,9.999988720546927334e-01,9.999999122149804132e-01
1.992201823741641249e+02,9.999984612662731198e-01,9.999988962489200217e-01,9.999999140979486389e-01
2.013724249862385420e+02,9.999984942718644909e-01,9.999989199241831050e-01,9.999999159405231763e-01
2.035479189988790552e+02,9.999985265694860681e-01,9.999989430916107480e-01,9.999999177435801023e-01
2.057469156047835384e+02,9.999985581743235930e-01,9.999989657621023431e-01,9.999999195079628533e-01
2.079696687103690920e+02,9.999985891012366235e-01,9.999989879463079268e-01,9.999999212345014321e-01
2.102164349650892063e+02,9.999986193647716348e-01,9.999990096546657048e-01,9.999999229239993070e-01
2.124874737910676572e+02,9.999986489791508060e-01,9.999990308973829567e-01,9.999999245772590584e-01
2.147830474130527136e+02,9.999986779583066587e-01,9.999990516844404764e-01,9.999999261950632823e-01
2.171034208886947283e+02,9.999987063158602973e-01,9.999990720256214383e-01,9.999999277781567164e-01
2.194488621391509469e+02,9.999987340651423917e-01,9.999990919304854176e-01,9.999999293272990863e-01
2.218196419800210322e+02,9.999987612192055009e-01,9.999991114083880417e-01,9.999999308432110379e-01
2.242160341526165155e+02,9.999987877908177447e-01,9.999991304684947568e-01,9.999999323266063334e-01
2.266383153555692616e+02,9.999988137924686882e-01,9.999991491197637306e-01,9.999999337781890762e-01
2.290867652767770153e+02,9.999988392363848844e-01,9.999991673709635043e-01,9.999999351986267326e-01
2.315616666257023724e+02,9.999988641345325391e-01,9.999991852306796547e-01,9.999999365885989810e-01
2.340633051660124124e+02,9.999988884986201754e-01,9.999992027073036915e-01,9.999999379487629625e-01
2.365919697485753375e+02,9.999989123400956359e-01,9.999992198090585926e-01,9.999999392797456199e-01
2.391479523448122393e+02,9.999989356701768362e-01,9.999992365439821507e-01,9.999999405821810017e-01
2.417315480804097376e+02,9.999989584998270065e-01,9.999992529199441815e-01,9.999999418566724030e-01
2.443430552693964728e+02,9.999989808397835578e-01,9.999992689446429717e-01,9.999999431038317788e-01
2.469827754485877733e+02,9.999990027005538629e-01,9.999992846256151591e-01,9.999999443242413300e-01
2.496510134124025910e+02,9.999990240924112594e-01,9.999992999702307372e-01,9.999999455184704900e-01
2.523480772480565122e+02,9.999990450254130359e-01,9.999993149857062669e-01,9.999999466870896914e-01
2.550742783711348523e+02,9.999990655094100900e-01,9.999993296791047648e-01,9.999999478306366152e-01
2.578299315615501541e+02,9.999990855540233925e-01,9.999993440573318182e-01,9.999999489496571581e-01
2.606153549998892913e+02,9.999991051686850652e-01,9.999993581271439114e-01,9.999999500446739020e-01
2.634308703041479589e+02,9.999991243626106252e-01,9.999993718951655230e-01,9.999999511161985488e-01
2.662768025668721634e+02,9.999991431448336243e-01,9.999993853678615929e-01,9.999999521647422451e-01
2.691534803926910513e+02,9.999991615241798915e-01,9.999993985515747141e-01,9.999999531907990402e-01
2.720612359362600046e+02,9.999991795092901814e-01,9.999994114524969335e-01,9.999999541948436654e-01
2.750004049406127820e+02,9.999991971086216180e-01,9.999994240766949538e-01,9.999999551773507411e-01
2.779713267759281052e+02,9.999992143304542447e-01,9.999994364301091343e-01,9.999999561387838964e-01
2.809743444787148405e+02,9.999992311828783675e-01,9.999994485185433879e-01,9.999999570795952142e-01
2.840098047914205495e+02,9.999992476738193137e-01,9.999994603476840549e-01,9.999999580002288946e-01
2.870780582024680712e+02,9.999992638110349885e-01,9.999994719230882456e-01,9.999999589011112633e-01
2.901794589867244554e+02,9.999992796021087704e-01,9.999994832502060449e-01,9.999999597826716435e-01
2.933143652464073057e+02,9.999992950544682735e-01,9.999994943343583076e-01,9.999999606453177092e-01
2.964831389524339897e+02,9.999993101753760216e-01,9.999995051807542001e-01,9.999999614894684585e-01
2.996861459862121251e+02,9.999993249719401067e-01,9.999995157945001933e-01,9.999999623155035877e-01
3.029237561818924291e+02,9.999993394511229594e-01,9.999995261805844082e-01,9.999999631238312148e-01
3.061963433690672218e+02,9.999993536197305799e-01,9.999995363438866081e-01,9.999999639148097197e-01
3.095042854159355556e+02,9.999993674844270819e-01,9.999995462891908549e-01,9.999999646888283467e-01
3.128479642729337797e+02,9.999993810517222581e-01,9.999995560211680790e-01,9.999999654462435883e-01
3.162277660168371085e+02,9.999993943280068853e-01,9.999995655443969511e-01,9.999999661874114931e-01
3.196440808953381065e+02,9.999994073195144217e-01,9.999995748633541126e-01,9.999999669126797830e-01
3.230973033721062393e+02,9.999994200323589766e-01,9.999995839824232791e-01,9.999999676223990663e-01
3.265878321723346858e+02,9.999994324725137718e-01,9.999995929058876909e-01,9.999999683168868669e-01
3.301160703287789602e+02,9.999994446458289055e-01,9.999996016379477659e-01,9.999999689964818028e-01
3.336824252282928569e+02,9.999994565580317962e-01,9.999996101827087758e-01,9.999999696614996214e-01
3.372873086588674596e+02,9.999994682147190783e-01,9.999996185441839547e-01,9.999999703122455230e-01
3.409311368571790126e+02,9.999994796213723669e-01,9.999996267263064897e-01,9.999999709490418054e-01
3.446143305566450863e+02,9.999994907833538171e-01,9.999996347329247470e-01,9.999999715721746840e-01
3.483373150360112618e+02,9.999995017059147839e-01,9.999996425678034928e-01,9.999999721819448073e-01
3.521005201684512826e+02,9.999995123941903818e-01,9.999996502346282234e-01,9.999999727786369474e-01
3.559043804712033534e+02,9.999995228532042590e-01,9.999996577369969497e-01,9.999999733625225540e-01
3.597493351557414485e+02,9.999995330878727051e-01,9.999996650784449548e-01,9.999999739338909510e-01
3.636358281784887367e+02,9.999995431030130888e-01,9.999996722624204804e-01,9.999999744930038181e-01
3.675643082920789197e+02,9.999995529033265385e-01,9.999996792922993816e-01,9.999999750401202814e-01
3.715352290971713387e+02,9.999995624934282512e-01,9.999996861713911223e-01,9.999999755754979125e-01
3.755490490948257047e+02,9.999995718778251774e-01,9.999996929029267845e-01,9.999999760993985021e-01
3.796062317394427623e+02,9.999995810609279001e-01,9.999996994900736125e-01,9.999999766120633016e-01
3.837072454922771954e+02,9.999995900470558530e-01,9.999997059359241325e-01,9.999999771137283444e-01
3.878525638755278919e+02,9.999995988404333236e-01,9.999997122435149155e-01,9.999999776046294420e-01
3.920426655270148331e+02,9.999996074451931172e-01,9.999997184158133656e-01,9.999999780849996300e-01
3.962780342554389108e+02,9.999996158653836620e-01,9.999997244557109477e-01,9.999999785550713893e-01
4.005591590962534951e+02,9.999996241049656787e-01,9.999997303660573822e-01,9.999999790150635448e-01
4.048865343681248419e+02,9.999996321678065181e-01,9.999997361496286707e-01,9.999999794651779350e-01
4.092606597300099338e+02,9.999996400577026989e-01,9.999997418091464141e-01,9.999999799056443761e-01
4.136820402388496518e+02,9.999996477783658078e-01,9.999997473472659326e-01,9.999999803366650397e-01
4.181511864078846088e+02,9.999996553334201677e-01,9.999997527665949182e-01,9.999999807584405431e-01
4.226686142656016614e+02,9.999996627264183813e-01,9.999997580696788901e-01,9.999999811711618447e-01
4.272348454153170110e+02,9.999996699608424411e-01,9.999997632590155172e-01,9.999999815750386656e-01
4.318504070954026588e+02,9.999996770400877422e-01,9.999997683370412949e-01,9.999999819702476422e-01
4.365158322401642863e+02,9.999996839674846205e-01,9.999997733061433136e-01,9.999999823569815094e-01
4.412316595413757341e+02,9.999996907462911366e-01,9.999997781686611464e-01,9.999999827354129067e-01
4.459984335104810498e+02,9.999996973796954070e-01,9.999997829268775229e-01,9.999999831057352351e-01
4.508167045414596146e+02,9.999997038708143826e-01,9.999997875830322069e-01,9.999999834681134736e-01
4.556870289743867488e+02,9.999997102226994006e-01,9.999997921393146694e-01,9.999999838227167093e-01
4.606099691596651837e+02,9.999997164383364057e-01,9.999997965978669745e-01,9.999999841697121417e-01
4.655860935229579809e+02,9.999997225206550544e-01,9.999998009607825589e-01,9.999999845092709672e-01
4.706159766308219332e+02,9.999997284725029578e-01,9.999998052301155571e-01,9.999999848415368486e-01
4.757001992570493485e+02,9.999997342966909786e-01,9.999998094078699218e-01,9.999999851666865336e-01
4.808393484497271402e+02,9.999997399959500433e-01,9.999998134960146334e-01,9.999999854848526937e-01
4.860340175990202169e+02,9.999997455729601192e-01,9.999998174964688236e-01,9.999999857961980876e-01
4.912848065056867313e+02,9.999997510303462178e-01,9.999998214111185391e-01,9.999999861008703750e-01
4.965923214503342251e+02,9.999997563706691794e-01,9.999998252417976463e-01,9.999999863990021165e-01
5.019571752634234940e+02,9.999997615964487663e-01,9.999998289903058168e-01,9.999999866907376411e-01
5.073799873960287528e+02,9.999997667101340193e-01,9.999998326584139674e-01,9.999999869762190574e-01
5.128613839913642778e+02,9.999997717141326792e-01,9.999998362478422775e-01,9.999999872555711544e-01
5.184019979570747410e+02,9.999997766107951991e-01,9.999998397602752886e-01,9.999999875289348195e-01
5.240024690383241932e+02,9.999997814024275122e-01,9.999998431973713409e-01,9.999999877964332873e-01
5.296634438916568115e+02,9.999997860912821501e-01,9.999998465607385922e-01,9.999999880581985634e-01
5.353855761596652201e+02,9.999997906795603519e-01,9.999998498519643286e-01,9.999999883143477764e-01
5.411695265464624072e+02,9.999997951694198361e-01,9.999998530725948687e-01,9.999999885650007192e-01
5.470159628939701406e+02,9.999997995629750225e-01,9.999998562241447786e-01,9.999999888102756307e-01
5.529255602590310446e+02,9.999998038622889274e-01,9.999998593080933196e-01,9.999999890502909716e-01
5.588990009913538870e+02,9.999998080693868197e-01,9.999998623258906649e-01,9.999999892851622052e-01
5.649369748123004911e+02,9.999998121862377909e-01,9.999998652789591214e-01,9.999999895149906948e-01
5.710401788945247290e+02,9.999998162147890612e-01,9.999998681686865787e-01,9.999999897398944571e-01
5.772093179424708751e+02,9.999998201569254563e-01,9.999998709964259547e-01,9.999999899599690822e-01
5.834451042737422313e+02,9.999998240145065997e-01,9.999998737635151791e-01,9.999999901753264808e-01
5.897482579013508257e+02,9.999998277893408227e-01,9.999998764712494381e-01,9.999999903860605777e-01
5.961195066168452286e+02,9.999998314832077018e-01,9.999998791209018245e-01,9.999999905922755117e-01
6.025595860743567300e+02,9.999998350978424044e-01,9.999998817137223384e-01,9.999999907940687605e-01
6.090692398755337535e+02,9.999998386349453483e-01,9.999998842509286723e-01,9.999999909915336938e-01
6.156492196554031580e+02,9.999998420961736523e-01,9.999998867337104302e-01,9.999999911847634593e-01
6.223002851691578599e+02,9.999998454831658945e-01,9.999998891632390086e-01,9.999999913738453206e-01
6.290232043798814630e+02,9.999998487975046979e-01,9.999998915406509425e-01,9.999999915588728694e-01
6.358187535472210357e+02,9.999998520407512581e-01,9.999998938670711102e-01,9.999999917399330362e-01
6.426877173170174729e+02,9.999998552144301334e-01,9.999998961435917488e-01,9.999999919171110863e-01
6.496308888119046969e+02,9.999998583200380153e-01,9.999998983712785616e-01,9.999999920904839579e-01
6.566490697228869067e+02,9.999998613590288521e-01,9.999999005511819306e-01,9.999999922601413571e-01
6.637430704019060386e+02,9.999998643328368297e-01,9.999999026843299221e-01,9.999999924261562256e-01
6.709137099554105816e+02,9.999998672428550561e-01,9.999999047717231804e-01,9.999999925886131624e-01
6.781618163389244955e+02,9.999998700904567661e-01,9.999999068143385905e-01,9.999999927475868855e-01
6.854882264526605695e+02,9.999998728769743384e-01,9.999999088131429348e-01,9.999999929031491153e-01
6.928937862381437753e+02,9.999998756037246084e-01,9.999999107690737965e-01,9.999999930553727934e-01
7.003793507758896340e+02,9.999998782719859980e-01,9.999999126830493301e-01,9.999999932043369677e-01
7.079457843841362319e+02,9.999998808830161678e-01,9.999999145559705926e-01,9.999999933500991478e-01
7.155939607186419380e+02,9.999998834380386947e-01,9.999999163887189901e-01,9.999999934927348288e-01
7.233247628735621220e+02,9.999998859382571714e-01,9.999999181821557226e-01,9.999999936323141769e-01
7.311390834834151065e+02,9.999998883848475462e-01,9.999999199371211178e-01,9.999999937689005858e-01
7.390378248261501994e+02,9.999998907789581226e-01,9.999999216544471770e-01,9.999999939025531193e-01
7.470218989273288344e+02,9.999998931217157772e-01,9.999999233349338157e-01,9.999999940333448301e-01
7.550922276654308689e+02,9.999998954142219620e-01,9.999999249793755096e-01,9.999999941613282317e-01
7.632497428782996849e+02,9.999998976575529275e-01,9.999999265885439748e-01,9.999999942865634983e-01
7.714953864707387083e+02,9.999998998527692695e-01,9.999999281631977155e-01,9.999999944091172432e-01
7.798301105232576447e+02,9.999999020008960571e-01,9.999999297040750301e-01,9.999999945290415360e-01
7.882548774020200426e+02,9.999999041029437041e-01,9.999999312118991179e-01,9.999999946463886680e-01
7.967706598699520555e+02,9.999999061599087469e-01,9.999999326873835193e-01,9.999999947612225881e-01
8.053784411990648096e+02,9.999999081727483086e-01,9.999999341312189038e-01,9.999999948735931454e-01
8.140792152839875371e+02,9.999999101424156267e-01,9.999999355440827298e-01,9.999999949835552959e-01
8.228739867567272768e+02,9.999999120698301880e-01,9.999999369266416860e-01,9.999999950911545588e-01
8.317637711026684428e+02,9.999999139559069272e-01,9.999999382795460301e-01,9.999999951964492206e-01
8.407495947778255641e+02,9.999999158015266953e-01,9.999999396034321419e-01,9.999999952994806929e-01
8.498324953273624942e+02,9.999999176075563545e-01,9.999999408989197480e-01,9.999999954003090386e-01
8.590135215053924185e+02,9.999999193748472237e-01,9.999999421666174726e-01,9.999999954989706730e-01
8.682937333960717297e+02,9.999999211042330804e-01,9.999999434071249471e-01,9.999999955955123365e-01
8.776742025360024400e+02,9.999999227965228332e-01,9.999999446210250387e-01,9.999999956899852105e-01
8.871560120379598402e+02,9.999999244525137332e-01,9.999999458088867366e-01,9.999999957824365904e-01
8.967402567159414275e+02,9.999999260729814932e-01,9.999999469712711475e-01,9.999999958729031135e-01
9.064280432115978101e+02,9.999999276586938324e-01,9.999999481087206155e-01,9.999999959614238598e-01
9.162204901219979547e+02,9.999999292103917137e-01,9.999999492217701569e-01,9.999999960480491223e-01
9.261187281287914175e+02,9.999999307288082173e-01,9.999999503109497923e-01,9.999999961328229769e-01
9.361239001287616475e+02,9.999999322146534420e-01,9.999999513767628967e-01,9.999999962157722910e-01
9.462371613657903708e+02,9.999999336686276052e-01,9.999999524197150658e-01,9.999999962969394751e-01
9.564596795642472671e+02,9.999999350914139384e-01,9.999999534402964629e-01,9.999999963763691602e-01
9.667926350638210806e+02,9.999999364836826832e-01,9.999999544389878148e-01,9.999999964540938757e-01
9.772372209558070608e+02,9.999999378460899813e-01,9.999999554162578574e-01,9.999999965301545890e-01
9.877946432208668739e+02,9.999999391792697701e-01,9.999999563725667784e-01,9.999999966045792776e-01
9.984661208682766755e+02,9.999999404838570971e-01,9.999999573083603321e-01,9.999999966774124616e-01
1.009252886076683467e+03,9.999999417604609198e-01,9.999999582240831630e-01,9.999999967486773444e-01
1.020156184336363253e+03,9.999999430096782049e-01,9.999999591201617077e-01,9.999999968184194454e-01
1.031177274593053653e+03,9.999999442321025889e-01,9.999999599970210706e-01,9.999999968866646327e-01
1.042317429393302291e+03,9.999999454283085010e-01,9.999999608550735886e-01,9.999999969534454358e-01
1.053577935031404877e+03,9.999999465988546055e-01,9.999999616947213843e-01,9.999999970187881670e-01
1.064960091697927737e+03,9.999999477442909068e-01,9.999999625163555894e-01,9.999999970827406770e-01
1.076465213629832078e+03,9.999999488651583057e-01,9.999999633203687788e-01,9.999999971453085168e-01
1.088094629262223179e+03,9.999999499619862675e-01,9.999999641071347645e-01,9.999999972065466425e-01
1.099849681381737582e+03,9.999999510352839405e-01,9.999999648770266925e-01,9.999999972664597170e-01
1.111731727281587382e+03,9.999999520855630264e-01,9.999999656304013884e-01,9.999999973250952578e-01
1.123742138918279124e+03,9.999999531133137998e-01,9.999999663676195638e-01,9.999999973824720279e-01
1.135882303070027547e+03,9.999999541190167651e-01,9.999999670890253878e-01,9.999999974386143409e-01
1.148153621496877804e+03,9.999999551031494294e-01,9.999999677949544807e-01,9.999999974935607217e-01
1.160557511102564831e+03,9.999999560661734233e-01,9.999999684857430182e-01,9.999999975473201630e-01
1.173095404098098470e+03,9.999999570085401635e-01,9.999999691617118547e-01,9.999999975999290802e-01
1.185768748167158037e+03,9.999999579306927400e-01,9.999999698231839540e-01,9.999999976514082345e-01
1.198579006633232439e+03,9.999999588330655831e-01,9.999999704704668479e-01,9.999999977017844932e-01
1.211527658628585868e+03,9.999999597160841303e-01,9.999999711038674022e-01,9.999999977510829474e-01
1.224616199265045680e+03,9.999999605801604963e-01,9.999999717236790486e-01,9.999999977993202505e-01
1.237846139806635392e+03,9.999999614257064628e-01,9.999999723301977728e-01,9.999999978465262673e-01
1.251219007844071712e+03,9.999999622531107191e-01,9.999999729237059043e-01,9.999999978927130995e-01
1.264736347471147155e+03,9.999999630627712799e-01,9.999999735044847737e-01,9.999999979379140536e-01
1.278399719463018982e+03,9.999999638550622905e-01,9.999999740728032771e-01,9.999999979821455609e-01
1.292210701456423294e+03,9.999999646303593392e-01,9.999999746289328639e-01,9.999999980254286047e-01
1.306170888131835909e+03,9.999999653890258022e-01,9.999999751731349917e-01,9.999999980677828360e-01
1.320281891397602521e+03,9.999999661314213917e-01,9.999999757056637906e-01,9.999999981092315693e-01
1.334545340576060880e+03,9.999999668578909429e-01,9.999999762267699488e-01,9.999999981497823542e-01
1.348962882591651578e+03,9.999999675687796241e-01,9.999999767366997139e-01,9.999999981894687195e-01
1.363536182161108400e+03,9.999999682644170607e-01,9.999999772356871208e-01,9.999999982283060973e-01
1.378266921985654335e+03,9.999999689451373186e-01,9.999999777239761967e-01,9.999999982663082543e-01
1.393156802945299887e+03,9.999999696112557013e-01,9.999999782017883199e-01,9.999999983034938422e-01
1.408207544295233902e+03,9.999999702630840703e-01,9.999999786693547499e-01,9.999999983398842884e-01
1.423420883864337384e+03,9.999999709009294024e-01,9.999999791268895377e-01,9.999999983754913613e-01
1.438798578255840766e+03,9.999999715250951215e-01,9.999999795746121745e-01,9.999999984103388195e-01
1.454342403050150097e+03,9.999999721358751037e-01,9.999999800127291616e-01,9.999999984444388756e-01
1.470054153009862830e+03,9.999999727335515676e-01,9.999999804414508864e-01,9.999999984778007445e-01
1.485935642287000974e+03,9.999999733184081752e-01,9.999999808609758567e-01,9.999999985104526257e-01
1.501988704632480449e+03,9.999999738907173752e-01,9.999999812715012482e-01,9.999999985424036231e-01
1.518215193607850551e+03,9.999999744507530597e-01,9.999999816732211277e-01,9.999999985736680586e-01
1.534616982799292373e+03,9.999999749987771303e-01,9.999999820663253436e-01,9.999999986042618083e-01
1.551195966033985087e+03,9.999999755350454933e-01,9.999999824509969715e-01,9.999999986341991942e-01
1.567954057598754616e+03,9.999999760598099474e-01,9.999999828274187541e-01,9.999999986634959814e-01
1.584893192461110175e+03,9.999999765733195156e-01,9.999999831957623320e-01,9.999999986921657147e-01
1.602015326492666190e+03,9.999999770758171147e-01,9.999999835562073391e-01,9.999999987202169427e-01
1.619322436694975522e+03,9.999999775675312286e-01,9.999999839089227516e-01,9.999999987476692054e-01
1.636816521427803764e+03,9.999999780487006662e-01,9.999999842540711059e-01,9.999999987745302743e-01
1.654499600639868504e+03,9.999999785195512469e-01,9.999999845918147168e-01,9.999999988008189122e-01
1.672373716102073104e+03,9.999999789803004635e-01,9.999999849223171200e-01,9.999999988265418915e-01
1.690440931643257727e+03,9.999999794311634771e-01,9.999999852457295280e-01,9.999999988517087601e-01
1.708703333388499914e+03,9.999999798723581135e-01,9.999999855622031530e-01,9.999999988763401682e-01
1.727163029999987657e+03,9.999999803040907631e-01,9.999999858718908730e-01,9.999999989004435541e-01
1.745822152920501821e+03,9.999999807265621543e-01,9.999999861749336860e-01,9.999999989240238030e-01
1.764682856619497670e+03,9.999999811399725713e-01,9.999999864714752551e-01,9.999999989471083373e-01
1.783747318841906690e+03,9.999999815445134166e-01,9.999999867616587990e-01,9.999999989696929381e-01
1.803017740859565492e+03,9.999999819403776469e-01,9.999999870456171003e-01,9.999999989917887078e-01
1.822496347725389569e+03,9.999999823277513356e-01,9.999999873234861614e-01,9.999999990134171846e-01
1.842185388530289629e+03,9.999999827068142277e-01,9.999999875953922146e-01,9.999999990345737055e-01
1.862087136662862122e+03,9.999999830777491772e-01,9.999999878614652671e-01,9.999999990552852491e-01
1.882203890071884189e+03,9.999999834407246047e-01,9.999999881218355480e-01,9.999999990755513712e-01
1.902537971531646463e+03,9.999999837959157034e-01,9.999999883766165221e-01,9.999999990953744033e-01
1.923091728910151460e+03,9.999999841434884518e-01,9.999999886259330895e-01,9.999999991147803247e-01
1.943867535440208258e+03,9.999999844836067187e-01,9.999999888699043771e-01,9.999999991337694683e-01
1.964867789993459155e+03,9.999999848164280447e-01,9.999999891086432946e-01,9.999999991523504939e-01
1.986094917357369468e+03,9.999999851421085273e-01,9.999999893422593100e-01,9.999999991705343927e-01
2.007551368515178183e+03,9.999999854608061511e-01,9.999999895708644448e-01,9.999999991883200545e-01
2.029239620928940667e+03,9.999999857726687980e-01,9.999999897945665017e-01,9.999999992057365672e-01
2.051162178825561568e+03,9.999999860778390204e-01,9.999999900134679542e-01,9.999999992227665002e-01
2.073321573485950921e+03,9.999999863764661434e-01,9.999999902276774932e-01,9.999999992394420500e-01
2.095720363537296180e+03,9.999999866686859473e-01,9.999999904372890436e-01,9.999999992557561113e-01
2.118361135248496339e+03,9.999999869546395415e-01,9.999999906424071883e-01,9.999999992717173436e-01
2.141246502828781104e+03,9.999999872344571550e-01,9.999999908431226325e-01,9.999999992873430665e-01
2.164379108729563086e+03,9.999999875082734579e-01,9.999999910395362956e-01,9.999999993026240652e-01
2.187761623949545083e+03,9.999999877762170142e-01,9.999999912317338868e-01,9.999999993175880952e-01
2.211396748343126546e+03,9.999999880384150552e-01,9.999999914198129947e-01,9.999999993322222780e-01
2.235287210932142443e+03,9.999999882949862640e-01,9.999999916038538883e-01,9.999999993465443771e-01
2.259435770220967697e+03,9.999999885460536531e-01,9.999999917839477170e-01,9.999999993605652726e-01
2.283845214515036787e+03,9.999999887917370156e-01,9.999999919601799681e-01,9.999999993742771931e-01
2.308518362242758940e+03,9.999999890321514817e-01,9.999999921326294672e-01,9.999999993877021209e-01
2.333458062280999002e+03,9.999999892674095170e-01,9.999999923013832559e-01,9.999999994008348381e-01
2.358667194283987556e+03,9.999999894976200343e-01,9.999999924665177176e-01,9.999999994136858916e-01
2.384148669015828546e+03,9.999999897228917245e-01,9.999999926281069040e-01,9.999999994262607217e-01
2.409905428686588948e+03,9.999999899433333894e-01,9.999999927862311955e-01,9.999999994385654345e-01
2.435940447292020053e+03,9.999999901590463924e-01,9.999999929409658650e-01,9.999999994506078016e-01
2.462256730956949923e+03,9.999999903701289883e-01,9.999999930923789693e-01,9.999999994623970379e-01
2.488857318282382494e+03,9.999999905766877584e-01,9.999999932405461145e-01,9.999999994739227072e-01
2.515745280696351983e+03,9.999999907788139630e-01,9.999999933855338030e-01,9.999999994852101226e-01
2.542923722808560342e+03,9.999999909766050799e-01,9.999999935274114238e-01,9.999999994962516237e-01
2.570395782768853223e+03,9.999999911701544786e-01,9.999999936662464783e-01,9.999999995070538716e-01
2.598164632629563584e+03,9.999999913595537526e-01,9.999999938021024715e-01,9.999999995176325207e-01
2.626233478711782027e+03,9.999999915448859467e-01,9.999999939350476819e-01,9.999999995279763576e-01
2.654605561975535693e+03,9.999999917262483162e-01,9.999999940651378427e-01,9.999999995381028128e-01
2.683284158394060341e+03,9.999999919037183549e-01,9.999999941924408997e-01,9.999999995480097770e-01
2.712272579332022815e+03,9.999999920773795514e-01,9.999999943170079231e-01,9.999999995577029122e-01
2.741574171927876250e+03,9.999999922473167269e-01,9.999999944389060813e-01,9.999999995671894348e-01
2.771192319480335300e+03,9.999999924136104834e-01,9.999999945581905525e-01,9.999999995764774496e-01
2.801130441839028663e+03,9.999999925763360942e-01,9.999999946749171809e-01,9.999999995855619606e-01
2.831391995799370306e+03,9.999999927355706086e-01,9.999999947891394791e-01,9.999999995944456321e-01
2.861980475501696674e+03,9.999999928913894109e-01,9.999999949009077405e-01,9.999999996031473382e-01
2.892899412834717168e+03,9.999999930438674411e-01,9.999999950102828050e-01,9.999999996116571976e-01
2.924152377843323848e+03,9.999999931930756425e-01,9.999999951173106361e-01,9.999999996199888663e-01
2.955742979140802163e+03,9.999999933390792961e-01,9.999999952220444133e-01,9.999999996281417891e-01
2.987674864325511862e+03,9.999999934819560066e-01,9.999999953245289896e-01,9.999999996361168542e-01
3.019951720402012143e+03,9.999999936217651708e-01,9.999999954248169898e-01,9.999999996439228322e-01
3.052577274206843867e+03,9.999999937585775101e-01,9.999999955229513793e-01,9.999999996515621659e-01
3.085555292838805599e+03,9.999999938924521992e-01,9.999999956189831174e-01,9.999999996590315243e-01
3.118889584093930353e+03,9.999999940234591822e-01,9.999999957129561690e-01,9.999999996663485602e-01
3.152583996905152617e+03,9.999999941516509727e-01,9.999999958049125004e-01,9.999999996735046137e-01
3.186642421786722480e+03,9.999999942770971817e-01,9.999999958948945222e-01,9.999999996805059022e-01
3.221068791283425071e+03,9.999999943998515439e-01,9.999999959829458662e-01,9.999999996873580876e-01
3.255867080424647611e+03,9.999999945199722351e-01,9.999999960691101641e-01,9.999999996940621694e-01
3.291041307183356821e+03,9.999999946375180970e-01,9.999999961534270509e-01,9.999999997006263630e-01
3.326595532940032626e+03,9.999999947525431976e-01,9.999999962359340522e-01,9.999999997070522229e-01
3.362533862951613173e+03,9.999999948650973858e-01,9.999999963166730232e-01,9.999999997133353080e-01
3.398860446825508006e+03,9.999999949752408357e-01,9.999999963956808235e-01,9.999999997194783941e-01
3.435579478998742616e+03,9.999999950830186224e-01,9.999999964729926472e-01,9.999999997255002437e-01
3.472695199222219344e+03,9.999999951884881444e-01,9.999999965486437992e-01,9.999999997313838707e-01
3.510211893050332492e+03,9.999999952916933665e-01,9.999999966226736925e-01,9.999999997371489258e-01
3.548133892335747532e+03,9.999999953926844709e-01,9.999999966951176322e-01,9.999999997427867493e-01
3.586465575729592729e+03,9.999999954915094191e-01,9.999999967660054834e-01,9.999999997483041136e-01
3.625211369187034506e+03,9.999999955882170610e-01,9.999999968353743274e-01,9.999999997537009078e-01
3.664375746478322526e+03,9.999999956828451442e-01,9.999999969032542513e-01,9.999999997589851253e-01
3.703963229705350386e+03,9.999999957754482915e-01,9.999999969696785618e-01,9.999999997641582095e-01
3.743978389823798807e+03,9.999999958660629185e-01,9.999999970346793443e-01,9.999999997692144982e-01
3.784425847170919496e+03,9.999999959547368755e-01,9.999999970982832442e-01,9.999999997741637614e-01
3.825310271999020642e+03,9.999999960415060229e-01,9.999999971605253446e-01,9.999999997790091077e-01
3.866636385014716325e+03,9.999999961264148807e-01,9.999999972214285160e-01,9.999999997837466514e-01
3.908408957924002607e+03,9.999999962094988648e-01,9.999999972810300619e-01,9.999999997883876057e-01
3.950632813983232609e+03,9.999999962908054929e-01,9.999999973393499664e-01,9.999999997929224227e-01
3.993312828555977376e+03,9.999999963703669614e-01,9.999999973964203148e-01,9.999999997973703092e-01
4.036453929676042662e+03,9.999999964482211290e-01,9.999999974522680857e-01,9.999999998017161662e-01
4.080061098616425170e+03,9.999999965244039668e-01,9.999999975069127078e-01,9.999999998059649897e-01
4.124139370464489730e+03,9.999999965989543327e-01,9.999999975603899305e-01,9.999999998101311016e-01
4.168693834703342873e+03,9.999999966719077538e-01,9.999999976127180723e-01,9.999999998142002910e-01
4.213729635799487369e+03,9.999999967432944281e-01,9.999999976639238897e-01,9.999999998181868799e-01
4.259251973796827770e+03,9.999999968131491057e-01,9.999999977140334728e-01,9.999999998220843178e-01
4.305266104917091980e+03,9.999999968815045381e-01,9.999999977630660286e-01,9.999999998259020417e-01
4.351777342166736162e+03,9.999999969483984730e-01,9.999999978110465371e-01,9.999999998296335013e-01
4.398791055950415284e+03,9.999999970138511163e-01,9.999999978580006443e-01,9.999999998332883555e-01
4.446312674691067514e+03,9.999999970779055447e-01,9.999999979039458919e-01,9.999999998368696019e-01
4.494347685456728868e+03,9.999999971405832966e-01,9.999999979489065938e-01,9.999999998403652501e-01
4.542901634594025381e+03,9.999999972019167904e-01,9.999999979928991811e-01,9.999999998437928417e-01
4.591980128368678379e+03,9.999999972619354471e-01,9.999999980359516316e-01,9.999999998471428286e-01
4.641588833612770031e+03,9.999999973206636916e-01,9.999999980780811537e-01,9.999999998504184306e-01
4.691733478379071130e+03,9.999999973781343865e-01,9.999999981193035126e-01,9.999999998536243107e-01
4.742419852602434730e+03,9.999999974343722897e-01,9.999999981596455756e-01,9.999999998567653536e-01
4.793653808768325689e+03,9.999999974894044907e-01,9.999999981991201103e-01,9.999999998598395612e-01
4.845441262588577047e+03,9.999999975432580790e-01,9.999999982377486551e-01,9.999999998628454900e-01
4.897788193684446014e+03,9.999999975959550369e-01,9.999999982755481964e-01,9.999999998657891354e-01
4.950700646277048691e+03,9.999999976475183461e-01,9.999999983125381631e-01,9.999999998686686098e-01
5.004184729885255365e+03,9.999999976979778715e-01,9.999999983487330990e-01,9.999999998714846905e-01
5.058246620031120074e+03,9.999999977473570389e-01,9.999999983841526552e-01,9.999999998742363783e-01
5.112892558952939908e+03,9.999999977956747221e-01,9.999999984188110425e-01,9.999999998769379950e-01
5.168128856326028654e+03,9.999999978429572334e-01,9.999999984527266905e-01,9.999999998795756628e-01
5.223961889991190219e+03,9.999999978892246677e-01,9.999999984859168078e-01,9.999999998821577085e-01
5.280398106691241082e+03,9.999999979344996737e-01,9.999999985183908313e-01,9.999999998846843541e-01
5.337444022815308017e+03,9.999999979788043447e-01,9.999999985501709654e-01,9.999999998871638152e-01
5.395106225151263970e+03,9.999999980221574436e-01,9.999999985812698666e-01,9.999999998895841014e-01
5.453391371646262996e+03,9.999999980645827291e-01,9.999999986117017459e-01,9.999999998919461008e-01
5.512306192175501565e+03,9.999999981060956333e-01,9.999999986414805919e-01,9.999999998942671331e-01
5.571857489319280830e+03,9.999999981467200261e-01,9.999999986706201716e-01,9.999999998965343195e-01
5.632052139148465358e+03,9.999999981864725607e-01,9.999999986991350287e-01,9.999999998987506578e-01
5.692897092018421972e+03,9.999999982253724440e-01,9.999999987270381530e-01,9.999999999009261398e-01
5.754399373371546972e+03,9.999999982634391049e-01,9.999999987543429780e-01,9.999999999030492193e-01
5.816566084548449908e+03,9.999999983006880866e-01,9.999999987810614943e-01,9.999999999051307764e-01
5.879404403607912172e+03,9.999999983371357093e-01,9.999999988072091339e-01,9.999999999071670365e-01
5.942921586155719524e+03,9.999999983728040664e-01,9.999999988327918921e-01,9.999999999091542247e-01
6.007124966182340359e+03,9.999999984077054815e-01,9.999999988578304189e-01,9.999999999111043314e-01
6.072021956909874461e+03,9.999999984418618260e-01,9.999999988823283781e-01,9.999999999130136930e-01
6.137620051647929358e+03,9.999999984752823146e-01,9.999999989063023120e-01,9.999999999148797558e-01
6.203926824658856276e+03,9.999999985079871534e-01,9.999999989297603253e-01,9.999999999167002995e-01
6.270949932032308425e+03,9.999999985399919966e-01,9.999999989527176281e-01,9.999999999184867594e-01
6.338697112569250748e+03,9.999999985713053929e-01,9.999999989751804375e-01,9.999999999202374701e-01
6.407176188675517551e+03,9.999999986019503240e-01,9.999999989971646297e-01,9.999999999219506552e-01
6.476395067265020771e+03,9.999999986319410006e-01,9.999999990186722032e-01,9.999999999236242054e-01
6.546361740672725318e+03,9.999999986612846392e-01,9.999999990397222538e-01,9.999999999252641159e-01
6.617084287577474242e+03,9.999999986899992255e-01,9.999999990603198885e-01,9.999999999268616158e-01
6.688570873934797419e+03,9.999999987180980821e-01,9.999999990804760985e-01,9.999999999284300278e-01
6.760829753919810173e+03,9.999999987455934214e-01,9.999999991002008759e-01,9.999999999299684639e-01
6.833869270880186377e+03,9.999999987725027850e-01,9.999999991195012150e-01,9.999999999314691523e-01
6.907697858299658947e+03,9.999999987988297256e-01,9.999999991383881071e-01,9.999999999329376443e-01
6.982324040771700311e+03,9.999999988245938942e-01,9.999999991568693236e-01,9.999999999343818224e-01
7.057756434983831241e+03,9.999999988498061709e-01,9.999999991749539685e-01,9.999999999357866987e-01
7.134003750712544388e+03,9.999999988744772139e-01,9.999999991926490361e-01,9.999999999371660397e-01
7.211074791828976231e+03,9.999999988986216781e-01,9.999999992099678492e-01,9.999999999385132954e-01
7.288978457315443848e+03,9.999999989222448926e-01,9.999999992269125171e-01,9.999999999398281325e-01
7.367723742292962925e+03,9.999999989453627336e-01,9.999999992434971396e-01,9.999999999411183227e-01
7.447319739059863423e+03,9.999999989679833057e-01,9.999999992597230491e-01,9.999999999423845320e-01
7.527775638141633863e+03,9.999999989901199315e-01,9.999999992756010148e-01,9.999999999436196552e-01
7.609100729352097915e+03,9.999999990117836024e-01,9.999999992911400293e-01,9.999999999448320187e-01
7.691304402866062446e+03,9.999999990329789812e-01,9.999999993063424242e-01,9.999999999460151834e-01
7.774396150303576178e+03,9.999999990537217220e-01,9.999999993212244087e-01,9.999999999471702594e-01
7.858385565825768936e+03,9.999999990740171540e-01,9.999999993357819861e-01,9.999999999483056845e-01
7.943282347242801734e+03,9.999999990938803762e-01,9.999999993500289230e-01,9.999999999494084690e-01
8.029096297133510234e+03,9.999999991133179389e-01,9.999999993639718809e-01,9.999999999504938231e-01
8.115837323977289088e+03,9.999999991323366144e-01,9.999999993776124141e-01,9.999999999515564175e-01
8.203515443298161699e+03,9.999999991509466168e-01,9.999999993909645113e-01,9.999999999525982508e-01
8.292140778821229105e+03,9.999999991691582713e-01,9.999999994040285056e-01,9.999999999536135498e-01
8.381723563641595319e+03,9.999999991869801264e-01,9.999999994168125017e-01,9.999999999546117513e-01
8.472274141405934643e+03,9.999999992044200647e-01,9.999999994293212735e-01,9.999999999555797547e-01
8.563802967506813729e+03,9.999999992214829714e-01,9.999999994415601501e-01,9.999999999565347686e-01
8.656320610289916658e+03,9.999999992381826130e-01,9.999999994535403447e-01,9.999999999574641363e-01
8.749837752274323066e+03,9.999999992545235417e-01,9.999999994652603030e-01,9.999999999583782939e-01
8.844365191385955768e+03,9.999999992705137508e-01,9.999999994767324596e-01,9.999999999592711353e-01
8.939913842204396133e+03,9.999999992861610121e-01,9.999999994879534837e-01,9.999999999601464351e-01
9.036494737222999902e+03,9.999999993014727639e-01,9.999999994989370311e-01,9.999999999609987533e-01
9.134119028122955569e+03,9.999999993164555567e-01,9.999999995096839900e-01,9.999999999618386370e-01
9.232797987060781452e+03,9.999999993311173840e-01,9.999999995202022429e-01,9.999999999626543179e-01
9.332543007969887185e+03,9.999999993454632419e-01,9.999999995304936773e-01,9.999999999634556769e-01
9.433365607876185095e+03,9.999999993595036774e-01,9.999999995405642883e-01,9.999999999642389392e-01
9.535277428227884229e+03,9.999999993732431314e-01,9.999999995504207373e-01,9.999999999650071025e-01
9.638290236239674414e+03,9.999999993866874881e-01,9.999999995600618030e-01,9.999999999657561700e-01
9.742415926251420387e+03,9.999999993998416326e-01,9.999999995695002530e-01,9.999999999664892503e-01
9.847666521101544276e+03,9.999999994127158898e-01,9.999999995787353102e-01,9.999999999672097850e-01
9.954054173515229195e+03,9.999999994253133684e-01,9.999999995877710823e-01,9.999999999679136664e-01
1.006159116750763678e+04,9.999999994376391754e-01,9.999999995966105670e-01,9.999999999686053354e-01
1.017028991980230785e+04,9.999999994497027478e-01,9.999999996052635343e-01,9.999999999692734676e-01
1.028016298126472066e+04,9.999999994615037524e-01,9.999999996137320935e-01,9.999999999699361597e-01
1.039122303835167440e+04,9.999999994730542907e-01,9.999999996220174658e-01,9.999999999705828646e-01
1.050348291457599407e+04,9.999999994843588036e-01,9.999999996301258687e-01,9.999999999712099186e-01
1.061695557198722236e+04,9.999999994954184013e-01,9.999999996380565248e-01,9.999999999718287569e-01
1.073165411266828596e+04,9.999999995062421876e-01,9.999999996458222018e-01,9.999999999724289435e-01
1.084759178024831454e+04,9.999999995168329381e-01,9.999999996534172375e-01,9.999999999730214695e-01
1.096478196143181594e+04,9.999999995271983133e-01,9.999999996608537334e-01,9.999999999736035594e-01
1.108323818754437161e+04,9.999999995373379802e-01,9.999999996681286918e-01,9.999999999741652212e-01
1.120297413609501928e+04,9.999999995472618197e-01,9.999999996752451104e-01,9.999999999747242185e-01
1.132400363235552686e+04,9.999999995569734956e-01,9.999999996822126480e-01,9.999999999752641200e-01
1.144634065095671940e+04,9.999999995664756725e-01,9.999999996890289733e-01,9.999999999757959168e-01
1.156999931750205906e+04,9.999999995757752336e-01,9.999999996956970838e-01,9.999999999763171665e-01
1.169499391019869654e+04,9.999999995848755097e-01,9.999999997022238629e-01,9.999999999768254266e-01
1.182133886150592298e+04,9.999999995937796093e-01,9.999999997086124193e-01,9.999999999773179216e-01
1.194904875980186807e+04,9.999999996024927507e-01,9.999999997148641961e-01,9.999999999778055315e-01
1.207813835106777697e+04,9.999999996110184863e-01,9.999999997209793046e-01,9.999999999782798188e-01
1.220862254059068437e+04,9.999999996193609242e-01,9.999999997269648500e-01,9.999999999787445581e-01
1.234051639468444955e+04,9.999999996275249492e-01,9.999999997328214985e-01,9.999999999792049676e-01
1.247383514242939418e+04,9.999999996355155574e-01,9.999999997385528028e-01,9.999999999796513883e-01
1.260859417743070662e+04,9.999999996433324156e-01,9.999999997441595401e-01,9.999999999800887052e-01
1.274480905959587471e+04,9.999999996509824074e-01,9.999999997496471504e-01,9.999999999805148088e-01
1.288249551693129069e+04,9.999999996584723050e-01,9.999999997550171882e-01,9.999999999809271456e-01
1.302166944735829748e+04,9.999999996657948920e-01,9.999999997602714297e-01,9.999999999813383722e-01
1.316234692054881816e+04,9.999999996729658225e-01,9.999999997654138717e-01,9.999999999817383856e-01
1.330454417978089805e+04,9.999999996799785462e-01,9.999999997704454024e-01,9.999999999821335139e-01
1.344827764381402994e+04,9.999999996868446095e-01,9.999999997753685754e-01,9.999999999825132102e-01
1.359356390878523416e+04,9.999999996935621249e-01,9.999999997801886087e-01,9.999999999828905750e-01
1.374041975012512557e+04,9.999999997001326468e-01,9.999999997849033928e-01,9.999999999832563935e-01
1.388886212449494087e+04,9.999999997065649460e-01,9.999999997895157033e-01,9.999999999836157727e-01
1.403890817174442418e+04,9.999999997128611318e-01,9.999999997940309804e-01,9.999999999839672693e-01
1.419057521689088389e+04,9.999999997190204271e-01,9.999999997984493350e-01,9.999999999843085519e-01
1.434388077211961172e+04,9.999999997250468287e-01,9.999999998027736536e-01,9.999999999846452825e-01
1.449884253880592951e+04,9.999999997309442223e-01,9.999999998070016050e-01,9.999999999849753518e-01
1.465547840955906395e+04,9.999999997367146065e-01,9.999999998111442912e-01,9.999999999852977606e-01
1.481380647028811654e+04,9.999999997423633102e-01,9.999999998151918312e-01,9.999999999856176158e-01
1.497384500229034711e+04,9.999999997478868918e-01,9.999999998191576589e-01,9.999999999859255917e-01
1.513561248436201458e+04,9.999999997532978968e-01,9.999999998230370002e-01,9.999999999862210220e-01
1.529912759493208250e+04,9.999999997585888867e-01,9.999999998268324086e-01,9.999999999865232247e-01
1.546440921421869643e+04,9.999999997637663007e-01,9.999999998305453275e-01,9.999999999868094402e-01
1.563147642640951381e+04,9.999999997688345799e-01,9.999999998341806418e-01,9.999999999870922140e-01
1.580034852186503122e+04,9.999999997737927249e-01,9.999999998377387955e-01,9.999999999873704359e-01
1.597104499934599517e+04,9.999999997786425121e-01,9.999999998412197888e-01,9.999999999876425516e-01
1.614358556826482163e+04,9.999999997833922682e-01,9.999999998446241767e-01,9.999999999879068957e-01
1.631799015096133371e+04,9.999999997880369973e-01,9.999999998479576213e-01,9.999999999881624690e-01
1.649427888500309200e+04,9.999999997925836936e-01,9.999999998512181243e-01,9.999999999884148227e-01
1.667247212551057237e+04,9.999999997970334675e-01,9.999999998544109037e-01,9.999999999886631796e-01
1.685259044750745306e+04,9.999999998013857638e-01,9.999999998575311855e-01,9.999999999889124247e-01
1.703465464829631674e+04,9.999999998056458006e-01,9.999999998605897389e-01,9.999999999891480140e-01
1.721868574985999658e+04,9.999999998098172416e-01,9.999999998635771270e-01,9.999999999893819380e-01
1.740470500128887943e+04,9.999999998138940915e-01,9.999999998665057843e-01,9.999999999896068692e-01
1.759273388123447512e+04,9.999999998178872307e-01,9.999999998693677172e-01,9.999999999898283587e-01
1.778279410038920105e+04,9.999999998217948827e-01,9.999999998721700312e-01,9.999999999900450742e-01
1.797490760399357532e+04,9.999999998256170475e-01,9.999999998749106167e-01,9.999999999902633441e-01
1.816909657436986527e+04,9.999999998293566117e-01,9.999999998775938037e-01,9.999999999904676251e-01
1.836538343348342096e+04,9.999999998330162398e-01,9.999999998802213685e-01,9.999999999906781234e-01
1.856379084553162102e+04,9.999999998365991516e-01,9.999999998827899805e-01,9.999999999908728565e-01
1.876434171956079808e+04,9.999999998401040147e-01,9.999999998853023042e-01,9.999999999910715864e-01
1.896705921211140230e+04,9.999999998435333826e-01,9.999999998877641127e-01,9.999999999912596582e-01
1.917196672989178478e+04,9.999999998468876994e-01,9.999999998901705212e-01,9.999999999914497284e-01
1.937908793248083020e+04,9.999999998501727383e-01,9.999999998925270805e-01,9.999999999916341364e-01
1.958844673505981700e+04,9.999999998533855017e-01,9.999999998948337909e-01,9.999999999918116611e-01
1.980006731117376330e+04,9.999999998565328729e-01,9.999999998970867665e-01,9.999999999919886307e-01
2.001397409552269164e+04,9.999999998596086348e-01,9.999999998992962214e-01,9.999999999921570515e-01
2.023019178678268872e+04,9.999999998626216691e-01,9.999999999014541618e-01,9.999999999923304683e-01
2.044874535045816447e+04,9.999999998655680900e-01,9.999999999035695808e-01,9.999999999924931160e-01
2.066966002176418988e+04,9.999999998684507840e-01,9.999999999056385924e-01,9.999999999926519889e-01
2.089296130854035073e+04,9.999999998712733040e-01,9.999999999076607526e-01,9.999999999928130823e-01
2.111867499419599699e+04,9.999999998740325413e-01,9.999999999096425007e-01,9.999999999929682915e-01
2.134682714068732457e+04,9.999999998767354903e-01,9.999999999115802840e-01,9.999999999931172834e-01
2.157744409152659864e+04,9.999999998793794864e-01,9.999999999134754347e-01,9.999999999932659422e-01
2.181055247482391133e+04,9.999999998819669722e-01,9.999999999153329489e-01,9.999999999934066075e-01
2.204617920636177223e+04,9.999999998844980587e-01,9.999999999171481635e-01,9.999999999935456074e-01
2.228435149270295005e+04,9.999999998869756324e-01,9.999999999189258526e-01,9.999999999936892703e-01
2.252509683433184910e+04,9.999999998894012476e-01,9.999999999206647949e-01,9.999999999938228301e-01
2.276844302882985721e+04,9.999999998917717958e-01,9.999999999223669889e-01,9.999999999939527262e-01
2.301441817408505813e+04,9.999999998940924950e-01,9.999999999240316573e-01,9.999999999940850648e-01
2.326305067153622804e+04,9.999999998963655656e-01,9.999999999256615757e-01,9.999999999942122964e-01
2.351436922945267725e+04,9.999999998985876770e-01,9.999999999272554119e-01,9.999999999943334217e-01
2.376840286624871806e+04,9.999999999007620488e-01,9.999999999288161634e-01,9.999999999944558793e-01
2.402518091383435603e+04,9.999999999028914566e-01,9.999999999303433862e-01,9.999999999945777818e-01
2.428473302100207366e+04,9.999999999049751231e-01,9.999999999318383015e-01,9.999999999946923568e-01
2.454708915685023385e+04,9.999999999070147139e-01,9.999999999332991329e-01,9.999999999948055995e-01
2.481227961424344176e+04,9.999999999090064540e-01,9.999999999347294333e-01,9.999999999949171769e-01
2.508033501331030857e+04,9.999999999109602244e-01,9.999999999361303127e-01,9.999999999950266449e-01
2.535128630497898121e+04,9.999999999128709183e-01,9.999999999375018822e-01,9.999999999951327823e-01
2.562516477455089989e+04,9.999999999147394236e-01,9.999999999388407002e-01,9.999999999952359220e-01
2.590200204531312920e+04,9.999999999165656295e-01,9.999999999401513184e-01,9.999999999953421703e-01
2.618183008218973555e+04,9.999999999183559751e-01,9.999999999414349583e-01,9.999999999954363172e-01
2.646468119543270222e+04,9.999999999201087952e-01,9.999999999426916197e-01,9.999999999955403451e-01
2.675058804435225102e+04,9.999999999218213143e-01,9.999999999439220799e-01,9.999999999956314944e-01
2.703958364108838941e+04,9.999999999235001935e-01,9.999999999451254507e-01,9.999999999957238650e-01
2.733170135442227547e+04,9.999999999251401039e-01,9.999999999463015099e-01,9.999999999958162356e-01
2.762697491362924120e+04,9.999999999267447093e-01,9.999999999474532553e-01,9.999999999959096053e-01
2.792543841237330707e+04,9.999999999283172292e-01,9.999999999485804647e-01,9.999999999959952035e-01
2.822712631264381707e+04,9.999999999298546660e-01,9.999999999496820280e-01,9.999999999960801356e-01
2.853207344873457259e+04,9.999999999313580190e-01,9.999999999507642734e-01,9.999999999961637354e-01
2.884031503126595635e+04,9.999999999328305078e-01,9.999999999518199845e-01,9.999999999962461139e-01
2.915188665125053376e+04,9.999999999342725765e-01,9.999999999528532690e-01,9.999999999963257169e-01
2.946682428420253564e+04,9.999999999356828928e-01,9.999999999538649043e-01,9.999999999964036546e-01
2.978516429429176787e+04,9.999999999370627890e-01,9.999999999548538909e-01,9.999999999964853670e-01
3.010694343854250110e+04,9.999999999384110438e-01,9.999999999558225605e-01,9.999999999965567543e-01
3.043219887107717659e+04,9.999999999397325423e-01,9.999999999567700248e-01,9.999999999966316944e-01
3.076096814740703121e+04,9.999999999410247309e-01,9.999999999576952847e-01,9.999999999967023045e-01
3.109328922876800789e+04,9.999999999422908292e-01,9.999999999586044463e-01,9.999999999967759123e-01
3.142920048650405079e+04,9.999999999435283948e-01,9.999999999594924027e-01,9.999999999968451903e-01
3.176874070649762871e+04,9.999999999447387600e-01,9.999999999603591538e-01,9.999999999969156894e-01
3.211194909364813793e+04,9.999999999459256994e-01,9.999999999612112500e-01,9.999999999969809705e-01
3.245886527639869382e+04,9.999999999470857714e-01,9.999999999620443614e-01,9.999999999970408116e-01
3.280952931131179503e+04,9.999999999482204194e-01,9.999999999628580438e-01,9.999999999971083131e-01
3.316398168769445329e+04,9.999999999493294212e-01,9.999999999636554060e-01,9.999999999971695974e-01
3.352226333227329451e+04,9.999999999504169956e-01,9.999999999644322290e-01,9.999999999972311038e-01
3.388441561392011499e+04,9.999999999514812554e-01,9.999999999651969507e-01,9.999999999972853937e-01
3.425048034842853667e+04,9.999999999525226446e-01,9.999999999659442418e-01,9.999999999973469000e-01
3.462049980334241263e+04,9.999999999535408302e-01,9.999999999666746575e-01,9.999999999974003018e-01
3.499451670283567364e+04,9.999999999545367002e-01,9.999999999673883089e-01,9.999999999974599207e-01
3.537257423264627141e+04,9.999999999555119201e-01,9.999999999680881935e-01,9.999999999975114351e-01
3.575471604506205767e+04,9.999999999564648245e-01,9.999999999687715357e-01,9.999999999975686116e-01
3.614098626396124746e+04,9.999999999573981890e-01,9.999999999694424435e-01,9.999999999976171283e-01
3.653142948990711739e+04,9.999999999583132348e-01,9.999999999700971420e-01,9.999999999976705300e-01
3.692609080529785570e+04,9.999999999592054101e-01,9.999999999707399612e-01,9.999999999977217113e-01
3.732501577957194240e+04,9.999999999600822642e-01,9.999999999713674592e-01,9.999999999977704501e-01
3.772825047446981625e+04,9.999999999609374690e-01,9.999999999719804133e-01,9.999999999978164134e-01
3.813584144935239601e+04,9.999999999617759094e-01,9.999999999725827093e-01,9.999999999978663734e-01
3.854783576657702361e+04,9.999999999625950320e-01,9.999999999731680189e-01,9.999999999979058973e-01
3.896428099693152035e+04,9.999999999633978343e-01,9.999999999737443357e-01,9.999999999979563015e-01
3.938522522512691648e+04,9.999999999641842052e-01,9.999999999743084400e-01,9.999999999979961585e-01
3.981071705534967623e+04,9.999999999649513693e-01,9.999999999748580004e-01,9.999999999980390131e-01
4.024080561687321460e+04,9.999999999657021021e-01,9.999999999753980129e-01,9.999999999980848653e-01
4.067554056973143452e+04,9.999999999664400674e-01,9.999999999759275893e-01,9.999999999981258325e-01
4.111497211045213771e+04,9.999999999671597140e-01,9.999999999764431768e-01,9.999999999981630250e-01
4.155915097785308171e+04,9.999999999678618190e-01,9.999999999769464409e-01,9.999999999982017718e-01
4.200812845890055178e+04,9.999999999685513785e-01,9.999999999774413784e-01,9.999999999982430721e-01
4.246195639463116095e+04,9.999999999692277264e-01,9.999999999779278781e-01,9.999999999982789323e-01
4.292068718613767123e+04,9.999999999698867548e-01,9.999999999783995008e-01,9.999999999983170129e-01
4.338437380061946897e+04,9.999999999705325715e-01,9.999999999788621308e-01,9.999999999983489873e-01
4.385306977749840007e+04,9.999999999711662868e-01,9.999999999793164340e-01,9.999999999983896215e-01
4.432682923460070015e+04,9.999999999717853472e-01,9.999999999797599681e-01,9.999999999984243715e-01
4.480570687440565962e+04,9.999999999723884203e-01,9.999999999801943984e-01,9.999999999984527932e-01
4.528975799036202079e+04,9.999999999729822786e-01,9.999999999806185036e-01,9.999999999984894306e-01
4.577903847327175026e+04,9.999999999735600387e-01,9.999999999810362805e-01,9.999999999985195176e-01
4.627360481774442451e+04,9.999999999741281398e-01,9.999999999814425111e-01,9.999999999985499377e-01
4.677351412871972570e+04,9.999999999746833623e-01,9.999999999818387497e-01,9.999999999985806909e-01
4.727882412806119100e+04,9.999999999752268165e-01,9.999999999822303254e-01,9.999999999986116661e-01
4.778959316122106975e+04,9.999999999757567259e-01,9.999999999826117980e-01,9.999999999986429744e-01
4.830588020397713262e+04,9.999999999762764213e-01,9.999999999829844999e-01,9.999999999986735055e-01
4.882774486924231314e+04,9.999999999767879011e-01,9.999999999833473208e-01,9.999999999987042587e-01
4.935524741394789453e+04,9.999999999772847259e-01,9.999999999837042575e-01,9.999999999987271293e-01
4.988844874600104231e+04,9.999999999777703374e-01,9.999999999840554210e-01,9.999999999987566612e-01
5.042741043131751212e+04,9.999999999782462901e-01,9.999999999843979248e-01,9.999999999987856381e-01
5.097219470093036216e+04,9.999999999787153593e-01,9.999999999847303256e-01,9.999999999988061772e-01
5.152286445817541244e+04,9.999999999791697736e-01,9.999999999850585075e-01,9.999999999988330446e-01
5.207948328595457133e+04,9.999999999796161942e-01,9.999999999853801391e-01,9.999999999988590238e-01
5.264211545407663652e+04,9.999999999800542883e-01,9.999999999856914457e-01,9.999999999988836707e-01
5.321082592667932477e+04,9.999999999804818351e-01,9.999999999859989774e-01,9.999999999989067634e-01
5.378568036972959817e+04,9.999999999809026097e-01,9.999999999863011801e-01,9.999999999989285238e-01
5.436674515860592510e+04,9.999999999813121709e-01,9.999999999865945011e-01,9.999999999989556132e-01
5.495408738576230826e+04,9.999999999817129614e-01,9.999999999868807166e-01,9.999999999989739319e-01
5.554777486847509135e+04,9.999999999821029828e-01,9.999999999871637124e-01,9.999999999989971355e-01
5.614787615667345381e+04,9.999999999824890073e-01,9.999999999874370493e-01,9.999999999990188959e-01
5.675446054085451760e+04,9.999999999828621533e-01,9.999999999877065004e-01,9.999999999990384358e-01
5.736759806008391024e+04,9.999999999832298592e-01,9.999999999879719548e-01,9.999999999990626387e-01
5.798735951008288248e+04,9.999999999835903486e-01,9.999999999882280832e-01,9.999999999990777377e-01
5.861381645140262117e+04,9.999999999839411791e-01,9.999999999884832125e-01,9.999999999990976107e-01
5.924704121768724144e+04,9.999999999842871246e-01,9.999999999887273505e-01,9.999999999991218136e-01
5.988710692402489803e+04,9.999999999846241883e-01,9.999999999889714886e-01,9.999999999991363575e-01
6.053408747539125761e+04,9.999999999849534804e-01,9.999999999892060787e-01,9.999999999991552313e-01
6.118805757518207974e+04,9.999999999852784427e-01,9.999999999894394476e-01,9.999999999991787680e-01
6.184909273383901746e+04,9.999999999855924138e-01,9.999999999896659331e-01,9.999999999991920907e-01
6.251726927756842633e+04,9.999999999859022770e-01,9.999999999898859793e-01,9.999999999992092992e-01
6.319266435715431726e+04,9.999999999862043687e-01,9.999999999901050263e-01,9.999999999992240651e-01
6.387535595686656598e+04,9.999999999864994660e-01,9.999999999903148584e-01,9.999999999992423838e-01
6.456542290346533991e+04,9.999999999867908995e-01,9.999999999905252457e-01,9.999999999992573718e-01
6.526294487530279002e+04,9.999999999870731182e-01,9.999999999907281945e-01,9.999999999992765787e-01
6.596800241152310628e+04,9.999999999873496748e-01,9.999999999909257031e-01,9.999999999992921218e-01
6.668067692136192636e+04,9.999999999876210133e-01,9.999999999911213244e-01,9.999999999993038902e-01
6.740105069354624720e+04,9.999999999878871337e-01,9.999999999913126159e-01,9.999999999993195443e-01
6.812920690579604707e+04,9.999999999881474810e-01,9.999999999914976900e-01,9.999999999993386401e-01
6.886522963442750915e+04,9.999999999883993906e-01,9.999999999916794335e-01,9.999999999993469668e-01
6.960920386406221951e+04,9.999999999886507451e-01,9.999999999918570692e-01,9.999999999993656186e-01
7.036121549743897049e+04,9.999999999888944391e-01,9.999999999920341498e-01,9.999999999993804956e-01
7.112135136533273908e+04,9.999999999891311386e-01,9.999999999922023486e-01,9.999999999993911537e-01
7.188969923658053449e+04,9.999999999893650626e-01,9.999999999923698812e-01,9.999999999994055866e-01
7.266634782821564295e+04,9.999999999895917702e-01,9.999999999925353045e-01,9.999999999994155786e-01
7.345138681571125926e+04,9.999999999898159242e-01,9.999999999926934002e-01,9.999999999994285682e-01
7.424490684333491663e+04,9.999999999900329728e-01,9.999999999928518291e-01,9.999999999994444444e-01
7.504699953461458790e+04,9.999999999902468018e-01,9.999999999930055949e-01,9.999999999994563238e-01
7.585775750291807344e+04,9.999999999904579662e-01,9.999999999931536987e-01,9.999999999994635402e-01
7.667727436214649060e+04,9.999999999906604708e-01,9.999999999933031347e-01,9.999999999994735322e-01
7.750564473754343635e+04,9.999999999908634196e-01,9.999999999934462425e-01,9.999999999994862998e-01
7.834296427662107453e+04,9.999999999910573756e-01,9.999999999935841322e-01,9.999999999994947375e-01
7.918932966020298772e+04,9.999999999912507764e-01,9.999999999937251305e-01,9.999999999995057287e-01
8.004483861358903232e+04,9.999999999914370719e-01,9.999999999938586903e-01,9.999999999995188293e-01
8.090958991783806414e+04,9.999999999916227011e-01,9.999999999939881423e-01,9.999999999995276001e-01
8.178368342117390421e+04,9.999999999918010030e-01,9.999999999941187045e-01,9.999999999995387023e-01
8.266722005051432643e+04,9.999999999919758631e-01,9.999999999942457141e-01,9.999999999995521360e-01
8.356030182312455145e+04,9.999999999921483917e-01,9.999999999943689488e-01,9.999999999995610178e-01
8.446303185839658545e+04,9.999999999923188110e-01,9.999999999944898521e-01,9.999999999995646816e-01
8.537551438975588826e+04,9.999999999924834571e-01,9.999999999946065365e-01,9.999999999995781153e-01
8.629785477669669490e+04,9.999999999926439953e-01,9.999999999947236651e-01,9.999999999995863309e-01
8.723015951694727119e+04,9.999999999927995376e-01,9.999999999948377960e-01,9.999999999995962119e-01
8.817253625876663136e+04,9.999999999929539696e-01,9.999999999949454876e-01,9.999999999996015410e-01
8.912509381337444938e+04,9.999999999931064032e-01,9.999999999950552887e-01,9.999999999996089795e-01
9.008794216751365457e+04,9.999999999932542849e-01,9.999999999951613150e-01,9.999999999996183053e-01
9.106119249615186709e+04,9.999999999934001682e-01,9.999999999952653429e-01,9.999999999996295186e-01
9.204495717531695846e+04,9.999999999935398343e-01,9.999999999953674834e-01,9.999999999996355138e-01
9.303934979507280514e+04,9.999999999936792783e-01,9.999999999954674035e-01,9.999999999996432853e-01
9.404448517263492977e+04,9.999999999938163908e-01,9.999999999955639929e-01,9.999999999996528333e-01
9.506047936562787800e+04,9.999999999939460649e-01,9.999999999956569185e-01,9.999999999996571631e-01
9.608744968548568431e+04,9.999999999940756279e-01,9.999999999957498442e-01,9.999999999996632694e-01
9.712551471099727496e+04,9.999999999942053019e-01,9.999999999958418817e-01,9.999999999996709299e-01
9.817479430199808849e+04,9.999999999943300910e-01,9.999999999959323649e-01,9.999999999996803668e-01
9.923540961320966017e+04,9.999999999944509943e-01,9.999999999960176300e-01,9.999999999996843636e-01
1.003074831082287419e+05,9.999999999945707874e-01,9.999999999961050046e-01,9.999999999996969091e-01
1.013911385736674856e+05,9.999999999946853624e-01,9.999999999961888264e-01,9.999999999997040145e-01
1.024865011334467854e+05,9.999999999948000484e-01,9.999999999962706498e-01,9.999999999997053468e-01
1.035936972632422257e+05,9.999999999949095164e-01,9.999999999963485875e-01,9.999999999997154498e-01
1.047128548050897662e+05,9.999999999950199836e-01,9.999999999964265252e-01,9.999999999997200018e-01
1.058441029821454576e+05,9.999999999951282303e-01,9.999999999965036857e-01,9.999999999997257749e-01
1.069875724136065837e+05,9.999999999952313701e-01,9.999999999965797359e-01,9.999999999997329914e-01
1.081433951297935128e+05,9.999999999953342877e-01,9.999999999966519004e-01,9.999999999997347677e-01
1.093117045873945754e+05,9.999999999954320984e-01,9.999999999967250641e-01,9.999999999997447597e-01
1.104926356848755531e+05,9.999999999955323515e-01,9.999999999967938979e-01,9.999999999997489786e-01
1.116863247780557285e+05,9.999999999956260543e-01,9.999999999968626208e-01,9.999999999997545297e-01
1.128929096958521259e+05,9.999999999957219776e-01,9.999999999969296782e-01,9.999999999997609690e-01
1.141125297561939224e+05,9.999999999958125718e-01,9.999999999969971798e-01,9.999999999997618572e-01
1.153453257821087318e+05,9.999999999959038322e-01,9.999999999970605735e-01,9.999999999997709610e-01
1.165914401179826382e+05,9.999999999959912067e-01,9.999999999971244113e-01,9.999999999997742917e-01
1.178510166459964530e+05,9.999999999960752506e-01,9.999999999971851405e-01,9.999999999997787326e-01
1.191242008027372940e+05,9.999999999961615149e-01,9.999999999972444265e-01,9.999999999997843947e-01
1.204111395959938673e+05,9.999999999962421171e-01,9.999999999973057108e-01,9.999999999997908340e-01
1.217119816217290499e+05,9.999999999963239405e-01,9.999999999973636644e-01,9.999999999997912781e-01
1.230268770812378498e+05,9.999999999964024333e-01,9.999999999974197307e-01,9.999999999997930544e-01
1.243559777984903922e+05,9.999999999964802599e-01,9.999999999974736875e-01,9.999999999998027134e-01
1.256994372376621614e+05,9.999999999965560882e-01,9.999999999975291987e-01,9.999999999998065991e-01
1.270574105208537512e+05,9.999999999966281417e-01,9.999999999975820453e-01,9.999999999998111511e-01
1.284300544460019591e+05,9.999999999967013053e-01,9.999999999976330045e-01,9.999999999998098188e-01
1.298175275049844058e+05,9.999999999967719155e-01,9.999999999976842968e-01,9.999999999998160360e-01
1.312199899019197619e+05,9.999999999968398612e-01,9.999999999977332577e-01,9.999999999998236966e-01
1.326376035716656770e+05,9.999999999969083619e-01,9.999999999977812193e-01,9.999999999998250289e-01
1.340705321985169430e+05,9.999999999969747533e-01,9.999999999978305132e-01,9.999999999998273603e-01
1.355189412351034116e+05,9.999999999970402564e-01,9.999999999978783638e-01,9.999999999998302469e-01
1.369829979214967752e+05,9.999999999971056486e-01,9.999999999979229948e-01,9.999999999998342437e-01
1.384628713045189506e+05,9.999999999971662668e-01,9.999999999979674037e-01,9.999999999998387956e-01
1.399587322572614939e+05,9.999999999972268849e-01,9.999999999980104803e-01,9.999999999998444578e-01
1.414707534988154657e+05,9.999999999972855047e-01,9.999999999980518917e-01,9.999999999998436806e-01
1.429991096142143069e+05,9.999999999973433473e-01,9.999999999980963006e-01,9.999999999998506750e-01
1.445439770745923161e+05,9.999999999974028553e-01,9.999999999981357135e-01,9.999999999998515632e-01
1.461055342575606774e+05,9.999999999974569231e-01,9.999999999981766807e-01,9.999999999998531175e-01
1.476839614678040089e+05,9.999999999975113241e-01,9.999999999982165377e-01,9.999999999998553379e-01
1.492794409578990308e+05,9.999999999975639486e-01,9.999999999982529530e-01,9.999999999998582245e-01
1.508921569493582647e+05,9.999999999976180165e-01,9.999999999982913668e-01,9.999999999998618883e-01
1.525222956539012084e+05,9.999999999976678655e-01,9.999999999983276711e-01,9.999999999998663291e-01
1.541700452949557512e+05,9.999999999977189358e-01,9.999999999983644194e-01,9.999999999998712141e-01
1.558355961293890723e+05,9.999999999977655651e-01,9.999999999983991694e-01,9.999999999998695488e-01
1.575191404694789089e+05,9.999999999978136378e-01,9.999999999984340304e-01,9.999999999998760991e-01
1.592208727051166934e+05,9.999999999978633758e-01,9.999999999984656718e-01,9.999999999998760991e-01
1.609409893262530968e+05,9.999999999979094500e-01,9.999999999984980903e-01,9.999999999998836486e-01
1.626796889455859491e+05,9.999999999979514165e-01,9.999999999985301757e-01,9.999999999998846478e-01
1.644371723214926897e+05,9.999999999979951593e-01,9.999999999985622612e-01,9.999999999998860911e-01
1.662136423812110734e+05,9.999999999980379028e-01,9.999999999985943466e-01,9.999999999998883116e-01
1.680093042442700535e+05,9.999999999980804244e-01,9.999999999986256549e-01,9.999999999998911981e-01
1.698243652461737802e+05,9.999999999981228349e-01,9.999999999986538546e-01,9.999999999998945288e-01
1.716590349623415968e+05,9.999999999981644683e-01,9.999999999986807220e-01,9.999999999998911981e-01
1.735135252323065361e+05,9.999999999982011056e-01,9.999999999987112531e-01,9.999999999998957501e-01
1.753880501841753139e+05,9.999999999982410737e-01,9.999999999987364552e-01,9.999999999999005240e-01
1.772828262593532563e+05,9.999999999982802645e-01,9.999999999987643218e-01,9.999999999998988587e-01
1.791980722375330806e+05,9.999999999983163468e-01,9.999999999987911892e-01,9.999999999999047429e-01
1.811340092619599018e+05,9.999999999983524290e-01,9.999999999988163912e-01,9.999999999999041878e-01
1.830908608649631205e+05,9.999999999983871790e-01,9.999999999988440358e-01,9.999999999999037437e-01
1.850688529937669518e+05,9.999999999984213739e-01,9.999999999988667954e-01,9.999999999999111822e-01
1.870682140365795349e+05,9.999999999984559018e-01,9.999999999988913313e-01,9.999999999999117373e-01
1.890891748489635647e+05,9.999999999984902077e-01,9.999999999989142019e-01,9.999999999999129585e-01
1.911319687804919959e+05,9.999999999985212940e-01,9.999999999989384047e-01,9.999999999999144018e-01
1.931968317016916990e+05,9.999999999985527133e-01,9.999999999989609423e-01,9.999999999999162892e-01
1.952840020312781271e+05,9.999999999985840216e-01,9.999999999989851451e-01,9.999999999999188427e-01
1.973937207636842795e+05,9.999999999986136645e-01,9.999999999990072386e-01,9.999999999999215072e-01
1.995262314968870778e+05,9.999999999986433075e-01,9.999999999990265565e-01,9.999999999999247269e-01
2.016817804605349374e+05,9.999999999986723953e-01,9.999999999990463184e-01,9.999999999999210631e-01
2.038606165443758946e+05,9.999999999987005950e-01,9.999999999990678567e-01,9.999999999999250599e-01
2.060629913269996759e+05,9.999999999987274624e-01,9.999999999990873967e-01,9.999999999999292788e-01
2.082891591048834380e+05,9.999999999987573274e-01,9.999999999991066035e-01,9.999999999999270583e-01
2.105393769217546505e+05,9.999999999987823074e-01,9.999999999991271427e-01,9.999999999999319433e-01
2.128139045982706593e+05,9.999999999988091748e-01,9.999999999991449062e-01,9.999999999999303890e-01
2.151130047620186233e+05,9.999999999988352650e-01,9.999999999991631139e-01,9.999999999999290567e-01
2.174369428778398724e+05,9.999999999988586907e-01,9.999999999991815436e-01,9.999999999999349409e-01
2.197859872784817417e+05,9.999999999988840038e-01,9.999999999992007504e-01,9.999999999999343858e-01
2.221604091955803451e+05,9.999999999989078736e-01,9.999999999992165156e-01,9.999999999999340528e-01
2.245604827909783926e+05,9.999999999989329647e-01,9.999999999992328359e-01,9.999999999999408251e-01
2.269864851883812225e+05,9.999999999989558352e-01,9.999999999992488231e-01,9.999999999999411582e-01
2.294386965053546301e+05,9.999999999989769295e-01,9.999999999992651434e-01,9.999999999999416023e-01
2.319173998856695835e+05,9.999999999989994670e-01,9.999999999992807975e-01,9.999999999999426015e-01
2.344228815319918504e+05,9.999999999990221156e-01,9.999999999992975619e-01,9.999999999999438227e-01
2.369554307389333262e+05,9.999999999990396571e-01,9.999999999993138822e-01,9.999999999999451550e-01
2.395153399264520849e+05,9.999999999990616395e-01,9.999999999993253175e-01,9.999999999999465983e-01
2.421029046736172168e+05,9.999999999990808464e-01,9.999999999993407496e-01,9.999999999999487077e-01
2.447184237527380174e+05,9.999999999991014965e-01,9.999999999993557376e-01,9.999999999999437117e-01
2.473621991638613981e+05,9.999999999991218136e-01,9.999999999993707256e-01,9.999999999999463762e-01
2.500345361696423206e+05,9.999999999991392441e-01,9.999999999993811617e-01,9.999999999999490408e-01
2.527357433305908635e+05,9.999999999991580069e-01,9.999999999993974820e-01,9.999999999999518163e-01
2.554661325407000550e+05,9.999999999991758814e-01,9.999999999994075850e-01,9.999999999999481526e-01
2.582260190634585742e+05,9.999999999991950883e-01,9.999999999994226840e-01,9.999999999999513722e-01
2.610157215682525421e+05,9.999999999992095212e-01,9.999999999994347855e-01,9.999999999999550360e-01
2.638355621671606204e+05,9.999999999992260635e-01,9.999999999994454436e-01,9.999999999999521494e-01
2.666858664521476021e+05,9.999999999992442712e-01,9.999999999994584332e-01,9.999999999999561462e-01
2.695669635326547432e+05,9.999999999992612576e-01,9.999999999994704236e-01,9.999999999999532596e-01
2.724791860736061353e+05,9.999999999992761346e-01,9.999999999994816369e-01,9.999999999999575895e-01
2.754228703338160412e+05,9.999999999992920108e-01,9.999999999994915179e-01,9.999999999999554801e-01
2.783983562048156164e+05,9.999999999993072208e-01,9.999999999995047295e-01,9.999999999999602540e-01
2.814059872500986094e+05,9.999999999993214317e-01,9.999999999995131672e-01,9.999999999999585887e-01
2.844461107447906979e+05,9.999999999993363087e-01,9.999999999995231592e-01,9.999999999999565903e-01
2.875190777157474076e+05,9.999999999993519628e-01,9.999999999995358158e-01,9.999999999999620304e-01
2.906252429820855032e+05,9.999999999993647304e-01,9.999999999995440314e-01,9.999999999999610312e-01
2.937649651961519266e+05,9.999999999993784972e-01,9.999999999995528022e-01,9.999999999999596989e-01
2.969386068849355215e+05,9.999999999993899324e-01,9.999999999995626832e-01,9.999999999999656941e-01
3.001465344919260824e+05,9.999999999994053645e-01,9.999999999995732303e-01,9.999999999999648059e-01
3.033891184194266680e+05,9.999999999994156896e-01,9.999999999995820010e-01,9.999999999999641398e-01
3.066667330713178380e+05,9.999999999994312327e-01,9.999999999995924371e-01,9.999999999999636957e-01
3.099797568962941878e+05,9.999999999994432232e-01,9.999999999995993205e-01,9.999999999999633626e-01
3.133285724315579282e+05,9.999999999994549915e-01,9.999999999996069810e-01,9.999999999999701350e-01
3.167135663469891297e+05,9.999999999994666489e-01,9.999999999996169731e-01,9.999999999999701350e-01
3.201351294897927437e+05,9.999999999994753086e-01,9.999999999996256328e-01,9.999999999999703570e-01
3.235936569296273519e+05,9.999999999994885203e-01,9.999999999996315170e-01,9.999999999999705791e-01
3.270895480042218696e+05,9.999999999994997335e-01,9.999999999996400657e-01,9.999999999999712452e-01
3.306232063654850936e+05,9.999999999995095035e-01,9.999999999996497246e-01,9.999999999999714673e-01
3.341950400261129835e+05,9.999999999995217159e-01,9.999999999996577182e-01,9.999999999999722444e-01
3.378054614066999638e+05,9.999999999995294875e-01,9.999999999996641575e-01,9.999999999999732436e-01
3.414548873833586695e+05,9.999999999995421440e-01,9.999999999996720401e-01,9.999999999999741318e-01
3.451437393358546542e+05,9.999999999995508038e-01,9.999999999996772582e-01,9.999999999999751310e-01
3.488724431962618837e+05,9.999999999995614619e-01,9.999999999996841415e-01,9.999999999999692468e-01
3.526414294981381390e+05,9.999999999995696776e-01,9.999999999996899147e-01,9.999999999999705791e-01
3.564511334262435557e+05,9.999999999995773381e-01,9.999999999996967981e-01,9.999999999999721334e-01
3.603019948667844292e+05,9.999999999995862199e-01,9.999999999997049027e-01,9.999999999999736877e-01
3.641944584582055686e+05,9.999999999995971001e-01,9.999999999997113420e-01,9.999999999999757971e-01
3.681289736425304436e+05,9.999999999996046496e-01,9.999999999997180034e-01,9.999999999999773515e-01
3.721059947172557586e+05,9.999999999996154187e-01,9.999999999997239986e-01,9.999999999999722444e-01
3.761259808878069161e+05,9.999999999996216360e-01,9.999999999997272182e-01,9.999999999999743538e-01
3.801893963205598411e+05,9.999999999996302957e-01,9.999999999997344347e-01,9.999999999999764633e-01
3.842967101964358590e+05,9.999999999996399547e-01,9.999999999997408739e-01,9.999999999999786837e-01
3.884483967650756822e+05,9.999999999996470601e-01,9.999999999997443156e-01,9.999999999999739098e-01
3.926449353995980928e+05,9.999999999996534994e-01,9.999999999997524203e-01,9.999999999999762412e-01
3.968868106519525754e+05,9.999999999996604938e-01,9.999999999997580824e-01,9.999999999999790168e-01
4.011745123088617111e+05,9.999999999996690425e-01,9.999999999997619682e-01,9.999999999999816813e-01
4.055085354483831325e+05,9.999999999996737055e-01,9.999999999997660760e-01,9.999999999999773515e-01
4.098893804970677593e+05,9.999999999996811439e-01,9.999999999997714051e-01,9.999999999999800160e-01
4.143175532877427177e+05,9.999999999996881384e-01,9.999999999997787326e-01,9.999999999999830136e-01
4.187935651179173146e+05,9.999999999996967981e-01,9.999999999997825073e-01,9.999999999999789058e-01
4.233179328088196344e+05,9.999999999997023492e-01,9.999999999997847278e-01,9.999999999999822364e-01
4.278911787650714978e+05,9.999999999997086775e-01,9.999999999997913891e-01,9.999999999999784617e-01
4.325138310350072570e+05,9.999999999997147837e-01,9.999999999997950528e-01,9.999999999999816813e-01
4.371864233716450399e+05,9.999999999997206679e-01,9.999999999997997158e-01,9.999999999999851230e-01
4.419094952943162643e+05,9.999999999997263300e-01,9.999999999998047118e-01,9.999999999999813483e-01
4.466835921509612235e+05,9.999999999997316591e-01,9.999999999998081535e-01,9.999999999999849010e-01
4.515092651810972020e+05,9.999999999997375433e-01,9.999999999998128164e-01,9.999999999999813483e-01
4.563870715794689604e+05,9.999999999997425393e-01,9.999999999998175904e-01,9.999999999999849010e-01
4.613175745603786781e+05,9.999999999997477573e-01,9.999999999998200328e-01,9.999999999999816813e-01
4.663013434227267862e+05,9.999999999997549738e-01,9.999999999998228084e-01,9.999999999999853451e-01
4.713389536157394759e+05,9.999999999997589706e-01,9.999999999998272493e-01,9.999999999999822364e-01
4.764309868054145481e+05,9.999999999997654099e-01,9.999999999998316902e-01,9.999999999999864553e-01
4.815780309416830423e+05,9.999999999997704059e-01,9.999999999998343547e-01,9.999999999999833467e-01
4.867806803262968315e+05,9.999999999997745137e-01,9.999999999998375744e-01,9.999999999999874545e-01
4.920395356814493425e+05,9.999999999997808420e-01,9.999999999998413491e-01,9.999999999999844569e-01
4.973552042191379587e+05,9.999999999997835065e-01,9.999999999998450129e-01,9.999999999999887867e-01
5.027282997112753219e+05,9.999999999997900568e-01,9.999999999998506750e-01,9.999999999999860112e-01
5.081594425605584984e+05,9.999999999997923883e-01,9.999999999998530065e-01,9.999999999999830136e-01
5.136492598721034010e+05,9.999999999997966071e-01,9.999999999998563371e-01,9.999999999999877875e-01
5.191983855258533731e+05,9.999999999998033795e-01,9.999999999998597788e-01,9.999999999999849010e-01
5.248074602497718297e+05,9.999999999998079314e-01,9.999999999998607780e-01,9.999999999999895639e-01
5.304771316938162781e+05,9.999999999998122613e-01,9.999999999998658851e-01,9.999999999999870104e-01
5.362080545047298074e+05,9.999999999998152589e-01,9.999999999998678835e-01,9.999999999999844569e-01
5.420008904016226297e+05,9.999999999998184785e-01,9.999999999998707700e-01,9.999999999999891198e-01
5.478563082523791818e+05,9.999999999998216982e-01,9.999999999998743228e-01,9.999999999999866773e-01
5.537749841508882819e+05,9.999999999998265832e-01,9.999999999998752109e-01,9.999999999999842348e-01
5.597576014951084508e+05,9.999999999998292477e-01,9.999999999998765432e-01,9.999999999999893419e-01
5.658048510659761960e+05,9.999999999998343547e-01,9.999999999998817612e-01,9.999999999999871214e-01
5.719174311071664561e+05,9.999999999998389066e-01,9.999999999998835376e-01,9.999999999999849010e-01
5.780960474057157990e+05,9.999999999998393507e-01,9.999999999998866462e-01,9.999999999999900080e-01
5.843414133735151263e+05,9.999999999998439026e-01,9.999999999998865352e-01,9.999999999999878986e-01
5.906542501296839910e+05,9.999999999998470113e-01,9.999999999998905320e-01,9.999999999999860112e-01
5.970352865838361904e+05,9.999999999998502309e-01,9.999999999998917533e-01,9.999999999999910072e-01
6.034852595202350058e+05,9.999999999998534506e-01,9.999999999998965272e-01,9.999999999999888978e-01
6.100049136828781338e+05,9.999999999998576694e-01,9.999999999998983036e-01,9.999999999999870104e-01
6.165950018614808796e+05,9.999999999998602229e-01,9.999999999999000799e-01,9.999999999999923395e-01
6.232562849783991696e+05,9.999999999998648859e-01,9.999999999999035216e-01,9.999999999999905631e-01
6.299895321764885448e+05,9.999999999998676614e-01,9.999999999999032996e-01,9.999999999999887867e-01
6.367955209079140332e+05,9.999999999998676614e-01,9.999999999999074074e-01,9.999999999999870104e-01
6.436750370239170734e+05,9.999999999998716582e-01,9.999999999999080735e-01,9.999999999999923395e-01
6.506288748655549716e+05,9.999999999998727684e-01,9.999999999999092948e-01,9.999999999999906741e-01
6.576578373554180143e+05,9.999999999998776534e-01,9.999999999999107381e-01,9.999999999999888978e-01
6.647627360903396038e+05,9.999999999998808731e-01,9.999999999999128475e-01,9.999999999999874545e-01
6.719443914351062849e+05,9.999999999998826494e-01,9.999999999999148459e-01,9.999999999999931166e-01
6.792036326171813998e+05,9.999999999998858691e-01,9.999999999999178435e-01,9.999999999999915623e-01
6.865412978224538965e+05,9.999999999998868683e-01,9.999999999999179545e-01,9.999999999999900080e-01
6.939582342920090305e+05,9.999999999998909761e-01,9.999999999999215072e-01,9.999999999999886757e-01
7.014552984199699713e+05,9.999999999998923084e-01,9.999999999999219513e-01,9.999999999999941158e-01
7.090333558523710817e+05,9.999999999998939737e-01,9.999999999999233946e-01,9.999999999999928946e-01
7.166932815871117637e+05,9.999999999998969713e-01,9.999999999999272804e-01,9.999999999999915623e-01
7.244359600749880774e+05,9.999999999999000799e-01,9.999999999999288347e-01,9.999999999999900080e-01
7.322622853218152886e+05,9.999999999999019673e-01,9.999999999999278355e-01,9.999999999999887867e-01
7.401731609916540328e+05,9.999999999999032996e-01,9.999999999999295008e-01,9.999999999999945599e-01
7.481695005111517385e+05,9.999999999999065192e-01,9.999999999999324984e-01,9.999999999999933387e-01
7.562522271750108339e+05,9.999999999999081846e-01,9.999999999999350520e-01,9.999999999999922284e-01
7.644222742525971262e+05,9.999999999999105160e-01,9.999999999999347189e-01,9.999999999999908962e-01
7.726805850956989452e+05,9.999999999999119593e-01,9.999999999999347189e-01,9.999999999999896749e-01
7.810281132474512560e+05,9.999999999999137357e-01,9.999999999999388267e-01,9.999999999999955591e-01
7.894658225524388254e+05,9.999999999999142908e-01,9.999999999999387157e-01,9.999999999999944489e-01
7.979946872679725057e+05,9.999999999999170663e-01,9.999999999999399369e-01,9.999999999999933387e-01
8.066156921766118612e+05,9.999999999999169553e-01,9.999999999999416023e-01,9.999999999999924505e-01
8.153298326998311095e+05,9.999999999999209521e-01,9.999999999999428235e-01,9.999999999999913403e-01
8.241381150130002061e+05,9.999999999999218403e-01,9.999999999999442668e-01,9.999999999999902300e-01
8.330415561615165789e+05,9.999999999999227285e-01,9.999999999999462652e-01,9.999999999999963363e-01
8.420411841782848351e+05,9.999999999999248379e-01,9.999999999999450440e-01,9.999999999999951150e-01
8.511380382023766870e+05,9.999999999999255040e-01,9.999999999999478195e-01,9.999999999999942268e-01
8.603331685990323313e+05,9.999999999999282796e-01,9.999999999999469313e-01,9.999999999999933387e-01
8.696276370809596265e+05,9.999999999999302780e-01,9.999999999999499289e-01,9.999999999999926725e-01
8.790225168308806606e+05,9.999999999999309441e-01,9.999999999999524825e-01,9.999999999999915623e-01
8.885188926254964899e+05,9.999999999999333866e-01,9.999999999999529265e-01,9.999999999999906741e-01
8.981178609606901882e+05,9.999999999999334976e-01,9.999999999999532596e-01,9.999999999999968914e-01
9.078205301781843882e+05,9.999999999999346079e-01,9.999999999999531486e-01,9.999999999999962252e-01
9.176280205934637925e+05,9.999999999999367173e-01,9.999999999999544809e-01,9.999999999999953371e-01
9.275414646251843078e+05,9.999999999999392708e-01,9.999999999999545919e-01,9.999999999999945599e-01
9.375620069258747390e+05,9.999999999999400480e-01,9.999999999999558131e-01,9.999999999999936717e-01
9.476908045141568873e+05,9.999999999999416023e-01,9.999999999999571454e-01,9.999999999999928946e-01
9.579290269082866143e+05,9.999999999999433786e-01,9.999999999999586997e-01,9.999999999999922284e-01
9.682778562612460228e+05,9.999999999999451550e-01,9.999999999999600320e-01,9.999999999999914513e-01
9.787384874971929239e+05,9.999999999999460432e-01,9.999999999999586997e-01,9.999999999999908962e-01
9.893121284494522261e+05,9.999999999999461542e-01,9.999999999999603650e-01,9.999999999999971134e-01
9.999999999999995343e+05,9.999999999999452660e-01,9.999999999999623634e-01,9.999999999999963363e-01
