G_mM,Y_0p5,Y_5,Y_36
9.999999999999982011e-09,9.236151410597881775e-17,1.993735311295192004e-16,6.297751559819080061e-14
1.010803336220382749e-08,9.336018759504593646e-17,2.015292531921449356e-16,6.365844359210701712e-14
1.021723384514257942e-08,9.436837377858639885e-17,2.037055524088815591e-16,6.434593304873438013e-14
1.032761405761394785e-08,9.538777325002559309e-17,2.059060350850886830e-16,6.504101428039943517e-14
1.043918674463272197e-08,9.641822657872990908e-17,2.081304890851569258e-16,6.574368728710216963e-14
1.055196478890237068e-08,9.745989319533295691e-17,2.103789144090862873e-16,6.645389784187804642e-14
1.066596121230254167e-08,9.851266681274565909e-17,2.126515231924861739e-16,6.717175439865616495e-14
1.078118917739266564e-08,9.957649428742348300e-17,2.149481032997471547e-16,6.789714850350742581e-14
1.089766198893160955e-08,1.006515881935445837e-16,2.172684425952598972e-16,6.863018861036092842e-14
1.101539309541414140e-08,1.017393302632671168e-16,2.196165716556027525e-16,6.937185080457865599e-14
1.113439609062360287e-08,1.028381793337992919e-16,2.219886720398067512e-16,7.012115900079863793e-14
1.125468471520154573e-08,1.039482416922302235e-16,2.243847437478718933e-16,7.087800474509174957e-14
1.137627285823429072e-08,1.050708990707180302e-16,2.268081809495483354e-16,7.164358103067821084e-14
1.149917455885663058e-08,1.062064171869854368e-16,2.292591957804455825e-16,7.241783363059345941e-14
1.162340400787285095e-08,1.073545303233097184e-16,2.317377882405635853e-16,7.320070831787293293e-14
1.174897554939526761e-08,1.085138567475327443e-16,2.342403520245427069e-16,7.399117478019009849e-14
1.187590368250046211e-08,1.096858844789017474e-16,2.367702813021332025e-16,7.479031755683606396e-14
1.200420306290341755e-08,1.109151478077444228e-16,2.394238856399983599e-16,7.562855797492612198e-14
1.213388850464973329e-08,1.121126312969499009e-16,2.420087580404209358e-16,7.644505338022964942e-14
1.226497498182612357e-08,1.133228692368458889e-16,2.446212080700643167e-16,7.727022509986197677e-14
1.239747763028944008e-08,1.145473496466796199e-16,2.472642056274599451e-16,7.810515767311417406e-14
1.253141174941415222e-08,1.157830433444120951e-16,2.499315987799354063e-16,7.894773624836863833e-14
1.266679280385915192e-08,1.170345206748740792e-16,2.526331457655228013e-16,7.980105176260495575e-14
1.280363642535318994e-08,1.182972644367793400e-16,2.553588762105806474e-16,8.066206750580808987e-14
1.294195841449984185e-08,1.195741975250777866e-16,2.581153663190001720e-16,8.153278987566654421e-14
1.308177474260191939e-08,1.208654793704030908e-16,2.609028282263906582e-16,8.241327309914489372e-14
1.322310155350558197e-08,1.221711099727552032e-16,2.637212619327521552e-16,8.330351717624312577e-14
1.336595516546439315e-08,1.234910893321341485e-16,2.665704553024752815e-16,8.420352210696125300e-14
1.351035207302348917e-08,1.248237168551145139e-16,2.694470141658097324e-16,8.511214912504360519e-14
1.365630894892413254e-08,1.261722342979134779e-16,2.723581511334748804e-16,8.603172998996604723e-14
1.380384264602880616e-08,1.275335061914029518e-16,2.752966535947513530e-16,8.695993294225273948e-14
1.395297019926713753e-08,1.289106680047109997e-16,2.782693098891397101e-16,8.789892706048584719e-14
1.410370882760287634e-08,1.303038260249267608e-16,2.812765442878587149e-16,8.884882079859449505e-14
1.425607593602187581e-08,1.317111733715357077e-16,2.843145383499393489e-16,8.980847539032303808e-14
1.441008911754205393e-08,1.331328694751714874e-16,2.873832920753815628e-16,9.077789083567146366e-14
1.456576615524456523e-08,1.345705086421704231e-16,2.904866239051544244e-16,9.175809744696631733e-14
1.472312502432717075e-08,1.360239845854433755e-16,2.936243217036485521e-16,9.274920367813672376e-14
1.488218389417973511e-08,1.374918624292877180e-16,2.967927791655043090e-16,9.375001653596245041e-14
1.504296113048215179e-08,1.389771182121978923e-16,2.999989967658315379e-16,9.476286777991937479e-14
1.520547529732492484e-08,1.404783170584711978e-16,3.032395803348800328e-16,9.578645596285817755e-14
1.536974515935267838e-08,1.419954589681076346e-16,3.065143177370404122e-16,9.682094376567250783e-14
1.553578968393079411e-08,1.435427864110449457e-16,3.098546050425024009e-16,9.787598358805316137e-14
1.570362804333547951e-08,1.450933024666549027e-16,3.132014685518555182e-16,9.893319248901601805e-14
1.587327961696749174e-08,1.466597084420834584e-16,3.165826980299298524e-16,1.000013010098544149e-13
1.604476399358976711e-08,1.482436517872114683e-16,3.200018997820850895e-16,1.010812852359303350e-13
1.621810097358929678e-08,1.498434850521580521e-16,3.234552553673522110e-16,1.021721148549172456e-13
1.639331057126312649e-08,1.514622905625067908e-16,3.269499773964504906e-16,1.032760131723618869e-13
1.657041301712966784e-08,1.530970922797632179e-16,3.304786411230511744e-16,1.043907026557529688e-13
1.674942876026435533e-08,1.547510788165999548e-16,3.340488834290924473e-16,1.055184066106372191e-13
1.693037847066086977e-08,1.564207958426216432e-16,3.376532795682455553e-16,1.066570101853970222e-13
1.711328304161777934e-08,1.581112919945599645e-16,3.413024363209800766e-16,1.078096585439765517e-13
1.729816359215098208e-08,1.598176249227723518e-16,3.449857469068264331e-16,1.089731522954670590e-13
1.748504146943220458e-08,1.615430363834759590e-16,3.487104239365038984e-16,1.101496605184507473e-13
1.767393825125384796e-08,1.632876326637598514e-16,3.524762552744031401e-16,1.113391832129276165e-13
1.786487574852045919e-08,1.650512543329904557e-16,3.562830287849147767e-16,1.125416661519331296e-13
1.805787600776711890e-08,1.668339013911677228e-16,3.601311687392574728e-16,1.137572720163609230e-13
1.825296131370504335e-08,1.686500288824076000e-16,3.640514348007929562e-16,1.149955447519726679e-13
1.845015419179473489e-08,1.704709392926564215e-16,3.679820955071885870e-16,1.162371795593868232e-13
1.864947741084663119e-08,1.723108750918519057e-16,3.719539105218059942e-16,1.174917203843650727e-13
1.885095398565047415e-08,1.741714305863304002e-16,3.759702740143953345e-16,1.187604144470921354e-13
1.905460717963245561e-08,1.760527652067255275e-16,3.800311859849567064e-16,1.200431532936389372e-13
1.926046050754137716e-08,1.779531252160673176e-16,3.841332522637398055e-16,1.213389608386434571e-13
1.946853773816378780e-08,1.798757523705729735e-16,3.882836854614639056e-16,1.226499519337233611e-13
1.967886289706841371e-08,1.818174580575698494e-16,3.924750608318004005e-16,1.239739032733319089e-13
1.989146026938029701e-08,1.837814840332750991e-16,3.967145909854685146e-16,1.253130923899803904e-13
2.010635440258483220e-08,1.857645353979270609e-16,4.009952754473584052e-16,1.266652417511574906e-13
2.032357010936216664e-08,1.877715013576237195e-16,4.053275088623301210e-16,1.280337134286656199e-13
2.054313247045216382e-08,1.897990870126033885e-16,4.097042907552738684e-16,1.294162298899934630e-13
2.076506683755035602e-08,1.918759367333751517e-16,4.141875647241316199e-16,1.308323670693453852e-13
2.098939883623517111e-08,1.939465155158907374e-16,4.186570498783789690e-16,1.322442203184974509e-13
2.121615436892684360e-08,1.960408494628173976e-16,4.231780839857081925e-16,1.336722874300514462e-13
2.144535961787794055e-08,1.981575568419970135e-16,4.277470607407597029e-16,1.351155380916808256e-13
2.167704104819693172e-08,2.002964782227959381e-16,4.323641922791427832e-16,1.365739723033855891e-13
2.191122541090368226e-08,2.024592079115504944e-16,4.370328727706077874e-16,1.380486746044568319e-13
2.214793974601830724e-08,2.046457990518051903e-16,4.417528900795452842e-16,1.395396449948945288e-13
2.238721138568336155e-08,2.068547104807683093e-16,4.465210621718143511e-16,1.410457989354076350e-13
2.262906795731971925e-08,2.090890245240233583e-16,4.513441773869155969e-16,1.425693055045782905e-13
2.287353738681657571e-08,2.113742500829513571e-16,4.562769667120717696e-16,1.441275173310641205e-13
2.312064790175589034e-08,2.136562870292067347e-16,4.612031798333367643e-16,1.456835058520031850e-13
2.337042803467168990e-08,2.159622385705068090e-16,4.661807297720742025e-16,1.472558166892733038e-13
2.362290662634455026e-08,2.182935927260988381e-16,4.712132228336438197e-16,1.488454801552009719e-13
2.387811282913169978e-08,2.206503494959828217e-16,4.763004468824361848e-16,1.504524962497862399e-13
2.413607611033308526e-08,2.230325620237032680e-16,4.814428261896700612e-16,1.520768107460645074e-13
2.439682625559389332e-08,2.254402834528047094e-16,4.866401486197360181e-16,1.537185320979649246e-13
2.466039337234337848e-08,2.278749486589898958e-16,4.918958083423843597e-16,1.553786363908494366e-13
2.492680789327174808e-08,2.303637139935206534e-16,4.972679305145881387e-16,1.570756692465958885e-13
2.519610057984369800e-08,2.328508850217151373e-16,5.026368706526509456e-16,1.587715633360866702e-13
2.546830252585037580e-08,2.353635649512905918e-16,5.080607539135459315e-16,1.604848100542350265e-13
2.574344516099960600e-08,2.379048361078306468e-16,5.135463686367736067e-16,1.622175784796231479e-13
2.602156025454491670e-08,2.404731041849989302e-16,5.190903206525835682e-16,1.639687840729599643e-13
2.630267991895376134e-08,2.430700166326763468e-16,5.246962162663355514e-16,1.657395113735365459e-13
2.658683661361537565e-08,2.457082747580087999e-16,5.303909967004221670e-16,1.675384366956816798e-13
2.687406314858869330e-08,2.483608284968235780e-16,5.361169610690891259e-16,1.693471770984112713e-13
2.716439268839074380e-08,2.510420797496919726e-16,5.419048690356981065e-16,1.711753307544515032e-13
2.745785875582598582e-08,2.537518690859804352e-16,5.477542963290303454e-16,1.730230603446961004e-13
2.775449523585700298e-08,2.564902496492334491e-16,5.536654550846951751e-16,1.748903116421804375e-13
2.805433637951712766e-08,2.592605694827572581e-16,5.596453457778025370e-16,1.767792537254867554e-13
2.835741680786481433e-08,2.620737230131833614e-16,5.657179397322135005e-16,1.786974241426881964e-13
2.866377151598176411e-08,2.649028727505171779e-16,5.718251117909552104e-16,1.806264941797651398e-13
2.897343587701319581e-08,2.677622080211519180e-16,5.779971973461702859e-16,1.825761162364084443e-13
2.928644564625232153e-08,2.706533231314237567e-16,5.842380148388278935e-16,1.845474833058382541e-13
2.960283696526880509e-08,2.735746769185411009e-16,5.905439579635683965e-16,1.865394023948343746e-13
2.992264636608183199e-08,2.765706973857424201e-16,5.970113362870549346e-16,1.885822948305121235e-13
3.024591077537828384e-08,2.795556108521341589e-16,6.034547432866804032e-16,1.906175954911522057e-13
3.057266751877644744e-08,2.825740047515884338e-16,6.099702763934987085e-16,1.926756714769053388e-13
3.090295432513581438e-08,2.856241253471353734e-16,6.165543293021500163e-16,1.947554382484804527e-13
3.123680933091344429e-08,2.887060789258640428e-16,6.232071141482438563e-16,1.968568958058775222e-13
3.157427108456735162e-08,2.918357022640485082e-16,6.299627847648921128e-16,1.989908895420075503e-13
3.191537855100761085e-08,2.949860515846050737e-16,6.367632159951217333e-16,2.011389280619573176e-13
3.226017111609499478e-08,2.981697750511351103e-16,6.436357733325440919e-16,2.033098503609492604e-13
3.260868859118930989e-08,3.013884138264304574e-16,6.505836388113000621e-16,2.055045240704162499e-13
3.296097121774574116e-08,3.046707717116337969e-16,6.576689681649409979e-16,2.077425793515272011e-13
3.331705967196146971e-08,3.079595068221824283e-16,6.647678741975830532e-16,2.099850270167670831e-13
3.367699506947228523e-08,3.112832103850408537e-16,6.719425126427773848e-16,2.122513345464111364e-13
3.404081897010002690e-08,3.146418292566645404e-16,6.791926713649147589e-16,2.145414477134948114e-13
3.440857338265126335e-08,3.180530070938421065e-16,6.865558983668571673e-16,2.168673506771847308e-13
3.478030076976782017e-08,3.214863457890943993e-16,6.939672801521313428e-16,2.192084371909500343e-13
3.515604405282971763e-08,3.249563535300819235e-16,7.014577885197080992e-16,2.215744681084106044e-13
3.553584661691108768e-08,3.285058108701623917e-16,7.091197024596722746e-16,2.239947259904260888e-13
3.591975231578959294e-08,3.320504852912339402e-16,7.167714338903857338e-16,2.264117302545682874e-13
3.630780547701013530e-08,3.356350173707133660e-16,7.245088681072929517e-16,2.288557937740234187e-13
3.670005090700259583e-08,3.392577065151752318e-16,7.323288230762530551e-16,2.313259404634294364e-13
3.709653389625617383e-08,3.429327951945572805e-16,7.402620584606277222e-16,2.338318769494416984e-13
3.749730022454831971e-08,3.466332864882312346e-16,7.482502369678344697e-16,2.363551660641115351e-13
3.790239616623081612e-08,3.503752297466493890e-16,7.563275124309851820e-16,2.389065989733853997e-13
3.831186849557282214e-08,3.541695725399877265e-16,7.645180683095503594e-16,2.414938759062301089e-13
3.872576449216165457e-08,3.579910716845879393e-16,7.727671736163073527e-16,2.440995357800588877e-13
3.914413194636190865e-08,3.618554576696350283e-16,7.811089821843679477e-16,2.467344782147473395e-13
3.956701916483355350e-08,3.657865919466291086e-16,7.895946186955952553e-16,2.494149712996618929e-13
3.999447497610965066e-08,3.697352635933226431e-16,7.981184396165129462e-16,2.521073943167785952e-13
4.042654873623431788e-08,3.737538190010912822e-16,8.067930889557070940e-16,2.548474828357390400e-13
4.086329033446161975e-08,3.777867231658867296e-16,8.154987100938723513e-16,2.575973864352839423e-13
4.130475019901600056e-08,3.818626204582181184e-16,8.242968223577317792e-16,2.603765725956884671e-13
4.175097930291511298e-08,3.860132375741781133e-16,8.332565819559467719e-16,2.632066778758101211e-13
4.220202916985481773e-08,3.901782034471649165e-16,8.422471012175234431e-16,2.660465982365161821e-13
4.265795188015923932e-08,3.944035403867535175e-16,8.513678717432657076e-16,2.689277310902840143e-13
4.311880007679358157e-08,3.986606571659792665e-16,8.605575863420600338e-16,2.718305005029092524e-13
4.358462697144272729e-08,4.029624145226218126e-16,8.698431862362987366e-16,2.747636370156852082e-13
4.405548635065526447e-08,4.073228954959852516e-16,8.792560674961716888e-16,2.777369014822318399e-13
4.453143258205395839e-08,4.117183980652030665e-16,8.887442568973782525e-16,2.807340258131826682e-13
4.501252062061327156e-08,4.162076989905407322e-16,8.984350358055527757e-16,2.837951379623082682e-13
4.549880601500475226e-08,4.206971062029674137e-16,9.081258147137272990e-16,2.868561958844693688e-13
4.599034491401090033e-08,4.252500730946685391e-16,9.179538453611773570e-16,2.899606896052389305e-13
4.648719407300841696e-08,4.298380084386794584e-16,9.278573962855704575e-16,2.930890431904126382e-13
4.698941086052139414e-08,4.345022047691107249e-16,9.379259887140693287e-16,2.962694004345945200e-13
4.749705326484539690e-08,4.391903688381312701e-16,9.480457058244313109e-16,2.994660257681429316e-13
4.801017990074320577e-08,4.439436868927624836e-16,9.583064931150377972e-16,3.027071172126263497e-13
4.852885001621208072e-08,4.487335677060398634e-16,9.686459827167282981e-16,3.059731530608050092e-13
4.905312349932583513e-08,4.536173531625261590e-16,9.791880618253866599e-16,3.093031767271585412e-13
4.958306088514909963e-08,4.585121924762775024e-16,9.897541122579060913e-16,3.126407921685497401e-13
5.011872336272716368e-08,4.634722389191841453e-16,1.000461232870670224e-15,3.160228737208759454e-13
5.066017278215114356e-08,4.684879797967726823e-16,1.011288210102739901e-15,3.194428599214260864e-13
5.120747166169950247e-08,4.735418245957990773e-16,1.022197708086862562e-15,3.228888750649625640e-13
5.176068319505665054e-08,4.786784138936801766e-16,1.033285612118482485e-15,3.263913404786007467e-13
5.231987125860965726e-08,4.838435944185259259e-16,1.044435247612435097e-15,3.299132733725141447e-13
5.288510041882365189e-08,4.890899251358900072e-16,1.055760107119744197e-15,3.334905177702735523e-13
5.345643593969700377e-08,4.943950857570640960e-16,1.067211823721468782e-15,3.371078901218035853e-13
5.403394379029700392e-08,4.997272432988663638e-16,1.078722089751385084e-15,3.407436996412823387e-13
5.461769065237694114e-08,5.051325795015054966e-16,1.090390184674687884e-15,3.444293437411870251e-13
5.520774392807571753e-08,5.105952044451628959e-16,1.102181742522656062e-15,3.481540854825358418e-13
5.580417174769961297e-08,5.161451973760502228e-16,1.114162313198591080e-15,3.519384226579305500e-13
5.640704297759009623e-08,5.217127808201815857e-16,1.126180431877388189e-15,3.557346897655273059e-13
5.701642722807468503e-08,5.273550309443970223e-16,1.138359985754931234e-15,3.595819302198056904e-13
5.763239486150466666e-08,5.330705660165382904e-16,1.150697580661470503e-15,3.634790594814746081e-13
5.825501700037946082e-08,5.388479601745286142e-16,1.163168821001925472e-15,3.674184857754963922e-13
5.888436553555878271e-08,5.446604290719177479e-16,1.175715793754933014e-15,3.713817719339223225e-13
5.952051313456344680e-08,5.505635077127541849e-16,1.188458143404189143e-15,3.754068768319408843e-13
6.016353324996595611e-08,5.565158504193826915e-16,1.201307197264968460e-15,3.794655482210188999e-13
6.081350012787161807e-08,5.625318590923745593e-16,1.214293502865023707e-15,3.835676011817409276e-13
6.147048881649141798e-08,5.686433135713671826e-16,1.227485792141796921e-15,3.877347264999288222e-13
6.213457517480736454e-08,5.747881421963333756e-16,1.240749995390153344e-15,3.919246271432297677e-13
6.280583588133155830e-08,5.810156090330651090e-16,1.254192816821616756e-15,3.961709238296678684e-13
6.348434844296010797e-08,5.872955816918060906e-16,1.267748918668494633e-15,4.004530103127122640e-13
6.417019120392145115e-08,5.936725944628841016e-16,1.281514610497450116e-15,4.048011994655490721e-13
6.486344335482377794e-08,6.000750629917986490e-16,1.295335033313628543e-15,4.091667412470434547e-13
6.556418494179781193e-08,6.065601697324787370e-16,1.309333862177304232e-15,4.135886790716749421e-13
6.627249687573952785e-08,6.131152665213229455e-16,1.323483943730475339e-15,4.180583366251147722e-13
6.698846094165251469e-08,6.197832933423227819e-16,1.337877556963226701e-15,4.226049964682226180e-13
6.771215980809129456e-08,6.264942070037694946e-16,1.352364085592890899e-15,4.271809388721901366e-13
6.844367703670651050e-08,6.332624094062344737e-16,1.366974077147220673e-15,4.317959246906371855e-13
6.918309709189346557e-08,6.401069259386642340e-16,1.381748685934437158e-15,4.364629141680924084e-13
6.993050535054470138e-08,6.470500768897673959e-16,1.396736278873481750e-15,4.411971450815957391e-13
7.068598811190803219e-08,6.540410038874154188e-16,1.411826969718690091e-15,4.459639121738320285e-13
7.144963260755133171e-08,6.611224343414214828e-16,1.427113249595756352e-15,4.507924980056608990e-13
7.222152701143366221e-08,6.682627478427820868e-16,1.442526386567238296e-15,4.556612117912604959e-13
7.300176045008776194e-08,6.755255572143161581e-16,1.458204056643629925e-15,4.606133808753100292e-13
7.379042301291003960e-08,6.828233350381600726e-16,1.473957246996964597e-15,4.655894098237637592e-13
7.458760576256290662e-08,6.902149112181238378e-16,1.489912814721657798e-15,4.706294808173568610e-13
7.539340074548936763e-08,6.977130402048978405e-16,1.506098337446930233e-15,4.757421074895245484e-13
7.620790100254107378e-08,7.052477319503179600e-16,1.522362986754505348e-15,4.808797327923519765e-13
7.703120057972130775e-08,7.128651150510483500e-16,1.538806042109577922e-15,4.860736999113519091e-13
7.786339453904391968e-08,7.206081826346247545e-16,1.555520418909060593e-15,4.913533998613133206e-13
7.870457896950966979e-08,7.284021617338741334e-16,1.572344469818598289e-15,4.966677508416252306e-13
7.955485099820108945e-08,7.363105057409818163e-16,1.589415870848685408e-15,5.020601886508963019e-13
8.041430880149725030e-08,7.442618960191698745e-16,1.606579763004466501e-15,5.074819090210269451e-13
8.128305161640965918e-08,7.523421062493321593e-16,1.624021764944158694e-15,5.129914228467720574e-13
8.216117975204089333e-08,7.604635558700604155e-16,1.641553075975404085e-15,5.185291889210502969e-13
8.304879460116564515e-08,7.687028247290423831e-16,1.659338525466699311e-15,5.241471566759052377e-13
8.394599865193969534e-08,7.770454046386174095e-16,1.677346929483463830e-15,5.298356194846816731e-13
8.485289549973253972e-08,7.854340068577673270e-16,1.695454825101032461e-15,5.355555339328998708e-13
8.576958985908930759e-08,7.939563713785340870e-16,1.713851225147372242e-15,5.413664954546058234e-13
8.669618757582153499e-08,8.025564849049684028e-16,1.732415848731958568e-15,5.472305994015756454e-13
8.763279563922865902e-08,8.112203175413107109e-16,1.751117724055820429e-15,5.531381391471539283e-13
8.857952219445150371e-08,8.200192410678833737e-16,1.770111285842594411e-15,5.591377562785465116e-13
8.953647655495917348e-08,8.288993147869744672e-16,1.789280071642724486e-15,5.651927391407496036e-13
9.050376921517098231e-08,8.378891830690929766e-16,1.808685600782934799e-15,5.713225552140384702e-13
9.148151186321455664e-08,8.469600952566408515e-16,1.828266353936501402e-15,5.775076285642089481e-13
9.246981739382196489e-08,8.561423431700078834e-16,1.848087244599897759e-15,5.837686196647561949e-13
9.346879992136498546e-08,8.653961754378755067e-16,1.868062782122540035e-15,5.900784150334029302e-13
9.447857479303168357e-08,8.747803156769645651e-16,1.888319823598843322e-15,5.964770883969552297e-13
9.549925860214355592e-08,8.842472535584527618e-16,1.908755271122644068e-15,6.029322120306091332e-13
9.653096920161996645e-08,8.938301506541356346e-16,1.929441250801135012e-15,6.094664528055487437e-13
9.757382571758464530e-08,9.035308669880720216e-16,1.950381368939675592e-15,6.160808952610650553e-13
9.862794856312092163e-08,9.133078443084287558e-16,1.971486104311103080e-15,6.227474498295185899e-13
9.969345945217510761e-08,9.232057231926226835e-16,1.992851766482080815e-15,6.294964293840956670e-13
1.007704814136102309e-07,9.332196144345558200e-16,2.014468172943358079e-15,6.363245260799584509e-13
1.018591388054114787e-07,9.433162501753434636e-16,2.036262985452132802e-15,6.432090188189582891e-13
1.029595573290451531e-07,9.535497305433316292e-16,2.058352878593569754e-15,6.501867277100279716e-13
1.040718640439727924e-07,9.638642016732044304e-16,2.080617995748362995e-15,6.572197481049438151e-13
1.051961873823219803e-07,9.743202472057418449e-16,2.103188800316287847e-15,6.643493467237318881e-13
1.063326571637157753e-07,9.848700910943991101e-16,2.125961982255571424e-15,6.715428789337302334e-13
1.074814046102622819e-07,9.955361067714292804e-16,2.148985696349544804e-15,6.788155825119788354e-13
1.086425623617065222e-07,1.006341996257698626e-15,2.172311491551290354e-15,6.861836713208795731e-13
1.098162644907441289e-07,1.017251249938105465e-15,2.195860453414114728e-15,6.936222551837016035e-13
1.110026465185043144e-07,1.028251113361959805e-15,2.219605216444406550e-15,7.011226577861163663e-13
1.122018454301962231e-07,1.039395792944695739e-15,2.243662243091720865e-15,7.087216992370564497e-13
1.134139996909262527e-07,1.050661320947724433e-15,2.267980196538585425e-15,7.164032199010846253e-13
1.146392492616859073e-07,1.062073099985337594e-15,2.292614019907832706e-15,7.241844097259646669e-13
1.158777356155123783e-07,1.073580271685406978e-15,2.317453614818188425e-15,7.320307261352752766e-13
1.171296017538235880e-07,1.085225829175468428e-15,2.342592108802175540e-15,7.399713432359469267e-13
1.183949922229298931e-07,1.096966832471530536e-15,2.367936374327271094e-15,7.479770869210489429e-13
1.196740531307240213e-07,1.108865300090075756e-15,2.393620481098610240e-15,7.560900915420406940e-13
1.209669321635515986e-07,1.120889345904378222e-15,2.419575909314359681e-15,7.642888289939937219e-13
1.222737786032629156e-07,1.133029457219964133e-15,2.445781869684799319e-15,7.725666835872323558e-13
1.235947433444508285e-07,1.145326979714488921e-15,2.472327671301482550e-15,7.809519075702898240e-13
1.249299789118730487e-07,1.157740727140930850e-15,2.499124217208465310e-15,7.894162486946328981e-13
1.262796394780635729e-07,1.170291106620395171e-15,2.526215843748110299e-15,7.979739144249750169e-13
1.276438808811342715e-07,1.182971953501714328e-15,2.553588974241415905e-15,8.066204581502226999e-13
1.290228606427678799e-07,1.195807022949299617e-15,2.581294945505855556e-15,8.153722021867068247e-13
1.304167379864075283e-07,1.208777342717748858e-15,2.609292815368816267e-15,8.242160778359699004e-13
1.318256738556404799e-07,1.221874781844746888e-15,2.637565400845937774e-15,8.331467166285207986e-13
1.332498309327817163e-07,1.235126496681555682e-15,2.666170827094192933e-15,8.421825015053436899e-13
1.346893736576579522e-07,1.248532487228175041e-15,2.695109306249190681e-15,8.513235409203676737e-13
1.361444682465946456e-07,1.262068945176649433e-15,2.724329289357850228e-15,8.605534583302972217e-13
1.376152827116080713e-07,1.275735764239889596e-15,2.753830776420170392e-15,8.698723079620968836e-13
1.391019868798051013e-07,1.289607664241524529e-15,2.783774990499288369e-15,8.793310089354835868e-13
1.406047524129911441e-07,1.303597277194323912e-15,2.813973343038456376e-15,8.888699658164116419e-13
1.421237528274926214e-07,1.317709386017296860e-15,2.844436016546924736e-15,8.984924322227543346e-13
1.436591635141908595e-07,1.332002767470708455e-15,2.875289868119109330e-15,9.082384818813176398e-13
1.452111617587741167e-07,1.346447236021258266e-15,2.906469984258536299e-15,9.180875627725353982e-13
1.467799267622067974e-07,1.361076112671375033e-15,2.938048278936789049e-15,9.280624502215204083e-13
1.483656396614223336e-07,1.375832268110674286e-15,2.969901289229202200e-15,9.381240465868289940e-13
1.499684835502371173e-07,1.390774479099421302e-15,3.002155872230192028e-15,9.483125340491958257e-13
1.515886435004915427e-07,1.405851780978398574e-15,3.034702141694093188e-15,9.585931531243418103e-13
1.532263065834193501e-07,1.421115297837457503e-15,3.067650196002180358e-15,9.690006632965460408e-13
1.548816618912477606e-07,1.436529742363020754e-15,3.100924302741900175e-15,9.795112047014048256e-13
1.565549005590308355e-07,1.452111323336174220e-15,3.134558827881974745e-15,9.901356227318287132e-13
1.582462157867191841e-07,1.467883583347150870e-15,3.168605320375485251e-15,1.000890131250219987e-12
1.599558028614666297e-07,1.483797470904336764e-15,3.202957288146518035e-15,1.011741109538554592e-12
1.616838591801806088e-07,1.499913250787244487e-15,3.237745194594848416e-15,1.022729878543823249e-12
1.634305842723134188e-07,1.516211950750472057e-15,3.272928097547863803e-15,1.033843261113639064e-12
1.651961798229011174e-07,1.532642659278346599e-15,3.308395686488680976e-15,1.045046660444616088e-12
1.669808496958513169e-07,1.549295986114314823e-15,3.344343762584767778e-15,1.056401949503311300e-12
1.687847999574810915e-07,1.566095670271956778e-15,3.380607920738846239e-15,1.067856907722858580e-12
1.706082389003121183e-07,1.583103677124210485e-15,3.417321594249222726e-15,1.079453940589539844e-12
1.724513770671198747e-07,1.600292903463358601e-15,3.454426870094534506e-15,1.091174556708441720e-12
1.743144272752442782e-07,1.617668185351954480e-15,3.491933506512812841e-15,1.103022118151366695e-12
1.761976046411625093e-07,1.635242277240688707e-15,3.529869505404497103e-15,1.115005192778714431e-12
1.781011266053273791e-07,1.652989723371724744e-15,3.568179499375537335e-15,1.127106427961827405e-12
1.800252129572740211e-07,1.670943897891036358e-15,3.606935614533124698e-15,1.139348653252782963e-12
1.819700858609981100e-07,1.689101665329495042e-15,3.646131274673370282e-15,1.151729699572999320e-12
1.839359698806067195e-07,1.707440599111303701e-15,3.685718325012940248e-15,1.164234329145436290e-12
1.859230920062494417e-07,1.725973719404875485e-15,3.725724131045447548e-15,1.176871272511387486e-12
1.879316816803264333e-07,1.744719839024978677e-15,3.766189847079112924e-15,1.189653435688416550e-12
1.899619708239812774e-07,1.763667957257892962e-15,3.807091713925685624e-15,1.202573443809344315e-12
1.920141938638799826e-07,1.782818020960073707e-15,3.848429519449555133e-15,1.215631079966312381e-12
1.940885877592775769e-07,1.802200268808366368e-15,3.890268389282805036e-15,1.228847058859780961e-12
1.961853920293806600e-07,1.821762194980761501e-15,3.932495255145630793e-15,1.242185482239214508e-12
1.983048487810020231e-07,1.841588138282450181e-15,3.975291917255278785e-15,1.255704047594899573e-12
2.004472027365157011e-07,1.861571439619532910e-15,4.018428420611169581e-15,1.269329819659509823e-12
2.026127012621138590e-07,1.881793355471617675e-15,4.062079777091051717e-15,1.283118326844749214e-12
2.048015943963688222e-07,1.902261751083296485e-15,4.106263381814894393e-15,1.297074937620108875e-12
2.070141348791036128e-07,1.922933686470577930e-15,4.150886319385784774e-15,1.311170315197764684e-12
2.092505781805749603e-07,1.943813997696015759e-15,4.195958984448582908e-15,1.325407658968625376e-12
2.115111825309695834e-07,1.964958272907202702e-15,4.241601445758203278e-15,1.339825090488772734e-12
2.137962089502227932e-07,1.986314006282129116e-15,4.287700635034842133e-15,1.354386711507671817e-12
2.161059212781556351e-07,2.007914678253858228e-15,4.334328254114471966e-15,1.369115351577400175e-12
2.184405862049398837e-07,2.029712512775844486e-15,4.381381417226539349e-15,1.383978420292259897e-12
2.208004733018897558e-07,2.051815710104779920e-15,4.429093897812591696e-15,1.399049720551010715e-12
2.231858550525901061e-07,2.074082802125088193e-15,4.477160008459498580e-15,1.414232674129780199e-12
2.255970068843572426e-07,2.096677364666875147e-15,4.525933167092503236e-15,1.429638988575551261e-12
2.280342072000413612e-07,2.119465901146247291e-15,4.575125081418445225e-15,1.445177616814836550e-12
2.304977374101722662e-07,2.142497888203174431e-15,4.624842243513237814e-15,1.460882179565659716e-12
2.329878819654522428e-07,2.165792191795970076e-15,4.675126019820712258e-15,1.476765582845585207e-12
2.355049283896003153e-07,2.189363266968749458e-15,4.726006957868620313e-15,1.492837695962161676e-12
2.380491673125511738e-07,2.213169555469680002e-15,4.777395748565409765e-15,1.509070320893820849e-12
2.406208925040112320e-07,2.237255910450355897e-15,4.829388913613352495e-15,1.525493716286784092e-12
2.432204009073810787e-07,2.261587044597201186e-15,4.881910720599895932e-15,1.542084239184505911e-12
2.458479926740402483e-07,2.286191761711357469e-15,4.935023113122982491e-15,1.558861140159402768e-12
2.485039711980045264e-07,2.311073144118409015e-15,4.988732455250893722e-15,1.575826750970950806e-12
2.511886431509578038e-07,2.336232786124692001e-15,5.043042777560208125e-15,1.592982156158441018e-12
2.539023185176597999e-07,2.361645391403002993e-15,5.097898924792484285e-15,1.610309894639286984e-12
2.566453106317412521e-07,2.387356929119373238e-15,5.153400388548526316e-15,1.627841580733823912e-12
2.594179362118809574e-07,2.413329189065275419e-15,5.209464860211890369e-15,1.645551022818171969e-12
2.622205153983762084e-07,2.439591028185396749e-15,5.266154071244909132e-15,1.663457851053499968e-12
2.650533717901073638e-07,2.466148557987359759e-15,5.323481598326583824e-15,1.681566403596972088e-12
2.679168324819024833e-07,2.493000290451917142e-15,5.381444471558383792e-15,1.699875487455368439e-12
2.708112281023049392e-07,2.520127200190122481e-15,5.440001112360866474e-15,1.718372196611124976e-12
2.737368928517498785e-07,2.547581686736895763e-15,5.499265013285057442e-15,1.737092266633883090e-12
2.766941645411507040e-07,2.575301678432209900e-15,5.559101892490211816e-15,1.755993454718254819e-12
2.796833846309071641e-07,2.603358865917654253e-15,5.619666821106794573e-15,1.775124510905374698e-12
2.827048982703299727e-07,2.631714985841157858e-15,5.680877066247142412e-15,1.794459406252256642e-12
2.857590543374939735e-07,2.660370091346264756e-15,5.742732627911256122e-15,1.813998140758900449e-12
2.888462054795215447e-07,2.689360745191621261e-15,5.805312420545829443e-15,1.833765713055966063e-12
2.919667081532991026e-07,2.718655220681134412e-15,5.868547924349027894e-15,1.853740432357631778e-12
2.951209226666380850e-07,2.748280408448343816e-15,5.932497688749044574e-15,1.873940627377916814e-12
2.983092132198759157e-07,2.778234820474002166e-15,5.997157895304909920e-15,1.894365267804494220e-12
3.015319479479285963e-07,2.808502407407656870e-15,6.062494178047901829e-15,1.915003562471418502e-12
3.047894989627975724e-07,2.839096083130632605e-15,6.128534326742851917e-15,1.935864133466053166e-12
3.080822423965352150e-07,2.870053898420822202e-15,6.195360650006203245e-15,1.956973063958349754e-12
3.114105584446750057e-07,2.901326589212433985e-15,6.262866443626431242e-15,1.978296624776354508e-12
3.147748314101311366e-07,2.932960284102131715e-15,6.331151623475560264e-15,1.999866376013438389e-12
3.181754497475696430e-07,2.964929633619168314e-15,6.400161246430757836e-15,2.021664856587015381e-12
3.216128061082646746e-07,2.997278906336148406e-15,6.469991197787468236e-15,2.043722596278129496e-12
3.250872973854336043e-07,3.029944648860886861e-15,6.540504225806415928e-15,2.065996050834242771e-12
3.285993247600651634e-07,3.063000146141309608e-15,6.611858371516596546e-15,2.088535217516675091e-12
3.321492937472394919e-07,3.096403786782038850e-15,6.683964325826457087e-15,2.111311789849929283e-12
3.357376142429541835e-07,3.130192292972354201e-15,6.756901003182690505e-15,2.134350766464664684e-12
3.393647005714506112e-07,3.164322671584719425e-15,6.830575488188383964e-15,2.157622973253950519e-12
3.430309715330541361e-07,3.198845940421897647e-15,6.905098091360420289e-15,2.181162952794208894e-12
3.467368504525308478e-07,3.233746050133435486e-15,6.980434446730078165e-15,2.204959913919493102e-12
3.504827652279667651e-07,3.269031025394559830e-15,7.056601313010499980e-15,2.229019279326258519e-12
3.542691483801745802e-07,3.304688111754579701e-15,7.133571324708074359e-15,2.253332426927140833e-12
3.580964371026355674e-07,3.340769815035504740e-15,7.211458186509433447e-15,2.277935092291782039e-12
3.619650733119771361e-07,3.377231600947006969e-15,7.290165376712306940e-15,2.302796854093066620e-12
3.658755036990025416e-07,3.414118003779413974e-15,7.369788992747745687e-15,2.327948133658110093e-12
3.698281797802653986e-07,3.451397137405999884e-15,7.450260726949528090e-15,2.353367294428054600e-12
3.738235579502044526e-07,3.489097699340818219e-15,7.531641886508766595e-15,2.379073803883176012e-12
3.778620995338415761e-07,3.527199123032130033e-15,7.613888347218709019e-15,2.405053563012689384e-12
3.819442708400461121e-07,3.565731328295513979e-15,7.697065022575829220e-15,2.431327178063126434e-12
3.860705432153807583e-07,3.604669178234401112e-15,7.781116969457293935e-15,2.457877296405828426e-12
3.902413930985230109e-07,3.644047535014011915e-15,7.866119920275656524e-15,2.484727777905200466e-12
3.944573020752775717e-07,3.683871128409810477e-15,7.952084057540166521e-15,2.511881876179115538e-12
3.987187569341826320e-07,3.724101801356814310e-15,8.038927072634380866e-15,2.539313562284587354e-12
4.030262497227163851e-07,3.764812838802950134e-15,8.126806582316078104e-15,2.567072725029006094e-12
4.073802778041115491e-07,3.805984949641547389e-15,8.215681644412643275e-15,2.595146349940879020e-12
4.117813439147837775e-07,3.847557869093094083e-15,8.305421795524303427e-15,2.623493224527144309e-12
4.162299562223769741e-07,3.889642879739865333e-15,8.396267385296498041e-15,2.652189266538178832e-12
4.207266283844432473e-07,3.932171532696487379e-15,8.488070555209480228e-15,2.681187786557500539e-12
4.252718796077491928e-07,3.975178849558816373e-15,8.580907249811412288e-15,2.710512752903443028e-12
4.298662347082266087e-07,4.018639427712559225e-15,8.674722101708244659e-15,2.740146758720383924e-12
4.345102241715710859e-07,4.062596153998162515e-15,8.769608026296889386e-15,2.770119032342218450e-12
4.392043842144912250e-07,4.107064918335445928e-15,8.865599389546066998e-15,2.800440473388822209e-12
4.439492568466273270e-07,4.151996456658615815e-15,8.962589699379865017e-15,2.831077515369135597e-12
4.487453899331312994e-07,4.197421060788064237e-15,9.060644081430364664e-15,2.862050656075760627e-12
4.535933372579265175e-07,4.243375187195346273e-15,9.159841450144261256e-15,2.893384894139356634e-12
4.584936585876501832e-07,4.289815842752927264e-15,9.260089526531467985e-15,2.925050946999064352e-12
4.634469197362867557e-07,4.336773478711830203e-15,9.361453011952849769e-15,2.957069420901414689e-12
4.684536926305002387e-07,4.384251017967005273e-15,9.463939331154733639e-15,2.989442430698025187e-12
4.735145553756682333e-07,4.432274075706922507e-15,9.567602790853127622e-15,3.022187437471482266e-12
4.786300923226374516e-07,4.480815548723864564e-15,9.672385478026663855e-15,3.055285841372943659e-12
4.838008941351925909e-07,4.529908864307349053e-15,9.778359306646928505e-15,3.088760580408416418e-12
4.890275578582578388e-07,4.579533349618549342e-15,9.885479940371557296e-15,3.122597501340151554e-12
4.943106869868349783e-07,4.629704788290193881e-15,9.993781108762443941e-15,3.156807395334095368e-12
4.996508915356830185e-07,4.680463091124235424e-15,1.010334915101261079e-14,3.191417430099490397e-12
5.050487881097578777e-07,4.731739862378847013e-15,1.021403620860231252e-14,3.226380970446818638e-12
5.105049999754053968e-07,4.783636818798284347e-15,1.032606205402287747e-14,3.261767372663746140e-12
5.160201571323270586e-07,4.836066539251773658e-15,1.043923809871755588e-14,3.297517041316227013e-12
5.215948963863232830e-07,4.889102096113062349e-15,1.055372174730851893e-14,3.333679865211652245e-12
5.272298614228213926e-07,4.942724463993203611e-15,1.066947226975876060e-14,3.370242775651563436e-12
5.329257028811989423e-07,4.996959204937123046e-15,1.078654439705550522e-14,3.407223179491582962e-12
5.386830784299102475e-07,5.051782244919141569e-15,1.090488658024567043e-14,3.444604808642344698e-12
5.445026528424203469e-07,5.107208038983376781e-15,1.102453000326383636e-14,3.482397423957467996e-12
5.503850980739683163e-07,5.163252370762557129e-15,1.114550860780750567e-14,3.520611762375935114e-12
5.563310933391507219e-07,5.219944044057825788e-15,1.126788433747462077e-14,3.559267454058914864e-12
5.623413251903487185e-07,5.277227205003866675e-15,1.139153712351026560e-14,3.598326594358182858e-12
5.684164875969966751e-07,5.335195758243888707e-15,1.151666934328580087e-14,3.637853008411020874e-12
5.745572820257169972e-07,5.393770360465888644e-15,1.164310959122883708e-14,3.677792631933767293e-12
5.807644175213111942e-07,5.453039761389254262e-15,1.177104985006587331e-14,3.718206036445830911e-12
5.870386107886296364e-07,5.512932642377207633e-15,1.190033589720888190e-14,3.759044526133039825e-12
5.933805862753266749e-07,5.573518887190823812e-15,1.203111856107613960e-14,3.800355766497238584e-12
5.997910762555080030e-07,5.634752314089894212e-15,1.216329835006684468e-14,3.842108414352914426e-12
6.062708209142825443e-07,5.696698130203575019e-15,1.229701612222562855e-14,3.884346773130108808e-12
6.128205684332280770e-07,5.759358036125290488e-15,1.243227527172224527e-14,3.927072035822042026e-12
6.194410750767805475e-07,5.822660500644084954e-15,1.256892115169744616e-14,3.970235343933650042e-12
6.261331052795514149e-07,5.886719782380727361e-15,1.270720111227178143e-14,4.013914838520856566e-12
6.328974317345999191e-07,5.951490018456277302e-15,1.284701544970883882e-14,4.058078959490290233e-12
6.397348354826466139e-07,6.016963184195507890e-15,1.298834698102425648e-14,4.102722446826388609e-12
6.466461060022591887e-07,6.083177330376312746e-15,1.313127843910569536e-14,4.147871166791246653e-12
6.536320413010041188e-07,6.150118267672298809e-15,1.327577864001857845e-14,4.193515521212135532e-12
6.606934480075950626e-07,6.217816128473222469e-15,1.342191270939498541e-14,4.239675953654694830e-12
6.678311414650263572e-07,6.286302852049353239e-15,1.356974959130797096e-14,4.286374263358673331e-12
6.750459458247161776e-07,6.355530556067059066e-15,1.371918618785136878e-14,4.333577805691410692e-12
6.823386941416681478e-07,6.425561471616999945e-15,1.387035614445909695e-14,4.381328986139188224e-12
6.897102284706587075e-07,6.496349204384788765e-15,1.402316039380156843e-14,4.429596298835599412e-12
6.971613999634654838e-07,6.567956038604631532e-15,1.417773215704148026e-14,4.478422040812997476e-12
7.046930689671448175e-07,6.640351576169048896e-15,1.433400694495358119e-14,4.527785660051815550e-12
7.123061051233727406e-07,6.713582105105338312e-15,1.449208382486745195e-14,4.577718553964531250e-12
7.200013874688531087e-07,6.787596448180104143e-15,1.465185291053743072e-14,4.628185963066865485e-12
7.277798045368225355e-07,6.862468156058995278e-15,1.481347245512812288e-14,4.679237884620136118e-12
7.356422544596409056e-07,6.938184155430053347e-15,1.497691488101030653e-14,4.730865588083051959e-12
7.435896450724900186e-07,7.014739929091992781e-15,1.514216958140351269e-14,4.783065819837738007e-12
7.516228940182046099e-07,7.092160720228471791e-15,1.530929192370179091e-14,4.835855932512853399e-12
7.597429288532216671e-07,7.170470549721625027e-15,1.547833324472261778e-14,4.889252194197763455e-12
7.679506871546827696e-07,7.249656503690125051e-15,1.564926575470115933e-14,4.943245928578139412e-12
7.762471166286901937e-07,7.329734790915062096e-15,1.582212424387735710e-14,4.997847981046892829e-12
7.846331752197339340e-07,7.410697121003483950e-15,1.599689131713124032e-14,5.053052928907567522e-12
7.931098312213006537e-07,7.492594564901700537e-15,1.617367707284408445e-14,5.108895477417479349e-12
8.016780633876768460e-07,7.575422339690698599e-15,1.635247069209980842e-14,5.165372372958754113e-12
8.103388610469606048e-07,7.659161260550901179e-15,1.653323165699701671e-14,5.222470546832935840e-12
8.190932242152958763e-07,7.743876694042096187e-15,1.671610018917352341e-14,5.280234573604886210e-12
8.279421637123325788e-07,7.829522458424074248e-15,1.690097679702851888e-14,5.338632893181236282e-12
8.368867012779495426e-07,7.916165248845238856e-15,1.708800594491199596e-14,5.397711110439175899e-12
8.459278696902253418e-07,8.003754260077006989e-15,1.727707732230707971e-14,5.457434520121390820e-12
8.550667128846824273e-07,8.092362670780214131e-15,1.746834939451397812e-14,5.517852956808305161e-12
8.643042860748347389e-07,8.181977673360623292e-15,1.766179458390346929e-14,5.578957798412555820e-12
8.736416558740205829e-07,8.272573971491036563e-15,1.785735752308150998e-14,5.640731692305486081e-12
8.830799004185611174e-07,8.364227719870780887e-15,1.805520325355219787e-14,5.703226696373066901e-12
8.926201094922465601e-07,8.456921487417247206e-15,1.825529401517706628e-14,5.766430826456132893e-12
9.022633846521678040e-07,8.550666487418334757e-15,1.845765399141558461e-14,5.830351728556685467e-12
9.120108393559073077e-07,8.645441940748127252e-15,1.866223842165416913e-14,5.894975249436976440e-12
9.218635990901042977e-07,8.741348129275176731e-15,1.886926347207879465e-14,5.960369769299309364e-12
9.318228015004101625e-07,8.838321333889577469e-15,1.907859210308578747e-14,6.026491852345076383e-12
9.418895965228397580e-07,8.936387116636254278e-15,1.929027883352676771e-14,6.093358905429898257e-12
9.520651465165583272e-07,9.035570773842409801e-15,1.950437903079577862e-14,6.160988226955468468e-12
9.623506263980863533e-07,9.135896273246634255e-15,1.972094381957469100e-14,6.229396139238118800e-12
9.727472237769643802e-07,9.237358938217006404e-15,1.993996322948985953e-14,6.298579334433011014e-12
9.832561390928725054e-07,9.339988741712648548e-15,2.016150217403775806e-14,6.368558418786676022e-12
9.938785857542500754e-07,9.443793708408789152e-15,2.038557804833835737e-14,6.439338869222533244e-12
1.004615790278393452e-06,9.548754972347113130e-15,2.061214948594782621e-14,6.510907617042125894e-12
1.015468992433078228e-06,9.654916748956682645e-15,2.084131258429721857e-14,6.583295029345603430e-12
1.026439445379708006e-06,9.762301517956837450e-15,2.107311571030547646e-14,6.656516343910007855e-12
1.037528415818010073e-06,9.870925116123853583e-15,2.130759301780570829e-14,6.730582297674318597e-12
1.048737184132294908e-06,9.980765170025477003e-15,2.154469613987897524e-14,6.805477815542391444e-12
1.060067044539295408e-06,1.009189188228405016e-14,2.178457654135038088e-14,6.881250617243033374e-12
1.071519305237604675e-06,1.020429393332458495e-14,2.202721003876045579e-14,6.957893002547278933e-12
1.083095288558719354e-06,1.031794751483912761e-14,2.227254529529172969e-14,7.035388757592724426e-12
1.094796331119733627e-06,1.043294328971466712e-14,2.252077768784044782e-14,7.113799701118964200e-12
1.106623783977665654e-06,1.054923358819174994e-14,2.277180433063605439e-14,7.193093296947264388e-12
1.118579012785450546e-06,1.066686921549895912e-14,2.302573510992421907e-14,7.273304304561904083e-12
1.130663397949637571e-06,1.078585654886163933e-14,2.328258381451954808e-14,7.354436953666120787e-12
1.142878334789769992e-06,1.090620201864868130e-14,2.354236423323665393e-14,7.436495636644040100e-12
1.155225233699497087e-06,1.102795488892587631e-14,2.380518264601584176e-14,7.519513919986724858e-12
1.167705520309425126e-06,1.115107854379103518e-14,2.407095992627480729e-14,7.603466967744406647e-12
1.180320635651726788e-06,1.127564302643586548e-14,2.433984753883865409e-14,7.688402391191965972e-12
1.193072036326530410e-06,1.140163877102234859e-14,2.461182469441766208e-14,7.774313737320620105e-12
1.205961194670104941e-06,1.152908639724576907e-14,2.488693594148980603e-14,7.861215105141153183e-12
1.218989598924862632e-06,1.165799552408768840e-14,2.516520185720919711e-14,7.949112947662347935e-12
1.232158753411201905e-06,1.178838034087449886e-14,2.544665341337480337e-14,8.038017079964788566e-12
1.245470178701192937e-06,1.192029659518443003e-14,2.573141067874153930e-14,8.127965460923663511e-12
1.258925411794164420e-06,1.205375071738636789e-14,2.601948765425962636e-14,8.218962374469172701e-12
1.272526006294165004e-06,1.218870603843458041e-14,2.631080500121115449e-14,8.310982876197619635e-12
1.286273532589344128e-06,1.232524046676536716e-14,2.660553136740558597e-14,8.404080162761234749e-12
1.300169578033288639e-06,1.246337148660488323e-14,2.690370387657456697e-14,8.498266164092217770e-12
1.314215747128297648e-06,1.260308963840220041e-14,2.720530258797081315e-14,8.593534264500895450e-12
1.328413661710648534e-06,1.274442037791515309e-14,2.751038223258154410e-14,8.689901925069853403e-12
1.342764961137860896e-06,1.288742242876046546e-14,2.781906966750118241e-14,8.787409219525898816e-12
1.357271302477984916e-06,1.303206884716105110e-14,2.813130655543713760e-14,8.886037710701080342e-12
1.371934360700933810e-06,1.317838668318108530e-14,2.844715123368199699e-14,8.985805889990313372e-12
1.386755828871884330e-06,1.332642195913013940e-14,2.876670340597217601e-14,9.086745154806073907e-12
1.401737418346767726e-06,1.347616202684461602e-14,2.908993549467844644e-14,9.188846774607069948e-12
1.416880858969861785e-06,1.362767841753546846e-14,2.941700214666006485e-14,9.292159662115328771e-12
1.432187899273540466e-06,1.378092027283056925e-14,2.974779347567135526e-14,9.396649057846571282e-12
1.447660306680158701e-06,1.393597023094168366e-14,3.008248767562421683e-14,9.502371357843935646e-12
1.463299867706132062e-06,1.409283318107490906e-14,3.042109514116350015e-14,9.609329761498329590e-12
1.479108388168205805e-06,1.425152490686297549e-14,3.076365066252914677e-14,9.717535168429627909e-12
1.495087693391977862e-06,1.441208834828987554e-14,3.111024651871124666e-14,9.827016861198691084e-12
1.511239628422650593e-06,1.457451558696747119e-14,3.146086531458982904e-14,9.937769417109062931e-12
1.527566058238069522e-06,1.473882421340900637e-14,3.181554544671018742e-14,1.004980476609294641e-11
1.544068867964063044e-06,1.490506970947498693e-14,3.217440655955602786e-14,1.016316081279856590e-11
1.560749963092107231e-06,1.507329023223039219e-14,3.253753117387939132e-14,1.027786358616890690e-11
1.577611269699344124e-06,1.524346691571690864e-14,3.290487834750767704e-14,1.039390012595943989e-11
1.594654734670973836e-06,1.541562665056807669e-14,3.327650599346223869e-14,1.051128881511115056e-11
1.611882325925055397e-06,1.558986647689623474e-14,3.365262370172516136e-14,1.063009591897472371e-11
1.629296032639719321e-06,1.576611008057141781e-14,3.403306706719916472e-14,1.075026921698329463e-11
1.646897865482864732e-06,1.594445588343811960e-14,3.441804822549363480e-14,1.087187600479987629e-11
1.664689856844312879e-06,1.612488347837523644e-14,3.480752305240183048e-14,1.099490223764064535e-11
1.682674061070465762e-06,1.630745318330582238e-14,3.520162201132351365e-14,1.111938907377170284e-11
1.700852554701529985e-06,1.649214262479762812e-14,3.560029673533974550e-14,1.124532127541600674e-11
1.719227436711270493e-06,1.667904103086194291e-14,3.600373963144825558e-14,1.137275968522778728e-11
1.737800828749372321e-06,1.686815302498714041e-14,3.641196088215827923e-14,1.150170750259795543e-11
1.756574875386414592e-06,1.705950092746192706e-14,3.682500864225315266e-14,1.163217991107658591e-11
1.775551744361494247e-06,1.725311667755657553e-14,3.724295164367032322e-14,1.176419854722253457e-11
1.794733626832521740e-06,1.744902232984207484e-14,3.766583804119312082e-14,1.189777870303980744e-11
1.814122737629223636e-06,1.764727852110274565e-14,3.809379787395010211e-14,1.203296148256753665e-11
1.833721315508876686e-06,1.784783572155507451e-14,3.852672507413656460e-14,1.216971326508769774e-11
1.853531623414808088e-06,1.805083082896980421e-14,3.896491472238517840e-14,1.230812737520629077e-11
1.873555948737673604e-06,1.825622563313840939e-14,3.940828451007949889e-14,1.244817772975336297e-11
1.893796603579588266e-06,1.846405829112587256e-14,3.985691674583596438e-14,1.258989046612583115e-11
1.914255925021084058e-06,1.867435601242700071e-14,4.031086976694716535e-14,1.273328385881075130e-11
1.934936275390950467e-06,1.888719654604746011e-14,4.077031200908695195e-14,1.287841110446035060e-11
1.955840042539017214e-06,1.910257670337457841e-14,4.123523625964460768e-14,1.302527014244997437e-11
1.976969640111857336e-06,1.932049489010201945e-14,4.170563912445038321e-14,1.317385967133247583e-11
1.998327507831478389e-06,1.954104501087299213e-14,4.218172361728245501e-14,1.332424384160692425e-11
2.019916111777025276e-06,1.976423657838197064e-14,4.266350967888812005e-14,1.347642910628209753e-11
2.041737944669524352e-06,1.999009983130579947e-14,4.315106307130628164e-14,1.363043607160452979e-11
2.063795526159706065e-06,2.021870794830531409e-14,4.364454141129472146e-14,1.378631462638161245e-11
2.086091403118934935e-06,2.045001139959700420e-14,4.414383820677751916e-14,1.394403109566835375e-11
2.108628149933286271e-06,2.068413294676876161e-14,4.464921799085958836e-14,1.410366904321713360e-11
2.131408368800782733e-06,2.092105335185746334e-14,4.516063939709709781e-14,1.426521540032949601e-11
2.154434690031879272e-06,2.116084265805481538e-14,4.567825367817954214e-14,1.442871794096121364e-11
2.177709772353157473e-06,2.140347376215310591e-14,4.620200249681433719e-14,1.459415822794433674e-11
2.201236303214305548e-06,2.164909445634970719e-14,4.673220469282240461e-14,1.476163701497900737e-11
2.225016999098446213e-06,2.189768587468630572e-14,4.726881974830234259e-14,1.493114139604766331e-11
2.249054605835777747e-06,2.214923999248767777e-14,4.781182984386296247e-14,1.510266594845384837e-11
2.273351898920626043e-06,2.240386171511075059e-14,4.836146175247071119e-14,1.527628214333684574e-11
2.297911683831915293e-06,2.266157974006957849e-14,4.891777741772351856e-14,1.545200955663086140e-11
2.322736796357101338e-06,2.292243052383572208e-14,4.948085554193247726e-14,1.562987313273958862e-11
2.347830102919606227e-06,2.318643330437230117e-14,5.005073770367702748e-14,1.580988583190755529e-11
2.373194500909786603e-06,2.345363405084534740e-14,5.062752318242236046e-14,1.599207921422813600e-11
2.398832919019482917e-06,2.372412826220440586e-14,5.121141774970958147e-14,1.617651824360486395e-11
2.424748317580181239e-06,2.399788575291617808e-14,5.180235670417783823e-14,1.636318231379121144e-11
2.450943688904811804e-06,2.427499075549876392e-14,5.240052142177314503e-14,1.655212890536960240e-11
2.477422057633280010e-06,2.455547350862900785e-14,5.300597766453442411e-14,1.674337873304049904e-11
2.504186481081693442e-06,2.483940394921153329e-14,5.361887604874434328e-14,1.693697935385181945e-11
2.531240049595360737e-06,2.512679334367777919e-14,5.423924075786236566e-14,1.713293841380556019e-11
2.558585886905642329e-06,2.541773363035980882e-14,5.486727098722570682e-14,1.733131881618060782e-11
2.586227150490614959e-06,2.571223145220069064e-14,5.550298031351337665e-14,1.753212489913412791e-11
2.614167031939652021e-06,2.601033920873534383e-14,5.614648222927639680e-14,1.773539239823576047e-11
2.642408757321940917e-06,2.631210611088601526e-14,5.679788301445506605e-14,1.794115504265745802e-11
2.670955587558978498e-06,2.661759752521249440e-14,5.745732310282281690e-14,1.814945719005622607e-11
2.699810818801092880e-06,2.692686898671882994e-14,5.812492319954136855e-14,1.836033679930725792e-11
2.728977782808032715e-06,2.723995227524465968e-14,5.880075182441256574e-14,1.857381561542333424e-11
2.758459847333667526e-06,2.755689043706106035e-14,5.948490125642650474e-14,1.878992281251138583e-11
2.788260416514848683e-06,2.787774862615364685e-14,6.017751277789901592e-14,1.900870296513628082e-11
2.818382931264447928e-06,2.820259204965157378e-14,6.087872682260353177e-14,1.923020048518199038e-11
2.848830869668690798e-06,2.853143340886198770e-14,6.158857075603366208e-14,1.945442404896283601e-11
2.879607747388737481e-06,2.886441422504400189e-14,6.230735047773815174e-14,1.968147007202180384e-11
2.910717118066602182e-06,2.920146769676213817e-14,6.303492152336699212e-14,1.991129322061652266e-11
2.942162573735504165e-06,2.954276887885210605e-14,6.377166149430491325e-14,2.014401257716115615e-11
2.973947745234600913e-06,2.988829688590091614e-14,6.451752584207393716e-14,2.037961409687188260e-11
3.006076302628224975e-06,3.023813940475705809e-14,6.527270336736640994e-14,2.061815748363667923e-11
3.038551955629648194e-06,3.059236148311905792e-14,6.603733492822698192e-14,2.085968709511255154e-11
3.071378454029422028e-06,3.095100935587066472e-14,6.681151980412085067e-14,2.110423443716590523e-11
3.104559588128346921e-06,3.131414807071039822e-14,6.759539906522824391e-14,2.135184397590767391e-11
3.138099189175116007e-06,3.168183826442258538e-14,6.838910296281333986e-14,2.160255697805788827e-11
3.172001129808696707e-06,3.205414966133766876e-14,6.919278253743003053e-14,2.185642100066445994e-11
3.206269324505459513e-06,3.243112536087027109e-14,7.000653049233960481e-14,2.211346538051521344e-11
3.240907730031197546e-06,3.281287983421533984e-14,7.083059396552699926e-14,2.237376825866606926e-11
3.275920345897973352e-06,3.319941632312909968e-14,7.166497995746734038e-14,2.263733174996865259e-11
3.311311214825907713e-06,3.359084595076318138e-14,7.250992860567045083e-14,2.290423171794636821e-11
3.347084423210001949e-06,3.398721989435098689e-14,7.336554979638200028e-14,2.317450297631046569e-11
3.383244101591951787e-06,3.438858879969046436e-14,7.423195362798324842e-14,2.344818012186432877e-11
3.419794425137082393e-06,3.479506251448818445e-14,7.510937641954306965e-14,2.372533793359207807e-11
3.456739614116435053e-06,3.520670932819888525e-14,7.599796624171681822e-14,2.400602320936412535e-11
3.494083934394057185e-06,3.562358339409445701e-14,7.689783976908963720e-14,2.429027266083547631e-11
3.531831697919560464e-06,3.604572132807709837e-14,7.780907570397263822e-14,2.457811134086375231e-11
3.569987263225997051e-06,3.647329467750858934e-14,7.873204485941102739e-14,2.486965627123846073e-11
3.608555035933117862e-06,3.690628303526782310e-14,7.966670289906244203e-14,2.516489340717578956e-11
3.647539469256071761e-06,3.734480065997557568e-14,8.061329674877620342e-14,2.546390072705076228e-11
3.686945064519568109e-06,3.778894788664394040e-14,8.157204257473829267e-14,2.576674671951961216e-11
3.726776371677660651e-06,3.823879151670841121e-14,8.254308484129869315e-14,2.607347677255167609e-11
3.767037989839085818e-06,3.869439032692925515e-14,8.352655019341621220e-14,2.638413106832768451e-11
3.807734567798279121e-06,3.915584295172513735e-14,8.452265182737830579e-14,2.669877679405672389e-11
3.848870804572184393e-06,3.962324478375852349e-14,8.553159551472606028e-14,2.701747907632322440e-11
3.890451449942799996e-06,4.009664987001421180e-14,8.655349793004465660e-14,2.734027478946308228e-11
3.932481305005614440e-06,4.057619340766952003e-14,8.758865097193259926e-14,2.766725601086210838e-11
3.974965222723967004e-06,4.106189288095060639e-14,8.863709261266398281e-14,2.799843477890644345e-11
4.017908108489389673e-06,4.155390899593616744e-14,8.969916905755332608e-14,2.833392052361055104e-11
4.061314920688009601e-06,4.205228766864868881e-14,9.077498022247265973e-14,2.867374464238690875e-11
4.105190671273066304e-06,4.255714358285730200e-14,9.186477303327130507e-14,2.901798538474537486e-11
4.149540426343623203e-06,4.306856570085556306e-14,9.296874010908258166e-14,2.936670337643232017e-11
4.194369306729491311e-06,4.358664638612390337e-14,9.408708022097251245e-14,2.971996146649965914e-11
4.239682488582551399e-06,4.411144590344182151e-14,9.521992383234085305e-14,3.007780092166741600e-11
4.285485203974384872e-06,4.464311061013099476e-14,9.636758681310999998e-14,3.044032146532342080e-11
4.331782741500411546e-06,4.518176305520514979e-14,9.753033348424923268e-14,3.080760666122004051e-11
4.378580446890499608e-06,4.572746509775012768e-14,9.870829791546370289e-14,3.117969869793570593e-11
4.425883723626259510e-06,4.628029315818297912e-14,9.990164451185068462e-14,3.155664968758334719e-11
4.473698033564921003e-06,4.684038402798737064e-14,1.011106687783140659e-13,3.193855284631503789e-11
4.522028897569996604e-06,4.740786009674637827e-14,1.023356350358231261e-13,3.232549173788315791e-11
4.570881896148739952e-06,4.798279773173351300e-14,1.035767079016107798e-13,3.271751831171975013e-11
4.620262670096503256e-06,4.856532261743162153e-14,1.048341586971214077e-13,3.311471830065577561e-11
4.670176921148048034e-06,4.915557616881273457e-14,1.061082926854969468e-13,3.351718822868814538e-11
4.720630412635890455e-06,4.975363161768123680e-14,1.073992683320376082e-13,3.392497787617031465e-11
4.771628970155777017e-06,5.035961778398909492e-14,1.087073631101204508e-13,3.433817525346576346e-11
4.823178482239297310e-06,5.097364589717504437e-14,1.100328175815265657e-13,3.475685600719004039e-11
4.875284901033852421e-06,5.159581145618863655e-14,1.113758375177970265e-13,3.518108542660846934e-11
4.927954242989894273e-06,5.222629897541651228e-14,1.127368215217418796e-13,3.561098920982489210e-11
4.981192589555584963e-06,5.286520692984672390e-14,1.141159821532417479e-13,3.604663454404838870e-11
5.035006087879041289e-06,5.351261960514091726e-14,1.155135014246495041e-13,3.648807896408835840e-11
5.089400951518082290e-06,5.416873432327997493e-14,1.169298048799975361e-13,3.693545689858992367e-11
5.144383461157677162e-06,5.483365285415170728e-14,1.183651122917772336e-13,3.738883781229468351e-11
5.199959965335148613e-06,5.550746251259978818e-14,1.198196124606808923e-13,3.784828119218275572e-11
5.256136881173203643e-06,5.619037969913761353e-14,1.212937722971848386e-13,3.831393464405166299e-11
5.312920695120881545e-06,5.688246000191277170e-14,1.227877118700439459e-13,3.878583607254961679e-11
5.370317963702511449e-06,5.758392295690777232e-14,1.243019048780740013e-13,3.926413508987183372e-11
5.428335314274760723e-06,5.829482579972007965e-14,1.258364752084708772e-13,3.974887079365975683e-11
5.486979445791867406e-06,5.901537679990077698e-14,1.273918721644552760e-13,4.024018520433355891e-11
5.546257129579096490e-06,5.974570631856462751e-14,1.289683774621164479e-13,4.073816725411510067e-11
5.606175210114644499e-06,6.048594652370689575e-14,1.305662759995778340e-13,4.124290695976554958e-11
5.666740605819907680e-06,6.123626417977037212e-14,1.321859279831041556e-13,4.175451808945654124e-11
5.727960309858285737e-06,6.199680734467016839e-14,1.338276531010587703e-13,4.227310150534214902e-11
5.789841390942703236e-06,6.276776685687471779e-14,1.354918628965239012e-13,4.279878740636426437e-11
5.852390994151756345e-06,6.354925235151641956e-14,1.371787943249752305e-13,4.333165057150701113e-11
5.915616341754727998e-06,6.434142921130590568e-14,1.388888044106433897e-13,4.387180379285666240e-11
5.979524734045505394e-06,6.514449151646784665e-14,1.406223121213568706e-13,4.441937932997977240e-11
6.044123550185504828e-06,6.595860773203842954e-14,1.423796812696858161e-13,4.497449208981423298e-11
6.109420249055702984e-06,6.678391480893197155e-14,1.441612069362628961e-13,4.553723539696603613e-11
6.175422370117877161e-06,6.762064004208846018e-14,1.459673800028881903e-13,4.610776428632684814e-11
6.242137534285156094e-06,6.846890900970366904e-14,1.477984720031417704e-13,4.668616438227369878e-11
6.309573444801921168e-06,6.932893641169755320e-14,1.496549458169233110e-13,4.727258215183786095e-11
6.377737888133325687e-06,7.020088933137415392e-14,1.515371622869043916e-13,4.786713136319095734e-11
6.446638734864315319e-06,7.108495701289559979e-14,1.534455299862686726e-13,4.846994113073559848e-11
6.516283940608420755e-06,7.198132540552422977e-14,1.553804500634535454e-13,4.908113829134188240e-11
6.586681546926306496e-06,7.289019491356654463e-14,1.573423554872377549e-13,4.970085944273351924e-11
6.657839682254353589e-06,7.381175159257197536e-14,1.593316478303298727e-13,5.032923147600756945e-11
6.729766562843165360e-06,7.474621816713570393e-14,1.613488075798851720e-13,5.096640622666478678e-11
6.802470493706262100e-06,7.569377745105096189e-14,1.633942297324083409e-13,5.161250836249668161e-11
6.875959869579016381e-06,7.665462666001156504e-14,1.654683396197962024e-13,5.226767231214838291e-11
6.950243175887950131e-06,7.762901062632721774e-14,1.675716660961229939e-13,5.293206514889768801e-11
7.025328989730501028e-06,7.861713618467327989e-14,1.697046550704396244e-13,5.360582780862546940e-11
7.101225980865373425e-06,7.961917977161763837e-14,1.718676881747073873e-13,5.428908056673911915e-11
7.177942912713605081e-06,8.063540859290226894e-14,1.740613419935126257e-13,5.498200573429347178e-11
7.255488643370376825e-06,8.166605966873583311e-14,1.762861275615383502e-13,5.568476474496199289e-11
7.333872126627888684e-06,8.271132851421869953e-14,1.785424674529184742e-13,5.639749105130446831e-11
7.413102413009169534e-06,8.377148233509283136e-14,1.808309384643748925e-13,5.712036680169483235e-11
7.493188650813051479e-06,8.484673258952198421e-14,1.831519971117390749e-13,5.785353618563183248e-11
7.574140087170554614e-06,8.593729551858889072e-14,1.855061098812160161e-13,5.859714675468601606e-11
7.655966069112551725e-06,8.704350683006446140e-14,1.878940016401830413e-13,5.935142723819390527e-11
7.738676044649029723e-06,8.816550634461435924e-14,1.903159740454766788e-13,6.011647307561307853e-11
7.822279563860009630e-06,8.930364874225487188e-14,1.927727929066468480e-13,6.089252606497850755e-11
7.906786279998231860e-06,9.045814223939354293e-14,1.952649077390498289e-13,6.167972828093732752e-11
7.992205950603777038e-06,9.162927487404179151e-14,1.977929398878855575e-13,6.247827591664729768e-11
8.078548438630707911e-06,9.281729450769136261e-14,2.003574249955677068e-13,6.328833826869175255e-11
8.165823713585896676e-06,9.402253376578757379e-14,2.029590805047272320e-13,6.411014178887467595e-11
8.254041852680169859e-06,9.524516892546764235e-14,2.055982871987830416e-13,6.494380702373826565e-11
8.343213041991799549e-06,9.648562146818338141e-14,2.082759551394993600e-13,6.578962115928681731e-11
8.433347577642734007e-06,9.774405688293248976e-14,2.109924411389712161e-13,6.664769709606052889e-11
8.524455866987389768e-06,9.902083925613861510e-14,2.137485311596313848e-13,6.751828313933009626e-11
8.616548429814283079e-06,1.003162453062382232e-13,2.165448227874915507e-13,6.840156783625127886e-11
8.709635899560793729e-06,1.016305899618762830e-13,2.193819957050441647e-13,6.929776597983068588e-11
8.803729024540881703e-06,1.029641975581051236e-13,2.222607499598002368e-13,7.020709876185672581e-11
8.898838669186154778e-06,1.043173687279562344e-13,2.251817346867244803e-13,7.112977116025540745e-11
8.994975815300331097e-06,1.056904549096897037e-13,2.281457080584848929e-13,7.206602274975615246e-11
9.092151563327249177e-06,1.070837852744204150e-13,2.311533813657797015e-13,7.301607802999221966e-11
9.190377133632567680e-06,1.084976507299112091e-13,2.342053818936059178e-13,7.398013541742690545e-11
9.289663867799334486e-06,1.099324315182232919e-13,2.373025310310431166e-13,7.495845411695078049e-11
9.390023229937545377e-06,1.113884838073922018e-13,2.404455971332684994e-13,7.595127690268416605e-11
9.491466808007782086e-06,1.128661320387573723e-13,2.436352804599286284e-13,7.695882518332333325e-11
9.594006315159310909e-06,1.143657705374193178e-13,2.468724327354951881e-13,7.798136765347765269e-11
9.697653591082469057e-06,1.158877349048618441e-13,2.501577779788031434e-13,7.901913325939148336e-11
9.802420603375770750e-06,1.174324194661854782e-13,2.534921677021884503e-13,8.007239085835507020e-11
9.908319448927663598e-06,1.190002250300031206e-13,2.568764667825307113e-13,8.114141370004282174e-11
1.001536235531340451e-05,1.205915300846390537e-13,2.603114923661972470e-13,8.222645990480602128e-11
1.012356168220683831e-05,1.222067099298048246e-13,2.637980543869446864e-13,8.332778531546342667e-11
1.023292992280751951e-05,1.238461779691334670e-13,2.673370457235529365e-13,8.444567191223073360e-11
1.034347970528324328e-05,1.255103779512218979e-13,2.709294239561628510e-13,8.558042217311622441e-11
1.045522379422814323e-05,1.271997059017640659e-13,2.745760437791446522e-13,8.673230614840338210e-11
1.056817509213655416e-05,1.289145862782502222e-13,2.782778218304664986e-13,8.790161341008293973e-11
1.068234664089279896e-05,1.306554390741129293e-13,2.820356643534517422e-13,8.908863005961986683e-11
1.079775162327707775e-05,1.324227650078288636e-13,2.858506528154369576e-13,9.029369783534480840e-11
1.091440336448754367e-05,1.342169730189732948e-13,2.897236690641504626e-13,9.151709530117467199e-11
1.103231533367899924e-05,1.360385306113075445e-13,2.936557226529573450e-13,9.275914131166105272e-11
1.115150114551805732e-05,1.378879338798199941e-13,2.976478846545494235e-13,9.402017418883580745e-11
1.127197456175509194e-05,1.397656073351443963e-13,3.017010712826236008e-13,9.530048334200875610e-11
1.139374949281335347e-05,1.416720839007454397e-13,3.058164329485896528e-13,9.660043220029634255e-11
1.151683999939505314e-05,1.436078469703043434e-13,3.099950129353745202e-13,9.792035030096217408e-11
1.164126029410489148e-05,1.455734132585046850e-13,3.142379272884192426e-13,9.926059006504890785e-11
1.176702474309111854e-05,1.475692822615216141e-13,3.185462532323482916e-13,1.006214919294399872e-10
1.189414786770431580e-05,1.495960105516971443e-13,3.229211929396600999e-13,1.020034355371142944e-10
1.202264434617409621e-05,1.516541006543884785e-13,3.273638306354542023e-13,1.034067634398068980e-10
1.215252901530392052e-05,1.537440867685053840e-13,3.318753201253101180e-13,1.048318399884926548e-10
1.228381687218422821e-05,1.558665861031741888e-13,3.364569931965836500e-13,1.062790859301895455e-10
1.241652307592408796e-05,1.580221359927737931e-13,3.411100102310580743e-13,1.077488677849510016e-10
1.255066294940145902e-05,1.602112853569757362e-13,3.458355551575694424e-13,1.092415596646054661e-10
1.268625198103256690e-05,1.624346445493891568e-13,3.506349466110657400e-13,1.107575778695598584e-10
1.282330582656020331e-05,1.646928561817546570e-13,3.555095713220254913e-13,1.122973606079147201e-10
1.296184031086135039e-05,1.669864721497823276e-13,3.604606204318954894e-13,1.138612839978962208e-10
1.310187142977451876e-05,1.693161490951085643e-13,3.654895116429532519e-13,1.154497959542315777e-10
1.324341535194662328e-05,1.716825025794097752e-13,3.705975735605204159e-13,1.170633161393994840e-10
1.338648842069990628e-05,1.740862068348356505e-13,3.757862616470129785e-13,1.187023042896054191e-10
1.353110715591901184e-05,1.765279392290048867e-13,3.810570381531865234e-13,1.203672223643604511e-10
1.367728825595845649e-05,1.790083057577559633e-13,3.864112111072085010e-13,1.220584834104536112e-10
1.382504859957069140e-05,1.815280363476731498e-13,3.918503562523854599e-13,1.237765851771924764e-10
1.397440524785501164e-05,1.840878609253407664e-13,3.973760491198883716e-13,1.255220254681117410e-10
1.412537544622751938e-05,1.866884442102140007e-13,4.029897245949791972e-13,1.272952574579541590e-10
1.427797662641227978e-05,1.893305526384922165e-13,4.086930373354110357e-13,1.290968037862040963e-10
1.443222640845420505e-05,1.920148591137364473e-13,4.144874394094303429e-13,1.309271231587547332e-10
1.458814260275347338e-05,1.947422221699088275e-13,4.203747844579918430e-13,1.327868011183693350e-10
1.474574321212193522e-05,1.975133623271862290e-13,4.263566276472479988e-13,1.346763288528928696e-10
1.490504643386194221e-05,2.003290444274617486e-13,4.324346202407823681e-13,1.365962280257243016e-10
1.506607066186739714e-05,2.031900827892684254e-13,4.386105195699831039e-13,1.385470537040728479e-10
1.522883448874762130e-05,2.060973121914039892e-13,4.448861281511231575e-13,1.405293751626123988e-10
1.539335670797414935e-05,2.090515692195465955e-13,4.512632512582385416e-13,1.425437628690100699e-10
1.555965631605070573e-05,2.120536919473937383e-13,4.577436984080772207e-13,1.445907882670183262e-10
1.572775251470663206e-05,2.151045532576645335e-13,4.643293540012575369e-13,1.466710464975731966e-10
1.589766471311400604e-05,2.182050232696137801e-13,4.710220956500581446e-13,1.487851308578938583e-10
1.606941253012872124e-05,2.213560035103311558e-13,4.778238699108307480e-13,1.509336561733044259e-10
1.624301579655579197e-05,2.245584514139151522e-13,4.847367434086822277e-13,1.531172751195503145e-10
1.641849455743900200e-05,2.278132510232292574e-13,4.917626247276900800e-13,1.553365907004773121e-10
1.659586907437556768e-05,2.311213917647857407e-13,4.989036488006272003e-13,1.575922772826166846e-10
1.677515982785555832e-05,2.344838211879838513e-13,5.061618618875819103e-13,1.598849811429319705e-10
1.695638751962657157e-05,2.379015714467457916e-13,5.135394918367239341e-13,1.622154060931961203e-10
1.713957307508422984e-05,2.413756222423150687e-13,5.210386534279433875e-13,1.645842200469315607e-10
1.732473764568821637e-05,2.449069913267134019e-13,5.286615431133396950e-13,1.669921169466037440e-10
1.751190261140453896e-05,2.484967933857875077e-13,5.364105677835371554e-13,1.694398570000286929e-10
1.770108958317417351e-05,2.521460589791531703e-13,5.442879516804002732e-13,1.719281428259862103e-10
1.789232040540834865e-05,2.558559125179258939e-13,5.522961218474359249e-13,1.744577410310741697e-10
1.808561715851082343e-05,2.596274335600694846e-13,5.604374090185846175e-13,1.770293878547903471e-10
1.828100216142737182e-05,2.634617864275014599e-13,5.687143263644107719e-13,1.796438771256688669e-10
1.847849797422284658e-05,2.673601414473596644e-13,5.771293999957509478e-13,1.823020069019470782e-10
1.867812740068610370e-05,2.713236405149857160e-13,5.856850949283863308e-13,1.850045557201550802e-10
1.887991349096289592e-05,2.753535605634679695e-13,5.943841678645608318e-13,1.877523942484357840e-10
1.908387954421754163e-05,2.794510751617005320e-13,6.032291517034507993e-13,1.905463228767860525e-10
1.929004911132307777e-05,2.836174868048166638e-13,6.122228583025584427e-13,1.933872295175234439e-10
1.949844599758042874e-05,2.878540535068027686e-13,6.213680029976841257e-13,1.962759719870002825e-10
1.970909426546730274e-05,2.921620791445242652e-13,6.306674004040931694e-13,1.992134394989813540e-10
1.992201823741639885e-05,2.965429218544054919e-13,6.401239826601786380e-13,2.022005579246594424e-10
2.013724249862384303e-05,3.009979364248275204e-13,6.497406738431803423e-13,2.052382512915105830e-10
2.035479189988789029e-05,3.055285162263847543e-13,6.595204816117682043e-13,2.083274693305919848e-10
2.057469156047834027e-05,3.101360716887493431e-13,6.694664507483438422e-13,2.114691739740278947e-10
2.079696687103689664e-05,3.148220197251059108e-13,6.795816398241233232e-13,2.146643313294187960e-10
2.102164349650890741e-05,3.195878885312214387e-13,6.898693475478327638e-13,2.179139835305695476e-10
2.124874737910679092e-05,3.244351667109220570e-13,7.003327873496832480e-13,2.212191453808948072e-10
2.147830474130529692e-05,3.293653824599747469e-13,7.109752581505363689e-13,2.245808589599724197e-10
2.171034208886949679e-05,3.343800927248039291e-13,7.218001203905804506e-13,2.280001859775414052e-10
2.194488621391516109e-05,3.394808750715293970e-13,7.328107796948886660e-13,2.314782019712167716e-10
2.218196419800216789e-05,3.446694182425661968e-13,7.440108816139084585e-13,2.350160585590447621e-10
2.242160341526171791e-05,3.499473714946756282e-13,7.554039859953008821e-13,2.386148801913623313e-10
2.266383153555691262e-05,3.553164092746591565e-13,7.669937074177144374e-13,2.422758086711352383e-10
2.290867652767768800e-05,3.607782459401203114e-13,7.787837463747192891e-13,2.460000130232653382e-10
2.315616666257022246e-05,3.663346913476119844e-13,7.907780099799691745e-13,2.497887271281040328e-10
2.340633051660122906e-05,3.719875073119229872e-13,8.029803011885336846e-13,2.536431524382781058e-10
2.365919697485751818e-05,3.777385609783472341e-13,8.153946503648555958e-13,2.575645620402343465e-10
2.391479523448121001e-05,3.835897017953784173e-13,8.280250496889681009e-13,2.615542169820335229e-10
2.417315480804095958e-05,3.895428889529296950e-13,8.408757287206511287e-13,2.656134531991743614e-10
2.443430552693967540e-05,3.956000451312991060e-13,8.539508374688311743e-13,2.697435816285250295e-10
2.469827754485880606e-05,4.017631454634631828e-13,8.672546394349857987e-13,2.739459490509772047e-10
2.496510134124028943e-05,4.080342269946278514e-13,8.807915319781621874e-13,2.782219445444548619e-10
2.523480772480572723e-05,4.144154065384593860e-13,8.945660844993863309e-13,2.825730113596197177e-10
2.550742783711356087e-05,4.209087831586801098e-13,9.085828282152751404e-13,2.870005807629741713e-10
2.578299315615509220e-05,4.275164846696700373e-13,9.228463560739072300e-13,2.915061037054088627e-10
2.606153549998891221e-05,4.342407247126336384e-13,9.373614464298842205e-13,2.960910895402551912e-10
2.634308703041477763e-05,4.410838077510929483e-13,9.521330738632464990e-13,3.007571094938111695e-10
2.662768025668719993e-05,4.480479567263726543e-13,9.671660368814782640e-13,3.055056794808708576e-10
2.691534803926908873e-05,4.551355206362851755e-13,9.824654061620507957e-13,3.103384010948324176e-10
2.720612359362598170e-05,4.623489326580174409e-13,9.980364337583814010e-13,3.152569334096764615e-10
2.750004049406126066e-05,4.696906417523890715e-13,1.013884406301991852e-12,3.202629461820954580e-10
2.779713267759284181e-05,4.771630588294419808e-13,1.030014527691515817e-12,3.253580834652009092e-10
2.809743444787151626e-05,4.847688013681753904e-13,1.046432448583180991e-12,3.305441300310770943e-10
2.840098047914208943e-05,4.925104076105639996e-13,1.063143647591235050e-12,3.358228163706169878e-10
2.870780582024683828e-05,5.003905617838989526e-13,1.080153919411984442e-12,3.411959730776899829e-10
2.901794589867252963e-05,5.084119674597220156e-13,1.097469099683907806e-12,3.466654433810482872e-10
2.933143652464081686e-05,5.165773264558377537e-13,1.115095020863449612e-12,3.522330695875856438e-10
2.964831389524338017e-05,5.248895141568672222e-13,1.133037889189998431e-12,3.579008122732055586e-10
2.996861459862119396e-05,5.333513578525236172e-13,1.151303808653578578e-12,3.636705994234058766e-10
3.029237561818922222e-05,5.419658426688476620e-13,1.169899222449054407e-12,3.695444662303932498e-10
3.061963433690669786e-05,5.507358676393376365e-13,1.188830388576902639e-12,3.755243895923874956e-10
3.095042854159353487e-05,5.596645576044127972e-13,1.208104052525230734e-12,3.816125001410529156e-10
3.128479642729335773e-05,5.687550025954706527e-13,1.227726884049733417e-12,3.878109048650973647e-10
3.162277660168374787e-05,5.780103814467715415e-13,1.247705745737374838e-12,3.941217713247480063e-10
3.196440808953384603e-05,5.874339463838110328e-13,1.268047657155469435e-12,4.005473169148123891e-10
3.230973033721066244e-05,5.970289892771687207e-13,1.288759724846931900e-12,4.070897864147153292e-10
3.265878321723350515e-05,6.067988972837996549e-13,1.309849260277675378e-12,4.137514894051041241e-10
3.301160703287793621e-05,6.167471453006508703e-13,1.331323764350712392e-12,4.205347951162871214e-10
3.336824252282932318e-05,6.268772224671395057e-13,1.353190768516583053e-12,4.274420827021073102e-10
3.372873086588684005e-05,6.371927575839176050e-13,1.375458106306935507e-12,4.344758265931841834e-10
3.409311368571788344e-05,6.476973958198490049e-13,1.398133646255793117e-12,4.416385121739842135e-10
3.446143305566448320e-05,6.583948820942305854e-13,1.421225472002687429e-12,4.489326929380413720e-10
3.483373150360110406e-05,6.692890490132076843e-13,1.444741857260655596e-12,4.563609822996853900e-10
3.521005201684510575e-05,6.803838008204237700e-13,1.468691228904645270e-12,4.639260423148332102e-10
3.559043804712031536e-05,6.916830860812386372e-13,1.493082111179848765e-12,4.716305654607289389e-10
3.597493351557418649e-05,7.031910427646043864e-13,1.517923436056099113e-12,4.794773730578845325e-10
3.636358281784891092e-05,7.149117483089762870e-13,1.543224005464101326e-12,4.874692454854534006e-10
3.675643082920793310e-05,7.268494790159531676e-13,1.568993049848491153e-12,4.956090985815467878e-10
3.715352290971717612e-05,7.390085556682804612e-13,1.595239896387742371e-12,5.038998784429220083e-10
3.755490490948261239e-05,7.513933946007969951e-13,1.621974078031869516e-12,5.123445962929207351e-10
3.796062317394432111e-05,7.640085134930808554e-13,1.649205347503379018e-12,5.209463328738531643e-10
3.837072454922783247e-05,7.768584814676613049e-13,1.676943567198886871e-12,5.297082034163792511e-10
3.878525638755290730e-05,7.899480471128175208e-13,1.705198987511038969e-12,5.386334458667794775e-10
3.920426655270145322e-05,8.032819589105414247e-13,1.733981858620345125e-12,5.477252980628802974e-10
3.962780342554386579e-05,8.168651197248221952e-13,1.763302764184493691e-12,5.569871029885928647e-10
4.005591590962532595e-05,8.307025533743561242e-13,1.793172548575836899e-12,5.664222861612678385e-10
4.048865343681245371e-05,8.447993724807024340e-13,1.823602247937317010e-12,5.760343337782296284e-10
4.092606597300096850e-05,8.591607660858375301e-13,1.854603063665517622e-12,5.858267839862346155e-10
4.136820402388501354e-05,8.737920347800377098e-13,1.886186437718801416e-12,5.958032510666972235e-10
4.181511864078851011e-05,8.886986235445900038e-13,1.918364123470607545e-12,6.059674477229727176e-10
4.226686142656021551e-05,9.038861112825133028e-13,1.951148163859480597e-12,6.163231778681706845e-10
4.272348454153174598e-05,9.193600924147419584e-13,1.984550635129256365e-12,6.268742562607937140e-10
4.318504070954031984e-05,9.351264255919133928e-13,2.018584183956424557e-12,6.376246776386395224e-10
4.365158322401647810e-05,9.511909599519707532e-13,2.053261436228184463e-12,6.485784302864972972e-10
4.412316595413770428e-05,9.675597226105878383e-13,2.088595402221460558e-12,6.597396237948758331e-10
4.459984335104807897e-05,9.842388791755156552e-13,2.124599391324385253e-12,6.711124622718830577e-10
4.508167045414593409e-05,1.001234715943494588e-12,2.161286973215485301e-12,6.827012321421593818e-10
4.556870289743864645e-05,1.018553618005114574e-12,2.198671930769573323e-12,6.945102870717808000e-10
4.606099691596648820e-05,1.036202159429409846e-12,2.236768455222510905e-12,7.065441097327725093e-10
4.655860935229577132e-05,1.054187019615920039e-12,2.275590964370990205e-12,7.188072543767523882e-10
4.706159766308224844e-05,1.072515022408338445e-12,2.315154188699591904e-12,7.313043740568682040e-10
4.757001992570498679e-05,1.091193130036148911e-12,2.355473157167698591e-12,7.440402160185048758e-10
4.808393484497276851e-05,1.110228471865282680e-12,2.396563258728822906e-12,7.570196413836729734e-10
4.860340175990207536e-05,1.129628318570355741e-12,2.438440188448160185e-12,7.702476078526068757e-10
4.912848065056873152e-05,1.149400065022447863e-12,2.481119909106047032e-12,7.837291576653789041e-10
4.965923214503348206e-05,1.169551295283657216e-12,2.524618791843865788e-12,7.974694619595558309e-10
5.019571752634240184e-05,1.190089749286098590e-12,2.568953544250077230e-12,8.114737984286900477e-10
5.073799873960302225e-05,1.211023351476272570e-12,2.614141271879544277e-12,8.257475704102105477e-10
5.128613839913639960e-05,1.232360135935813266e-12,2.660199317666876988e-12,8.402962559120767944e-10
5.184019979570744937e-05,1.254108349958254290e-12,2.707145484032415303e-12,8.551254785416479577e-10
5.240024690383238750e-05,1.276276398088878593e-12,2.754997913662016984e-12,8.702409690045381407e-10
5.296634438916565055e-05,1.298872869653072957e-12,2.803775147207942741e-12,8.856485839213732739e-10
5.353855761596648433e-05,1.321906539819199352e-12,2.853496127107297634e-12,9.013543068038762321e-10
5.411695265464629883e-05,1.345386371299188803e-12,2.904180200764064435e-12,9.173642489767252988e-10
5.470159628939707408e-05,1.369321495748300258e-12,2.955847079394796558e-12,9.336846367799908261e-10
5.529255602590316820e-05,1.393721262338320486e-12,3.008516944944965228e-12,9.503218452983066933e-10
5.588990009913545034e-05,1.418595196996465483e-12,3.062210359719187955e-12,9.672823696748065610e-10
5.649369748123011652e-05,1.443953041784746760e-12,3.116948353568966293e-12,9.845728527126481613e-10
5.710401788945254083e-05,1.469804758354301814e-12,3.172752429408210247e-12,1.002200086772957810e-09
5.772093179424725299e-05,1.496160457689628914e-12,3.229644413657634907e-12,1.020170966272009251e-09
5.834451042737438770e-05,1.523030559379788442e-12,3.287646797995225400e-12,1.038492595809790049e-09
5.897482579013504548e-05,1.550425632612919798e-12,3.346782397181500985e-12,1.057172182041436228e-09
5.961195066168448051e-05,1.578356524624186528e-12,3.407074626745025739e-12,1.076217121308005011e-09
6.025595860743563655e-05,1.606834216570485050e-12,3.468547189870250290e-12,1.095634901214535004e-09
6.090692398755333557e-05,1.635870016919802297e-12,3.531224498274561569e-12,1.115433232455797350e-09
6.156492196554028487e-05,1.665475461541352493e-12,3.595131453284331809e-12,1.135619981086816236e-09
6.223002851691585794e-05,1.695662328320051347e-12,3.660293478715940006e-12,1.156203177849907882e-09
6.290232043798822518e-05,1.726442589008465570e-12,3.726736416929321031e-12,1.177190985692727252e-09
6.358187535472217898e-05,1.757828530075232433e-12,3.794486789966905107e-12,1.198591782410163143e-09
6.426877173170181972e-05,1.789832695894610735e-12,3.863571676302822008e-12,1.220414121438243206e-09
6.496308888119054219e-05,1.822467864459881259e-12,3.934018659081820580e-12,1.242666715477588813e-09
6.566490697228877628e-05,1.855747115885375187e-12,4.005855973129237095e-12,1.265358483562422584e-09
6.637430704019079677e-05,1.889683815134823354e-12,4.079112468039408622e-12,1.288498538479910823e-09
6.709137099554102212e-05,1.924291563926446881e-12,4.153817505077757985e-12,1.312096154830482137e-09
6.781618163389240451e-05,1.959584296497624466e-12,4.230001163164476260e-12,1.336160833774823465e-09
6.854882264526600299e-05,1.995576236399192760e-12,4.307694145322718704e-12,1.360702273751318098e-09
6.928937862381432842e-05,2.032281901490936697e-12,4.386927790133923717e-12,1.385730373892345858e-09
7.003793507758892080e-05,2.069716151664494984e-12,4.467734174411451275e-12,1.411255266506233697e-09
7.079457843841370415e-05,2.107894072299565238e-12,4.550145861819887484e-12,1.437287237851661212e-09
7.155939607186428139e-05,2.146831194437609771e-12,4.634196378058801735e-12,1.463836877749855054e-09
7.233247628735628659e-05,2.186543284067701260e-12,4.719919756256146912e-12,1.490914936533857900e-09
7.311390834834158802e-05,2.227046535515881192e-12,4.807350953178314530e-12,1.518532456332007704e-09
7.390378248261510706e-05,2.268357358870982485e-12,4.896525392502175331e-12,1.546700626607305647e-09
7.470218989273297110e-05,2.310492630556441254e-12,4.987479503851658463e-12,1.575430954646992218e-09
7.550922276654317949e-05,2.353469551224458548e-12,5.080250416898203855e-12,1.604735168930096237e-09
7.632497428783019205e-05,2.397305673071782153e-12,5.174876020334462628e-12,1.634625237456148572e-09
7.714953864707383314e-05,2.442018913975891664e-12,5.271394991997552515e-12,1.665113377885625453e-09
7.798301105232572326e-05,2.487627664419806066e-12,5.369847029672601597e-12,1.696212129716037431e-09
7.882548774020195069e-05,2.534150541862624432e-12,5.470272322026537330e-12,1.727934187642467942e-09
7.967706598699515438e-05,2.581606712683117576e-12,5.572712241655122562e-12,1.760292620471828387e-09
8.053784411990643833e-05,2.630015739445179934e-12,5.677209016697035300e-12,1.793300766898633033e-09
8.140792152839885219e-05,2.679397478490220568e-12,5.783805509576423833e-12,1.826972166257165201e-09
8.228739867567281738e-05,2.729772357505895982e-12,5.892545815861733070e-12,1.861320747393994333e-09
8.317637711026694132e-05,2.781161164811956989e-12,6.003474810083367623e-12,1.896360684966520181e-09
8.407495947778266098e-05,2.833585159792531105e-12,6.116638382689164363e-12,1.932106474926907399e-09
8.498324953273634806e-05,2.887066023100624751e-12,6.232083334188724261e-12,1.968572900413325247e-09
8.590135215053933636e-05,2.941625936373439313e-12,6.349857546134713806e-12,2.005775086193819734e-09
8.682937333960741657e-05,2.997287593339370327e-12,6.470010006154868189e-12,2.043728506095407360e-09
8.776742025360050297e-05,3.054074047083461373e-12,6.592590477020437270e-12,2.082448879322119237e-09
8.871560120379592810e-05,3.112008942550413003e-12,6.717649998771175699e-12,2.121952328147014446e-09
8.967402567159409141e-05,3.171116439645871183e-12,6.845240724098110636e-12,2.162255326342335562e-09
9.064280432115971449e-05,3.231421183529187179e-12,6.975415851945094012e-12,2.203374678410582974e-09
9.162204901219973287e-05,3.292948345587091069e-12,7.108229718514977646e-12,2.245327547782534523e-09
9.261187281287908482e-05,3.355723649420883754e-12,7.243737850727792884e-12,2.288131474115648894e-09
9.361239001287626729e-05,3.419773379455691580e-12,7.381996987222168416e-12,2.331804379963980650e-09
9.462371613657914705e-05,3.485124386839400260e-12,7.523065089174251691e-12,2.376364573869119262e-09
9.564596795642483508e-05,3.551804005901002041e-12,7.667001161043116646e-12,2.421830694018370286e-09
9.667926350638221501e-05,3.619840356643652402e-12,7.813865903312033355e-12,2.468221914307222933e-09
9.772372209558082511e-05,3.689261967850650806e-12,7.963720898948407905e-12,2.515557687357764467e-09
9.877946432208679895e-05,3.760098059968529851e-12,8.116629223930068006e-12,2.563857937512446421e-09
9.984661208682796502e-05,3.832378526506812308e-12,8.272655406515217597e-12,2.613143047711159476e-09
1.009252886076682817e-04,3.906133798096827259e-12,8.431865135343846819e-12,2.663433767522301880e-09
1.020156184336362698e-04,3.981395035615347271e-12,8.594325675011389608e-12,2.714751344209352701e-09
1.031177274593053005e-04,4.058194083630848987e-12,8.760105765940710969e-12,2.767117491387685682e-09
1.042317429393301584e-04,4.136563426294363028e-12,8.929275528708954614e-12,2.820554358549016151e-09
1.053577935031404340e-04,4.216536242608768814e-12,9.101906584328426748e-12,2.875084569182956332e-09
1.064960091697929003e-04,4.298146490608163271e-12,9.278072235834680192e-12,2.930731277932236431e-09
1.076465213629833225e-04,4.381428782523678152e-12,9.457847197389342188e-12,2.987518085347915979e-09
1.088094629262224421e-04,4.466418504675311871e-12,9.641307854782642598e-12,3.045469119989008464e-09
1.099849681381738866e-04,4.553151809872410375e-12,9.828532248674700766e-12,3.104609033054012152e-09
1.111731727281588711e-04,4.641665630805831127e-12,1.001960010217315038e-11,3.164963007219904449e-09
1.123742138918280554e-04,4.731997694609283251e-12,1.021459285435057383e-11,3.226556767379081079e-09
1.135882303070028768e-04,4.824186539971540834e-12,1.041359369545900580e-11,3.289416591376296096e-09
1.148153621496881042e-04,4.918271554921510469e-12,1.061668764923855634e-11,3.353569336146057566e-09
1.160557511102564021e-04,5.014292911142802701e-12,1.082396143142295352e-11,3.419042393354971266e-09
1.173095404098097678e-04,5.112291720640908831e-12,1.103550378724730051e-11,3.485863795523909571e-09
1.185768748167157426e-04,5.212309990677468945e-12,1.125140539407782967e-11,3.554062185606685841e-09
1.198579006633231661e-04,5.314390514135142836e-12,1.147175862572924533e-11,3.623666742373748741e-09
1.211527658628585051e-04,5.418577157343048795e-12,1.169665817359778156e-11,3.694707376605342858e-09
1.224616199265046940e-04,5.524914634429266847e-12,1.192620055811289872e-11,3.767214577032700477e-09
1.237846139806636936e-04,5.633448677592764142e-12,1.216048449764110230e-11,3.841219526383746142e-09
1.251219007844073076e-04,5.744225944208471652e-12,1.239961070801780060e-11,3.916754038588271476e-09
1.264736347471148617e-04,5.857294219623055399e-12,1.264368233954665106e-11,3.993850696568653434e-09
1.278399719463020406e-04,5.972702159089860907e-12,1.289280442056786397e-11,4.072542676110671647e-09
1.292210701456424700e-04,6.090499545143100881e-12,1.314708441304135849e-11,4.152863922209598102e-09
1.306170888131839933e-04,6.210737305826090241e-12,1.340663225094331213e-11,4.234849160512086933e-09
1.320281891397606471e-04,6.333467377421471654e-12,1.367156004539765955e-11,4.318533804154248220e-09
1.334545340576059999e-04,6.458742837894655246e-12,1.394198237169557551e-11,4.403954045025630609e-09
1.348962882591650634e-04,6.586617890100458392e-12,1.421801623280814865e-11,4.491146841676608384e-09
1.363536182161107369e-04,6.717147981834371755e-12,1.449978131967677186e-11,4.580150001743363531e-09
1.378266921985653575e-04,6.850389699758046928e-12,1.478739978189455409e-11,4.671002109392214766e-09
1.393156802945299004e-04,6.986400842471669185e-12,1.508099638447453197e-11,4.763742575208418005e-09
1.408207544295235697e-04,7.125240527013618872e-12,1.538069873886534497e-11,4.858411708589167307e-09
1.423420883864339142e-04,7.266969077790465881e-12,1.568663706217732505e-11,4.955050642313886517e-09
1.438798578255842437e-04,7.411648124573665091e-12,1.599894439059092494e-11,5.053701399243395330e-09
1.454342403050151754e-04,7.559340682799451224e-12,1.631775675012586138e-11,5.154406947034918205e-09
1.470054153009864371e-04,7.710111113286030787e-12,1.664321307136262621e-11,5.257211170649009554e-09
1.485935642287002794e-04,7.864025157361470832e-12,1.697545526496274826e-11,5.362158896534785401e-09
1.501988704632484792e-04,8.021149975127044110e-12,1.731462830440168566e-11,5.469295918333498810e-09
1.518215193607849647e-04,8.181554159593416160e-12,1.766088025609208132e-11,5.578669006910533418e-09
1.534616982799291316e-04,8.345307864225150688e-12,1.801436255452364463e-11,5.690325996955861713e-09
1.551195966033984148e-04,8.512482700745674280e-12,1.837522978249066866e-11,5.804315717681987252e-09
1.567954057598753442e-04,8.683151831819615088e-12,1.874363987028736446e-11,5.920688055672995257e-09
1.584893192461109040e-04,8.857389981734661070e-12,1.911975411967917399e-11,6.039493962422099457e-09
1.602015326492667953e-04,9.035273578401104726e-12,1.950373750959020240e-11,6.160785551018323037e-09
1.619322436694977405e-04,9.216880641856691791e-12,1.989575845554142141e-11,6.284616020066066305e-09
1.636816521427805532e-04,9.402290874770074098e-12,2.029598900545184247e-11,6.411039715666523415e-09
1.654499600639870445e-04,9.591585759480923146e-12,2.070460504922850639e-11,6.540112197303450294e-09
1.672373716102074884e-04,9.784848432846883034e-12,2.112178604765715223e-11,6.671890152544146021e-09
1.690440931643259477e-04,9.982164003669962316e-12,2.154771571823666894e-11,6.806431613621948424e-09
1.708703333388501703e-04,1.018361923973419842e-11,2.198258136016356838e-11,6.943795744053130817e-09
1.727163029999992817e-04,1.038930299258200975e-11,2.242657476990928955e-11,7.084043127991983451e-09
1.745822152920500870e-04,1.059930583289634046e-11,2.287989145568201651e-11,7.227235521925544379e-09
1.764682856619496530e-04,1.081372043892682066e-11,2.334273147472595228e-11,7.373436119463865171e-09
1.783747318841905646e-04,1.103264142791844844e-11,2.381529906972086829e-11,7.522709436107713163e-09
1.803017740859564201e-04,1.125616549269049726e-11,2.429780296407487496e-11,7.675121402898536710e-09
1.822496347725388361e-04,1.148439141300923479e-11,2.479045638525934837e-11,7.830739373576428780e-09
1.842185388530291905e-04,1.171742014587880328e-11,2.529347726209503472e-11,7.989632186724225271e-09
1.862087136662864302e-04,1.195535476394785836e-11,2.580708808919739780e-11,8.151870123416243122e-09
1.882203890071886411e-04,1.219830066213165887e-11,2.633151637415849720e-11,8.317525048045713419e-09
1.902537971531648847e-04,1.244636550670056225e-11,2.686699452787285905e-11,8.486670373944883703e-09
1.923091728910153518e-04,1.269965920817680877e-11,2.741375980556378926e-11,8.659381044568257149e-09
1.943867535440210509e-04,1.295829419831868160e-11,2.797205490458151607e-11,8.835733722582024095e-09
1.964867789993465037e-04,1.322238523423339736e-11,2.854212754267760120e-11,9.015806656194586738e-09
1.986094917357368280e-04,1.349204962120799065e-11,2.912423093721927752e-11,9.199679831100527085e-09
2.007551368515176921e-04,1.376740725750931910e-11,2.971862390277182960e-11,9.387435000956142680e-09
2.029239620928939406e-04,1.404858050954988478e-11,3.032557058295918994e-11,9.579155602622719316e-09
2.051162178825560517e-04,1.433569449764066445e-11,3.094534106480866321e-11,9.774926950461731114e-09
2.073321573485949415e-04,1.462887709848885745e-11,3.157821138575138481e-11,9.974836238287018200e-09
2.095720363537295074e-04,1.492825882764437300e-11,3.222446327948388606e-11,1.017897245948846640e-08
2.118361135248498627e-04,1.523397317536702159e-11,3.288438490104758717e-11,1.038742663549020996e-08
2.141246502828783788e-04,1.554615645038450008e-11,3.355827048910891842e-11,1.060029170979114100e-08
2.164379108729565574e-04,1.586494797902125596e-11,3.424642079723100629e-11,1.081766268331541434e-08
2.187761623949547500e-04,1.619049003053179178e-11,3.494914293010498547e-11,1.103963656354755319e-08
2.211396748343128860e-04,1.652292803945327941e-11,3.566675082615852353e-11,1.126631251653063225e-08
2.235287210932144825e-04,1.686241060427695289e-11,3.639956525373734847e-11,1.149779186551060307e-08
2.259435770220974361e-04,1.720908948123031451e-11,3.714791379646793228e-11,1.173417808681504535e-08
2.283845214515035189e-04,1.756311977006698307e-11,3.791213125631511266e-11,1.197557693669003775e-08
2.308518362242757401e-04,1.792465998915849882e-11,3.869255981459303833e-11,1.222209650227349881e-08
2.333458062280997531e-04,1.829387202750572459e-11,3.948954892823085890e-11,1.247384716916747198e-08
2.358667194283986036e-04,1.867092131368215593e-11,4.030345569507023008e-11,1.273094173639928174e-08
2.384148669015827163e-04,1.905597692398104919e-11,4.113464508657809692e-11,1.299349549006175754e-08
2.409905428686591597e-04,1.944921150402868153e-11,4.198348977983526724e-11,1.326162615038771181e-08
2.435940447292023019e-04,1.985080158451015315e-11,4.285037083764319977e-11,1.353545408627181204e-08
2.462256730956952641e-04,2.026092744395276398e-11,4.373567741280694804e-11,1.381510222243402606e-08
2.488857318282385392e-04,2.067977326943207838e-11,4.463980709582542841e-11,1.410069614836157847e-08
2.515745280696354510e-04,2.110752733805713513e-11,4.556316630585734135e-11,1.439236424270561885e-08
2.542923722808562996e-04,2.154438199783877444e-11,4.650617024914261485e-11,1.469023765972448253e-08
2.570395782768860422e-04,2.199053372189604689e-11,4.746924303716191085e-11,1.499445036637491928e-08
2.598164632629571371e-04,2.244618331369659661e-11,4.845281812851512548e-11,1.530513928238036487e-08
2.626233478711780130e-04,2.291153593873019207e-11,4.945733839765329957e-11,1.562244430170479629e-08
2.654605561975533694e-04,2.338680119960057310e-11,5.048325629758664785e-11,1.594650834385145242e-08
2.683284158394058476e-04,2.387219329178917600e-11,5.153103419527096764e-11,1.627747745998501126e-08
2.712272579332021104e-04,2.436793108469902647e-11,5.260114454704374814e-11,1.661550088824307623e-08
2.741574171927874484e-04,2.487423816188441989e-11,5.369406998496341514e-11,1.696073108117503102e-08
2.771192319480338465e-04,2.539134298781535699e-11,5.481030367743983153e-11,1.731332381923907117e-08
2.801130441839031924e-04,2.591947906858361816e-11,5.595034967586388716e-11,1.767343832082872340e-08
2.831391995799373350e-04,2.645888489950323366e-11,5.711472280153923732e-11,1.804123720626613341e-08
2.861980475501699510e-04,2.700980420250269864e-11,5.830394915735337240e-11,1.841688665939841934e-08
2.892899412834720393e-04,2.757248606562677334e-11,5.951856643113155430e-11,1.880055652336249877e-08
2.924152377843327222e-04,2.814718490705830433e-11,6.075912381438885550e-11,1.919242027542377318e-08
2.955742979140810992e-04,2.873416074668174240e-11,6.202618259249145343e-11,1.959265521275770726e-08
2.987674864325509986e-04,2.933367922425822319e-11,6.332031618093180906e-11,2.000144246405439532e-08
3.019951720402010392e-04,2.994601182491363535e-11,6.464211061324055672e-11,2.041896714401119352e-08
3.052577274206842023e-04,3.057143590310636299e-11,6.599216459317186842e-11,2.084541836943812490e-08
3.085555292838803578e-04,3.121023487096800057e-11,6.737108989967033762e-11,2.128098938734196317e-08
3.118889584093928295e-04,3.186269831367797806e-11,6.877951163825169731e-11,2.172587765420606154e-08
3.152583996905156116e-04,3.252912209697298771e-11,7.021806847053351048e-11,2.218028490865448361e-08
3.186642421786726478e-04,3.320980860677117795e-11,7.168741313375528549e-11,2.264441733538011273e-08
3.221068791283428863e-04,3.390506673232568313e-11,7.318821240259408705e-11,2.311848555337741224e-08
3.255867080424651493e-04,3.461521216170272140e-11,7.472114772854126121e-11,2.360270481755826659e-08
3.291041307183360429e-04,3.534056742233011752e-11,7.628691532602945007e-11,2.409729504608237955e-08
3.326595532940036185e-04,3.608146208251763511e-11,7.788622660837132778e-11,2.460248095809376161e-08
3.362533862951616647e-04,3.683823293326101957e-11,7.951980857999832023e-11,2.511849219779202174e-08
3.398860446825517851e-04,3.761122402331675658e-11,8.118840391219299675e-11,2.564556335785842668e-08
3.435579478998740215e-04,3.840078697274898696e-11,8.289277161937741158e-11,2.618393419376084823e-08
3.472695199222217426e-04,3.920728108293662464e-11,8.463368729712927158e-11,2.673384969837008008e-08
3.510211893050330469e-04,4.003107336675890267e-11,8.641194318773181219e-11,2.729556012272876803e-08
3.548133892335745632e-04,4.087253900042179958e-11,8.822834915493692459e-11,2.786932128438591157e-08
3.586465575729590031e-04,4.173206122578018409e-11,9.008373247225386145e-11,2.845539450020967115e-08
3.625211369187038399e-04,4.261003172021689286e-11,9.197893862333679734e-11,2.905404683892234017e-08
3.664375746478326840e-04,4.350685062603110699e-11,9.391483136392854615e-11,2.966555114138122546e-08
3.703963229705354568e-04,4.442292686860877994e-11,9.589229340960411326e-11,3.029018623699846370e-08
3.743978389823803140e-04,4.535867829363922199e-11,9.791222673085137835e-11,3.092823703777057242e-08
3.784425847170923914e-04,4.631453181671421016e-11,9.997555287679001167e-11,3.157999463995403837e-08
3.825310271999024601e-04,4.729092370987798319e-11,1.020832135937589013e-10,3.224575651966192417e-08
3.866636385014727575e-04,4.828829974681539139e-11,1.042361711386404853e-10,3.292582663171967076e-08
3.908408957924014025e-04,4.930711541919927339e-11,1.064354087455590778e-10,3.362051555737933848e-08
3.950632813983230140e-04,5.034783616318822424e-11,1.086819311150655566e-10,3.433014065848684962e-08
3.993312828555975079e-04,5.141093758698729713e-11,1.109767649054434730e-10,3.505502623284227017e-08
4.036453929676039887e-04,5.249690565095142111e-11,1.133209591213414574e-10,3.579550363696963208e-08
4.080061098616422815e-04,5.360623694313472105e-11,1.157155857083893789e-10,3.655191147406760846e-08
4.124139370464487728e-04,5.473943884988128726e-11,1.181617399218899343e-10,3.732459571000096784e-08
4.168693834703348007e-04,5.589702990295878316e-11,1.206605410752332356e-10,3.811390991043513730e-08
4.213729635799492198e-04,5.707953983700665589e-11,1.232131326656930678e-10,3.892021527982532748e-08
4.259251973796833023e-04,5.828751009928898046e-11,1.258206834726530424e-10,3.974388100884875486e-08
4.305266104917096796e-04,5.952149382907479877e-11,1.284843875151793924e-10,4.058528426068516966e-08
4.351777342166741371e-04,6.078205630409698386e-11,1.312054650132075584e-10,4.144481047501326162e-08
4.398791055950419956e-04,6.206977512315353629e-11,1.339851627846598388e-10,4.232285349278686510e-08
4.446312674691080789e-04,6.338524049504897760e-11,1.368247548665786985e-10,4.321981575329577795e-08
4.494347685456725984e-04,6.472905552987409945e-11,1.397255431460178356e-10,4.413610849274490684e-08
4.542901634594021985e-04,6.610183644993278042e-11,1.426888578135882836e-10,4.507215188779300650e-08
4.591980128368675996e-04,6.750421305910568187e-11,1.457160583774665804e-10,4.602837537608831037e-08
4.641588833612767017e-04,6.893682876453286188e-11,1.488085337102766508e-10,4.700521767036751976e-08
4.691733478379068361e-04,7.040034113345180791e-11,1.519677032510503161e-10,4.800312713912909952e-08
4.742419852602440251e-04,7.189542203918279494e-11,1.551950173198242951e-10,4.902256190505521765e-08
4.793653808768330994e-04,7.342275803823543438e-11,1.584919579328773625e-10,5.006399010307786228e-08
4.845441262588582416e-04,7.498305069591917156e-11,1.618600395038386067e-10,5.112789010184177984e-08
4.897788193684451214e-04,7.657701687167101788e-11,1.653008094612141013e-10,5.221475069837926827e-08
4.950700646277054378e-04,7.820538913979296904e-11,1.688158491559031177e-10,5.332507140518773499e-08
5.004184729885260367e-04,7.986891602083896633e-11,1.724067743605652514e-10,5.445936260775901164e-08
5.058246620031125801e-04,8.156836240724161141e-11,1.760752361881677604e-10,5.561814585485631432e-08
5.112892558952954625e-04,8.330450991730126604e-11,1.798229218575828398e-10,5.680195409998691229e-08
5.168128856326025845e-04,8.507815723487958378e-11,1.836515554246069624e-10,5.801133193305971649e-08
5.223961889991187140e-04,8.689012051451279178e-11,1.875628986585052787e-10,5.924683585629206102e-08
5.280398106691237391e-04,8.874123365441006335e-11,1.915587516296272301e-10,6.050903447080472857e-08
5.337444022815305200e-04,9.063234892896793958e-11,1.956409540761962113e-10,6.179850890745515418e-08
5.395106225151260256e-04,9.256433710903427369e-11,1.998113856633272202e-10,6.311585290920815665e-08
5.453391371646269239e-04,9.453808802501709410e-11,2.040719671977153765e-10,6.446167321506293927e-08
5.512306192175508166e-04,9.655451102253747130e-11,2.084246616127936070e-10,6.583658987033965490e-08
5.571857489319287067e-04,9.861453520417944963e-11,2.128714744895256628e-10,6.724123639201753732e-08
5.632052139148472063e-04,1.007191100812956133e-10,2.174144554637136209e-10,6.867626021301634791e-08
5.692897092018428182e-04,1.028692059048256809e-10,2.220556989400465555e-10,7.014232290750945568e-08
5.754399373371553396e-04,1.050658140354412700e-10,2.267973448912151192e-10,7.164010044378414933e-08
5.816566084548466763e-04,1.073099476422772377e-10,2.316415803661959544e-10,7.317028366019168703e-08
5.879404403607929814e-04,1.096026419825198399e-10,2.365906400933530853e-10,7.473357845613471040e-08
5.942921586155715859e-04,1.119449549072801756e-10,2.416468075731484953e-10,7.633070613689651464e-08
6.007124966182336148e-04,1.143379675031430108e-10,2.468124164627513019e-10,7.796240385087298401e-08
6.072021956909871149e-04,1.167827843768036595e-10,2.520898511897459300e-10,7.962942478408481436e-08
6.137620051647925401e-04,1.192805343442333949e-10,2.574815484408998948e-10,8.133253862978298167e-08
6.203926824658852288e-04,1.218323709083336923e-10,2.629899981927187622e-10,8.307253191413584845e-08
6.270949932032314879e-04,1.244394727985557603e-10,2.686177448758582160e-10,8.485020836421344266e-08
6.338697112569257643e-04,1.271030445139212193e-10,2.743673885486583759e-10,8.666638927862866719e-08
6.407176188675524310e-04,1.298243168616852183e-10,2.802415860575256336e-10,8.852191389389471971e-08
6.476395067265028642e-04,1.326045476557487303e-10,2.862430525475502574e-10,9.041763986178506841e-08
6.546361740672732889e-04,1.354450220777690561e-10,2.923745622391349982e-10,9.235444349471043981e-08
6.617084287577481650e-04,1.383470536018573803e-10,2.986389504263121796e-10,9.433322039659532377e-08
6.688570873934816894e-04,1.413119842836798165e-10,3.050391140995743024e-10,9.635488565999303564e-08
6.760829753919806676e-04,1.443411856081499540e-10,3.115780137759676200e-10,9.842037444398238837e-08
6.833869270880181361e-04,1.474360590475955491e-10,3.182586747038104419e-10,1.005306423546784240e-07
6.907697858299654842e-04,1.505980367658573509e-10,3.250841883834931241e-10,1.026866659257916596e-07
6.982324040771696388e-04,1.538285821867124446e-10,3.320577137927735758e-10,1.048894430055917668e-07
7.057756434983826835e-04,1.571291908115939857e-10,3.391824791536545906e-10,1.071399933147403367e-07
7.134003750712551890e-04,1.605013908319642265e-10,3.464617832537766985e-10,1.094393588641639038e-07
7.211074791828984585e-04,1.639467439402319300e-10,3.538989971954760621e-10,1.117886045073555322e-07
7.288978457315452861e-04,1.674668459228874247e-10,3.614975656792051374e-10,1.141888183453960071e-07
7.367723742292970864e-04,1.710633275434825713e-10,3.692610089053281778e-10,1.166411123284394089e-07
7.447319739059872100e-04,1.747378552349849433e-10,3.771929240726474214e-10,1.191466227284636805e-07
7.527775638141642398e-04,1.784921318803500679e-10,3.852969870616990424e-10,1.217065106710745465e-07
7.609100729352106639e-04,1.823278976881146716e-10,3.935769543233963277e-10,1.243219627323817051e-07
7.691304402866084178e-04,1.862469309150424204e-10,4.020366644424694839e-10,1.269941914323556960e-07
7.774396150303570412e-04,1.902510487453839268e-10,4.106800400311997480e-10,1.297244358336563056e-07
7.858385565825763263e-04,1.943421081784271231e-10,4.195110896492471700e-10,1.325139621473477992e-07
7.943282347242795792e-04,1.985220067801062917e-10,4.285339094235176823e-10,1.353640642452352429e-07
8.029096297133505623e-04,2.027926837756866899e-10,4.377526854073234627e-10,1.382760644045633776e-07
8.115837323977283463e-04,2.071561207659267714e-10,4.471716951272757684e-10,1.412513137969269739e-07
8.203515443298170940e-04,2.116143427423856744e-10,4.567953097742213191e-10,1.442911931803695947e-07
8.292140778821238114e-04,2.161694191202679726e-10,4.666279964321514914e-10,1.473971136030326586e-07
8.381723563641604955e-04,2.208234644873757500e-10,4.766743196967966165e-10,1.505705169147868182e-07
8.472274141405945237e-04,2.255786398398021810e-10,4.869389443408982801e-10,1.538128766093768129e-07
8.563802967506823054e-04,2.304371535341576312e-10,4.974266373708634280e-10,1.571256984734096688e-07
8.656320610289927001e-04,2.354012621478572946e-10,5.081422698837999886e-10,1.605105211734701605e-07
8.749837752274348393e-04,2.404732717744420896e-10,5.190908198630398246e-10,1.639689171388814749e-07
8.844365191385982665e-04,2.456555390624816027e-10,5.302773744214726131e-10,1.675024932704516395e-07
8.939913842204391149e-04,2.509504721476588328e-10,5.417071318128037620e-10,1.711128915757967253e-07
9.036494737222995274e-04,2.563605320850419774e-10,5.533854045238550824e-10,1.748017901459683789e-07
9.134119028122950155e-04,2.618882336674415617e-10,5.653176210412302578e-10,1.785709037137205065e-07
9.232797987060774531e-04,2.675361469480795983e-10,5.775093291372952038e-10,1.824219846911963935e-07
9.332543007969882351e-04,2.733068981579532563e-10,5.899661978513127551e-10,1.863568237960333042e-07
9.433365607876197058e-04,2.792031711056359574e-10,6.026940205106779770e-10,1.903772510054858307e-07
9.535277428227895190e-04,2.852277084407650007e-10,6.156987174581334716e-10,1.944851364179840526e-07
9.638290236239684811e-04,2.913833128956874316e-10,6.289863387327391886e-10,1.986823910998331767e-07
9.742415926251432254e-04,2.976728486040576967e-10,6.425630669154597586e-10,2.029709679841883445e-07
9.847666521101555714e-04,3.040992424662015044e-10,6.564352200770004503e-10,2.073528628022941158e-07
9.954054173515239877e-04,3.106654855884024915e-10,6.706092548836849783e-10,2.118301150644504245e-07
1.006159116750766566e-03,3.173746345453270759e-10,6.850917693244589486e-10,2.164048089212451330e-07
1.017028991980230279e-03,3.242298129694949134e-10,6.998895061398490079e-10,2.210790742469544883e-07
1.028016298126471512e-03,3.312342129543212498e-10,7.150093558521091646e-10,2.258550875964865880e-07
1.039122303835166841e-03,3.383910965383633866e-10,7.304583599680428209e-10,2.307350732174189659e-07
1.050348291457598717e-03,3.457037973409192263e-10,7.462437145110619204e-10,2.357213041650135999e-07
1.061695557198721711e-03,3.531757220156629891e-10,7.623727731571866418e-10,2.408161032935400159e-07
1.073165411266829893e-03,3.608103519643115143e-10,7.788530509359641628e-10,2.460218444248121636e-07
1.084759178024832750e-03,3.686112449648896424e-10,7.956922277442819614e-10,2.513409534582684773e-07
1.096478196143182982e-03,3.765820367797475616e-10,8.128981518171194380e-10,2.567759094675497825e-07
1.108323818754438413e-03,3.847264428641255750e-10,8.304788434170096080e-10,2.623292458652400343e-07
1.120297413609503117e-03,3.930482600927881641e-10,8.484424985602016598e-10,2.680035515806762187e-07
1.132400363235553818e-03,4.015513688015328309e-10,8.667974934235659640e-10,2.738014724514119381e-07
1.144634065095673269e-03,4.102397342435363300e-10,8.855523874884435047e-10,2.797257122164388751e-07
1.156999931750209241e-03,4.191174087730223052e-10,9.047159282545117193e-10,2.857790340052590672e-07
1.169499391019868887e-03,4.281885336123910655e-10,9.242970550546188549e-10,2.919642615426994358e-07
1.182133886150591416e-03,4.374573408203370340e-10,9.443049033021631633e-10,2.982842804909209825e-07
1.194904875980186063e-03,4.469281553304887202e-10,9.647488088924827866e-10,3.047420398392558076e-07
1.207813835106776989e-03,4.566053969582148545e-10,9.856383125353007598e-10,3.113405532730040409e-07
1.220862254059067479e-03,4.664935825710071416e-10,1.006983164438255759e-09,3.180829006526912809e-07
1.234051639468446409e-03,4.765973280838607043e-10,1.028793328615587790e-09,3.249722293752196774e-07
1.247383514242940894e-03,4.869213507686797382e-10,1.051078987872901025e-09,3.320117559484020718e-07
1.260859417743072147e-03,4.974704714014898004e-10,1.073850548441690303e-09,3.392047674546559996e-07
1.274480905959588959e-03,5.082496166063867336e-10,1.097118645039624530e-09,3.465546231496150071e-07
1.288249551693130624e-03,5.192638211459169615e-10,1.120894145814365932e-09,3.540647560238648648e-07
1.302166944735831233e-03,5.305182303609509294e-10,1.145188157610049933e-09,3.617386744663017649e-07
1.316234692054885731e-03,5.420181024787073689e-10,1.170012030949925655e-09,3.695799638380154637e-07
1.330454417978088784e-03,5.537688112634467463e-10,1.195377365758077540e-09,3.775922882796742084e-07
1.344827764381402186e-03,5.657758484761143208e-10,1.221296016668968038e-09,3.857793923887104825e-07
1.359356390878522624e-03,5.780448263989237047e-10,1.247780098476351755e-09,3.941451029403763348e-07
1.374041975012511808e-03,5.905814807189790997e-10,1.274841992359033171e-09,4.026933308544470506e-07
1.388886212449493094e-03,6.033916730255436988e-10,1.302494351270169598e-09,4.114280728976223802e-07
1.403890817174441481e-03,6.164813937049806484e-10,1.330750106187848868e-09,4.203534136574422721e-07
1.419057521689089975e-03,6.298567647221803247e-10,1.359622472118525712e-09,4.294735274391461667e-07
1.434388077211962717e-03,6.435240425545089618e-10,1.389124954429694851e-09,4.387926802658345219e-07
1.449884253880594524e-03,6.574896211872447169e-10,1.419271355316207924e-09,4.483152319208733013e-07
1.465547840955907979e-03,6.717600351381359728e-10,1.450075780330232462e-09,4.580456380105248158e-07
1.481380647028813363e-03,6.863419624398170630e-10,1.481552644817233629e-09,4.679884519972964230e-07
1.497384500229036403e-03,7.012422280271779175e-10,1.513716681229774087e-09,4.781483275095211248e-07
1.513561248436205925e-03,7.164678067508159144e-10,1.546582945631803278e-09,4.885300203965053481e-07
1.529912759493207283e-03,7.320258269465275355e-10,1.580166825403423383e-09,4.991383911618009166e-07
1.546440921421868763e-03,7.479235735655702182e-10,1.614484045998045024e-09,5.099784070977959985e-07
1.563147642640950411e-03,7.641684917201336161e-10,1.649550678596239020e-09,5.210551447035320092e-07
1.580034852186502047e-03,7.807681903612447510e-10,1.685383148044912710e-09,5.323737921919420992e-07
1.597104499934598508e-03,7.977304458018663132e-10,1.721998240461734354e-09,5.439396518924308859e-07
1.614358556826483992e-03,8.150632052415361019e-10,1.759413110843589628e-09,5.557581426541049194e-07
1.631799015096135246e-03,8.327745908907309188e-10,1.797645291969912223e-09,5.678348026576035828e-07
1.649427888500311270e-03,8.508729035659214128e-10,1.836712702163453660e-09,5.801752918669713772e-07
1.667247212551058958e-03,8.693666268166460242e-10,1.876633654198069705e-09,5.927853948432238637e-07
1.685259044750747094e-03,8.882644307551950927e-10,1.917426863565857062e-09,6.056710233558639538e-07
1.703465464829633479e-03,9.075751764482863347e-10,1.959111457957280952e-09,6.188382193770242638e-07
1.721868574986004869e-03,9.273079199509260778e-10,2.001706985969342993e-09,6.322931578324001584e-07
1.740470500128892982e-03,9.474719167222655022e-10,2.045233426636409580e-09,6.460421496117690632e-07
1.759273388123446360e-03,9.680766259718391889e-10,2.089711198813392644e-09,6.600916445328186752e-07
1.778279410038919066e-03,9.891317152542498475e-10,2.135161171093092645e-09,6.744482344735682928e-07
1.797490760399356440e-03,1.010647064968088277e-09,2.181604671517975183e-09,6.891186564402584117e-07
1.816909657436985509e-03,1.032632773231002746e-09,2.229063498103797254e-09,7.041097958914648222e-07
1.836538343348340834e-03,1.055099160597996355e-09,2.277559929023811113e-09,7.194286899549494310e-07
1.856379084553164398e-03,1.078056774948612959e-09,2.327116733159543566e-09,7.350825307601248334e-07
1.876434171956081927e-03,1.101516396712276178e-09,2.377757181379619924e-09,7.510786690009286811e-07
1.896705921211142357e-03,1.125489043825306950e-09,2.429505057240309309e-09,7.674246173157355462e-07
1.917196672989180577e-03,1.149985977113674183e-09,2.482384668604192463e-09,7.841280539576552905e-07
1.937908793248085395e-03,1.175018705694237657e-09,2.536420859300193539e-09,8.011968264768148324e-07
1.958844673505984006e-03,1.200598992403362329e-09,2.591639020841953370e-09,8.186389554225960116e-07
1.980006731117382214e-03,1.226738859560547203e-09,2.648065104868734655e-09,8.364626382729750559e-07
2.001397409552267779e-03,1.253450594532662095e-09,2.705725635156961261e-09,8.546762532287842219e-07
2.023019178678267527e-03,1.280746755892167300e-09,2.764647720913275369e-09,8.732883634121792529e-07
2.044874535045815289e-03,1.308640179228254258e-09,2.824859069318326141e-09,8.923077208294383412e-07
2.066966002176417842e-03,1.337143983358422298e-09,2.886387998935651590e-09,9.117432706058706370e-07
2.089296130854033807e-03,1.366271576745827718e-09,2.949263453564766770e-09,9.316041553619325611e-07
2.111867499419601939e-03,1.396036663765173616e-09,3.013515015765661096e-09,9.518997194848485216e-07
2.134682714068734857e-03,1.426453251449228470e-09,3.079172921422117455e-09,9.726395137291717933e-07
2.157744409152662340e-03,1.457535656116093598e-09,3.146268074049200491e-09,9.938332997355186267e-07
2.181055247482393405e-03,1.489298510287003338e-09,3.214832059723782295e-09,1.015491054747011070e-06
2.204617920636179999e-03,1.521756769808889029e-09,3.284897162461195535e-09,1.037622976466171086e-06
2.228435149270297476e-03,1.554925720962168926e-09,3.356496379557302184e-09,1.060239487900966091e-06
2.252509683433187408e-03,1.588820987891862344e-09,3.429663437629765182e-09,1.083351242431668559e-06
2.276844302882992215e-03,1.623458540081964713e-09,3.504432808752870101e-09,1.106969128907377671e-06
2.301441817408504155e-03,1.658854700134492499e-09,3.580839727248909003e-09,1.131104276949795312e-06
2.326305067153621071e-03,1.695026151658695549e-09,3.658920206717788193e-09,1.155768062332432893e-06
2.351436922945265937e-03,1.731989947226061517e-09,3.738711057209831258e-09,1.180972112404826114e-06
2.376840286624870395e-03,1.769763516754719266e-09,3.820249903323493296e-09,1.206728311808924850e-06
2.402518091383433994e-03,1.808364675837404761e-09,3.903575202183428423e-09,1.233048808157848941e-06
2.428473302100209869e-03,1.847811634441749862e-09,3.988726262219579967e-09,1.259946017967559337e-06
2.454708915685025958e-03,1.888123005664406292e-09,4.075743262066136154e-09,1.287432632626378694e-06
2.481227961424347164e-03,1.929317814855313288e-09,4.164667270254496064e-09,1.315521624615204720e-06
2.508033501331033768e-03,1.971415508715713030e-09,4.255540264855546773e-09,1.344226253711941383e-06
2.535128630497901058e-03,2.014435964852829721e-09,4.348405154102635911e-09,1.373560073505459896e-06
2.562516477455093183e-03,2.058399501414048808e-09,4.443305797188290198e-09,1.403536937964652617e-06
2.590200204531320233e-03,2.103326886930801774e-09,4.540287025514257077e-09,1.434171008150429916e-06
2.618183008218981107e-03,2.149239350432688370e-09,4.639394664523234644e-09,1.465476759111708889e-06
2.646468119543268424e-03,2.196158591798294497e-09,4.740675556043114417e-09,1.497468986942944396e-06
2.675058804435223418e-03,2.244106792387572040e-09,4.844177581237292717e-09,1.530162816033570016e-06
2.703958364108837061e-03,2.293106625694724092e-09,4.949949683601025408e-09,1.563573706331427543e-06
2.733170135442226055e-03,2.343181268653806401e-09,5.058041893366562209e-09,1.597717461051347657e-06
2.762697491362922295e-03,2.394354412742484345e-09,5.168505351469597343e-09,1.632610234245776252e-06
2.792543841237333895e-03,2.446650275756198702e-09,5.281392334967779514e-09,1.668268538832914165e-06
2.822712631264384740e-03,2.500093613432093492e-09,5.396756282130839444e-09,1.704709254522042145e-06
2.853207344873460484e-03,2.554709731818973887e-09,5.514651819143372190e-09,1.741949636247819242e-06
2.884031503126598985e-03,2.610524499513073913e-09,5.635134786517415554e-09,1.780007322512940695e-06
2.915188665125056575e-03,2.667564360454067793e-09,5.758262266712723765e-09,1.818900344112387130e-06
2.946682428420256683e-03,2.725856346814822774e-09,5.884092611962801511e-09,1.858647132922476858e-06
2.978516429429185416e-03,2.785428092440816363e-09,6.012685473284452278e-09,1.899266531063705985e-06
3.010694343854247983e-03,2.846307846233277575e-09,6.144101829366827977e-09,1.940777800026060297e-06
3.043219887107715630e-03,2.908524486315498648e-09,6.278404017151414416e-09,1.983200630327380649e-06
3.076096814740701072e-03,2.972107534075382750e-09,6.415655762144938352e-09,2.026555151088381372e-06
3.109328922876798598e-03,3.037087168827425895e-09,6.555922210068935539e-09,2.070861940029119245e-06
3.142920048650403152e-03,3.103494242674364121e-09,6.699269958938902631e-09,2.116142033602005650e-06
3.176874070649766523e-03,3.171360295879899591e-09,6.845767092250575734e-09,2.162416937473177767e-06
3.211194909364817503e-03,3.240717572336608300e-09,6.995483212367745722e-09,2.209708637068878692e-06
3.245886527639873110e-03,3.311599035714986345e-09,7.148489475382285481e-09,2.258039608585813832e-06
3.280952931131183182e-03,3.384038385612499918e-09,7.304858625974189547e-09,2.307432830002203138e-06
3.316398168769449286e-03,3.458070074521094122e-09,7.464665034037415236e-09,2.357911792646185247e-06
3.352226333227333564e-03,3.533729324869213387e-09,7.627984731467387115e-09,2.409500512815134667e-06
3.388441561392015189e-03,3.611052146516869948e-09,7.794895449926434107e-09,2.462223543704512741e-06
3.425048034842863819e-03,3.690075354787244419e-09,7.965476659767703790e-09,2.516105987701497596e-06
3.462049980334238729e-03,3.770836588837883708e-09,8.139809609689463947e-09,2.571173508910545682e-06
3.499451670283565408e-03,3.853374330463039532e-09,8.317977367324913122e-09,2.627452345973677577e-06
3.537257423264624986e-03,3.937727923371124177e-09,8.500064860853431859e-09,2.684969325213086941e-06
3.575471604506203979e-03,4.023937592870402215e-09,8.686158921494736734e-09,2.743751874053778132e-06
3.614098626396122088e-03,4.112044466183114502e-09,8.876348327359223480e-09,2.803828034873026267e-06
3.653142948990716152e-03,4.202090592944429890e-09,9.070723847698182454e-09,2.865226478977266616e-06
3.692609080529789777e-03,4.294118966482127224e-09,9.269378288837727001e-09,2.927976521110410768e-06
3.732501577957198207e-03,4.388173545521381999e-09,9.472406541032348144e-09,2.992108134252116158e-06
3.772825047446985627e-03,4.484299276190651725e-09,9.679905625965038301e-09,3.057651964621409831e-06
3.813584144935243999e-03,4.582542115051540579e-09,9.891974746462973611e-09,3.124639347378483775e-06
3.854783576657706910e-03,4.682949052071476099e-09,1.010871533608463253e-08,3.193102322287452202e-06
3.896428099693163838e-03,4.785568134644701642e-09,1.033023111097274412e-08,3.263073650093597208e-06
3.938522522512703100e-03,4.890448491916123664e-09,1.055662812236060645e-08,3.334586829107277347e-06
3.981071705534964741e-03,4.997640359776532683e-09,1.078801481052665925e-08,3.407676112245671910e-06
4.024080561687318376e-03,5.107195106583068921e-09,1.102450206031567053e-08,3.482376524568534730e-06
4.067554056973140750e-03,5.219165259165648413e-09,1.126620325727703958e-08,3.558723881009435983e-06
4.111497211045211236e-03,5.333604529912322147e-09,1.151323434613085079e-08,3.636754804841941022e-06
4.155915097785305504e-03,5.450567844136760044e-09,1.176571388984467457e-08,3.716506746338457451e-06
4.200812845890060203e-03,5.570111368301461553e-09,1.202376313055678596e-08,3.798018002012946233e-06
4.246195639463120827e-03,5.692292538955746245e-09,1.228750605204162514e-08,3.881327734349448975e-06
4.292068718613772232e-03,5.817170096891104238e-09,1.255706945343942957e-08,3.966475995089804454e-06
4.338437380061951204e-03,5.944804136475206623e-09,1.283258305574874323e-08,4.053503758869767841e-06
4.385306977749844903e-03,6.075256091652559339e-09,1.311417947160790243e-08,4.142452913671050330e-06
4.432682923460075190e-03,6.208588784866118571e-09,1.340199431089657230e-08,4.233366294176380965e-06
4.480570687440578979e-03,6.344866464149832142e-09,1.369616626080696076e-08,4.326287707058737463e-06
4.528975799036199373e-03,6.484154836422011485e-09,1.399683715771007413e-08,4.421261953680052124e-06
4.577903847327172322e-03,6.626521101904118406e-09,1.430415206145238331e-08,4.518334853556679069e-06
4.627360481774439420e-03,6.772033989073750883e-09,1.461825933080758145e-08,4.617553268189601491e-06
4.677351412871969850e-03,6.920763790738590937e-09,1.493931070134563798e-08,4.718965125658470351e-06
4.727882412806116638e-03,7.072782400825605653e-09,1.526746136484680440e-08,4.822619445703368026e-06
4.778959316122112153e-03,7.228163352270003859e-09,1.560287005108988979e-08,4.928566365556145299e-06
4.830588020397718479e-03,7.386981855679395030e-09,1.594569911131274475e-08,5.036857166300153592e-06
4.882774486924236490e-03,7.549314839178430063e-09,1.629611460422266367e-08,5.147544300035128603e-06
4.935524741394794676e-03,7.715240988957326420e-09,1.665428638352543756e-08,5.260681417521071077e-06
4.988844874600109440e-03,7.884840791179000216e-09,1.702038818838507481e-08,5.376323396749239864e-06
5.042741043131756737e-03,8.058196574729766186e-09,1.739459773570893745e-08,5.494526372087462110e-06
5.097219470093041806e-03,8.235392555160370407e-09,1.777709681499803062e-08,5.615347764237066193e-06
5.152286445817556328e-03,8.416514879620464459e-09,1.816807138534431225e-08,5.738846310867314803e-06
5.207948328595453369e-03,8.601651673195202005e-09,1.856771167545327005e-08,5.865082098205055705e-06
5.264211545407660418e-03,8.790893086048394370e-09,1.897621228540854772e-08,5.994116593174335764e-06
5.321082592667929038e-03,8.984331342194952197e-09,1.939377229195359400e-08,6.126012676647404342e-06
5.378568036972956184e-03,9.182060789190523157e-09,1.982059535575164669e-08,6.260834677319804653e-06
5.436674515860589335e-03,9.384177949313765506e-09,2.025688983186915335e-08,6.398648406603096426e-06
5.495408738576236865e-03,9.590781571930717312e-09,2.070286888281180533e-08,6.539521194324474009e-06
5.554777486847515752e-03,9.801972687455144522e-09,2.115875059500267864e-08,6.683521925512762681e-06
5.614787615667352592e-03,1.001785466229105018e-08,2.162475809738408505e-08,6.830721077854886424e-06
5.675446054085458124e-03,1.023853325575260855e-08,2.210111968428459468e-08,6.981190760499810965e-06
5.736759806008398174e-03,1.046411667798333175e-08,2.258806894044539703e-08,7.135004753543803690e-06
5.798735951008294857e-03,1.069471564964250279e-08,2.308584486986045768e-08,7.292238548720012631e-06
5.861381645140279449e-03,1.093044346325917832e-08,2.359469202821636975e-08,7.452969391225027088e-06
5.924704121768720362e-03,1.117141604595963863e-08,2.411486065829830630e-08,7.617276322481613807e-06
5.988710692402485561e-03,1.141775207713448005e-08,2.464660694398613081e-08,7.785240260360783043e-06
6.053408747539122323e-03,1.166957303919893529e-08,2.519019311983009306e-08,7.956944033784609118e-06
6.118805757518204144e-03,1.192700316803035364e-08,2.574588736406106527e-08,8.132472348922128053e-06
6.184909273383897704e-03,1.219016960203966999e-08,2.631396412038075427e-08,8.311911890823884093e-06
6.251726927756838352e-03,1.245920245503311620e-08,2.689470425524285549e-08,8.495351373092704909e-06
6.319266435715439022e-03,1.273423488993188731e-08,2.748839521698467947e-08,8.682881588138152804e-06
6.387535595686663799e-03,1.301540319430191893e-08,2.809533119886884786e-08,8.874595458665573880e-06
6.456542290346541091e-03,1.330284685816385580e-08,2.871581330704356424e-08,9.070588090718690325e-06
6.526294487530286299e-03,1.359670865377447297e-08,2.935014973276259368e-08,9.270956828066046054e-06
6.596800241152318486e-03,1.389713471752364945e-08,2.999865592916739821e-08,9.475801308029508995e-06
6.668067692136201395e-03,1.420427463431971785e-08,3.066165479344585362e-08,9.685223519008726465e-06
6.740105069354644131e-03,1.451828152395564860e-08,3.133947685326193468e-08,9.899327859355446126e-06
6.812920690579600536e-03,1.483931213032547188e-08,3.203246045934044797e-08,1.011822119819025460e-05
6.886522963442746545e-03,1.516752691250397346e-08,3.274095198207497602e-08,1.034201293749038386e-05
6.960920386406217568e-03,1.550309013891482493e-08,3.346530601479895648e-08,1.057081507628067001e-05
7.036121549743892985e-03,1.584616998385046951e-08,3.420588558213765536e-08,1.080474227642874829e-05
7.112135136533269397e-03,1.619693862671035317e-08,3.496306235422396404e-08,1.104391193029233830e-05
7.188969923658061409e-03,1.655557235402394713e-08,3.573721686692934787e-08,1.128844423026449274e-05
7.266634782821572436e-03,1.692225171393467145e-08,3.652873885533354415e-08,1.153846227408769744e-05
7.345138681571134788e-03,1.729716176300312413e-08,3.733802778648262354e-08,1.179409223311513673e-05
7.424490684333500193e-03,1.768049180038633447e-08,3.816549228557889454e-08,1.205546317104064185e-05
7.504699953461467857e-03,1.807243564322574022e-08,3.901155073044172843e-08,1.232270723164811431e-05
7.585775750291815986e-03,1.847319177248811276e-08,3.987663156632172056e-08,1.259595973822841984e-05
7.667727436214658195e-03,1.888296345346769350e-08,4.076117356601962484e-08,1.287535927571843659e-05
7.750564473754366183e-03,1.930195886031135625e-08,4.166562609868809710e-08,1.316104777558171009e-05
7.834296427662102921e-03,1.973039120390030642e-08,4.259044940588054661e-08,1.345317060297650880e-05
7.918932966020293326e-03,2.016847886346469078e-08,4.353611488565717665e-08,1.375187664646755857e-05
8.004483861358898875e-03,2.061644552190964755e-08,4.450310538470164071e-08,1.405731841026730045e-05
8.090958991783801443e-03,2.107452030542286977e-08,4.549191549968150818e-08,1.436965210939472970e-05
8.178368342117384865e-03,2.154293792691248812e-08,4.650305188687636061e-08,1.468903776744454468e-05
8.266722005051442557e-03,2.202193883372645705e-08,4.753703358104681879e-08,1.501563931727361289e-05
8.356030182312464138e-03,2.251176941586858916e-08,4.859439244489587386e-08,1.534962474293489031e-05
8.446303185839667063e-03,2.301268247024079644e-08,4.967567417118939817e-08,1.569116639617771966e-05
8.537551438975598053e-03,2.352493669582325595e-08,5.078143719304373230e-08,1.604044065220263258e-05
8.629785477669680779e-03,2.404879708526835565e-08,5.191225352922630438e-08,1.639762817662346290e-05
8.723015951694737535e-03,2.458453517511714872e-08,5.306870932427895395e-08,1.676291409603128298e-05
8.817253625876689607e-03,2.513242922265563407e-08,5.425140523028459497e-08,1.713648811853570985e-05
8.912509381337439807e-03,2.569276438734772479e-08,5.546095679850946247e-08,1.751854465742481388e-05
9.008794216751360440e-03,2.626583291845672525e-08,5.669799488440920972e-08,1.790928295904117121e-05
9.106119249615180281e-03,2.685193434815181969e-08,5.796316606447092109e-08,1.830890723439684164e-05
9.204495717531688617e-03,2.745137569028430488e-08,5.925713306529581631e-08,1.871762679464978666e-05
9.303934979507273717e-03,2.806447166616130724e-08,6.058057525095975391e-08,1.913565620498649985e-05
9.404448517263488266e-03,2.869154545750371727e-08,6.193419024836155291e-08,1.956321579795174207e-05
9.506047936562799644e-03,2.933292809077317805e-08,6.331869261822217084e-08,2.000053125359843297e-05
9.608744968548580540e-03,2.998895868551303318e-08,6.473481439115336030e-08,2.044783376874677878e-05
9.712551471099738903e-03,3.065998493814153767e-08,6.618330611198788301e-08,2.090536038678083973e-05
9.817479430199818960e-03,3.134636336130083310e-08,6.766493735643980269e-08,2.137335416076915245e-05
9.923540961320977474e-03,3.204845953100306295e-08,6.918049726460141064e-08,2.185206432189888833e-05
1.003074831082288558e-02,3.276664834129178109e-08,7.073079509065907193e-08,2.234174645303000758e-05
1.013911385736677821e-02,3.350131426755750913e-08,7.231666077129154810e-08,2.284266266814459652e-05
1.024865011334467196e-02,3.425285205364723029e-08,7.393894640887912279e-08,2.335508208074806437e-05
1.035936972632421627e-02,3.502166700914396941e-08,7.559852691321754937e-08,2.387928100646562432e-05
1.047128548050896973e-02,3.580817412456632750e-08,7.729629809156648684e-08,2.441554235966097568e-05
1.058441029821453883e-02,3.661279909615805592e-08,7.903317886078419713e-08,2.496415635206220086e-05
1.069875724136065166e-02,3.743597865420742357e-08,8.081011195604219582e-08,2.552542071650800524e-05
1.081433951297936479e-02,3.827816088154656044e-08,8.262806461834565619e-08,2.609964092399267969e-05
1.093117045873947049e-02,3.913980554275528598e-08,8.448802930515803987e-08,2.668713040800304087e-05
1.104926356848756792e-02,4.002138482697920547e-08,8.639102529386350332e-08,2.728821107086076465e-05
1.116863247780558455e-02,4.092338415294327846e-08,8.833810041948765282e-08,2.790321383246163224e-05
1.128929096958522504e-02,4.184630061560006668e-08,9.033032772159549123e-08,2.853247757102368224e-05
1.141125297561940664e-02,4.279064434880937354e-08,9.236880838580184508e-08,2.917635005204386990e-05
1.153453257821090636e-02,4.375693899229326055e-08,9.445467275174992887e-08,2.983518824652162677e-05
1.165914401179829821e-02,4.474572209271505497e-08,9.658908117888717269e-08,3.050935860425609092e-05
1.178510166459963843e-02,4.575754578882302570e-08,9.877322552543064672e-08,3.119923752081576383e-05
1.191242008027372165e-02,4.679297840955659687e-08,1.010083325980725339e-07,3.190521242696916989e-05
1.204111395959937998e-02,4.785260219931706712e-08,1.032956592416996284e-07,3.262768023754093511e-05
1.217119816217289777e-02,4.893701478967316769e-08,1.056364955162466788e-07,3.336704835464521284e-05
1.230268770812377802e-02,5.004682994828581638e-08,1.080321663133413670e-07,3.412373517810095134e-05
1.243559777984905301e-02,5.118267807062973549e-08,1.104840324177439529e-07,3.489817044046881008e-05
1.256994372376622933e-02,5.234520814751221383e-08,1.129934947544726709e-07,3.569079654829047417e-05
1.270574105208538938e-02,5.353508688468662255e-08,1.155619924883831006e-07,3.650206798157595243e-05
1.284300544460021017e-02,5.475299788932892506e-08,1.181910012680758491e-07,3.733245073887344538e-05
1.298175275049845596e-02,5.599964355035172369e-08,1.208820372847826002e-07,3.818242361901199477e-05
1.312199899019199194e-02,5.727574563911994647e-08,1.236366585690822495e-07,3.905247863038237592e-05
1.326376035716660649e-02,5.858204796073736614e-08,1.264564707140212081e-07,3.994312279828918336e-05
1.340705321985168584e-02,5.991931445538417871e-08,1.293431227766205159e-07,4.085487687010057681e-05
1.355189412351033226e-02,6.128832895258125756e-08,1.322983067474229938e-07,4.178827514736496186e-05
1.369829979214966936e-02,6.268989721475990762e-08,1.353237619617833142e-07,4.274386687876798816e-05
1.384628713045188593e-02,6.412484850368430860e-08,1.384212784811807513e-07,4.372221732773913055e-05
1.399587322572613986e-02,6.559403780503792738e-08,1.415927018952563230e-07,4.472390928876425698e-05
1.414707534988156323e-02,6.709834154527636382e-08,1.448399240761160822e-07,4.574954016670909011e-05
1.429991096142144841e-02,6.863866077512378828e-08,1.481648900502934828e-07,4.679972414688471268e-05
1.445439770745924647e-02,7.021592303848832694e-08,1.515696020330284737e-07,4.787509346879373817e-05
1.461055342575608498e-02,7.183108556026264434e-08,1.550561263095166280e-07,4.897630059904543821e-05
1.476839614678041902e-02,7.348512988129276050e-08,1.586265816538371698e-07,5.010401457297535417e-05
1.492794409578991968e-02,7.517906537860364871e-08,1.622831469277833492e-07,5.125892339416651200e-05
1.508921569493584282e-02,7.691393259360021418e-08,1.660280682651859960e-07,5.244173630299336328e-05
1.525222956539016433e-02,7.869080460252100854e-08,1.698636620301986665e-07,5.365318471034333009e-05
1.541700452949556523e-02,8.051078204586527445e-08,1.737923040877121573e-07,5.489401880808131301e-05
1.558355961293889785e-02,8.237499805328908020e-08,1.778164404343329423e-07,5.616501092609731577e-05
1.575191404694788189e-02,8.428462390037524310e-08,1.819385994092070167e-07,5.746695938825170533e-05
1.592208727051165965e-02,8.624086241670507155e-08,1.861613774645358833e-07,5.880068401731715886e-05
1.609409893262530103e-02,8.824495048523380648e-08,1.904874445607789829e-07,6.016702783820315287e-05
1.626796889455861192e-02,9.029816633807385046e-08,1.949195599154807163e-07,6.156686205119057617e-05
1.644371723214928596e-02,9.240182604759140636e-08,1.994605644288729728e-07,6.300108363869457795e-05
1.662136423812112657e-02,9.455728163754743667e-08,2.041133766065382278e-07,6.447061407652485685e-05
1.680093042442702689e-02,9.676593059923567398e-08,2.088810131011408925e-07,6.597640582070598528e-05
1.698243652461739819e-02,9.902921329864717891e-08,2.137665831154718795e-07,6.751944053863050642e-05
1.716590349623417847e-02,1.013486094170775418e-07,2.187732807190632687e-07,6.910072668122852304e-05
1.735135252323070226e-02,1.037256503113742475e-07,2.239044115292716602e-07,7.072130790855396239e-05
1.753880501841758102e-02,1.061619125366824772e-07,2.291633787293331864e-07,7.238225867248122044e-05
1.772828262593531545e-02,1.086590182105098885e-07,2.345536838542350156e-07,7.408468446355663778e-05
1.791980722375329654e-02,1.112186478541031592e-07,2.400789545103733303e-07,7.582973056426488116e-05
1.811340092619597927e-02,1.138425280105352940e-07,2.457429176476882122e-07,7.761857360597637135e-05
1.830908608649629843e-02,1.165324416959254317e-07,2.515494221198757757e-07,7.945242869251544372e-05
1.850688529937668386e-02,1.192902325041161048e-07,2.575024475448241437e-07,8.133255219675235347e-05
1.870682140365797705e-02,1.221177950486249913e-07,2.636060836723986241e-07,8.326023524254092716e-05
1.890891748489637730e-02,1.250170940119483367e-07,2.698645715046574327e-07,8.523681668958879467e-05
1.911319687804922257e-02,1.279901490862164474e-07,2.762822707884238908e-07,8.726367286468316852e-05
1.931968317016919193e-02,1.310390507719145275e-07,2.828636941187245709e-07,8.934222833016960388e-05
1.952840020312783531e-02,1.341659560451815954e-07,2.896134975861173025e-07,9.147395292777084103e-05
1.973937207636845131e-02,1.373730901512016851e-07,2.965364846479302145e-07,9.366036299871789781e-05
1.995262314968876405e-02,1.406627570781118818e-07,3.036376287374442574e-07,9.590302852148941673e-05
2.016817804605348236e-02,1.440373291975747068e-07,3.109220509018003035e-07,9.820356604661255827e-05
2.038606165443757404e-02,1.474992667296475231e-07,3.183950618192582831e-07,1.005636519634124350e-04
2.060629913269995325e-02,1.510511021877676630e-07,3.260621282217991634e-07,1.029850118925195119e-04
2.082891591048833049e-02,1.546954632242741894e-07,3.339289222099278849e-07,1.054694362567757564e-04
2.105393769217545410e-02,1.584350558322027668e-07,3.420012849916952336e-07,1.080187688259000468e-04
2.128139045982709032e-02,1.622726877233347333e-07,3.502852773470263431e-07,1.106349226498249885e-04
2.151130047620188404e-02,1.662112528691514056e-07,3.587871462574742681e-07,1.133198695159038353e-04
2.174369428778401281e-02,1.702537523751738259e-07,3.675133699659861038e-07,1.160756541747670390e-04
2.197859872784820034e-02,1.744032848558864015e-07,3.764706371999846013e-07,1.189043877741213919e-04
2.221604091955805757e-02,1.786630584509431507e-07,3.856658731097761547e-07,1.218082560452566081e-04
2.245604827909786563e-02,1.830363950381322343e-07,3.951062483627124161e-07,1.247895221696359138e-04
2.269864851883814788e-02,1.875267258905774460e-07,4.047991697687077327e-07,1.278505238127762393e-04
2.294386965053553037e-02,1.921376122758581616e-07,4.147523247458917518e-07,1.309936871603859497e-04
2.319173998856694299e-02,1.968727315716313239e-07,4.249736513494698415e-07,1.342215174470757079e-04
2.344228815319917072e-02,2.017358980020799701e-07,4.354713830338123461e-07,1.375366130851555114e-04
2.369554307389331801e-02,2.067310623755675664e-07,4.462540480861109400e-07,1.409416654783310558e-04
2.395153399264519228e-02,2.118623102572422726e-07,4.573304656816812358e-07,1.444394577681877264e-04
2.421029046736170726e-02,2.171338823723335411e-07,4.687097899268945969e-07,1.480328787340514068e-04
2.447184237527382997e-02,2.225501710100202700e-07,4.804015020964464894e-07,1.517249203325439250e-04
2.473621991638616860e-02,2.281157234055143802e-07,4.924154179339378491e-07,1.555186799934562343e-04
2.500345361696425933e-02,2.338352598176151379e-07,5.047617266744016926e-07,1.594173729320784699e-04
2.527357433305911505e-02,2.397136737298756943e-07,5.174509914784858542e-07,1.634243322752147341e-04
2.554661325407003511e-02,2.457560343845219468e-07,5.304941549021582898e-07,1.675430107766824486e-04
2.582260190634588434e-02,2.519676034737558896e-07,5.439025749268280168e-07,1.717769921821446879e-04
2.610157215682533047e-02,2.583538407314216193e-07,5.576880370295581536e-07,1.761299950269729737e-04
2.638355621671614054e-02,2.649204104251393598e-07,5.718627681970394734e-07,1.806058770469570556e-04
2.666858664521474381e-02,2.716731874658149335e-07,5.864394501136190597e-07,1.852086393272039087e-04
2.695669635326545729e-02,2.786182724567640731e-07,6.014312516465569160e-07,1.899424365432268247e-04
2.724791860736059529e-02,2.857619999264988101e-07,6.168518466173919333e-07,1.948115825545842453e-04
2.754228703338158432e-02,2.931109472725295185e-07,6.327154331081065707e-07,1.998205564818378180e-04
2.783983562048154489e-02,3.006719454687307413e-07,6.490367565741558622e-07,2.049740099841144937e-04
2.814059872500989518e-02,3.084520899131850492e-07,6.658311332607252191e-07,2.102767746308408263e-04
2.844461107447910156e-02,3.164587519286326455e-07,6.831144750277014325e-07,2.157338697165909710e-04
2.875190777157477298e-02,3.246995932275124095e-07,7.009033205740684363e-07,2.213505120946592528e-04
2.906252429820858213e-02,3.331825774493543143e-07,7.192148603426060271e-07,2.271321240132180227e-04
2.937649651961522779e-02,3.419159836155356867e-07,7.380669655634367803e-07,2.330843422561684676e-04
2.969386068849358754e-02,3.509084203668758002e-07,7.574782189874141776e-07,2.392130278152238129e-04
3.001465344919269571e-02,3.601688409085847695e-07,7.774679471464045134e-07,2.455242760415788121e-04
3.033891184194265067e-02,3.697065586913462810e-07,7.980562542025878919e-07,2.520244272965746946e-04
3.066667330713176293e-02,3.795312638686906136e-07,8.192640574734575277e-07,2.587200781284978556e-04
3.099797568962939925e-02,3.896530405761182087e-07,8.411131247306514101e-07,2.656180930062515891e-04
3.133285724315577198e-02,4.000823850656864413e-07,8.636261133453842950e-07,2.727256166326031891e-04
3.167135663469889534e-02,4.108302247527093687e-07,8.868266114027629976e-07,2.800500868753285494e-04
3.201351294897931271e-02,4.219079382163644369e-07,9.107391808752057440e-07,2.875992483444158687e-04
3.235936569296277154e-02,4.333273762025104242e-07,9.353894029592280345e-07,2.953811666479052699e-04
3.270895480042222692e-02,4.451008836871214471e-07,9.608039257016712124e-07,3.034042433657897168e-04
3.306232063654854919e-02,4.572413230645283646e-07,9.870105140539344592e-07,3.116772317853147415e-04
3.341950400261133741e-02,4.697621002562157009e-07,1.014038106230541938e-06,3.202092546208978353e-04
3.378054614067003969e-02,4.826771890210362739e-07,1.041916866185228016e-06,3.290098205023669030e-04
3.414548873833590792e-02,4.960011566616265993e-07,1.070678239100850198e-06,3.380888414081623886e-04
3.451437393358556399e-02,5.097491932613508572e-07,1.100355014500326645e-06,3.474566524972347932e-04
3.488724431962617056e-02,5.239371414219640975e-07,1.130981390438406988e-06,3.571240322743981111e-04
3.526414294981378844e-02,5.385815317691064894e-07,1.162593050143932586e-06,3.671022266773332180e-04
3.564511334262433079e-02,5.536996139793400899e-07,1.195227228994773380e-06,3.774029701028240157e-04
3.603019948667841865e-02,5.693093853112521558e-07,1.228922776104939369e-06,3.880385047227485136e-04
3.641944584582053335e-02,5.854296326360053396e-07,1.263720245051798108e-06,3.990216089873028062e-04
3.681289736425308323e-02,6.020799803540478430e-07,1.299661997309198072e-06,4.103656301263529978e-04
3.721059947172562082e-02,6.192809126558539550e-07,1.336792250299072409e-06,4.220844991581854133e-04
3.761259808878073679e-02,6.370538257951713519e-07,1.375157190228521136e-06,4.341927663327451651e-04
3.801893963205602717e-02,6.554210844766626461e-07,1.414805093808221198e-06,4.467056393618567926e-04
3.842967101964363252e-02,6.744060428537609870e-07,1.455786373577700730e-06,4.596389975231278532e-04
3.884483967650761288e-02,6.940331259632259972e-07,1.498153753690286708e-06,4.730094469191549337e-04
3.926449353995992847e-02,7.143278551233311925e-07,1.541962324736817799e-06,4.868343375420248836e-04
3.968868106519522765e-02,7.353169252766530955e-07,1.587269710697805282e-06,5.011318157030252365e-04
4.011745123088614196e-02,7.570282476004227890e-07,1.634136160921396975e-06,5.159208527783462096e-04
4.055085354483829035e-02,7.794910273002314307e-07,1.682624718048623162e-06,5.312212978959361242e-04
4.098893804970674820e-02,8.027358096242463855e-07,1.732801317338717217e-06,5.470539089471354761e-04
4.143175532877424461e-02,8.267945759322068546e-07,1.784734994043413540e-06,5.634404176623699799e-04
4.187935651179169882e-02,8.517007831628928181e-07,1.838497968599996099e-06,5.804035561004570846e-04
4.233179328088201160e-02,8.774894741709850376e-07,1.894165884804077284e-06,5.979671313714521579e-04
4.278911787650720167e-02,9.041973405221288394e-07,1.951817945357596426e-06,6.161560679380468719e-04
4.325138310350077481e-02,9.318628029148112342e-07,2.011537085466130581e-06,6.349964618798396897e-04
4.371864233716454828e-02,9.605261226702921645e-07,2.073410213499986622e-06,6.545156562671760637e-04
4.419094952943167925e-02,9.902294849082802862e-07,2.137528390535360120e-06,6.747422971990780496e-04
4.466835921509617474e-02,1.021017093886397649e-06,2.203987036152153348e-06,6.957063980683397212e-04
4.515092651810984764e-02,1.052935290112718927e-06,2.272886181231177774e-06,7.174394185897550345e-04
4.563870715794687144e-02,1.086032663618473034e-06,2.344330712462230714e-06,7.399743411432939660e-04
4.613175745603784184e-02,1.120360169545759355e-06,2.418430621848995536e-06,7.633457486176394675e-04
4.663013434227265136e-02,1.155971254769177639e-06,2.495301280031475368e-06,7.875899096831307953e-04
4.713389536157391868e-02,1.192921991749082150e-06,2.575063725218229295e-06,8.127448688963700117e-04
4.764309868054143055e-02,1.231271220015437141e-06,2.657844968589597880e-06,8.388505418988194710e-04
4.815780309416835964e-02,1.271080695759042057e-06,2.743778317201025382e-06,8.659488160236873807e-04
4.867806803262973714e-02,1.312415250011702577e-06,2.833003715425950687e-06,8.940836566275993510e-04
4.920395356814499105e-02,1.355342955902918101e-06,2.925668105990682562e-06,9.233012194664254628e-04
4.973552042191384942e-02,1.399935305600408495e-06,3.021925811912150253e-06,9.536499695148386267e-04
5.027282997112758611e-02,1.446267397443132725e-06,3.121938940436442549e-06,9.851808065605208425e-04
5.081594425605590742e-02,1.494418133936761332e-06,3.225877810424223827e-06,1.017947198012114467e-03
5.136492598721039554e-02,1.544470431236816423e-06,3.333921404532533104e-06,1.052005319327742154e-03
5.191983855258548719e-02,1.596511440828543782e-06,3.446257847723428839e-06,1.087414202525968957e-03
5.248074602497715402e-02,1.650632784135790226e-06,3.563084913680078559e-06,1.124235893254659597e-03
5.304771316938159537e-02,1.706930801115972727e-06,3.684610561411974731e-06,1.162535617111661382e-03
5.362080545047294422e-02,1.765506824717656557e-06,3.811053527685936921e-06,1.202381963268029123e-03
5.420008904016223455e-02,1.826467447599806026e-06,3.942643902751299979e-06,1.243847062504212491e-03
5.478563082523788680e-02,1.889924813405367748e-06,4.079623759066488886e-06,1.287006781596463376e-03
5.537749841508889104e-02,1.955996944411923898e-06,4.222247858547441376e-06,1.331940942052628387e-03
5.597576014951091000e-02,2.024808082421524214e-06,4.370784388391922412e-06,1.378733547413655029e-03
5.658048510659768188e-02,2.096489001626327055e-06,4.525515636407840104e-06,1.427472991020110969e-03
5.719174311071671679e-02,2.171177435162338579e-06,4.686738911747219185e-06,1.478252340557179457e-03
5.780960474057165316e-02,2.249018428743083707e-06,4.854767308230689506e-06,1.531169572424406896e-03
5.843414133735158611e-02,2.330164782604182339e-06,5.029930658297545675e-06,1.586327865501731488e-03
5.906542501296856845e-02,2.414777495801386706e-06,5.212576492031898977e-06,1.643835895789371240e-03
5.970352865838358253e-02,2.503026234752855256e-06,5.403071048518446842e-06,1.703808146729752495e-03
6.034852595202346015e-02,2.595089830021599444e-06,5.601800348152757607e-06,1.766365237840179618e-03
6.100049136828777224e-02,2.691156837766407884e-06,5.809171404540407267e-06,1.831634296307079086e-03
6.165950018614805433e-02,2.791426050113694182e-06,6.025613326130191310e-06,1.899749292786689263e-03
6.232562849783987446e-02,2.896107159534013961e-06,6.251578750276600930e-06,1.970851480633328302e-03
6.299895321764893696e-02,3.005421360893446579e-06,6.487545142759491875e-06,2.045089791435831736e-03
6.367955209079147194e-02,3.119602013024581907e-06,6.734016225774917530e-06,2.122621269508065487e-03
6.436750370239177621e-02,3.238895397224792966e-06,6.991523615144887214e-06,2.203611570547916055e-03
6.506288748655557341e-02,3.363561461630028754e-06,7.260628427027949001e-06,2.288235448858813841e-03
6.576578373554188561e-02,3.493874629582403226e-06,7.541923022755643627e-06,2.376677285983438102e-03
6.647627360903403393e-02,3.630124660467379936e-06,7.836032866917975792e-06,2.469131652685076835e-03
6.719443914351071190e-02,3.772617567454731310e-06,8.143618508267588780e-06,2.565803907023417926e-03
6.792036326171833893e-02,3.921676598334572187e-06,8.465377696805593413e-06,2.666910832431171503e-03
6.865412978224534613e-02,4.077643263957402672e-06,8.802047603608668301e-06,2.772681304957482808e-03
6.939582342920085078e-02,4.240878438180618182e-06,9.154407194990666461e-06,2.883357005534170365e-03
7.014552984199695640e-02,4.411763527517653376e-06,9.523279757103139066e-06,2.999193175632076849e-03
7.090333558523706503e-02,4.590701714751264878e-06,9.909535580171183295e-06,3.120459418743491611e-03
7.166932815871113194e-02,4.778119281348144093e-06,1.031409481280303328e-05,3.247440550463001879e-03
7.244359600749888939e-02,4.974467014002486428e-06,1.073793049787060430e-05,3.380437500210911345e-03
7.322622853218160865e-02,5.180221708897767199e-06,1.118207181929117986e-05,3.519768273169155640e-03
7.401731609916548105e-02,5.395887758460805549e-06,1.164760752683971508e-05,3.665768961406598667e-03
7.481695005111525798e-02,5.621998840589392362e-06,1.213568958211870174e-05,3.818794816942044316e-03
7.562522271750117542e-02,5.859119723415138490e-06,1.264753705387533409e-05,3.979221394696566029e-03
7.644222742525980108e-02,6.107848186493399531e-06,1.318444026458588239e-05,4.147445764938615526e-03
7.726805850957012278e-02,6.368817101628117284e-06,1.374776528156859845e-05,4.323887823320026955e-03
7.810281132474534982e-02,6.642696550218953282e-06,1.433895848686855587e-05,4.508991614006417278e-03
7.894658225524382733e-02,6.930196149262599329e-06,1.495955159746880178e-05,4.703226780946795534e-03
7.979946872679748171e-02,7.232067598434000368e-06,1.561116716264093778e-05,4.907090153996826812e-03
8.066156921766112764e-02,7.549107197717275992e-06,1.629552399763277575e-05,5.121107298918413202e-03
8.153298326998334455e-02,7.882158723481779615e-06,1.701444339098969548e-05,5.345834291350696869e-03
8.241381150129996336e-02,8.232116413969266217e-06,1.776985554793315640e-05,5.581859544251143064e-03
8.330415561615205078e-02,8.599928092801690713e-06,1.856380633154092649e-05,5.829805705771191025e-03
8.420411841782858564e-02,8.986598645919372655e-06,1.939846476669034980e-05,6.090331770038882528e-03
8.511380382023746305e-02,9.393193565290337027e-06,2.027613068797089264e-05,6.364135204404776890e-03
8.603331685990334154e-02,9.820842825498212793e-06,2.119924310595933196e-05,6.651954269105151210e-03
8.696276370809574718e-02,1.027074505217207912e-05,2.217038920325314200e-05,6.954570497594228171e-03
8.790225168308817005e-02,1.074417177359407627e-05,2.319231350981997664e-05,7.272811192812428036e-03
8.885188926254958264e-02,1.124247224074368522e-05,2.426792830510052741e-05,7.607552260901692676e-03
8.981178609606928209e-02,1.176707835775179988e-05,2.540032425814751782e-05,7.959721068603393263e-03
9.078205301781838710e-02,1.231950995374989051e-05,2.659278180436322066e-05,8.330299473641278318e-03
9.176280205934665701e-02,1.290138052806289933e-05,2.784878354361224748e-05,8.720327109510187316e-03
9.275414646251836648e-02,1.351440331001311724e-05,2.917202731702779481e-05,9.130904810126823715e-03
9.375620069258774891e-02,1.416039770579380584e-05,3.056644011886461667e-05,9.563198214225430982e-03
9.476908045141561876e-02,1.484129620739114711e-05,3.203619300518501819e-05,1.001844158978713005e-02
9.579290269082893494e-02,1.555915176907339445e-05,3.358571701122140354e-05,1.049794187095505135e-02
9.682778562612454065e-02,1.631614568185272115e-05,3.521972014297137453e-05,1.100308291520519892e-02
9.787384874971888360e-02,1.711459599278246900e-05,3.694320554409292415e-05,1.153532999795339395e-02
9.893121284494552081e-02,1.795696648753208096e-05,3.876149087781008331e-05,1.209623454103661393e-02
9.999999999999989453e-02,1.884587628549859716e-05,4.068022903004496667e-05,1.268743909012585991e-02
1.010803336220383458e-01,1.978411009592660991e-05,4.270543023827950399e-05,1.331068255333798904e-02
1.021723384514258703e-01,2.077462918130872909e-05,4.484348574588147631e-05,1.396780570933104162e-02
1.032761405761395412e-01,2.182058307732449181e-05,4.710119308806104491e-05,1.466075699234823532e-02
1.043918674463272800e-01,2.292532210592989537e-05,4.948578308829993207e-05,1.539159855018385793e-02
1.055196478890237655e-01,2.409241076461844121e-05,5.200494874424982784e-05,1.616251259830027778e-02
1.066596121230254796e-01,2.532564204057629185e-05,5.466687610803287013e-05,1.697580806659051977e-02
1.078118917739263327e-01,2.662905271855387266e-05,5.748027730922855046e-05,1.783392754420111415e-02
1.089766198893157706e-01,2.800693977584335287e-05,6.045442592182919230e-05,1.873945453901174757e-02
1.101539309541410966e-01,2.946387794844696671e-05,6.359919485631188431e-05,1.969512105653316650e-02
1.113439609062357033e-01,3.100473835575609646e-05,6.692509653322356740e-05,2.070381536802749084e-02
1.125468471520155306e-01,3.263470860610220083e-05,7.044332624949336630e-05,2.176859018206267135e-02
1.137627285823429729e-01,3.435931440437546005e-05,7.416580878271584077e-05,2.289267116121760509e-02
1.149917455885663825e-01,3.618444234506562401e-05,7.810524754936497055e-05,2.407946549826680063e-02
1.162340400787285899e-01,3.811636456438254679e-05,8.227517777035745644e-05,2.533257090351570887e-02
1.174897554939527411e-01,4.016176527850760081e-05,8.669002370160185035e-05,2.665578491951588538e-02
1.187590368250046879e-01,4.232776866079520056e-05,9.136515874764212402e-05,2.805311409848476253e-02
1.200420306290342493e-01,4.462196947031913264e-05,9.631697150599456561e-05,2.952878383334982607e-02
1.213388850464974106e-01,4.705246504136778281e-05,1.015629347400229341e-04,3.108724780512269956e-02
1.226497498182613083e-01,4.962789037882236575e-05,1.071216810453993356e-04,3.273319801820453318e-02
1.239747763028940380e-01,5.235745495067112369e-05,1.130130821680903083e-04,3.447157434619774197e-02
1.253141174941411751e-01,5.525098295756675649e-05,1.192583358139924065e-04,3.630757453869536827e-02
1.266679280385911432e-01,5.831895568818957565e-05,1.258800569455607421e-04,3.824666358823163026e-02
1.280363642535315150e-01,6.157255761920229044e-05,1.329023771436007011e-04,4.029458328004763279e-02
1.294195841449985174e-01,6.502372548090389829e-05,1.403510503506958198e-04,4.245736116796006848e-02
1.308177474260192874e-01,6.868520081882330535e-05,1.482535661380012166e-04,4.474131902783468062e-02
1.322310155350558958e-01,7.257058675508359848e-05,1.566392720113611375e-04,4.715308091179050420e-02
1.336595516546440210e-01,7.669440856352249933e-05,1.655395039200515219e-04,4.969958021117771435e-02
1.351035207302349883e-01,8.107217873489388192e-05,1.749877264238037427e-04,5.238806576867229697e-02
1.365630894892413960e-01,8.572046687545657501e-05,1.850196832544025985e-04,5.522610683003123522e-02
1.380384264602881328e-01,9.065697479163629295e-05,1.956735590277224913e-04,5.822159659077099508e-02
1.395297019926714788e-01,9.590061698606408655e-05,2.069901525863953370e-04,6.138275397348761514e-02
1.410370882760283440e-01,1.014716071609386911e-04,2.190130632523392372e-04,6.471812345259496391e-02
1.425607593602183365e-01,1.073915511322932881e-04,2.317888908522026589e-04,6.823657257621457140e-02
1.441008911754201316e-01,1.136835466458031022e-04,2.453674505654859328e-04,7.194728683822186610e-02
1.456576615524452223e-01,1.203722906261116287e-04,2.598020037330136308e-04,7.585976152658431559e-02
1.472312502432717995e-01,1.274841944342700094e-04,2.751495058538424611e-04,7.998379014675631449e-02
1.488218389417974297e-01,1.350475077540084991e-04,2.914708730964983108e-04,8.432944899301862696e-02
1.504296113048216033e-01,1.430924517771910609e-04,3.088312687554995426e-04,8.890707741704932665e-02
1.520547529732493575e-01,1.516513624134474666e-04,3.273004111997503975e-04,9.372725332349361727e-02
1.536974515935268792e-01,1.607588443069592210e-04,3.469529049818136437e-04,9.880076340701406112e-02
1.553578968393080351e-01,1.704519365074993553e-04,3.678685969123891820e-04,1.041385676371560237e-01
1.570362804333548801e-01,1.807702907113013780e-04,3.901329590485620399e-04,1.097517574968015497e-01
1.587327961696750334e-01,1.917563630623655567e-04,4.138375007022059493e-04,1.156515074899077955e-01
1.604476399358977790e-01,2.034556205855019419e-04,4.390802117443775156e-04,1.218490194559216921e-01
1.621810097358925007e-01,2.159167634106570614e-04,4.659660396665487496e-04,1.283554592646911907e-01
1.639331057126308111e-01,2.291919638881666926e-04,4.946074027240927786e-04,1.351818854393646574e-01
1.657041301712962045e-01,2.433371242465536021e-04,5.251247426712196296e-04,1.423391695621254727e-01
1.674942876026430660e-01,2.584121542840189020e-04,5.576471202419808508e-04,1.498379082571718313e-01
1.693037847066088120e-01,2.744812702226088596e-04,5.923128557411519880e-04,1.576883264247218031e-01
1.711328304161779112e-01,2.916133161709313156e-04,6.292702177817204165e-04,1.659001716621877898e-01
1.729816359215099464e-01,3.098821120361964403e-04,6.686781683592847624e-04,1.744826010475820921e-01
1.748504146943221649e-01,3.293668275335810388e-04,7.107071633939087384e-04,1.834440595235025395e-01
1.767393825125385953e-01,3.501523841451962345e-04,7.555400126091883989e-04,1.927921504299614786e-01
1.786487574852047011e-01,3.723298921774019629e-04,8.033728140224748659e-04,2.025335012370238219e-01
1.805787600776713187e-01,3.959971172479074381e-04,8.544159506510749747e-04,2.126736218837836923e-01
1.825296131370505448e-01,4.212589880173857717e-04,9.088951747237924593e-04,2.232167612391532385e-01
1.845015419179468208e-01,4.482281402332560566e-04,9.670527685353002157e-04,2.341657599089727870e-01
1.864947741084657662e-01,4.770255067026509281e-04,1.029148802426007713e-03,2.455219041869017849e-01
1.885095398565042046e-01,5.077809506348102304e-04,1.095462484068748799e-03,2.572847809738200153e-01
1.905460717963239903e-01,5.406339542696263168e-04,1.166293624414355612e-03,2.694521395159516497e-01
1.926046050754132155e-01,5.757343542998661929e-04,1.241964201586797517e-03,2.820197579871117632e-01
1.946853773816379918e-01,6.132431462108950317e-04,1.322820069968626971e-03,2.949813246672615685e-01
1.967886289706842762e-01,6.533333425958414266e-04,1.409232781729244767e-03,3.083283296334809465e-01
1.989146026938030942e-01,6.961909052721176449e-04,1.501601562924854711e-03,3.220499757326688584e-01
2.010635440258484452e-01,7.420157544866283960e-04,1.600355450539651296e-03,3.361331110140625689e-01
2.032357010936217678e-01,7.910228525893075882e-04,1.705955583998810133e-03,3.505621830852611032e-01
2.054313247045217450e-01,8.434433777274698892e-04,1.818897683722116776e-03,3.653192213992568216e-01
2.076506683755036942e-01,8.995259932611641583e-04,1.939714727895610691e-03,3.803838494943430071e-01
2.098939883623518465e-01,9.595382181609909142e-04,2.068979837520351119e-03,3.957333286427285324e-01
2.121615436892678175e-01,1.023767908117249881e-03,2.207309389220092535e-03,4.113426349512200875e-01
2.144535961787787659e-01,1.092524853656609476e-03,2.355366367659280421e-03,4.271845702129581368e-01
2.167704104819686839e-01,1.166142509875733868e-03,2.513863987053475708e-03,4.432299079134295883e-01
2.191122541090361753e-01,1.244979865030698555e-03,2.683569595058491863e-03,4.594475728356426369e-01
2.214793974601832194e-01,1.329423459661139163e-03,2.865308881520231381e-03,4.758048528258362331e-01
2.238721138568337543e-01,1.419889568621998579e-03,3.059970415631948961e-03,4.922676403138793733e-01
2.262906795731973453e-01,1.516826559117597905e-03,3.268510536102031336e-03,5.088007002570855697e-01
2.287353738681658921e-01,1.620717438827392210e-03,3.491958620499408233e-03,5.253679603687212429e-01
2.312064790175590578e-01,1.732082609269442863e-03,3.731422761548581872e-03,5.419328187833758470e-01
2.337042803467170304e-01,1.851482839498347138e-03,3.988095877266945380e-03,5.584584635776582706e-01
2.362290662634456417e-01,1.979522477515688501e-03,4.263262285848279376e-03,5.749081983732130530e-01
2.387811282913171462e-01,2.116852925101394157e-03,4.558304793053058121e-03,5.912457688130156042e-01
2.413607611033310174e-01,2.264176385146264396e-03,4.874712302916517186e-03,6.074356822515361021e-01
2.439682625559382312e-01,2.422249908260852395e-03,5.214087999234180704e-03,6.234435155443059928e-01
2.466039337234330608e-01,2.591889746663649310e-03,5.578158103361030400e-03,6.392362039565742116e-01
2.492680789327167412e-01,2.773976084234975811e-03,5.968781342682210125e-03,6.547823104734652455e-01
2.519610057984362217e-01,2.969458119536592337e-03,6.387959064215179526e-03,6.700522657777142621e-01
2.546830252585038923e-01,3.179359513454470005e-03,6.837846000350990792e-03,6.850185751855961680e-01
2.574344516099962288e-01,3.404784341664821110e-03,7.320761966334383454e-03,6.996559981083795288e-01
2.602156025454493427e-01,3.646923406060315412e-03,7.839204152455288635e-03,7.139416848572467389e-01
2.630267991895378077e-01,3.907061118447967447e-03,8.395860440078645182e-03,7.278552831579624405e-01
2.658683661361539441e-01,4.186582823532394512e-03,8.993623424152970627e-03,7.413790033953334691e-01
2.687406314858871159e-01,4.486982759323758854e-03,9.635605528932453603e-03,7.544976530914900836e-01
2.716439268839075938e-01,4.809872489389170440e-03,1.032515481954821013e-02,7.671986319565331502e-01
2.745785875582600344e-01,5.156990087372529535e-03,1.106587205928028471e-02,7.794719013947934982e-01
2.775449523585701850e-01,5.530209856261589750e-03,1.186162849038893685e-02,7.913099199962713159e-01
2.805433637951704196e-01,5.931552788053387829e-03,1.271658471233423453e-02,8.027075559411603889e-01
2.835741680786473262e-01,6.363197755921578928e-03,1.363521056479055117e-02,8.136619774385416282e-01
2.866377151598167861e-01,6.827493448009639386e-03,1.462230594857388995e-02,8.241725241860196061e-01
2.897343587701310952e-01,7.326971052035610894e-03,1.568302250571539103e-02,8.342405634262293201e-01
2.928644564625234037e-01,7.864357784905465915e-03,1.682288624667063054e-02,8.438693358581138559e-01
2.960283696526882502e-01,8.442591243013801081e-03,1.804782094482839175e-02,8.530637935651169679e-01
2.992264636608185091e-01,9.064834595281694510e-03,1.936417220013746457e-02,8.618304334472759454e-01
3.024591077537829853e-01,9.734492630688503997e-03,2.077873203273738340e-02,8.701771291949927933e-01
3.057266751877646405e-01,1.045522865954320695e-02,2.229876382009988306e-02,8.781129644360201603e-01
3.090295432513583407e-01,1.123098225621054630e-02,2.393202734416744956e-02,8.856480693439297003e-01
3.123680933091346756e-01,1.206598781647501631e-02,2.568680365996220405e-02,8.927934626407081353e-01
3.157427108456736797e-01,1.296479385962403044e-02,2.757191938080981106e-02,8.995609003966876793e-01
3.191537855100751719e-01,1.393228308250879337e-02,2.959677011040267106e-02,9.059627334811902744e-01
3.226017111609489896e-01,1.497369303108314446e-02,3.177134242574364970e-02,9.120117740561720643e-01
3.260868859118921104e-01,1.609463723642867022e-02,3.410623375014915082e-02,9.177211716389299667e-01
3.296097121774564931e-01,1.730112665568875677e-02,3.661266941650760665e-02,9.231042992700836392e-01
3.331705967196149087e-01,1.859959152437175647e-02,3.930251674749697666e-02,9.281746511655151188e-01
3.367699506947230415e-01,1.999690280754402860e-02,4.218829404912952108e-02,9.329457490850867618e-01
3.404081897010004520e-01,2.150039366857139575e-02,4.528317495878946691e-02,9.374310603489179883e-01
3.440857338265128074e-01,2.311787999337306179e-02,4.860098571852674437e-02,9.416439245597062468e-01
3.478030076976784124e-01,2.485768018824894079e-02,5.215619539233519453e-02,9.455974906790314272e-01
3.515604405282973799e-01,2.672863314219782460e-02,5.596389633436545802e-02,9.493046620106221356e-01
3.553584661691110980e-01,2.874011458541739228e-02,6.003977500958534996e-02,9.527780504514542503e-01
3.591975231578961592e-01,3.090205059502740270e-02,6.440007030171550351e-02,9.560299377754628569e-01
3.630780547701003003e-01,3.322492793234838038e-02,6.906151845474262085e-02,9.590722442206242038e-01
3.670005090700249051e-01,3.571980047769456740e-02,7.404128306681832805e-02,9.619165036273262803e-01
3.709653389625606756e-01,3.839829081519254700e-02,7.935686830479815601e-02,9.645738443075514423e-01
3.749730022454821343e-01,4.127258613128518411e-02,8.502601396001764622e-02,9.670549751566873686e-01
3.790239616623070629e-01,4.435542745988053231e-02,9.106657098262371797e-02,9.693701764227518058e-01
3.831186849557284835e-01,4.766009124818523096e-02,9.749635635437109427e-02,9.715292945829762106e-01
3.872576449216167949e-01,5.120036217207150214e-02,1.043329864723486350e-01,9.735417408133134609e-01
3.914413194636193194e-01,5.499049606994992068e-02,1.115936885647804133e-01,9.754164925572320621e-01
3.956701916483357784e-01,5.904517189821664735e-02,1.192950902527349921e-01,9.771620977673451947e-01
3.999447497610967295e-01,6.337943159282187489e-02,1.274529879149023381e-01,9.787866814052592623e-01
4.042654873623434120e-01,6.800860679240468276e-02,1.360820952705065756e-01,9.802979538350620192e-01
4.086329033446164383e-01,7.294823147126699991e-02,1.451957744155817909e-01,9.817032207797264931e-01
4.130475019901602152e-01,7.821393964588156666e-02,1.548057524080481140e-01,9.830093945377582632e-01
4.175097930291498671e-01,8.382134760877545110e-02,1.649218276411507922e-01,9.842230062155641335e-01
4.220202916985469899e-01,8.978592034605904770e-02,1.755515711400166823e-01,9.853502187358825770e-01
4.265795188015911177e-01,9.612282191700796674e-02,1.867000285564042461e-01,9.863968403830902787e-01
4.311880007679345650e-01,1.028467503596546262e-01,1.983694302863502623e-01,9.873683387589988758e-01
4.358462697144260267e-01,1.099717578487715147e-01,2.105589174095815475e-01,9.882698549729376225e-01
4.405548635065529295e-01,1.175110571895637973e-01,2.232642915213280121e-01,9.891062179104922469e-01
4.453143258205398691e-01,1.254768168189829836e-01,2.364777978043407503e-01,9.898819585156359846e-01
4.501252062061329995e-01,1.338799463215451790e-01,2.501879494361793355e-01,9.906013239398515635e-01
4.549880601500477795e-01,1.427298758154431912e-01,2.643794023664499115e-01,9.912682915198197664e-01
4.599034491401093327e-01,1.520343324943730923e-01,2.790328876429393201e-01,9.918865824857155955e-01
4.648719407300844209e-01,1.617991187287283750e-01,2.941252082279607327e-01,9.924596753683641026e-01
4.698941086052142446e-01,1.720278961806730178e-01,3.096293049473902714e-01,9.929908190449513450e-01
4.749705326484542356e-01,1.827219811576368536e-01,3.255143948611611271e-01,9.934830453995240340e-01
4.801017990074306629e-01,1.938801564836190316e-01,3.417461827444038258e-01,9.939391815653215723e-01
4.852885001621193850e-01,2.054985054020120605e-01,3.582871440993151690e-01,9.943618617302070195e-01
4.905312349932569038e-01,2.175702730585397926e-01,3.750968757110144658e-01,9.947535384939085734e-01
4.958306088514895515e-01,2.300857606657396581e-01,3.921325070008799818e-01,9.951164937627999807e-01
5.011872336272719108e-01,2.430322572312515472e-01,4.093491634935097490e-01,9.954528491816465596e-01
5.066017278215118047e-01,2.563940130076706181e-01,4.267004716545865217e-01,9.957645761012914321e-01
5.120747166169953291e-01,2.701522576812376841e-01,4.441390924829752285e-01,9.960535050786403222e-01
5.176068319505668924e-01,2.842852657355642854e-01,4.616172708704363026e-01,9.963213349205081171e-01
5.231987125860969590e-01,2.987684699312404546e-01,4.790873869070962354e-01,9.965696412759239564e-01
5.288510041882368284e-01,3.135746221757932384e-01,4.965024950745566268e-01,9.967998847792691741e-01
5.345643593969704455e-01,3.286740005739683945e-01,5.138168390951780573e-01,9.970134187644702495e-01
5.403394379029703432e-01,3.440346593388755037e-01,5.309863305112568765e-01,9.972114965563719791e-01
5.461769065237697118e-01,3.596227166528264130e-01,5.479689804814370513e-01,9.973952783460865446e-01
5.520774392807555886e-01,3.754026758800621533e-01,5.647252779416576107e-01,9.975658376770758506e-01
5.580417174769944921e-01,3.913377726679203028e-01,5.812185073284439341e-01,9.977241675435674084e-01
5.640704297758992736e-01,4.073903406250548032e-01,5.974150024206157372e-01,9.978711861181946974e-01
5.701642722807451769e-01,4.235221888452597172e-01,6.132843360969031377e-01,9.980077421338016119e-01
5.763239486150469881e-01,4.396949811465555857e-01,6.287994446277379579e-01,9.981346199147534959e-01
5.825501700037949426e-01,4.558706115559132410e-01,6.439366915878770303e-01,9.982525440957668028e-01
5.888436553555881359e-01,4.720115662080022756e-01,6.586758732819666395e-01,9.983621840237777434e-01
5.952051313456347970e-01,4.880812661888356829e-01,6.730001725006919955e-01,9.984641578708273180e-01
6.016353324996598362e-01,5.040443845624650310e-01,6.868960662006615703e-01,9.985590364676090180e-01
6.081350012787165582e-01,5.198671323242892717e-01,7.003531937784305272e-01,9.986473468722226743e-01
6.147048881649145313e-01,5.355175096592468265e-01,7.133641932861148893e-01,9.987295756912288880e-01
6.213457517480739378e-01,5.509655195311594644e-01,7.259245124133943960e-01,9.988061721661317671e-01
6.280583588133160644e-01,5.661833411244429071e-01,7.380322002787823576e-01,9.988775510353335996e-01
6.348434844295991475e-01,5.811454646383177325e-01,7.496876879270306659e-01,9.989440951950334657e-01
6.417019120392126741e-01,5.958287848138467124e-01,7.608935606799874796e-01,9.990061581568721039e-01
6.486344335482359114e-01,6.102126579230602310e-01,7.716543299768384712e-01,9.990640663304304336e-01
6.556418494179760970e-01,6.242789221901590135e-01,7.819762071942600867e-01,9.991181211317732291e-01
6.627249687573956161e-01,6.380118849141859227e-01,7.918668833921653771e-01,9.991686009319088457e-01
6.698846094165256115e-01,6.513982804357099088e-01,8.013353184555083164e-01,9.992157628590471186e-01
6.771215980809133228e-01,6.644272020104716736e-01,8.103915413982321070e-01,9.992598444623903564e-01
6.844367703670655168e-01,6.770900110985554887e-01,8.190464632407722378e-01,9.993010652462829269e-01
6.918309709189350842e-01,6.893802284837872163e-01,8.273117039382720250e-01,9.993396280859274672e-01
6.993050535054474715e-01,7.012934108009765133e-01,8.351994338169050902e-01,9.993757205325072279e-01
7.068598811190808240e-01,7.128270160816206902e-01,8.427222297288172737e-01,9.994095160158377178e-01
7.144963260755112788e-01,7.239802617370023619e-01,8.498929458413888582e-01,9.994411749522990052e-01
7.222152701143345066e-01,7.347539779638375679e-01,8.567245986241489586e-01,9.994708457649164046e-01
7.300176045008754944e-01,7.451504594023273809e-01,8.632302655095771549e-01,9.994986658225061271e-01
7.379042301290982264e-01,7.551733174420058869e-01,8.694229964962159052e-01,9.995247623040868223e-01
7.458760576256269204e-01,7.648273352271302006e-01,8.753157378654506937e-01,9.995492529943562632e-01
7.539340074548941395e-01,7.741183269931700694e-01,8.809212670744462903e-01,9.995722470154502215e-01
7.620790100254112298e-01,7.830530031794598056e-01,8.862521379447505510e-01,9.995938455001928125e-01
7.703120057972135948e-01,7.916388423526250495e-01,8.913206351955764717e-01,9.996141422114033226e-01
7.786339453904397301e-01,7.998839707261546916e-01,8.961387374051807964e-01,9.996332241115678530e-01
7.870457896950971977e-01,8.077970499024091922e-01,9.007180875666827014e-01,9.996511718870726426e-01
7.955485099820114314e-01,8.153871727481472043e-01,9.050699701597079150e-01,9.996680604297514261e-01
8.041430880149730287e-01,8.226637680597544966e-01,9.092052942539473603e-01,9.996839592803921093e-01
8.128305161640970722e-01,8.296365138520088722e-01,9.131345818209286591e-01,9.996989330369681070e-01
8.216117975204064727e-01,8.363152585498077052e-01,9.168679602581605304e-01,9.997130417292974247e-01
8.304879460116539880e-01,8.427099508415717422e-01,9.204151590824434237e-01,9.997263411649996989e-01
8.394599865193944632e-01,8.488305767161058446e-01,9.237855095884394130e-01,9.997388832467651865e-01
8.485289549973229484e-01,8.546871043117674205e-01,9.269879475427804660e-01,9.997507162653730406e-01
8.576958985908905708e-01,8.602894352949900236e-01,9.300310179923325649e-01,9.997618851687671837e-01
8.669618757582159274e-01,8.656473628417217236e-01,9.329228820846108272e-01,9.997724318102246821e-01
8.763279563922872217e-01,8.707705355482149301e-01,9.356713254368838051e-01,9.997823951769490014e-01
8.857952219445155428e-01,8.756684267280268053e-01,9.382837677099505891e-01,9.997918116005851674e-01
8.953647655495923230e-01,8.803503087320438958e-01,9.407672731753707884e-01,9.998007149513444825e-01
9.050376921517103712e-01,8.848252317810367806e-01,9.431285620137660475e-01,9.998091368169929050e-01
9.148151186321461514e-01,8.891020068684227784e-01,9.453740221416336853e-01,9.998171066679456542e-01
9.246981739382201804e-01,8.931891923131822786e-01,9.475097213933582063e-01,9.998246520096004675e-01
9.346879992136504223e-01,8.970950835671200885e-01,9.495414199108856979e-01,9.998317985229582261e-01
9.447857479303141126e-01,9.008277059064296877e-01,9.514745826163775178e-01,9.998385701944777493e-01
9.549925860214327766e-01,9.043948096639883305e-01,9.533143916632488279e-01,9.998449894360446066e-01
9.653096920161967631e-01,9.078038676865065604e-01,9.550657587792148462e-01,9.998510771958519783e-01
9.757382571758436152e-01,9.110620747269078112e-01,9.567333374303437221e-01,9.998568530609293070e-01
9.862794856312098180e-01,9.141763484940990114e-01,9.583215347415310337e-01,9.998623353519670021e-01
9.969345945217517047e-01,9.171533321504309333e-01,9.598345231427194424e-01,9.998675412111043270e-01
1.007704814136102911e+00,9.199993980055175546e-01,9.612762516869427509e-01,9.998724866831840696e-01
1.018591388054115310e+00,9.227206522414144185e-01,9.626504570277850670e-01,9.998771867910417610e-01
1.029595573290452259e+00,9.253229404685295867e-01,9.639606740225727943e-01,9.998816556052531057e-01
1.040718640439728615e+00,9.278118539878335014e-01,9.652102459628101316e-01,9.998859063088320065e-01
1.051961873823220373e+00,9.301927365918870594e-01,9.664023344079721856e-01,9.998899512572173576e-01
1.063326571637158491e+00,9.324706918015314150e-01,9.675399286275466748e-01,9.998938020339469546e-01
1.074814046102623433e+00,9.346505904275431709e-01,9.686258546486145038e-01,9.998974695023484793e-01
1.086425623617061964e+00,9.367370783644041188e-01,9.696627839115642411e-01,9.999009638535463207e-01
1.098162644907438201e+00,9.387345845319444715e-01,9.706532415372658429e-01,9.999042946510683372e-01
1.110026465185040001e+00,9.406473288990633286e-01,9.715996142147917958e-01,9.999074708723135751e-01
1.122018454301958901e+00,9.424793305239106411e-01,9.725041577155900674e-01,9.999105009471065397e-01
1.134139996909263148e+00,9.442344155603957789e-01,9.733690040445913683e-01,9.999133927935659472e-01
1.146392492616859826e+00,9.459162251877113459e-01,9.741961682391918620e-01,9.999161538514796943e-01
1.158777356155124449e+00,9.475282234496955613e-01,9.749875548391097047e-01,9.999187911134153062e-01
1.171296017538236534e+00,9.490737048972160972e-01,9.757449640015795067e-01,9.999213111536064957e-01
1.183949922229299734e+00,9.505558021251488965e-01,9.764700973314869303e-01,9.999237201549644460e-01
1.196740531307241007e+00,9.519774930610824804e-01,9.771645633786788521e-01,9.999260239341573042e-01
1.209669321635514772e+00,9.533416081099005401e-01,9.778298828738490878e-01,9.999282279650827387e-01
1.222737786032627616e+00,9.546508370046998815e-01,9.784674936483457319e-01,9.999303374006389689e-01
1.235947433444506638e+00,9.559077355045310087e-01,9.790787553233070151e-01,9.999323570931429872e-01
1.249299789118729187e+00,9.571147318184731745e-01,9.796649537244750405e-01,9.999342916133199255e-01
1.262796394780634213e+00,9.582741327955448529e-01,9.802273050557874789e-01,9.999361452680260998e-01
1.276438808811338976e+00,9.593881298823752068e-01,9.807669598451260740e-01,9.999379221168051002e-01
1.290228606427674896e+00,9.604588048407863843e-01,9.812850066696759965e-01,9.999396259873410964e-01
1.304167379864076048e+00,9.614881352265165493e-01,9.817824756716951873e-01,9.999412604898906265e-01
1.318256738556405683e+00,9.624779996316564779e-01,9.822603418751680859e-01,9.999428290307594835e-01
1.332498309327817987e+00,9.634301826981922501e-01,9.827195283152491134e-01,9.999443348248960861e-01
1.346893736576580514e+00,9.643463799283411575e-01,9.831609090003901041e-01,9.999457809076980341e-01
1.361444682465947187e+00,9.652282022101257297e-01,9.835853116746501312e-01,9.999471701459462514e-01
1.376152827116081667e+00,9.660771801928683677e-01,9.839935204512726408e-01,9.999485052481256186e-01
1.391019868798049286e+00,9.668947684565524225e-01,9.843862782959523772e-01,9.999497887740815827e-01
1.406047524129909965e+00,9.676823493991814074e-01,9.847642893284055399e-01,9.999510231439264762e-01
1.421237528274924555e+00,9.684412370415806937e-01,9.851282210426065555e-01,9.999522106465397187e-01
1.436591635141906798e+00,9.691726805727571836e-01,9.854787063647288958e-01,9.999533534474157603e-01
1.452111617587736880e+00,9.698778677039213703e-01,9.858163455852801960e-01,9.999544535959857816e-01
1.467799267622063697e+00,9.705579279250464708e-01,9.861417082136704204e-01,9.999555130325865626e-01
1.483656396614224438e+00,9.712139355313805789e-01,9.864553346946718371e-01,9.999565335948888967e-01
1.499684835502371971e+00,9.718469125102370265e-01,9.867577380327792191e-01,9.999575170239436428e-01
1.515886435004916377e+00,9.724578312813448866e-01,9.870494053236624765e-01,9.999584649698496364e-01
1.532263065834194471e+00,9.730476172920370370e-01,9.873307991955297958e-01,9.999593789970659952e-01
1.548816618912478571e+00,9.736171514740865618e-01,9.876023591656417633e-01,9.999602605893831431e-01
1.565549005590309184e+00,9.741672725688158563e-01,9.878645029169388359e-01,9.999611111545859687e-01
1.582462157867190022e+00,9.746987793276394862e-01,9.881176274998285658e-01,9.999619320288202218e-01
1.599558028614664673e+00,9.752124326183818637e-01,9.883621104750366371e-01,9.999627244807256510e-01
1.616838591801804226e+00,9.757089573708979113e-01,9.885983109672036306e-01,9.999634897152394064e-01
1.634305842723132285e+00,9.761890444338650052e-01,9.888265706646788278e-01,9.999642288771892762e-01
1.651961798229009126e+00,9.766533524020836188e-01,9.890472147947556580e-01,9.999649430547721263e-01
1.669808496958508304e+00,9.771025091995189094e-01,9.892605529732334535e-01,9.999656332825999083e-01
1.687847999574805913e+00,9.775371137482752326e-01,9.894668800861650126e-01,9.999663005448186093e-01
1.706082389003122257e+00,9.779577373740140356e-01,9.896664770385048548e-01,9.999669457777753401e-01
1.724513770671199708e+00,9.783649253060111572e-01,9.898596115405292606e-01,9.999675698727835682e-01
1.743144272752443991e+00,9.787591979500116501e-01,9.900465387798738082e-01,9.999681736784997721e-01
1.761976046411626307e+00,9.791410521662835542e-01,9.902275020901165625e-01,9.999687580032688983e-01
1.781011266053275088e+00,9.795109624891200628e-01,9.904027335861526060e-01,9.999693236173490263e-01
1.800252129572741389e+00,9.798693822357034122e-01,9.905724547421780324e-01,9.999698712549317525e-01
1.819700858609978988e+00,9.802167445776251986e-01,9.907368769474829140e-01,9.999704016160804176e-01
1.839359698806064980e+00,9.805534635539004951e-01,9.908962020304155072e-01,9.999709153685514273e-01
1.859230920062492132e+00,9.808799350284301832e-01,9.910506227522843936e-01,9.999714131495078817e-01
1.879316816803262125e+00,9.811965375950552071e-01,9.912003232730236535e-01,9.999718955671313969e-01
1.899619708239810745e+00,9.815036334331712631e-01,9.913454795903288153e-01,9.999723632021400022e-01
1.920141938638794121e+00,9.818015691167119030e-01,9.914862599538707411e-01,9.999728166092143322e-01
1.940885877592769981e+00,9.820906763791525940e-01,9.916228252560911338e-01,9.999732563183445500e-01
1.961853920293807896e+00,9.823712728403657390e-01,9.917553294025623911e-01,9.999736828361007746e-01
1.983048487810021410e+00,9.826436627124052192e-01,9.918839196701824124e-01,9.999740966468588788e-01
2.004472027365158393e+00,9.829081374133420423e-01,9.920087370199300869e-01,9.999744982138752958e-01
2.026127012621139922e+00,9.831649761946542609e-01,9.921299164141781368e-01,9.999748879803688206e-01
2.048015943963689356e+00,9.834144467647188970e-01,9.922475871304482498e-01,9.999752663705870903e-01
2.070141348791037395e+00,9.836568057655945552e-01,9.923618730043902714e-01,9.999756337906412496e-01
2.092505781805747311e+00,9.838922993786338722e-01,9.924728927321045946e-01,9.999759906295259126e-01
2.115111825309693661e+00,9.841211637414216673e-01,9.925807600821631160e-01,9.999763372598459155e-01
2.137962089502225549e+00,9.843436254964128551e-01,9.926855841685189308e-01,9.999766740387348030e-01
2.161059212781553995e+00,9.845599021565081266e-01,9.927874696360133866e-01,9.999770013084892106e-01
2.184405862049392688e+00,9.847702025948943394e-01,9.928865169034223337e-01,9.999773193973848784e-01
2.208004733018891219e+00,9.849747274166376076e-01,9.929828223498405881e-01,9.999776286203090336e-01
2.231858550525902540e+00,9.851736693210549900e-01,9.930764784958671099e-01,9.999779292793715690e-01
2.255970068843573983e+00,9.853672134936648508e-01,9.931675741979147931e-01,9.999782216645577426e-01
2.280342072000415055e+00,9.855555379375277036e-01,9.932561948132446750e-01,9.999785060542837334e-01
2.304977374101723875e+00,9.857388137933734695e-01,9.933424223590411328e-01,9.999787827159313247e-01
2.329878819654524147e+00,9.859172056490586034e-01,9.934263356658430411e-01,9.999790519063639360e-01
2.355049283896004653e+00,9.860908718331070633e-01,9.935080105229041614e-01,9.999793138724119013e-01
2.380491673125508800e+00,9.862599646932280750e-01,9.935875198159500599e-01,9.999795688513349878e-01
2.406208925040109747e+00,9.864246308606682279e-01,9.936649336577778602e-01,9.999798170712596024e-01
2.432204009073807960e+00,9.865850115011843835e-01,9.937403195121085053e-01,9.999800587515917938e-01
2.458479926740399613e+00,9.867412425533900189e-01,9.938137423110763313e-01,9.999802941034098280e-01
2.485039711980042476e+00,9.868934549551785507e-01,9.938852645667251018e-01,9.999805233298368901e-01
2.511886431509570361e+00,9.870417748588806717e-01,9.939549464768447917e-01,9.999807466263925804e-01
2.539023185176590314e+00,9.871863238357796444e-01,9.940228460254731946e-01,9.999809641813288685e-01
2.566453106317414079e+00,9.873272190705686402e-01,9.940890190783585600e-01,9.999811761759467288e-01
2.594179362118811394e+00,9.874645735568515770e-01,9.941535194786257357e-01,9.999813827849141079e-01
2.622205153983763637e+00,9.875984962668070688e-01,9.942163991300330128e-01,9.999815841765428148e-01
2.650533717901075281e+00,9.877290923070634054e-01,9.942777080735138995e-01,9.999817805130432058e-01
2.679168324819026559e+00,9.878564630937801683e-01,9.943374945725040881e-01,9.999819719508060700e-01
2.708112281023050905e+00,9.879807065202181882e-01,9.943958051945207544e-01,9.999821586406727469e-01
2.737368928517495359e+00,9.881019170572524768e-01,9.944526848610724112e-01,9.999823407281018817e-01
2.766941645411503892e+00,9.882201859405941313e-01,9.945081769380786918e-01,9.999825183534674089e-01
2.796833846309068505e+00,9.883356012734522134e-01,9.945623232864325702e-01,9.999826916522259745e-01
2.827048982703296520e+00,9.884482481566800871e-01,9.946151643253015040e-01,9.999828607551262127e-01
2.857590543374936232e+00,9.885582088253663802e-01,9.946667390983017221e-01,9.999830257884272378e-01
2.888462054795207123e+00,9.886655627387705980e-01,9.947170853176462435e-01,9.999831868740445273e-01
2.919667081532982600e+00,9.887703867093462495e-01,9.947662394264998875e-01,9.999833441297549808e-01
2.951209226666382968e+00,9.888727550057453408e-01,9.948142366490081434e-01,9.999834976693621202e-01
2.983092132198760904e+00,9.889727394287045614e-01,9.948611110274994118e-01,9.999836476028196586e-01
3.015319479479288134e+00,9.890704094498423693e-01,9.949068954890786243e-01,9.999837940364484368e-01
3.047894989627977669e+00,9.891658322593361863e-01,9.949516218694025582e-01,9.999839370730168042e-01
3.080822423965354329e+00,9.892590728733823280e-01,9.949953209643906948e-01,9.999840768119092616e-01
3.114105584446752228e+00,9.893501942261417881e-01,9.950380225745778517e-01,9.999842133492734542e-01
3.147748314101307621e+00,9.894392572329359092e-01,9.950797555359095492e-01,9.999843467781194262e-01
3.181754497475692389e+00,9.895263208624017759e-01,9.951205477546669620e-01,9.999844771884369710e-01
3.216128061082643264e+00,9.896114422285955392e-01,9.951604262516663413e-01,9.999846046673384059e-01
3.250872973854332493e+00,9.896946766502145998e-01,9.951994171909870346e-01,9.999847292991529413e-01
3.285993247600642153e+00,9.897760777159939627e-01,9.952375459115297973e-01,9.999848511655313743e-01
3.321492937472385165e+00,9.898556973487697697e-01,9.952748369578977572e-01,9.999849703455463423e-01
3.357376142429544075e+00,9.899335858650583075e-01,9.953113141091195493e-01,9.999850869157871358e-01
3.393647005714508058e+00,9.900097920370859450e-01,9.953470004084725709e-01,9.999852009504561767e-01
3.430309715330543519e+00,9.900843631485863883e-01,9.953819181903391655e-01,9.999853125214576144e-01
3.467368504525310868e+00,9.901573450467009430e-01,9.954160891051933024e-01,9.999854216984790378e-01
3.504827652279669525e+00,9.902287821934208090e-01,9.954495341443330148e-01,9.999855285490723000e-01
3.542691483801748031e+00,9.902987177148556697e-01,9.954822736635561276e-01,9.999856331387303454e-01
3.580964371026351234e+00,9.903671934484330475e-01,9.955143274058296798e-01,9.999857355309620388e-01
3.619650733119767150e+00,9.904342499881307882e-01,9.955457145230061089e-01,9.999858357873627757e-01
3.658755036990021026e+00,9.904999267278344899e-01,9.955764535966287188e-01,9.999859339676820946e-01
3.698281797802649873e+00,9.905642619029110252e-01,9.956065626578727290e-01,9.999860301298887366e-01
3.738235579502040107e+00,9.906272926300812021e-01,9.956360592066608728e-01,9.999861243302335945e-01
3.778620995338404676e+00,9.906890549456736084e-01,9.956649602299972868e-01,9.999862166233087768e-01
3.819442708400449860e+00,9.907495838441394698e-01,9.956932822203951039e-01,9.999863070621077821e-01
3.860705432153809902e+00,9.908089133122589542e-01,9.957210411922668980e-01,9.999863956980793445e-01
3.902413930985232593e+00,9.908670763611318044e-01,9.957482526972565307e-01,9.999864825811766167e-01
3.944573020752778270e+00,9.909241050598525113e-01,9.957749318403366079e-01,9.999865677599102387e-01
3.987187569341828830e+00,9.909800305667061382e-01,9.958010932947286564e-01,9.999866512813964103e-01
4.030262497227166563e+00,9.910348831591488938e-01,9.958267513162344375e-01,9.999867331914042978e-01
4.073802778041118344e+00,9.910886922675837818e-01,9.958519197593256322e-01,9.999868135344066600e-01
4.117813439147832710e+00,9.911414865003143060e-01,9.958766120890913953e-01,9.999868923536208154e-01
4.162299562223765292e+00,9.911932936629572755e-01,9.959008413905788837e-01,9.999869696910369532e-01
4.207266283844427690e+00,9.912441407891140477e-01,9.959246203833828082e-01,9.999870455874675379e-01
4.252718796077487262e+00,9.912940541716761533e-01,9.959479614365226441e-01,9.999871200825938278e-01
4.298662347082260915e+00,9.913430593849572592e-01,9.959708765790105112e-01,9.999871932150010689e-01
4.345102241715697922e+00,9.913911812932264533e-01,9.959933775040529236e-01,9.999872650221922621e-01
4.392043842144899735e+00,9.914384440851277125e-01,9.960154755853440900e-01,9.999873355406405651e-01
4.439492568466276268e+00,9.914848713061439334e-01,9.960371818924325105e-01,9.999874048058392528e-01
4.487453899331315554e+00,9.915304858513827035e-01,9.960585071875266427e-01,9.999874728522916145e-01
4.535933372579267875e+00,9.915753100014109700e-01,9.960794619424192531e-01,9.999875397135655763e-01
4.584936585876504545e+00,9.916193654542023728e-01,9.961000563535823416e-01,9.999876054223425514e-01
4.634469197362870219e+00,9.916626733101200353e-01,9.961203003352989693e-01,9.999876700103954574e-01
4.684536926304997628e+00,9.917052541204788296e-01,9.961402035425106494e-01,9.999877335086624353e-01
4.735145553756677117e+00,9.917471278935092727e-01,9.961597753737414518e-01,9.999877959472561750e-01
4.786300923226369797e+00,9.917883140969527833e-01,9.961790249724411517e-01,9.999878573554693562e-01
4.838008941351921166e+00,9.918288317079395622e-01,9.961979612504222592e-01,9.999879177618488102e-01
4.890275578582572003e+00,9.918686991838285838e-01,9.962165928743499377e-01,9.999879771941534434e-01
4.943106869868335806e+00,9.919079345216934573e-01,9.962349282936531214e-01,9.999880356794426106e-01
4.996508915356815628e+00,9.919465552335978709e-01,9.962529757290776722e-01,9.999880932440412540e-01
5.050487881097581955e+00,9.919845783906658943e-01,9.962707431933816027e-01,9.999881499136059615e-01
5.105049999754057488e+00,9.920220206148661068e-01,9.962882384875916264e-01,9.999882057131113111e-01
5.160201571323274727e+00,9.920588981058886535e-01,9.963054692136541490e-01,9.999882606668935026e-01
5.215948963863236365e+00,9.920952266440081768e-01,9.963224427758593515e-01,9.999883147986532439e-01
5.272298614228216884e+00,9.921310216101804080e-01,9.963391663903142792e-01,9.999883681314860606e-01
5.329257028811992036e+00,9.921662979872177823e-01,9.963556470855703395e-01,9.999884206878858484e-01
5.386830784299095676e+00,9.922010703863712866e-01,9.963718917151176413e-01,9.999884724897837307e-01
5.445026528424197210e+00,9.922353530352828743e-01,9.963879069518276621e-01,9.999885235585311838e-01
5.503850980739676935e+00,9.922691598193261742e-01,9.964036993073341897e-01,9.999885739149612096e-01
5.563310933391500512e+00,9.923025042532102047e-01,9.964192751188323260e-01,9.999886235793480349e-01
5.623413251903470744e+00,9.923353995337941269e-01,9.964346405738124801e-01,9.999886725714842717e-01
5.684164875969949904e+00,9.923678585066286750e-01,9.964498016944888237e-01,9.999887209106325114e-01
5.745572820257153879e+00,9.923998937102812556e-01,9.964647643585606840e-01,9.999887686155912725e-01
5.807644175213114934e+00,9.924315173667380696e-01,9.964795342947808665e-01,9.999888157046820103e-01
5.870386107886300664e+00,9.924627413852614710e-01,9.964941170848109486e-01,9.999888621957534474e-01
5.933805862753271043e+00,9.924935773954099982e-01,9.965085181786887958e-01,9.999889081062320884e-01
5.997910762555083153e+00,9.925240367203113090e-01,9.965227428823947298e-01,9.999889534530831403e-01
6.062708209142829041e+00,9.925541304141717314e-01,9.965367963754111491e-01,9.999889982528652466e-01
6.128205684332284520e+00,9.925838692600820190e-01,9.965506837097412030e-01,9.999890425217285994e-01
6.194410750767798568e+00,9.926132637610819431e-01,9.965644098057762079e-01,9.999890862754019505e-01
6.261331052795507723e+00,9.926423241762974969e-01,9.965779794692084526e-01,9.999891295292452353e-01
6.328974317345991807e+00,9.926710605089718031e-01,9.965913973854784169e-01,9.999891722982340303e-01
6.397348354826458916e+00,9.926994825067286810e-01,9.966046681199338675e-01,9.999892145969584423e-01
6.466461060022573371e+00,9.927275996912897638e-01,9.966177961317380651e-01,9.999892564396684058e-01
6.536320413010021646e+00,9.927554213477817191e-01,9.966307857689091776e-01,9.999892978402572519e-01
6.606934480075954852e+00,9.927829565243498910e-01,9.966436412681705104e-01,9.999893388122624849e-01
6.678311414650267785e+00,9.928102140594090574e-01,9.966563667677023064e-01,9.999893793689054178e-01
6.750459458247166644e+00,9.928372025749885310e-01,9.966689663040627645e-01,9.999894195230820682e-01
6.823386941416685225e+00,9.928639304720323633e-01,9.966814438100204399e-01,9.999894592873557198e-01
6.897102284706591036e+00,9.928904059544091387e-01,9.966938031257883690e-01,9.999894986739933378e-01
6.971613999634659109e+00,9.929166370284551180e-01,9.967060479988357757e-01,9.999895376949650139e-01
7.046930689671452086e+00,9.929426315000411396e-01,9.967181820825407046e-01,9.999895763619395250e-01
7.123061051233719354e+00,9.929683969810884081e-01,9.967302089392550135e-01,9.999896146862936597e-01
7.200013874688522719e+00,9.929939409056390831e-01,9.967421320478273561e-01,9.999896526791378637e-01
7.277798045368216506e+00,9.930192705260665331e-01,9.967539548018536921e-01,9.999896903513089130e-01
7.356422544596386892e+00,9.930443929113486057e-01,9.967656805088915828e-01,9.999897277133682483e-01
7.435896450724879259e+00,9.930693149590266167e-01,9.967773123960604886e-01,9.999897647756199603e-01
7.516228940182023699e+00,9.930940434027216712e-01,9.967888536135682820e-01,9.999898015481221147e-01
7.597429288532222103e+00,9.931185848110275494e-01,9.968003072342109805e-01,9.999898380406849752e-01
7.679506871546832869e+00,9.931429455874728474e-01,9.968116762533718589e-01,9.999898742628711146e-01
7.762471166286906588e+00,9.931671319774780793e-01,9.968229635922845056e-01,9.999899102240055182e-01
7.846331752197344578e+00,9.931911500781006596e-01,9.968341721025957280e-01,9.999899459331911267e-01
7.931098312213011425e+00,9.932150058362625433e-01,9.968453045655520928e-01,9.999899813993050612e-01
8.016780633876773976e+00,9.932387050515419924e-01,9.968563636933179817e-01,9.999900166310038419e-01
8.103388610469611564e+00,9.932622533754414951e-01,9.968673521286463002e-01,9.999900516367219439e-01
8.190932242152950238e+00,9.932856563239791381e-01,9.968782724507678772e-01,9.999900864246904497e-01
8.279421637123316913e+00,9.933089192775346188e-01,9.968891271753310690e-01,9.999901210029372711e-01
8.368867012779485748e+00,9.933320474826083935e-01,9.968999187552349817e-01,9.999901553792897024e-01
8.459278696902227779e+00,9.933550460542808214e-01,9.969106495817884328e-01,9.999901895613780844e-01
8.550667128846798803e+00,9.933779199758688838e-01,9.969213219845599605e-01,9.999902235566351383e-01
8.643042860748321843e+00,9.934006741091977455e-01,9.969319382361824244e-01,9.999902573723116195e-01
8.736416558740211613e+00,9.934233131946572648e-01,9.969425005523874228e-01,9.999902910154767621e-01
8.830799004185616141e+00,9.934458418528283596e-01,9.969530110927761202e-01,9.999903244930198332e-01
8.926201094922470602e+00,9.934682645870699380e-01,9.969634719620331653e-01,9.999903578116544622e-01
9.022633846521683765e+00,9.934905857844480437e-01,9.969738852103713356e-01,9.999903909779208622e-01
9.120108393559078763e+00,9.935128097185843554e-01,9.969842528348678012e-01,9.999904239981889376e-01
9.218635990901049126e+00,9.935349405562162728e-01,9.969945767825334482e-01,9.999904568786684989e-01
9.318228015004089926e+00,9.935569823565438830e-01,9.970048589500165592e-01,9.999904896254091513e-01
9.418895965228387013e+00,9.935789390734078852e-01,9.970151011846255518e-01,9.999905222443015163e-01
9.520651465165572702e+00,9.936008145574735106e-01,9.970253052853568221e-01,9.999905547410831153e-01
9.623506263980852182e+00,9.936226125579485924e-01,9.970354730037014335e-01,9.999905871213389252e-01
9.727472237769614338e+00,9.936443367229509382e-01,9.970456060438258605e-01,9.999906193905028218e-01
9.832561390928695744e+00,9.936659906059093217e-01,9.970557060655627080e-01,9.999906515538675711e-01
9.938785857542505653e+00,9.936875776656951542e-01,9.970657746844792113e-01,9.999906836165840529e-01
1.004615790278394094e+01,9.937091012680554503e-01,9.970758134725519195e-01,9.999907155836638140e-01
1.015468992433078910e+01,9.937305646874668996e-01,9.970858239590377758e-01,9.999907474599825097e-01
1.026439445379708637e+01,9.937519711089402019e-01,9.970958076313217733e-01,9.999907792502814585e-01
1.037528415818010608e+01,9.937733236297551231e-01,9.971057659357304148e-01,9.999908109591710836e-01
1.048737184132295575e+01,9.937946252596987495e-01,9.971157002776507294e-01,9.999908425911309129e-01
1.060067044539296077e+01,9.938158789249845748e-01,9.971256120233619180e-01,9.999908741505162402e-01
1.071519305237603525e+01,9.938370874700620528e-01,9.971355025008846740e-01,9.999909056415591246e-01
1.083095288558718217e+01,9.938582536582516447e-01,9.971453730002820537e-01,9.999909370683713883e-01
1.094796331119732358e+01,9.938793801732884736e-01,9.971552247743856734e-01,9.999909684349456152e-01
1.106623783977662434e+01,9.939004696208262324e-01,9.971650590394997016e-01,9.999909997451575938e-01
1.118579012785447269e+01,9.939215245299032331e-01,9.971748769760909736e-01,9.999910310027690930e-01
1.130663397949634330e+01,9.939425473543734846e-01,9.971846797294593445e-01,9.999910622114290826e-01
1.142878334789770634e+01,9.939635404741458125e-01,9.971944684103211110e-01,9.999910933746767316e-01
1.155225233699497878e+01,9.939845061956418260e-01,9.972042440950265041e-01,9.999911244959409640e-01
1.167705520309425893e+01,9.940054467552266182e-01,9.972140078271619634e-01,9.999911555785468975e-01
1.180320635651727557e+01,9.940263643197330135e-01,9.972237606178010472e-01,9.999911866257149562e-01
1.193072036326531205e+01,9.940472609874431154e-01,9.972335034459645087e-01,9.999912176405640896e-01
1.205961194670105563e+01,9.940681387893239851e-01,9.972432372592001659e-01,9.999912486261121058e-01
1.218989598924863316e+01,9.940889996902322334e-01,9.972529629741484491e-01,9.999912795852787806e-01
1.232158753411200358e+01,9.941098455900917452e-01,9.972626814770960690e-01,9.999913105208866337e-01
1.245470178701191521e+01,9.941306783250442036e-01,9.972723936245141418e-01,9.999913414356634833e-01
1.258925411794162841e+01,9.941514996685733019e-01,9.972821002435873217e-01,9.999913723322434445e-01
1.272526006294161327e+01,9.941723113326033090e-01,9.972918021327281668e-01,9.999914032131684838e-01
1.286273532589340363e+01,9.941931149683200797e-01,9.973015000619641635e-01,9.999914340808909730e-01
1.300169578033284701e+01,9.942139121670360291e-01,9.973111947733435123e-01,9.999914649377729114e-01
1.314215747128298517e+01,9.942347044623742747e-01,9.973208869819568667e-01,9.999914957860911446e-01
1.328413661710649407e+01,9.942554933305995934e-01,9.973305773760938742e-01,9.999915266280368087e-01
1.342764961137861768e+01,9.942762801915570048e-01,9.973402666176848230e-01,9.999915574657171069e-01
1.357271302477985664e+01,9.942970664096354438e-01,9.973499553427521702e-01,9.999915883011559758e-01
1.371934360700934619e+01,9.943178532947115622e-01,9.973596441618531871e-01,9.999916191362968609e-01
1.386755828871885221e+01,9.943386421030756539e-01,9.973693336605146120e-01,9.999916499730036046e-01
1.401737418346766262e+01,9.943594340383371533e-01,9.973790243996576432e-01,9.999916808130604462e-01
1.416880858969860135e+01,9.943802302523129244e-01,9.973887169160140509e-01,9.999917116581756860e-01
1.432187899273538889e+01,9.944010318458996744e-01,9.973984117225361823e-01,9.999917425099814627e-01
1.447660306680157127e+01,9.944218398699272710e-01,9.974081093087973082e-01,9.999917733700347533e-01
1.463299867706127877e+01,9.944426553259978485e-01,9.974178101413845310e-01,9.999918042398203699e-01
1.479108388168201316e+01,9.944634791673092611e-01,9.974275146642851420e-01,9.999918351207501832e-01
1.495087693391978867e+01,9.944843122993137774e-01,9.974372232991973730e-01,9.999918660141656757e-01
1.511239628422651649e+01,9.945051555804532706e-01,9.974469364458735665e-01,9.999918969213379416e-01
1.527566058238070568e+01,9.945260098235216839e-01,9.974566544827589976e-01,9.999919278434703518e-01
1.544068867964064040e+01,9.945468757960744810e-01,9.974663777671842757e-01,9.999919587816987754e-01
1.560749963092108317e+01,9.945677542211633915e-01,9.974761066357100692e-01,9.999919897370932453e-01
1.577611269699345087e+01,9.945886457780768186e-01,9.974858414044746047e-01,9.999920207106588466e-01
1.594654734670974960e+01,9.946095511030709213e-01,9.974955823695365043e-01,9.999920517033366041e-01
1.611882325925053649e+01,9.946304707900867070e-01,9.975053298072110719e-01,9.999920827160038161e-01
1.629296032639717495e+01,9.946514053914584652e-01,9.975150839744028053e-01,9.999921137494769408e-01
1.646897865482862855e+01,9.946723554186092109e-01,9.975248451089313573e-01,9.999921448045114847e-01
1.664689856844308125e+01,9.946933213427380238e-01,9.975346134298533896e-01,9.999921758818032247e-01
1.682674061070460780e+01,9.947143035954965073e-01,9.975443891377808736e-01,9.999922069819886516e-01
1.700852554701524966e+01,9.947353025696562545e-01,9.975541724151929524e-01,9.999922381056474130e-01
1.719227436711271650e+01,9.947563186197665441e-01,9.975639634267456923e-01,9.999922692533012025e-01
1.737800828749373494e+01,9.947773520628050425e-01,9.975737623195756187e-01,9.999923004254174241e-01
1.756574875386415968e+01,9.947984031788180692e-01,9.975835692236012520e-01,9.999923316224075265e-01
1.775551744361495210e+01,9.948194722115546451e-01,9.975933842518202033e-01,9.999923628446294455e-01
1.794733626832523044e+01,9.948405593690922144e-01,9.976032075006016075e-01,9.999923940923882704e-01
1.814122737629224957e+01,9.948616648244547056e-01,9.976130390499765577e-01,9.999924253659372431e-01
1.833721315508877936e+01,9.948827887162232653e-01,9.976228789639252081e-01,9.999924566654778690e-01
1.853531623414805907e+01,9.949039311490922577e-01,9.976327272906362342e-01,9.999924879911625819e-01
1.873555948737671528e+01,9.949250921944159387e-01,9.976425840627637376e-01,9.999925193430930781e-01
1.893796603579585991e+01,9.949462718910544456e-01,9.976524492978237069e-01,9.999925507213237585e-01
1.914255925021078752e+01,9.949674702458164433e-01,9.976623229984004082e-01,9.999925821258609515e-01
1.934936275390944616e+01,9.949886872340276689e-01,9.976722051524146151e-01,9.999926135566652441e-01
1.955840042539011492e+01,9.950099228001066942e-01,9.976820957333923934e-01,9.999926450136504830e-01
1.976969640111858695e+01,9.950311768581331373e-01,9.976919947007316658e-01,9.999926764966858839e-01
1.998327507831479721e+01,9.950524492924119890e-01,9.977019019999665561e-01,9.999927080055970308e-01
2.019916111777026302e+01,9.950737399580343867e-01,9.977118175630302899e-01,9.999927395401654318e-01
2.041737944669525717e+01,9.950950486814311713e-01,9.977217413085145425e-01,9.999927711001311836e-01
2.063795526159707450e+01,9.951163752609241131e-01,9.977316731419274554e-01,9.999928026851918617e-01
2.086091403118935972e+01,9.951377194672713644e-01,9.977416129559497637e-01,9.999928342950047400e-01
2.108628149933283780e+01,9.951590810442101365e-01,9.977515606306881502e-01,9.999928659291871247e-01
2.131408368800780551e+01,9.951804597089943805e-01,9.977615160339278200e-01,9.999928975873169090e-01
2.154434690031876798e+01,9.952018551529296930e-01,9.977714790213828566e-01,9.999929292689342386e-01
2.177709772353151152e+01,9.952232670419027816e-01,9.977814494369433573e-01,9.999929609735408453e-01
2.201236303214299284e+01,9.952446950169097084e-01,9.977914271129241230e-01,9.999929927006022679e-01
2.225016999098439641e+01,9.952661386945788058e-01,9.978014118703089075e-01,9.999930244495484066e-01
2.249054605835779341e+01,9.952875976676919256e-01,9.978114035189941111e-01,9.999930562197726358e-01
2.273351898920627434e+01,9.953090715057008042e-01,9.978214018580309208e-01,9.999930880106353559e-01
2.297911683831916818e+01,9.953305597552417616e-01,9.978314066758664502e-01,9.999931198214623285e-01
2.322736796357103017e+01,9.953520619406468484e-01,9.978414177505818827e-01,9.999931516515470076e-01
2.347830102919607498e+01,9.953735775644527717e-01,9.978514348501319464e-01,9.999931835001504288e-01
2.373194500909788118e+01,9.953951061079052698e-01,9.978614577325809476e-01,9.999932153665019863e-01
2.398832919019484322e+01,9.954166470314631532e-01,9.978714861463371388e-01,9.999932472498009872e-01
2.424748317580178281e+01,9.954381997752979050e-01,9.978815198303874201e-01,9.999932791492165407e-01
2.450943688904808937e+01,9.954597637597916160e-01,9.978915585145308187e-01,9.999933110638886680e-01
2.477422057633276964e+01,9.954813383860315890e-01,9.979016019196090825e-01,9.999933429929288575e-01
2.504186481081686466e+01,9.955029230363032777e-01,9.979116497577371625e-01,9.999933749354211754e-01
2.531240049595353625e+01,9.955245170745807837e-01,9.979217017325328065e-01,9.999934068904223761e-01
2.558585886905634865e+01,9.955461198470135775e-01,9.979317575393442663e-01,9.999934388569634569e-01
2.586227150490616467e+01,9.955677306824128880e-01,9.979418168654777821e-01,9.999934708340497691e-01
2.614167031939653540e+01,9.955893488927348711e-01,9.979518793904222917e-01,9.999935028206615728e-01
2.642408757321942403e+01,9.956109737735593379e-01,9.979619447860753612e-01,9.999935348157554804e-01
2.670955587558979971e+01,9.956326046045705924e-01,9.979720127169655619e-01,9.999935668182644566e-01
2.699810818801094570e+01,9.956542406500320519e-01,9.979820828404762922e-01,9.999935988270993725e-01
2.728977782808034291e+01,9.956758811592552050e-01,9.979921548070631587e-01,9.999936308411485619e-01
2.758459847333669046e+01,9.956975253670505843e-01,9.980022282604658068e-01,9.999936628592792642e-01
2.788260416514845375e+01,9.957191724942497935e-01,9.980123028379510597e-01,9.999936948803384018e-01
2.818382931264444835e+01,9.957408217481502621e-01,9.980223781705215291e-01,9.999937269031531351e-01
2.848830869668687527e+01,9.957624723229739905e-01,9.980324538831284453e-01,9.999937589265313065e-01
2.879607747388729067e+01,9.957841234003292907e-01,9.980425295948885944e-01,9.999937909492619958e-01
2.910717118066593656e+01,9.958057741496701976e-01,9.980526049192981475e-01,9.999938229701174075e-01
2.942162573735495812e+01,9.958274237287545461e-01,9.980626794644463784e-01,9.999938549878515381e-01
2.973947745234602991e+01,9.958490712840974979e-01,9.980727528332280496e-01,9.999938870012030634e-01
3.006076302628226671e+01,9.958707159514252893e-01,9.980828246235535772e-01,9.999939190088943386e-01
3.038551955629650081e+01,9.958923568561228734e-01,9.980928944285599735e-01,9.999939510096323980e-01
3.071378454029424176e+01,9.959139931136822277e-01,9.981029618368189027e-01,9.999939830021103981e-01
3.104559588128348935e+01,9.959356238301476649e-01,9.981130264325431822e-01,9.999940149850077287e-01
3.138099189175117942e+01,9.959572481025553703e-01,9.981230877957947278e-01,9.999940469569902346e-01
3.172001129808693065e+01,9.959788650193742710e-01,9.981331455026873911e-01,9.999940789167118815e-01
3.206269324505456098e+01,9.960004736609415765e-01,9.981431991255916847e-01,9.999941108628144226e-01
3.240907730031193523e+01,9.960220730998967653e-01,9.981532482333355105e-01,9.999941427939287308e-01
3.275920345897964125e+01,9.960436624016107965e-01,9.981632923914062205e-01,9.999941747086750210e-01
3.311311214825898475e+01,9.960652406246155444e-01,9.981733311621492355e-01,9.999942066056634049e-01
3.347084423209992110e+01,9.960868068210262383e-01,9.981833641049655537e-01,9.999942384834955567e-01
3.383244101591953523e+01,9.961083600369651236e-01,9.981933907765083713e-01,9.999942703407636024e-01
3.419794425137084914e+01,9.961298993129779067e-01,9.982034107308782600e-01,9.999943021760521189e-01
3.456739614116437309e+01,9.961514236844491998e-01,9.982134235198160122e-01,9.999943339879382442e-01
3.494083934394059554e+01,9.961729321820155247e-01,9.982234286928943767e-01,9.999943657749923442e-01
3.531831697919562885e+01,9.961944238319713207e-01,9.982334257977083514e-01,9.999943975357789006e-01
3.569987263225998930e+01,9.962158976566765078e-01,9.982434143800638093e-01,9.999944292688561776e-01
3.608555035933120081e+01,9.962373526749555008e-01,9.982533939841637949e-01,9.999944609727778877e-01
3.647539469256067690e+01,9.962587879024966675e-01,9.982633641527942636e-01,9.999944926460934136e-01
3.686945064519564141e+01,9.962802023522461248e-01,9.982733244275073803e-01,9.999945242873481410e-01
3.726776371677656385e+01,9.963015950347965388e-01,9.982832743488022631e-01,9.999945558950842361e-01
3.767037989839074896e+01,9.963229649587767023e-01,9.982932134563062831e-01,9.999945874678413116e-01
3.807734567798267733e+01,9.963443111312308975e-01,9.983031412889517009e-01,9.999946190041568705e-01
3.848870804572172943e+01,9.963656325580002582e-01,9.983130573851521916e-01,9.999946505025667509e-01
3.890451449942802498e+01,9.963869282440953601e-01,9.983229612829772615e-01,9.999946819616062355e-01
3.932481305005617145e+01,9.964081971940680349e-01,9.983328525203241099e-01,9.999947133798093857e-01
3.974965222723969305e+01,9.964294384123774106e-01,9.983427306350880492e-01,9.999947447557109292e-01
4.017908108489392305e+01,9.964506509037509563e-01,9.983525951653305919e-01,9.999947760878463709e-01
4.061314920688012364e+01,9.964718336735436388e-01,9.983624456494456512e-01,9.999948073747519928e-01
4.105190671273069114e+01,9.964929857280898640e-01,9.983722816263236322e-01,9.999948386149659640e-01
4.149540426343618549e+01,9.965141060750528634e-01,9.983821026355130801e-01,9.999948698070286746e-01
4.194369306729486624e+01,9.965351937237686419e-01,9.983919082173815518e-01,9.999949009494829566e-01
4.239682488582545972e+01,9.965562476855850393e-01,9.984016979132711578e-01,9.999949320408754172e-01
4.285485203974380397e+01,9.965772669741972400e-01,9.984114712656561030e-01,9.999949630797555500e-01
4.331782741500398970e+01,9.965982506059776203e-01,9.984212278182945655e-01,9.999949940646778446e-01
4.378580446890486400e+01,9.966191976002998221e-01,9.984309671163799083e-01,9.999950249942008984e-01
4.425883723626262167e+01,9.966401069798608292e-01,9.984406887066890057e-01,9.999950558668889711e-01
4.473698033564924259e+01,9.966609777709938278e-01,9.984503921377290148e-01,9.999950866813109851e-01
4.522028897569999373e+01,9.966818090039809563e-01,9.984600769598799275e-01,9.999951174360431905e-01
4.570881896148743095e+01,9.967025997133560633e-01,9.984697427255377900e-01,9.999951481296672773e-01
4.620262670096506241e+01,9.967233489382059108e-01,9.984793889892519259e-01,9.999951787607722631e-01
4.670176921148051008e+01,9.967440557224648279e-01,9.984890153078630481e-01,9.999952093279547150e-01
4.720630412635893691e+01,9.967647191152029240e-01,9.984986212406360417e-01,9.999952398298190825e-01
4.771628970155772009e+01,9.967853381709117500e-01,9.985082063493920801e-01,9.999952702649773650e-01
4.823178482239291753e+01,9.968059119497818532e-01,9.985177701986378551e-01,9.999953006320506654e-01
4.875284901033847262e+01,9.968264395179761150e-01,9.985273123556918096e-01,9.999953309296694126e-01
4.927954242989879674e+01,9.968469199478979803e-01,9.985368323908080379e-01,9.999953611564725842e-01
4.981192589555570294e+01,9.968673523184535812e-01,9.985463298772979668e-01,9.999953913111097048e-01
5.035006087879026637e+01,9.968877357153078655e-01,9.985558043916488158e-01,9.999954213922405133e-01
5.089400951518085492e+01,9.969080692311358405e-01,9.985652555136392827e-01,9.999954513985346294e-01
5.144383461157680415e+01,9.969283519658690418e-01,9.985746828264540076e-01,9.999954813286732191e-01
5.199959965335152390e+01,9.969485830269335658e-01,9.985840859167943728e-01,9.999955111813482178e-01
5.256136881173207342e+01,9.969687615294851035e-01,9.985934643749849737e-01,9.999955409552635510e-01
5.312920695120885028e+01,9.969888865966375358e-01,9.986028177950814211e-01,9.999955706491349128e-01
5.370317963702515129e+01,9.970089573596846444e-01,9.986121457749713715e-01,9.999956002616903206e-01
5.428335314274764301e+01,9.970289729583174942e-01,9.986214479164762237e-01,9.999956297916698933e-01
5.486979445791860854e+01,9.970489325408352643e-01,9.986307238254463758e-01,9.999956592378274056e-01
5.546257129579090162e+01,9.970688352643498620e-01,9.986399731118580370e-01,9.999956885989293998e-01
5.606175210114637508e+01,9.970886802949867622e-01,9.986491953899039320e-01,9.999957178737555186e-01
5.666740605819891385e+01,9.971084668080761881e-01,9.986583902780828970e-01,9.999957470610999488e-01
5.727960309858269028e+01,9.971281939883428480e-01,9.986675573992861432e-01,9.999957761597703110e-01
5.789841390942686417e+01,9.971478610300866796e-01,9.986766963808811903e-01,9.999958051685886584e-01
5.852390994151760140e+01,9.971674671373584875e-01,9.986858068547932454e-01,9.999958340863915884e-01
5.915616341754731877e+01,9.971870115241310284e-01,9.986948884575826968e-01,9.999958629120303533e-01
5.979524734045509859e+01,9.972064934144617698e-01,9.987039408305211641e-01,9.999958916443716372e-01
6.044123550185508975e+01,9.972259120426527623e-01,9.987129636196642180e-01,9.999959202822966686e-01
6.109420249055707330e+01,9.972452666534015187e-01,9.987219564759214352e-01,9.999959488247031070e-01
6.175422370117881599e+01,9.972645565019485625e-01,9.987309190551242333e-01,9.999959772705033778e-01
6.242137534285149059e+01,9.972837808542183158e-01,9.987398510180895972e-01,9.999960056186261159e-01
6.309573444801913666e+01,9.973029389869536576e-01,9.987487520306829181e-01,9.999960338680164984e-01
6.377737888133318478e+01,9.973220301878448213e-01,9.987576217638761689e-01,9.999960620176351345e-01
6.446638734864308162e+01,9.973410537556538502e-01,9.987664598938060800e-01,9.999960900664596197e-01
6.516283940608401792e+01,9.973600090003309493e-01,9.987752661018268752e-01,9.999961180134843142e-01
6.586681546926287467e+01,9.973788952431273946e-01,9.987840400745613412e-01,9.999961458577195650e-01
6.657839682254358138e+01,9.973977118167018929e-01,9.987927815039504553e-01,9.999961735981935940e-01
6.729766562843170163e+01,9.974164580652199463e-01,9.988014900872982382e-01,9.999962012339512762e-01
6.802470493706266552e+01,9.974351333444501089e-01,9.988101655273159407e-01,9.999962287640542513e-01
6.875959869579020278e+01,9.974537370218525822e-01,9.988188075321624559e-01,9.999962561875821443e-01
6.950243175887953839e+01,9.974722684766635927e-01,9.988274158154824001e-01,9.999962835036321218e-01
7.025328989730505214e+01,9.974907270999733289e-01,9.988359900964410842e-01,9.999963107113180039e-01
7.101225980865378062e+01,9.975091122947987721e-01,9.988445300997600418e-01,9.999963378097721511e-01
7.177942912713596968e+01,9.975274234761514203e-01,9.988530355557438956e-01,9.999963647981444659e-01
7.255488643370368607e+01,9.975456600710990163e-01,9.988615062003113332e-01,9.999963916756023918e-01
7.333872126627881016e+01,9.975638215188227242e-01,9.988699417750199760e-01,9.999964184413315804e-01
7.413102413009147540e+01,9.975819072706683110e-01,9.988783420270886948e-01,9.999964450945360017e-01
7.493188650813030449e+01,9.975999167901917764e-01,9.988867067094190366e-01,9.999964716344365012e-01
7.574140087170532354e+01,9.976178495532019852e-01,9.988950355806136550e-01,9.999964980602737974e-01
7.655966069112555772e+01,9.976357050477955291e-01,9.989033284049919637e-01,9.999965243713049290e-01
7.738676044649034225e+01,9.976534827743878120e-01,9.989115849526041258e-01,9.999965505668066967e-01
7.822279563860014662e+01,9.976711822457395851e-01,9.989198049992416006e-01,9.999965766460731098e-01
7.906786279998236466e+01,9.976888029869774854e-01,9.989279883264472470e-01,9.999966026084170512e-01
7.992205950603781162e+01,9.977063445356101345e-01,9.989361347215210962e-01,9.999966284531693894e-01
8.078548438630711814e+01,9.977238064415406837e-01,9.989442439775264582e-01,9.999966541796790898e-01
8.165823713585902510e+01,9.977411882670723653e-01,9.989523158932904767e-01,9.999966797873137692e-01
8.254041852680160218e+01,9.977584895869112680e-01,9.989603502734054619e-01,9.999967052754595853e-01
8.343213041991789680e+01,9.977757099881637837e-01,9.989683469282273354e-01,9.999967306435204595e-01
8.433347577642724957e+01,9.977928490703296127e-01,9.989763056738710789e-01,9.999967558909185206e-01
8.524455866987364061e+01,9.978099064452901068e-01,9.989842263322046279e-01,9.999967810170949933e-01
8.616548429814258725e+01,9.978268817372936139e-01,9.989921087308415437e-01,9.999968060215083110e-01
8.709635899560768735e+01,9.978437745829340511e-01,9.989999527031308002e-01,9.999968309036357805e-01
8.803729024540886883e+01,9.978605846311281447e-01,9.990077580881445707e-01,9.999968556629726946e-01
8.898838669186159223e+01,9.978773115430858986e-01,9.990155247306650166e-01,9.999968802990324424e-01
8.994975815300337274e+01,9.978939549922796193e-01,9.990232524811683001e-01,9.999969048113461767e-01
9.092151563327254848e+01,9.979105146644066116e-01,9.990309411958069319e-01,9.999969291994635912e-01
9.190377133632573248e+01,9.979269902573493223e-01,9.990385907363908968e-01,9.999969534629521428e-01
9.289663867799340835e+01,9.979433814811319303e-01,9.990462009703663382e-01,9.999969776013969414e-01
9.390023229937534666e+01,9.979596880578720519e-01,9.990537717707934640e-01,9.999970016144010820e-01
9.491466808007771760e+01,9.979759097217305586e-01,9.990613030163213448e-01,9.999970255015853127e-01
9.594006315159299447e+01,9.979920462188552888e-01,9.990687945911618240e-01,9.999970492625882557e-01
9.697653591082458036e+01,9.980080973073243156e-01,9.990762463850632047e-01,9.999970728970654088e-01
9.802420603375742303e+01,9.980240627570832190e-01,9.990836582932793863e-01,9.999970964046909216e-01
9.908319448927635165e+01,9.980399423498815814e-01,9.990910302165402213e-01,9.999971197851550420e-01
1.001536235531341106e+02,9.980557358792033762e-01,9.990983620610197624e-01,9.999971430381658921e-01
1.012356168220684367e+02,9.980714431501965800e-01,9.991056537383008473e-01,9.999971661634486919e-01
1.023292992280752713e+02,9.980870639795996757e-01,9.991129051653423465e-01,9.999971891607455365e-01
1.034347970528324936e+02,9.981025981956630488e-01,9.991201162644414158e-01,9.999972120298159517e-01
1.045522379422814936e+02,9.981180456380699395e-01,9.991272869631960818e-01,9.999972347704354503e-01
1.056817509213656052e+02,9.981334061578541750e-01,9.991344171944664954e-01,9.999972573823967537e-01
1.068234664089280557e+02,9.981486796173127951e-01,9.991415068963351853e-01,9.999972798655090145e-01
1.079775162327706539e+02,9.981638658899203431e-01,9.991485560120645371e-01,9.999973022195977057e-01
1.091440336448753072e+02,9.981789648602369391e-01,9.991555644900554922e-01,9.999973244445047316e-01
1.103231533367898578e+02,9.981939764238155766e-01,9.991625322838034728e-01,9.999973465400878725e-01
1.115150114551802432e+02,9.982089004871067539e-01,9.991694593518533063e-01,9.999973685062214512e-01
1.127197456175505863e+02,9.982237369673615524e-01,9.991763456577540392e-01,9.999973903427947786e-01
1.139374949281332050e+02,9.982384857925303834e-01,9.991831911700119750e-01,9.999974120497134855e-01
1.151683999939506009e+02,9.982531469011632907e-01,9.991899958620427125e-01,9.999974336268986352e-01
1.164126029410489878e+02,9.982677202423034801e-01,9.991967597121235167e-01,9.999974550742866120e-01
1.176702474309112603e+02,9.982822057753845124e-01,9.992034827033424715e-01,9.999974763918290099e-01
1.189414786770432357e+02,9.982966034701197255e-01,9.992101648235486300e-01,9.999974975794925225e-01
1.202264434617410416e+02,9.983109133063950980e-01,9.992168060653016104e-01,9.999975186372588309e-01
1.215252901530392791e+02,9.983251352741568940e-01,9.992234064258189719e-01,9.999975395651240495e-01
1.228381687218423508e+02,9.983392693732998646e-01,9.992299659069230344e-01,9.999975603630992804e-01
1.241652307592407425e+02,9.983533156135522280e-01,9.992364845149889208e-01,9.999975810312099478e-01
1.255066294940144473e+02,9.983672740143604285e-01,9.992429622608893780e-01,9.999976015694953535e-01
1.268625198103255229e+02,9.983811446047721194e-01,9.992493991599407099e-01,9.999976219780091213e-01
1.282330582656016702e+02,9.983949274233180349e-01,9.992557952318475989e-01,9.999976422568188639e-01
1.296184031086131085e+02,9.984086225178919749e-01,9.992621505006463734e-01,9.999976624060052943e-01
1.310187142977448218e+02,9.984222299456306793e-01,9.992684649946501629e-01,9.999976824256638919e-01
1.324341535194663209e+02,9.984357497727912589e-01,9.992747387463912778e-01,9.999977023159019041e-01
1.338648842069991360e+02,9.984491820746295154e-01,9.992809717925639212e-01,9.999977220768411224e-01
1.353110715591901965e+02,9.984625269352758181e-01,9.992871641739671240e-01,9.999977417086153286e-01
1.367728825595846445e+02,9.984757844476105371e-01,9.992933159354457917e-01,9.999977612113716274e-01
1.382504859957070096e+02,9.984889547131384768e-01,9.992994271258335282e-01,9.999977805852694468e-01
1.397440524785502021e+02,9.985020378418636433e-01,9.993054977978924613e-01,9.999977998304807603e-01
1.412537544622750261e+02,9.985150339521614571e-01,9.993115280082557339e-01,9.999978189471900869e-01
1.427797662641226282e+02,9.985279431706526321e-01,9.993175178173671069e-01,9.999978379355931590e-01
1.443222640845418709e+02,9.985407656320747227e-01,9.993234672894220072e-01,9.999978567958985876e-01
1.458814260275343031e+02,9.985535014791544484e-01,9.993293764923076861e-01,9.999978755283258636e-01
1.474574321212189147e+02,9.985661508624784632e-01,9.993352454975436006e-01,9.999978941331065796e-01
1.490504643386189798e+02,9.985787139403645707e-01,9.993410743802213503e-01,9.999979126104825422e-01
1.506607066186740553e+02,9.985911908787333813e-01,9.993468632189435041e-01,9.999979309607079925e-01
1.522883448874763133e+02,9.986035818509773065e-01,9.993526120957655356e-01,9.999979491840471635e-01
1.539335670797416071e+02,9.986158870378323282e-01,9.993583210961337615e-01,9.999979672807752795e-01
1.555965631605071735e+02,9.986281066272482132e-01,9.993639903088250565e-01,9.999979852511780010e-01
1.572775251470664273e+02,9.986402408142577292e-01,9.993696198258884555e-01,9.999980030955515353e-01
1.589766471311401688e+02,9.986522898008485249e-01,9.993752097425820935e-01,9.999980208142021931e-01
1.606941253012873005e+02,9.986642537958325683e-01,9.993807601573151400e-01,9.999980384074458328e-01
1.624301579655577257e+02,9.986761330147161386e-01,9.993862711715871816e-01,9.999980558756084159e-01
1.641849455743898147e+02,9.986879276795725957e-01,9.993917428899268263e-01,9.999980732190253407e-01
1.659586907437554828e+02,9.986996380189104849e-01,9.993971754198331947e-01,9.999980904380413316e-01
1.677515982785550932e+02,9.987112642675471941e-01,9.994025688717156353e-01,9.999981075330108826e-01
1.695638751962652293e+02,9.987228066664785020e-01,9.994079233588337718e-01,9.999981245042963707e-01
1.713957307508418069e+02,9.987342654627520133e-01,9.994132389972382180e-01,9.999981413522699425e-01
1.732473764568822503e+02,9.987456409093383725e-01,9.994185159057111800e-01,9.999981580773117384e-01
1.751190261140454822e+02,9.987569332650045872e-01,9.994237542057071710e-01,9.999981746798107807e-01
1.770108958317418342e+02,9.987681427941864643e-01,9.994289540212946132e-01,9.999981911601641960e-01
1.789232040540836124e+02,9.987792697668631536e-01,9.994341154790966630e-01,9.999982075187767716e-01
1.808561715851083420e+02,9.987903144584312498e-01,9.994392387082331464e-01,9.999982237560618437e-01
1.828100216142738361e+02,9.988012771495791142e-01,9.994443238402626051e-01,9.999982398724397425e-01
1.847849797422285860e+02,9.988121581261633075e-01,9.994493710091241212e-01,9.999982558683390144e-01
1.867812740068608264e+02,9.988229576790843556e-01,9.994543803510803626e-01,9.999982717441947555e-01
1.887991349096287195e+02,9.988336761041634038e-01,9.994593520046602952e-01,9.999982875004497229e-01
1.908387954421751829e+02,9.988443137020203144e-01,9.994642861106025622e-01,9.999983031375536680e-01
1.929004911132302027e+02,9.988548707779528746e-01,9.994691828117985288e-01,9.999983186559627812e-01
1.949844599758037305e+02,9.988653476418140054e-01,9.994740422532373270e-01,9.999983340561401368e-01
1.970909426546724603e+02,9.988757446078941893e-01,9.994788645819491224e-01,9.999983493385549149e-01
1.992201823741641249e+02,9.988860619948013442e-01,9.994836499469510471e-01,9.999983645036829571e-01
2.013724249862385420e+02,9.988963001253426954e-01,9.994883984991917991e-01,9.999983795520061003e-01
2.035479189988790552e+02,9.989064593264075365e-01,9.994931103914970194e-01,9.999983944840113992e-01
2.057469156047835384e+02,9.989165399288520986e-01,9.994977857785164455e-01,9.999984093001930141e-01
2.079696687103690920e+02,9.989265422673825334e-01,9.995024248166692882e-01,9.999984240010491021e-01
2.102164349650892063e+02,9.989364666804427806e-01,9.995070276640927176e-01,9.999984385870843706e-01
2.124874737910676572e+02,9.989463135100989932e-01,9.995115944805871289e-01,9.999984530588084120e-01
2.147830474130527136e+02,9.989560831019292930e-01,9.995161254275675144e-01,9.999984674167357035e-01
2.171034208886947283e+02,9.989657758049120817e-01,9.995206206680082861e-01,9.999984816613859406e-01
2.194488621391509469e+02,9.989753919713151298e-01,9.995250803663950911e-01,9.999984957932830376e-01
2.218196419800210322e+02,9.989849319565883290e-01,9.995295046886731871e-01,9.999985098129562378e-01
2.242160341526165155e+02,9.989943961192540023e-01,9.995338938021972597e-01,9.999985237209386701e-01
2.266383153555692616e+02,9.990037848208018767e-01,9.995382478756826838e-01,9.999985375177675717e-01
2.290867652767770153e+02,9.990130984255827240e-01,9.995425670791564521e-01,9.999985512039851754e-01
2.315616666257023724e+02,9.990223373007035557e-01,9.995468515839085466e-01,9.999985647801366007e-01
2.340633051660124124e+02,9.990315018159254823e-01,9.995511015624441997e-01,9.999985782467715190e-01
2.365919697485753375e+02,9.990405923435606850e-01,9.995553171884372645e-01,9.999985916044430434e-01
2.391479523448122393e+02,9.990496092583727172e-01,9.995594986366828083e-01,9.999986048537077288e-01
2.417315480804097376e+02,9.990585529374758078e-01,9.995636460830513714e-01,9.999986179951253495e-01
2.443430552693964728e+02,9.990674237602369390e-01,9.995677597044431151e-01,9.999986310292592329e-01
2.469827754485877733e+02,9.990762221081788130e-01,9.995718396787436344e-01,9.999986439566755925e-01
2.496510134124025910e+02,9.990849483648835960e-01,9.995758861847784393e-01,9.999986567779438618e-01
2.523480772480565122e+02,9.990936029158987708e-01,9.995798994022701001e-01,9.999986694936359166e-01
2.550742783711348523e+02,9.991021861486435451e-01,9.995838795117945041e-01,9.999986821043261864e-01
2.578299315615501541e+02,9.991106984523155932e-01,9.995878266947386681e-01,9.999986946105923202e-01
2.606153549998892913e+02,9.991191402178020153e-01,9.995917411332579938e-01,9.999987070130135214e-01
2.634308703041479589e+02,9.991275118375885222e-01,9.995956230102350792e-01,9.999987193121718798e-01
2.662768025668721634e+02,9.991358137056712829e-01,9.995994725092398614e-01,9.999987315086514839e-01
2.691534803926910513e+02,9.991440462174695503e-01,9.996032898144873169e-01,9.999987436030379762e-01
2.720612359362600046e+02,9.991522097697406180e-01,9.996070751107996033e-01,9.999987555959196639e-01
2.750004049406127820e+02,9.991603047604944443e-01,9.996108285835659801e-01,9.999987674878860755e-01
2.779713267759281052e+02,9.991683315889110517e-01,9.996145504187050612e-01,9.999987792795281827e-01
2.809743444787148405e+02,9.991762906552579260e-01,9.996182408026257349e-01,9.999987909714392886e-01
2.840098047914205495e+02,9.991841823608097473e-01,9.996218999221910817e-01,9.999988025642131406e-01
2.870780582024680712e+02,9.991920071077691201e-01,9.996255279646809599e-01,9.999988140584458174e-01
2.901794589867244554e+02,9.991997652991875256e-01,9.996291251177560344e-01,9.999988254547333977e-01
2.933143652464073057e+02,9.992074573388893821e-01,9.996326915694225823e-01,9.999988367536739586e-01
2.964831389524339897e+02,9.992150836313961060e-01,9.996362275079971882e-01,9.999988479558661325e-01
2.996861459862121251e+02,9.992226445818517266e-01,9.996397331220719940e-01,9.999988590619094397e-01
3.029237561818924291e+02,9.992301405959495009e-01,9.996432086004819473e-01,9.999988700724039559e-01
3.061963433690672218e+02,9.992375720798613026e-01,9.996466541322710508e-01,9.999988809879507556e-01
3.095042854159355556e+02,9.992449394401652363e-01,9.996500699066594997e-01,9.999988918091512469e-01
3.128479642729337797e+02,9.992522430837778025e-01,9.996534561130123731e-01,9.999989025366071704e-01
3.162277660168371085e+02,9.992594834178855079e-01,9.996568129408076597e-01,9.999989131709207113e-01
3.196440808953381065e+02,9.992666608498775860e-01,9.996601405796056161e-01,9.999989237126942765e-01
3.230973033721062393e+02,9.992737757872807158e-01,9.996634392190182350e-01,9.999989341625302730e-01
3.265878321723346858e+02,9.992808286376950733e-01,9.996667090486804907e-01,9.999989445210315520e-01
3.301160703287789602e+02,9.992878198087302710e-01,9.996699502582193642e-01,9.999989547888001873e-01
3.336824252282928569e+02,9.992947497079448516e-01,9.996731630372274191e-01,9.999989649664389191e-01
3.372873086588674596e+02,9.993016187427838926e-01,9.996763475752330486e-01,9.999989750545495992e-01
3.409311368571790126e+02,9.993084273205210533e-01,9.996795040616743844e-01,9.999989850537340796e-01
3.446143305566450863e+02,9.993151758481993996e-01,9.996826326858708756e-01,9.999989949645941012e-01
3.483373150360112618e+02,9.993218647325741166e-01,9.996857336369984193e-01,9.999990047877300725e-01
3.521005201684512826e+02,9.993284943800577746e-01,9.996888071040629375e-01,9.999990145237426242e-01
3.559043804712033534e+02,9.993350651966641518e-01,9.996918532758750642e-01,9.999990241732317209e-01
3.597493351557414485e+02,9.993415775879553875e-01,9.996948723410248316e-01,9.999990337367956617e-01
3.636358281784887367e+02,9.993480319589890248e-01,9.996978644878591336e-01,9.999990432150331898e-01
3.675643082920789197e+02,9.993544287142672733e-01,9.997008299044563007e-01,9.999990526085412723e-01
3.715352290971713387e+02,9.993607682576871598e-01,9.997037687786038962e-01,9.999990619179167650e-01
3.755490490948257047e+02,9.993670509924893475e-01,9.997066812977759565e-01,9.999990711437541924e-01
3.796062317394427623e+02,9.993732773212130605e-01,9.997095676491104532e-01,9.999990802866485229e-01
3.837072454922771954e+02,9.993794476456470122e-01,9.997124280193886436e-01,9.999990893471925046e-01
3.878525638755278919e+02,9.993855623667844412e-01,9.997152625950127547e-01,9.999990983259779975e-01
3.920426655270148331e+02,9.993916218847787025e-01,9.997180715619862212e-01,9.999991072235955292e-01
3.962780342554389108e+02,9.993976265988987473e-01,9.997208551058934800e-01,9.999991160406346280e-01
4.005591590962534951e+02,9.994035769074879338e-01,9.997236134118798745e-01,9.999991247776826020e-01
4.048865343681248419e+02,9.994094732079202847e-01,9.997263466646330032e-01,9.999991334353262040e-01
4.092606597300099338e+02,9.994153158965625172e-01,9.997290550483639571e-01,9.999991420141498555e-01
4.136820402388496518e+02,9.994211053687327428e-01,9.997317387467892225e-01,9.999991505147369786e-01
4.181511864078846088e+02,9.994268420186621649e-01,9.997343979431125849e-01,9.999991589376689971e-01
4.226686142656016614e+02,9.994325262394589959e-01,9.997370328200078093e-01,9.999991672835260026e-01
4.272348454153170110e+02,9.994381584230698223e-01,9.997396435596030972e-01,9.999991755528858661e-01
4.318504070954026588e+02,9.994437389602460753e-01,9.997422303434625457e-01,9.999991837463249045e-01
4.365158322401642863e+02,9.994492682405077266e-01,9.997447933525722696e-01,9.999991918644175470e-01
4.412316595413757341e+02,9.994547466521110923e-01,9.997473327673238597e-01,9.999991999077364468e-01
4.459984335104810498e+02,9.994601745820149707e-01,9.997498487674996159e-01,9.999992078768521475e-01
4.508167045414596146e+02,9.994655524158501114e-01,9.997523415322581153e-01,9.999992157723327502e-01
4.556870289743867488e+02,9.994708805378872407e-01,9.997548112401192233e-01,9.999992235947455788e-01
4.606099691596651837e+02,9.994761593310075298e-01,9.997572580689519928e-01,9.999992313446544046e-01
4.655860935229579809e+02,9.994813891766733960e-01,9.997596821959591207e-01,9.999992390226218886e-01
4.706159766308219332e+02,9.994865704549010799e-01,9.997620837976657349e-01,9.999992466292081383e-01
4.757001992570493485e+02,9.994917035442317799e-01,9.997644630499060714e-01,9.999992541649709299e-01
4.808393484497271402e+02,9.994967888217074492e-01,9.997668201278117062e-01,9.999992616304662629e-01
4.860340175990202169e+02,9.995018266628421522e-01,9.997691552057993425e-01,9.999992690262475836e-01
4.912848065056867313e+02,9.995068174416000817e-01,9.997714684575591537e-01,9.999992763528653406e-01
4.965923214503342251e+02,9.995117615303699132e-01,9.997737600560450133e-01,9.999992836108690941e-01
5.019571752634234940e+02,9.995166592999423782e-01,9.997760301734628374e-01,9.999992908008045189e-01
5.073799873960287528e+02,9.995215111194870605e-01,9.997782789812600379e-01,9.999992979232160684e-01
5.128613839913642778e+02,9.995263173565319681e-01,9.997805066501169735e-01,9.999993049786446431e-01
5.184019979570747410e+02,9.995310783769412177e-01,9.997827133499357366e-01,9.999993119676299225e-01
5.240024690383241932e+02,9.995357945448962722e-01,9.997848992498322707e-01,9.999993188907078112e-01
5.296634438916568115e+02,9.995404662228756232e-01,9.997870645181262672e-01,9.999993257484128817e-01
5.353855761596652201e+02,9.995450937716369166e-01,9.997892093223341714e-01,9.999993325412758205e-01
5.411695265464624072e+02,9.995496775501978570e-01,9.997913338291591900e-01,9.999993392698260930e-01
5.470159628939701406e+02,9.995542179158209972e-01,9.997934382044852963e-01,9.999993459345891678e-01
5.529255602590310446e+02,9.995587152239946427e-01,9.997955226133676820e-01,9.999993525360892921e-01
5.588990009913538870e+02,9.995631698284193067e-01,9.997975872200275393e-01,9.999993590748469385e-01
5.649369748123004911e+02,9.995675820809912793e-01,9.997996321878431791e-01,9.999993655513804702e-01
5.710401788945247290e+02,9.995719523317885269e-01,9.998016576793448129e-01,9.999993719662052527e-01
5.772093179424708751e+02,9.995762809290562600e-01,9.998036638562080025e-01,9.999993783198342090e-01
5.834451042737422313e+02,9.995805682191947206e-01,9.998056508792467767e-01,9.999993846127771535e-01
5.897482579013508257e+02,9.995848145467460810e-01,9.998076189084088572e-01,9.999993908455417913e-01
5.961195066168452286e+02,9.995890202543821212e-01,9.998095681027697745e-01,9.999993970186322745e-01
6.025595860743567300e+02,9.995931856828927931e-01,9.998114986205277610e-01,9.999994031325503130e-01
6.090692398755337535e+02,9.995973111711765613e-01,9.998134106189984216e-01,9.999994091877947300e-01
6.156492196554031580e+02,9.996013970562288575e-01,9.998153042546106262e-01,9.999994151848620172e-01
6.223002851691578599e+02,9.996054436731331982e-01,9.998171796829024016e-01,9.999994211242448916e-01
6.290232043798814630e+02,9.996094513550515259e-01,9.998190370585156028e-01,9.999994270064341828e-01
6.358187535472210357e+02,9.996134204332159934e-01,9.998208765351933591e-01,9.999994328319171677e-01
6.426877173170174729e+02,9.996173512369215253e-01,9.998226982657755224e-01,9.999994386011784586e-01
6.496308888119046969e+02,9.996212440935172694e-01,9.998245024021955585e-01,9.999994443147002254e-01
6.566490697228869067e+02,9.996250993283999353e-01,9.998262890954779936e-01,9.999994499729607522e-01
6.637430704019060386e+02,9.996289172650077992e-01,9.998280584957344175e-01,9.999994555764363247e-01
6.709137099554105816e+02,9.996326982248140425e-01,9.998298107521615963e-01,9.999994611255998977e-01
6.781618163389244955e+02,9.996364425273224219e-01,9.998315460130388077e-01,9.999994666209219840e-01
6.854882264526605695e+02,9.996401504900609414e-01,9.998332644257248436e-01,9.999994720628693212e-01
6.928937862381437753e+02,9.996438224285776331e-01,9.998349661366580099e-01,9.999994774519064267e-01
7.003793507758896340e+02,9.996474586564371156e-01,9.998366512913519077e-01,9.999994827884948201e-01
7.079457843841362319e+02,9.996510594852162646e-01,9.998383200343949895e-01,9.999994880730925795e-01
7.155939607186419380e+02,9.996546252245013253e-01,9.998399725094496704e-01,9.999994933061554514e-01
7.233247628735621220e+02,9.996581561818851380e-01,9.998416088592497752e-01,9.999994984881355187e-01
7.311390834834151065e+02,9.996616526629646948e-01,9.998432292256003162e-01,9.999995036194829767e-01
7.390378248261501994e+02,9.996651149713384754e-01,9.998448337493767157e-01,9.999995087006440242e-01
7.470218989273288344e+02,9.996685434086065580e-01,9.998464225705242514e-01,9.999995137320625282e-01
7.550922276654308689e+02,9.996719382743677329e-01,9.998479958280567237e-01,9.999995187141789144e-01
7.632497428782996849e+02,9.996752998662196132e-01,9.998495536600571221e-01,9.999995236474310545e-01
7.714953864707387083e+02,9.996786284797581912e-01,9.998510962036769589e-01,9.999995285322539340e-01
7.798301105232576447e+02,9.996819244085769496e-01,9.998526235951362695e-01,9.999995333690789856e-01
7.882548774020200426e+02,9.996851879442685274e-01,9.998541359697243891e-01,9.999995381583351994e-01
7.967706598699520555e+02,9.996884193764242754e-01,9.998556334617996200e-01,9.999995429004485681e-01
8.053784411990648096e+02,9.996916189926352558e-01,9.998571162047903416e-01,9.999995475958420865e-01
8.140792152839875371e+02,9.996947870784944623e-01,9.998585843311948995e-01,9.999995522449357521e-01
8.228739867567272768e+02,9.996979239175974863e-01,9.998600379725830489e-01,9.999995568481462316e-01
8.317637711026684428e+02,9.997010297915445154e-01,9.998614772595968425e-01,9.999995614058883042e-01
8.407495947778255641e+02,9.997041049799433310e-01,9.998629023219517409e-01,9.999995659185724195e-01
8.498324953273624942e+02,9.997071497604110846e-01,9.998643132884377227e-01,9.999995703866073615e-01
8.590135215053924185e+02,9.997101644085774064e-01,9.998657102869202840e-01,9.999995748103980286e-01
8.682937333960717297e+02,9.997131491980872919e-01,9.998670934443426583e-01,9.999995791903467657e-01
8.776742025360024400e+02,9.997161044006053210e-01,9.998684628867270385e-01,9.999995835268533639e-01
8.871560120379598402e+02,9.997190302858178779e-01,9.998698187391762415e-01,9.999995878203140620e-01
8.967402567159414275e+02,9.997219271214384806e-01,9.998711611258758181e-01,9.999995920711223230e-01
9.064280432115978101e+02,9.997247951732111115e-01,9.998724901700963841e-01,9.999995962796693894e-01
9.162204901219979547e+02,9.997276347049146583e-01,9.998738059941940648e-01,9.999996004463423960e-01
9.261187281287914175e+02,9.997304459783676878e-01,9.998751087196150467e-01,9.999996045715265902e-01
9.361239001287616475e+02,9.997332292534334419e-01,9.998763984668961324e-01,9.999996086556037778e-01
9.462371613657903708e+02,9.997359847880256112e-01,9.998776753556681829e-01,9.999996126989533218e-01
9.564596795642472671e+02,9.997387128381115540e-01,9.998789395046576711e-01,9.999996167019515880e-01
9.667926350638210806e+02,9.997414136577199573e-01,9.998801910316904573e-01,9.999996206649715003e-01
9.772372209558070608e+02,9.997440874989460546e-01,9.998814300536931210e-01,9.999996245883840951e-01
9.877946432208668739e+02,9.997467346119570664e-01,9.998826566866972909e-01,9.999996284725567453e-01
9.984661208682766755e+02,9.997493552449983056e-01,9.998838710458413104e-01,9.999996323178544921e-01
1.009252886076683467e+03,9.997519496444001730e-01,9.998850732453737900e-01,9.999996361246394905e-01
1.020156184336363253e+03,9.997545180545839294e-01,9.998862633986563830e-01,9.999996398932707864e-01
1.031177274593053653e+03,9.997570607180693569e-01,9.998874416181676716e-01,9.999996436241047615e-01
1.042317429393302291e+03,9.997595778754801987e-01,9.998886080155047207e-01,9.999996473174951328e-01
1.053577935031404877e+03,9.997620697655530408e-01,9.998897627013886291e-01,9.999996509737930639e-01
1.064960091697927737e+03,9.997645366251420862e-01,9.998909057856658622e-01,9.999996545933461656e-01
1.076465213629832078e+03,9.997669786892292576e-01,9.998920373773131365e-01,9.999996581765000503e-01
1.088094629262223179e+03,9.997693961909290827e-01,9.998931575844397512e-01,9.999996617235971108e-01
1.099849681381737582e+03,9.997717893614982421e-01,9.998942665142926955e-01,9.999996652349771864e-01
1.111731727281587382e+03,9.997741584303422302e-01,9.998953642732582026e-01,9.999996687109777849e-01
1.123742138918279124e+03,9.997765036250240156e-01,9.998964509668676337e-01,9.999996721519327503e-01
1.135882303070027547e+03,9.997788251712711460e-01,9.998975266997993661e-01,9.999996755581741503e-01
1.148153621496877804e+03,9.997811232929848524e-01,9.998985915758838994e-01,9.999996789300306110e-01
1.160557511102564831e+03,9.997833982122477092e-01,9.998996456981075198e-01,9.999996822678286490e-01
1.173095404098098470e+03,9.997856501493324055e-01,9.999006891686154086e-01,9.999996855718922273e-01
1.185768748167158037e+03,9.997878793227100713e-01,9.999017220887164159e-01,9.999996888425416453e-01
1.198579006633232439e+03,9.997900859490587155e-01,9.999027445588870577e-01,9.999996920800958700e-01
1.211527658628585868e+03,9.997922702432721076e-01,9.999037566787750686e-01,9.999996952848704268e-01
1.224616199265045680e+03,9.997944324184687703e-01,9.999047585472038424e-01,9.999996984571785097e-01
1.237846139806635392e+03,9.997965726860003066e-01,9.999057502621772064e-01,9.999997015973303149e-01
1.251219007844071712e+03,9.997986912554615024e-01,9.999067319208819749e-01,9.999997047056341515e-01
1.264736347471147155e+03,9.998007883346977653e-01,9.999077036196940549e-01,9.999997077823951086e-01
1.278399719463018982e+03,9.998028641298157826e-01,9.999086654541812225e-01,9.999997108279161662e-01
1.292210701456423294e+03,9.998049188451919589e-01,9.999096175191087843e-01,9.999997138424973064e-01
1.306170888131835909e+03,9.998069526834818532e-01,9.999105599084424645e-01,9.999997168264364023e-01
1.320281891397602521e+03,9.998089658456298379e-01,9.999114927153538446e-01,9.999997197800288840e-01
1.334545340576060880e+03,9.998109585308778691e-01,9.999124160322244714e-01,9.999997227035669622e-01
1.348962882591651578e+03,9.998129309367763673e-01,9.999133299506507422e-01,9.999997255973408494e-01
1.363536182161108400e+03,9.998148832591915447e-01,9.999142345614466798e-01,9.999997284616387594e-01
1.378266921985654335e+03,9.998168156923169514e-01,9.999151299546508165e-01,9.999997312967455754e-01
1.393156802945299887e+03,9.998187284286833565e-01,9.999160162195289692e-01,9.999997341029440712e-01
1.408207544295233902e+03,9.998206216591660755e-01,9.999168934445793466e-01,9.999997368805146891e-01
1.423420883864337384e+03,9.998224955729974051e-01,9.999177617175368793e-01,9.999997396297353180e-01
1.438798578255840766e+03,9.998243503577751712e-01,9.999186211253786594e-01,9.999997423508817374e-01
1.454342403050150097e+03,9.998261861994724997e-01,9.999194717543272715e-01,9.999997450442267288e-01
1.470054153009862830e+03,9.998280032824481411e-01,9.999203136898560107e-01,9.999997477100412979e-01
1.485935642287000974e+03,9.998298017894559075e-01,9.999211470166937676e-01,9.999997503485941186e-01
1.501988704632480449e+03,9.998315819016555528e-01,9.999219718188289141e-01,9.999997529601506452e-01
1.518215193607850551e+03,9.998333437986214323e-01,9.999227881795149653e-01,9.999997555449751108e-01
1.534616982799292373e+03,9.998350876583534941e-01,9.999235961812743545e-01,9.999997581033284177e-01
1.551195966033985087e+03,9.998368136572876042e-01,9.999243959059037623e-01,9.999997606354704693e-01
1.567954057598754616e+03,9.998385219703040949e-01,9.999251874344778912e-01,9.999997631416573940e-01
1.584893192461110175e+03,9.998402127707394227e-01,9.999259708473553498e-01,9.999997656221439879e-01
1.602015326492666190e+03,9.998418862303950494e-01,9.999267462241823168e-01,9.999997680771826047e-01
1.619322436694975522e+03,9.998435425195488779e-01,9.999275136438978695e-01,9.999997705070231557e-01
1.636816521427803764e+03,9.998451818069641339e-01,9.999282731847388694e-01,9.999997729119138867e-01
1.654499600639868504e+03,9.998468042598999128e-01,9.999290249242436257e-01,9.999997752920999350e-01
1.672373716102073104e+03,9.998484100441215050e-01,9.999297689392576682e-01,9.999997776478247724e-01
1.690440931643257727e+03,9.998499993239107209e-01,9.999305053059379667e-01,9.999997799793299835e-01
1.708703333388499914e+03,9.998515722620751056e-01,9.999312340997579263e-01,9.999997822868542663e-01
1.727163029999987657e+03,9.998531290199591526e-01,9.999319553955116069e-01,9.999997845706348754e-01
1.745822152920501821e+03,9.998546697574538511e-01,9.999326692673192740e-01,9.999997868309061788e-01
1.764682856619497670e+03,9.998561946330065675e-01,9.999333757886311735e-01,9.999997890679012125e-01
1.783747318841906690e+03,9.998577038036323694e-01,9.999340750322329718e-01,9.999997912818502366e-01
1.803017740859565492e+03,9.998591974249225744e-01,9.999347670702499746e-01,9.999997934729819571e-01
1.822496347725389569e+03,9.998606756510559634e-01,9.999354519741522340e-01,9.999997956415226374e-01
1.842185388530289629e+03,9.998621386348086615e-01,9.999361298147593224e-01,9.999997977876967648e-01
1.862087136662862122e+03,9.998635865275640189e-01,9.999368006622437743e-01,9.999997999117261616e-01
1.882203890071884189e+03,9.998650194793229362e-01,9.999374645861378585e-01,9.999998020138315402e-01
1.902537971531646463e+03,9.998664376387138564e-01,9.999381216553366869e-01,9.999998040942310595e-01
1.923091728910151460e+03,9.998678411530020904e-01,9.999387719381033213e-01,9.999998061531405469e-01
1.943867535440208258e+03,9.998692301681018080e-01,9.999394155020738806e-01,9.999998081907748304e-01
1.964867789993459155e+03,9.998706048285834758e-01,9.999400524142610935e-01,9.999998102073456296e-01
1.986094917357369468e+03,9.998719652776858480e-01,9.999406827410604048e-01,9.999998122030635539e-01
2.007551368515178183e+03,9.998733116573254032e-01,9.999413065482531948e-01,9.999998141781368810e-01
2.029239620928940667e+03,9.998746441081054481e-01,9.999419239010124416e-01,9.999998161327718904e-01
2.051162178825561568e+03,9.998759627693276641e-01,9.999425348639070510e-01,9.999998180671734183e-01
2.073321573485950921e+03,9.998772677790002117e-01,9.999431395009062973e-01,9.999998199815438582e-01
2.095720363537296180e+03,9.998785592738487216e-01,9.999437378753839312e-01,9.999998218760836055e-01
2.118361135248496339e+03,9.998798373893261759e-01,9.999443300501240639e-01,9.999998237509923893e-01
2.141246502828781104e+03,9.998811022596219011e-01,9.999449160873247200e-01,9.999998256064664970e-01
2.164379108729563086e+03,9.998823540176722258e-01,9.999454960486020560e-01,9.999998274427011058e-01
2.187761623949545083e+03,9.998835927951699176e-01,9.999460699949965781e-01,9.999998292598897276e-01
2.211396748343126546e+03,9.998848187225735096e-01,9.999466379869752508e-01,9.999998310582239869e-01
2.235287210932142443e+03,9.998860319291176246e-01,9.999472000844382702e-01,9.999998328378933987e-01
2.259435770220967697e+03,9.998872325428220798e-01,9.999477563467221719e-01,9.999998345990858128e-01
2.283845214515036787e+03,9.998884206905017669e-01,9.999483068326042723e-01,9.999998363419878578e-01
2.308518362242758940e+03,9.998895964977765338e-01,9.999488516003086636e-01,9.999998380667833864e-01
2.333458062280999002e+03,9.998907600890799552e-01,9.999493907075081012e-01,9.999998397736552525e-01
2.358667194283987556e+03,9.998919115876693242e-01,9.999499242113306652e-01,9.999998414627844223e-01
2.384148669015828546e+03,9.998930511156354228e-01,9.999504521683633129e-01,9.999998431343501970e-01
2.409905428686588948e+03,9.998941787939115144e-01,9.999509746346557648e-01,9.999998447885298791e-01
2.435940447292020053e+03,9.998952947422821147e-01,9.999514916657260555e-01,9.999998464254995501e-01
2.462256730956949923e+03,9.998963990793936496e-01,9.999520033165630872e-01,9.999998480454331817e-01
2.488857318282382494e+03,9.998974919227632263e-01,9.999525096416330694e-01,9.999998496485033028e-01
2.515745280696351983e+03,9.998985733887869598e-01,9.999530106948822938e-01,9.999998512348807767e-01
2.542923722808560342e+03,9.998996435927510751e-01,9.999535065297421310e-01,9.999998528047349122e-01
2.570395782768853223e+03,9.999007026488392347e-01,9.999539971991326937e-01,9.999998543582330202e-01
2.598164632629563584e+03,9.999017506701427527e-01,9.999544827554674997e-01,9.999998558955413008e-01
2.626233478711782027e+03,9.999027877686691435e-01,9.999549632506579133e-01,9.999998574168242893e-01
2.654605561975535693e+03,9.999038140553513365e-01,9.999554387361168084e-01,9.999998589222446332e-01
2.683284158394060341e+03,9.999048296400568914e-01,9.999559092627625656e-01,9.999998604119636481e-01
2.712272579332022815e+03,9.999058346315967682e-01,9.999563748810247343e-01,9.999998618861409838e-01
2.741574171927876250e+03,9.999068291377338769e-01,9.999568356408460312e-01,9.999998633449348473e-01
2.771192319480335300e+03,9.999078132651929574e-01,9.999572915916880023e-01,9.999998647885018910e-01
2.801130441839028663e+03,9.999087871196676858e-01,9.999577427825340203e-01,9.999998662169971020e-01
2.831391995799370306e+03,9.999097508058309991e-01,9.999581892618946144e-01,9.999998676305744683e-01
2.861980475501696674e+03,9.999107044273429779e-01,9.999586310778105780e-01,9.999998690293856463e-01
2.892899412834717168e+03,9.999116480868599499e-01,9.999590682778566331e-01,9.999998704135816263e-01
2.924152377843323848e+03,9.999125818860429282e-01,9.999595009091470921e-01,9.999998717833116224e-01
2.955742979140802163e+03,9.999135059255653823e-01,9.999599290183376343e-01,9.999998731387229611e-01
2.987674864325511862e+03,9.999144203051236746e-01,9.999603526516313012e-01,9.999998744799625250e-01
3.019951720402012143e+03,9.999153251234433881e-01,9.999607718547803836e-01,9.999998758071749760e-01
3.052577274206843867e+03,9.999162204782890973e-01,9.999611866730928611e-01,9.999998771205038661e-01
3.085555292838805599e+03,9.999171064664718056e-01,9.999615971514335122e-01,9.999998784200908597e-01
3.118889584093930353e+03,9.999179831838583832e-01,9.999620033342297987e-01,9.999998797060772882e-01
3.152583996905152617e+03,9.999188507253788938e-01,9.999624052654748629e-01,9.999998809786019294e-01
3.186642421786722480e+03,9.999197091850349217e-01,9.999628029887315250e-01,9.999998822378032282e-01
3.221068791283425071e+03,9.999205586559081205e-01,9.999631965471357242e-01,9.999998834838174089e-01
3.255867080424647611e+03,9.999213992301676512e-01,9.999635859834007379e-01,9.999998847167796967e-01
3.291041307183356821e+03,9.999222309990793978e-01,9.999639713398209562e-01,9.999998859368243176e-01
3.326595532940032626e+03,9.999230540530126277e-01,9.999643526582752129e-01,9.999998871440837211e-01
3.362533862951613173e+03,9.999238684814486522e-01,9.999647299802302269e-01,9.999998883386893578e-01
3.398860446825508006e+03,9.999246743729883757e-01,9.999651033467454875e-01,9.999998895207710126e-01
3.435579478998742616e+03,9.999254718153609556e-01,9.999654727984752522e-01,9.999998906904575824e-01
3.472695199222219344e+03,9.999262608954306852e-01,9.999658383756736546e-01,9.999998918478766319e-01
3.510211893050332492e+03,9.999270416992046551e-01,9.999662001181971460e-01,9.999998929931539493e-01
3.548133892335747532e+03,9.999278143118415230e-01,9.999665580655090480e-01,9.999998941264149899e-01
3.586465575729592729e+03,9.999285788176577316e-01,9.999669122566817725e-01,9.999998952477834324e-01
3.625211369187034506e+03,9.999293353001365015e-01,9.999672627304019290e-01,9.999998963573815125e-01
3.664375746478322526e+03,9.999300838419340476e-01,9.999676095249728780e-01,9.999998974553306885e-01
3.703963229705350386e+03,9.999308245248877958e-01,9.999679526783183947e-01,9.999998985417509756e-01
3.743978389823798807e+03,9.999315574300240428e-01,9.999682922279852226e-01,9.999998996167613896e-01
3.784425847170919496e+03,9.999322826375646178e-01,9.999686282111485136e-01,9.999999006804796142e-01
3.825310271999020642e+03,9.999330002269346540e-01,9.999689606646137152e-01,9.999999017330220008e-01
3.866636385014716325e+03,9.999337102767695828e-01,9.999692896248200125e-01,9.999999027745042346e-01
3.908408957924002607e+03,9.999344128649225727e-01,9.999696151278441025e-01,9.999999038050404465e-01
3.950632813983232609e+03,9.999351080684719673e-01,9.999699372094036365e-01,9.999999048247436573e-01
3.993312828555977376e+03,9.999357959637276139e-01,9.999702559048594397e-01,9.999999058337257773e-01
4.036453929676042662e+03,9.999364766262381909e-01,9.999705712492203968e-01,9.999999068320978290e-01
4.080061098616425170e+03,9.999371501307989796e-01,9.999708832771454503e-01,9.999999078199696134e-01
4.124139370464489730e+03,9.999378165514581918e-01,9.999711920229478190e-01,9.999999087974495993e-01
4.168693834703342873e+03,9.999384759615229656e-01,9.999714975205968859e-01,9.999999097646454782e-01
4.213729635799487369e+03,9.999391284335680252e-01,9.999717998037225275e-01,9.999999107216634986e-01
4.259251973796827770e+03,9.999397740394414535e-01,9.999720989056177789e-01,9.999999116686096867e-01
4.305266104917091980e+03,9.999404128502714650e-01,9.999723948592426082e-01,9.999999126055878484e-01
4.351777342166736162e+03,9.999410449364731779e-01,9.999726876972255818e-01,9.999999135327013455e-01
4.398791055950415284e+03,9.999416703677551643e-01,9.999729774518679726e-01,9.999999144500526516e-01
4.446312674691067514e+03,9.999422892131270002e-01,9.999732641551475343e-01,9.999999153577426858e-01
4.494347685456728868e+03,9.999429015409038168e-01,9.999735478387198340e-01,9.999999162558723675e-01
4.542901634594025381e+03,9.999435074187146277e-01,9.999738285339225818e-01,9.999999171445402846e-01
4.591980128368678379e+03,9.999441069135081017e-01,9.999741062717775186e-01,9.999999180238450247e-01
4.641588833612770031e+03,9.999447000915584471e-01,9.999743810829950785e-01,9.999999188938836214e-01
4.691733478379071130e+03,9.999452870184730724e-01,9.999746529979751664e-01,9.999999197547522201e-01
4.742419852602434730e+03,9.999458677591975819e-01,9.999749220468114874e-01,9.999999206065466328e-01
4.793653808768325689e+03,9.999464423780224376e-01,9.999751882592947672e-01,9.999999214493605626e-01
4.845441262588577047e+03,9.999470109385892869e-01,9.999754516649140834e-01,9.999999222832878232e-01
4.897788193684446014e+03,9.999475735038970692e-01,9.999757122928615294e-01,9.999999231084206741e-01
4.950700646277048691e+03,9.999481301363081220e-01,9.999759701720329907e-01,9.999999239248507088e-01
5.004184729885255365e+03,9.999486808975541763e-01,9.999762253310331417e-01,9.999999247326682994e-01
5.058246620031120074e+03,9.999492258487421292e-01,9.999764777981763331e-01,9.999999255319631519e-01
5.112892558952939908e+03,9.999497650503602619e-01,9.999767276014909223e-01,9.999999263228245283e-01
5.168128856326028654e+03,9.999502985622844564e-01,9.999769747687207166e-01,9.999999271053393590e-01
5.223961889991190219e+03,9.999508264437830807e-01,9.999772193273281928e-01,9.999999278795952407e-01
5.280398106691241082e+03,9.999513487535237610e-01,9.999774613044980498e-01,9.999999286456782155e-01
5.337444022815308017e+03,9.999518655495787112e-01,9.999777007271376528e-01,9.999999294036732156e-01
5.395106225151263970e+03,9.999523768894301723e-01,9.999779376218824734e-01,9.999999301536647289e-01
5.453391371646262996e+03,9.999528828299766303e-01,9.999781720150960895e-01,9.999999308957362443e-01
5.512306192175501565e+03,9.999533834275382560e-01,9.999784039328752927e-01,9.999999316299705843e-01
5.571857489319280830e+03,9.999538787378621230e-01,9.999786334010501987e-01,9.999999323564491283e-01
5.632052139148465358e+03,9.999543688161280919e-01,9.999788604451886886e-01,9.999999330752531446e-01
5.692897092018421972e+03,9.999548537169539175e-01,9.999790850905984074e-01,9.999999337864624582e-01
5.754399373371546972e+03,9.999553334944015770e-01,9.999793073623280959e-01,9.999999344901566722e-01
5.816566084548449908e+03,9.999558082019813776e-01,9.999795272851722538e-01,9.999999351864141683e-01
5.879404403607912172e+03,9.999562778926580631e-01,9.999797448836718061e-01,9.999999358753127732e-01
5.942921586155719524e+03,9.999567426188560315e-01,9.999799601821177664e-01,9.999999365569293142e-01
6.007124966182340359e+03,9.999572024324639985e-01,9.999801732045523472e-01,9.999999372313397306e-01
6.072021956909874461e+03,9.999576573848417693e-01,9.999803839747725132e-01,9.999999378986196286e-01
6.137620051647929358e+03,9.999581075268232366e-01,9.999805925163324227e-01,9.999999385588437262e-01
6.203926824658856276e+03,9.999585529087229308e-01,9.999807988525447611e-01,9.999999392120854091e-01
6.270949932032308425e+03,9.999589935803407936e-01,9.999810030064839594e-01,9.999999398584181742e-01
6.338697112569250748e+03,9.999594295909669528e-01,9.999812050009880826e-01,9.999999404979137418e-01
6.407176188675517551e+03,9.999598609893869394e-01,9.999814048586618265e-01,9.999999411306441655e-01
6.476395067265020771e+03,9.999602878238863513e-01,9.999816026018772952e-01,9.999999417566802773e-01
6.546361740672725318e+03,9.999607101422564037e-01,9.999817982527784421e-01,9.999999423760921324e-01
6.617084287577474242e+03,9.999611279917977047e-01,9.999819918332811808e-01,9.999999429889487867e-01
6.688570873934797419e+03,9.999615414193256946e-01,9.999821833650769376e-01,9.999999435953195182e-01
6.760829753919810173e+03,9.999619504711758644e-01,9.999823728696348724e-01,9.999999441952719392e-01
6.833869270880186377e+03,9.999623551932077525e-01,9.999825603682026554e-01,9.999999447888732185e-01
6.907697858299658947e+03,9.999627556308097187e-01,9.999827458818109083e-01,9.999999453761900803e-01
6.982324040771700311e+03,9.999631518289032739e-01,9.999829294312734262e-01,9.999999459572886940e-01
7.057756434983831241e+03,9.999635438319489644e-01,9.999831110371896203e-01,9.999999465322338965e-01
7.134003750712544388e+03,9.999639316839497027e-01,9.999832907199480703e-01,9.999999471010904140e-01
7.211074791828976231e+03,9.999643154284554303e-01,9.999834684997261913e-01,9.999999476639219731e-01
7.288978457315443848e+03,9.999646951085677804e-01,9.999836443964947863e-01,9.999999482207919677e-01
7.367723742292962925e+03,9.999650707669449634e-01,9.999838184300184896e-01,9.999999487717630142e-01
7.447319739059863423e+03,9.999654424458054303e-01,9.999839906198587647e-01,9.999999493168969522e-01
7.527775638141633863e+03,9.999658101869326465e-01,9.999841609853741264e-01,9.999999498562549549e-01
7.609100729352097915e+03,9.999661740316787562e-01,9.999843295457251369e-01,9.999999503898980846e-01
7.691304402866062446e+03,9.999665340209700215e-01,9.999844963198736281e-01,9.999999509178859602e-01
7.774396150303576178e+03,9.999668901953102651e-01,9.999846613265860329e-01,9.999999514402782008e-01
7.858385565825768936e+03,9.999672425947850884e-01,9.999848245844348282e-01,9.999999519571335371e-01
7.943282347242801734e+03,9.999675912590659799e-01,9.999849861118013106e-01,9.999999524685101449e-01
8.029096297133510234e+03,9.999679362274150884e-01,9.999851459268763731e-01,9.999999529744659776e-01
8.115837323977289088e+03,9.999682775386884437e-01,9.999853040476627264e-01,9.999999534750573238e-01
8.203515443298161699e+03,9.999686152313402854e-01,9.999854604919774514e-01,9.999999539703411378e-01
8.292140778821229105e+03,9.999689493434279486e-01,9.999856152774527773e-01,9.999999544603733748e-01
8.381723563641595319e+03,9.999692799126138620e-01,9.999857684215393006e-01,9.999999549452087688e-01
8.472274141405934643e+03,9.999696069761717654e-01,9.999859199415058741e-01,9.999999554249023870e-01
8.563802967506813729e+03,9.999699305709887076e-01,9.999860698544437154e-01,9.999999558995079640e-01
8.656320610289916658e+03,9.999702507335704871e-01,9.999862181772661840e-01,9.999999563690795679e-01
8.749837752274323066e+03,9.999705675000438720e-01,9.999863649267114463e-01,9.999999568336699340e-01
8.844365191385955768e+03,9.999708809061618187e-01,9.999865101193450290e-01,9.999999572933313541e-01
8.939913842204396133e+03,9.999711909873066906e-01,9.999866537715598191e-01,9.999999577481157864e-01
9.036494737222999902e+03,9.999714977784933678e-01,9.999867958995787287e-01,9.999999581980747454e-01
9.134119028122955569e+03,9.999718013143741313e-01,9.999869365194565818e-01,9.999999586432589682e-01
9.232797987060781452e+03,9.999721016292411058e-01,9.999870756470821132e-01,9.999999590837189700e-01
9.332543007969887185e+03,9.999723987570309225e-01,9.999872132981778572e-01,9.999999595195043778e-01
9.433365607876185095e+03,9.999726927313276059e-01,9.999873494883043668e-01,9.999999599506642634e-01
9.535277428227884229e+03,9.999729835853663484e-01,9.999874842328597691e-01,9.999999603772474766e-01
9.638290236239674414e+03,9.999732713520370631e-01,9.999876175470822082e-01,9.999999607993024231e-01
9.742415926251420387e+03,9.999735560638877141e-01,9.999877494460519545e-01,9.999999612168768426e-01
9.847666521101544276e+03,9.999738377531279809e-01,9.999878799446917377e-01,9.999999616300178085e-01
9.954054173515229195e+03,9.999741164516329217e-01,9.999880090577696334e-01,9.999999620387721722e-01
1.006159116750763678e+04,9.999743921909448607e-01,9.999881367998999515e-01,9.999999624431861189e-01
1.017028991980230785e+04,9.999746650022793837e-01,9.999882631855449011e-01,9.999999628433056120e-01
1.028016298126472066e+04,9.999749349165262258e-01,9.999883882290159232e-01,9.999999632391760596e-01
1.039122303835167440e+04,9.999752019642534906e-01,9.999885119444755777e-01,9.999999636308419815e-01
1.050348291457599407e+04,9.999754661757115359e-01,9.999886343459392091e-01,9.999999640183477867e-01
1.061695557198722236e+04,9.999757275808346391e-01,9.999887554472757234e-01,9.999999644017374401e-01
1.073165411266828596e+04,9.999759862092464369e-01,9.999888752622095867e-01,9.999999647810544623e-01
1.084759178024831454e+04,9.999762420902605919e-01,9.999889938043221571e-01,9.999999651563419301e-01
1.096478196143181594e+04,9.999764952528856776e-01,9.999891110870534616e-01,9.999999655276421429e-01
1.108323818754437161e+04,9.999767457258275094e-01,9.999892271237028618e-01,9.999999658949975112e-01
1.120297413609501928e+04,9.999769935374928087e-01,9.999893419274312745e-01,9.999999662584494464e-01
1.132400363235552686e+04,9.999772387159914233e-01,9.999894555112627259e-01,9.999999666180392488e-01
1.144634065095671940e+04,9.999774812891402131e-01,9.999895678880842409e-01,9.999999669738078856e-01
1.156999931750205906e+04,9.999777212844653818e-01,9.999896790706489513e-01,9.999999673257954358e-01
1.169499391019869654e+04,9.999779587292055849e-01,9.999897890715768733e-01,9.999999676740422005e-01
1.182133886150592298e+04,9.999781936503153723e-01,9.999898979033560176e-01,9.999999680185873707e-01
1.194904875980186807e+04,9.999784260744670750e-01,9.999900055783436104e-01,9.999999683594704702e-01
1.207813835106777697e+04,9.999786560280552461e-01,9.999901121087683142e-01,9.999999686967298018e-01
1.220862254059068437e+04,9.999788835371972162e-01,9.999902175067305610e-01,9.999999690304037792e-01
1.234051639468444955e+04,9.999791086277383112e-01,9.999903217842042169e-01,9.999999693605307050e-01
1.247383514242939418e+04,9.999793313252530735e-01,9.999904249530382483e-01,9.999999696871475496e-01
1.260859417743070662e+04,9.999795516550488150e-01,9.999905270249572764e-01,9.999999700102917277e-01
1.274480905959587471e+04,9.999797696421677262e-01,9.999906280115635759e-01,9.999999703299997655e-01
1.288249551693129069e+04,9.999799853113903181e-01,9.999907279243376301e-01,9.999999706463081894e-01
1.302166944735829748e+04,9.999801986872369763e-01,9.999908267746401291e-01,9.999999709592530817e-01
1.316234692054881816e+04,9.999804097939722913e-01,9.999909245737125252e-01,9.999999712688698583e-01
1.330454417978089805e+04,9.999806186556058352e-01,9.999910213326784758e-01,9.999999715751933804e-01
1.344827764381402994e+04,9.999808252958968247e-01,9.999911170625457313e-01,9.999999718782595082e-01
1.359356390878523416e+04,9.999810297383543434e-01,9.999912117742055795e-01,9.999999721781016593e-01
1.374041975012512557e+04,9.999812320062415605e-01,9.999913054784361766e-01,9.999999724747544727e-01
1.388886212449494087e+04,9.999814321225785063e-01,9.999913981859022138e-01,9.999999727682516992e-01
1.403890817174442418e+04,9.999816301101424054e-01,9.999914899071568053e-01,9.999999730586266455e-01
1.419057521689088389e+04,9.999818259914731167e-01,9.999915806526422646e-01,9.999999733459122853e-01
1.434388077211961172e+04,9.999820197888731332e-01,9.999916704326913264e-01,9.999999736301417030e-01
1.449884253880592951e+04,9.999822115244116905e-01,9.999917592575281455e-01,9.999999739113468733e-01
1.465547840955906395e+04,9.999824012199257650e-01,9.999918471372701845e-01,9.999999741895598815e-01
1.481380647028811654e+04,9.999825888970234056e-01,9.999919340819282132e-01,9.999999744648127020e-01
1.497384500229034711e+04,9.999827745770861753e-01,9.999920201014079746e-01,9.999999747371364212e-01
1.513561248436201458e+04,9.999829582812710393e-01,9.999921052055115167e-01,9.999999750065621251e-01
1.529912759493208250e+04,9.999831400305124740e-01,9.999921894039375259e-01,9.999999752731206781e-01
1.546440921421869643e+04,9.999833198455252425e-01,9.999922727062829919e-01,9.999999755368422782e-01
1.563147642640951381e+04,9.999834977468067265e-01,9.999923551220445406e-01,9.999999757977572346e-01
1.580034852186503122e+04,9.999836737546387022e-01,9.999924366606182113e-01,9.999999760558946349e-01
1.597104499934599517e+04,9.999838478890901161e-01,9.999925173313014559e-01,9.999999763112848994e-01
1.614358556826482163e+04,9.999840201700183062e-01,9.999925971432949146e-01,9.999999765639564497e-01
1.631799015096133371e+04,9.999841906170727768e-01,9.999926761057008617e-01,9.999999768139382628e-01
1.649427888500309200e+04,9.999843592496957534e-01,9.999927542275277581e-01,9.999999770612589822e-01
1.667247212551057237e+04,9.999845260871251806e-01,9.999928315176879190e-01,9.999999773059465857e-01
1.685259044750745306e+04,9.999846911483968315e-01,9.999929079849999569e-01,9.999999775480292730e-01
1.703465464829631674e+04,9.999848544523459726e-01,9.999929836381910020e-01,9.999999777875346885e-01
1.721868574985999658e+04,9.999850160176099179e-01,9.999930584858947036e-01,9.999999780244899217e-01
1.740470500128887943e+04,9.999851758626295828e-01,9.999931325366550050e-01,9.999999782589219510e-01
1.759273388123447512e+04,9.999853340056524820e-01,9.999932057989254774e-01,9.999999784908580880e-01
1.778279410038920105e+04,9.999854904647328402e-01,9.999932782810705412e-01,9.999999787203240897e-01
1.797490760399357532e+04,9.999856452577358112e-01,9.999933499913670198e-01,9.999999789473468237e-01
1.816909657436986527e+04,9.999857984023381441e-01,9.999934209380042516e-01,9.999999791719516029e-01
1.836538343348342096e+04,9.999859499160304033e-01,9.999934911290850881e-01,9.999999793941647397e-01
1.856379084553162102e+04,9.999860998161186343e-01,9.999935605726275600e-01,9.999999796140108810e-01
1.876434171956079808e+04,9.999862481197268060e-01,9.999936292765650991e-01,9.999999798315156729e-01
1.896705921211140230e+04,9.999863948437985872e-01,9.999936972487469822e-01,9.999999800467040956e-01
1.917196672989178478e+04,9.999865400050989006e-01,9.999937644969406625e-01,9.999999802596001297e-01
1.937908793248083020e+04,9.999866836202159215e-01,9.999938310288308818e-01,9.999999804702285333e-01
1.958844673505981700e+04,9.999868257055631871e-01,9.999938968520217797e-01,9.999999806786133982e-01
1.980006731117376330e+04,9.999869662773811507e-01,9.999939619740374486e-01,9.999999808847782612e-01
2.001397409552269164e+04,9.999871053517386255e-01,9.999940264023221559e-01,9.999999810887468810e-01
2.023019178678268872e+04,9.999872429445352262e-01,9.999940901442422314e-01,9.999999812905426833e-01
2.044874535045816447e+04,9.999873790715028132e-01,9.999941532070857342e-01,9.999999814901885387e-01
2.066966002176418988e+04,9.999875137482078236e-01,9.999942155980645619e-01,9.999999816877075398e-01
2.089296130854035073e+04,9.999876469900514930e-01,9.999942773243136740e-01,9.999999818831218912e-01
2.111867499419599699e+04,9.999877788122729649e-01,9.999943383928932006e-01,9.999999820764543523e-01
2.134682714068732457e+04,9.999879092299507333e-01,9.999943988107887760e-01,9.999999822677265726e-01
2.157744409152659864e+04,9.999880382580039750e-01,9.999944585849119827e-01,9.999999824569608675e-01
2.181055247482391133e+04,9.999881659111945487e-01,9.999945177221019055e-01,9.999999826441787754e-01
2.204617920636177223e+04,9.999882922041281041e-01,9.999945762291253537e-01,9.999999828294015014e-01
2.228435149270295005e+04,9.999884171512563036e-01,9.999946341126769722e-01,9.999999830126505840e-01
2.252509683433184910e+04,9.999885407668783754e-01,9.999946913793816838e-01,9.999999831939466732e-01
2.276844302882985721e+04,9.999886630651418917e-01,9.999947480357939122e-01,9.999999833733108634e-01
2.301441817408505813e+04,9.999887840600454325e-01,9.999948040883984701e-01,9.999999835507631385e-01
2.326305067153622804e+04,9.999889037654398072e-01,9.999948595436126686e-01,9.999999837263244817e-01
2.351436922945267725e+04,9.999890221950293867e-01,9.999949144077853180e-01,9.999999839000145441e-01
2.376840286624871806e+04,9.999891393623732139e-01,9.999949686871978383e-01,9.999999840718531985e-01
2.402518091383435603e+04,9.999892552808876678e-01,9.999950223880659239e-01,9.999999842418606510e-01
2.428473302100207366e+04,9.999893699638472411e-01,9.999950755165394334e-01,9.999999844100556645e-01
2.454708915685023385e+04,9.999894834243856501e-01,9.999951280787030550e-01,9.999999845764580009e-01
2.481227961424344176e+04,9.999895956754983883e-01,9.999951800805770841e-01,9.999999847410863119e-01
2.508033501331030857e+04,9.999897067300428377e-01,9.999952315281182003e-01,9.999999849039600264e-01
2.535128630497898121e+04,9.999898166007408218e-01,9.999952824272202445e-01,9.999999850650971300e-01
2.562516477455089989e+04,9.999899253001796051e-01,9.999953327837146633e-01,9.999999852245166077e-01
2.590200204531312920e+04,9.999900328408136696e-01,9.999953826033709525e-01,9.999999853822365559e-01
2.618183008218973555e+04,9.999901392349646034e-01,9.999954318918979901e-01,9.999999855382749603e-01
2.646468119543270222e+04,9.999902444948249869e-01,9.999954806549440356e-01,9.999999856926496955e-01
2.675058804435225102e+04,9.999903486324575042e-01,9.999955288980973966e-01,9.999999858453787471e-01
2.703958364108838941e+04,9.999904516597973858e-01,9.999955766268876500e-01,9.999999859964794346e-01
2.733170135442227547e+04,9.999905535886541852e-01,9.999956238467854197e-01,9.999999861459687445e-01
2.762697491362924120e+04,9.999906544307111123e-01,9.999956705632038201e-01,9.999999862938642181e-01
2.792543841237330707e+04,9.999907541975291414e-01,9.999957167814985670e-01,9.999999864401827310e-01
2.822712631264381707e+04,9.999908529005455682e-01,9.999957625069685330e-01,9.999999865849413805e-01
2.853207344873457259e+04,9.999909505510778951e-01,9.999958077448564131e-01,9.999999867281558208e-01
2.884031503126595635e+04,9.999910471603227213e-01,9.999958525003498355e-01,9.999999868698434824e-01
2.915188665125053376e+04,9.999911427393588514e-01,9.999958967785809172e-01,9.999999870100201305e-01
2.946682428420253564e+04,9.999912372991471843e-01,9.999959405846273741e-01,9.999999871487017522e-01
2.978516429429176787e+04,9.999913308505326004e-01,9.999959839235142978e-01,9.999999872859047789e-01
3.010694343854250110e+04,9.999914234042451833e-01,9.999960268002118235e-01,9.999999874216441986e-01
3.043219887107717659e+04,9.999915149709016626e-01,9.999960692196386836e-01,9.999999875559361096e-01
3.076096814740703121e+04,9.999916055610061916e-01,9.999961111866613184e-01,9.999999876887959438e-01
3.109328922876800789e+04,9.999916951849506797e-01,9.999961527060940991e-01,9.999999878202385784e-01
3.142920048650405079e+04,9.999917838530185676e-01,9.999961937827006597e-01,9.999999879502793343e-01
3.176874070649762871e+04,9.999918715753826071e-01,9.999962344211942300e-01,9.999999880789331996e-01
3.211194909364813793e+04,9.999919583621095232e-01,9.999962746262381907e-01,9.999999882062147183e-01
3.245886527639869382e+04,9.999920442231574613e-01,9.999963144024461847e-01,9.999999883321387673e-01
3.280952931131179503e+04,9.999921291683800950e-01,9.999963537543831160e-01,9.999999884567194464e-01
3.316398168769445329e+04,9.999922132075269587e-01,9.999963926865654829e-01,9.999999885799712995e-01
3.352226333227329451e+04,9.999922963502430040e-01,9.999964312034615999e-01,9.999999887019086486e-01
3.388441561392011499e+04,9.999923786060722630e-01,9.999964693094927082e-01,9.999999888225451494e-01
3.425048034842853667e+04,9.999924599844565165e-01,9.999965070090336416e-01,9.999999889418945687e-01
3.462049980334241263e+04,9.999925404947377361e-01,9.999965443064119386e-01,9.999999890599710062e-01
3.499451670283567364e+04,9.999926201461590836e-01,9.999965812059093961e-01,9.999999891767877847e-01
3.537257423264627141e+04,9.999926989478654660e-01,9.999966177117629584e-01,9.999999892923584488e-01
3.575471604506205767e+04,9.999927769089045348e-01,9.999966538281641615e-01,9.999999894066958772e-01
3.614098626396124746e+04,9.999928540382284625e-01,9.999966895592602434e-01,9.999999895198138367e-01
3.653142948990711739e+04,9.999929303446942752e-01,9.999967249091543664e-01,9.999999896317246506e-01
3.692609080529785570e+04,9.999930058370648522e-01,9.999967598819058390e-01,9.999999897424417528e-01
3.732501577957194240e+04,9.999930805240099252e-01,9.999967944815318921e-01,9.999999898519774666e-01
3.772825047446981625e+04,9.999931544141076323e-01,9.999968287120059030e-01,9.999999899603445597e-01
3.813584144935239601e+04,9.999932275158450734e-01,9.999968625772599484e-01,9.999999900675553555e-01
3.854783576657702361e+04,9.999932998376187543e-01,9.999968960811838059e-01,9.999999901736222885e-01
3.896428099693152035e+04,9.999933713877366959e-01,9.999969292276262856e-01,9.999999902785576822e-01
3.938522522512691648e+04,9.999934421744184343e-01,9.999969620203954523e-01,9.999999903823733050e-01
3.981071705534967623e+04,9.999935122057962422e-01,9.999969944632586261e-01,9.999999904850810362e-01
4.024080561687321460e+04,9.999935814899159059e-01,9.999970265599433805e-01,9.999999905866928662e-01
4.067554056973143452e+04,9.999936500347381685e-01,9.999970583141372105e-01,9.999999906872205635e-01
4.111497211045213771e+04,9.999937178481386191e-01,9.999970897294894190e-01,9.999999907866755633e-01
4.155915097785308171e+04,9.999937849379099131e-01,9.999971208096096742e-01,9.999999908850691899e-01
4.200812845890055178e+04,9.999938513117615502e-01,9.999971515580692305e-01,9.999999909824127675e-01
4.246195639463116095e+04,9.999939169773215397e-01,9.999971819784024829e-01,9.999999910787176205e-01
4.292068718613767123e+04,9.999939819421361786e-01,9.999972120741054127e-01,9.999999911739947400e-01
4.338437380061946897e+04,9.999940462136724939e-01,9.999972418486364756e-01,9.999999912682551173e-01
4.385306977749840007e+04,9.999941097993170214e-01,9.999972713054188223e-01,9.999999913615096325e-01
4.432682923460070015e+04,9.999941727063791364e-01,9.999973004478377447e-01,9.999999914537687218e-01
4.480570687440565962e+04,9.999942349420892773e-01,9.999973292792434520e-01,9.999999915450433763e-01
4.528975799036202079e+04,9.999942965136024986e-01,9.999973578029501819e-01,9.999999916353438101e-01
4.577903847327175026e+04,9.999943574279966940e-01,9.999973860222372002e-01,9.999999917246804593e-01
4.627360481774442451e+04,9.999944176922745953e-01,9.999974139403489115e-01,9.999999918130637599e-01
4.677351412871972570e+04,9.999944773133653264e-01,9.999974415604946376e-01,9.999999919005038151e-01
4.727882412806119100e+04,9.999945362981235153e-01,9.999974688858507266e-01,9.999999919870102838e-01
4.778959316122106975e+04,9.999945946533317365e-01,9.999974959195587765e-01,9.999999920725938241e-01
4.830588020397713262e+04,9.999946523856996228e-01,9.999975226647273008e-01,9.999999921572638728e-01
4.882774486924231314e+04,9.999947095018657528e-01,9.999975491244320613e-01,9.999999922410299780e-01
4.935524741394789453e+04,9.999947660083989831e-01,9.999975753017157354e-01,9.999999923239020205e-01
4.988844874600104231e+04,9.999948219117968939e-01,9.999976011995888037e-01,9.999999924058897705e-01
5.042741043131751212e+04,9.999948772184891199e-01,9.999976268210296615e-01,9.999999924870021095e-01
5.097219470093036216e+04,9.999949319348364618e-01,9.999976521689853959e-01,9.999999925672485857e-01
5.152286445817541244e+04,9.999949860671323298e-01,9.999976772463708974e-01,9.999999926466386357e-01
5.207948328595457133e+04,9.999950396216030768e-01,9.999977020560714136e-01,9.999999927251813636e-01
5.264211545407663652e+04,9.999950926044082200e-01,9.999977266009401067e-01,9.999999928028854290e-01
5.321082592667932477e+04,9.999951450216431059e-01,9.999977508838008289e-01,9.999999928797603799e-01
5.378568036972959817e+04,9.999951968793374668e-01,9.999977749074464572e-01,9.999999929558143208e-01
5.436674515860592510e+04,9.999952481834567530e-01,9.999977986746415581e-01,9.999999930310565777e-01
5.495408738576230826e+04,9.999952989399032433e-01,9.999978221881197227e-01,9.999999931054956992e-01
5.554777486847509135e+04,9.999953491545163775e-01,9.999978454505863423e-01,9.999999931791399010e-01
5.614787615667345381e+04,9.999953988330736454e-01,9.999978684647180538e-01,9.999999932519981760e-01
5.675446054085451760e+04,9.999954479812908081e-01,9.999978912331628500e-01,9.999999933240784067e-01
5.736759806008391024e+04,9.999954966048227867e-01,9.999979137585404132e-01,9.999999933953892528e-01
5.798735951008288248e+04,9.999955447092649941e-01,9.999979360434427811e-01,9.999999934659389300e-01
5.861381645140262117e+04,9.999955923001523361e-01,9.999979580904341248e-01,9.999999935357350989e-01
5.924704121768724144e+04,9.999956393829614321e-01,9.999979799020515259e-01,9.999999936047864191e-01
5.988710692402489803e+04,9.999956859631106143e-01,9.999980014808056428e-01,9.999999936731004402e-01
6.053408747539125761e+04,9.999957320459604837e-01,9.999980228291790452e-01,9.999999937406850448e-01
6.118805757518207974e+04,9.999957776368143536e-01,9.999980439496292117e-01,9.999999938075483374e-01
6.184909273383901746e+04,9.999958227409195821e-01,9.999980648445867537e-01,9.999999938736975347e-01
6.251726927756842633e+04,9.999958673634673501e-01,9.999980855164566362e-01,9.999999939391405190e-01
6.319266435715431726e+04,9.999959115095934381e-01,9.999981059676181783e-01,9.999999940038848401e-01
6.387535595686656598e+04,9.999959551843793371e-01,9.999981262004253857e-01,9.999999940679378252e-01
6.456542290346533991e+04,9.999959983928525808e-01,9.999981462172073954e-01,9.999999941313069129e-01
6.526294487530279002e+04,9.999960411399864135e-01,9.999981660202681422e-01,9.999999941939994308e-01
6.596800241152310628e+04,9.999960834307020097e-01,9.999981856118874690e-01,9.999999942560224842e-01
6.668067692136192636e+04,9.999961252698674752e-01,9.999982049943206830e-01,9.999999943173834005e-01
6.740105069354624720e+04,9.999961666622999568e-01,9.999982241697991103e-01,9.999999943780892853e-01
6.812920690579604707e+04,9.999962076127640875e-01,9.999982431405303185e-01,9.999999944381467998e-01
6.886522963442750915e+04,9.999962481259748737e-01,9.999982619086984492e-01,9.999999944975628274e-01
6.960920386406221951e+04,9.999962882065965841e-01,9.999982804764642186e-01,9.999999945563448067e-01
7.036121549743897049e+04,9.999963278592439719e-01,9.999982988459661382e-01,9.999999946144988439e-01
7.112135136533273908e+04,9.999963670884824962e-01,9.999983170193184057e-01,9.999999946720320443e-01
7.188969923658053449e+04,9.999964058988295434e-01,9.999983349986139025e-01,9.999999947289508473e-01
7.266634782821564295e+04,9.999964442947535392e-01,9.999983527859229726e-01,9.999999947852618032e-01
7.345138681571125926e+04,9.999964822806757248e-01,9.999983703832939774e-01,9.999999948409715733e-01
7.424490684333491663e+04,9.999965198609707118e-01,9.999983877927531850e-01,9.999999948960863749e-01
7.504699953461458790e+04,9.999965570399659276e-01,9.999984050163052141e-01,9.999999949506127583e-01
7.585775750291807344e+04,9.999965938219429473e-01,9.999984220559339221e-01,9.999999950045566077e-01
7.667727436214649060e+04,9.999966302111372718e-01,9.999984389136015173e-01,9.999999950579245844e-01
7.750564473754343635e+04,9.999966662117403260e-01,9.999984555912496687e-01,9.999999951107225726e-01
7.834296427662107453e+04,9.999967018278981268e-01,9.999984720907986180e-01,9.999999951629569006e-01
7.918932966020298772e+04,9.999967370637123931e-01,9.999984884141490671e-01,9.999999952146333415e-01
8.004483861358903232e+04,9.999967719232416563e-01,9.999985045631810676e-01,9.999999952657580016e-01
8.090958991783806414e+04,9.999968064105010379e-01,9.999985205397545762e-01,9.999999953163365429e-01
8.178368342117390421e+04,9.999968405294628049e-01,9.999985363457101206e-01,9.999999953663749608e-01
8.266722005051432643e+04,9.999968742840568137e-01,9.999985519828678004e-01,9.999999954158788062e-01
8.356030182312455145e+04,9.999969076781715094e-01,9.999985674530293966e-01,9.999999954648542966e-01
8.446303185839658545e+04,9.999969407156532597e-01,9.999985827579764841e-01,9.999999955133066498e-01
8.537551438975588826e+04,9.999969734003076871e-01,9.999985978994724301e-01,9.999999955612415281e-01
8.629785477669669490e+04,9.999970057359004461e-01,9.999986128792610618e-01,9.999999956086644826e-01
8.723015951694727119e+04,9.999970377261563348e-01,9.999986276990688872e-01,9.999999956555809533e-01
8.817253625876663136e+04,9.999970693747604056e-01,9.999986423606022079e-01,9.999999957019963803e-01
8.912509381337444938e+04,9.999971006853591859e-01,9.999986568655508945e-01,9.999999957479162038e-01
9.008794216751365457e+04,9.999971316615596795e-01,9.999986712155856106e-01,9.999999957933454198e-01
9.106119249615186709e+04,9.999971623069306981e-01,9.999986854123599223e-01,9.999999958382894683e-01
9.204495717531695846e+04,9.999971926250031951e-01,9.999986994575094101e-01,9.999999958827536783e-01
9.303934979507280514e+04,9.999972226192699321e-01,9.999987133526524463e-01,9.999999959267428240e-01
9.404448517263492977e+04,9.999972522931870333e-01,9.999987270993896393e-01,9.999999959702621233e-01
9.506047936562787800e+04,9.999972816501736528e-01,9.999987406993051664e-01,9.999999960133167942e-01
9.608744968548568431e+04,9.999973106936121958e-01,9.999987541539662184e-01,9.999999960559114998e-01
9.712551471099727496e+04,9.999973394268496518e-01,9.999987674649226665e-01,9.999999960980510139e-01
9.817479430199808849e+04,9.999973678531962618e-01,9.999987806337088392e-01,9.999999961397408876e-01
9.923540961320966017e+04,9.999973959759281827e-01,9.999987936618423001e-01,9.999999961809852289e-01
1.003074831082287419e+05,9.999974237982859337e-01,9.999988065508237378e-01,9.999999962217892557e-01
1.013911385736674856e+05,9.999974513234756168e-01,9.999988193021390748e-01,9.999999962621572980e-01
1.024865011334467854e+05,9.999974785546693612e-01,9.999988319172571360e-01,9.999999963020940186e-01
1.035936972632422257e+05,9.999975054950052122e-01,9.999988443976322028e-01,9.999999963416044135e-01
1.047128548050897662e+05,9.999975321475879086e-01,9.999988567447025689e-01,9.999999963806927017e-01
1.058441029821454576e+05,9.999975585154892155e-01,9.999988689598909852e-01,9.999999964193635460e-01
1.069875724136065837e+05,9.999975846017473691e-01,9.999988810446053256e-01,9.999999964576210543e-01
1.081433951297935128e+05,9.999976104093696305e-01,9.999988930002383647e-01,9.999999964954701115e-01
1.093117045873945754e+05,9.999976359413299543e-01,9.999989048281680004e-01,9.999999965329149365e-01
1.104926356848755531e+05,9.999976612005712084e-01,9.999989165297574756e-01,9.999999965699597482e-01
1.116863247780557285e+05,9.999976861900046199e-01,9.999989281063554891e-01,9.999999966066089874e-01
1.128929096958521259e+05,9.999977109125105512e-01,9.999989395592966401e-01,9.999999966428666509e-01
1.141125297561939224e+05,9.999977353709383898e-01,9.999989508899006507e-01,9.999999966787368466e-01
1.153453257821087318e+05,9.999977595681075471e-01,9.999989620994739203e-01,9.999999967142242374e-01
1.165914401179826382e+05,9.999977835068071252e-01,9.999989731893080824e-01,9.999999967493322650e-01
1.178510166459964530e+05,9.999978071897962506e-01,9.999989841606816698e-01,9.999999967840653703e-01
1.191242008027372940e+05,9.999978306198049616e-01,9.999989950148596707e-01,9.999999968184274390e-01
1.204111395959938673e+05,9.999978537995342087e-01,9.999990057530927512e-01,9.999999968524224681e-01
1.217119816217290499e+05,9.999978767316560768e-01,9.999990163766191431e-01,9.999999968860543431e-01
1.230268770812378498e+05,9.999978994188140069e-01,9.999990268866633114e-01,9.999999969193270610e-01
1.243559777984903922e+05,9.999979218636232403e-01,9.999990372844368425e-01,9.999999969522443966e-01
1.256994372376621614e+05,9.999979440686715959e-01,9.999990475711386662e-01,9.999999969848097914e-01
1.270574105208537512e+05,9.999979660365184708e-01,9.999990577479543896e-01,9.999999970170274644e-01
1.284300544460019591e+05,9.999979877696963948e-01,9.999990678160572966e-01,9.999999970489011902e-01
1.298175275049844058e+05,9.999980092707115853e-01,9.999990777766081251e-01,9.999999970804340776e-01
1.312199899019197619e+05,9.999980305420421711e-01,9.999990876307552901e-01,9.999999971116301234e-01
1.326376035716656770e+05,9.999980515861407460e-01,9.999990973796348825e-01,9.999999971424932133e-01
1.340705321985169430e+05,9.999980724054334802e-01,9.999991070243707814e-01,9.999999971730263448e-01
1.355189412351034116e+05,9.999980930023210091e-01,9.999991165660749859e-01,9.999999972032335149e-01
1.369829979214967752e+05,9.999981133791776555e-01,9.999991260058478382e-01,9.999999972331178322e-01
1.384628713045189506e+05,9.999981335383530956e-01,9.999991353447773568e-01,9.999999972626830713e-01
1.399587322572614939e+05,9.999981534821714702e-01,9.999991445839407911e-01,9.999999972919322300e-01
1.414707534988154657e+05,9.999981732129324952e-01,9.999991537244029560e-01,9.999999973208690829e-01
1.429991096142143069e+05,9.999981927329113507e-01,9.999991627672181194e-01,9.999999973494967387e-01
1.445439770745923161e+05,9.999982120443584588e-01,9.999991717134285585e-01,9.999999973778185280e-01
1.461055342575606774e+05,9.999982311495004828e-01,9.999991805640662257e-01,9.999999974058380037e-01
1.476839614678040089e+05,9.999982500505405492e-01,9.999991893201516380e-01,9.999999974335578301e-01
1.492794409578990308e+05,9.999982687496582479e-01,9.999991979826944322e-01,9.999999974609816711e-01
1.508921569493582647e+05,9.999982872490096319e-01,9.999992065526935869e-01,9.999999974881125242e-01
1.525222956539012084e+05,9.999983055507281060e-01,9.999992150311368677e-01,9.999999975149533871e-01
1.541700452949557512e+05,9.999983236569239820e-01,9.999992234190023810e-01,9.999999975415077014e-01
1.558355961293890723e+05,9.999983415696851452e-01,9.999992317172574641e-01,9.999999975677782427e-01
1.575191404694789089e+05,9.999983592910773877e-01,9.999992399268589072e-01,9.999999975937682306e-01
1.592208727051166934e+05,9.999983768231441861e-01,9.999992480487532864e-01,9.999999976194804407e-01
1.609409893262530968e+05,9.999983941679074784e-01,9.999992560838775191e-01,9.999999976449178707e-01
1.626796889455859491e+05,9.999984113273674424e-01,9.999992640331581972e-01,9.999999976700838511e-01
1.644371723214926897e+05,9.999984283035032728e-01,9.999992718975116990e-01,9.999999976949806024e-01
1.662136423812110734e+05,9.999984450982722928e-01,9.999992796778455206e-01,9.999999977196114553e-01
1.680093042442700535e+05,9.999984617136115084e-01,9.999992873750566114e-01,9.999999977439792964e-01
1.698243652461737802e+05,9.999984781514372756e-01,9.999992949900328165e-01,9.999999977680867902e-01
1.716590349623415968e+05,9.999984944136451892e-01,9.999993025236522115e-01,9.999999977919367122e-01
1.735135252323065361e+05,9.999985105021109710e-01,9.999993099767841009e-01,9.999999978155317271e-01
1.753880501841753139e+05,9.999985264186902478e-01,9.999993173502875754e-01,9.999999978388747213e-01
1.772828262593532563e+05,9.999985421652183293e-01,9.999993246450131767e-01,9.999999978619682484e-01
1.791980722375330806e+05,9.999985577435117623e-01,9.999993318618021210e-01,9.999999978848150839e-01
1.811340092619599018e+05,9.999985731553672208e-01,9.999993390014874084e-01,9.999999979074177814e-01
1.830908608649631205e+05,9.999985884025619498e-01,9.999993460648919363e-01,9.999999979297791164e-01
1.850688529937669518e+05,9.999986034868550977e-01,9.999993530528303864e-01,9.999999979519015314e-01
1.870682140365795349e+05,9.999986184099859399e-01,9.999993599661090027e-01,9.999999979737874689e-01
1.890891748489635647e+05,9.999986331736760992e-01,9.999993668055250362e-01,9.999999979954395934e-01
1.911319687804919959e+05,9.999986477796284357e-01,9.999993735718676335e-01,9.999999980168604585e-01
1.931968317016916990e+05,9.999986622295276018e-01,9.999993802659168374e-01,9.999999980380525066e-01
1.952840020312781271e+05,9.999986765250404863e-01,9.999993868884453629e-01,9.999999980590179582e-01
1.973937207636842795e+05,9.999986906678156595e-01,9.999993934402163775e-01,9.999999980797595889e-01
1.995262314968870778e+05,9.999987046594848161e-01,9.999993999219860541e-01,9.999999981002792859e-01
2.016817804605349374e+05,9.999987185016618874e-01,9.999994063345023498e-01,9.999999981205800470e-01
2.038606165443758946e+05,9.999987321959435960e-01,9.999994126785041182e-01,9.999999981406637595e-01
2.060629913269996759e+05,9.999987457439092342e-01,9.999994189547238843e-01,9.999999981605331989e-01
2.082891591048834380e+05,9.999987591471222181e-01,9.999994251638856246e-01,9.999999981801900306e-01
2.105393769217546505e+05,9.999987724071282003e-01,9.999994313067050999e-01,9.999999981996369192e-01
2.128139045982706593e+05,9.999987855254568458e-01,9.999994373838912987e-01,9.999999982188759740e-01
2.151130047620186233e+05,9.999987985036217220e-01,9.999994433961452156e-01,9.999999982379095265e-01
2.174369428778398724e+05,9.999988113431197423e-01,9.999994493441602961e-01,9.999999982567396861e-01
2.197859872784817417e+05,9.999988240454321664e-01,9.999994552286228799e-01,9.999999982753686734e-01
2.221604091955803451e+05,9.999988366120241556e-01,9.999994610502117576e-01,9.999999982937985976e-01
2.245604827909783926e+05,9.999988490443455502e-01,9.999994668095982808e-01,9.999999983120316793e-01
2.269864851883812225e+05,9.999988613438307583e-01,9.999994725074470292e-01,9.999999983300698059e-01
2.294386965053546301e+05,9.999988735118984229e-01,9.999994781444158098e-01,9.999999983479151977e-01
2.319173998856695835e+05,9.999988855499521989e-01,9.999994837211541032e-01,9.999999983655699642e-01
2.344228815319918504e+05,9.999988974593814195e-01,9.999994892383057277e-01,9.999999983830362149e-01
2.369554307389333262e+05,9.999989092415594305e-01,9.999994946965071740e-01,9.999999984003157261e-01
2.395153399264520849e+05,9.999989208978459221e-01,9.999995000963881608e-01,9.999999984174107182e-01
2.421029046736172168e+05,9.999989324295854853e-01,9.999995054385713011e-01,9.999999984343228565e-01
2.447184237527380174e+05,9.999989438381087226e-01,9.999995107236735459e-01,9.999999984510543616e-01
2.473621991638613981e+05,9.999989551247313591e-01,9.999995159523042965e-01,9.999999984676072318e-01
2.500345361696423206e+05,9.999989662907560195e-01,9.999995211250666260e-01,9.999999984839829104e-01
2.527357433305908635e+05,9.999989773374710067e-01,9.999995262425576126e-01,9.999999985001840619e-01
2.554661325407000550e+05,9.999989882661505236e-01,9.999995313053676727e-01,9.999999985162117966e-01
2.582260190634585742e+05,9.999989990780557836e-01,9.999995363140807836e-01,9.999999985320682239e-01
2.610157215682525421e+05,9.999990097744337891e-01,9.999995412692749275e-01,9.999999985477553421e-01
2.638355621671606204e+05,9.999990203565193303e-01,9.999995461715218692e-01,9.999999985632748167e-01
2.666858664521476021e+05,9.999990308255324312e-01,9.999995510213871563e-01,9.999999985786285350e-01
2.695669635326547432e+05,9.999990411826820136e-01,9.999995558194303413e-01,9.999999985938180513e-01
2.724791860736061353e+05,9.999990514291621224e-01,9.999995605662049813e-01,9.999999986088454751e-01
2.754228703338160412e+05,9.999990615661554783e-01,9.999995652622589715e-01,9.999999986237120275e-01
2.783983562048156164e+05,9.999990715948318121e-01,9.999995699081337674e-01,9.999999986384200401e-01
2.814059872500986094e+05,9.999990815163481983e-01,9.999995745043658291e-01,9.999999986529707341e-01
2.844461107447906979e+05,9.999990913318492769e-01,9.999995790514850658e-01,9.999999986673659969e-01
2.875190777157474076e+05,9.999991010424675864e-01,9.999995835500166130e-01,9.999999986816072717e-01
2.906252429820855032e+05,9.999991106493235637e-01,9.999995880004793891e-01,9.999999986956964459e-01
2.937649651961519266e+05,9.999991201535259888e-01,9.999995924033867611e-01,9.999999987096351850e-01
2.969386068849355215e+05,9.999991295561710958e-01,9.999995967592467672e-01,9.999999987234250431e-01
3.001465344919260824e+05,9.999991388583443497e-01,9.999996010685622272e-01,9.999999987370673526e-01
3.033891184194266680e+05,9.999991480611185590e-01,9.999996053318304101e-01,9.999999987505638899e-01
3.066667330713178380e+05,9.999991571655560962e-01,9.999996095495427006e-01,9.999999987639163201e-01
3.099797568962941878e+05,9.999991661727073433e-01,9.999996137221864867e-01,9.999999987771261978e-01
3.133285724315579282e+05,9.999991750836115800e-01,9.999996178502429389e-01,9.999999987901945220e-01
3.167135663469891297e+05,9.999991838992968729e-01,9.999996219341885650e-01,9.999999988031236242e-01
3.201351294897927437e+05,9.999991926207809634e-01,9.999996259744940996e-01,9.999999988159143927e-01
3.235936569296273519e+05,9.999992012490698245e-01,9.999996299716266135e-01,9.999999988285683816e-01
3.270895480042218696e+05,9.999992097851593265e-01,9.999996339260465161e-01,9.999999988410872565e-01
3.306232063654850936e+05,9.999992182300345700e-01,9.999996378382105533e-01,9.999999988534724604e-01
3.341950400261129835e+05,9.999992265846696649e-01,9.999996417085702527e-01,9.999999988657249927e-01
3.378054614066999638e+05,9.999992348500291728e-01,9.999996455375720350e-01,9.999999988778468518e-01
3.414548873833586695e+05,9.999992430270665533e-01,9.999996493256577690e-01,9.999999988898391479e-01
3.451437393358546542e+05,9.999992511167256071e-01,9.999996530732646605e-01,9.999999989017032131e-01
3.488724431962618837e+05,9.999992591199398095e-01,9.999996567808252523e-01,9.999999989134407130e-01
3.526414294981381390e+05,9.999992670376326442e-01,9.999996604487670915e-01,9.999999989250526466e-01
3.564511334262435557e+05,9.999992748707180468e-01,9.999996640775139500e-01,9.999999989365404574e-01
3.603019948667844292e+05,9.999992826200997387e-01,9.999996676674842710e-01,9.999999989479053664e-01
3.641944584582055686e+05,9.999992902866717825e-01,9.999996712190923898e-01,9.999999989591491500e-01
3.681289736425304436e+05,9.999992978713195813e-01,9.999996747327479785e-01,9.999999989702726966e-01
3.721059947172557586e+05,9.999993053749179905e-01,9.999996782088568237e-01,9.999999989812772272e-01
3.761259808878069161e+05,9.999993127983327623e-01,9.999996816478198269e-01,9.999999989921644072e-01
3.801893963205598411e+05,9.999993201424210998e-01,9.999996850500342260e-01,9.999999990029350139e-01
3.842967101964358590e+05,9.999993274080299921e-01,9.999996884158922628e-01,9.999999990135906014e-01
3.884483967650756822e+05,9.999993345959984348e-01,9.999996917457827372e-01,9.999999990241325021e-01
3.926449353995980928e+05,9.999993417071556534e-01,9.999996950400895646e-01,9.999999990345614931e-01
3.968868106519525754e+05,9.999993487423222138e-01,9.999996982991931072e-01,9.999999990448792397e-01
4.011745123088617111e+05,9.999993557023104662e-01,9.999997015234695086e-01,9.999999990550864082e-01
4.055085354483831325e+05,9.999993625879232129e-01,9.999997047132909156e-01,9.999999990651847748e-01
4.098893804970677593e+05,9.999993693999552624e-01,9.999997078690251451e-01,9.999999990751751167e-01
4.143175532877427177e+05,9.999993761391928748e-01,9.999997109910370163e-01,9.999999990850587661e-01
4.187935651179173146e+05,9.999993828064137613e-01,9.999997140796860196e-01,9.999999990948368334e-01
4.233179328088196344e+05,9.999993894023873064e-01,9.999997171353295355e-01,9.999999991045102066e-01
4.278911787650714978e+05,9.999993959278750122e-01,9.999997201583196160e-01,9.999999991140805511e-01
4.325138310350072570e+05,9.999994023836297208e-01,9.999997231490052041e-01,9.999999991235483110e-01
4.371864233716450399e+05,9.999994087703963919e-01,9.999997261077314681e-01,9.999999991329151516e-01
4.419094952943162643e+05,9.999994150889124356e-01,9.999997290348401346e-01,9.999999991421816281e-01
4.466835921509612235e+05,9.999994213399070464e-01,9.999997319306688226e-01,9.999999991513492947e-01
4.515092651810972020e+05,9.999994275241017583e-01,9.999997347955515981e-01,9.999999991604189287e-01
4.563870715794689604e+05,9.999994336422098895e-01,9.999997376298194185e-01,9.999999991693915291e-01
4.613175745603786781e+05,9.999994396949378750e-01,9.999997404337993556e-01,9.999999991782684283e-01
4.663013434227267862e+05,9.999994456829842671e-01,9.999997432078147064e-01,9.999999991870502924e-01
4.713389536157394759e+05,9.999994516070402906e-01,9.999997459521861032e-01,9.999999991957383427e-01
4.764309868054145481e+05,9.999994574677892878e-01,9.999997486672298486e-01,9.999999992043335784e-01
4.815780309416830423e+05,9.999994632659081617e-01,9.999997513532596916e-01,9.999999992128371096e-01
4.867806803262968315e+05,9.999994690020659327e-01,9.999997540105854954e-01,9.999999992212497135e-01
4.920395356814493425e+05,9.999994746769245157e-01,9.999997566395139037e-01,9.999999992295721674e-01
4.973552042191379587e+05,9.999994802911389424e-01,9.999997592403483404e-01,9.999999992378060254e-01
5.027282997112753219e+05,9.999994858453574720e-01,9.999997618133890098e-01,9.999999992459517317e-01
5.081594425605584984e+05,9.999994913402208141e-01,9.999997643589330076e-01,9.999999992540102856e-01
5.136492598721034010e+05,9.999994967763632392e-01,9.999997668772737658e-01,9.999999992619829081e-01
5.191983855258533731e+05,9.999995021544123563e-01,9.999997693687026068e-01,9.999999992698702656e-01
5.248074602497718297e+05,9.999995074749887802e-01,9.999997718335066343e-01,9.999999992776732460e-01
5.304771316938162781e+05,9.999995127387066862e-01,9.999997742719702876e-01,9.999999992853928488e-01
5.362080545047298074e+05,9.999995179461734773e-01,9.999997766843752300e-01,9.999999992930299619e-01
5.420008904016226297e+05,9.999995230979904504e-01,9.999997790709997947e-01,9.999999993005855847e-01
5.478563082523791818e+05,9.999995281947521297e-01,9.999997814321195388e-01,9.999999993080604943e-01
5.537749841508882819e+05,9.999995332370468226e-01,9.999997837680068002e-01,9.999999993154553568e-01
5.597576014951084508e+05,9.999995382254561749e-01,9.999997860789314741e-01,9.999999993227712825e-01
5.658048510659761960e+05,9.999995431605563923e-01,9.999997883651602359e-01,9.999999993300090484e-01
5.719174311071664561e+05,9.999995480429173522e-01,9.999997906269566528e-01,9.999999993371692097e-01
5.780960474057157990e+05,9.999995528731017158e-01,9.999997928645822931e-01,9.999999993442532098e-01
5.843414133735151263e+05,9.999995576516679252e-01,9.999997950782948397e-01,9.999999993512612706e-01
5.906542501296839910e+05,9.999995623791668731e-01,9.999997972683505321e-01,9.999999993581945024e-01
5.970352865838361904e+05,9.999995670561446781e-01,9.999997994350015018e-01,9.999999993650536823e-01
6.034852595202350058e+05,9.999995716831410197e-01,9.999998015784982153e-01,9.999999993718395874e-01
6.100049136828781338e+05,9.999995762606898042e-01,9.999998036990879191e-01,9.999999993785529950e-01
6.165950018614808796e+05,9.999995807893198307e-01,9.999998057970155285e-01,9.999999993851945712e-01
6.232562849783991696e+05,9.999995852695532372e-01,9.999998078725229611e-01,9.999999993917649821e-01
6.299895321764885448e+05,9.999995897019078317e-01,9.999998099258500250e-01,9.999999993982655599e-01
6.367955209079140332e+05,9.999995940868948718e-01,9.999998119572338640e-01,9.999999994046965268e-01
6.436750370239170734e+05,9.999995984250205083e-01,9.999998139669085129e-01,9.999999994110586599e-01
6.506288748655549716e+05,9.999996027167854518e-01,9.999998159551063415e-01,9.999999994173529583e-01
6.576578373554180143e+05,9.999996069626850836e-01,9.999998179220566108e-01,9.999999994235797551e-01
6.647627360903396038e+05,9.999996111632096785e-01,9.999998198679865835e-01,9.999999994297402717e-01
6.719443914351062849e+05,9.999996153188441816e-01,9.999998217931205247e-01,9.999999994358347299e-01
6.792036326171813998e+05,9.999996194300678765e-01,9.999998236976810340e-01,9.999999994418641291e-01
6.865412978224538965e+05,9.999996234973558273e-01,9.999998255818876025e-01,9.999999994478292464e-01
6.939582342920090305e+05,9.999996275211771035e-01,9.999998274459581671e-01,9.999999994537305259e-01
7.014552984199699713e+05,9.999996315019962223e-01,9.999998292901075558e-01,9.999999994595686337e-01
7.090333558523710817e+05,9.999996354402731491e-01,9.999998311145488206e-01,9.999999994653444579e-01
7.166932815871117637e+05,9.999996393364620761e-01,9.999998329194921265e-01,9.999999994710584428e-01
7.244359600749880774e+05,9.999996431910125327e-01,9.999998347051466396e-01,9.999999994767114764e-01
7.322622853218152886e+05,9.999996470043701624e-01,9.999998364717178623e-01,9.999999994823042249e-01
7.401731609916540328e+05,9.999996507769745024e-01,9.999998382194098534e-01,9.999999994878370213e-01
7.481695005111517385e+05,9.999996545092613154e-01,9.999998399484243405e-01,9.999999994933106429e-01
7.562522271750108339e+05,9.999996582016613678e-01,9.999998416589609418e-01,9.999999994987258667e-01
7.644222742525971262e+05,9.999996618546012073e-01,9.999998433512171658e-01,9.999999995040831369e-01
7.726805850956989452e+05,9.999996654685019415e-01,9.999998450253883009e-01,9.999999995093832306e-01
7.810281132474512560e+05,9.999996690437813474e-01,9.999998466816676368e-01,9.999999995146267029e-01
7.894658225524388254e+05,9.999996725808515396e-01,9.999998483202462429e-01,9.999999995198141090e-01
7.979946872679725057e+05,9.999996760801213025e-01,9.999998499413135233e-01,9.999999995249460039e-01
8.066156921766118612e+05,9.999996795419940909e-01,9.999998515450565506e-01,9.999999995300231648e-01
8.153298326998311095e+05,9.999996829668700293e-01,9.999998531316601769e-01,9.999999995350460358e-01
8.241381150130002061e+05,9.999996863551442461e-01,9.999998547013076999e-01,9.999999995400150610e-01
8.330415561615165789e+05,9.999996897072079838e-01,9.999998562541804192e-01,9.999999995449313506e-01
8.420411841782848351e+05,9.999996930234480441e-01,9.999998577904575248e-01,9.999999995497946825e-01
8.511380382023766870e+05,9.999996963042471210e-01,9.999998593103164302e-01,9.999999995546062781e-01
8.603331685990323313e+05,9.999996995499844665e-01,9.999998608139324396e-01,9.999999995593662483e-01
8.696276370809596265e+05,9.999997027610342260e-01,9.999998623014793031e-01,9.999999995640757033e-01
8.790225168308806606e+05,9.999997059377674358e-01,9.999998637731286610e-01,9.999999995687345322e-01
8.885188926254964899e+05,9.999997090805502475e-01,9.999998652290503776e-01,9.999999995733437341e-01
8.981178609606901882e+05,9.999997121897463703e-01,9.999998666694125404e-01,9.999999995779036421e-01
9.078205301781843882e+05,9.999997152657140731e-01,9.999998680943813500e-01,9.999999995824148113e-01
9.176280205934637925e+05,9.999997183088085162e-01,9.999998695041213415e-01,9.999999995868776859e-01
9.275414646251843078e+05,9.999997213193811962e-01,9.999998708987952734e-01,9.999999995912930428e-01
9.375620069258747390e+05,9.999997242977792800e-01,9.999998722785641281e-01,9.999999995956611043e-01
9.476908045141568873e+05,9.999997272443470475e-01,9.999998736435873337e-01,9.999999995999824254e-01
9.579290269082866143e+05,9.999997301594242272e-01,9.999998749940224307e-01,9.999999996042576722e-01
9.682778562612460228e+05,9.999997330433478826e-01,9.999998763300249616e-01,9.999999996084870668e-01
9.787384874971929239e+05,9.999997358964504146e-01,9.999998776517494692e-01,9.999999996126714974e-01
9.893121284494522261e+05,9.999997387190613374e-01,9.999998789593487203e-01,9.999999996168109639e-01
9.999999999999995343e+05,9.999997415115068344e-01,9.999998802529733721e-01,9.999999996209062436e-01
