draw,model,p0,p1,p2,p3
0.000000000000000000e+00,0.000000000000000000e+00,1.521610181304614284e-01,3.985643475788800405e-01,3.479943836530210999e-01,1.012802506376372785e-01
0.000000000000000000e+00,1.000000000000000000e+00,3.193360325267455280e-01,2.196693373977892938e-01,2.042593637440628662e-01,2.567352663314023675e-01
0.000000000000000000e+00,2.000000000000000000e+00,5.480430955844933089e-02,5.176464748670144278e-01,4.019002548290258048e-01,2.564896074551038102e-02
0.000000000000000000e+00,3.000000000000000000e+00,2.212434395408186538e-01,3.673053495762503839e-01,2.032651154272086536e-01,2.081860954557221421e-01
1.000000000000000000e+00,0.000000000000000000e+00,1.309682257163674313e-01,3.807821763333644194e-01,3.690336976012879022e-01,1.192159003489804137e-01
1.000000000000000000e+00,1.000000000000000000e+00,2.946645644662901353e-01,2.143596837103347030e-01,2.107896696032574013e-01,2.801860822201178158e-01
1.000000000000000000e+00,2.000000000000000000e+00,4.143122830484122221e-02,4.754046080819587794e-01,4.483998263133140427e-01,3.476433729988600424e-02
1.000000000000000000e+00,3.000000000000000000e+00,1.935945075750459543e-01,3.598679966542069342e-01,2.229832113835672758e-01,2.235542843871799745e-01
2.000000000000000000e+00,0.000000000000000000e+00,1.470640209812109633e-01,3.946525456284178390e-01,3.530222885965410007e-01,1.052611447938299888e-01
2.000000000000000000e+00,1.000000000000000000e+00,3.135539191439239981e-01,2.185104229120371500e-01,2.058368379533303261e-01,2.620988199907086091e-01
2.000000000000000000e+00,2.000000000000000000e+00,5.143179415706854163e-02,5.082159664496087581e-01,4.127921274227783766e-01,2.756011197054410514e-02
2.000000000000000000e+00,3.000000000000000000e+00,1.939650392532843159e-01,3.780227082239043246e-01,2.455789085893484436e-01,1.824333439334629436e-01
3.000000000000000000e+00,0.000000000000000000e+00,1.332839536496294164e-01,3.829283404247689204e-01,3.667210990402555715e-01,1.170666068853458558e-01
3.000000000000000000e+00,1.000000000000000000e+00,2.974454241749991956e-01,2.150063234876017915e-01,2.100807183282840385e-01,2.774675340091151132e-01
3.000000000000000000e+00,2.000000000000000000e+00,4.280859439045939241e-02,4.804164633044253896e-01,4.431709311002977048e-01,3.360401120481762427e-02
3.000000000000000000e+00,3.000000000000000000e+00,1.863604788801553336e-01,3.665280734395265361e-01,2.402920573191631437e-01,2.068193903611550422e-01
4.000000000000000000e+00,0.000000000000000000e+00,1.462788636580633350e-01,3.940303807904187439e-01,3.537989861811089987e-01,1.058917693704091029e-01
4.000000000000000000e+00,1.000000000000000000e+00,3.126551695717244561e-01,2.183256411814890330e-01,2.060795487017390293e-01,2.629396405450476482e-01
4.000000000000000000e+00,2.000000000000000000e+00,5.092099465831916721e-02,5.067231204381364984e-01,4.144871139249971526e-01,2.786877097854717489e-02
4.000000000000000000e+00,3.000000000000000000e+00,2.063867684944253600e-01,3.701346090736329919e-01,2.212668151055940391e-01,2.022118073263476090e-01
5.000000000000000000e+00,0.000000000000000000e+00,1.437838123076926045e-01,3.920177007358368049e-01,3.562706984041350555e-01,1.079277885523352992e-01
5.000000000000000000e+00,1.000000000000000000e+00,3.097844337401218784e-01,2.177270009462372868e-01,2.068502307261986806e-01,2.656383345874422930e-01
5.000000000000000000e+00,2.000000000000000000e+00,4.931331018055474386e-02,5.019072063951384166e-01,4.199031934470834337e-01,2.887628997722335722e-02
5.000000000000000000e+00,3.000000000000000000e+00,1.904147202201863232e-01,3.762790266306660358e-01,2.478553228769960759e-01,1.854509302721516206e-01
6.000000000000000000e+00,0.000000000000000000e+00,1.368298213959890930e-01,3.861132126390294794e-01,3.631845052816400354e-01,1.138724606833414477e-01
6.000000000000000000e+00,1.000000000000000000e+00,3.016607189459466487e-01,2.159629023037617779e-01,2.089924363037448385e-01,2.733839424465467904e-01
6.000000000000000000e+00,2.000000000000000000e+00,4.495787698634512441e-02,4.878982207981775177e-01,4.352303221797926280e-01,3.191358003568484786e-02
6.000000000000000000e+00,3.000000000000000000e+00,1.853379357110047920e-01,3.711010530283788134e-01,2.476844815578941594e-01,1.958765297027222352e-01
7.000000000000000000e+00,0.000000000000000000e+00,1.294493290205373792e-01,3.793453839372341041e-01,3.705514773059892519e-01,1.206538097362392786e-01
7.000000000000000000e+00,1.000000000000000000e+00,2.928282389295397969e-01,2.139258463637189744e-01,2.112538254623297085e-01,2.819920892444115479e-01
7.000000000000000000e+00,2.000000000000000000e+00,4.053913146580358229e-02,4.720628119424727931e-01,4.518472139379859365e-01,3.555084265373759100e-02
7.000000000000000000e+00,3.000000000000000000e+00,1.700646778715321772e-01,3.697295323624112950e-01,2.679371339026501153e-01,1.922686558634061904e-01
8.000000000000000000e+00,0.000000000000000000e+00,1.350193006288115394e-01,3.845021328128396809e-01,3.649895223598743077e-01,1.154890441984744304e-01
8.000000000000000000e+00,1.000000000000000000e+00,2.995147551272644981e-01,2.154794611569118279e-01,2.095485015220724667e-01,2.754572821937512628e-01
8.000000000000000000e+00,2.000000000000000000e+00,4.385438302929012960e-02,4.841069584947395588e-01,4.392746238324898855e-01,3.276403464348050243e-02
8.000000000000000000e+00,3.000000000000000000e+00,1.695706081852195457e-01,3.761236365557555916e-01,2.780925922048188559e-01,1.762131630542061178e-01
9.000000000000000000e+00,0.000000000000000000e+00,1.539104256128273340e-01,3.998573300437293643e-01,3.462747541913422378e-01,9.995749015210103616e-02
9.000000000000000000e+00,1.000000000000000000e+00,3.213002507175053424e-01,2.200513204247656895e-01,2.037173008264824003e-01,2.549311280312464567e-01
9.000000000000000000e+00,2.000000000000000000e+00,5.598432379366301281e-02,5.207802719932480562e-01,3.982071757760651254e-01,2.502822843702351419e-02
9.000000000000000000e+00,3.000000000000000000e+00,2.233870728597311672e-01,3.678330287527180609e-01,2.018934150326534560e-01,2.068864833548973714e-01
1.000000000000000000e+01,0.000000000000000000e+00,1.418089040497282349e-01,3.903855996226433533e-01,3.582307176313092034e-01,1.095747786963189585e-01
1.000000000000000000e+01,1.000000000000000000e+00,3.074959878453965567e-01,2.172405634028966026e-01,2.074595384159775846e-01,2.678039103357294781e-01
1.000000000000000000e+01,2.000000000000000000e+00,4.805757274930823331e-02,4.980170320715073817e-01,4.242218466647043051e-01,2.970354851448027064e-02
1.000000000000000000e+01,3.000000000000000000e+00,1.994398333790778632e-01,3.691659805388761151e-01,2.277771678107953501e-01,2.036170182712506993e-01
1.100000000000000000e+01,0.000000000000000000e+00,1.497631067044045972e-01,3.967511705014481471e-01,3.503566282292309153e-01,1.031290945649165347e-01
1.100000000000000000e+01,1.000000000000000000e+00,3.166269533043354345e-01,2.191327777980233427e-01,2.050018715708372130e-01,2.592383973268040376e-01
1.100000000000000000e+01,2.000000000000000000e+00,5.320550616275857708e-02,5.132658119068816971e-01,4.070001470413242006e-01,2.652853488903583051e-02
1.100000000000000000e+01,3.000000000000000000e+00,2.062713733772762181e-01,3.740920470918245311e-01,2.261500750298631457e-01,1.934865045010361606e-01
1.200000000000000000e+01,0.000000000000000000e+00,1.405905784644416456e-01,3.893612573169170643e-01,3.594413185559560131e-01,1.106068456626854712e-01
1.200000000000000000e+01,1.000000000000000000e+00,3.060769603234734237e-01,2.169348038395120248e-01,2.078350772180542760e-01,2.691531586189601644e-01
1.200000000000000000e+01,2.000000000000000000e+00,4.729033107957161114e-02,4.955824161365615099e-01,4.268997431081721916e-01,3.022750967569468386e-02
1.200000000000000000e+01,3.000000000000000000e+00,1.974494586156538278e-01,3.689139715255518870e-01,2.297592496850497379e-01,2.038773201737446861e-01
1.300000000000000000e+01,0.000000000000000000e+00,1.341383758524673786e-01,3.837068725649481205e-01,3.658683632179600687e-01,1.162863883646245156e-01
1.300000000000000000e+01,1.000000000000000000e+00,2.984658304015139207e-01,2.152404880374862717e-01,2.098187704214048710e-01,2.764749111395947700e-01
1.300000000000000000e+01,2.000000000000000000e+00,4.332204665057209914e-02,4.822404857015567536e-01,4.412501245932580751e-01,3.318734305461312761e-02
1.300000000000000000e+01,3.000000000000000000e+00,1.850427030277395080e-01,3.681858693078873257e-01,2.441973882062653811e-01,2.025740394581079240e-01
1.400000000000000000e+01,0.000000000000000000e+00,1.523911441130217370e-01,3.987358594938099632e-01,3.477679900006773184e-01,1.011050063924910369e-01
1.400000000000000000e+01,1.000000000000000000e+00,3.195949982416907975e-01,2.197200371963403398e-01,2.041880745408416742e-01,2.564968900211273550e-01
1.400000000000000000e+01,2.000000000000000000e+00,5.495888038012632093e-02,5.180616935019956015e-01,4.014131131447832845e-01,2.556631297309456055e-02
1.400000000000000000e+01,3.000000000000000000e+00,2.160911267131524205e-01,3.709428793011851355e-01,2.122540025855346457e-01,2.007119914001276872e-01
1.500000000000000000e+01,0.000000000000000000e+00,1.445563859877085910e-01,3.926467417547175320e-01,3.555047920279007512e-01,1.072920802296733339e-01
1.500000000000000000e+01,1.000000000000000000e+00,3.106757502650314695e-01,2.179142443939234564e-01,2.066116963951514229e-01,2.647983089458936234e-01
1.500000000000000000e+01,2.000000000000000000e+00,4.980859011384182466e-02,5.034101646934940888e-01,4.182213338011782633e-01,2.855991139148589611e-02
1.500000000000000000e+01,3.000000000000000000e+00,1.930422459795284873e-01,3.757639305432352583e-01,2.438128344754046384e-01,1.873809890018314495e-01
1.600000000000000000e+01,0.000000000000000000e+00,1.446000720176789933e-01,3.926821545449089013e-01,3.554614976936273929e-01,1.072562757437847264e-01
1.600000000000000000e+01,1.000000000000000000e+00,3.107260854779458348e-01,2.179247815733471594e-01,2.065982054470286711e-01,2.647509275016784458e-01
1.600000000000000000e+01,2.000000000000000000e+00,4.983666405182271553e-02,5.034948355801277531e-01,4.181263595319060222e-01,2.854214083614353345e-02
1.600000000000000000e+01,3.000000000000000000e+00,1.861206097534013060e-01,3.793007254532162476e-01,2.576627426698454570e-01,1.769159221235368784e-01
1.700000000000000000e+01,0.000000000000000000e+00,1.531901414474914347e-01,3.993279870981996105e-01,3.469823836206380463e-01,1.004994878336711028e-01
1.700000000000000000e+01,1.000000000000000000e+00,3.204927524609440526e-01,2.198950012835364787e-01,2.039405193501160340e-01,2.556717269054033514e-01
1.700000000000000000e+01,2.000000000000000000e+00,5.549708969803629488e-02,5.194963098026488257e-01,3.997248934561961065e-01,2.528170704311883885e-02
1.700000000000000000e+01,3.000000000000000000e+00,2.100580760399534119e-01,3.755897627192386068e-01,2.238550286011738444e-01,1.904971326396342202e-01
1.800000000000000000e+01,0.000000000000000000e+00,1.443593113979401987e-01,3.924867804887909872e-01,3.557001192988843985e-01,1.074537888143844017e-01
1.800000000000000000e+01,1.000000000000000000e+00,3.104485934961158655e-01,2.178666421875185000e-01,2.066725525616613379e-01,2.650122117547042966e-01
1.800000000000000000e+01,2.000000000000000000e+00,4.968203428776562375e-02,5.030277813545135368e-01,4.186499488679712444e-01,2.864023548974971994e-02
1.800000000000000000e+01,3.000000000000000000e+00,1.959137474956880731e-01,3.740065047184022440e-01,2.379973625464183173e-01,1.920823852394913378e-01
1.900000000000000000e+01,0.000000000000000000e+00,1.473333418503164904e-01,3.948647362064956479e-01,3.527559974800332787e-01,1.050459244631547912e-01
1.900000000000000000e+01,1.000000000000000000e+00,3.138617015023714152e-01,2.185734143360832937e-01,2.057535646372211646e-01,2.618113195243241820e-01
1.900000000000000000e+01,2.000000000000000000e+00,5.160754351997884348e-02,5.087255499024648797e-01,4.122117650606400563e-01,2.745514151691634541e-02
1.900000000000000000e+01,3.000000000000000000e+00,1.894696822046042228e-01,3.806093356310854547e-01,2.548577775679898849e-01,1.750632045963203542e-01
2.000000000000000000e+01,0.000000000000000000e+00,1.432255205416117783e-01,3.915598454399806250e-01,3.568244727643520853e-01,1.083901612540556642e-01
2.000000000000000000e+01,1.000000000000000000e+00,3.091389734753719476e-01,2.175906307202958578e-01,2.070225442180978204e-01,2.662478515862343742e-01
2.000000000000000000e+01,2.000000000000000000e+00,4.895681537540375050e-02,5.008145228173280783e-01,4.211212335406483986e-01,2.910742826661976215e-02
2.000000000000000000e+01,3.000000000000000000e+00,1.830380794508359998e-01,3.792720438913000369e-01,2.619623991340401803e-01,1.757274775238236997e-01
2.100000000000000000e+01,0.000000000000000000e+00,1.471311598331155879e-01,3.947055007311688346e-01,3.529558988595645208e-01,1.052074405761510428e-01
2.100000000000000000e+01,1.000000000000000000e+00,3.136306700637616074e-01,2.185261446807003072e-01,2.058160797045780754e-01,2.620271055509600377e-01
2.100000000000000000e+01,2.000000000000000000e+00,5.147558095472554857e-02,5.083431189033693620e-01,4.126473991865339808e-01,2.753390095537112600e-02
2.100000000000000000e+01,3.000000000000000000e+00,2.015218244205904952e-01,3.739470936273189272e-01,2.313007193048400856e-01,1.932303626472506586e-01
2.200000000000000000e+01,0.000000000000000000e+00,1.349524676083923569e-01,3.844420615410667486e-01,3.650561843518161931e-01,1.155492864987246876e-01
2.200000000000000000e+01,1.000000000000000000e+00,2.994352867717985367e-01,2.154614176653621704e-01,2.095690129042615257e-01,2.755342826585778226e-01
2.200000000000000000e+01,2.000000000000000000e+00,4.381389115295802883e-02,4.839658566292674435e-01,4.394243235798470093e-01,3.279592863792760160e-02
2.200000000000000000e+01,3.000000000000000000e+00,1.866463310409893217e-01,3.683028075423674386e-01,2.422531020514243072e-01,2.027977593652191546e-01
2.300000000000000000e+01,0.000000000000000000e+00,1.220273704604636356e-01,3.719797371845482425e-01,3.779723744319490875e-01,1.280205179230391177e-01
2.300000000000000000e+01,1.000000000000000000e+00,2.837079370685774982e-01,2.116897917240965488e-01,2.135105628013722612e-01,2.910917084059536086e-01
2.300000000000000000e+01,2.000000000000000000e+00,3.630978922385887098e-02,4.551025387567638747e-01,4.688795149874181445e-01,3.970815703195894331e-02
2.300000000000000000e+01,3.000000000000000000e+00,1.692643233123755087e-01,3.614613243570947709e-01,2.572983415311206890e-01,2.119760107994092535e-01
2.400000000000000000e+01,0.000000000000000000e+00,1.428036777807810409e-01,3.912120536326094689e-01,3.572430656451931474e-01,1.087412029414165510e-01
2.400000000000000000e+01,1.000000000000000000e+00,3.086505031230779572e-01,2.174869953185114280e-01,2.071527091456644432e-01,2.667097924127460606e-01
2.400000000000000000e+01,2.000000000000000000e+00,4.868823699118619841e-02,4.999852210310937739e-01,4.220430532434338855e-01,2.928348873428613872e-02
2.400000000000000000e+01,3.000000000000000000e+00,2.215197321732320368e-01,3.562643890362887089e-01,1.909902316604813466e-01,2.312256471299979355e-01
2.500000000000000000e+01,0.000000000000000000e+00,1.345268084704699385e-01,3.840584572649290429e-01,3.654808045914391679e-01,1.159339296731616564e-01
2.500000000000000000e+01,1.000000000000000000e+00,2.989287294231577352e-01,2.153461655394779684e-01,2.096996231347684203e-01,2.760254819025956818e-01
2.500000000000000000e+01,2.000000000000000000e+00,4.355640375507037476e-02,4.830652479797432064e-01,4.403784373451147816e-01,3.299991092007169974e-02
2.500000000000000000e+01,3.000000000000000000e+00,1.973536807514738589e-01,3.619322985938009385e-01,2.212525050906843371e-01,2.194615155640410320e-01
2.600000000000000000e+01,0.000000000000000000e+00,1.429277655423086268e-01,3.913145235488680873e-01,3.571199194205314509e-01,1.086377914882920709e-01
2.600000000000000000e+01,1.000000000000000000e+00,3.087942584334654184e-01,2.175175336928608094e-01,2.071144233660638379e-01,2.665737845076099344e-01
2.600000000000000000e+01,2.000000000000000000e+00,4.876717063212034770e-02,5.002294942550311596e-01,4.217717627096009281e-01,2.923157240324754033e-02
2.600000000000000000e+01,3.000000000000000000e+00,1.942111529984619500e-01,3.733369265407691096e-01,2.392249510682691593e-01,1.932269693924998366e-01
2.700000000000000000e+01,0.000000000000000000e+00,1.293982532635423177e-01,3.792966629539836765e-01,3.706025259218389545e-01,1.207025578606353011e-01
2.700000000000000000e+01,1.000000000000000000e+00,2.927663162925429607e-01,2.139111219113532525e-01,2.112694212686566375e-01,2.820531405274471215e-01
2.700000000000000000e+01,2.000000000000000000e+00,4.050928926543179154e-02,4.719496833258554624e-01,4.519633771298356417e-01,3.557765027887691694e-02
2.700000000000000000e+01,3.000000000000000000e+00,1.710393078772489694e-01,3.692653944182844872e-01,2.657418991521167118e-01,1.939533985523497484e-01
2.800000000000000000e+01,0.000000000000000000e+00,1.425032843317537989e-01,3.909634232314029845e-01,3.575412291293116884e-01,1.089920633075315420e-01
2.800000000000000000e+01,1.000000000000000000e+00,3.083022602891780095e-01,2.174128828289408066e-01,2.072453813068557693e-01,2.670394755750253868e-01
2.800000000000000000e+01,2.000000000000000000e+00,4.849739634893442120e-02,4.993927448707384809e-01,4.227002497653159496e-01,2.940960901501089853e-02
2.800000000000000000e+01,3.000000000000000000e+00,1.992677272713994918e-01,3.700523815536818084e-01,2.290699836658168509e-01,2.016099075091017656e-01
2.900000000000000000e+01,0.000000000000000000e+00,1.332960263555418023e-01,3.829393904752115829e-01,3.667090479911365719e-01,1.170555351781102649e-01
2.900000000000000000e+01,1.000000000000000000e+00,2.974598631264756543e-01,2.150096485960586445e-01,2.100770184349947667e-01,2.774534698424708234e-01
2.900000000000000000e+01,2.000000000000000000e+00,4.281582960785190045e-02,4.804423303536894951e-01,4.431437585201433160e-01,3.359808151831554512e-02
2.900000000000000000e+01,3.000000000000000000e+00,1.825635186648473796e-01,3.684549466988038535e-01,2.478754586160350493e-01,2.011060760203138564e-01
3.000000000000000000e+01,0.000000000000000000e+00,1.534272540897023696e-01,3.995027078018991706e-01,3.467493753266220891e-01,1.003206627817763846e-01
3.000000000000000000e+01,1.000000000000000000e+00,3.207587650744878061e-01,2.199466074721403708e-01,2.038670424320956909e-01,2.554275850212761045e-01
3.000000000000000000e+01,2.000000000000000000e+00,5.565726974371151825e-02,5.199199560133402898e-01,3.992248319549353552e-01,2.519794228801257308e-02
3.000000000000000000e+01,3.000000000000000000e+00,2.063187285319283693e-01,3.780725295853684664e-01,2.309353084330056094e-01,1.846734334496975549e-01
3.100000000000000000e+01,0.000000000000000000e+00,1.441533367010873479e-01,3.923192297655282434e-01,3.559043020117998446e-01,1.076231315215843976e-01
3.100000000000000000e+01,1.000000000000000000e+00,3.102110259940227821e-01,2.178167721736215812e-01,2.067361507041531599e-01,2.652360511282024214e-01
3.100000000000000000e+01,2.000000000000000000e+00,4.954992089337677957e-02,5.026273947546248122e-01,4.190982194702509989e-01,2.872446488174755161e-02
3.100000000000000000e+01,3.000000000000000000e+00,1.937178102539388047e-01,3.749616027670932272e-01,2.419261353501158951e-01,1.893944516288521840e-01
3.200000000000000000e+01,0.000000000000000000e+00,1.467463665552474483e-01,3.944014735853774711e-01,3.533364539506433366e-01,1.055157059087315080e-01
3.200000000000000000e+01,1.000000000000000000e+00,3.131905715541709601e-01,2.184358701799195279e-01,2.059350429407080241e-01,2.624385153252014602e-01
3.200000000000000000e+01,2.000000000000000000e+00,5.122485673383761484e-02,5.076133001510666487e-01,4.134773303206710771e-01,2.768451279442470797e-02
3.200000000000000000e+01,3.000000000000000000e+00,1.968808810451945224e-01,3.761149377221199019e-01,2.395059822073176414e-01,1.874981990253679065e-01
3.300000000000000000e+01,0.000000000000000000e+00,1.515576016314049979e-01,3.981125576882847961e-01,3.485882746516658082e-01,1.017415660286442314e-01
3.300000000000000000e+01,1.000000000000000000e+00,3.186561475627111562e-01,2.195357407464263721e-01,2.044462677885789947e-01,2.573618439022834492e-01
3.300000000000000000e+01,2.000000000000000000e+00,5.439994987148651789e-02,5.165534184302674747e-01,4.031795084300452414e-01,2.586712326820064800e-02
3.300000000000000000e+01,3.000000000000000000e+00,2.168489135217840369e-01,3.695221446997939974e-01,2.098951649575106770e-01,2.037337768209112887e-01
3.400000000000000000e+01,0.000000000000000000e+00,1.365366205139758315e-01,3.858544274742106706e-01,3.634766961932903162e-01,1.141322558185233760e-01
3.400000000000000000e+01,1.000000000000000000e+00,3.013140849490512641e-01,2.158853091838159599e-01,2.090825396090073562e-01,2.737180662581254476e-01
3.400000000000000000e+01,2.000000000000000000e+00,4.477831613363310315e-02,4.872883296890028193e-01,4.358838048678446708e-01,3.204954930951951081e-02
3.400000000000000000e+01,3.000000000000000000e+00,1.859448319361539093e-01,3.704651164728330337e-01,2.460306839295109127e-01,1.975593676615021166e-01
3.500000000000000000e+01,0.000000000000000000e+00,1.580113251944073316e-01,4.027919822349480539e-01,3.422568619752350272e-01,9.693983059540940694e-02
3.500000000000000000e+01,1.000000000000000000e+00,3.258654845944433665e-01,2.209163577906462783e-01,2.024456298138219978e-01,2.507725278010883851e-01
3.500000000000000000e+01,2.000000000000000000e+00,5.879520306482542008e-02,5.279233486440622070e-01,3.896424955246483579e-01,2.363895276646383464e-02
3.500000000000000000e+01,3.000000000000000000e+00,2.469271650422300013e-01,3.553274596560305199e-01,1.704383875896024747e-01,2.273069877121370042e-01
3.600000000000000000e+01,0.000000000000000000e+00,1.400467976891097976e-01,3.888996981190817048e-01,3.599819910028873582e-01,1.110715131889209173e-01
3.600000000000000000e+01,1.000000000000000000e+00,3.054417834656089625e-01,2.167969148618091590e-01,2.080026022854541412e-01,2.697586993871277650e-01
3.600000000000000000e+01,2.000000000000000000e+00,4.694971757604541468e-02,4.944871563895054667e-01,4.280983148172678998e-01,3.046481121718121535e-02
3.600000000000000000e+01,3.000000000000000000e+00,1.987746600120229579e-01,3.675360287921694002e-01,2.265257426879727920e-01,2.071635685078348499e-01
3.700000000000000000e+01,0.000000000000000000e+00,1.424314657746218460e-01,3.909038606411942007e-01,3.576125248100826548e-01,1.090521487741011042e-01
3.700000000000000000e+01,1.000000000000000000e+00,3.082189520436472985e-01,2.173951251266539042e-01,2.072675352259797932e-01,2.671183876037189209e-01
3.700000000000000000e+01,2.000000000000000000e+00,4.845182084091059077e-02,4.992508564244071967e-01,4.228574680409921682e-01,2.943985469368998534e-02
3.700000000000000000e+01,3.000000000000000000e+00,2.010515387136524168e-01,3.689416596219927680e-01,2.256767080313940854e-01,2.043300936329607298e-01
3.800000000000000000e+01,0.000000000000000000e+00,1.481119750407384472e-01,3.954747101313452751e-01,3.519864983018273774e-01,1.044268165260887199e-01
3.800000000000000000e+01,1.000000000000000000e+00,3.147500873436483992e-01,2.187544096635145319e-01,2.055127607054033911e-01,2.609827422874337333e-01
3.800000000000000000e+01,2.000000000000000000e+00,5.211719457571874908e-02,5.101916836332428540e-01,4.105368927242626920e-01,2.715422906677567721e-02
3.800000000000000000e+01,3.000000000000000000e+00,2.155504421993889030e-01,3.664683323720581143e-01,2.076838523444513307e-01,2.102973730841018740e-01
3.900000000000000000e+01,0.000000000000000000e+00,1.457540099869032990e-01,3.936115113438926616e-01,3.543184892508150496e-01,1.063159894183887955e-01
3.900000000000000000e+01,1.000000000000000000e+00,3.120531557424264246e-01,2.182011658866979953e-01,2.062417450137752906e-01,2.635039333571002618e-01
3.900000000000000000e+01,2.000000000000000000e+00,5.058084309783258958e-02,5.057191676763400645e-01,4.156226772713724205e-01,2.807731195445521341e-02
3.900000000000000000e+01,3.000000000000000000e+00,1.918230307165457726e-01,3.777111851009090082e-01,2.479120795478555739e-01,1.825537046346897840e-01
4.000000000000000000e+01,0.000000000000000000e+00,1.328988845052248013e-01,3.825751400756046694e-01,3.671055086950067436e-01,1.174204667241639383e-01
4.000000000000000000e+01,1.000000000000000000e+00,2.969845657149619567e-01,2.149000179725518711e-01,2.101987088058246411e-01,2.779167075066613646e-01
4.000000000000000000e+01,2.000000000000000000e+00,4.257811740715556487e-02,4.795899927458622258e-01,4.440381046902804885e-01,3.379378515670191513e-02
4.000000000000000000e+01,3.000000000000000000e+00,1.784751667503387818e-01,3.699534134155931797e-01,2.556201152796869214e-01,1.959513045543808396e-01
4.100000000000000000e+01,0.000000000000000000e+00,1.371422939830601317e-01,3.863881127421502359e-01,3.628731622035373805e-01,1.135964310712522796e-01
4.100000000000000000e+01,1.000000000000000000e+00,3.020297596370127846e-01,2.160453012976281395e-01,2.088963894564713486e-01,2.730285496088876718e-01
4.100000000000000000e+01,2.000000000000000000e+00,4.514960466043045628e-02,4.885464702109719171e-01,4.345345152719249371e-01,3.176940985667265488e-02
4.100000000000000000e+01,3.000000000000000000e+00,1.888191811678961995e-01,3.696797452053104394e-01,2.412592357227092421e-01,2.002418379040843688e-01
4.200000000000000000e+01,0.000000000000000000e+00,1.459186300085135723e-01,3.937431466423059190e-01,3.541555215139173263e-01,1.061827018352631408e-01
4.200000000000000000e+01,1.000000000000000000e+00,3.122420836437668212e-01,2.182402902281463941e-01,2.061908764107772962e-01,2.633267497173094052e-01
4.200000000000000000e+01,2.000000000000000000e+00,5.068741901769540509e-02,5.060345778209555112e-01,4.152662921453367240e-01,2.801171101601253322e-02
4.200000000000000000e+01,3.000000000000000000e+00,1.996596996385423817e-01,3.736596901859237096e-01,2.330992255365954557e-01,1.935813846389385084e-01
4.300000000000000000e+01,0.000000000000000000e+00,1.718883172425330064e-01,4.117743474418948391e-01,3.288144998862899127e-01,8.752283542928210314e-02
4.300000000000000000e+01,1.000000000000000000e+00,3.409317930592664081e-01,2.235479980884999551e-01,1.981367739016607621e-01,2.373834349505728469e-01
4.300000000000000000e+01,2.000000000000000000e+00,6.876582507614253936e-02,5.500417373697074064e-01,3.616471965001881728e-01,1.954524105396207925e-02
4.300000000000000000e+01,3.000000000000000000e+00,2.512941557105626278e-01,3.674993475624717121e-01,1.791469842410474134e-01,2.020595124859181912e-01
4.400000000000000000e+01,0.000000000000000000e+00,1.609531218964674326e-01,4.048160480973448383e-01,3.393866712374478678e-01,9.484415876874011109e-02
4.400000000000000000e+01,1.000000000000000000e+00,3.291075067221252426e-01,2.215114446244914048e-01,2.015327218583476965e-01,2.478483267950358226e-01
4.400000000000000000e+01,2.000000000000000000e+00,6.085000158480510790e-02,5.328742984138415961e-01,3.835795315743901202e-01,2.269616842696341522e-02
4.400000000000000000e+01,3.000000000000000000e+00,2.248527514918208237e-01,3.746304154000474895e-01,2.080590478459816983e-01,1.924577852621499330e-01
4.500000000000000000e+01,0.000000000000000000e+00,1.350917912078833383e-01,3.845672406452864678e-01,3.649172197540584972e-01,1.154237483927714886e-01
4.500000000000000000e+01,1.000000000000000000e+00,2.996009302680158748e-01,2.154990160504878516e-01,2.095262525358103090e-01,2.753738011456861035e-01
4.500000000000000000e+01,2.000000000000000000e+00,4.389832213752063728e-02,4.842599119319709877e-01,4.391122843992211200e-01,3.272948153128726889e-02
4.500000000000000000e+01,3.000000000000000000e+00,1.848133237990308431e-01,3.693914305642460594e-01,2.461042421426972437e-01,1.996910034940259648e-01
4.600000000000000000e+01,0.000000000000000000e+00,1.407151177076324533e-01,3.894665857676236631e-01,3.593175201559796195e-01,1.105007763687640837e-01
4.600000000000000000e+01,1.000000000000000000e+00,3.062222732489164323e-01,2.169662601483358100e-01,2.077967017757759438e-01,2.690147648269717862e-01
4.600000000000000000e+01,2.000000000000000000e+00,4.736849930070147208e-02,4.958325089098618021e-01,4.266255290749711437e-01,3.017346271446576939e-02
4.600000000000000000e+01,3.000000000000000000e+00,1.840293853658452605e-01,3.760692525155280297e-01,2.561693836855328810e-01,1.837319784330938011e-01
4.700000000000000000e+01,0.000000000000000000e+00,1.426670381018619593e-01,3.910990594194923564e-01,3.573786823592279838e-01,1.088552201194175201e-01
4.700000000000000000e+01,1.000000000000000000e+00,3.084921400471978270e-01,2.174533162986563573e-01,2.071948647068502791e-01,2.668596789472956199e-01
4.700000000000000000e+01,2.000000000000000000e+00,4.860138683213956201e-02,4.997159213797992550e-01,4.223419122679308857e-01,2.934077952013021406e-02
4.700000000000000000e+01,3.000000000000000000e+00,2.078732485371135030e-01,3.651029358784866341e-01,2.137522981354846585e-01,2.132715174489150101e-01
4.800000000000000000e+01,0.000000000000000000e+00,1.420549513538998110e-01,3.905908419074524685e-01,3.579863621505610105e-01,1.093678445880867101e-01
4.800000000000000000e+01,1.000000000000000000e+00,3.077818887169364581e-01,2.173017838657814726e-01,2.073836637157121243e-01,2.675326637015700837e-01
4.800000000000000000e+01,2.000000000000000000e+00,4.821320968184252681e-02,4.985054885991975770e-01,4.236822937528431643e-01,2.959900796611687757e-02
4.800000000000000000e+01,3.000000000000000000e+00,2.136703939062605251e-01,3.606853252281582711e-01,2.029510678520672906e-01,2.226932130135139132e-01
4.900000000000000000e+01,0.000000000000000000e+00,1.463358207882413664e-01,3.940756929886786164e-01,3.537426242551860445e-01,1.058458619678941393e-01
4.900000000000000000e+01,1.000000000000000000e+00,3.127204406928595359e-01,2.183391030930390275e-01,2.060619448246431284e-01,2.628785113894582803e-01
4.900000000000000000e+01,2.000000000000000000e+00,5.095797070353452751e-02,5.068317784359069877e-01,4.143640036422059358e-01,2.784624721835277095e-02
4.900000000000000000e+01,3.000000000000000000e+00,2.077110106623462071e-01,3.693950169326425392e-01,2.189784067449429272e-01,2.039155656600681876e-01
5.000000000000000000e+01,0.000000000000000000e+00,1.441609400630920190e-01,3.923254213900139176e-01,3.558967641801107362e-01,1.076168743667833133e-01
5.000000000000000000e+01,1.000000000000000000e+00,3.102197983449804797e-01,2.178186152267411468e-01,2.067338031540457421e-01,2.652277832742326313e-01
5.000000000000000000e+01,2.000000000000000000e+00,4.955479486671841155e-02,5.026421879993540065e-01,4.190816665605447966e-01,2.872135057338302128e-02
5.000000000000000000e+01,3.000000000000000000e+00,2.078833647715032373e-01,3.668147330525837191e-01,2.157508667297378946e-01,2.095510354461753988e-01
5.100000000000000000e+01,0.000000000000000000e+00,1.427708358955373236e-01,3.911849102595884586e-01,3.572756603381010421e-01,1.087685935067731757e-01
5.100000000000000000e+01,1.000000000000000000e+00,3.086124462945832869e-01,2.174789053726180477e-01,2.071628416842148934e-01,2.667458066485837165e-01
5.100000000000000000e+01,2.000000000000000000e+00,4.866735571645462721e-02,4.999205241722321502e-01,4.221148730868681809e-01,2.929724702444531578e-02
5.100000000000000000e+01,3.000000000000000000e+00,1.993921042293694823e-01,3.702839745911621905e-01,2.292137266734570467e-01,2.011101945060112250e-01
5.200000000000000000e+01,0.000000000000000000e+00,1.592162144392606782e-01,4.036290630421969228e-01,3.410800445295782413e-01,9.607467798896413003e-02
5.200000000000000000e+01,1.000000000000000000e+00,3.271966004041625409e-01,2.211626150913113542e-01,2.020717815090496416e-01,2.495690029954762967e-01
5.200000000000000000e+01,2.000000000000000000e+00,5.963293393638326861e-02,5.299684978111132150e-01,3.871510165004891091e-01,2.324755175201444896e-02
5.200000000000000000e+01,3.000000000000000000e+00,2.274754261924323007e-01,3.709569045271244869e-01,2.016467263002086896e-01,1.999209429802347171e-01
5.300000000000000000e+01,0.000000000000000000e+00,1.100752936271232052e-01,3.588194959157190445e-01,3.898889763139533060e-01,1.412162341432045554e-01
5.300000000000000000e+01,1.000000000000000000e+00,2.684589870238158760e-01,2.076422579888940745e-01,2.170923694066330401e-01,3.068063855806569817e-01
5.300000000000000000e+01,2.000000000000000000e+00,2.995711535579650628e-02,4.255232478290910669e-01,4.968360073406361543e-01,4.768362947447606776e-02
5.300000000000000000e+01,3.000000000000000000e+00,1.499201211189443994e-01,3.543818464269596902e-01,2.792297928160084042e-01,2.164682396380875895e-01
5.400000000000000000e+01,0.000000000000000000e+00,1.401614923753708719e-01,3.889972756561959621e-01,3.598679349643592040e-01,1.109732970040741840e-01
5.400000000000000000e+01,1.000000000000000000e+00,3.055758494275477855e-01,2.168260718403491882e-01,2.079672725282337709e-01,2.696308062038693110e-01
5.400000000000000000e+01,2.000000000000000000e+00,4.702146582570546074e-02,4.947186125593202033e-01,4.278453408428574689e-01,3.041458077211682889e-02
5.400000000000000000e+01,3.000000000000000000e+00,2.003135776504627874e-01,3.667752204047019515e-01,2.238557896420705629e-01,2.090554123027644762e-01
5.500000000000000000e+01,0.000000000000000000e+00,1.412165652344807842e-01,3.898892546367164202e-01,3.588191669269717998e-01,1.100750132018311900e-01
5.500000000000000000e+01,1.000000000000000000e+00,3.068067711933599173e-01,2.170924524827746727e-01,2.076421559313973986e-01,2.684586203924682613e-01
5.500000000000000000e+01,2.000000000000000000e+00,4.768383800072961004e-02,4.968366688695818878e-01,4.255225201229919096e-01,2.995697300669681110e-02
5.500000000000000000e+01,3.000000000000000000e+00,1.907359400393597859e-01,3.732709808935025242e-01,2.434975899987621428e-01,1.924954890683755193e-01
5.600000000000000000e+01,0.000000000000000000e+00,1.314565548134126183e-01,3.812391789099677242e-01,3.685458711492031747e-01,1.187583951274162747e-01
5.600000000000000000e+01,1.000000000000000000e+00,2.952528538683168446e-01,2.144975175761031361e-01,2.106402960828086812e-01,2.796093324727714213e-01
5.600000000000000000e+01,2.000000000000000000e+00,4.171994729867035956e-02,4.764698088696647793e-01,4.472944337309933127e-01,3.451581010067177047e-02
5.600000000000000000e+01,3.000000000000000000e+00,1.870624474730969711e-01,3.640324937196796617e-01,2.361415635507269628e-01,2.127634952564965987e-01
5.700000000000000000e+01,0.000000000000000000e+00,1.614883853753230347e-01,4.051771958585914657e-01,3.388655674571254828e-01,9.446885130895978089e-02
5.700000000000000000e+01,1.000000000000000000e+00,3.296945185459778660e-01,2.216174941254073494e-01,2.013665702582773109e-01,2.473214170703375014e-01
5.700000000000000000e+01,2.000000000000000000e+00,6.122730668695292727e-02,5.337597421200189762e-01,3.824837110287100383e-01,2.252924016431798529e-02
5.700000000000000000e+01,3.000000000000000000e+00,2.331902568941987552e-01,3.694841180688194782e-01,1.951461084800431012e-01,2.021795165569388042e-01
5.800000000000000000e+01,0.000000000000000000e+00,1.333786157711975562e-01,3.830149456381111706e-01,3.666266083558212818e-01,1.169798302348701302e-01
5.800000000000000000e+01,1.000000000000000000e+00,2.975586239382078668e-01,2.150323830058528674e-01,2.100517063952727914e-01,2.773572866606663911e-01
5.800000000000000000e+01,2.000000000000000000e+00,4.286534089386087598e-02,4.806192143908177283e-01,4.429578955038555033e-01,3.355754921146582304e-02
5.800000000000000000e+01,3.000000000000000000e+00,1.783500510092007052e-01,3.705550478147958127e-01,2.566320982884421342e-01,1.944628028875612924e-01
5.900000000000000000e+01,0.000000000000000000e+00,1.344199274082214235e-01,3.839618610299537771e-01,3.655874382321892546e-01,1.160307733296355587e-01
5.900000000000000000e+01,1.000000000000000000e+00,2.988014196351968521e-01,2.153171355091096639e-01,2.097324115215351281e-01,2.761490333341584114e-01
5.900000000000000000e+01,2.000000000000000000e+00,4.349185987365378897e-02,4.828385843118307985e-01,4.406181942358345371e-01,3.305136157868087537e-02
5.900000000000000000e+01,3.000000000000000000e+00,1.764643696863096578e-01,3.725802537242348111e-01,2.622173260093625391e-01,1.887380505800930197e-01
6.000000000000000000e+01,0.000000000000000000e+00,1.377181421718085830e-01,3.868923105706765231e-01,3.622995431543029610e-01,1.130900041032117526e-01
6.000000000000000000e+01,1.000000000000000000e+00,3.027088447644953884e-01,2.161963617991318198e-01,2.087193299212261044e-01,2.723754635151466319e-01
6.000000000000000000e+01,2.000000000000000000e+00,4.550391953365445080e-02,4.897364477643315062e-01,4.332539366539278070e-01,3.150569604808640262e-02
6.000000000000000000e+01,3.000000000000000000e+00,2.008727181561477948e-01,3.636112698536822507e-01,2.193978966352743976e-01,2.161181153548955569e-01
6.100000000000000000e+01,0.000000000000000000e+00,1.516941173476482885e-01,3.982150320765611151e-01,3.484538810610091075e-01,1.016369695147817664e-01
6.100000000000000000e+01,1.000000000000000000e+00,3.188100704569030719e-01,2.195660486171918946e-01,2.044039862841981192e-01,2.572198946417069143e-01
6.100000000000000000e+01,2.000000000000000000e+00,5.449131188079300164e-02,5.168012555073793202e-01,4.028898506377602828e-01,2.581758197406706576e-02
6.100000000000000000e+01,3.000000000000000000e+00,2.204280942621822115e-01,3.673228168216038370e-01,2.040363808273208679e-01,2.082127080888928894e-01
6.200000000000000000e+01,0.000000000000000000e+00,1.514341785189485534e-01,3.980197788137516124e-01,3.487097956272030008e-01,1.018362470400968056e-01
6.200000000000000000e+01,1.000000000000000000e+00,3.185169327780343340e-01,2.195082975812279735e-01,2.044844925550375614e-01,2.574902770857002143e-01
6.200000000000000000e+01,2.000000000000000000e+00,5.431741016655398241e-02,5.163290750940574547e-01,4.034415080926165298e-01,2.591200664677204349e-02
6.200000000000000000e+01,3.000000000000000000e+00,1.941305361925058925e-01,3.826339878311360576e-01,2.513923045717623705e-01,1.718431714045957903e-01
6.300000000000000000e+01,0.000000000000000000e+00,1.468236878420147440e-01,3.944626677710140195e-01,3.532599735824076270e-01,1.054536708045635957e-01
6.300000000000000000e+01,1.000000000000000000e+00,3.132790479949519868e-01,2.184540429138028539e-01,2.059111398599777487e-01,2.623557692312674106e-01
6.300000000000000000e+01,2.000000000000000000e+00,5.127519287079673055e-02,5.077601597244274512e-01,4.133104745992058904e-01,2.765417280557004240e-02
6.300000000000000000e+01,3.000000000000000000e+00,2.122393567992746088e-01,3.671274912782902522e-01,2.116833196960758445e-01,2.089498322263594610e-01
6.400000000000000000e+01,0.000000000000000000e+00,1.546461487177816785e-01,4.003936902481387561e-01,3.455525372379543714e-01,9.940762379612524957e-02
6.400000000000000000e+01,1.000000000000000000e+00,3.221232887880175477e-01,2.202096212974158085e-01,2.034892520888755274e-01,2.541778378256910886e-01
6.400000000000000000e+01,2.000000000000000000e+00,5.648400181467896908e-02,5.220826583984421454e-01,3.966610416154642826e-01,2.477229817141453697e-02
6.400000000000000000e+01,3.000000000000000000e+00,2.189252996515916594e-01,3.716170317918767729e-01,2.102684013490485337e-01,1.991892672074831450e-01
6.500000000000000000e+01,0.000000000000000000e+00,1.454455033101515748e-01,3.933641852159271979e-01,3.546239626733337369e-01,1.065663488005873100e-01
6.500000000000000000e+01,1.000000000000000000e+00,3.116988315569519941e-01,2.181276404877718622e-01,2.063370650511494320e-01,2.638364629041267118e-01
6.500000000000000000e+01,2.000000000000000000e+00,5.038139095276442103e-02,5.051267883942593961e-01,4.162910934167280974e-01,2.820072723624806807e-02
6.500000000000000000e+01,3.000000000000000000e+00,1.962130102667262177e-01,3.750462038427291867e-01,2.389574045500063859e-01,1.897833813405382652e-01
6.600000000000000000e+01,0.000000000000000000e+00,1.506652227671495814e-01,3.974389049011162189e-01,3.494672498136686678e-01,1.024286225180653515e-01
6.600000000000000000e+01,1.000000000000000000e+00,3.176484297476663277e-01,2.193364179828186100e-01,2.047226056396725113e-01,2.582925466298426342e-01
6.600000000000000000e+01,2.000000000000000000e+00,5.380445595562800831e-02,5.149254670693573788e-01,4.050764259065413597e-01,2.619365106847308666e-02
6.600000000000000000e+01,3.000000000000000000e+00,2.144373086410544527e-01,3.700710362910704099e-01,2.128867294120461995e-01,2.026049256558289935e-01
6.700000000000000000e+01,0.000000000000000000e+00,1.291825739866535594e-01,3.790906340730726409e-01,3.708180972271889475e-01,1.209086947130850465e-01
6.700000000000000000e+01,1.000000000000000000e+00,2.925047081993396025e-01,2.138488461305954325e-01,2.113352692694133173e-01,2.823111764006515645e-01
6.700000000000000000e+01,2.000000000000000000e+00,4.038338585797323493e-02,4.714714288358840544e-01,4.524540721262159670e-01,3.569111317992654242e-02
6.700000000000000000e+01,3.000000000000000000e+00,1.726382804271051341e-01,3.683369536572699277e-01,2.619583387374391226e-01,1.970664271781858157e-01
6.800000000000000000e+01,0.000000000000000000e+00,1.458357910502678656e-01,3.936769354482084204e-01,3.542375260735836084e-01,1.062497474279400639e-01
6.800000000000000000e+01,1.000000000000000000e+00,3.121470248597225661e-01,2.182206118173404819e-01,2.062164746361072887e-01,2.634158886868296912e-01
6.800000000000000000e+01,2.000000000000000000e+00,5.063377577423870679e-02,5.058759188604391444e-01,4.154456051172955022e-01,2.804470024802648703e-02
6.800000000000000000e+01,3.000000000000000000e+00,2.144041883808335824e-01,3.646049632537712859e-01,2.066762784707608935e-01,2.143145698946343214e-01
6.900000000000000000e+01,0.000000000000000000e+00,1.403227682750811389e-01,3.891342788405366959e-01,3.597075723589351903e-01,1.108353805254468083e-01
6.900000000000000000e+01,1.000000000000000000e+00,3.057642787941945994e-01,2.168670040131401577e-01,2.079175899044886922e-01,2.694511272881764952e-01
6.900000000000000000e+01,2.000000000000000000e+00,4.712243857196399266e-02,4.950436696374269641e-01,4.274897798407721883e-01,3.034411194983685847e-02
6.900000000000000000e+01,3.000000000000000000e+00,1.983239625671753825e-01,3.681107220644107558e-01,2.277511030349044230e-01,2.058142123335093276e-01
7.000000000000000000e+01,0.000000000000000000e+00,1.729109104889834936e-01,4.123812610449988925e-01,3.278341507005873012e-01,8.687367776543053477e-02
7.000000000000000000e+01,1.000000000000000000e+00,3.420201024522731559e-01,2.237249743667320823e-01,1.978191453349464057e-01,2.364357778460483561e-01
7.000000000000000000e+01,2.000000000000000000e+00,6.952820273486960689e-02,5.515496329138858123e-01,3.596455302029588075e-01,1.927663414828595378e-02
7.000000000000000000e+01,3.000000000000000000e+00,2.461940320522690850e-01,3.724597458838236341e-01,1.878278163330805994e-01,1.935184057308266536e-01
7.100000000000000000e+01,0.000000000000000000e+00,1.421056456073769847e-01,3.906330612234600874e-01,3.579360221019725063e-01,1.093252710671906436e-01
7.100000000000000000e+01,1.000000000000000000e+00,3.078407660707530025e-01,2.173143754493567226e-01,2.073680295516475425e-01,2.674768289282427047e-01
7.100000000000000000e+01,2.000000000000000000e+00,4.824530498938602030e-02,4.986059930960126119e-01,4.235711801697351064e-01,2.957752174486642446e-02
7.100000000000000000e+01,3.000000000000000000e+00,1.947046110581716061e-01,3.721504354915655122e-01,2.371043772133771821e-01,1.960405762368856442e-01
7.200000000000000000e+01,0.000000000000000000e+00,1.486713378984104994e-01,3.959097241095154707e-01,3.514340465355393905e-01,1.039848914565346533e-01
7.200000000000000000e+01,1.000000000000000000e+00,3.153869848806792331e-01,2.188834158725680434e-01,2.053397211757479468e-01,2.603898780710048322e-01
7.200000000000000000e+01,2.000000000000000000e+00,5.248473638000642622e-02,5.112384226859810754e-01,4.093364539229774057e-01,2.694038701103542571e-02
7.200000000000000000e+01,3.000000000000000000e+00,2.126567489278535228e-01,3.689584421367693712e-01,2.133803773927026581e-01,2.050044315426745034e-01
7.300000000000000000e+01,0.000000000000000000e+00,1.318421989300433417e-01,3.815984023854375184e-01,3.681606796732917464e-01,1.183987190112274213e-01
7.300000000000000000e+01,1.000000000000000000e+00,2.957167261903450028e-01,2.146058079216104364e-01,2.105222838176045441e-01,2.791551820704399334e-01
7.300000000000000000e+01,2.000000000000000000e+00,4.194861005923612024e-02,4.773078700629043714e-01,4.464225108907406425e-01,3.432100898711863690e-02
7.300000000000000000e+01,3.000000000000000000e+00,1.815043727654467587e-01,3.673028786843716142e-01,2.477652055692134148e-01,2.034275429809682678e-01
7.400000000000000000e+01,0.000000000000000000e+00,1.525882409316653143e-01,3.988824100542691653e-01,3.475741338896405352e-01,1.009552151244251933e-01
7.400000000000000000e+01,1.000000000000000000e+00,3.198166542130727596e-01,2.197633508253487300e-01,2.041270132317694330e-01,2.562929817298089663e-01
7.400000000000000000e+01,2.000000000000000000e+00,5.509142393369355351e-02,5.184165975652322844e-01,4.009962099000560221e-01,2.549576860101816778e-02
7.400000000000000000e+01,3.000000000000000000e+00,2.046835362264668168e-01,3.781120738031817363e-01,2.328289205074098311e-01,1.843754694629413937e-01
7.500000000000000000e+01,0.000000000000000000e+00,1.380004715374490154e-01,3.871383742094305358e-01,3.620183784295967766e-01,1.128427758235238249e-01
7.500000000000000000e+01,1.000000000000000000e+00,3.030413145221533822e-01,2.162700520772890822e-01,2.086324933899518785e-01,2.720561400106056293e-01
7.500000000000000000e+01,2.000000000000000000e+00,4.567810063469845971e-02,4.903176690597257359e-01,4.326269014747782804e-01,3.137732883079772522e-02
7.500000000000000000e+01,3.000000000000000000e+00,1.824190198374520400e-01,3.738350784695156359e-01,2.553693250094173361e-01,1.883765766836150157e-01
7.600000000000000000e+01,0.000000000000000000e+00,1.274751022554913016e-01,3.774427138096215217e-01,3.725250387128959950e-01,1.225571452219911678e-01
7.600000000000000000e+01,1.000000000000000000e+00,2.904264620673108754e-01,2.133501744306935122e-01,2.118560350709240148e-01,2.843673284310714866e-01
7.600000000000000000e+01,2.000000000000000000e+00,3.939305527777735294e-02,4.676541642270937160e-01,4.563482788469835350e-01,3.660450164814535445e-02
7.600000000000000000e+01,3.000000000000000000e+00,1.734798062040601718e-01,3.660018100946717534e-01,2.573927342970884768e-01,2.031256494041794314e-01
7.700000000000000000e+01,0.000000000000000000e+00,1.485263972433626123e-01,3.957972591701504061e-01,3.515771680413167233e-01,1.040991755451703138e-01
7.700000000000000000e+01,1.000000000000000000e+00,3.152220580077884637e-01,2.188500694743170383e-01,2.053845626114578216e-01,2.605433099064366487e-01
7.700000000000000000e+01,2.000000000000000000e+00,5.238938656847478420e-02,5.109677166035764273e-01,4.096472852377118223e-01,2.699561159023716739e-02
7.700000000000000000e+01,3.000000000000000000e+00,2.150894094215186902e-01,3.672387911051360199e-01,2.090050676368775950e-01,2.086667318364678891e-01
7.800000000000000000e+01,0.000000000000000000e+00,1.570703621698835706e-01,4.021303874935809874e-01,3.431770880934604251e-01,9.762216224307479484e-02
7.800000000000000000e+01,1.000000000000000000e+00,3.248227592595643309e-01,2.207215747595263899e-01,2.027375251671939826e-01,2.517181408137151299e-01
7.800000000000000000e+01,2.000000000000000000e+00,5.814471299659525194e-02,5.263093394927312874e-01,3.915961315902704021e-01,2.394981592040318352e-02
7.800000000000000000e+01,3.000000000000000000e+00,2.310645146671952699e-01,3.660689361519056662e-01,1.933175332848763583e-01,2.095490158960226224e-01
7.900000000000000000e+01,0.000000000000000000e+00,1.450745665189626665e-01,3.930657110709221969e-01,3.549913604819558977e-01,1.068683619281594194e-01
7.900000000000000000e+01,1.000000000000000000e+00,3.112723529120705046e-01,2.180388831150530948e-01,2.064516550769353587e-01,2.642371088959410974e-01
7.900000000000000000e+01,2.000000000000000000e+00,5.014205539092544961e-02,5.044123143187986269e-01,4.170956873663427822e-01,2.834994292393299906e-02
7.900000000000000000e+01,3.000000000000000000e+00,1.961064527452937856e-01,3.746942194222592226e-01,2.386386851002882392e-01,1.905606427321588636e-01
8.000000000000000000e+01,0.000000000000000000e+00,1.331787703238119513e-01,3.828320065711838804e-01,3.668260962288282800e-01,1.171631268761756661e-01
8.000000000000000000e+01,1.000000000000000000e+00,2.973195995305842887e-01,2.149773335119061490e-01,2.101129519387724687e-01,2.775901150187372046e-01
8.000000000000000000e+01,2.000000000000000000e+00,4.274558152293414515e-02,4.801909824591307774e-01,4.434077108288915769e-01,3.365572518904335481e-02
8.000000000000000000e+01,3.000000000000000000e+00,1.958888965197209120e-01,3.611857198069772235e-01,2.219882911695147121e-01,2.209370925037869582e-01
8.100000000000000000e+01,0.000000000000000000e+00,1.331216902315867368e-01,3.827796834563596540e-01,3.668830772106713156e-01,1.172155491013822382e-01
8.100000000000000000e+01,1.000000000000000000e+00,2.972512988442836401e-01,2.149615864163536838e-01,2.101304429749846214e-01,2.776566717643782489e-01
8.100000000000000000e+01,2.000000000000000000e+00,4.271140412852206247e-02,4.800685342886570339e-01,4.435362338123657322e-01,3.368382777045495630e-02
8.100000000000000000e+01,3.000000000000000000e+00,1.944285833638377814e-01,3.619557509422287045e-01,2.246102628421796366e-01,2.190054028517536278e-01
8.200000000000000000e+01,0.000000000000000000e+00,1.444232326579840409e-01,3.925387014543547104e-01,3.556367612598066996e-01,1.074013046278545352e-01
8.200000000000000000e+01,1.000000000000000000e+00,3.105222874929474686e-01,2.178820940780328563e-01,2.066528144797467048e-01,2.649428039492730536e-01
8.200000000000000000e+01,2.000000000000000000e+00,4.972306657278682818e-02,5.031518829031482731e-01,4.185108966350982174e-01,2.861415388896646275e-02
8.200000000000000000e+01,3.000000000000000000e+00,1.985447116484389818e-01,3.726212632555493398e-01,2.331072006860527013e-01,1.957268244099589771e-01
8.300000000000000000e+01,0.000000000000000000e+00,1.426625699918709356e-01,3.910953616969184976e-01,3.573831172618462948e-01,1.088589510493640916e-01
8.300000000000000000e+01,1.000000000000000000e+00,3.084869604060279102e-01,2.174522140825703720e-01,2.071962431389863801e-01,2.668645823724152821e-01
8.300000000000000000e+01,2.000000000000000000e+00,4.859854803826017811e-02,4.997071096771311671e-01,4.223516871793048244e-01,2.934265510530395527e-02
8.300000000000000000e+01,3.000000000000000000e+00,1.866705670532591566e-01,3.769262960639935267e-01,2.536972573435321010e-01,1.827058795392151880e-01
8.400000000000000000e+01,0.000000000000000000e+00,1.325350694073643976e-01,3.822400957563717450e-01,3.674687548917314195e-01,1.177560799445326600e-01
8.400000000000000000e+01,1.000000000000000000e+00,2.965485786877331553e-01,2.147991358060226674e-01,2.103101497286747334e-01,2.783421357775693328e-01
8.400000000000000000e+01,2.000000000000000000e+00,4.236088994015908132e-02,4.788066083532630524e-01,4.448582681239089398e-01,3.397423358266860732e-02
8.400000000000000000e+01,3.000000000000000000e+00,1.947585518948742600e-01,3.610715062614933690e-01,2.231354864189575571e-01,2.210344554246746196e-01
8.500000000000000000e+01,0.000000000000000000e+00,1.414608689700483368e-01,3.900943511492328541e-01,3.585764362646485792e-01,1.098683436160701743e-01
8.500000000000000000e+01,1.000000000000000000e+00,3.070911916314628676e-01,2.171536641648673938e-01,2.075668449564018470e-01,2.681882992472678917e-01
8.500000000000000000e+01,2.000000000000000000e+00,4.783781840806934638e-02,4.973242584180269654e-01,4.249857734496720330e-01,2.985214972423157198e-02
8.500000000000000000e+01,3.000000000000000000e+00,1.923750912294814874e-01,3.726810594246434127e-01,2.406603529355286208e-01,1.942834964103466733e-01
8.600000000000000000e+01,0.000000000000000000e+00,1.388554922191550245e-01,3.878790288240401840e-01,3.611671832277395522e-01,1.120982957290652393e-01
8.600000000000000000e+01,1.000000000000000000e+00,3.040462799126940618e-01,2.164917334990010545e-01,2.083694098755968505e-01,2.710925767127081443e-01
8.600000000000000000e+01,2.000000000000000000e+00,4.620746824134808889e-02,4.920690361121929923e-01,4.307312406233290702e-01,3.099225502313007058e-02
8.600000000000000000e+01,3.000000000000000000e+00,1.956849849031660205e-01,3.679241078243790097e-01,2.305885471750285243e-01,2.058023600974263068e-01
8.700000000000000000e+01,0.000000000000000000e+00,1.434623121232398435e-01,3.917543761107831202e-01,3.565895668127592733e-01,1.081937449532180129e-01
8.700000000000000000e+01,1.000000000000000000e+00,3.094128763028088924e-01,2.176485793846500150e-01,2.069494662107503880e-01,2.659890781017905659e-01
8.700000000000000000e+01,2.000000000000000000e+00,4.910787267098160741e-02,5.012786451373825169e-01,4.206043470803423334e-01,2.900913511129339303e-02
8.700000000000000000e+01,3.000000000000000000e+00,2.032224928179157397e-01,3.688384160665529876e-01,2.231409448171911836e-01,2.047981462983400058e-01
8.800000000000000000e+01,0.000000000000000000e+00,1.419428176789113705e-01,3.904973723306084943e-01,3.580977191863584097e-01,1.094620908041217533e-01
8.800000000000000000e+01,1.000000000000000000e+00,3.076516202579471226e-01,2.172739051595626580e-01,2.074182442247459179e-01,2.676562303577442736e-01
8.800000000000000000e+01,2.000000000000000000e+00,4.814225099345061792e-02,4.982830135136182559e-01,4.239281368972814823e-01,2.964659859564976185e-02
8.800000000000000000e+01,3.000000000000000000e+00,1.949196696534821194e-01,3.718504225520919970e-01,2.364610628196791298e-01,1.967688449747467816e-01
8.900000000000000000e+01,0.000000000000000000e+00,1.472249788750823185e-01,3.947794347690208872e-01,3.528631334786020424e-01,1.051324528772949879e-01
8.900000000000000000e+01,1.000000000000000000e+00,3.137378942527658254e-01,2.185480933349496502e-01,2.057870713316424238e-01,2.619269410806421283e-01
8.900000000000000000e+01,2.000000000000000000e+00,5.153679666105558804e-02,5.085206681974913101e-01,4.124452132921664904e-01,2.749732184928656634e-02
8.900000000000000000e+01,3.000000000000000000e+00,2.094716028242009087e-01,3.693176080234710223e-01,2.170469151223458071e-01,2.041638740299824284e-01
9.000000000000000000e+01,0.000000000000000000e+00,1.444764399988411052e-01,3.925818924680374855e-01,3.555840253147201646e-01,1.073576422184014528e-01
9.000000000000000000e+01,1.000000000000000000e+00,3.105836181481462233e-01,2.178949472053376413e-01,2.066363842442449084e-01,2.648850504022711716e-01
9.000000000000000000e+01,2.000000000000000000e+00,4.975723322985775576e-02,5.032551285122913720e-01,4.183951735725001675e-01,2.859246468535088168e-02
9.000000000000000000e+01,3.000000000000000000e+00,2.065581605301381185e-01,3.679881111595049159e-01,2.185264263378936533e-01,2.069273019724632845e-01
9.100000000000000000e+01,0.000000000000000000e+00,1.399706460411979103e-01,3.888348448162999849e-01,3.600577235763542383e-01,1.111367855661476722e-01
9.100000000000000000e+01,1.000000000000000000e+00,3.053527423832329002e-01,2.167775343403763322e-01,2.080260581035820733e-01,2.698436651728085001e-01
9.100000000000000000e+01,2.000000000000000000e+00,4.690210808700889106e-02,4.943333498595011699e-01,4.282663273156684935e-01,3.049821473782166406e-02
9.100000000000000000e+01,3.000000000000000000e+00,2.047371022420130526e-01,3.639091875842805912e-01,2.156096694379476264e-01,2.157440407357586465e-01
9.200000000000000000e+01,0.000000000000000000e+00,1.657966511127177411e-01,4.080057394624752587e-01,3.346844509365203280e-01,9.151315848828647792e-02
9.200000000000000000e+01,1.000000000000000000e+00,3.343878460265052865e-01,2.224467450980054939e-01,2.000288540844192553e-01,2.431365547910698255e-01
9.200000000000000000e+01,2.000000000000000000e+00,6.430245617790336654e-02,5.407159494904252295e-01,3.737466157114639476e-01,2.123497862020761254e-02
9.200000000000000000e+01,3.000000000000000000e+00,2.423372537805396076e-01,3.676013304799691794e-01,1.858714608980670535e-01,2.041899548414240761e-01
9.300000000000000000e+01,0.000000000000000000e+00,1.323446451277443536e-01,3.820642100538371722e-01,3.676589016582765268e-01,1.179322431601421417e-01
9.300000000000000000e+01,1.000000000000000000e+00,2.963201583067034961e-01,2.147461602127120894e-01,2.103684645909980055e-01,2.785652168895865199e-01
9.300000000000000000e+01,2.000000000000000000e+00,4.224739574697263661e-02,4.783955956802098952e-01,4.452878785226130898e-01,3.406913005020420493e-02
9.300000000000000000e+01,3.000000000000000000e+00,1.791898541115082566e-01,3.689886399301751108e-01,2.532744149543085244e-01,1.985470910040080805e-01
9.400000000000000000e+01,0.000000000000000000e+00,1.390306971767188982e-01,3.880299600748012279e-01,3.609928190277505444e-01,1.119465237207293851e-01
9.400000000000000000e+01,1.000000000000000000e+00,3.042518591058815391e-01,2.165368845841868506e-01,2.083154818090064975e-01,2.708957745009252238e-01
9.400000000000000000e+01,2.000000000000000000e+00,4.631628919031584302e-02,4.924262776833110977e-01,4.303434077345097974e-01,3.091402539186318549e-02
9.400000000000000000e+01,3.000000000000000000e+00,1.841928418632401421e-01,3.741291193044185559e-01,2.533080665089526562e-01,1.883699723233888679e-01
9.500000000000000000e+01,0.000000000000000000e+00,1.439123487540258650e-01,3.921227223387614425e-01,3.561432374302765935e-01,1.078216914769358770e-01
9.500000000000000000e+01,1.000000000000000000e+00,3.099328773211360022e-01,2.177582713744112553e-01,2.068105513598799683e-01,2.654982999445728575e-01
9.500000000000000000e+01,2.000000000000000000e+00,4.939555461225735022e-02,5.021579933286092201e-01,4.196230778433626685e-01,2.882337421577074038e-02
9.500000000000000000e+01,3.000000000000000000e+00,2.084489646038983346e-01,3.661791728741745633e-01,2.144204888098333595e-01,2.109513737120937704e-01
9.600000000000000000e+01,0.000000000000000000e+00,1.428808201156489543e-01,3.912757728427729287e-01,3.571665072326045687e-01,1.086768998089735483e-01
9.600000000000000000e+01,1.000000000000000000e+00,3.087398790341516208e-01,2.175059855190889790e-01,2.071289081112634711e-01,2.666252273354958180e-01
9.600000000000000000e+01,2.000000000000000000e+00,4.873730120783863889e-02,5.001371119796904630e-01,4.218743856730708397e-01,2.925120113939978436e-02
9.600000000000000000e+01,3.000000000000000000e+00,2.091796511713446272e-01,3.645332793536702476e-01,2.117550010437228847e-01,2.145320684312622128e-01
9.700000000000000000e+01,0.000000000000000000e+00,1.401489729688204511e-01,3.889866305171851835e-01,3.598803842222373928e-01,1.109840122917569449e-01
9.700000000000000000e+01,1.000000000000000000e+00,3.055612180138866929e-01,2.168228911435788331e-01,2.079711290435100335e-01,2.696447617990243018e-01
9.700000000000000000e+01,2.000000000000000000e+00,4.701363175397768601e-02,4.946933596732444038e-01,4.278729495934134319e-01,3.042005897936458578e-02
9.700000000000000000e+01,3.000000000000000000e+00,1.971031199491180275e-01,3.686061098920573320e-01,2.297789845315999779e-01,2.045117856272244405e-01
9.800000000000000000e+01,0.000000000000000000e+00,1.526280098362337856e-01,3.989119415393275747e-01,3.475350238212487897e-01,1.009250248031900027e-01
9.800000000000000000e+01,1.000000000000000000e+00,3.198613627409840898e-01,2.197720781510518195e-01,2.041146922333174352e-01,2.562518668746467387e-01
9.800000000000000000e+01,2.000000000000000000e+00,5.511818533679719440e-02,5.184881273026368254e-01,4.009121258271812205e-01,2.548156153338481181e-02
9.800000000000000000e+01,3.000000000000000000e+00,2.151516173293062384e-01,3.718066346615523932e-01,2.141748150975812115e-01,1.988669329115600459e-01
9.900000000000000000e+01,0.000000000000000000e+00,1.397510396873283822e-01,3.886475226238183533e-01,3.602761433941762959e-01,1.113252942946769408e-01
9.900000000000000000e+01,1.000000000000000000e+00,3.050958405973378529e-01,2.167215474850396617e-01,2.080936937672366871e-01,2.700889181503859371e-01
9.900000000000000000e+01,2.000000000000000000e+00,4.676493617175338929e-02,4.938892166238883497e-01,4.287510659691373127e-01,3.059478123522112875e-02
9.900000000000000000e+01,3.000000000000000000e+00,2.018800361673124821e-01,3.653775240033544369e-01,2.204291511951519678e-01,2.123132886341811687e-01
1.000000000000000000e+02,0.000000000000000000e+00,1.394482372820513016e-01,3.883885077063093938e-01,3.605773627510496238e-01,1.115858922605894171e-01
1.000000000000000000e+02,1.000000000000000000e+00,3.047413085302808078e-01,2.166441129635161000e-01,2.081869372699773346e-01,2.704276412362258131e-01
1.000000000000000000e+02,2.000000000000000000e+00,4.657610095766631653e-02,4.932753996197179469e-01,4.294199878665002079e-01,3.072851155611554946e-02
1.000000000000000000e+02,3.000000000000000000e+00,1.915162933405384349e-01,3.708743954565111856e-01,2.394014190751846127e-01,1.982078921277656003e-01
1.010000000000000000e+02,0.000000000000000000e+00,1.454349589686746436e-01,3.933557172954871839e-01,3.546344047911580422e-01,1.065749189446799222e-01
1.010000000000000000e+02,1.000000000000000000e+00,3.116867151986404960e-01,2.181251227801588866e-01,2.063403227074359358e-01,2.638478393137647093e-01
1.010000000000000000e+02,2.000000000000000000e+00,5.037458032997413349e-02,5.051065120603076553e-01,4.163139512090528460e-01,2.820495640066542423e-02
1.010000000000000000e+02,3.000000000000000000e+00,2.106113218460824998e-01,3.665714172129687642e-01,2.126739163239716179e-01,2.101433446169770902e-01
1.020000000000000000e+02,0.000000000000000000e+00,1.502641879302067107e-01,3.971340119629786503e-01,3.498625224240952680e-01,1.027392776827193710e-01
1.020000000000000000e+02,1.000000000000000000e+00,3.171946770939833571e-01,2.192461569885456596e-01,2.048467643898940205e-01,2.587124015275770184e-01
1.020000000000000000e+02,2.000000000000000000e+00,5.353781550004972634e-02,5.141894026187830979e-01,4.059308584326493663e-01,2.634192344851801412e-02
1.020000000000000000e+02,3.000000000000000000e+00,2.153654187028268829e-01,3.690263228162433684e-01,2.107742083997052596e-01,2.048340500812245168e-01
1.030000000000000000e+02,0.000000000000000000e+00,1.349279441523998646e-01,3.844200084286367169e-01,3.650806455959397234e-01,1.155714018230235007e-01
1.030000000000000000e+02,1.000000000000000000e+00,2.994061224367594032e-01,2.154547933006724370e-01,2.095765389887684627e-01,2.755625452737996417e-01
1.030000000000000000e+02,2.000000000000000000e+00,4.379903754388796144e-02,4.839140606058559557e-01,4.394792610942782063e-01,3.280764075597814716e-02
1.030000000000000000e+02,3.000000000000000000e+00,1.800876630689887403e-01,3.714963485168076285e-01,2.554488086698311622e-01,1.929671797443723025e-01
1.040000000000000000e+02,0.000000000000000000e+00,1.421050660688565614e-01,3.906325787012993045e-01,3.579365975802907829e-01,1.093257576495533789e-01
1.040000000000000000e+02,1.000000000000000000e+00,3.078400930369056265e-01,2.173142315442395944e-01,2.073682082845807739e-01,2.674774671342739496e-01
1.040000000000000000e+02,2.000000000000000000e+00,4.824493801923191577e-02,4.986048443844101619e-01,4.235724503218684656e-01,2.957776727448943252e-02
1.040000000000000000e+02,3.000000000000000000e+00,2.067293992455852270e-01,3.651620637057972907e-01,2.150046280411087307e-01,2.131039090075088072e-01
1.050000000000000000e+02,0.000000000000000000e+00,1.503031131328204650e-01,3.971636641872849371e-01,3.498241494866866086e-01,1.027090731932080309e-01
1.050000000000000000e+02,1.000000000000000000e+00,3.172387434044266485e-01,2.192549366172753811e-01,2.048347140510375364e-01,2.586716059272605728e-01
1.050000000000000000e+02,2.000000000000000000e+00,5.356366963327184594e-02,5.142609679471480399e-01,4.058478725043779267e-01,2.632748991520228454e-02
1.050000000000000000e+02,3.000000000000000000e+00,2.136587722327304706e-01,3.701597807470244916e-01,2.137649390674777883e-01,2.024165079527674438e-01
1.060000000000000000e+02,0.000000000000000000e+00,1.275903329847644652e-01,3.775548729108732515e-01,3.724098284566412786e-01,1.224449656477213100e-01
1.060000000000000000e+02,1.000000000000000000e+00,2.905671189058899317e-01,2.133841462910551767e-01,2.118209210568386958e-01,2.842278137462161958e-01
1.060000000000000000e+02,2.000000000000000000e+00,3.945953032605271915e-02,4.679135166177165739e-01,4.560849490405328166e-01,3.654200401569790424e-02
1.060000000000000000e+02,3.000000000000000000e+00,1.720354829124725315e-01,3.667699323673879186e-01,2.606442597604877176e-01,2.005503249596520543e-01
1.070000000000000000e+02,0.000000000000000000e+00,1.226853863922328230e-01,3.726565756794506523e-01,3.773144938201217768e-01,1.273435441081946784e-01
1.070000000000000000e+02,1.000000000000000000e+00,2.845267455258705391e-01,2.118961189166547743e-01,2.133113322408035917e-01,2.902658033166711227e-01
1.070000000000000000e+02,2.000000000000000000e+00,3.667600834797684478e-02,4.566490123666289702e-01,4.673577546218882217e-01,3.931722466350619227e-02
1.070000000000000000e+02,3.000000000000000000e+00,1.675123076856981641e-01,3.629823732569555372e-01,2.621821347847164141e-01,2.073231842726299956e-01
1.080000000000000000e+02,0.000000000000000000e+00,1.505242130213541585e-01,3.973318527542804568e-01,3.496062151603311352e-01,1.025377190640341246e-01
1.080000000000000000e+02,1.000000000000000000e+00,3.174889465803448219e-01,2.193047295592781831e-01,2.047662636128930180e-01,2.584400602474839492e-01
1.080000000000000000e+02,2.000000000000000000e+00,5.371063232340799604e-02,5.146669719486375305e-01,4.053767188343624928e-01,2.624567689359199804e-02
1.080000000000000000e+02,3.000000000000000000e+00,2.102837644225673819e-01,3.725127197700261461e-01,2.199658269252000864e-01,1.972376888822062191e-01
1.090000000000000000e+02,0.000000000000000000e+00,1.494209035967735133e-01,3.964885078990723066e-01,3.506942092481257212e-01,1.033963792560286393e-01
1.090000000000000000e+02,1.000000000000000000e+00,3.162387431085379452e-01,2.190549627262059484e-01,2.051077818715526802e-01,2.595985122937035650e-01
1.090000000000000000e+02,2.000000000000000000e+00,5.297910546047253366e-02,5.126325706436769547e-01,4.077314782068027776e-01,2.665684568904747032e-02
1.090000000000000000e+02,3.000000000000000000e+00,2.225863006197590921e-01,3.632736179124118614e-01,1.976277981524891258e-01,2.165122833153397541e-01
1.100000000000000000e+02,0.000000000000000000e+00,1.277700211709283107e-01,3.777294963245160231e-01,3.722301759729656490e-01,1.222703065315899618e-01
1.100000000000000000e+02,1.000000000000000000e+00,2.907863391780849405e-01,2.134370288289466067e-01,2.117661559529365745e-01,2.840104760400318784e-01
1.100000000000000000e+02,2.000000000000000000e+00,3.956329364862493092e-02,4.683174413116046875e-01,4.556744685246786331e-01,3.644479651509185958e-02
1.100000000000000000e+02,3.000000000000000000e+00,1.749719364707848224e-01,3.656724147167742522e-01,2.547385932888791560e-01,2.046170555235614918e-01
1.110000000000000000e+02,0.000000000000000000e+00,1.341933037911532678e-01,3.837566786668891727e-01,3.658135546779068270e-01,1.162364628640507325e-01
1.110000000000000000e+02,1.000000000000000000e+00,2.985313260329847673e-01,2.152554611668799633e-01,2.098019242379121629e-01,2.764112885622230786e-01
1.110000000000000000e+02,2.000000000000000000e+00,4.335515146005161635e-02,4.823572838445250865e-01,4.411268013482177452e-01,3.316076334720520491e-02
1.110000000000000000e+02,3.000000000000000000e+00,2.053402854200896688e-01,3.566818920023780981e-01,2.065221831201195790e-01,2.314556394574125431e-01
1.120000000000000000e+02,0.000000000000000000e+00,1.402627893952050897e-01,3.890833548329482028e-01,3.597672094901719353e-01,1.108866462816746334e-01
1.120000000000000000e+02,1.000000000000000000e+00,3.056942130784470746e-01,2.168517902976987155e-01,2.079360675756361798e-01,2.695179290482180301e-01
1.120000000000000000e+02,2.000000000000000000e+00,4.708487494041078969e-02,4.949228348625215879e-01,4.276219927867878079e-01,3.037029741027972435e-02
1.120000000000000000e+02,3.000000000000000000e+00,1.911227173448623862e-01,3.720004096535123317e-01,2.413533160000719269e-01,1.955235570015532720e-01
1.130000000000000000e+02,0.000000000000000000e+00,1.512818297323719474e-01,3.979050825906758626e-01,3.488598179781109421e-01,1.019532696988413034e-01
1.130000000000000000e+02,1.000000000000000000e+00,3.183450205306366798e-01,2.194743677033388074e-01,2.045316735140752795e-01,2.576489382519492888e-01
1.130000000000000000e+02,2.000000000000000000e+00,5.421560514550290838e-02,5.160517936573199016e-01,4.037650696340375767e-01,2.596753156313977642e-02
1.130000000000000000e+02,3.000000000000000000e+00,2.218117677936794485e-01,3.659272072362924066e-01,2.012257545029554062e-01,2.110352704670727941e-01
1.140000000000000000e+02,0.000000000000000000e+00,1.417742322243871478e-01,3.903566340049569039e-01,3.582651546780132312e-01,1.096039790926424812e-01
1.140000000000000000e+02,1.000000000000000000e+00,3.074556818136330305e-01,2.172319222806042838e-01,2.074702294460541718e-01,2.678421664597085416e-01
1.140000000000000000e+02,2.000000000000000000e+00,4.803565970524805578e-02,4.979481140389327432e-01,4.242979121736529802e-01,2.971831408216643947e-02
1.140000000000000000e+02,3.000000000000000000e+00,1.972256887925306068e-01,3.703837930459438210e-01,2.318564668916092419e-01,2.005340512699161915e-01
1.150000000000000000e+02,0.000000000000000000e+00,1.601295759608943881e-01,4.042561293036854297e-01,3.401891189243473335e-01,9.542517581107266833e-02
1.150000000000000000e+02,1.000000000000000000e+00,3.282026251964725305e-01,2.213469497058054847e-01,2.017883329393893865e-01,2.486620921583327093e-01
1.150000000000000000e+02,2.000000000000000000e+00,6.027154784772358054e-02,5.315027480315529518e-01,3.852699658191338639e-01,2.295573830158958994e-02
1.150000000000000000e+02,3.000000000000000000e+00,2.178481542052503606e-01,3.782902225425317511e-01,2.189651977135874672e-01,1.848964255386305044e-01
1.160000000000000000e+02,0.000000000000000000e+00,1.219909109676014514e-01,3.719420956365170894e-01,3.780088243438202156e-01,1.280581690520612714e-01
1.160000000000000000e+02,1.000000000000000000e+00,2.836625084038914557e-01,2.116783119508792166e-01,2.135215964987316750e-01,2.911375831464977360e-01
1.160000000000000000e+02,2.000000000000000000e+00,3.628954763133109690e-02,4.550166053176573633e-01,4.689638950010340812e-01,3.972995204997747942e-02
1.160000000000000000e+02,3.000000000000000000e+00,1.599949421181058318e-01,3.650908998038446263e-01,2.776991225576519451e-01,1.972150355203975969e-01
1.170000000000000000e+02,0.000000000000000000e+00,1.294051694142181463e-01,3.793032618007251555e-01,3.705956134105358735e-01,1.206959553745206443e-01
1.170000000000000000e+02,1.000000000000000000e+00,2.927747018804215395e-01,2.139131162660081742e-01,2.112673094930705153e-01,2.820448723604996322e-01
1.170000000000000000e+02,2.000000000000000000e+00,4.051332959167303766e-02,4.719650049116729806e-01,4.519476466147330784e-01,3.557401888192109063e-02
1.170000000000000000e+02,3.000000000000000000e+00,1.863776432573357178e-01,3.619741072649312330e-01,2.343365009527715870e-01,2.173117485249614900e-01
1.180000000000000000e+02,0.000000000000000000e+00,1.457791450351277052e-01,3.936316253383507213e-01,3.542936049578630509e-01,1.062956246686587863e-01
1.180000000000000000e+02,1.000000000000000000e+00,3.120820085708920777e-01,2.182071444994584108e-01,2.062339783749127797e-01,2.634768685547367872e-01
1.180000000000000000e+02,2.000000000000000000e+00,5.059710902346481465e-02,5.057673569825977822e-01,4.155682497360090877e-01,2.806728425792844386e-02
1.180000000000000000e+02,3.000000000000000000e+00,2.061726139100647226e-01,3.696998918835059378e-01,2.209766652427413436e-01,2.031508289636881348e-01
1.190000000000000000e+02,0.000000000000000000e+00,1.469092896428044748e-01,3.945303553657334428e-01,3.531753090256575800e-01,1.053850459658042665e-01
1.190000000000000000e+02,1.000000000000000000e+00,3.133769749137829130e-01,2.184741425711029250e-01,2.058846759594636089e-01,2.622642065556505808e-01
1.190000000000000000e+02,2.000000000000000000e+00,5.133094601242345345e-02,5.079226247353141321e-01,4.131258011502271232e-01,2.762062810203547505e-02
1.190000000000000000e+02,3.000000000000000000e+00,2.075192188678771366e-01,3.701589641035272771e-01,2.200883038748529252e-01,2.022335131537428832e-01
1.200000000000000000e+02,0.000000000000000000e+00,1.321785126556465073e-01,3.819104687778192009e-01,3.678248030678503144e-01,1.180862154986839357e-01
1.200000000000000000e+02,1.000000000000000000e+00,2.961207523193594149e-01,2.146998451378161477e-01,2.104193323317010700e-01,2.787600702111233120e-01
1.200000000000000000e+02,2.000000000000000000e+00,4.214849460383700980e-02,4.780364629790844755e-01,4.456628688138870031e-01,3.415217360319156015e-02
1.200000000000000000e+02,3.000000000000000000e+00,1.875634727469674967e-01,3.646137189212074192e-01,2.362634225071108263e-01,2.115593858247142300e-01
1.210000000000000000e+02,0.000000000000000000e+00,1.419846312880488348e-01,3.905322395010314418e-01,3.580561940779772856e-01,1.094269351329422851e-01
1.210000000000000000e+02,1.000000000000000000e+00,3.077002016545896668e-01,2.172843051608655263e-01,2.074053497373585520e-01,2.676101434471863105e-01
1.210000000000000000e+02,2.000000000000000000e+00,4.816870521821976087e-02,4.983659986900978445e-01,4.238364539101598383e-01,2.962884218152246618e-02
1.210000000000000000e+02,3.000000000000000000e+00,1.840992029207724201e-01,3.774265120703055865e-01,2.579239340412583514e-01,1.805503509676635587e-01
1.220000000000000000e+02,0.000000000000000000e+00,1.391170336038634603e-01,3.881042305196321096e-01,3.609069041733140026e-01,1.118718317031905524e-01
1.220000000000000000e+02,1.000000000000000000e+00,3.043531195351276697e-01,2.165590997250458616e-01,2.082889051170221384e-01,2.707988756228043026e-01
1.220000000000000000e+02,2.000000000000000000e+00,4.636995664900531861e-02,4.926021126228274927e-01,4.301523707983039846e-01,3.087555992986298903e-02
1.220000000000000000e+02,3.000000000000000000e+00,1.849318248991722591e-01,3.738653680859234107e-01,2.519402551548041158e-01,1.892625518600999923e-01
1.230000000000000000e+02,0.000000000000000000e+00,1.463152179557898336e-01,3.940593056605905531e-01,3.537630114561436390e-01,1.058624649274761687e-01
1.230000000000000000e+02,1.000000000000000000e+00,3.126968318182267725e-01,2.183342346200604078e-01,2.060683126442930113e-01,2.629006209174198916e-01
1.230000000000000000e+02,2.000000000000000000e+00,5.094459411567022616e-02,5.067924806661832093e-01,4.144085329991712419e-01,2.785439221897551693e-02
1.230000000000000000e+02,3.000000000000000000e+00,2.023281463956741189e-01,3.725754405374012701e-01,2.286919563828688773e-01,1.964044566840557615e-01
1.240000000000000000e+02,0.000000000000000000e+00,1.174708678035382980e-01,3.671601428001660672e-01,3.825248278761697596e-01,1.328441615201259307e-01
1.240000000000000000e+02,1.000000000000000000e+00,2.779806328156652628e-01,2.102154734126803481e-01,2.148848714946489380e-01,2.969190222770052845e-01
1.240000000000000000e+02,2.000000000000000000e+00,3.382085561993890266e-02,4.441614161024361462e-01,4.794723177858568608e-01,4.254541049176789602e-02
1.240000000000000000e+02,3.000000000000000000e+00,1.523829043792006843e-01,3.624056014398008285e-01,2.872978008699129671e-01,1.979136933110854923e-01
1.250000000000000000e+02,0.000000000000000000e+00,1.470775356234031439e-01,3.946632082794597762e-01,3.530089244180756314e-01,1.052503316790611987e-01
1.250000000000000000e+02,1.000000000000000000e+00,3.135693699119968536e-01,2.185135886043676201e-01,2.058326594954231203e-01,2.620843819882123227e-01
1.250000000000000000e+02,2.000000000000000000e+00,5.144060680275443220e-02,5.082415678035151485e-01,4.127629918400475550e-01,2.755483355368291976e-02
1.250000000000000000e+02,3.000000000000000000e+00,1.999001468718545615e-01,3.748078436327811347e-01,2.342518199660790779e-01,1.910401895292851704e-01
1.260000000000000000e+02,0.000000000000000000e+00,1.368989956935310059e-01,3.861741487127511308e-01,3.631155762648763941e-01,1.138112793288413166e-01
1.260000000000000000e+02,1.000000000000000000e+00,3.017424495814962082e-01,2.159811696770405076e-01,2.089711756059405567e-01,2.733052051355225887e-01
1.260000000000000000e+02,2.000000000000000000e+00,4.500028870136343201e-02,4.880418820781922129e-01,4.350762304714880235e-01,3.188159874895651197e-02
1.260000000000000000e+02,3.000000000000000000e+00,1.896652085353221773e-01,3.689589395313001563e-01,2.392473561024053563e-01,2.021284958309724489e-01
1.270000000000000000e+02,0.000000000000000000e+00,1.443425186455742082e-01,3.924731343682135720e-01,3.557167646470024702e-01,1.074675823392095414e-01
1.270000000000000000e+02,1.000000000000000000e+00,3.104292308662855437e-01,2.178625808951258069e-01,2.066777378488100225e-01,2.650304503897786268e-01
1.270000000000000000e+02,2.000000000000000000e+00,4.967125727497457427e-02,5.029951666532381793e-01,4.186864841525912428e-01,2.864709191919595499e-02
1.270000000000000000e+02,3.000000000000000000e+00,2.098272730914038653e-01,3.658119138216801569e-01,2.125849424025813006e-01,2.117758706843349270e-01
1.280000000000000000e+02,0.000000000000000000e+00,1.299982361308246182e-01,3.798673109169595219e-01,3.700029020857009687e-01,1.201315508665148774e-01
1.280000000000000000e+02,1.000000000000000000e+00,2.934930026066889797e-01,2.140835281563078785e-01,2.110861677894343147e-01,2.813373014475687994e-01
1.280000000000000000e+02,2.000000000000000000e+00,4.086048521469547168e-02,4.732754933946591858e-01,4.505997899190774536e-01,3.526423147156798610e-02
1.280000000000000000e+02,3.000000000000000000e+00,1.787222781879937716e-01,3.665125217877790442e-01,2.505403541725543248e-01,2.042248458516727760e-01
1.290000000000000000e+02,0.000000000000000000e+00,1.450778147892984871e-01,3.930683300070389463e-01,3.549881426941168261e-01,1.068657125095459348e-01
1.290000000000000000e+02,1.000000000000000000e+00,3.112760897105762981e-01,2.180396620362577420e-01,2.064506517108793127e-01,2.642335965422865085e-01
1.290000000000000000e+02,2.000000000000000000e+00,5.014414897019771333e-02,5.044185814511341626e-01,4.170886372577198853e-01,2.834863232094815902e-02
1.290000000000000000e+02,3.000000000000000000e+00,1.883328867104195614e-01,3.787387490482495012e-01,2.538820888483322991e-01,1.790462753929987494e-01
1.300000000000000000e+02,0.000000000000000000e+00,1.380215173345976376e-01,3.871566867665186540e-01,3.619974213746633973e-01,1.128243745242201168e-01
1.300000000000000000e+02,1.000000000000000000e+00,3.030660855115799857e-01,2.162755354334612024e-01,2.086260195869192036e-01,2.720323594680396639e-01
1.300000000000000000e+02,2.000000000000000000e+00,4.569109696313673752e-02,4.903609372143974410e-01,4.325801816243190490e-01,3.136778419814671010e-02
1.300000000000000000e+02,3.000000000000000000e+00,1.862611418966732268e-01,3.719818763343721302e-01,2.476281685527301490e-01,1.941288132162244662e-01
1.310000000000000000e+02,0.000000000000000000e+00,1.486234707247915399e-01,3.958726018352822784e-01,3.514813107234093237e-01,1.040226167165170384e-01
1.310000000000000000e+02,1.000000000000000000e+00,3.153325252332893069e-01,2.188724093835520967e-01,2.053545305220748629e-01,2.604405348610835391e-01
1.310000000000000000e+02,2.000000000000000000e+00,5.245323799699459083e-02,5.111490613963051155e-01,4.094390897914341187e-01,2.695861081526633105e-02
1.310000000000000000e+02,3.000000000000000000e+00,1.992105646431136801e-01,3.768911062364383446e-01,2.376830201661304931e-01,1.862153089543175100e-01
1.320000000000000000e+02,0.000000000000000000e+00,1.382905566068873826e-01,3.873904211951060828e-01,3.617295403626704653e-01,1.125894818353361387e-01
1.320000000000000000e+02,1.000000000000000000e+00,3.033825923668012070e-01,2.163455124876806912e-01,2.085432534547002614e-01,2.717286416908177848e-01
1.320000000000000000e+02,2.000000000000000000e+00,4.585738572816225322e-02,4.909133471960199224e-01,4.319832009851256593e-01,3.124606609069226909e-02
1.320000000000000000e+02,3.000000000000000000e+00,1.800464843763603939e-01,3.752635474511801794e-01,2.607155045421032380e-01,1.839744636303562164e-01
1.330000000000000000e+02,0.000000000000000000e+00,1.410117766696371289e-01,3.897169148569730734e-01,3.590226700981164476e-01,1.102486383752734195e-01
1.330000000000000000e+02,1.000000000000000000e+00,3.065681801279449559e-01,2.170410058997023217e-01,2.077052773809387465e-01,2.686855365914140870e-01
1.330000000000000000e+02,2.000000000000000000e+00,4.755493914561605140e-02,4.964271204894957212e-01,4.259727714447489877e-01,3.004516892013921886e-02
1.330000000000000000e+02,3.000000000000000000e+00,1.755691078746305922e-01,3.801825167346706280e-01,2.744194727277411427e-01,1.698289026629578036e-01
1.340000000000000000e+02,0.000000000000000000e+00,1.455263109886071882e-01,3.934290478587435524e-01,3.545439415675039618e-01,1.065006995851455474e-01
1.340000000000000000e+02,1.000000000000000000e+00,3.117916733254978423e-01,2.181469248715254272e-01,2.063120990899768026e-01,2.637493027130000667e-01
1.340000000000000000e+02,2.000000000000000000e+00,5.043359888556325082e-02,5.052821132259355252e-01,4.161159471344109684e-01,2.816834075409017230e-02
1.340000000000000000e+02,3.000000000000000000e+00,2.181910304210389617e-01,3.617456981191548571e-01,1.999164827493853380e-01,2.201467887104207599e-01
1.350000000000000000e+02,0.000000000000000000e+00,1.445826537241805543e-01,3.926680369294801021e-01,3.554787596216887890e-01,1.072705497246507766e-01
1.350000000000000000e+02,1.000000000000000000e+00,3.107060168871809136e-01,2.179205808860264770e-01,2.066035845310348062e-01,2.647698176957577476e-01
1.350000000000000000e+02,2.000000000000000000e+00,4.982546967072056660e-02,5.034610800368660710e-01,4.181642255862413338e-01,2.854922470617213270e-02
1.350000000000000000e+02,3.000000000000000000e+00,1.963036151325763257e-01,3.740414413387536108e-01,2.375690665779539579e-01,1.920858769507161057e-01
1.360000000000000000e+02,0.000000000000000000e+00,1.691706983527326569e-01,4.101258199546666816e-01,3.314269548082381944e-01,8.927652688436243933e-02
1.360000000000000000e+02,1.000000000000000000e+00,3.380254164056837318e-01,2.230667662458405698e-01,1.989809071035393839e-01,2.399269102449361757e-01
1.360000000000000000e+02,2.000000000000000000e+00,6.675803594244932027e-02,5.459543021082929881e-01,3.670079777609118188e-01,2.027968418834573405e-02
1.360000000000000000e+02,3.000000000000000000e+00,2.532906336372185430e-01,3.629693093290600747e-01,1.733801702059938055e-01,2.103598868277276046e-01
1.370000000000000000e+02,0.000000000000000000e+00,1.433184796674279171e-01,3.916362732831520366e-01,3.567322485954202982e-01,1.083129984539996926e-01
1.370000000000000000e+02,1.000000000000000000e+00,3.092465263105199647e-01,2.176133992941830242e-01,2.069938565240898587e-01,2.661462178712072357e-01
1.370000000000000000e+02,2.000000000000000000e+00,4.901609165527440193e-02,5.009968457513972462e-01,4.209182676869964168e-01,2.906879490633203222e-02
1.370000000000000000e+02,3.000000000000000000e+00,1.882405486365755221e-01,3.768677165248318639e-01,2.515031552046175789e-01,1.833885796339749519e-01
1.380000000000000000e+02,0.000000000000000000e+00,1.344085042779991912e-01,3.839515305715329729e-01,3.655988352327129154e-01,1.160411299177549344e-01
1.380000000000000000e+02,1.000000000000000000e+00,2.987878103895394433e-01,2.153140307052219260e-01,2.097359156746425313e-01,2.761622432305960162e-01
1.380000000000000000e+02,2.000000000000000000e+00,4.348496422956721341e-02,4.828143467026146385e-01,4.406438230760751362e-01,3.305686599174292861e-02
1.380000000000000000e+02,3.000000000000000000e+00,1.730264105770777938e-01,3.740519361007594301e-01,2.695443052770239434e-01,1.833773480451386662e-01
1.390000000000000000e+02,0.000000000000000000e+00,1.349796306754242059e-01,3.844664816055262668e-01,3.650290905338432479e-01,1.155247971852062516e-01
1.390000000000000000e+02,1.000000000000000000e+00,2.994675874129659743e-01,2.154687528236836347e-01,2.095606765624473677e-01,2.755029832009028845e-01
1.390000000000000000e+02,2.000000000000000000e+00,4.383034625927423322e-02,4.840232148443856519e-01,4.393634773472215871e-01,3.278296154911839594e-02
1.390000000000000000e+02,3.000000000000000000e+00,2.035998133437210977e-01,3.587158181986684347e-01,2.106698693426683477e-01,2.270144991149421754e-01
1.400000000000000000e+02,0.000000000000000000e+00,1.290307021176305413e-01,3.789452727231059082e-01,3.709698993145495449e-01,1.210541258447140472e-01
1.400000000000000000e+02,1.000000000000000000e+00,2.923203743207333227e-01,2.138048988689635888e-01,2.113816276137517325e-01,2.824930991965513560e-01
1.400000000000000000e+02,2.000000000000000000e+00,4.029483908423286270e-02,4.711341361543493478e-01,4.527997615252501440e-01,3.577126323616768716e-02
1.400000000000000000e+02,3.000000000000000000e+00,1.781381453110862378e-01,3.656671867571433254e-01,2.502037416661073155e-01,2.059909262656629825e-01
1.410000000000000000e+02,0.000000000000000000e+00,1.517038731737495316e-01,3.982223493246383472e-01,3.484442776223829474e-01,1.016294998792293680e-01
1.410000000000000000e+02,1.000000000000000000e+00,3.188210678576708923e-01,2.195682126440740567e-01,2.044009646438108285e-01,2.572097548544442502e-01
1.410000000000000000e+02,2.000000000000000000e+00,5.449784356173329597e-02,5.168189544556786030e-01,4.028691562328702291e-01,2.581404574971783716e-02
1.410000000000000000e+02,3.000000000000000000e+00,2.140608006547847220e-01,3.714705099096696772e-01,2.148771740092147442e-01,1.995915154263310232e-01
1.420000000000000000e+02,0.000000000000000000e+00,1.457539661467994185e-01,3.936114762566249037e-01,3.543185326540350122e-01,1.063160249425404297e-01
1.420000000000000000e+02,1.000000000000000000e+00,3.120531054158426354e-01,2.182011554573630441e-01,2.062417585601311332e-01,2.635039805666631874e-01
1.420000000000000000e+02,2.000000000000000000e+00,5.058081472918651150e-02,5.057190836156991720e-01,4.156227722069357755e-01,2.807732944817876650e-02
1.420000000000000000e+02,3.000000000000000000e+00,2.024462860030122602e-01,3.718795262245792044e-01,2.277054731494881912e-01,1.979687146229203165e-01
1.430000000000000000e+02,0.000000000000000000e+00,1.547307524571625015e-01,4.004550892283978980e-01,3.454695246254108620e-01,9.934463368902858582e-02
1.430000000000000000e+02,1.000000000000000000e+00,3.222178196543072914e-01,2.202277368217433751e-01,2.034630248985982715e-01,2.540914186253511176e-01
1.430000000000000000e+02,2.000000000000000000e+00,5.654159125547475462e-02,5.222318369425906770e-01,3.964835127693194794e-01,2.474305903261501266e-02
1.430000000000000000e+02,3.000000000000000000e+00,2.181781657717473955e-01,3.721957050873085926e-01,2.116460529638349575e-01,1.979800761771089435e-01
1.440000000000000000e+02,0.000000000000000000e+00,1.474336958503370543e-01,3.949436433938113833e-01,3.526567893396567732e-01,1.049658714161949419e-01
1.440000000000000000e+02,1.000000000000000000e+00,3.139763211179268931e-01,2.185968350956333517e-01,2.057225330385552275e-01,2.617043107478844166e-01
1.440000000000000000e+02,2.000000000000000000e+00,5.167310117165345440e-02,5.089151061010827037e-01,4.119956479218753187e-01,2.741614480538849888e-02
1.440000000000000000e+02,3.000000000000000000e+00,2.112682995421308885e-01,3.684339093947534005e-01,2.141724462623911807e-01,2.061253448007246969e-01
1.450000000000000000e+02,0.000000000000000000e+00,1.414343451752065328e-01,3.900721101854913719e-01,3.586027871709036585e-01,1.098907574683982147e-01
1.450000000000000000e+02,1.000000000000000000e+00,3.070603233394496590e-01,2.171470269808874753e-01,2.075750219075925274e-01,2.682176277720703106e-01
1.450000000000000000e+02,2.000000000000000000e+00,4.782108988346276540e-02,4.972713731103250434e-01,4.250440272375906603e-01,2.986350976862156906e-02
1.450000000000000000e+02,3.000000000000000000e+00,1.896393726622030707e-01,3.740810807515731473e-01,2.459697635777504388e-01,1.903097830084731490e-01
1.460000000000000000e+02,0.000000000000000000e+00,1.431499136293314656e-01,3.914976273105129079e-01,3.568994869407453585e-01,1.084529721194104901e-01
1.460000000000000000e+02,1.000000000000000000e+00,3.090514734364034899e-01,2.175720939013922328e-01,2.070458758646634423e-01,2.663305567975407517e-01
1.460000000000000000e+02,2.000000000000000000e+00,4.890862817265033413e-02,5.006661198789297273e-01,4.212863582127331363e-01,2.913889373568677790e-02
1.460000000000000000e+02,3.000000000000000000e+00,2.009268340617720860e-01,3.698295199884347184e-01,2.269049402875789323e-01,2.023387056622140689e-01
1.470000000000000000e+02,0.000000000000000000e+00,1.479864552721505688e-01,3.953767287790201368e-01,3.521105076193574712e-01,1.045263083294719619e-01
1.470000000000000000e+02,1.000000000000000000e+00,3.146070190699807312e-01,2.187253442414092142e-01,2.055515848400359114e-01,2.611160518485740600e-01
1.470000000000000000e+02,2.000000000000000000e+00,5.203488127871327973e-02,5.099560497770788681e-01,4.108065876213855550e-01,2.720248132282210296e-02
1.470000000000000000e+02,3.000000000000000000e+00,1.964957295721774799e-01,3.776798208414692826e-01,2.419765005943780856e-01,1.838479489919751797e-01
1.480000000000000000e+02,0.000000000000000000e+00,1.701544354383220659e-01,4.107285804011445718e-01,3.304801043902054758e-01,8.863687977032790044e-02
1.480000000000000000e+02,1.000000000000000000e+00,3.390798693624395010e-01,2.232428105488979686e-01,1.986753449667609528e-01,2.390019751219016886e-01
1.480000000000000000e+02,2.000000000000000000e+00,6.748175002488147889e-02,5.474473851086228970e-01,3.650605512432418265e-01,2.001031362325398841e-02
1.480000000000000000e+02,3.000000000000000000e+00,2.362180168540287117e-01,3.767338518283398496e-01,2.002788172886948159e-01,1.867693140289365672e-01
1.490000000000000000e+02,0.000000000000000000e+00,1.265480041679073464e-01,3.765352936503570946e-01,3.734520305729058243e-01,1.234646716088295404e-01
1.490000000000000000e+02,1.000000000000000000e+00,2.892926473161540613e-01,2.130751548998700007e-01,2.121383809088066563e-01,2.854938168751691707e-01
1.490000000000000000e+02,2.000000000000000000e+00,3.886011615245042045e-02,4.655583260371011778e-01,4.584696298042071905e-01,3.711192800624130150e-02
1.490000000000000000e+02,3.000000000000000000e+00,1.601745932069548739e-01,3.702105396397035175e-01,2.852217714770707291e-01,1.843930956762708795e-01
1.500000000000000000e+02,0.000000000000000000e+00,1.546483633504118216e-01,4.003952981931371835e-01,3.455503641550917160e-01,9.940597430135948709e-02
1.500000000000000000e+02,1.000000000000000000e+00,3.221257635755935267e-01,2.202100957300021089e-01,2.034885655597528098e-01,2.541755751346513881e-01
1.500000000000000000e+02,2.000000000000000000e+00,5.648550896630534501e-02,5.220865649198012104e-01,3.966563938223504615e-01,2.477153229154316003e-02
1.500000000000000000e+02,3.000000000000000000e+00,2.046576985933401815e-01,3.803469289472911630e-01,2.356190969179977612e-01,1.793762755413706722e-01
1.510000000000000000e+02,0.000000000000000000e+00,1.327850116025121319e-01,3.824704124406107519e-01,3.672191979779224624e-01,1.175253779789548481e-01
1.510000000000000000e+02,1.000000000000000000e+00,2.968481625560244197e-01,2.148684887174527880e-01,2.102335933124472866e-01,2.780497554140755057e-01
1.510000000000000000e+02,2.000000000000000000e+00,4.251007073540866849e-02,4.793450606451680196e-01,4.442947241629667809e-01,3.385014445645654485e-02
1.510000000000000000e+02,3.000000000000000000e+00,1.759440964555856746e-01,3.709754024107989601e-01,2.607319634783254458e-01,1.923485376552900861e-01
1.520000000000000000e+02,0.000000000000000000e+00,1.451611143857494679e-01,3.931354592559196393e-01,3.549056278567111478e-01,1.067977985016197451e-01
1.520000000000000000e+02,1.000000000000000000e+00,3.113719042544093596e-01,2.180596267752200335e-01,2.064249205446273550e-01,2.641435484257433353e-01
1.520000000000000000e+02,2.000000000000000000e+00,5.019785101847603487e-02,5.045792340559123179e-01,4.169078683217084524e-01,2.831504660390333009e-02
1.520000000000000000e+02,3.000000000000000000e+00,1.957195150367278536e-01,3.750001356008261788e-01,2.395010732139629672e-01,1.897792761484829449e-01
1.530000000000000000e+02,0.000000000000000000e+00,1.262972965938404246e-01,3.762883618620891935e-01,3.737027238944088392e-01,1.237116176496615150e-01
1.530000000000000000e+02,1.000000000000000000e+00,2.889853766316209382e-01,2.130002617661766462e-01,2.122146821009396334e-01,2.857996795012626712e-01
1.530000000000000000e+02,2.000000000000000000e+00,3.871657609941448613e-02,4.649887500333254597e-01,4.590441090786211986e-01,3.725056478863917470e-02
1.530000000000000000e+02,3.000000000000000000e+00,1.759821939266429658e-01,3.634848864628694720e-01,2.502549826944404643e-01,2.102779369160469591e-01
1.540000000000000000e+02,0.000000000000000000e+00,1.446286166559225261e-01,3.927052843573394791e-01,3.554332098491695957e-01,1.072328891375686072e-01
1.540000000000000000e+02,1.000000000000000000e+00,3.107589709615115603e-01,2.179316636894798598e-01,2.065893902460603226e-01,2.647199751029483128e-01
1.540000000000000000e+02,2.000000000000000000e+00,4.985501160002692167e-02,5.035501416753961346e-01,4.180643103783564518e-01,2.853053634622048848e-02
1.540000000000000000e+02,3.000000000000000000e+00,2.116501484481414230e-01,3.649871921776408623e-01,2.098047988319093060e-01,2.135578605423082421e-01
1.550000000000000000e+02,0.000000000000000000e+00,1.543474827947275141e-01,4.001764812056918807e-01,3.458456490738439082e-01,9.963038692573648880e-02
1.550000000000000000e+02,1.000000000000000000e+00,3.217893915849812103e-01,2.201455252657003037e-01,2.035818337472632689e-01,2.544832494020553004e-01
1.550000000000000000e+02,2.000000000000000000e+00,5.628091455141995963e-02,5.215550628600494898e-01,3.972881905083801568e-01,2.487583208015011968e-02
1.550000000000000000e+02,3.000000000000000000e+00,2.040092766404218716e-01,3.803936096355754470e-01,2.364260106769939251e-01,1.791711030470087562e-01
1.560000000000000000e+02,0.000000000000000000e+00,1.324870716216613453e-01,3.821957962710078593e-01,3.675166814373331259e-01,1.178004506699978082e-01
1.560000000000000000e+02,1.000000000000000000e+00,2.964910180478459445e-01,2.147857941567070106e-01,2.103248493340815761e-01,2.783983384613654133e-01
1.560000000000000000e+02,2.000000000000000000e+00,4.233226966678092090e-02,4.787030733518184422e-01,4.449665331808869695e-01,3.399812380051370903e-02
1.560000000000000000e+02,3.000000000000000000e+00,1.823305912291352804e-01,3.676406821801752045e-01,2.470963507965761585e-01,2.029323757941131900e-01
1.570000000000000000e+02,0.000000000000000000e+00,1.386265848535935541e-01,3.876814064371698620e-01,3.613950216351209388e-01,1.122969870741156589e-01
1.570000000000000000e+02,1.000000000000000000e+00,3.037775089219499902e-01,2.164326028972255733e-01,2.084398579085596781e-01,2.713500302722647861e-01
1.570000000000000000e+02,2.000000000000000000e+00,4.606546990535984043e-02,4.916014577173566380e-01,4.312382638784170719e-01,3.109480849886639073e-02
1.570000000000000000e+02,3.000000000000000000e+00,1.992562107710368069e-01,3.656202030469652975e-01,2.236285506631999764e-01,2.114950355187977526e-01
1.580000000000000000e+02,0.000000000000000000e+00,1.480501494203977642e-01,3.954264655061206502e-01,3.520475781006321414e-01,1.044758069728494304e-01
1.580000000000000000e+02,1.000000000000000000e+00,3.146796249815064228e-01,2.187400986526665536e-01,2.055318840521257462e-01,2.610483923137011941e-01
1.580000000000000000e+02,2.000000000000000000e+00,5.207664316541410487e-02,5.100756548664083789e-01,4.106697181845869737e-01,2.717798378359040715e-02
1.580000000000000000e+02,3.000000000000000000e+00,2.165342665141377076e-01,3.657556322080011690e-01,2.059368934156513009e-01,2.117732078622097669e-01
1.590000000000000000e+02,0.000000000000000000e+00,1.489607350749610204e-01,3.961337465771223587e-01,3.511483414253662727e-01,1.037571769225503066e-01
1.590000000000000000e+02,1.000000000000000000e+00,3.157160691519159124e-01,2.189498274022527724e-01,2.052501803246130352e-01,2.600839231212182523e-01
1.590000000000000000e+02,2.000000000000000000e+00,5.267535459299146905e-02,5.117778392615709437e-01,4.087162975419385003e-01,2.683050860349906960e-02
1.590000000000000000e+02,3.000000000000000000e+00,2.118313736501640232e-01,3.698043694765292266e-01,2.151951799009438615e-01,2.031690769723630274e-01
1.600000000000000000e+02,0.000000000000000000e+00,1.429234992482337485e-01,3.913110027847594430e-01,3.571241531444808714e-01,1.086413448225261591e-01
1.600000000000000000e+02,1.000000000000000000e+00,3.087893168954322087e-01,2.175164844841898093e-01,2.071157397220431684e-01,2.665784588983346470e-01
1.600000000000000000e+02,2.000000000000000000e+00,4.876445581940409835e-02,5.002211003837611081e-01,4.217810882053479871e-01,2.923335559148699386e-02
1.600000000000000000e+02,3.000000000000000000e+00,1.930092486940218066e-01,3.739752257293861848e-01,2.415384589178623531e-01,1.914770666587294612e-01
1.610000000000000000e+02,0.000000000000000000e+00,1.553843856298128823e-01,4.009275134883774627e-01,3.448284511137565400e-01,9.885964976805330928e-02
1.610000000000000000e+02,1.000000000000000000e+00,3.229473633729089688e-01,2.203670847519746401e-01,2.032603783005021147e-01,2.534251735746142487e-01
1.610000000000000000e+02,2.000000000000000000e+00,5.698741614554572038e-02,5.233802833071912186e-01,3.951138199632467374e-01,2.451848058401648323e-02
1.610000000000000000e+02,3.000000000000000000e+00,2.172244409360737372e-01,3.735303686912845866e-01,2.141025747891591446e-01,1.951426155834824205e-01
1.620000000000000000e+02,0.000000000000000000e+00,1.377037900173740947e-01,3.868797820370131757e-01,3.623138373802740064e-01,1.131025905653389313e-01
1.620000000000000000e+02,1.000000000000000000e+00,3.026919354168569609e-01,2.161926092439258040e-01,2.087237437638922721e-01,2.723917115753249352e-01
1.620000000000000000e+02,2.000000000000000000e+00,4.549507326290654075e-02,4.897068627658712203e-01,4.332858261645308184e-01,3.151223780669142049e-02
1.620000000000000000e+02,3.000000000000000000e+00,2.002143310701240686e-01,3.639849030239964978e-01,2.205719722480570799e-01,2.152287936578223815e-01
1.630000000000000000e+02,0.000000000000000000e+00,1.304248278707093867e-01,3.802708273677532502e-01,3.695766225591749499e-01,1.197277222023626075e-01
1.630000000000000000e+02,1.000000000000000000e+00,2.940087384281341865e-01,2.142053683081994175e-01,2.109558060522468692e-01,2.808300872114196101e-01
1.630000000000000000e+02,2.000000000000000000e+00,4.111104107082096115e-02,4.742140328658721038e-01,4.496315719994419813e-01,3.504335406386489132e-02
1.630000000000000000e+02,3.000000000000000000e+00,1.863062392276398360e-01,3.632173303154820898e-01,2.360393825929256451e-01,2.144370478639524014e-01
1.640000000000000000e+02,0.000000000000000000e+00,1.373789150539181936e-01,3.865956693795729593e-01,3.626374336614461846e-01,1.133879819050626070e-01
1.640000000000000000e+02,1.000000000000000000e+00,3.023089597263692307e-01,2.161074971070922890e-01,2.088236430961663281e-01,2.727599000703722076e-01
1.640000000000000000e+02,2.000000000000000000e+00,4.529504129048868288e-02,4.890361739221143478e-01,4.340080458267964736e-01,3.166073896060034309e-02
1.640000000000000000e+02,3.000000000000000000e+00,1.849799370775895568e-01,3.718976567852128601e-01,2.492303927791530149e-01,1.938920133580448457e-01
1.650000000000000000e+02,0.000000000000000000e+00,1.423766053678248711e-01,3.908583311203620569e-01,3.576669884576381131e-01,1.090980750541747785e-01
1.650000000000000000e+02,1.000000000000000000e+00,3.081553020787901609e-01,2.173815503841818597e-01,2.072844574284153640e-01,2.671786901086126709e-01
1.650000000000000000e+02,2.000000000000000000e+00,4.841702010238910919e-02,4.991424093856001165e-01,4.229775877454790001e-01,2.946298276653181239e-02
1.650000000000000000e+02,3.000000000000000000e+00,1.947182380170188465e-01,3.724466795590282153e-01,2.374653936327239534e-01,1.953696887912288183e-01
1.660000000000000000e+02,0.000000000000000000e+00,1.352702394659410501e-01,3.847272997165072650e-01,3.647392452607757241e-01,1.152632155567759054e-01
1.660000000000000000e+02,1.000000000000000000e+00,2.998129743506568468e-01,2.155470827221060703e-01,2.094714773707492261e-01,2.751684655564878845e-01
1.660000000000000000e+02,2.000000000000000000e+00,4.400657245265120893e-02,4.846360215289012285e-01,4.387128026417176363e-01,3.264460337672989154e-02
1.660000000000000000e+02,3.000000000000000000e+00,1.914450202284931069e-01,3.661321711727800188e-01,2.334051600605741850e-01,2.090176485381526894e-01
1.670000000000000000e+02,0.000000000000000000e+00,1.288189886345900426e-01,3.787422414694210926e-01,3.711815237637610676e-01,1.212572461322276307e-01
1.670000000000000000e+02,1.000000000000000000e+00,2.920632410816018654e-01,2.137435034057342809e-01,2.114462399050758834e-01,2.827470156075878038e-01
1.670000000000000000e+02,2.000000000000000000e+00,4.017155272046408349e-02,4.706632140670440334e-01,4.532818863311048330e-01,3.588334688138721668e-02
1.670000000000000000e+02,3.000000000000000000e+00,1.754545722325415724e-01,3.666680627565245820e-01,2.554231303956999155e-01,2.024542346152339578e-01
1.680000000000000000e+02,0.000000000000000000e+00,1.537543418890625346e-01,3.997429795810089059e-01,3.464280482771633918e-01,1.000746302527653758e-01
1.680000000000000000e+02,1.000000000000000000e+00,3.211254139131045071e-01,2.200175593915823236e-01,2.037656754983393215e-01,2.550913511969737923e-01
1.680000000000000000e+02,2.000000000000000000e+00,5.587857687181150418e-02,5.205027894492466611e-01,3.985357235555975208e-01,2.508291012334433120e-02
1.680000000000000000e+02,3.000000000000000000e+00,2.074124337217985448e-01,3.777854483633909521e-01,2.293688352141906583e-01,1.854332827006197060e-01
1.690000000000000000e+02,0.000000000000000000e+00,1.557512873071382475e-01,4.011912024544498911e-01,3.444688081656082090e-01,9.858870207280345799e-02
1.690000000000000000e+02,1.000000000000000000e+00,3.233562657446686361e-01,2.204448328268235335e-01,2.031466131611901205e-01,2.530522882673176821e-01
1.690000000000000000e+02,2.000000000000000000e+00,5.723836681230657503e-02,5.240217757042268110e-01,3.943464231735995251e-01,2.439343430986700215e-02
1.690000000000000000e+02,3.000000000000000000e+00,2.152124534763600328e-01,3.752086319103865031e-01,2.180504507460702124e-01,1.915284638671833906e-01
1.700000000000000000e+02,0.000000000000000000e+00,1.676959482607035812e-01,4.092092695345756481e-01,3.328488811840507045e-01,9.024590102067030217e-02
1.700000000000000000e+02,1.000000000000000000e+00,3.364395122812764982e-01,2.227988777545909516e-01,1.994389702407924347e-01,2.413226397233400322e-01
1.700000000000000000e+02,2.000000000000000000e+00,6.567965232434490319e-02,5.436871213546726755e-01,3.699420653845287843e-01,2.069116093645347043e-02
1.700000000000000000e+02,3.000000000000000000e+00,2.545329425082784036e-01,3.603512339505412498e-01,1.700539696093946451e-01,2.150618539317858124e-01
1.710000000000000000e+02,0.000000000000000000e+00,1.479433840291232150e-01,3.953430762390217068e-01,3.521530639481326719e-01,1.045604757837223786e-01
1.710000000000000000e+02,1.000000000000000000e+00,3.145579134565505974e-01,2.187153607509265685e-01,2.055649066063667818e-01,2.611618191861560523e-01
1.710000000000000000e+02,2.000000000000000000e+00,5.200664974522891532e-02,5.098751303847992578e-01,4.108991584919376439e-01,2.721906137803415185e-02
1.710000000000000000e+02,3.000000000000000000e+00,2.168631736498943807e-01,3.654175973161112867e-01,2.052446529316400980e-01,2.124745761023542623e-01
1.720000000000000000e+02,0.000000000000000000e+00,1.582537555019058184e-01,4.029613142488717159e-01,3.420199418884616316e-01,9.676498836076068144e-02
1.720000000000000000e+02,1.000000000000000000e+00,3.261336798433262518e-01,2.209661902301914838e-01,2.023704162604597345e-01,2.505297136660225021e-01
1.720000000000000000e+02,2.000000000000000000e+00,5.896332736351694859e-02,5.283367867547708041e-01,3.891402813016828222e-01,2.355960458002937311e-02
1.720000000000000000e+02,3.000000000000000000e+00,2.263159785573371496e-01,3.706860101704540500e-01,2.023838808790038024e-01,2.006141303932051922e-01
1.730000000000000000e+02,0.000000000000000000e+00,1.215744394360887132e-01,3.715110809527744085e-01,3.784251687303503697e-01,1.284893108807864670e-01
1.730000000000000000e+02,1.000000000000000000e+00,2.831431357768338097e-01,2.115468243780719848e-01,2.136475923948473188e-01,2.916624474502471087e-01
1.730000000000000000e+02,2.000000000000000000e+00,3.605870318679779696e-02,4.540331636340398935e-01,4.699282121377643118e-01,3.997992104139785896e-02
1.730000000000000000e+02,3.000000000000000000e+00,1.575864509155114057e-01,3.654536715293595361e-01,2.825039531389115788e-01,1.944559244162172573e-01
1.740000000000000000e+02,0.000000000000000000e+00,1.198995760486823853e-01,3.697582553350132195e-01,3.800991126465156911e-01,1.302430559697886903e-01
1.740000000000000000e+02,1.000000000000000000e+00,2.810460354624436663e-01,2.110113603658059223e-01,2.141535269365772709e-01,2.937890772351732238e-01
1.740000000000000000e+02,2.000000000000000000e+00,3.513727200261136663e-02,4.500439993572571962e-01,4.738145367781604889e-01,4.100419186197084426e-02
1.740000000000000000e+02,3.000000000000000000e+00,1.834507301492615816e-01,3.519470358005148403e-01,2.250680894137748744e-01,2.395341446364486759e-01
1.750000000000000000e+02,0.000000000000000000e+00,1.505396053829730907e-01,3.973435464131408468e-01,3.495910449933753994e-01,1.025258032105106631e-01
1.750000000000000000e+02,1.000000000000000000e+00,3.175063587796845277e-01,2.193081911721215804e-01,2.047614980915754557e-01,2.584239519566184917e-01
1.750000000000000000e+02,2.000000000000000000e+00,5.372087030157379761e-02,5.146952054483714400e-01,4.053439321322020450e-01,2.623999211785271041e-02
1.750000000000000000e+02,3.000000000000000000e+00,2.222032446708024078e-01,3.648166782905759575e-01,1.996538633750170599e-01,2.133262136636045192e-01
1.760000000000000000e+02,0.000000000000000000e+00,1.220048189767913988e-01,3.719564562857205492e-01,3.779949200174607671e-01,1.280438047200273266e-01
1.760000000000000000e+02,1.000000000000000000e+00,2.836798385772191233e-01,2.116826916691601779e-01,2.135173875998845339e-01,2.911200821537361372e-01
1.760000000000000000e+02,2.000000000000000000e+00,3.629726846515517885e-02,4.550493889418799620e-01,4.689317062429063654e-01,3.972163635005868804e-02
1.760000000000000000e+02,3.000000000000000000e+00,1.657909795761091376e-01,3.628899755819338102e-01,2.647693996270815697e-01,2.065496452148757600e-01
1.770000000000000000e+02,0.000000000000000000e+00,1.207585620056937092e-01,3.706611401985085430e-01,3.792406892213586733e-01,1.293396085744391022e-01
1.770000000000000000e+02,1.000000000000000000e+00,2.821232650216635718e-01,2.112873272280797465e-01,2.138942044443291057e-01,2.926952033059274649e-01
1.770000000000000000e+02,2.000000000000000000e+00,3.560845974180553569e-02,4.520967734795039994e-01,4.718197294855737134e-01,4.047503729311693194e-02
1.770000000000000000e+02,3.000000000000000000e+00,1.633895628740888728e-01,3.623810631642414570e-01,2.679078406847069660e-01,2.063215332769625654e-01
1.780000000000000000e+02,0.000000000000000000e+00,1.523261731336922609e-01,3.986874808791209812e-01,3.478319016352543480e-01,1.011544443519322017e-01
1.780000000000000000e+02,1.000000000000000000e+00,3.195219030403815275e-01,2.197057371879419518e-01,2.042082019779861701e-01,2.565641577936904061e-01
1.780000000000000000e+02,2.000000000000000000e+00,5.491522062728160930e-02,5.179445574621663884e-01,4.015506059637799496e-01,2.558961594677217760e-02
1.780000000000000000e+02,3.000000000000000000e+00,2.060869465740861328e-01,3.770122284139699187e-01,2.299000862443758009e-01,1.870007387675683141e-01
1.790000000000000000e+02,0.000000000000000000e+00,1.527349063110502725e-01,3.989912563751615293e-01,3.474299065153348409e-01,1.008439307984533850e-01
1.790000000000000000e+02,1.000000000000000000e+00,3.199815104576282931e-01,2.197955163899240894e-01,2.040815733683312427e-01,2.561413997841162637e-01
1.790000000000000000e+02,2.000000000000000000e+00,5.519014775575391968e-02,5.186802611496434956e-01,4.006861726270494195e-01,2.544341846755322420e-02
1.790000000000000000e+02,3.000000000000000000e+00,2.012943349951687722e-01,3.801887079814678105e-01,2.393567172503670015e-01,1.791602397729965546e-01
1.800000000000000000e+02,0.000000000000000000e+00,1.491156133472136547e-01,3.962533473273722739e-01,3.509954720000511008e-01,1.036355673253627208e-01
1.800000000000000000e+02,1.000000000000000000e+00,3.158920669170686146e-01,2.189852762971345179e-01,2.052022562387867677e-01,2.599204005470099332e-01
1.800000000000000000e+02,2.000000000000000000e+00,5.277749848949454814e-02,5.120659247602697972e-01,4.083846616952777620e-01,2.677191505495770882e-02
1.800000000000000000e+02,3.000000000000000000e+00,2.019862394516301063e-01,3.758706075434165572e-01,2.331490732547141509e-01,1.889940797502393521e-01
1.810000000000000000e+02,0.000000000000000000e+00,1.450517776488040866e-01,3.930473348221912855e-01,3.550139357475187718e-01,1.068869517814859810e-01
1.810000000000000000e+02,1.000000000000000000e+00,3.112461356061235751e-01,2.180334176070006236e-01,2.064586943404719266e-01,2.642617524464038192e-01
1.810000000000000000e+02,2.000000000000000000e+00,5.012736860625619656e-02,5.043683408036736537e-01,4.171451509190451379e-01,2.835913967102509856e-02
1.810000000000000000e+02,3.000000000000000000e+00,2.176445587050685748e-01,3.615592059628632837e-01,2.002118502973809222e-01,2.205843850346872470e-01
1.820000000000000000e+02,0.000000000000000000e+00,1.297576215722267001e-01,3.796388996447767061e-01,3.702433618854839570e-01,1.203601168975128588e-01
1.820000000000000000e+02,1.000000000000000000e+00,2.932017624958879187e-01,2.140145340793677131e-01,2.111596722988760833e-01,2.816240311258682016e-01
1.820000000000000000e+02,2.000000000000000000e+00,4.071947455277987599e-02,4.727446104684439598e-01,4.511463812598647261e-01,3.538953371891119526e-02
1.820000000000000000e+02,3.000000000000000000e+00,1.759292050052668477e-01,3.675339342756455130e-01,2.559385423246253732e-01,2.005983183944622106e-01
1.830000000000000000e+02,0.000000000000000000e+00,1.228640545206165779e-01,3.728395357983783631e-01,3.771358514816187113e-01,1.271605581993862921e-01
1.830000000000000000e+02,1.000000000000000000e+00,2.847487192046562199e-01,2.119518621294304295e-01,2.132572053125690870e-01,2.900422133533441804e-01
1.830000000000000000e+02,2.000000000000000000e+00,3.677574097085031801e-02,4.570674682103999520e-01,4.669449272752764779e-01,3.921186354347328679e-02
1.830000000000000000e+02,3.000000000000000000e+00,1.641231396585811630e-01,3.645572060659539870e-01,2.699232555325736804e-01,2.013963987428910862e-01
1.840000000000000000e+02,0.000000000000000000e+00,1.326678320887931806e-01,3.823625105290813786e-01,3.673361938515511405e-01,1.176334635305741061e-01
1.840000000000000000e+02,1.000000000000000000e+00,2.967077421863519859e-01,2.148359996976889896e-01,2.102694871036772939e-01,2.781867710122816750e-01
1.840000000000000000e+02,2.000000000000000000e+00,4.244010064974874236e-02,4.790927646196097567e-01,4.445588799498086385e-01,3.390825478083310529e-02
1.840000000000000000e+02,3.000000000000000000e+00,1.735698613635338616e-01,3.718817890405810567e-01,2.655915490043299076e-01,1.889568005915551185e-01
1.850000000000000000e+02,0.000000000000000000e+00,1.446749052287328308e-01,3.927427769287509252e-01,3.553873391422891492e-01,1.071949787002270393e-01
1.850000000000000000e+02,1.000000000000000000e+00,3.108122924278036714e-01,2.179428189645117309e-01,2.065750950693763521e-01,2.646697935383083289e-01
1.850000000000000000e+02,2.000000000000000000e+00,4.988477094349956509e-02,5.036397965693358847e-01,4.179637026936203203e-01,2.851172979354425416e-02
1.850000000000000000e+02,3.000000000000000000e+00,1.922230177472452894e-01,3.763234509017245322e-01,2.455816536408045869e-01,1.858718777102256192e-01
1.860000000000000000e+02,0.000000000000000000e+00,1.328662959606297655e-01,3.825451817813512734e-01,3.671380441670725747e-01,1.174504780909465806e-01
1.860000000000000000e+02,1.000000000000000000e+00,2.969455348907653058e-01,2.148909991429915622e-01,2.102086925357398162e-01,2.779547734305033435e-01
1.860000000000000000e+02,2.000000000000000000e+00,4.255863843910472066e-02,4.795199218461760893e-01,4.441115366440624435e-01,3.380990307065665640e-02
1.860000000000000000e+02,3.000000000000000000e+00,1.892586892381748764e-01,3.645152506256445490e-01,2.340207266458501634e-01,2.122053334903303556e-01
1.870000000000000000e+02,0.000000000000000000e+00,1.315877462769909079e-01,3.813615485753890644e-01,3.684148279928642911e-01,1.186358771547557228e-01
1.870000000000000000e+02,1.000000000000000000e+00,2.954107278951519922e-01,2.145344119344400891e-01,2.106001545572359357e-01,2.794547056131718721e-01
1.870000000000000000e+02,2.000000000000000000e+00,4.179767075562162981e-02,4.767552190128108158e-01,4.469977137167862602e-01,3.444939651478127335e-02
1.870000000000000000e+02,3.000000000000000000e+00,1.795688355910921852e-01,3.679427560213510140e-01,2.513091451586365599e-01,2.011792632289202687e-01
1.880000000000000000e+02,0.000000000000000000e+00,1.358022870454470288e-01,3.852027069871520326e-01,3.642087054115004108e-01,1.147863005559004723e-01
1.880000000000000000e+02,1.000000000000000000e+00,3.004444229564603996e-01,2.156897964093273112e-01,2.093081187021603728e-01,2.745576619320517775e-01
1.880000000000000000e+02,2.000000000000000000e+00,4.433005316046218641e-02,4.857539260750265986e-01,4.375229689294614088e-01,3.239305183504995883e-02
1.880000000000000000e+02,3.000000000000000000e+00,1.852310392527133365e-01,3.699906545501008837e-01,2.463465536638038411e-01,1.984317525333818555e-01
1.890000000000000000e+02,0.000000000000000000e+00,1.416400743783343963e-01,3.902444533819694472e-01,3.583984124639019719e-01,1.097170597757943372e-01
1.890000000000000000e+02,1.000000000000000000e+00,3.072996806422719218e-01,2.171984534850275594e-01,2.075115948766376728e-01,2.679902709960627627e-01
1.890000000000000000e+02,2.000000000000000000e+00,4.795091346888338130e-02,4.976812426059062933e-01,4.245923167074741600e-01,2.977552721773629729e-02
1.890000000000000000e+02,3.000000000000000000e+00,2.078059799302913735e-01,3.639551792929268670e-01,2.124792439861153959e-01,2.157595967906661694e-01
1.900000000000000000e+02,0.000000000000000000e+00,1.586328845136796284e-01,4.032252098777979188e-01,3.416495690231518001e-01,9.649233658537045843e-02
1.900000000000000000e+02,1.000000000000000000e+00,3.265527306170861732e-01,2.210438341814834895e-01,2.022527850393997795e-01,2.501506501620306966e-01
1.900000000000000000e+02,2.000000000000000000e+00,5.922668778817564289e-02,5.289813855247359475e-01,3.883558079408045982e-01,2.343611874628369687e-02
1.900000000000000000e+02,3.000000000000000000e+00,2.361139367469946293e-01,3.642000948283228845e-01,1.872566424221571157e-01,2.124293260025252594e-01
1.910000000000000000e+02,0.000000000000000000e+00,1.388773722006981515e-01,3.878978929937924591e-01,3.611454071667868360e-01,1.120793276387225951e-01
1.910000000000000000e+02,1.000000000000000000e+00,3.040719595880487236e-01,2.164973771433277017e-01,2.083626755688012810e-01,2.710679876998222104e-01
1.910000000000000000e+02,2.000000000000000000e+00,4.622105160353302128e-02,4.921136796065091468e-01,4.306827957651214733e-01,3.098247302483628923e-02
1.910000000000000000e+02,3.000000000000000000e+00,1.968747560624637127e-01,3.672787014031493324e-01,2.283916387627762390e-01,2.074549037716107158e-01
1.920000000000000000e+02,0.000000000000000000e+00,1.243480888183026017e-01,3.743458169448146133e-01,3.756519085410459646e-01,1.256541856958368064e-01
1.920000000000000000e+02,1.000000000000000000e+00,2.865866915250167568e-01,2.124103044872350243e-01,2.128071248148335481e-01,2.881958791729146152e-01
1.920000000000000000e+02,2.000000000000000000e+00,3.760898947214997429e-02,4.605193263685823934e-01,4.635221877583852179e-01,3.834949640088233108e-02
1.920000000000000000e+02,3.000000000000000000e+00,1.714325940124693248e-01,3.632574748893053207e-01,2.565750770695648941e-01,2.087348540286606269e-01
1.930000000000000000e+02,0.000000000000000000e+00,1.266534171733485759e-01,3.766389220275782046e-01,3.733466251235285638e-01,1.233610356755449056e-01
1.930000000000000000e+02,1.000000000000000000e+00,2.894217583491409118e-01,2.131065780031688728e-01,2.121062925926229525e-01,2.853653710550672074e-01
1.930000000000000000e+02,2.000000000000000000e+00,3.892054285846224815e-02,4.657974527908742557e-01,4.582281865732131254e-01,3.705381777745033606e-02
1.930000000000000000e+02,3.000000000000000000e+00,1.629226330340494133e-01,3.693522840629578363e-01,2.791122534706664271e-01,1.886128294323263788e-01
1.940000000000000000e+02,0.000000000000000000e+00,1.483067517032666816e-01,3.956264884453837838e-01,3.517940946990565920e-01,1.042726651522927761e-01
1.940000000000000000e+02,1.000000000000000000e+00,3.149719860488125467e-01,2.187994274055009014e-01,2.054525109113072012e-01,2.607760756343793784e-01
1.940000000000000000e+02,2.000000000000000000e+00,5.224504289190837897e-02,5.105567879021254418e-01,4.101186221804709597e-01,2.707954702549512926e-02
1.940000000000000000e+02,3.000000000000000000e+00,2.077739909216236858e-01,3.715724571946942278e-01,2.215004395453648578e-01,1.991531123383172008e-01
1.950000000000000000e+02,0.000000000000000000e+00,1.572234002023269184e-01,4.022384619458151400e-01,3.430273527145110690e-01,9.751078513734671993e-02
1.950000000000000000e+02,1.000000000000000000e+00,3.249925396020449386e-01,2.207534026407956540e-01,2.026900552978144754e-01,2.515640024593449042e-01
1.950000000000000000e+02,2.000000000000000000e+00,5.825028497925761883e-02,5.265728502851088066e-01,3.912779217413550059e-01,2.389894299427867616e-02
1.950000000000000000e+02,3.000000000000000000e+00,2.307690311707535080e-01,3.664497134120920374e-01,1.939679568766778661e-01,2.088132985404765884e-01
1.960000000000000000e+02,0.000000000000000000e+00,1.290464267299420709e-01,3.789603341834362760e-01,3.709541816940014058e-01,1.210390573926200253e-01
1.960000000000000000e+02,1.000000000000000000e+00,2.923394646391803131e-01,2.138094527713615411e-01,2.113768280792957255e-01,2.824742545101625590e-01
1.960000000000000000e+02,2.000000000000000000e+00,4.030400292364865605e-02,4.711690792097069092e-01,4.527639630449696306e-01,3.576295482167490825e-02
1.960000000000000000e+02,3.000000000000000000e+00,1.877566764356641271e-01,3.608107699611922126e-01,2.311225610213240855e-01,2.203099925818197968e-01
1.970000000000000000e+02,0.000000000000000000e+00,1.389424449182949384e-01,3.879539702377798327e-01,3.610806453270693495e-01,1.120229395168559489e-01
1.970000000000000000e+02,1.000000000000000000e+00,3.041483219253303116e-01,2.165141532006853164e-01,2.083426466429108836e-01,2.709948782310733217e-01
1.970000000000000000e+02,2.000000000000000000e+00,4.626146040668640408e-02,4.922464014825438938e-01,4.305387363756355001e-01,3.095340173513429216e-02
1.970000000000000000e+02,3.000000000000000000e+00,2.053598901014568878e-01,3.623243362546558211e-01,2.130875777438318575e-01,2.192281959000556557e-01
1.980000000000000000e+02,0.000000000000000000e+00,1.463326922150559872e-01,3.940732047829298423e-01,3.537457200602027174e-01,1.058483829418114114e-01
1.980000000000000000e+02,1.000000000000000000e+00,3.127168557449920283e-01,2.183383638835218743e-01,2.060629117921283227e-01,2.628818685793578025e-01
1.980000000000000000e+02,2.000000000000000000e+00,5.095593934365580391e-02,5.068258114861384778e-01,4.143707652964391253e-01,2.784748387376657919e-02
1.980000000000000000e+02,3.000000000000000000e+00,1.895279141850284843e-01,3.795029992836439492e-01,2.533004651488575676e-01,1.776686213824701654e-01
1.990000000000000000e+02,0.000000000000000000e+00,1.479896326027400344e-01,3.953792106737042400e-01,3.521073683420241074e-01,1.045237883815316321e-01
1.990000000000000000e+02,1.000000000000000000e+00,3.146106412935154584e-01,2.187260805151098608e-01,2.055506020946988588e-01,2.611126760966759330e-01
1.990000000000000000e+02,2.000000000000000000e+00,5.203696417341206748e-02,5.099620178545498650e-01,4.107997592881821869e-01,2.720125868385575921e-02
1.990000000000000000e+02,3.000000000000000000e+00,2.141092040230065108e-01,3.672602917653400301e-01,2.099864918979530426e-01,2.086440123137003888e-01
2.000000000000000000e+02,0.000000000000000000e+00,1.540970864015020203e-01,3.999938234275791094e-01,3.460914641897556154e-01,9.981762598116346308e-02
2.000000000000000000e+02,1.000000000000000000e+00,3.215092326327760874e-01,2.200916135324215706e-01,2.036594467779010154e-01,2.547397070569014654e-01
2.000000000000000000e+02,2.000000000000000000e+00,5.611090616141010956e-02,5.211115705009523591e-01,3.978145107645618128e-01,2.496301257307570465e-02
2.000000000000000000e+02,3.000000000000000000e+00,2.187344379371629621e-01,3.711320583011820107e-01,2.099029398355659604e-01,2.002305639260888448e-01
2.010000000000000000e+02,0.000000000000000000e+00,1.315570415030408447e-01,3.813329238785753139e-01,3.684454975383490982e-01,1.186645370800345489e-01
2.010000000000000000e+02,1.000000000000000000e+00,2.953737846951647872e-01,2.145257820933622050e-01,2.106095499471580257e-01,2.794908832643148711e-01
2.010000000000000000e+02,2.000000000000000000e+00,4.177947393296439077e-02,4.766884488799976727e-01,4.470671502610696346e-01,3.446492692596829499e-02
2.010000000000000000e+02,3.000000000000000000e+00,1.884511095724411001e-01,3.634126257634501811e-01,2.336038895603988197e-01,2.145323751037098436e-01
2.020000000000000000e+02,0.000000000000000000e+00,1.314487777192714091e-01,3.812319193888218383e-01,3.685536396321001384e-01,1.187656632598068224e-01
2.020000000000000000e+02,1.000000000000000000e+00,2.952434927372951101e-01,2.144953286667021786e-01,2.106426755358765945e-01,2.796185030601259780e-01
2.020000000000000000e+02,2.000000000000000000e+00,4.171534191518370266e-02,4.764528795183056720e-01,4.473120267423878471e-01,3.451975182412276438e-02
2.020000000000000000e+02,3.000000000000000000e+00,1.712346897272673252e-01,3.714996344847144583e-01,2.686604734163268726e-01,1.886052023716913717e-01
2.030000000000000000e+02,0.000000000000000000e+00,1.508792855808903655e-01,3.976011017109565837e-01,3.492563287114542891e-01,1.022632839966985813e-01
2.030000000000000000e+02,1.000000000000000000e+00,3.178904065640734689e-01,2.193844226428341704e-01,2.046563257250706980e-01,2.580688450680216905e-01
2.030000000000000000e+02,2.000000000000000000e+00,5.394702970529922231e-02,5.153172265664500706e-01,4.046208466358512945e-01,2.611489709239950274e-02
2.030000000000000000e+02,3.000000000000000000e+00,2.049006570118257486e-01,3.761251068018940935e-01,2.301442042367737584e-01,1.888300319495064550e-01
2.040000000000000000e+02,0.000000000000000000e+00,1.367142532575933156e-01,3.860113069887484150e-01,3.632996696216477805e-01,1.139747701320103085e-01
2.040000000000000000e+02,1.000000000000000000e+00,3.015241306204565208e-01,2.159323501604528128e-01,2.090279537448080094e-01,2.735155654742827958e-01
2.040000000000000000e+02,2.000000000000000000e+00,4.488706169302281862e-02,4.876580136522472020e-01,4.354878310268653907e-01,3.196709362786474828e-02
2.040000000000000000e+02,3.000000000000000000e+00,1.867648165297922658e-01,3.702513503773390280e-01,2.446678930278702591e-01,1.983159400649985304e-01
2.050000000000000000e+02,0.000000000000000000e+00,1.390144439541632360e-01,3.880159706128054609e-01,3.610089934257477706e-01,1.119605920072837824e-01
2.050000000000000000e+02,1.000000000000000000e+00,3.042327931543584718e-01,2.165326999648721495e-01,2.083204848179227575e-01,2.709140220628465379e-01
2.050000000000000000e+02,2.000000000000000000e+00,4.630618924903183442e-02,4.923931608746208721e-01,4.303793769874028619e-01,3.092127288894463283e-02
2.050000000000000000e+02,3.000000000000000000e+00,2.014755213554808577e-01,3.647637234822321273e-01,2.201302554829411284e-01,2.136304996793458866e-01
2.060000000000000000e+02,0.000000000000000000e+00,1.347940511599292623e-01,3.842995007990079870e-01,3.652142040480739205e-01,1.156922439929890384e-01
2.060000000000000000e+02,1.000000000000000000e+00,2.992468483743627172e-01,2.154185919545922034e-01,2.096176271565765026e-01,2.757169325144686045e-01
2.060000000000000000e+02,2.000000000000000000e+00,4.371798090019309718e-02,4.836310696400677456e-01,4.397792771030057946e-01,3.287167235673346677e-02
2.060000000000000000e+02,3.000000000000000000e+00,1.803066542137999606e-01,3.712426194641937904e-01,2.547901575560892473e-01,1.936605687659167796e-01
2.070000000000000000e+02,0.000000000000000000e+00,1.325491897367582494e-01,3.822531237662150638e-01,3.674546556872397840e-01,1.177430308097866390e-01
2.070000000000000000e+02,1.000000000000000000e+00,2.965655104492256888e-01,2.148030593086112383e-01,2.103058251748475826e-01,2.783256050673156290e-01
2.070000000000000000e+02,2.000000000000000000e+00,4.236931135679369159e-02,4.788370588519672566e-01,4.448264206733015258e-01,3.396720911793772030e-02
2.070000000000000000e+02,3.000000000000000000e+00,1.760056291425871611e-01,3.706816741575970631e-01,2.602282366869895225e-01,1.930844600128262256e-01
2.080000000000000000e+02,0.000000000000000000e+00,1.555480883621614685e-01,4.010452977154648213e-01,3.446679684146067846e-01,9.873864550776692561e-02
2.080000000000000000e+02,1.000000000000000000e+00,3.231298598354937490e-01,2.204018158553775197e-01,2.032096202591319178e-01,2.532587040499969522e-01
2.080000000000000000e+02,2.000000000000000000e+00,5.709932239150303929e-02,5.236667823028572366e-01,3.947712971273645288e-01,2.446259817827524038e-02
2.080000000000000000e+02,3.000000000000000000e+00,2.237178311960641985e-01,3.694429436547948531e-01,2.033634480342383366e-01,2.034757771149025563e-01
2.090000000000000000e+02,0.000000000000000000e+00,1.439193658876496973e-01,3.921284515310936580e-01,3.561362793946005745e-01,1.078159031866558482e-01
2.090000000000000000e+02,1.000000000000000000e+00,3.099409795007796453e-01,2.177599771505270287e-01,2.068083850825597203e-01,2.654906582661335501e-01
2.090000000000000000e+02,2.000000000000000000e+00,4.940004635672614469e-02,5.021716759985179745e-01,4.196077890230255902e-01,2.882048862173046400e-02
2.090000000000000000e+02,3.000000000000000000e+00,1.887441411302847039e-01,3.772732889814836565e-01,2.513722787659161684e-01,1.826102911223155545e-01
2.100000000000000000e+02,0.000000000000000000e+00,1.365172980490932941e-01,3.858373444621812642e-01,3.634959537706161647e-01,1.141494037181090687e-01
2.100000000000000000e+02,1.000000000000000000e+00,3.012912290662884685e-01,2.158801862418200657e-01,2.090884769013787170e-01,2.737401077905129432e-01
2.100000000000000000e+02,2.000000000000000000e+00,4.476649438548687548e-02,4.872480815488565709e-01,4.359268905467004740e-01,3.205853351895622538e-02
2.100000000000000000e+02,3.000000000000000000e+00,1.895873278498666770e-01,3.685637090931297988e-01,2.388331351063991692e-01,2.030158279506042440e-01
2.110000000000000000e+02,0.000000000000000000e+00,1.313267337863021356e-01,3.811179185459120378e-01,3.686755510448821438e-01,1.188797966229039327e-01
2.110000000000000000e+02,1.000000000000000000e+00,2.950965574146932058e-01,2.144609523438200382e-01,2.106800133876958192e-01,2.797624768537908535e-01
2.110000000000000000e+02,2.000000000000000000e+00,4.164310162183157416e-02,4.761870634646694911e-01,4.475881577043434034e-01,3.458167720915576032e-02
2.110000000000000000e+02,3.000000000000000000e+00,1.685749820482670691e-01,3.724411639814828034e-01,2.742843153878454232e-01,1.846995385824047320e-01
2.120000000000000000e+02,0.000000000000000000e+00,1.313824805195587531e-01,3.811700098333380415e-01,3.686198642360534183e-01,1.188276454110495373e-01
2.120000000000000000e+02,1.000000000000000000e+00,2.951636817562848791e-01,2.144766607660773816e-01,2.106629588896807015e-01,2.796966985879569823e-01
2.120000000000000000e+02,2.000000000000000000e+00,4.167609206545789396e-02,4.763085163990274373e-01,4.474620164419561563e-01,3.455337509355844994e-02
2.120000000000000000e+02,3.000000000000000000e+00,1.671312619978495284e-01,3.730656675888284757e-01,2.775822042902005293e-01,1.822208661231214111e-01
2.130000000000000000e+02,0.000000000000000000e+00,1.559952062043179488e-01,4.013659119372640083e-01,3.442297986478606298e-01,9.840908321055760744e-02
2.130000000000000000e+02,1.000000000000000000e+00,3.236278657041395390e-01,2.204963335488651921e-01,2.030709757132325988e-01,2.528048250337626146e-01
2.130000000000000000e+02,2.000000000000000000e+00,5.740547786372953570e-02,5.244469889536909069e-01,3.938368296181051775e-01,2.431070356447450481e-02
2.130000000000000000e+02,3.000000000000000000e+00,2.108955767436088979e-01,3.781325857150124037e-01,2.259953394744907140e-01,1.849764980668880399e-01
2.140000000000000000e+02,0.000000000000000000e+00,1.432283276406252914e-01,3.915621544670199183e-01,3.568216877589384661e-01,1.083878301334161021e-01
2.140000000000000000e+02,1.000000000000000000e+00,3.091422217299675812e-01,2.175913186299744118e-01,2.070216779530483497e-01,2.662447816870097128e-01
2.140000000000000000e+02,2.000000000000000000e+00,4.895860486710821441e-02,5.008200306966811288e-01,4.211151036516355695e-01,2.910626078457508731e-02
2.140000000000000000e+02,3.000000000000000000e+00,1.885171809588628289e-01,3.766306169354469713e-01,2.508182028673719421e-01,1.840339992383180634e-01
2.150000000000000000e+02,0.000000000000000000e+00,1.293818330563924479e-01,3.792809941327888734e-01,3.706189375331550573e-01,1.207182352776638018e-01
2.150000000000000000e+02,1.000000000000000000e+00,2.927464065379786762e-01,2.139063862938034577e-01,2.112744349510800868e-01,2.820727722171377794e-01
2.150000000000000000e+02,2.000000000000000000e+00,4.049969753922583182e-02,4.719133034653540948e-01,4.520007253763432820e-01,3.558627361907694409e-02
2.150000000000000000e+02,3.000000000000000000e+00,1.785895896098313451e-01,3.658609282288463049e-01,2.498357996807229475e-01,2.057136824805993192e-01
2.160000000000000000e+02,0.000000000000000000e+00,1.305780511902192853e-01,3.804153143551306515e-01,3.694235237771021363e-01,1.195831106775477465e-01
2.160000000000000000e+02,1.000000000000000000e+00,2.941937908475495966e-01,2.142489813189238090e-01,2.109089690864337785e-01,2.806482587470927603e-01
2.160000000000000000e+02,2.000000000000000000e+00,4.120120875472121913e-02,4.745503032088523865e-01,4.492840733412889476e-01,3.496441469513725253e-02
2.160000000000000000e+02,3.000000000000000000e+00,1.766188480802804162e-01,3.681609746433258112e-01,2.558098125305291459e-01,1.994103647458648210e-01
2.170000000000000000e+02,0.000000000000000000e+00,1.502140099603495593e-01,3.970957690119423233e-01,3.499119906964922588e-01,1.027782303312158307e-01
2.170000000000000000e+02,1.000000000000000000e+00,3.171378641825293165e-01,2.192348333517236403e-01,2.048622980616615630e-01,2.587650044040854524e-01
2.170000000000000000e+02,2.000000000000000000e+00,5.350449567844395293e-02,5.140971101107083552e-01,4.060378513412892243e-01,2.636054286955864107e-02
2.170000000000000000e+02,3.000000000000000000e+00,2.004808973156839425e-01,3.779183557446797459e-01,2.374661551650139313e-01,1.841345917746221583e-01
2.180000000000000000e+02,0.000000000000000000e+00,1.297062360681037474e-01,3.795900441803324865e-01,3.702947162467741249e-01,1.204090035047898771e-01
2.180000000000000000e+02,1.000000000000000000e+00,2.931395330404744648e-01,2.139997742804811975e-01,2.111753675698774535e-01,2.816853251091669952e-01
2.180000000000000000e+02,2.000000000000000000e+00,4.068938964459146296e-02,4.726310942058712383e-01,4.512631554516650656e-01,3.541636069787210128e-02
2.180000000000000000e+02,3.000000000000000000e+00,1.799576552505144644e-01,3.655813862357523147e-01,2.475577745887015124e-01,2.069031839250315974e-01
2.190000000000000000e+02,0.000000000000000000e+00,1.396621895128417334e-01,3.885716083303161761e-01,3.603645227269988704e-01,1.114016794298434282e-01
2.190000000000000000e+02,1.000000000000000000e+00,3.049918483100859667e-01,2.166988547438152002e-01,2.081210557119844706e-01,2.701882412341142792e-01
2.190000000000000000e+02,2.000000000000000000e+00,4.670949052814197394e-02,4.937092782367957233e-01,4.289472799073226206e-01,3.063395132773968910e-02
2.190000000000000000e+02,3.000000000000000000e+00,1.892434265542213279e-01,3.723063944795000912e-01,2.441512393044918405e-01,1.942989396617867404e-01
2.200000000000000000e+02,0.000000000000000000e+00,1.431395976019583238e-01,3.914891341428785032e-01,3.569097224425057391e-01,1.084615458126576559e-01
2.200000000000000000e+02,1.000000000000000000e+00,3.090395330362203374e-01,2.175695634071911633e-01,2.070490592288046494e-01,2.663418443277838499e-01
2.200000000000000000e+02,2.000000000000000000e+00,4.890205505827537047e-02,5.006458634661241636e-01,4.213088914632589499e-01,2.914319001234146750e-02
2.200000000000000000e+02,3.000000000000000000e+00,2.045641542551913383e-01,3.676697256347058462e-01,2.202748694991517597e-01,2.074912506109511667e-01
2.210000000000000000e+02,0.000000000000000000e+00,1.509900252427616996e-01,3.976848605734263908e-01,3.491472324634841140e-01,1.021778817203280870e-01
2.210000000000000000e+02,1.000000000000000000e+00,3.180155254704496448e-01,2.194092090505584680e-01,2.046220356862103462e-01,2.579532297927816797e-01
2.210000000000000000e+02,2.000000000000000000e+00,5.402085396843026716e-02,5.155195833272360195e-01,4.043853007448728887e-01,2.607426195946065811e-02
2.210000000000000000e+02,3.000000000000000000e+00,2.003462777631586922e-01,3.788344954162072842e-01,2.387792052167310164e-01,1.820400216039031460e-01
2.220000000000000000e+02,0.000000000000000000e+00,1.387078187046827948e-01,3.877515936626492188e-01,3.613141633302136002e-01,1.122264243024545527e-01
2.220000000000000000e+02,1.000000000000000000e+00,3.038729127440015776e-01,2.164536051659604887e-01,2.084148588043456263e-01,2.712586232856921686e-01
2.220000000000000000e+02,2.000000000000000000e+00,4.611583874980137304e-02,4.917674990234549570e-01,4.310582924517550873e-01,3.105836977498841606e-02
2.220000000000000000e+02,3.000000000000000000e+00,1.864935438042185367e-01,3.726354038093076526e-01,2.481893677382892016e-01,1.926816846481846091e-01
2.230000000000000000e+02,0.000000000000000000e+00,1.252683971888733927e-01,3.752680133574496923e-01,3.747316029940537252e-01,1.247319864596229955e-01
2.230000000000000000e+02,1.000000000000000000e+00,2.877213772346289278e-01,2.126905554637336937e-01,2.125275816402084073e-01,2.870604856614289990e-01
2.230000000000000000e+02,2.000000000000000000e+00,3.813007183058239602e-02,4.626386268602522001e-01,4.614053520297878297e-01,3.782594927937768525e-02
2.230000000000000000e+02,3.000000000000000000e+00,1.643526117223353122e-01,3.672419472845325217e-01,2.735310915395027798e-01,1.948743494536294141e-01
2.240000000000000000e+02,0.000000000000000000e+00,1.498799358680576732e-01,3.968406193808612925e-01,3.502414032905659114e-01,1.030380414605149286e-01
2.240000000000000000e+02,1.000000000000000000e+00,3.167593972203160968e-01,2.191592724099348799e-01,2.049657103305821404e-01,2.591156200391667719e-01
2.240000000000000000e+02,2.000000000000000000e+00,5.328290100386214728e-02,5.134815386523382541e-01,4.067506693783375371e-01,2.648489096546190885e-02
2.240000000000000000e+02,3.000000000000000000e+00,2.108440448760433017e-01,3.714496669720950828e-01,2.181309810841417784e-01,1.995753070677197261e-01
2.250000000000000000e+02,0.000000000000000000e+00,1.267722729543919180e-01,3.767556259082560088e-01,3.732277790864366729e-01,1.232443220509154419e-01
2.250000000000000000e+02,1.000000000000000000e+00,2.895672742697574242e-01,2.131419611298788763e-01,2.120701075910899902e-01,2.852206570092735705e-01
2.250000000000000000e+02,2.000000000000000000e+00,3.898872767147278789e-02,4.660668197971852278e-01,4.579560271811620176e-01,3.698842535018007083e-02
2.250000000000000000e+02,3.000000000000000000e+00,1.678703997025077499e-01,3.675777606610939330e-01,2.682891293364133012e-01,1.962627102999849882e-01
2.260000000000000000e+02,0.000000000000000000e+00,1.487975321344310875e-01,3.960074981740668298e-01,3.513094524273936980e-01,1.038855172641084262e-01
2.260000000000000000e+02,1.000000000000000000e+00,3.155305210184483622e-01,2.189124030652431219e-01,2.053006772920675793e-01,2.602563986242408256e-01
2.260000000000000000e+02,2.000000000000000000e+00,5.256781832020051420e-02,5.114738188666521079e-01,4.090659524487794685e-01,2.689241036436792326e-02
2.260000000000000000e+02,3.000000000000000000e+00,2.061471602827407712e-01,3.730961954657190383e-01,2.250831733991605632e-01,1.956734708523798494e-01
2.270000000000000000e+02,0.000000000000000000e+00,1.396319497718604974e-01,3.885457546926200378e-01,3.603946034230666173e-01,1.114276921124526670e-01
2.270000000000000000e+02,1.000000000000000000e+00,3.049564480660340027e-01,2.166911259646288890e-01,2.081303678725059669e-01,2.702220580968311414e-01
2.270000000000000000e+02,2.000000000000000000e+00,4.669062676279163437e-02,4.936480045371690606e-01,4.290140727888689942e-01,3.064729591117027960e-02
2.270000000000000000e+02,3.000000000000000000e+00,1.898267328983095914e-01,3.719701234333901430e-01,2.429615165621799577e-01,1.952416271061204744e-01
2.280000000000000000e+02,0.000000000000000000e+00,1.542550512161118270e-01,4.001091135703960244e-01,3.459363815533560982e-01,9.969945366013586996e-02
2.280000000000000000e+02,1.000000000000000000e+00,3.216859974075484407e-01,2.201256428202284232e-01,2.036104845193618951e-01,2.545778752528612965e-01
2.280000000000000000e+02,2.000000000000000000e+00,5.621813022522501729e-02,5.213914754409182395e-01,3.974824207489666694e-01,2.490797358488989685e-02
2.280000000000000000e+02,3.000000000000000000e+00,2.359351760331258596e-01,3.593412762599603738e-01,1.824316817231858290e-01,2.222918659837279931e-01
2.290000000000000000e+02,0.000000000000000000e+00,1.288742238462876055e-01,3.787952557645564156e-01,3.711263108772779318e-01,1.212042095118778390e-01
2.290000000000000000e+02,1.000000000000000000e+00,2.921303449026925736e-01,2.137595360620971330e-01,2.114293842173946281e-01,2.826807348178154711e-01
2.290000000000000000e+02,2.000000000000000000e+00,4.020370077477296300e-02,4.707861574433711560e-01,4.531560767248720700e-01,3.585406505698382484e-02
2.290000000000000000e+02,3.000000000000000000e+00,1.697630773415945427e-01,3.692015687968315807e-01,2.676471243268074840e-01,1.933882295347664759e-01
2.300000000000000000e+02,0.000000000000000000e+00,1.479240312950395042e-01,3.953279503623972624e-01,3.521721858837570940e-01,1.045758324588058896e-01
2.300000000000000000e+02,1.000000000000000000e+00,3.145358472451896259e-01,2.187108733305196395e-01,2.055708922532379357e-01,2.611823871710526324e-01
2.300000000000000000e+02,2.000000000000000000e+00,5.199396705906118854e-02,5.098387612302295313e-01,4.109407568285515788e-01,2.722651488215778112e-02
2.300000000000000000e+02,3.000000000000000000e+00,1.952629737038283353e-01,3.782716620297794652e-01,2.442679353226270278e-01,1.821974289437653105e-01
2.310000000000000000e+02,0.000000000000000000e+00,1.434591094617181373e-01,3.917517483608442541e-01,3.565927436736048839e-01,1.081963985038326970e-01
2.310000000000000000e+02,1.000000000000000000e+00,3.094091730813153251e-01,2.176477966896990246e-01,2.069504546700960679e-01,2.659925755588896656e-01
2.310000000000000000e+02,2.000000000000000000e+00,4.910582816080707319e-02,5.012723744196218023e-01,4.206113354218810607e-01,2.901046199769006725e-02
2.310000000000000000e+02,3.000000000000000000e+00,2.021422573340119211e-01,3.694713870443086523e-01,2.251040226897948748e-01,2.032823329318846073e-01
2.320000000000000000e+02,0.000000000000000000e+00,1.275480925136525390e-01,3.775137744241912618e-01,3.724520612091067329e-01,1.224860718530494663e-01
2.320000000000000000e+02,1.000000000000000000e+00,2.905155647171960842e-01,2.133716985079804340e-01,2.118337934356351870e-01,2.842789433391882392e-01
2.320000000000000000e+02,2.000000000000000000e+00,3.943515634079484966e-02,4.678184743509535837e-01,4.561814699123441508e-01,3.656489939590742977e-02
2.320000000000000000e+02,3.000000000000000000e+00,1.822951365530128820e-01,3.618855850944123209e-01,2.394673077505838632e-01,2.163519706019910727e-01
2.330000000000000000e+02,0.000000000000000000e+00,1.530264041571103295e-01,3.992070674840133560e-01,3.471433216748793793e-01,1.006232066839971295e-01
2.330000000000000000e+02,1.000000000000000000e+00,3.203089500034492221e-01,2.198592804545593526e-01,2.039912554217422624e-01,2.558405141202491628e-01
2.330000000000000000e+02,2.000000000000000000e+00,5.538660067589398078e-02,5.192032034021739628e-01,4.000704603188278141e-01,2.533973560310410697e-02
2.330000000000000000e+02,3.000000000000000000e+00,2.165291154078044789e-01,3.713689092266888592e-01,2.123115044374454252e-01,1.997904709280612090e-01
2.340000000000000000e+02,0.000000000000000000e+00,1.493746330287580859e-01,3.964529168014475635e-01,3.507398635976691770e-01,1.034325865721249932e-01
2.340000000000000000e+02,1.000000000000000000e+00,3.161862207428031701e-01,2.190444169764886873e-01,2.051221013481325239e-01,2.596472609325755077e-01
2.340000000000000000e+02,2.000000000000000000e+00,5.294852681719611209e-02,5.125467921608618527e-01,4.078304315484677645e-01,2.667424947347447894e-02
2.340000000000000000e+02,3.000000000000000000e+00,2.107792545391779515e-01,3.709249271621064548e-01,2.175819783450917699e-01,2.007138399536236573e-01
2.350000000000000000e+02,0.000000000000000000e+00,1.469647301239018766e-01,3.945741599843159420e-01,3.531204790792812909e-01,1.053406308125006408e-01
2.350000000000000000e+02,1.000000000000000000e+00,3.134403840156297916e-01,2.184871494509958711e-01,2.058675359155834328e-01,2.622049306177909322e-01
2.350000000000000000e+02,2.000000000000000000e+00,5.136706964224485583e-02,5.080277776771481291e-01,4.130062250988800754e-01,2.759892758172692584e-02
2.350000000000000000e+02,3.000000000000000000e+00,2.109491085247175712e-01,3.681024552851004383e-01,2.141107532752659914e-01,2.068376829149161655e-01
2.360000000000000000e+02,0.000000000000000000e+00,1.396051249469976441e-01,3.885228136131375076e-01,3.604212876740217064e-01,1.114507737658431835e-01
2.360000000000000000e+02,1.000000000000000000e+00,3.049250425442661672e-01,2.166842676800987688e-01,2.081386282800593845e-01,2.702520614955756795e-01
2.360000000000000000e+02,2.000000000000000000e+00,4.667389617910958771e-02,4.935936365355758082e-01,4.290733281414539357e-01,3.065913914386084529e-02
2.360000000000000000e+02,3.000000000000000000e+00,1.983838674004900215e-01,3.672536649377433626e-01,2.266233576643324754e-01,2.077391099974340294e-01
2.370000000000000000e+02,0.000000000000000000e+00,1.500075345911874858e-01,3.969381832690155876e-01,3.501155720084361822e-01,1.029387101313607444e-01
2.370000000000000000e+02,1.000000000000000000e+00,3.169039966769246486e-01,2.191881677690582786e-01,2.049262138370109843e-01,2.589816217170060608e-01
2.370000000000000000e+02,2.000000000000000000e+00,5.336748893924706666e-02,5.137168820260631374e-01,4.064783114431700928e-01,2.643731759151969271e-02
2.370000000000000000e+02,3.000000000000000000e+00,2.137027760110438990e-01,3.698001733097405208e-01,2.133058676674169929e-01,2.031911830117984763e-01
2.380000000000000000e+02,0.000000000000000000e+00,1.506837077809599357e-01,3.974529261394871282e-01,3.494490342788543757e-01,1.024143318006985603e-01
2.380000000000000000e+02,1.000000000000000000e+00,3.176693314008354196e-01,2.193405681223915271e-01,2.047168823462608978e-01,2.582732181305122388e-01
2.380000000000000000e+02,2.000000000000000000e+00,5.381676086888692589e-02,5.149593278931738904e-01,4.050370715178801539e-01,2.618683972005899155e-02
2.380000000000000000e+02,3.000000000000000000e+00,2.117485637935142551e-01,3.717846157519829053e-01,2.175910870161997246e-01,1.988757334383030317e-01
2.390000000000000000e+02,0.000000000000000000e+00,1.475839858709780128e-01,3.950616535052915435e-01,3.525082326271248290e-01,1.048461279966054205e-01
2.390000000000000000e+02,1.000000000000000000e+00,3.141479085764318779e-01,2.186318582890575957e-01,2.056760577391710532e-01,2.615441753953395287e-01
2.390000000000000000e+02,2.000000000000000000e+00,5.177135145281776957e-02,5.091986563995863913e-01,4.116721301303385983e-01,2.735786201725706746e-02
2.390000000000000000e+02,3.000000000000000000e+00,1.796926913896889633e-01,3.853923053008738719e-01,2.755208124798274594e-01,1.593941908296096222e-01
2.400000000000000000e+02,0.000000000000000000e+00,1.466043880282577871e-01,3.942889737754388668e-01,3.534769023214668349e-01,1.056297358748364973e-01
2.400000000000000000e+02,1.000000000000000000e+00,3.130280545829450811e-01,2.184024581234707274e-01,2.059789319466884261e-01,2.625905553468957931e-01
2.400000000000000000e+02,2.000000000000000000e+00,5.113248766760891684e-02,5.073433616260241141e-01,4.137838276878425536e-01,2.774032301852451254e-02
2.400000000000000000e+02,3.000000000000000000e+00,1.913379522587281001e-01,3.788839129779527082e-01,2.500863312250284909e-01,1.796918035382907841e-01
2.410000000000000000e+02,0.000000000000000000e+00,1.384275567432070586e-01,3.875091840088946138e-01,3.615931471645805195e-01,1.124701120833175999e-01
2.410000000000000000e+02,1.000000000000000000e+00,3.035436547946939734e-01,2.163810611686364516e-01,2.085011014955270858e-01,2.715741825411424615e-01
2.410000000000000000e+02,2.000000000000000000e+00,4.594217016350787136e-02,4.911941401989528000e-01,4.316793945615768902e-01,3.118429507596250094e-02
2.410000000000000000e+02,3.000000000000000000e+00,1.727118611646384361e-01,3.785759639276937705e-01,2.766066740626886844e-01,1.721055008449791646e-01
2.420000000000000000e+02,0.000000000000000000e+00,1.592751481268069591e-01,4.036697178110590367e-01,3.410225281932200980e-01,9.603260586891410044e-02
2.420000000000000000e+02,1.000000000000000000e+00,3.272615912006985872e-01,2.211745696800840599e-01,2.020534937062080094e-01,2.495103454130093990e-01
2.420000000000000000e+02,2.000000000000000000e+00,5.967404684616049726e-02,5.300679110894188639e-01,3.870294454565808007e-01,2.322859660783986938e-02
2.420000000000000000e+02,3.000000000000000000e+00,2.090576467229045832e-01,3.827284104905841478e-01,2.335576470458764764e-01,1.746562957406347649e-01
2.430000000000000000e+02,0.000000000000000000e+00,1.394658238916487991e-01,3.884035742588779483e-01,3.605598664187746882e-01,1.115707354306983562e-01
2.430000000000000000e+02,1.000000000000000000e+00,3.047619092384741268e-01,2.166486178612742619e-01,2.081815222338642690e-01,2.704079506663872867e-01
2.430000000000000000e+02,2.000000000000000000e+00,4.658705879313996406e-02,4.933110950910424841e-01,4.293811200136101180e-01,3.072072610220734010e-02
2.430000000000000000e+02,3.000000000000000000e+00,1.959205828449184505e-01,3.684907573228962119e-01,2.310212234309296786e-01,2.045674364012556590e-01
2.440000000000000000e+02,0.000000000000000000e+00,1.393337327986817475e-01,3.882903412959016198e-01,3.606912844322461842e-01,1.116846414731706566e-01
2.440000000000000000e+02,1.000000000000000000e+00,3.046071506049610744e-01,2.166147593419965878e-01,2.082221924035699279e-01,2.705558976494725210e-01
2.440000000000000000e+02,2.000000000000000000e+00,4.650478470070052578e-02,4.930428536681364382e-01,4.296731040041000260e-01,3.077925762706291285e-02
2.440000000000000000e+02,3.000000000000000000e+00,1.895504696856092908e-01,3.717784272331579598e-01,2.430649018969505137e-01,1.956062011842823190e-01
2.450000000000000000e+02,0.000000000000000000e+00,1.547319932196175030e-01,4.004559892522138731e-01,3.454683072563982105e-01,9.934371027177020530e-02
2.450000000000000000e+02,1.000000000000000000e+00,3.222192058303987583e-01,2.202280023615452165e-01,2.034626402572222437e-01,2.540901515508336983e-01
2.450000000000000000e+02,2.000000000000000000e+00,5.654243603637658377e-02,5.222340238303886384e-01,3.964809096173426695e-01,2.474263051589237553e-02
2.450000000000000000e+02,3.000000000000000000e+00,2.194494135926748080e-01,3.713701920850013827e-01,2.094876404716512208e-01,1.996927538506723387e-01
2.460000000000000000e+02,0.000000000000000000e+00,1.470494905839486166e-01,3.946410798269462394e-01,3.530366574058669826e-01,1.052727721832380087e-01
2.460000000000000000e+02,1.000000000000000000e+00,3.135373063849547504e-01,2.185070187272854791e-01,2.058413304336647043e-01,2.621143444540950385e-01
2.460000000000000000e+02,2.000000000000000000e+00,5.142231992758518333e-02,5.081884373452754122e-01,4.128234543229828968e-01,2.756578840415658399e-02
2.460000000000000000e+02,3.000000000000000000e+00,2.025442015137089713e-01,3.732681819333628637e-01,2.292983204037527256e-01,1.948892961491753006e-01
2.470000000000000000e+02,0.000000000000000000e+00,1.318404792748840426e-01,3.815968038285122432e-01,3.681623971965145570e-01,1.184003197000891155e-01
2.470000000000000000e+02,1.000000000000000000e+00,2.957146590892059668e-01,2.146053261279881608e-01,2.105228101503705262e-01,2.791572046324352074e-01
2.470000000000000000e+02,2.000000000000000000e+00,4.194758912910333259e-02,4.773041391652444454e-01,4.464263969207320493e-01,3.432187478491995070e-02
2.470000000000000000e+02,3.000000000000000000e+00,1.773787283733198328e-01,3.692553710266975875e-01,2.562305155048361649e-01,1.971353850951462205e-01
2.480000000000000000e+02,0.000000000000000000e+00,1.348006615369621852e-01,3.843054543888111962e-01,3.652076099851435109e-01,1.156862740890829133e-01
2.480000000000000000e+02,1.000000000000000000e+00,2.992547135307843109e-01,2.154203805739553224e-01,2.096155987161376633e-01,2.757093071791225647e-01
2.480000000000000000e+02,2.000000000000000000e+00,4.372198108846014897e-02,4.836450488235659595e-01,4.397644624185508277e-01,3.286850766942310542e-02
2.480000000000000000e+02,3.000000000000000000e+00,1.937023009883024061e-01,3.643403736151166750e-01,2.284328531785125294e-01,2.135244722180684451e-01
2.490000000000000000e+02,0.000000000000000000e+00,1.693588125041490255e-01,4.102416138101878662e-01,3.312457915300673350e-01,8.915378215559595365e-02
2.490000000000000000e+02,1.000000000000000000e+00,3.382272636452131609e-01,2.231005932666017544e-01,1.989224768797400456e-01,2.397496662084450947e-01
2.490000000000000000e+02,2.000000000000000000e+00,6.689615706309559595e-02,5.462410036867053620e-01,3.666349780751383958e-01,2.022786117506061507e-02
2.490000000000000000e+02,3.000000000000000000e+00,2.475293637418490011e-01,3.676153882632549608e-01,1.819865889108329138e-01,2.028686590840630966e-01
2.500000000000000000e+02,0.000000000000000000e+00,1.600781208578073989e-01,4.042209733862568433e-01,3.402392832735950390e-01,9.546162248234091319e-02
2.500000000000000000e+02,1.000000000000000000e+00,3.281460185763677706e-01,2.213366182849048347e-01,2.018043024618304260e-01,2.487130606768969410e-01
2.500000000000000000e+02,2.000000000000000000e+00,6.023548907934989788e-02,5.314166817854969471e-01,3.853757618383096828e-01,2.297206729684351731e-02
2.500000000000000000e+02,3.000000000000000000e+00,2.438946668729169986e-01,3.600355043265997534e-01,1.771605833475800307e-01,2.189092454529031895e-01
2.510000000000000000e+02,0.000000000000000000e+00,1.381633289748615268e-01,3.872799732917517890e-01,3.618562147320329436e-01,1.127004830013535047e-01
2.510000000000000000e+02,1.000000000000000000e+00,3.032329529617887598e-01,2.163124482216970401e-01,2.085823951212710525e-01,2.718722036952432863e-01
2.510000000000000000e+02,2.000000000000000000e+00,4.577871373455499188e-02,4.906522785348088611e-01,4.322654499334245282e-01,3.130355779721159110e-02
2.510000000000000000e+02,3.000000000000000000e+00,1.876757496011697557e-01,3.714257579314914626e-01,2.450273835736296313e-01,1.958711088937093447e-01
2.520000000000000000e+02,0.000000000000000000e+00,1.683440242970513645e-01,4.096139661361799522e-01,3.322236552092657225e-01,8.981835435750312735e-02
2.520000000000000000e+02,1.000000000000000000e+00,3.371372002495021114e-01,2.229171918454276868e-01,1.992376777093670115e-01,2.407079301957031625e-01
2.520000000000000000e+02,2.000000000000000000e+00,6.615257548235091434e-02,5.446877043280512476e-01,3.686505252551278145e-01,2.050919493446988484e-02
2.520000000000000000e+02,3.000000000000000000e+00,2.537644761474586175e-01,3.616803579676050595e-01,1.718295159951934714e-01,2.127256498897428794e-01
2.530000000000000000e+02,0.000000000000000000e+00,1.411503695015337845e-01,3.898335892499804056e-01,3.588849438703761163e-01,1.101310973781098740e-01
2.530000000000000000e+02,1.000000000000000000e+00,3.067296666044762588e-01,2.170758364716108280e-01,2.076625600962923035e-01,2.685319368276204988e-01
2.530000000000000000e+02,2.000000000000000000e+00,4.764215527146860307e-02,4.967043689887046254e-01,4.256680270656560405e-01,2.998544867417090795e-02
2.530000000000000000e+02,3.000000000000000000e+00,2.000453203443466610e-01,3.680656244324270188e-01,2.257360209770434556e-01,2.061530342461826704e-01
2.540000000000000000e+02,0.000000000000000000e+00,1.219613834001227887e-01,3.719116000196325822e-01,3.780383439769562925e-01,1.280886726032883227e-01
2.540000000000000000e+02,1.000000000000000000e+00,2.836257123346488940e-01,2.116690111228570481e-01,2.135305319779386701e-01,2.911747445645552212e-01
2.540000000000000000e+02,2.000000000000000000e+00,3.627315835269502575e-02,4.549469911674018929e-01,4.690322368496500638e-01,3.974761363025300365e-02
2.540000000000000000e+02,3.000000000000000000e+00,1.636926633157877453e-01,3.636729475009249923e-01,2.693218092673767550e-01,2.033125799159105074e-01
2.550000000000000000e+02,0.000000000000000000e+00,1.501038734118719520e-01,3.970117551366592057e-01,3.500205782702658919e-01,1.028637931812031447e-01
2.550000000000000000e+02,1.000000000000000000e+00,3.170131344192951284e-01,2.192099554494553459e-01,2.048963921621216044e-01,2.588805179691279212e-01
2.550000000000000000e+02,2.000000000000000000e+00,5.343139460311906175e-02,5.138943832569408121e-01,4.062727584180124141e-01,2.640146372192760799e-02
2.550000000000000000e+02,3.000000000000000000e+00,2.173858409343144560e-01,3.675341313279385513e-01,2.071299233203796053e-01,2.079501044173675817e-01
2.560000000000000000e+02,0.000000000000000000e+00,1.442320391803259549e-01,3.923832946642346053e-01,3.558262801306011913e-01,1.075583860248384982e-01
2.560000000000000000e+02,1.000000000000000000e+00,3.103018184037715232e-01,2.178358416600513214e-01,2.067118507603086797e-01,2.651504891758682536e-01
2.560000000000000000e+02,2.000000000000000000e+00,4.960038208269637594e-02,5.027804702428320116e-01,4.189269002434533595e-01,2.869224743101822517e-02
2.560000000000000000e+02,3.000000000000000000e+00,1.998197644352422697e-01,3.716857547240367543e-01,2.304581842462480046e-01,1.980362965944731657e-01
2.570000000000000000e+02,0.000000000000000000e+00,1.365362191679973525e-01,3.858540726798043163e-01,3.634770961894053798e-01,1.141326119627929375e-01
2.570000000000000000e+02,1.000000000000000000e+00,3.013136102257604199e-01,2.158852027872765755e-01,2.090826629330921060e-01,2.737185240538709818e-01
2.570000000000000000e+02,2.000000000000000000e+00,4.477807057003685420e-02,4.872874937662878270e-01,4.358846997732976347e-01,3.204973589037751758e-02
2.570000000000000000e+02,3.000000000000000000e+00,1.783731748656324223e-01,3.740830803605633692e-01,2.615082137349825642e-01,1.860355310388218109e-01
2.580000000000000000e+02,0.000000000000000000e+00,1.432115104600337752e-01,3.915483201610028829e-01,3.568383726709072890e-01,1.084017967080558031e-01
2.580000000000000000e+02,1.000000000000000000e+00,3.091227611743130876e-01,2.175871970606490513e-01,2.070268676812062614e-01,2.662631740838317662e-01
2.580000000000000000e+02,2.000000000000000000e+00,4.894788456637125251e-02,5.007870311901175819e-01,4.211518283299612309e-01,2.911325591354980979e-02
2.580000000000000000e+02,3.000000000000000000e+00,1.924337527847952423e-01,3.745991949710979485e-01,2.430698960764331173e-01,1.898971561676736641e-01
2.590000000000000000e+02,0.000000000000000000e+00,1.450048918895979755e-01,3.930095132894573240e-01,3.550603834193728492e-01,1.069252114015716987e-01
2.590000000000000000e+02,1.000000000000000000e+00,3.111921902892540448e-01,2.180221682850067844e-01,2.064731766514829869e-01,2.643124647742560729e-01
2.590000000000000000e+02,2.000000000000000000e+00,5.009715825754124802e-02,5.042778409965790187e-01,4.172469289282917937e-01,2.837807181758795691e-02
2.590000000000000000e+02,3.000000000000000000e+00,2.145640094095171424e-01,3.635414097996289007e-01,2.053192378392725004e-01,2.165753429515814843e-01
2.600000000000000000e+02,0.000000000000000000e+00,1.492414324850497298e-01,3.963503590189384473e-01,3.508713017974600112e-01,1.035369066985519920e-01
2.600000000000000000e+02,1.000000000000000000e+00,3.160349815749290969e-01,2.190140264925648506e-01,2.051633218787058954e-01,2.597876700538001016e-01
2.600000000000000000e+02,2.000000000000000000e+00,5.286054413184877732e-02,5.122996518812678035e-01,4.081153810950151062e-01,2.672442289186858361e-02
2.600000000000000000e+02,3.000000000000000000e+00,2.212917997621130228e-01,3.639487481358267273e-01,1.995234217324930726e-01,2.152360303695670662e-01
2.610000000000000000e+02,0.000000000000000000e+00,1.297462462836087016e-01,3.796280867448693086e-01,3.702547302230428383e-01,1.203709367484789433e-01
2.610000000000000000e+02,1.000000000000000000e+00,2.931879876491464421e-01,2.140112674532522186e-01,2.111631468554140412e-01,2.816375980421872982e-01
2.610000000000000000e+02,2.000000000000000000e+00,4.071281372285772554e-02,4.727194854826821113e-01,4.511722303969152303e-01,3.539547039754485647e-02
2.610000000000000000e+02,3.000000000000000000e+00,1.661912277783106628e-01,3.716036568415112540e-01,2.769686455456534246e-01,1.852364698345246585e-01
2.620000000000000000e+02,0.000000000000000000e+00,1.363876764528847430e-01,3.857226542855159979e-01,3.636251453663180144e-01,1.142645238952812170e-01
2.620000000000000000e+02,1.000000000000000000e+00,3.011378658722257962e-01,2.158457897641818390e-01,2.091283039608430039e-01,2.738880404027492221e-01
2.620000000000000000e+02,2.000000000000000000e+00,4.468722733979588885e-02,4.869779068682305589e-01,4.362159875357718986e-01,3.211887825620134140e-02
2.620000000000000000e+02,3.000000000000000000e+00,1.851699580235982856e-01,3.706850016663084668e-01,2.473536058925925596e-01,1.967914344175007435e-01
2.630000000000000000e+02,0.000000000000000000e+00,1.364841670112503513e-01,3.858080450347058932e-01,3.635289740267875214e-01,1.141788139272564145e-01
2.630000000000000000e+02,1.000000000000000000e+00,3.012520360535578257e-01,2.158713995446673861e-01,2.090986570038733117e-01,2.737779073979013655e-01
2.630000000000000000e+02,2.000000000000000000e+00,4.474622771397382404e-02,4.871790546528776966e-01,4.360007726411386231e-01,3.207394499200974525e-02
2.630000000000000000e+02,3.000000000000000000e+00,1.842118171453937803e-01,3.712689660729117103e-01,2.494241815479453506e-01,1.950950352337492144e-01
2.640000000000000000e+02,0.000000000000000000e+00,1.483199101562989453e-01,3.956367304510174376e-01,3.517810978468140504e-01,1.042622615458693586e-01
2.640000000000000000e+02,1.000000000000000000e+00,3.149869720035539666e-01,2.188024649366181462e-01,2.054484404623095617e-01,2.607621225975182977e-01
2.640000000000000000e+02,2.000000000000000000e+00,5.225368505738671454e-02,5.105814293082621136e-01,4.100903753894589721e-01,2.707451024489199859e-02
2.640000000000000000e+02,3.000000000000000000e+00,2.047719076090980250e-01,3.733796481960147129e-01,2.269392699984230100e-01,1.949091741964643354e-01
2.650000000000000000e+02,0.000000000000000000e+00,1.691086161794756737e-01,4.100875498902756267e-01,3.314867536505411993e-01,8.931708027970723662e-02
2.650000000000000000e+02,1.000000000000000000e+00,3.379587800238604833e-01,2.230555855270493215e-01,1.990001904149110434e-01,2.399854440341791517e-01
2.650000000000000000e+02,2.000000000000000000e+00,6.671248074499210035e-02,5.458595602091157462e-01,3.671311393468204565e-01,2.029681969907186703e-02
2.650000000000000000e+02,3.000000000000000000e+00,2.313885440427170259e-01,3.789663480264340856e-01,2.068893737885012796e-01,1.827557341423477755e-01
2.660000000000000000e+02,0.000000000000000000e+00,1.424989589591868500e-01,3.909598372991749393e-01,3.575455228992819312e-01,1.089956808423560436e-01
2.660000000000000000e+02,1.000000000000000000e+00,3.082972434743740942e-01,2.174118137696227082e-01,2.072467155837055541e-01,2.670442271722976990e-01
2.660000000000000000e+02,2.000000000000000000e+00,4.849465094362936241e-02,4.993842020448793217e-01,4.227097174220824649e-01,2.941142958940871910e-02
2.660000000000000000e+02,3.000000000000000000e+00,2.018076091615869927e-01,3.685764587724802421e-01,2.243863293454709251e-01,2.052296027204616735e-01
2.670000000000000000e+02,0.000000000000000000e+00,1.581946578241908152e-01,4.029200781018283384e-01,3.420776899601010723e-01,9.680757411387984346e-02
2.670000000000000000e+02,1.000000000000000000e+00,3.260683183918465788e-01,2.209540557013666140e-01,2.023887515663646830e-01,2.505888743404222629e-01
2.670000000000000000e+02,2.000000000000000000e+00,5.892232334084354650e-02,5.282360925563642784e-01,3.892626645306010436e-01,2.357891957219118359e-02
2.670000000000000000e+02,3.000000000000000000e+00,2.321306135118769154e-01,3.665743058909399776e-01,1.929613673188192713e-01,2.083337132783637802e-01
2.680000000000000000e+02,0.000000000000000000e+00,1.559293257945426892e-01,4.013187709987035001e-01,3.442943464616425309e-01,9.845755674511129374e-02
2.680000000000000000e+02,1.000000000000000000e+00,3.235545278070177111e-01,2.204824383128231868e-01,2.030914051810646104e-01,2.528716286990944639e-01
2.680000000000000000e+02,2.000000000000000000e+00,5.736032078248786553e-02,5.243322412607791527e-01,3.939744209815791987e-01,2.433301697515389064e-02
2.680000000000000000e+02,3.000000000000000000e+00,2.175393547921603554e-01,3.739272845275501966e-01,2.142472324110959447e-01,1.942861282691933922e-01
2.690000000000000000e+02,0.000000000000000000e+00,1.535765118452470934e-01,3.996124569606811505e-01,3.466027320615832630e-01,1.002082991324883404e-01
2.690000000000000000e+02,1.000000000000000000e+00,3.209261195766340280e-01,2.199790185483756766e-01,2.038207874627451788e-01,2.552740744122450334e-01
2.690000000000000000e+02,2.000000000000000000e+00,5.575820773478173953e-02,5.201861421763618321e-01,3.989102739868998770e-01,2.514537610195643688e-02
2.690000000000000000e+02,3.000000000000000000e+00,2.214637253696109809e-01,3.687508350954797898e-01,2.046643352188944887e-01,2.051211043160147129e-01
2.700000000000000000e+02,0.000000000000000000e+00,1.426190085554865927e-01,3.910593017265159843e-01,3.574263557519475887e-01,1.088953339660500147e-01
2.700000000000000000e+02,1.000000000000000000e+00,3.084364580488281327e-01,2.174414650903309099e-01,2.072096818652116590e-01,2.669123949956290209e-01
2.700000000000000000e+02,2.000000000000000000e+00,4.857087546103604908e-02,4.996211821256655861e-01,4.224469942176506954e-01,2.936094819564753766e-02
2.700000000000000000e+02,3.000000000000000000e+00,1.895242601115089687e-01,3.754516390743198317e-01,2.479259263882724607e-01,1.870981744258988499e-01
2.710000000000000000e+02,0.000000000000000000e+00,1.466374040659138844e-01,3.943151502637374239e-01,3.534442405013825672e-01,1.056032051689658469e-01
2.710000000000000000e+02,1.000000000000000000e+00,3.130658530646566184e-01,2.184102328187970399e-01,2.059687261423569782e-01,2.625551879741895300e-01
2.710000000000000000e+02,2.000000000000000000e+00,5.115396059115291660e-02,5.074061653207744271e-01,4.137125408247435687e-01,2.772733326332901468e-02
2.710000000000000000e+02,3.000000000000000000e+00,2.132617143399617998e-01,3.662623812893016084e-01,2.096768476281110072e-01,2.107990567426256123e-01
2.720000000000000000e+02,0.000000000000000000e+00,1.427732034463888855e-01,3.911868673305420319e-01,3.572733105792376684e-01,1.087666186438313864e-01
2.720000000000000000e+02,1.000000000000000000e+00,3.086151899219449213e-01,2.174794886762158042e-01,2.071621112418799704e-01,2.667432101599593874e-01
2.720000000000000000e+02,2.000000000000000000e+00,4.866886089690797973e-02,4.999251887708106024e-01,4.221096953833743948e-01,2.929625494890681150e-02
2.720000000000000000e+02,3.000000000000000000e+00,2.040152813268256704e-01,3.675803475065584913e-01,2.207601165858945336e-01,2.076442545807213880e-01
2.730000000000000000e+02,0.000000000000000000e+00,1.469067699490354262e-01,3.945283638780485713e-01,3.531778010373259891e-01,1.053870651355900134e-01
2.730000000000000000e+02,1.000000000000000000e+00,3.133740927993475811e-01,2.184735512251053946e-01,2.058854549406222145e-01,2.622669010349248375e-01
2.730000000000000000e+02,2.000000000000000000e+00,5.132930451942324668e-02,5.079178444007200754e-01,4.131312362543016481e-01,2.762161482555505407e-02
2.730000000000000000e+02,3.000000000000000000e+00,1.911513523795171365e-01,3.793060776726783767e-01,2.508886261566216080e-01,1.786539437911830452e-01
2.740000000000000000e+02,0.000000000000000000e+00,1.454608969415132069e-01,3.933765457506076535e-01,3.546087184491461541e-01,1.065538388587329854e-01
2.740000000000000000e+02,1.000000000000000000e+00,3.117165194520550853e-01,2.181313155173235929e-01,2.063323091843733970e-01,2.638198558462480636e-01
2.740000000000000000e+02,2.000000000000000000e+00,5.039133450429821720e-02,5.051563861963748181e-01,4.162577248912718297e-01,2.819455440805510027e-02
2.740000000000000000e+02,3.000000000000000000e+00,2.041436064405597883e-01,3.705541028871237597e-01,2.242054756789743086e-01,2.010968149933421711e-01
2.750000000000000000e+02,0.000000000000000000e+00,1.414079365563745971e-01,3.900499594769049616e-01,3.586290241620267438e-01,1.099130798046934893e-01
2.750000000000000000e+02,1.000000000000000000e+00,3.070295864471246916e-01,2.171404165621998172e-01,2.075831632258060278e-01,2.682468337648694634e-01
2.750000000000000000e+02,2.000000000000000000e+00,4.780443667047244022e-02,4.972187049246963864e-01,4.251020329646735818e-01,2.987482544015783448e-02
2.750000000000000000e+02,3.000000000000000000e+00,1.869250745428497618e-01,3.754219668520902276e-01,2.513335954522306070e-01,1.863193631528292094e-01
2.760000000000000000e+02,0.000000000000000000e+00,1.406733655091595425e-01,3.894312898021836666e-01,3.593590227689966166e-01,1.105363219196604102e-01
2.760000000000000000e+02,1.000000000000000000e+00,3.061735631493408549e-01,2.169557194361871610e-01,2.078095676059400765e-01,2.690611498085320186e-01
2.760000000000000000e+02,2.000000000000000000e+00,4.734228652922575775e-02,4.957486955383880178e-01,4.267174482393763513e-01,3.019156969300987314e-02
2.760000000000000000e+02,3.000000000000000000e+00,1.972858859473744231e-01,3.691007166877351420e-01,2.301826076832484413e-01,2.034307896816418826e-01
2.770000000000000000e+02,0.000000000000000000e+00,1.399422009811567558e-01,3.888106064027197495e-01,3.600860131095746652e-01,1.111611795065490654e-01
2.770000000000000000e+02,1.000000000000000000e+00,3.053194769984878265e-01,2.167702906491660308e-01,2.080348193085417019e-01,2.698754130438044130e-01
2.770000000000000000e+02,2.000000000000000000e+00,4.688433013231618068e-02,4.942758714231418882e-01,4.283290955735959415e-01,3.051070287094599653e-02
2.770000000000000000e+02,3.000000000000000000e+00,1.947443452869676572e-01,3.696866239061281090e-01,2.339275451853250753e-01,2.016414856215792972e-01
2.780000000000000000e+02,0.000000000000000000e+00,1.503294239936515120e-01,3.971836999687987091e-01,3.497982127738495373e-01,1.026886632637000751e-01
2.780000000000000000e+02,1.000000000000000000e+00,3.172685263680201651e-01,2.192608687834934622e-01,2.048265687262806334e-01,2.586440361222057671e-01
2.780000000000000000e+02,2.000000000000000000e+00,5.358114854245299430e-02,5.143093265657731061e-01,4.057917859718629949e-01,2.631773891991099484e-02
2.780000000000000000e+02,3.000000000000000000e+00,2.126840797614403533e-01,3.708042956754671327e-01,2.154930540571460551e-01,2.010185705059462924e-01
2.790000000000000000e+02,0.000000000000000000e+00,1.437447573269767798e-01,3.919857616344396556e-01,3.563094292536341801e-01,1.079600517849491764e-01
2.790000000000000000e+02,1.000000000000000000e+00,3.097393181478175217e-01,2.177174902832693382e-01,2.068622865044312809e-01,2.656809050644819425e-01
2.790000000000000000e+02,2.000000000000000000e+00,4.928833319065716728e-02,5.018309483491661949e-01,4.199883282313524036e-01,2.889239022882411981e-02
2.790000000000000000e+02,3.000000000000000000e+00,2.142163037717461915e-01,3.623050916831378476e-01,2.042561298219293664e-01,2.192224747231864002e-01
2.800000000000000000e+02,0.000000000000000000e+00,1.400223367983279288e-01,3.888788721993962083e-01,3.600063168513940037e-01,1.110924741508816510e-01
2.800000000000000000e+02,1.000000000000000000e+00,3.054131847482249307e-01,2.167906914792264161e-01,2.080101367190851924e-01,2.697859870534635163e-01
2.800000000000000000e+02,2.000000000000000000e+00,4.693442237163794606e-02,4.944377631428972242e-01,4.281522782384721837e-01,3.047553624699260444e-02
2.800000000000000000e+02,3.000000000000000000e+00,1.961765554550242707e-01,3.689826316491491287e-01,2.313361419817996367e-01,2.035046709140270471e-01
2.810000000000000000e+02,0.000000000000000000e+00,1.434037387382641193e-01,3.917063028696443072e-01,3.566476696209619490e-01,1.082422887711296522e-01
2.810000000000000000e+02,1.000000000000000000e+00,3.093451422225670377e-01,2.176342600456210030e-01,2.069675438457601879e-01,2.660530538860517713e-01
2.810000000000000000e+02,2.000000000000000000e+00,4.907048686067539550e-02,5.011639313613639457e-01,4.207321682314038580e-01,2.903341354655663425e-02
2.810000000000000000e+02,3.000000000000000000e+00,2.050727136970858788e-01,3.676651215881892032e-01,2.197231073074071284e-01,2.075390574073179006e-01
2.820000000000000000e+02,0.000000000000000000e+00,1.394129494285085702e-01,3.883582677920865978e-01,3.606124700771600744e-01,1.116163127022445634e-01
2.820000000000000000e+02,1.000000000000000000e+00,3.046999692601305432e-01,2.166350710012989733e-01,2.081978024450167886e-01,2.704671572935536394e-01
2.820000000000000000e+02,2.000000000000000000e+00,4.655411743885540937e-02,4.932037591487293260e-01,4.294979833167047456e-01,3.074414009571070985e-02
2.820000000000000000e+02,3.000000000000000000e+00,1.819908626202198232e-01,3.756007444424292463e-01,2.583937772013414902e-01,1.840146157360094958e-01
2.830000000000000000e+02,0.000000000000000000e+00,1.410920284921929058e-01,3.897844961127045482e-01,3.589429183998676387e-01,1.101805569952346991e-01
2.830000000000000000e+02,1.000000000000000000e+00,3.066616973652362965e-01,2.170611813724468708e-01,2.076805424687539203e-01,2.685965787935628568e-01
2.830000000000000000e+02,2.000000000000000000e+00,4.760543246754186247e-02,4.965877025268160549e-01,4.257962936564640422e-01,3.001057134917835614e-02
2.830000000000000000e+02,3.000000000000000000e+00,1.996792004260800890e-01,3.682109370458068187e-01,2.263285207320022419e-01,2.057813417961109892e-01
2.840000000000000000e+02,0.000000000000000000e+00,1.442607879132667970e-01,3.924066829122936362e-01,3.557977812765213410e-01,1.075347478979180593e-01
2.840000000000000000e+02,1.000000000000000000e+00,3.103349777164906564e-01,2.178428030317749176e-01,2.067029741504405604e-01,2.651192451012937545e-01
2.840000000000000000e+02,2.000000000000000000e+00,4.961882060699979863e-02,5.028363588797467587e-01,4.188643312273803709e-01,2.868048928587304050e-02
2.840000000000000000e+02,3.000000000000000000e+00,1.851437860267360347e-01,3.794012978111835355e-01,2.591595571383344954e-01,1.762953590237460733e-01
2.850000000000000000e+02,0.000000000000000000e+00,1.591883717596259684e-01,4.036098467379740096e-01,3.411072190411638672e-01,9.609456246123612710e-02
2.850000000000000000e+02,1.000000000000000000e+00,3.271658923320825418e-01,2.211569643375875804e-01,2.020804213455992537e-01,2.495967219847305407e-01
2.850000000000000000e+02,2.000000000000000000e+00,5.961351498361307233e-02,5.299215108655684903e-01,3.872084611250534714e-01,2.325651302576505972e-02
2.850000000000000000e+02,3.000000000000000000e+00,2.520265524951063041e-01,3.526601169812157988e-01,1.644921363482389209e-01,2.308211941754387819e-01
2.860000000000000000e+02,0.000000000000000000e+00,1.681398746151867019e-01,4.094868088548352381e-01,3.324205457110751549e-01,8.995277081890315496e-02
2.860000000000000000e+02,1.000000000000000000e+00,3.369175515545764221e-01,2.228800220438194035e-01,1.993010873251819248e-01,2.409013390764223050e-01
2.860000000000000000e+02,2.000000000000000000e+00,6.600343623166379792e-02,5.443732360688148253e-01,3.690570064651829130e-01,2.056632123433848117e-02
2.860000000000000000e+02,3.000000000000000000e+00,2.497882782259755186e-01,3.645510620361145371e-01,1.773468285161495794e-01,2.083138312217603927e-01
2.870000000000000000e+02,0.000000000000000000e+00,1.345620546079032420e-01,3.840902875475193934e-01,3.654456412153889722e-01,1.159020166291881843e-01
2.870000000000000000e+02,1.000000000000000000e+00,2.989707021380350049e-01,2.153557307617594008e-01,2.096888098796855504e-01,2.759847572205199051e-01
2.870000000000000000e+02,2.000000000000000000e+00,4.357769805614070818e-02,4.831399485587835052e-01,4.402993888909312870e-01,3.298296449414471476e-02
2.870000000000000000e+02,3.000000000000000000e+00,1.878175825602168281e-01,3.672474643264492800e-01,2.393647038005885519e-01,2.055702493127452846e-01
2.880000000000000000e+02,0.000000000000000000e+00,1.533578449442048741e-01,3.994516097089946260e-01,3.468175767970639867e-01,1.003729685497363050e-01
2.880000000000000000e+02,1.000000000000000000e+00,3.206809153254504552e-01,2.199315159146937870e-01,2.038885516306067069e-01,2.554990171292489953e-01
2.880000000000000000e+02,2.000000000000000000e+00,5.561035903666931846e-02,5.197960426352262742e-01,3.993711686364208591e-01,2.522242969168376342e-02
2.880000000000000000e+02,3.000000000000000000e+00,2.159247751038745888e-01,3.721238751886192242e-01,2.137722553588064511e-01,1.981790943486999024e-01
2.890000000000000000e+02,0.000000000000000000e+00,1.376347559754564631e-01,3.868194926448700888e-01,3.623825944969819024e-01,1.131631568826917816e-01
2.890000000000000000e+02,1.000000000000000000e+00,3.026105899719200854e-01,2.161745505691232139e-01,2.087449737606759115e-01,2.724698856982807338e-01
2.890000000000000000e+02,2.000000000000000000e+00,4.545253366236923914e-02,4.895645061559646405e-01,4.334392344268953035e-01,3.154372575477080304e-02
2.890000000000000000e+02,3.000000000000000000e+00,1.866136648745992666e-01,3.713690714634445000e-01,2.463467101624043920e-01,1.956705534995519247e-01
2.900000000000000000e+02,0.000000000000000000e+00,1.563658404814113334e-01,4.016304788333224240e-01,3.438667529755001784e-01,9.813692770976624458e-02
2.900000000000000000e+02,1.000000000000000000e+00,3.240401946865620886e-01,2.205743044568935773e-01,2.029560361972251037e-01,2.524294646593192581e-01
2.900000000000000000e+02,2.000000000000000000e+00,5.765982634799714235e-02,5.250911829419373511e-01,3.930633871771543886e-01,2.418560353291093409e-02
2.900000000000000000e+02,3.000000000000000000e+00,2.065603136131654860e-01,3.810907476228724278e-01,2.343627960011374634e-01,1.779861427628246229e-01
2.910000000000000000e+02,0.000000000000000000e+00,1.295228617233605550e-01,3.794154798833374032e-01,3.704779847606354815e-01,1.205836736326664771e-01
2.910000000000000000e+02,1.000000000000000000e+00,2.929173677277992494e-01,2.139470292111588512e-01,2.112313710900671493e-01,2.819042319709747502e-01
2.910000000000000000e+02,2.000000000000000000e+00,4.058211253067849772e-02,4.722255944872368882e-01,4.516800031671031057e-01,3.551228981498176507e-02
2.910000000000000000e+02,3.000000000000000000e+00,1.811142132212496536e-01,3.648024939311361736e-01,2.449299021713711166e-01,2.091533906762431672e-01
2.920000000000000000e+02,0.000000000000000000e+00,1.363787623162643070e-01,3.857147611283238131e-01,3.636340302685019399e-01,1.142724462869097457e-01
2.920000000000000000e+02,1.000000000000000000e+00,3.011273165667719409e-01,2.158434223785438699e-01,2.091310427389783122e-01,2.738982183157058214e-01
2.920000000000000000e+02,2.000000000000000000e+00,4.468177848924687751e-02,4.869593155307318511e-01,4.362358729449695161e-01,3.212303303505174845e-02
2.920000000000000000e+02,3.000000000000000000e+00,1.909838037483676809e-01,3.676608772516276602e-01,2.359266737255842072e-01,2.054286452744202851e-01
2.930000000000000000e+02,0.000000000000000000e+00,1.239624956394019678e-01,3.739567334771420337e-01,3.760374936832759918e-01,1.260432772001800761e-01
2.930000000000000000e+02,1.000000000000000000e+00,2.861101208640655646e-01,2.122919680903293804e-01,2.129241516946749624e-01,2.886737593509301480e-01
2.930000000000000000e+02,2.000000000000000000e+00,3.739165482582235828e-02,4.596265290937939230e-01,4.644104249100702297e-01,3.857139117031340575e-02
2.930000000000000000e+02,3.000000000000000000e+00,1.726744399189739654e-01,3.622489099668597112e-01,2.533173078651244636e-01,2.117593422490418043e-01
2.940000000000000000e+02,0.000000000000000000e+00,1.600508143696634800e-01,4.042023083956304830e-01,3.402659060828117643e-01,9.548097115189432826e-02
2.940000000000000000e+02,1.000000000000000000e+00,3.281159749047656282e-01,2.213311329685570816e-01,2.018127772101420969e-01,2.487401149165351932e-01
2.940000000000000000e+02,2.000000000000000000e+00,6.021635717195347043e-02,5.313709898701267642e-01,3.854319147604397533e-01,2.298073819748012309e-02
2.940000000000000000e+02,3.000000000000000000e+00,2.262370394678884233e-01,3.727166047061736265e-01,2.046786381670506194e-01,1.963677176588873863e-01
2.950000000000000000e+02,0.000000000000000000e+00,1.467069949340675250e-01,3.943702940218806741e-01,3.533753994411362731e-01,1.055473116029155695e-01
2.950000000000000000e+02,1.000000000000000000e+00,3.131455116462520394e-01,2.184266103698313810e-01,2.059472139484946063e-01,2.624806640354220844e-01
2.950000000000000000e+02,2.000000000000000000e+00,5.119923451288163618e-02,5.075384797377086032e-01,4.135623093129555672e-01,2.769997643645433910e-02
2.950000000000000000e+02,3.000000000000000000e+00,2.210952470227169897e-01,3.611532384269073859e-01,1.966447543651343721e-01,2.211067601852412523e-01
2.960000000000000000e+02,0.000000000000000000e+00,1.379132084057921315e-01,3.870623998467168092e-01,3.621052764679876246e-01,1.129191152795032405e-01
2.960000000000000000e+02,1.000000000000000000e+00,3.029385870613861553e-01,2.162473017439079381e-01,2.086593349578294287e-01,2.721547762368763945e-01
2.960000000000000000e+02,2.000000000000000000e+00,4.562423153861795699e-02,4.901381784246577888e-01,4.328206499433142618e-01,3.141694009340978422e-02
2.960000000000000000e+02,3.000000000000000000e+00,1.944989651587878399e-01,3.675038978129770428e-01,2.314650102764806983e-01,2.065321267517544745e-01
2.970000000000000000e+02,0.000000000000000000e+00,1.666111278117742567e-01,4.085250601751809763e-01,3.338967150295008568e-01,9.096709698354416007e-02
2.970000000000000000e+02,1.000000000000000000e+00,3.352689454567951421e-01,2.225987410558467328e-01,1.997759014785907838e-01,2.423564120087674800e-01
2.970000000000000000e+02,2.000000000000000000e+00,6.489143346521307476e-02,5.419971809221630910e-01,3.721115565806952241e-01,2.099982903192874548e-02
2.970000000000000000e+02,3.000000000000000000e+00,2.444748890186094759e-01,3.669038894975651388e-01,1.835477727642262913e-01,2.050734487195990385e-01
2.980000000000000000e+02,0.000000000000000000e+00,1.536774086929420247e-01,3.996865440543782011e-01,3.465036161502924039e-01,1.001324311023875091e-01
2.980000000000000000e+02,1.000000000000000000e+00,3.210392076790170024e-01,2.200008957266906817e-01,2.037895184743780952e-01,2.551703781199142207e-01
2.980000000000000000e+02,2.000000000000000000e+00,5.582648802748613887e-02,5.203658668451772717e-01,3.986977325494829860e-01,2.510991257785385317e-02
2.980000000000000000e+02,3.000000000000000000e+00,2.068683336528998606e-01,3.780219154885187671e-01,2.302600984021375419e-01,1.848496524564438304e-01
2.990000000000000000e+02,0.000000000000000000e+00,1.435862223779117430e-01,3.918559732838786114e-01,3.564666610656581081e-01,1.080911432725517041e-01
2.990000000000000000e+02,1.000000000000000000e+00,3.095561241611768377e-01,2.176788390965719022e-01,2.069112216309164642e-01,2.658538151113346570e-01
2.990000000000000000e+02,2.000000000000000000e+00,4.918700430414828240e-02,5.015211179635727934e-01,4.203340259655073408e-01,2.895785176677148631e-02
2.990000000000000000e+02,3.000000000000000000e+00,1.867570106085545689e-01,3.778924122858554613e-01,2.548814183697758473e-01,1.804691587358142058e-01
