G_mM,U,p0,p1,p2,p3,variance
5.000000000000000104e-03,2.967523585114287599e+00,1.998795325099417435e-08,8.862294919798572050e-05,3.229910902345509149e-02,9.676122480393931635e-01,3.159906318800231873e-02
5.073146869321709836e-03,2.967518098616834354e+00,1.999825377431705079e-08,8.865322704737492617e-05,3.230453493431390682e-02,9.676067918403864487e-01,3.160425390930932110e-02
5.147363831541739397e-03,2.967512448973933292e+00,2.000886435027455412e-08,8.868441075605713116e-05,3.231012217795802000e-02,9.676011734024204669e-01,3.160959892910142344e-02
5.222666541449155417e-03,2.967506631335255385e+00,2.001979442441869982e-08,8.871652758888331624e-05,3.231587555018185232e-02,9.675953879024341564e-01,3.161510283150903433e-02
5.299070882852805961e-03,2.967500640706297155e+00,2.003105373680405280e-08,8.874960564106358619e-05,3.232179998925500952e-02,9.675894303740486535e-01,3.162077033681320870e-02
5.376592971931709077e-03,2.967494471944164935e+00,2.004265233156822266e-08,8.878367386402899659e-05,3.232790058014887308e-02,9.675832957033343451e-01,3.162660630529146033e-02
5.455249160634497579e-03,2.967488119753121545e+00,2.005460056685834204e-08,8.881876209216048486e-05,3.233418255889258103e-02,9.675769786244147186e-01,3.163261574147924193e-02
5.535056040128558466e-03,2.967481578680080112e+00,2.006690912508842712e-08,8.885490107033781047e-05,3.234065131704947499e-02,9.675704737149704027e-01,3.163880379837991086e-02
5.616030444299684003e-03,2.967474843109936700e+00,2.007958902356797690e-08,8.889212248241500016e-05,3.234731240633055560e-02,9.675637753915977690e-01,3.164517578184167235e-02
5.698189453302871139e-03,2.967467907260739057e+00,2.009265162550928868e-08,8.893045898063322143e-05,3.235417154334564033e-02,9.675568779050224277e-01,3.165173715513525110e-02
5.781550397165095834e-03,2.967460765178751902e+00,2.010610865141850944e-08,8.896994421597715589e-05,3.236123461449157829e-02,9.675497753351842700e-01,3.165849354357774814e-02
5.866130859440759661e-03,2.967453410733363217e+00,2.011997219089187647e-08,8.901061286952359377e-05,3.236850768098384346e-02,9.675424615861754063e-01,3.166545073931281706e-02
5.951948680920672585e-03,2.967445837611678350e+00,2.013425471511862188e-08,8.905250068565682129e-05,3.237599698418590355e-02,9.675349303808736812e-01,3.167261470641768994e-02
6.039021963395238904e-03,2.967438039309362452e+00,2.014896909666848943e-08,8.909564452641880817e-05,3.238370895467838906e-02,9.675271752518264101e-01,3.167999158948298088e-02
6.127369073472727599e-03,2.967430009130780366e+00,2.016412861181428558e-08,8.914008237440450180e-05,3.239165021208696010e-02,9.675191895414106957e-01,3.168758771351498638e-02
6.217008646453367829e-03,2.967421740183166179e+00,2.017974695434038603e-08,8.918585336911373019e-05,3.239982757085384246e-02,9.675109663960297368e-01,3.169540958936245545e-02
6.307959590260181146e-03,2.967413225369005314e+00,2.019583825289115494e-08,8.923299785340971224e-05,3.240824804776794993e-02,9.675024987585387759e-01,3.170346392088951859e-02
6.400241089427259958e-03,2.967404457379967830e+00,2.021241708557442164e-08,8.928155741164589456e-05,3.241691886795743105e-02,9.674937793622138127e-01,3.171175761066358234e-02
6.493872609146422031e-03,2.967395428690614789e+00,2.022949849511611435e-08,8.933157490910829132e-05,3.242584747106589532e-02,9.674848007245246961e-01,3.172029776593809913e-02
6.588873899373035546e-03,2.967386131552041117e+00,2.024709800455809015e-08,8.938309453273399793e-05,3.243504151760259052e-02,9.674755551407676624e-01,3.172909170446480687e-02
6.685264998991968799e-03,2.967376557985158314e+00,2.026523163354699219e-08,8.943616183322505929e-05,3.244450889548369799e-02,9.674660346774525133e-01,3.173814696099519495e-02
6.783066240044423496e-03,2.967366699773954064e+00,2.028391591522691559e-08,8.949082376857276310e-05,3.245425772676566872e-02,9.674562311655512392e-01,3.174747129342492258e-02
6.882298252016637828e-03,2.967356548458424559e+00,2.030316791376416510e-08,8.954712874905472702e-05,3.246429637457577677e-02,9.674461361935079440e-01,3.175707268952976392e-02
6.982981966191297192e-03,2.967346095327374478e+00,2.032300524253244364e-08,8.960512668376092765e-05,3.247463345024752257e-02,9.674357411000651386e-01,3.176695937364470979e-02
7.085138620062668251e-03,2.967335331410940746e+00,2.034344608298051456e-08,8.966486902868871917e-05,3.248527782066336356e-02,9.674250369668618843e-01,3.177713981376228958e-02
7.188789761816253426e-03,2.967324247472979071e+00,2.036450920422239283e-08,8.972640883649943245e-05,3.249623861581690115e-02,9.674140146108363147e-01,3.178762272854918081e-02
7.293957254874025749e-03,2.967312834000152222e+00,2.038621398907782788e-08,8.978980082462864674e-05,3.250752523956101231e-02,9.674026645734017382e-01,3.179841709767039504e-02
7.400663282506108817e-03,2.967301081189857470e+00,2.040858046268167843e-08,8.985510145034917879e-05,3.251914738150045447e-02,9.673909771084687748e-01,3.180953217317394888e-02
7.508930352509999955e-03,2.967288978956931889e+00,2.043162928591212142e-08,8.992236888258480789e-05,3.253111501041882486e-02,9.673789421890705009e-01,3.182097747292012002e-02
7.618781301958174428e-03,2.967276516917490614e+00,2.045538179237441993e-08,8.999166310038015997e-05,3.254343839016261841e-02,9.673665494913549212e-01,3.183276279595048663e-02
7.730239302015187892e-03,2.967263684379481070e+00,2.047986001331881600e-08,9.006304595548923243e-05,3.255612808902972471e-02,9.673537883851553998e-01,3.184489823117964136e-02
7.843327862825199073e-03,2.967250470333508527e+00,2.050508670224807192e-08,9.013658123339856145e-05,3.256919498876870156e-02,9.673406479249126999e-01,3.185739416609401076e-02
7.958070838471080141e-03,2.967236863443482697e+00,2.053108536047366191e-08,9.021233471642781554e-05,3.258265029383335815e-02,9.673271168403664300e-01,3.187026129543113484e-02
8.074492432005990830e-03,2.967222852036947245e+00,2.055788026369370726e-08,9.029037424907260050e-05,3.259650554091244462e-02,9.673131835269578316e-01,3.188351063024441601e-02
8.192617200558615850e-03,2.967208424095162389e+00,2.058549648961946877e-08,9.037076980561868146e-05,3.261077260873388589e-02,9.672988360359628945e-01,3.189715350711175290e-02
8.312470060513027503e-03,2.967193567242845109e+00,2.061395994670918581e-08,9.045359356015370120e-05,3.262546372815704199e-02,9.672840620643236020e-01,3.191120159777938170e-02
8.434076292764424235e-03,2.967178268726609947e+00,2.064329742520989465e-08,9.053892002056364535e-05,3.264059150346138721e-02,9.672688489332221806e-01,3.192566692942477857e-02
8.557461548051658456e-03,2.967162515412727686e+00,2.067353661187555566e-08,9.062682605584703930e-05,3.265616891454883181e-02,9.672531835858579896e-01,3.194056188658755957e-02
8.682651852367847742e-03,2.967146293789728606e+00,2.070470609595097049e-08,9.071739089719630430e-05,3.267220931436255055e-02,9.672370525900354510e-01,3.195589920854402521e-02
8.809673612450058186e-03,2.967129589945425749e+00,2.073683542474031648e-08,9.081069628222182707e-05,3.268872645150740913e-02,9.672204421153762777e-01,3.197169201098937208e-02
8.938553621349419956e-03,2.967112389555150553e+00,2.076995513869486777e-08,9.090682653843234215e-05,3.270573448191040067e-02,9.672033379215970728e-01,3.198795379687879858e-02
9.069319064082610043e-03,2.967094677869552388e+00,2.080409680794353781e-08,9.100586866970848492e-05,3.272324798081534258e-02,9.671857253464173354e-01,3.200469846786546668e-02
9.201997523366088269e-03,2.967076439702104107e+00,2.083929307033204036e-08,9.110791244588044237e-05,3.274128195512098632e-02,9.671675892931387297e-01,3.202194033586458488e-02
9.336616985434162061e-03,2.967057659413315118e+00,2.087557767662151396e-08,9.121305051169782024e-05,3.275985185892590912e-02,9.671489142149838347e-01,3.203969413785046072e-02
9.473205845942243505e-03,2.967038320876056012e+00,2.091298557329200439e-08,9.132137860317596592e-05,3.277897362778023349e-02,9.671296840806309358e-01,3.205797506839580535e-02
9.611792915956403685e-03,2.967018407504100619e+00,2.095155286413028817e-08,9.143299541126357613e-05,3.279866365041673310e-02,9.671098824026186369e-01,3.207679875247571033e-02
9.752407428030575656e-03,2.966997902226097050e+00,2.099131687817596377e-08,9.154800275228346617e-05,3.281893879444406498e-02,9.670894922114855463e-01,3.209618126983926345e-02
9.895079042372622105e-03,2.966976787465031684e+00,2.103231622827474813e-08,9.166650570926907025e-05,3.283981642659684203e-02,9.670684960353763682e-01,3.211613917416400454e-02
1.003983785310070750e-02,2.966955045123355283e+00,2.107459085990090316e-08,9.178861274324429619e-05,3.286131442738284697e-02,9.670468758852820423e-01,3.213668950688131076e-02
1.018671439459109714e-02,2.966932656566797277e+00,2.111818210382346807e-08,9.191443581364853056e-05,3.288345120703035224e-02,9.670246132389742622e-01,3.215784981219016458e-02
1.033573964791884535e-02,2.966909602576521365e+00,2.116313279188547892e-08,9.204409067864128744e-05,3.290624575271914459e-02,9.670016889934681670e-01,3.217963818199542914e-02
1.048694504739275911e-02,2.966885863379259636e+00,2.120948722250036284e-08,9.217769675940725924e-05,3.292971759875561177e-02,9.669780834949963655e-01,3.220207322705448405e-02
1.064036248718587714e-02,2.966861418633085279e+00,2.125729121356990444e-08,9.231537725492853564e-05,3.295388684053410233e-02,9.669537765249207606e-01,3.222517409015424050e-02
1.079602432806304677e-02,2.966836247394222248e+00,2.130659219418752014e-08,9.245725936593314888e-05,3.297877416727005434e-02,9.669287472667721373e-01,3.224896047716363512e-02
1.095396340420681444e-02,2.966810328099464211e+00,2.135743926782363371e-08,9.260347443380804338e-05,3.300440087935210820e-02,9.669029742887754741e-01,3.227345267317005550e-02
1.111421303014328149e-02,2.966783638518888822e+00,2.140988333558463034e-08,9.275415824922374295e-05,3.303078893496741442e-02,9.668764354969016095e-01,3.229867158685451045e-02
1.127680700776919134e-02,2.966756155751451018e+00,2.146397713763201996e-08,9.290945112206600075e-05,3.305796095437003174e-02,9.668491081305294887e-01,3.232463875423974287e-02
1.144177963348188588e-02,2.966727856258020157e+00,2.151977522262639534e-08,9.306949774217275430e-05,3.308594018717150170e-02,9.668209687953116527e-01,3.235137630692541677e-02
1.160916570541350654e-02,2.966698715804122255e+00,2.157733409653545413e-08,9.323444755201481225e-05,3.311475056876699019e-02,9.667919934063453624e-01,3.237890702590107139e-02
1.177900053077110543e-02,2.966668709434628681e+00,2.163671231164446275e-08,9.340445494353271814e-05,3.314441674535076321e-02,9.667621571629946287e-01,3.240725436477198684e-02
1.195131993328404051e-02,2.966637811395983704e+00,2.169797066190532092e-08,9.357967975497566209e-05,3.317496415059668913e-02,9.667314344716784191e-01,3.243644252289712426e-02
1.212616026076042235e-02,2.966605995215639169e+00,2.176117207003373693e-08,9.376028688128479718e-05,3.320641892707911630e-02,9.666997990248666905e-01,3.246649636962573027e-02
1.230355839275401424e-02,2.966573233659708819e+00,2.182638171754831304e-08,9.394644657661695185e-05,3.323880796799013465e-02,9.666672237590506755e-01,3.249744148377153863e-02
1.248355174834338450e-02,2.966539498686642240e+00,2.189366718621186914e-08,9.413833478410356880e-05,3.327215896279026031e-02,9.666336808087592214e-01,3.252930419678357055e-02
1.266617829402476129e-02,2.966504761351252739e+00,2.196309870261713616e-08,9.433613375352182097e-05,3.330650049194703449e-02,9.665991414112017344e-01,3.256211168270439771e-02
1.285147655172047022e-02,2.966468991900163221e+00,2.203474900428938924e-08,9.454003157447504898e-05,3.334186193244494112e-02,9.665635760012329936e-01,3.259589186728106824e-02
1.303948560690441558e-02,2.966432159732634855e+00,2.210869347676800008e-08,9.475022247819469309e-05,3.337827349632599416e-02,9.665269541725015623e-01,3.263067346427206417e-02
1.323024511684653404e-02,2.966394233318250251e+00,2.218501038190929842e-08,9.496690739175344916e-05,3.341576631193452634e-02,9.664892445956630995e-01,3.266648605232802538e-02
1.342379531897776833e-02,2.966355180120181956e+00,2.226378108042116570e-08,9.519029446729692929e-05,3.345437249953517322e-02,9.664504149422148416e-01,3.270336014670505165e-02
1.362017703937750714e-02,2.966314966733548886e+00,2.234508982513984002e-08,9.542059838714008163e-05,3.349412503440802463e-02,9.664104320221151845e-01,3.274132706760113365e-02
1.381943170138508897e-02,2.966273558770415431e+00,2.242902406797555827e-08,9.565804112076706765e-05,3.353505786026587943e-02,9.663692616695875870e-01,3.278041904796680228e-02
1.402160133433739964e-02,2.966230920716608210e+00,2.251567483203455460e-08,9.590285285450398278e-05,3.357720603065730836e-02,9.663268686008130715e-01,3.282066936750460684e-02
1.422672858243417826e-02,2.966187016093359219e+00,2.260513647049512442e-08,9.615527117852072300e-05,3.362060554887151553e-02,9.662832165748125313e-01,3.286211219915102788e-02
1.443485671373313795e-02,2.966141807376982964e+00,2.269750692026910053e-08,9.641554166692831564e-05,3.366529344716512329e-02,9.662382683136618855e-01,3.290478268368879355e-02
1.464602962927654892e-02,2.966095255805747399e+00,2.279288819440367494e-08,9.668391911761354326e-05,3.371130797734973872e-02,9.661919853106434308e-01,3.294871711094415900e-02
1.486029187235147347e-02,2.966047321570832729e+00,2.289138609648509977e-08,9.696066658968143599e-05,3.375868842183005203e-02,9.661443280201942319e-01,3.299395273814731411e-02
1.507768863788534752e-02,2.965997963708743690e+00,2.299311054984363059e-08,9.724605616485110075e-05,3.380747519959964587e-02,9.660952557511265359e-01,3.304052789028943948e-02
1.529826578197912394e-02,2.965947139907926910e+00,2.309817611442365189e-08,9.754037021914955814e-05,3.385771005710395271e-02,9.660447264744999041e-01,3.308848214112103392e-02
1.552206983157976804e-02,2.965894806761801394e+00,2.320670159041954265e-08,9.784390012159284011e-05,3.390943581784738869e-02,9.659926970753283104e-01,3.313785607284458479e-02
1.574914799429438100e-02,2.965840919495061456e+00,2.331881071626076224e-08,9.815694798897109570e-05,3.396269665252765052e-02,9.659391230806724238e-01,3.318869153284076390e-02
1.597954816834776942e-02,2.965785431987827181e+00,2.343463226228813243e-08,9.847982673034114467e-05,3.401753805481255721e-02,9.658839586838238178e-01,3.324103160917424304e-02
1.621331895268579917e-02,2.965728296872506053e+00,2.355429997887656996e-08,9.881285967531237054e-05,3.407400674524829753e-02,9.658271568407779117e-01,3.329492053737403978e-02
1.645050965722646974e-02,2.965669465204294752e+00,2.367795344612845845e-08,9.915638269726620815e-05,3.413215099645163647e-02,9.657686689428980342e-01,3.335040400945743500e-02
1.669117031326100911e-02,2.965608886788872578e+00,2.380573755868004931e-08,9.951074252022633576e-05,3.419202030887368016e-02,9.657084451428682437e-01,3.340752886269449107e-02
1.693535168400711263e-02,2.965546509763164806e+00,2.393780358909459567e-08,9.987629939646565835e-05,3.425366582462854859e-02,9.656464339381704010e-01,3.346634347295562861e-02
1.718310527531657569e-02,2.965482280894118361e+00,2.407430875245038958e-08,1.002534256035539633e-04,3.431714003174732991e-02,9.655825824683399450e-01,3.352689747066861514e-02
1.743448334653954074e-02,2.965416145241278834e+00,2.421541712725413647e-08,1.006425076798516386e-04,3.438249709711464069e-02,9.655168361797898946e-01,3.358924205660152040e-02
1.768953892154771085e-02,2.965348046357183964e+00,2.436129945042089189e-08,1.010439455227329865e-04,3.444979266786783040e-02,9.654491390253083782e-01,3.365342981040164716e-02
1.794832579991886487e-02,2.965277926020231103e+00,2.451213392220451151e-08,1.014581542513480261e-04,3.451908413486734495e-02,9.653794331987484156e-01,3.371951493961411472e-02
1.821089856828490491e-02,2.965205724405118204e+00,2.466810609101392210e-08,1.018855635095774922e-04,3.459043046354909334e-02,9.653076593048367515e-01,3.378755311635472935e-02
1.847731261184596546e-02,2.965131379786233978e+00,2.482940975887013657e-08,1.023266195464313380e-04,3.466389248644839022e-02,9.652337560645968262e-01,3.385760175369512126e-02
1.874762412605298495e-02,2.965054828780094631e+00,2.499624674123059778e-08,1.027817841266641841e-04,3.473953266290735753e-02,9.651576605567178113e-01,3.392971977406133988e-02
1.902189012846117189e-02,2.964976005946315940e+00,2.516882803650299737e-08,1.032515372669733469e-04,3.481741547266657688e-02,9.650793078212386300e-01,3.400396798171456680e-02
1.930016847075688088e-02,2.964894844111207739e+00,2.534737344343447493e-08,1.037363757012269895e-04,3.489760709527300886e-02,9.649986311816534101e-01,3.408040875445195184e-02
1.958251785096037922e-02,2.964811273957014048e+00,2.553211280419539007e-08,1.042368157412119206e-04,3.498017581516135732e-02,9.649155618369834597e-01,3.415910642662467467e-02
1.986899782580723098e-02,2.964725224197656495e+00,2.572328598738127369e-08,1.047533926685879712e-04,3.506519184714422532e-02,9.648300290368998500e-01,3.424012711949941945e-02
2.015966882331076543e-02,2.964636621488494495e+00,2.592114347595695859e-08,1.052866617358237244e-04,3.515272742460762156e-02,9.647419599925144418e-01,3.432353882208083462e-02
2.045459215550831170e-02,2.964545390200841624e+00,2.612594728820052985e-08,1.058372000159318735e-04,3.524285702128817505e-02,9.646512796527497713e-01,3.440941159885646528e-02
2.075383003139389185e-02,2.964451452601143178e+00,2.633797102338833795e-08,1.064056058472775739e-04,3.533565717325300171e-02,9.645579108829299697e-01,3.449781741620050468e-02
2.105744557004016540e-02,2.964354728635997915e+00,2.655750081703803299e-08,1.069925006813628735e-04,3.543120669013357510e-02,9.644617742516831127e-01,3.458883033976078991e-02
2.136550281391231751e-02,2.964255135833350430e+00,2.678483607417775756e-08,1.075985302726106612e-04,3.552958675159312296e-02,9.643627879332972164e-01,3.468252662192483626e-02
2.167806674237670456e-02,2.964152589343303390e+00,2.702028991857720056e-08,1.082243650545050025e-04,3.563088086571576663e-02,9.642608677489391544e-01,3.477898465776085857e-02
2.199520328540710556e-02,2.964047001871032982e+00,2.726418992061897675e-08,1.088707012046521831e-04,3.573517493399239187e-02,9.641559271006144849e-01,3.487828504204415481e-02
2.231697933749153193e-02,2.963938283478262825e+00,2.751687917076569548e-08,1.095382625580592180e-04,3.584255744598169313e-02,9.640478767745805921e-01,3.498051074963903773e-02
2.264346277174249245e-02,2.963826341591156766e+00,2.777871692256110724e-08,1.102278013054978803e-04,3.595311947007627518e-02,9.639366249498996231e-01,3.508574712108725180e-02
2.297472245421363496e-02,2.963711080927159625e+00,2.805007946539533606e-08,1.109400992296597860e-04,3.606695472413796316e-02,9.638220771265513243e-01,3.519408192430972804e-02
2.331082825842583500e-02,2.963592403441361434e+00,2.833136099949903624e-08,1.116759688688463345e-04,3.618415962681358761e-02,9.637041360729552419e-01,3.530560539737592762e-02
2.365185108010581586e-02,2.963470208186289589e+00,2.862297476804562865e-08,1.124362552688000814e-04,3.630483343425124076e-02,9.635827016875060380e-01,3.542041037213827792e-02
2.399786285214042941e-02,2.963344391239719489e+00,2.892535408693179833e-08,1.132218373713295492e-04,3.642907830947125780e-02,9.634576709278018791e-01,3.553859233356959635e-02
2.434893655974960935e-02,2.963214845635530725e+00,2.923895342648764637e-08,1.140336294415501757e-04,3.655699938872929849e-02,9.633289377428768674e-01,3.566024947544832457e-02
2.470514625588134811e-02,2.963081461274123196e+00,2.956424960540410599e-08,1.148725826824238433e-04,3.668870486776090040e-02,9.631963929853063489e-01,3.578548277508808440e-02
2.506656707683188601e-02,2.962944124830759307e+00,2.990174305934066608e-08,1.157396869294972095e-04,3.682430609015243522e-02,9.630599243211750426e-01,3.591439606900159731e-02
2.543327525809447112e-02,2.962802719661440598e+00,3.025195918918832462e-08,1.166359724298203396e-04,3.696391763782343187e-02,9.629194161377878647e-01,3.604709613058609818e-02
2.580534815043986768e-02,2.962657125706593231e+00,3.061544979436972663e-08,1.175625117093930764e-04,3.710765742363316549e-02,9.627747494492058244e-01,3.618369274904154054e-02
2.618286423623217632e-02,2.962507219392391367e+00,3.099279459706429864e-08,1.185204215340004784e-04,3.725564678616088976e-02,9.626258017995118488e-01,3.632429880974719083e-02
2.656590314598332794e-02,2.962352873529688679e+00,3.138460286329183565e-08,1.195108649676056777e-04,3.740801058656241518e-02,9.624724471638654855e-01,3.646903037640214507e-02
2.695454567514982136e-02,2.962193957210828898e+00,3.179151512760881426e-08,1.205350535336816757e-04,3.756487730755472820e-02,9.623145558473952255e-01,3.661800677395810055e-02
2.734887380117508732e-02,2.962030335703976114e+00,3.221420502830304574e-08,1.215942494842461164e-04,3.772637915443723816e-02,9.621519943818724885e-01,3.677135067347592212e-02
2.774897070078120170e-02,2.961861870345265046e+00,3.265338126091546335e-08,1.226897681827292502e-04,3.789265215822563981e-02,9.619846254202103486e-01,3.692918817782597785e-02
2.815492076751360470e-02,2.961688418428690905e+00,3.310978965783913769e-08,1.238229806055066206e-04,3.806383628072652209e-02,9.618123076288773721e-01,3.709164890876692766e-02
2.856680962954248962e-02,2.961509833070987696e+00,3.358421546384695202e-08,1.249953161189072605e-04,3.824007554412851145e-02,9.616348955555372724e-01,3.725886611631779033e-02
2.898472416772457025e-02,2.961325963073828671e+00,3.407748576067339253e-08,1.262082653949626475e-04,3.842151816292786043e-02,9.614522394941926731e-01,3.743097678970208619e-02
2.940875253392906050e-02,2.961136652881527276e+00,3.459047178420268554e-08,1.274633828215758404e-04,3.860831658141796602e-02,9.612641854452900203e-01,3.760812167768889935e-02
2.983898416963182490e-02,2.960941742429043622e+00,3.512409169066775677e-08,1.287622897617556983e-04,3.880062761916010239e-02,9.610705749669872233e-01,3.779044541054510375e-02
3.027550982478155461e-02,2.960741066953715084e+00,3.567931359999224314e-08,1.301066782017469363e-04,3.899861265193976106e-02,9.608712449905446595e-01,3.797809665464058071e-02
3.071842157694186504e-02,2.960534456843307627e+00,3.625715873271279059e-08,1.314983143155040648e-04,3.920243775658522473e-02,9.606660276719405367e-01,3.817122823162222289e-02
3.116781285071343680e-02,2.960321737695821742e+00,3.685870414798846569e-08,1.329390407536459233e-04,3.941227364656367527e-02,9.604547504539802105e-01,3.836999703842103315e-02
3.162377843744036687e-02,2.960102729921555209e+00,3.748508697475457254e-08,1.344307821816378447e-04,3.962829605882305789e-02,9.602372356739091730e-01,3.857456439361328648e-02
3.208641451520480303e-02,2.959877248751195733e+00,3.813750774156170048e-08,1.359755482655967799e-04,3.985068573974447775e-02,9.600133005744804215e-01,3.878509600261992318e-02
3.255581866911400751e-02,2.959645104121258807e+00,3.881723428528923769e-08,1.375754376583061313e-04,4.007962855172347849e-02,9.597827571933845725e-01,3.900176203607763625e-02
3.303208991188421456e-02,2.959406100329745826e+00,3.952560660346054288e-08,1.392326437733980185e-04,4.031531580589060859e-02,9.595454120247303154e-01,3.922473742099441552e-02
3.351532870472573311e-02,2.959160036150895401e+00,4.026404064957493800e-08,1.409494576082412527e-04,4.055794414177023299e-02,9.593010661365822811e-01,3.945420170136060278e-02
3.400563697853348222e-02,2.958906704432439305e+00,4.103403395877579282e-08,1.427282743648453295e-04,4.080771591672933268e-02,9.590495147748718807e-01,3.969033937988974969e-02
3.450311815538756322e-02,2.958645892039815983e+00,4.183717058663549179e-08,1.445715979137889235e-04,4.106483925284273168e-02,9.587905473120723610e-01,3.993333993385839165e-02
3.500787717036831642e-02,2.958377379786285566e+00,4.267512642470517562e-08,1.464820455815554821e-04,4.132952809717662518e-02,9.585239471821168644e-01,4.018339784217062061e-02
3.552002049369060166e-02,2.958100942016513635e+00,4.354967597925741926e-08,1.484623556666718437e-04,4.160200262311975622e-02,9.582494914715358192e-01,4.044071293298401315e-02
3.603965615316189613e-02,2.957816346621898962e+00,4.446269823435368988e-08,1.505153921866916151e-04,4.188248920562965411e-02,9.579669509394843629e-01,4.070549032634751541e-02
3.656689375696885874e-02,2.957523354876085087e+00,4.541618350021467497e-08,1.526441511780557620e-04,4.217122057300854571e-02,9.576760898596300420e-01,4.097794054238868000e-02
3.710184451679725270e-02,2.957221721103636458e+00,4.641224129277649453e-08,1.548517685341972315e-04,4.246843612257158312e-02,9.573766656966531396e-01,4.125827976154461396e-02
3.764462127129016705e-02,2.956911192572098113e+00,4.745310802057299049e-08,1.571415265743671640e-04,4.277438201542760332e-02,9.570684290048895315e-01,4.154672987414187446e-02
3.819533850984943579e-02,2.956591509300027898e+00,4.854115549614357079e-08,1.595168615704117029e-04,4.308931135336742380e-02,9.567511232439074309e-01,4.184351860519086586e-02
3.875411239678514669e-02,2.956262403850437703e+00,4.967890010119041277e-08,1.619813717609744417e-04,4.341348436933772925e-02,9.564244845800004002e-01,4.214887964954705524e-02
3.932106079581847158e-02,2.955923601121056787e+00,5.086901261701612873e-08,1.645388257945320013e-04,4.374716862031360204e-02,9.560882416848783816e-01,4.246305280647710845e-02
3.989630329494302241e-02,2.955574818131136983e+00,5.211432877196887224e-08,1.671931716259831429e-04,4.409063918262167564e-02,9.557421155314225203e-01,4.278628411401008691e-02
4.047996123164993021e-02,2.955215763805368656e+00,5.341786055998032122e-08,1.699485458890407101e-04,4.444417884926710888e-02,9.553858191869818439e-01,4.311882598204697103e-02
4.107215771852183034e-02,2.954846138754959384e+00,5.478280838954907596e-08,1.728092837699510373e-04,4.480807832907919563e-02,9.550190576043436907e-01,4.346093732408817800e-02
4.167301766920133294e-02,2.954465635056043205e+00,5.621257412704647013e-08,1.757799294089495263e-04,4.518263644741752488e-02,9.546415274105997106e-01,4.381288368736768746e-02
4.228266782473941165e-02,2.954073936025840563e+00,5.771077510310362718e-08,1.788652468568277065e-04,4.556816034812283950e-02,9.542529166942460561e-01,4.417493738035993545e-02
4.290123678032931737e-02,2.953670715960553750e+00,5.928125929802144173e-08,1.820702319032638954e-04,4.596496573185775841e-02,9.538529047549781925e-01,4.454737763120597549e-02
4.352885501243143607e-02,2.953255639826196433e+00,6.092812184242705032e-08,1.854001249012903808e-04,4.637337713963973762e-02,9.534411618073385108e-01,4.493049078426913923e-02
4.416565490629506541e-02,2.952828363197972372e+00,6.265572173989447193e-08,1.888604222406948326e-04,4.679372799038501035e-02,9.530173489316539071e-01,4.532457026224889773e-02
4.481177078388276502e-02,2.952388531881605438e+00,6.446870113059619536e-08,1.924568910288303918e-04,4.722636093023196285e-02,9.525811177100376170e-01,4.572991681627414096e-02
4.546733893220339384e-02,2.951935781521655588e+00,6.637200607641628397e-08,1.961955846567136144e-04,4.767162819301339061e-02,9.521321098503240377e-01,4.614683878175895870e-02
4.613249763205937160e-02,2.951469737696010842e+00,6.837090683296040843e-08,2.000828551202805743e-04,4.812989148102300718e-02,9.516699572929481210e-01,4.657565188038503834e-02
4.680738718721467323e-02,2.950990015170355196e+00,7.047102329815205073e-08,2.041253730846366045e-04,4.860152267040322716e-02,9.511942814854880135e-01,4.701667978895507360e-02
4.749214995398945427e-02,2.950496218108947577e+00,7.267834818015547970e-08,2.083301408660541247e-04,4.908690357427730744e-02,9.507046936065089993e-01,4.747025382135205973e-02
4.818693037128776030e-02,2.949987939364021372e+00,7.499927607546403543e-08,2.127045140357137359e-04,4.958642661007377217e-02,9.502007938766128259e-01,4.793671345066030653e-02
4.889187499106437823e-02,2.949464760403708752e+00,7.744063187197994350e-08,2.172562186363193439e-04,5.010049483711779411e-02,9.496821715036123379e-01,4.841640623630993900e-02
4.960713250923735884e-02,2.948926251075663973e+00,8.000970207905787712e-08,2.219933707530600620e-04,5.062952215371930437e-02,9.491484044658240471e-01,4.890968789487715185e-02
5.033285379705294826e-02,2.948371969089464084e+00,8.271426995391473273e-08,2.269244996470439651e-04,5.117393376842703512e-02,9.485990590176544002e-01,4.941692261976093903e-02
5.106919193290933301e-02,2.947801459830681203e+00,8.556265174914800787e-08,2.320585691650197953e-04,5.173416634303800582e-02,9.480336895251467721e-01,4.993848308774140321e-02
5.181630223464570723e-02,2.947214256038805047e+00,8.856373645835425718e-08,2.374050015388662511e-04,5.231066826690517618e-02,9.474518381678186385e-01,5.047475058115935553e-02
5.257434229230411454e-02,2.946609877470117933e+00,9.172702876218514778e-08,2.429737026201522787e-04,5.290389994355963743e-02,9.468530346267928222e-01,5.102611511352961315e-02
5.334347200137012218e-02,2.945987830557734277e+00,9.506269537717986813e-08,2.487750885172066557e-04,5.351433407714749346e-02,9.462367957716406597e-01,5.159297554760833293e-02
5.412385359650025846e-02,2.945347608069683876e+00,9.858161508730589141e-08,2.548201137105937327e-04,5.414245595805015215e-02,9.456026253466243148e-01,5.217573970372058056e-02
5.491565168574237543e-02,2.944688688765018103e+00,1.022954327628792405e-07,2.611203007287520614e-04,5.478876374722403686e-02,9.449500136566137964e-01,5.277482445850800730e-02
5.571903328525711768e-02,2.944010537048605158e+00,1.062166176963821863e-07,2.676877714681996667e-04,5.545376875860329874e-02,9.442784372533101767e-01,5.339065583245528046e-02
5.653416785454686705e-02,2.943312602624951424e+00,1.103585266131369520e-07,2.745352802480213630e-04,5.613799573897733375e-02,9.435873586222496279e-01,5.402366906553979220e-02
5.736122733220053171e-02,2.942594320114253037e+00,1.147354719749674960e-07,2.816762490654611990e-04,5.684198318119836751e-02,9.428762258342636704e-01,5.467430871357059630e-02
5.820038617216081317e-02,2.941855108560446741e+00,1.193627964914934180e-07,2.891248059055190551e-04,5.756628373935144399e-02,9.421444720919460725e-01,5.534302882762887066e-02
5.905182138052247204e-02,2.941094371328677237e+00,1.242569511934753812e-07,2.968958212049260911e-04,5.831146425805761729e-02,9.413915156637857606e-01,5.603029276627857769e-02
5.991571255286848308e-02,2.940311495479855264e+00,1.294355832083952426e-07,3.050049517216794339e-04,5.907810630995350559e-02,9.406167593027422447e-01,5.673657346523341971e-02
6.079224191215288481e-02,2.939505851406353010e+00,1.349176290378371421e-07,3.134686841600064404e-04,5.986680647243761838e-02,9.398195899257726360e-01,5.746235345367622926e-02
6.168159434713729738e-02,2.938676792565153573e+00,1.407234147706450033e-07,3.223043801820531934e-04,6.067817650423708992e-02,9.389993783921658510e-01,5.820812476560455195e-02
6.258395745139029576e-02,2.937823654934281770e+00,1.468747664717974259e-07,3.315303269104915890e-04,6.151284378759974691e-02,9.381554790107239361e-01,5.897438908240282274e-02
6.349952156285675053e-02,2.936945756568539068e+00,1.533951290275182703e-07,3.411657892188891248e-04,6.237145166763655851e-02,9.372872291480156548e-01,5.976165776595721013e-02
6.442847980400667751e-02,2.936042397422010897e+00,1.603096927867464412e-07,3.512310619842609030e-04,6.325465952494283006e-02,9.363939491033803630e-01,6.057045163258756304e-02
6.537102812257070128e-02,2.935112858634009836e+00,1.676455348355828566e-07,3.617475313066944860e-04,6.416314336677057806e-02,9.354749414563874321e-01,6.140130118716591312e-02
6.632736533287224290e-02,2.934156402218079052e+00,1.754317689570388476e-07,3.727377346418956489e-04,6.509759601732947876e-02,9.345294908162593561e-01,6.225474647295214936e-02
6.729769315776364114e-02,2.933172270639348156e+00,1.836997089908561606e-07,3.842254256014722251e-04,6.605872741032094153e-02,9.335568634643682806e-01,6.313133699861062098e-02
6.828221627117636583e-02,2.932159686354679273e+00,1.924830462228593698e-07,3.962356428684792519e-04,6.704726491044542269e-02,9.325563069636398916e-01,6.403163167383674192e-02
6.928114234129327531e-02,2.931117851353377102e+00,2.018180417273862389e-07,4.087947830315056055e-04,6.806395362643560820e-02,9.315270497724914556e-01,6.495619871875923934e-02
7.029468207435278504e-02,2.930045946699091797e+00,2.117437349656836098e-07,4.219306775581514518e-04,6.910955671458497707e-02,9.304683008641211339e-01,6.590561554521201515e-02
7.132304925909356552e-02,2.928943132073332123e+00,2.223021700611333148e-07,4.356726741430526459e-04,7.018485567186881491e-02,9.293792493518172604e-01,6.688046860843321895e-02
7.236646081184977541e-02,2.927808545321121780e+00,2.335386412983516118e-07,4.500517226771989852e-04,7.129065061759803923e-02,9.282590641210828331e-01,6.788135322743116262e-02
7.342513682230558669e-02,2.926641301999195477e+00,2.455019595343059285e-07,4.651004661018867713e-04,7.242776056272287599e-02,9.271068934692160424e-01,6.890887337239171018e-02
7.449930059991960452e-02,2.925440494817084680e+00,2.582447425492551376e-07,4.808533378808258017e-04,7.359702377292605402e-02,9.259218646444506984e-01,6.996364151401124332e-02
7.558917872102782765e-02,2.924205193175718254e+00,2.718237293592974885e-07,4.973466638156338274e-04,7.479929802546343709e-02,9.247030834869919280e-01,7.104627835275678649e-02
7.669500107663634880e-02,2.922934442908700081e+00,2.863001192377397260e-07,5.146187669335989829e-04,7.603546065707618429e-02,9.234496342758714560e-01,7.215741233608774508e-02
7.781700092091259346e-02,2.921627265372762849e+00,3.017399475144476512e-07,5.327100873546292137e-04,7.730640923268741749e-02,9.221605789400110220e-01,7.329767970867528959e-02
7.895541492038651854e-02,2.920282657446240382e+00,3.182144833004042564e-07,5.516632964746479798e-04,7.861306131736083003e-02,9.208349571716812898e-01,7.446772372977328303e-02
8.011048320387109678e-02,2.918899590561182311e+00,3.358006734872344034e-07,5.715234313907727095e-04,7.995635517401537828e-02,9.194717855939202877e-01,7.566819469449725943e-02
8.128244941311367489e-02,2.917477010712564933e+00,3.545816131734540477e-07,5.923380230624372472e-04,8.133724949647125335e-02,9.180700578988533200e-01,7.689974906230290230e-02
8.247156075418758669e-02,2.916013837498951045e+00,3.746470698247131975e-07,6.141572460757742814e-04,8.275672406769005174e-02,9.166287440391650554e-01,7.816304938396356761e-02
8.367806804963644207e-02,2.914508963901598637e+00,3.960940436124184232e-07,6.370340661787990671e-04,8.421577968391232016e-02,9.151467901558650864e-01,7.945876354184377988e-02
8.490222579138043124e-02,2.912961255835187835e+00,4.190273799392766706e-07,6.610243997373485472e-04,8.571543828319606873e-02,9.136231182896860092e-01,8.078756414278132070e-02
8.614429219439737051e-02,2.911369551493650398e+00,4.435604391187179545e-07,6.861872857106539152e-04,8.725674325361022776e-02,9.120566259002398368e-01,8.215012803796994945e-02
8.740452925118832872e-02,2.909732660941053872e+00,4.698158216850926246e-07,7.125850638316258119e-04,8.884075948381942034e-02,9.104461856365277939e-01,8.354713558075133051e-02
8.868320278704083792e-02,2.908049365646542039e+00,4.979261588289726683e-07,7.402835640512363822e-04,9.046857344688163938e-02,9.087906450629091859e-01,8.497926988050430452e-02
8.998058251609972191e-02,2.906318418003444037e+00,5.280349733994120181e-07,7.693523073155501260e-04,9.214129327700203154e-02,9.070888263807082019e-01,8.644721601565485969e-02
9.129694209825907347e-02,2.904538540860336582e+00,5.602976175193911726e-07,7.998647178993666465e-04,9.386004881101306374e-02,9.053395261734704658e-01,8.795166018009226150e-02
9.263255919688570539e-02,2.902708427064740526e+00,5.948822938432538537e-07,8.318983479637515315e-04,9.562599159245266378e-02,9.035415151772905329e-01,8.949328876072826233e-02
9.398771553738778650e-02,2.900826739011065136e+00,6.319711683364448372e-07,8.655351152120603370e-04,9.744029484500546512e-02,9.016935380686140755e-01,9.107278735119095359e-02
9.536269696663966788e-02,2.898892108110926458e+00,6.717615847906607374e-07,9.008615559409946082e-04,9.930415349243892909e-02,8.997943131900357772e-01,9.269083976820802206e-02
9.675779351327665201e-02,2.896903134495576460e+00,7.144673841253203819e-07,9.379690887141045076e-04,1.012187839248425425e-01,8.978425325190589890e-01,9.434812680932047613e-02
9.817329944887119575e-02,2.894858386613516466e+00,7.603203449391895483e-07,9.769542954031103232e-04,1.031854238346428948e-01,8.958368615496092868e-01,9.604532503384710651e-02
9.960951335000479967e-02,2.892756400594245214e+00,8.095717602394077160e-07,1.017919223373495424e-03,1.052053322437261629e-01,8.937759389611398264e-01,9.778310566956349703e-02
1.010667381612471855e-01,2.890595680097539422e+00,8.624941464034173817e-07,1.060971696059193536e-03,1.072797890279047345e-01,8.916583767818901940e-01,9.956213304613292792e-02
1.025452812590576940e-01,2.888374695873530573e+00,9.193831145344976796e-07,1.106225647479523082e-03,1.094100946821678633e-01,8.894827602872384942e-01,1.013830631987868713e-01
1.040454545166205613e-01,2.886091885308897265e+00,9.805594136322053031e-07,1.153801476927169070e-03,1.115975700590094155e-01,8.872476479046503828e-01,1.032465424089519246e-01
1.055675743696296576e-01,2.883745652190405906e+00,1.046371155398456712e-06,1.203826420122006916e-03,1.138435558558851951e-01,8.849515713528378624e-01,1.051532054921349157e-01
1.071119618830347203e-01,2.881334366451853146e+00,1.117196243626437723e-06,1.256434942551615166e-03,1.161494120743110092e-01,8.825930357868930765e-01,1.071036740253301645e-01
1.086789428187648482e-01,2.878856363659993978e+00,1.193445035463976351e-06,1.311769161916896730e-03,1.185165176810675930e-01,8.801705197119806812e-01,1.090985547083711538e-01
1.102688477044420079e-01,2.876309944973350241e+00,1.275563234488843202e-06,1.369979285122590587e-03,1.209462697666991854e-01,8.776824753849430394e-01,1.111384372638095641e-01
1.118820119031005561e-01,2.873693376883231121e+00,1.364035058199260368e-06,1.431224075958879415e-03,1.234400828596780159e-01,8.751273290293054563e-01,1.132238924358706100e-01
1.135187756839257794e-01,2.871004890894609307e+00,1.459386702310345455e-06,1.495671352075539796e-03,1.259993882411351018e-01,8.725034810200877899e-01,1.153554699566381458e-01
1.151794842940283836e-01,2.868242683442418617e+00,1.562190119888686530e-06,1.563498505901938151e-03,1.286256329754162930e-01,8.698093063285613491e-01,1.175336962436528410e-01
1.168644880312678380e-01,2.865404915759598659e+00,1.673067155103428958e-06,1.634893057612992829e-03,1.313202789237108425e-01,8.670431549515213998e-01,1.197590720568761924e-01
1.185741423181422560e-01,2.862489713782455425e+00,1.792694062922083943e-06,1.710053240039601918e-03,1.340848016552771971e-01,8.642033524106205178e-01,1.220320700463695118e-01
1.203088077767580644e-01,2.859495168102382578e+00,1.921806451650880623e-06,1.789188617183381591e-03,1.369206892438972201e-01,8.612882003324683344e-01,1.243531321841135906e-01
1.220688503048975859e-01,2.856419333966008445e+00,2.061204689122473152e-06,1.872520738252052286e-03,1.398294409434215901e-01,8.582959771136378091e-01,1.267226670798642374e-01
1.238546411531983443e-01,2.853260231325759122e+00,2.211759817417462701e-06,1.960283829248913191e-03,1.428125657362895318e-01,8.552249386746436643e-01,1.291410471810756633e-01
1.256665570034624646e-01,2.850015844934143061e+00,2.374420025945639216e-06,2.052725524515083312e-03,1.458715807567473322e-01,8.520733192987109961e-01,1.316086058642262913e-01
1.275049800481107831e-01,2.846684124449389230e+00,2.550217739255994776e-06,2.150107641559246760e-03,1.490080096142742949e-01,8.488393325264271816e-01,1.341256344443149118e-01
1.293702980708001382e-01,2.843262984742155997e+00,2.740277369603158407e-06,2.252706996114680477e-03,1.522233804335052509e-01,8.455211722930102702e-01,1.366923789623530894e-01
1.312629045282192597e-01,2.839750306151015202e+00,2.945823812538299822e-06,2.360816267112314428e-03,1.555192238433225349e-01,8.421170140657525671e-01,1.393090369473917178e-01
1.331831986330820894e-01,2.836143934710019021e+00,3.168191758908317866e-06,2.474744914159116970e-03,1.588970708863834402e-01,8.386250160076976767e-01,1.419757541365420650e-01
1.351315854383343673e-01,2.832441682697838914e+00,3.408835882267217521e-06,2.594820139486014171e-03,1.623584505155423463e-01,8.350433205090893596e-01,1.446926208992938001e-01
1.371084759225931204e-01,2.828641329060705090e+00,3.669342015390377379e-06,2.721387911005723140e-03,1.659048870912379625e-01,8.313700556557410692e-01,1.474596687073148615e-01
1.391142870768349027e-01,2.824740619939495989e+00,3.951439400704133161e-06,2.854814042874346657e-03,1.695378976565550255e-01,8.276033368611704910e-01,1.502768664834617240e-01
1.411494419923534083e-01,2.820737269373902123e+00,4.257014115458638403e-06,2.995485334160269755e-03,1.732589889154315665e-01,8.237412687362928310e-01,1.531441167875851050e-01
1.432143699500028067e-01,2.816628959988445757e+00,4.588123803077333483e-06,3.143810775643507242e-03,1.770696540888599402e-01,8.197819470116941565e-01,1.560612519907369489e-01
1.453095065107476713e-01,2.812413343803427779e+00,4.947013831374201487e-06,3.300222823740844424e-03,1.809713695075974571e-01,8.157234606548307010e-01,1.590280303440287923e-01
1.474352936075364606e-01,2.808088043177353388e+00,5.336135019648151848e-06,3.465178744939872556e-03,1.849655909277104493e-01,8.115638941923308813e-01,1.620441319511423117e-01
1.495921796385202285e-01,2.803650651777681801e+00,5.758163101847085535e-06,3.639162038606660442e-03,1.890537496557986863e-01,8.073013301424926125e-01,1.651091547308149998e-01
1.517806195616339671e-01,2.799098735712183927e+00,6.216020089585631588e-06,3.822683937526013750e-03,1.932372483524962548e-01,8.029338516898885114e-01,1.682226102909609722e-01
1.540010749905626475e-01,2.794429834742435670e+00,6.712897734556999724e-06,4.016284993456042431e-03,1.975174565774470981e-01,7.984595455313617807e-01,1.713839197868640696e-01
1.562540142921101660e-01,2.789641463607284155e+00,7.252283301386554805e-06,4.220536751316303868e-03,2.018957060401787851e-01,7.938765049252034522e-01,1.745924097618711812e-01
1.585399126849937890e-01,2.784731113466362373e+00,7.837987885422606079e-06,4.436043516394575295e-03,2.063732855371923636e-01,7.891828329585276469e-01,1.778473079843063687e-01
1.608592523400827201e-01,2.779696253467048628e+00,8.474177535264256110e-06,4.663444219408162741e-03,2.109514355615275394e-01,7.843766460415283470e-01,1.811477393005267444e-01
1.632125224821044107e-01,2.774534332437658790e+00,9.165407467301406970e-06,4.903414384474556395e-03,2.156313425709908138e-01,7.794560776370675903e-01,1.844927215267615495e-01
1.656002194928374582e-01,2.769242780709261886e+00,9.916659690025983961e-06,5.156668205267936865e-03,2.204141329011333472e-01,7.744192822339091009e-01,1.878811614046185241e-01
1.680228470158153797e-01,2.763819012068290171e+00,1.073338438968335614e-05,5.423960734854118768e-03,2.253008663088342522e-01,7.692644395719224759e-01,1.913118506473541203e-01
1.704809160625609110e-01,2.758260425841192909e+00,1.162154546644189624e-05,5.706090194936700929e-03,2.302925291325329249e-01,7.639897591270634614e-01,1.947834621070008154e-01
1.729749451203757282e-01,2.752564409112213006e+00,1.258767065195485530e-05,6.003900410462651230e-03,2.353900270549085239e-01,7.585934848639777073e-01,1.982945460946297089e-01
1.755054602617057424e-01,2.746728339084086201e+00,1.363890668379577536e-05,6.318283375243854277e-03,2.405941774453747573e-01,7.530739002726977160e-01,2.018435268833993490e-01
1.780729952551077799e-01,2.740749585786679265e+00,1.478308002430927749e-05,6.650181943321604658e-03,2.459057010866038395e-01,7.474293338900500627e-01,2.054286993103335845e-01
1.806780916778379653e-01,2.734625514520892864e+00,1.602876381930838003e-05,7.000592685590822754e-03,2.513252138164700500e-01,7.416581647341206063e-01,2.090482258898989087e-01
1.833212990300890355e-01,2.728353488687917494e+00,1.738535163392955154e-05,7.370568884173834059e-03,2.568532174888347730e-01,7.357588282753581010e-01,2.127001340822056719e-01
1.860031748508970406e-01,2.721930873227408121e+00,1.886313861006886966e-05,7.761223654482921237e-03,2.624900900477946109e-01,7.297298231591119455e-01,2.163823136491487276e-01
1.887242848357455205e-01,2.715355037023914786e+00,2.047341120497320774e-05,8.173733299794518070e-03,2.682360761428800311e-01,7.235697171461200616e-01,2.200925150952484088e-01
1.914852029558882229e-01,2.708623357154262390e+00,2.222854574364173619e-05,8.609340732026156753e-03,2.740912757444537995e-01,7.172771549777762212e-01,2.238283475882010265e-01
1.942865115794194242e-01,2.701733221428097131e+00,2.414211758586014015e-05,9.069359182078568296e-03,2.800556338549890500e-01,7.108508648453468748e-01,2.275872784419128436e-01
1.971288015941135841e-01,2.694682032879459843e+00,2.622902109192222776e-05,9.555175976632350465e-03,2.861289281040006460e-01,7.042896668982754349e-01,2.313666321537359849e-01
2.000126725320637011e-01,2.687467213265670729e+00,2.850560231224976397e-05,1.006825657305847332e-02,2.923107567812771035e-01,6.975924810433526968e-01,2.351635907103917233e-01
2.029387326961414884e-01,2.680086206801536530e+00,3.098980544830895147e-05,1.061014878351246651e-02,2.986005262150916995e-01,6.907583351959469820e-01,2.389751945195541794e-01
2.059075992883092343e-01,2.672536484844927340e+00,3.370133428170578565e-05,1.118248713696831653e-02,3.049974368782920053e-01,6.837863746504584395e-01,2.427983436769824976e-01
2.089198985398071640e-01,2.664815550054077331e+00,3.666183064969406126e-05,1.178699748721699116e-02,3.115004694795396878e-01,6.766758712025937594e-01,2.466298004187050807e-01
2.119762658432464142e-01,2.656920940877857351e+00,3.989507150874358463e-05,1.242550181049009543e-02,3.181083702866385199e-01,6.694262328313634880e-01,2.504661923640369992e-01
2.150773458866345467e-01,2.648850236281608872e+00,4.342718658733698742e-05,1.309992319955901111e-02,3.248196357595118933e-01,6.620370138543421046e-01,2.543040166775503153e-01
2.182237927893605489e-01,2.640601060635000330e+00,4.728689884342966645e-05,1.381229105929055075e-02,3.316324965498903543e-01,6.545079254919763390e-01,2.581396452599502567e-01
2.214162702401709371e-01,2.632171088752722543e+00,5.150579015488983053e-05,1.456474650241830308e-02,3.385449008719773056e-01,6.468388468354498988e-01,2.619693310436836953e-01
2.246554516371626065e-01,2.623558051077434339e+00,5.611859492781676162e-05,1.535954794237711502e-02,3.455544972530298908e-01,6.390298362096658025e-01,2.657892154682635066e-01
2.279420202298253761e-01,2.614759738992821880e+00,6.116352458955008685e-05,1.619907687774837374e-02,3.526586166779143161e-01,6.310811429197482614e-01,2.695953372093295997e-01
2.312766692631609278e-01,2.605774010335538016e+00,6.668262619021293259e-05,1.708584385188606156e-02,3.598542540821189628e-01,6.229932194398046796e-01,2.733836421984507936e-01
2.346601021239116402e-01,2.596598795508855417e+00,7.272217841658335945e-05,1.802249453095989759e-02,3.671380488939744446e-01,6.147667343966488618e-01,2.771499948386590972e-01
2.380930324889270200e-01,2.587232102404757761e+00,7.933313012226842311e-05,1.901181606327975032e-02,3.745062660783177733e-01,6.064025847282807913e-01,2.808901912173356052e-01
2.415761844757026156e-01,2.577672022695162379e+00,8.657158416782272515e-05,2.005674344539528850e-02,3.819547756615426226e-01,5.979019093088938641e-01,2.845999732862418696e-01
2.451102927951189503e-01,2.567916738663791776e+00,9.449933160718630828e-05,2.116036592993956675e-02,3.894790314815070320e-01,5.892661032569460611e-01,2.882750444587971472e-01
2.486961029064172213e-01,2.557964527654909226e+00,1.031844438700439036e-04,2.232593377453100103e-02,3.970740514644183761e-01,5.804968303171804678e-01,2.919110877460262543e-01
2.523343711744400752e-01,2.547813770202807415e+00,1.127019238499092022e-04,2.355686461091221692e-02,4.047343948038168437e-01,5.715960386614205024e-01,2.955037841439196455e-01
2.560258650291747928e-01,2.537462955100475703e+00,1.231344275223433501e-04,2.485675013878961906e-02,4.124541413393797984e-01,5.625659740943088627e-01,2.990488338378494149e-01
2.597713631276281632e-01,2.526910685882665764e+00,1.345730593565955399e-04,2.622936258336634047e-02,4.202268697725294322e-01,5.534091945847467997e-01,3.025419785082013036e-01
2.635716555180721565e-01,2.516155688068454577e+00,1.471182490129237350e-04,2.767866089220159462e-02,4.280456354001019315e-01,5.441285854586830339e-01,3.059790250215179697e-01
2.674275438066895938e-01,2.505196815014443246e+00,1.608807196040693574e-04,2.920879686518697629e-02,4.359029490963705067e-01,5.347273733188384615e-01,3.093558711617045986e-01
2.713398413266605580e-01,2.494033054528136617e+00,1.759825539419357073e-04,3.082412084831829407e-02,4.437907561134022960e-01,5.252091404843378664e-01,3.126685325820206529e-01
2.753093733097194962e-01,2.482663535461065329e+00,1.925583686563194018e-04,3.252918696823868527e-02,4.517004154964878726e-01,5.155778391666169247e-01,3.159131711457057179e-01
2.793369770602252555e-01,2.471087534238504801e+00,2.107566060367194920e-04,3.432875778036306030e-02,4.596226803826580221e-01,5.058378052309419060e-01,3.190861245205391938e-01
2.834235021317744740e-01,2.459304481294588562e+00,2.307409540429272905e-04,3.622780818363095096e-02,4.675476794760192734e-01,4.959937713863064035e-01,3.221839368488206290e-01
2.875698105064015131e-01,2.447313967383666355e+00,2.526919054965176483e-04,3.823152843484115687e-02,4.754649000301602313e-01,4.860508796295016087e-01,3.252033902698148182e-01
2.917767767763976838e-01,2.435115749913189465e+00,2.768084676157049162e-04,4.034532604350862112e-02,4.833631725969454451e-01,4.760146928919299913e-01,3.281415369833853291e-01
2.960452883287923997e-01,2.422709759955490316e+00,3.033100321089121491e-04,4.257482620294385928e-02,4.912306575422971666e-01,4.658912062226506778e-01,3.309957313923996836e-01
3.003762455325312830e-01,2.410096106633500490e+00,3.324384247921504071e-04,4.492587110342303319e-02,4.990548358852762711e-01,4.556868545865082609e-01,3.337636627131450595e-01
3.047705619283942458e-01,2.397275084992855909e+00,3.644601341294158433e-04,4.740451677444317696e-02,5.068225010558696786e-01,4.454085220355578634e-01,3.364433861904387868e-01
3.092291644216903501e-01,2.384247179984814835e+00,3.996687465272842675e-04,5.001702849121949374e-02,5.145197567931641958e-01,4.350635459690889162e-01,3.390333541201355771e-01
3.137529934777735230e-01,2.371013073747604949e+00,4.383875833834665779e-04,5.276987309238925783e-02,5.221320173174661683e-01,4.246597220067610534e-01,3.415324445410377052e-01
3.183430033204163734e-01,2.357573649388743586e+00,4.809725676018615915e-04,5.566970917993040169e-02,5.296440145485892259e-01,4.142053037038782581e-01,3.439399884170333266e-01
3.230001621330884087e-01,2.343929996756664913e+00,5.278153151658773919e-04,5.872337376936329068e-02,5.370398097591093656e-01,4.037090011563610470e-01,3.462557935173498080e-01
3.277254522631764533e-01,2.330083417306792803e+00,5.793464670264664423e-04,6.193786557810849330e-02,5.443028121359118066e-01,3.931799758189536420e-01,3.484801648842363875e-01
3.325198704291952301e-01,2.316035428242586569e+00,6.360392675001190878e-04,6.532032456105765772e-02,5.514158048327969519e-01,3.826278313386450858e-01,3.506139210652303717e-01
3.373844279310265204e-01,2.301787766635435606e+00,6.984133900601505705e-04,6.887800715952518971e-02,5.583609788753327585e-01,3.720626005750816701e-01,3.526584052040444561e-01
3.423201508632368606e-01,2.287342393103662275e+00,7.670390116163384921e-04,7.261825698496562898e-02,5.651199758915582683e-01,3.614947281118599531e-01,3.546154902687499444e-01
3.473280803315131893e-01,2.272701495425658802e+00,8.425411290264825685e-04,7.654847049220012134e-02,5.716739402028624406e-01,3.509350481759112572e-01,3.564875775768250321e-01
3.524092726722672930e-01,2.257867491032385932e+00,9.256041136055506496e-04,8.067605760792907754e-02,5.780035814109386605e-01,3.403947568675265156e-01,3.582775879985415912e-01
3.575647996754507951e-01,2.242843029162617796e+00,1.016976485837763847e-03,8.500839687678700407e-02,5.840892476262947719e-01,3.298853790110803930e-01,3.599889450183422213e-01
3.627957488106317019e-01,2.227630993872837806e+00,1.117475880525052329e-03,8.955278457359870659e-02,5.899110093383894693e-01,3.194187302074866786e-01,3.616255489316495542e-01
3.681032234563764161e-01,2.212234503947867470e+00,1.227994198095353753e-03,9.431637883777299614e-02,5.954487557823011645e-01,3.090068711818306779e-01,3.631917421459860407e-01
3.734883431329893977e-01,2.196656915214086236e+00,1.349502871724023731e-03,9.930613725674986014e-02,6.006823016572409024e-01,2.986620582142848201e-01,3.646922646564112469e-01
3.789522437386555476e-01,2.180901819861889024e+00,1.483058240738483174e-03,1.045287496537143784e-01,6.055915061084664597e-01,2.883966859970805707e-01,3.661322001844053986e-01
3.844960777890398251e-01,2.164973046532011836e+00,1.629806952900756051e-03,1.099905652758481484e-01,6.101564020575888092e-01,2.782232257136620923e-01,3.675169127190613949e-01
3.901210146603888984e-01,2.148874659646251573e+00,1.790991343913418601e-03,1.156975153143524060e-01,6.143573356933035301e-01,2.681541576484307021e-01,3.688519740536495561e-01
3.958282408361923910e-01,2.132610957760842751e+00,1.967954728359374173e-03,1.216550315251186121e-01,6.181751150038408138e-01,2.582018987426809020e-01,3.701430830629908186e-01
4.016189601574499113e-01,2.116186471538249236e+00,2.162146520948510665e-03,1.278679616188320434e-01,6.215911656612425062e-01,2.483787261989773010e-01,3.713959777330915202e-01
4.074943940766017625e-01,2.099605961057663173e+00,2.375127108268398467e-03,1.343404825715714124e-01,6.245876924743898329e-01,2.386966978457706334e-01,3.726163413721934603e-01
4.134557819151719049e-01,2.082874412475093528e+00,2.608572384480164694e-03,1.410760130977468663e-01,6.271478441759734679e-01,2.291675703417999921e-01,3.738097047343744705e-01
4.195043811251830679e-01,2.065997034104785968e+00,2.864277860722017240e-03,1.480771266651523810e-01,6.292558789827424892e-01,2.198027164913828602e-01,3.749813460887958527e-01
4.256414675543928050e-01,2.048979251699542647e+00,3.144162261824713644e-03,1.553454666881513291e-01,6.308973281386809351e-01,2.106130429113431679e-01,3.761361915497456465e-01
4.318683357154134983e-01,2.031826703142596724e+00,3.450270520239591496e-03,1.628816654598665148e-01,6.320591543769507048e-01,2.016089096429429517e-01,3.772787181508414633e-01
4.381862990587654938e-01,2.014545232649978868e+00,3.784776081713505866e-03,1.706852684642204965e-01,6.327299021764408726e-01,1.928000532776254772e-01,3.784128622758560212e-01
4.445966902499288165e-01,1.997140884097086344e+00,4.149982453389671269e-03,1.787546659203514410e-01,6.328998367020414184e-01,1.841955149242173739e-01,3.795419361143816950e-01
4.511008614504440906e-01,1.979619893835971922e+00,4.548323921641546884e-03,1.870870330200835319e-01,6.325610683589368843e-01,1.758035746993382442e-01,3.806685546787305086e-01
4.577001846031296672e-01,1.961988682915198678e+00,4.982365385025393396e-03,1.956782803798635950e-01,6.317076601699985750e-01,1.676316940651126353e-01,3.817945757585556876e-01
4.643960517214672512e-01,1.944253848622187419e+00,5.454801261315804506e-03,2.045230160459647339e-01,6.303357155019366775e-01,1.596864671907831101e-01,3.829210548885715326e-01
4.711898751832251930e-01,1.926422155495794319e+00,5.968453435692995870e-03,2.136145200415544010e-01,6.284434441140193117e-01,1.519735824087337372e-01,3.840482169911729748e-01
4.780830880283732931e-01,1.908500525780889356e+00,6.526268234025789199e-03,2.229447322407313581e-01,6.260312050355698599e-01,1.444977944896727318e-01,3.851754458841338824e-01
4.850771442613597828e-01,1.890496029296265368e+00,7.131312418660612149e-03,2.325042540449926975e-01,6.231015253577675272e-01,1.372629081785792238e-01,3.863012922983299902e-01
4.921735191578066049e-01,1.872415872866299402e+00,7.786768209810342178e-03,2.422823639147158037e-01,6.196590946748370410e-01,1.302717732006364870e-01,3.874235004581261244e-01
4.993737095756953792e-01,1.854267389249463882e+00,8.495927351136736347e-03,2.522670465911130422e-01,6.157107355148988548e-01,1.235262905428510527e-01,3.885390527023453444e-01
5.066792342711016195e-01,1.836058025569928587e+00,9.262184243849847995e-03,2.624450354996867296e-01,6.112653506991496677e-01,1.170274295573141554e-01,3.896442310523680064e-01
5.140916342185520849e-01,1.817795331445757334e+00,1.008902816986549655e-02,2.728018674413760780e-01,6.063338491618939230e-01,1.107752552268644886e-01,3.907346941047409317e-01
5.216124729360664958e-01,1.799486946732633763e+00,1.098003463569671538e-02,2.833219485905507651e-01,6.009290521791754713e-01,1.047689645945773657e-01,3.918055671973124099e-01
5.292433368149521700e-01,1.781140588845195438e+00,1.193885586813036789e-02,2.939886306183086551e-01,5.950655823137955824e-01,9.900693119976519685e-02,3.928515434395682959e-01
5.369858354544300161e-01,1.762764039861910437e+00,1.296921047758711927e-02,3.047842954924759318e-01,5.887597377203760418e-01,9.348675630956081173e-02,3.938669929297446970e-01
5.448416020011490613e-01,1.744365133563070103e+00,1.407487229839579114e-02,3.156904474623064005e-01,5.820293546171304566e-01,8.820532562216756856e-02,3.948460773398290158e-01
5.528122934936714472e-01,1.725951741969667275e+00,1.525965844333926000e-02,3.266878110696838089e-01,5.748936605609461514e-01,8.315886992603040151e-02,3.957828670396126292e-01
5.608995912119948413e-01,1.707531761832361328e+00,1.652741655660233677e-02,3.377564335511348825e-01,5.673731213955628405e-01,7.834302849670024549e-02,3.966714579373604721e-01
5.691052010321917543e-01,1.689113101461138022e+00,1.788201123345222604e-02,3.488757900947206947e-01,5.594892846490633342e-01,7.375291402276350217e-02,3.975060853681808837e-01
5.774308537862332669e-01,1.670703666619792305e+00,1.932730968989444451e-02,3.600248915362355695e-01,5.512646212380525323e-01,6.938317753581722813e-02,3.982812326539826309e-01
5.858783056270788769e-01,1.652311347440694522e+00,2.086716653591432630e-02,3.711823922694666988e-01,5.427223684126294412e-01,6.522807278198959613e-02,3.989917320766074305e-01
5.944493383991047430e-01,1.633944004650746074e+00,2.250540776249790320e-02,3.823266984973952010e-01,5.338863750669692321e-01,6.128151867313751111e-02,3.996328564893927293e-01
6.031457600139560338e-01,1.615609456196873017e+00,2.424581385532963498e-02,3.934360754158999773e-01,5.247809514053374258e-01,5.753715932343266698e-02,4.002003999953882563e-01
6.119694048318929935e-01,1.597315464047697420e+00,2.609210204369639269e-02,4.044887528561005308e-01,5.154307241090119174e-01,5.398842099119103427e-02,4.006907465269566870e-01
6.209221340487182106e-01,1.579069721256737280e+00,2.804790767919446842e-02,4.154630288593981757e-01,5.058604979868827067e-01,5.062856547452455197e-02,4.011009254878201702e-01
6.300058360883621367e-01,1.560879838719862578e+00,3.011676482531951832e-02,4.263373711647415187e-01,4.960951244746960587e-01,4.745073953524297367e-02,4.014286539585678604e-01
6.392224270012162313e-01,1.542753333433392271e+00,3.230208589440797251e-02,4.370905152562912788e-01,4.861593783708023642e-01,4.444802047849876619e-02,4.016723652261462441e-01
6.485738508682891146e-01,1.524697615619281077e+00,3.460714067366442437e-02,4.477015603560768886e-01,4.760778416475721642e-01,4.161345732268655062e-02,4.018312237754235738e-01
6.580620802112779888e-01,1.506719977188267778e+00,3.703503454854255306e-02,4.581500617277103338e-01,4.658747957106838533e-01,3.894010801306320435e-02,4.019051270298001910e-01
6.676891164086354857e-01,1.488827580455255761e+00,3.958868613983500262e-02,4.684161198222558387e-01,4.555741214807270123e-01,3.642107255718195213e-02,4.018946944355503703e-01
6.774569901177296405e-01,1.471027447183426817e+00,4.227080448553102721e-02,4.784804660938731802e-01,4.451992071722342126e-01,3.404952224836171187e-02,4.018012446510756952e-01
6.873677617031738185e-01,1.453326448111607716e+00,4.508386591558014717e-02,4.883245452524108132e-01,4.347728636368307087e-01,3.181872519517849052e-02,4.016267617756383856e-01
6.974235216714262942e-01,1.435731293005970466e+00,4.803009081198281183e-02,4.979305937567993778e-01,4.243172470444827038e-01,2.972206838673519327e-02,4.013738516987515048e-01
7.076263911117436356e-01,1.418248521303204779e+00,5.111142047330335947e-02,5.072817142966953297e-01,4.138537886834934842e-01,2.775307654650752132e-02,4.010456897705103607e-01
7.179785221435924791e-01,1.400884493282538390e+00,5.432949435521948478e-02,5.163619460299549990e-01,4.034031315918927829e-01,2.590542802293268124e-02,4.006459610844461672e-01
7.284820983705989628e-01,1.383645381898008120e+00,5.768562795451959851e-02,5.251563301835107112e-01,3.929850738714125713e-01,2.417296799055741047e-02,4.001787947364929821e-01
7.391393353411436218e-01,1.366537165209713800e+00,6.118079166025658377e-02,5.336509706780220297e-01,3.826185184534726669e-01,2.254971920824882722e-02,3.996486934667513591e-01
7.499524810156905641e-01,1.349565619364733626e+00,6.481559091785801807e-02,5.418330893758969147e-01,3.723214291298979628e-01,2.102989057634693446e-02,3.990604601112943683e-01
7.609238162409600603e-01,1.332736311894028081e+00,6.859024811172530212e-02,5.496910755911998958e-01,3.621107925883968459e-01,1.960788370867815392e-02,3.984191222819946088e-01
7.720556552310309240e-01,1.316054596754655304e+00,7.250458619798098858e-02,5.572145287062373331e-01,3.520025872389276334e-01,1.827829785685420455e-02,3.977298567345770586e-01
7.833503460554861464e-01,1.299525608382229303e+00,7.655801503794855412e-02,5.643942946925906146e-01,3.420117571187437089e-01,1.703593315071712938e-02,3.969979146828166439e-01
7.948102711346936022e-01,1.283154258106727674e+00,8.074952000815578679e-02,5.712224944958069761e-01,3.321521928771911103e-01,1.587579261884614068e-02,3.962285494767598948e-01
8.064378477423421732e-01,1.266945229696697872e+00,8.507765394517705082e-02,5.776925453041679148e-01,3.224367178594359507e-01,1.479308289121938555e-02,3.954269477116676423e-01
8.182355285153202207e-01,1.250902976617021434e+00,8.954053207800231895e-02,5.837991731590524980e-01,3.128770808308662388e-01,1.378321393207882287e-02,3.945981649619023646e-01
8.302058019710593095e-01,1.235031719491939128e+00,9.413583053437549197e-02,5.895384172561052294e-01,3.034839543927235206e-01,1.284179781679562794e-02,3.937470670269440642e-01
8.423511930324398822e-01,1.219335444196379736e+00,9.886078849398396984e-02,5.949076255183690654e-01,2.942669392849295296e-01,1.196464670271719585e-02,3.928782775089594281e-01
8.546742635603860050e-01,1.203817900605762548e+00,1.037122140852082125e-01,5.999054413209873315e-01,2.852345744966386376e-01,1.114777009716595366e-02,3.919961323631697692e-01
8.671776128942422224e-01,1.188482601973826380e+00,1.086864940694068637e-01,6.045317813974528942e-01,2.763943530230474899e-01,1.038737151009283891e-02,3.911046418860018026e-01
8.798638784000606394e-01,1.173332824904059324e+00,1.137796072869074193e-01,6.087878050912508554e-01,2.677527430527166796e-01,9.679844569124984935e-03,3.902074604269025748e-01
8.927357360269051467e-01,1.158371609878149799e+00,1.189871417673014631e-01,6.126758752537886377e-01,2.593152143123689246e-01,9.021768666541115159e-03,3.893078639304377031e-01
9.057959008713013516e-01,1.143601762211932993e+00,1.243043153695565922e-01,6.161995112461420288e-01,2.510862691871131314e-01,8.409904197188238992e-03,3.884087352350502620e-01
9.190471277499362435e-01,1.129025853774933585e+00,1.297259995827696466e-01,6.193633345196275508e-01,2.430694784375029005e-01,7.841187460100108517e-03,3.875125569183224261e-01
9.324922117807408206e-01,1.114646224961586496e+00,1.352467463516865420e-01,6.221730075898649348e-01,2.352675208036241195e-01,7.312725254824446221e-03,3.866214112766657163e-01
9.461339889724684760e-01,1.100464987347039569e+00,1.408608174032721372e-01,6.246351670868013350e-01,2.276822262695417376e-01,6.821789240384904668e-03,3.857369869517124350e-01
9.599753368229080319e-01,1.086484026624880972e+00,1.465622158077682924e-01,6.267573518468226856e-01,2.203146222581687519e-01,6.365810087240244934e-03,3.848605915536449373e-01
9.740191749258381160e-01,1.072705006075249656e+00,1.523447192329523969e-01,6.285479269345582987e-01,2.131649823567765833e-01,5.942371475712719328e-03,3.839931695841778403e-01
9.882684655868672063e-01,1.059129370391866942e+00,1.582019144863509308e-01,6.300160046114765544e-01,2.062328769261269623e-01,5.549203976045454477e-03,3.831353248737212613e-01
1.002726214448277142e+00,1.045758349881067861e+00,1.641272328618550713e-01,6.311713632455878686e-01,1.995172250421913263e-01,5.184178850365762405e-03,3.822873467216709731e-01
1.017395471123017536e+00,1.032592964987321338e+00,1.701139858332444965e-01,6.320243651590568001e-01,1.930163471948313780e-01,4.845301812867248981e-03,3.814492389128800731e-01
1.032279329837964665e+00,1.019634031164099452e+00,1.761554006225951041e-01,6.325858743750427671e-01,1.867280182180299786e-01,4.530706784332213556e-03,3.806207507982009020e-01
1.047380930086597717e+00,1.006882163997973034e+00,1.822446552452499924e-01,6.328671751836225656e-01,1.806495198990315243e-01,4.238649672095808410e-03,3.798014096513697702e-01
1.062703457291217068e+00,9.943377846004987086e-01,1.883749126191664458e-01,6.328798923685186040e-01,1.747776928049647738e-01,3.967502207350173844e-03,3.789905535703016470e-01
1.078250143474859035e+00,9.820011252104576815e-01,1.945393533989764334e-01,6.326359138590511577e-01,1.691089868745112579e-01,3.715745867461349612e-03,3.781873642496434984e-01
1.094024267943033424e+00,9.698722350377286805e-01,2.007312071971298073e-01,6.321473164784423560e-01,1.636395104139972134e-01,3.481965910430615940e-03,3.773908990312275780e-01
1.110029157975436220e+00,9.579509862415283017e-01,2.069437819709193660e-01,6.314262953596631034e-01,1.583650771263872548e-01,3.264845543030226414e-03,3.766001217113674748e-01
1.126268189527779739e+00,9.462370800584268826e-01,2.131704913453679184e-01,6.304850974949899323e-01,1.532812509154894975e-01,3.063160244152637011e-03,3.758139316768238647e-01
1.142744787943897444e+00,9.347300530834485865e-01,2.194048796951444114e-01,6.293359597878026568e-01,1.483833882555132544e-01,2.875772261539800631e-03,3.750311910263274262e-01
1.159462428678256884e+00,9.234292836737252319e-01,2.256406448740006787e-01,6.279910518748115233e-01,1.436666779546498796e-01,2.701625296537980836e-03,3.742507494160834947e-01
1.176424638029050396e+00,9.123339981804158283e-01,2.318716586764480447e-01,6.264624238517567667e-01,1.391261780867260600e-01,2.539739385068989774e-03,3.734714664284188856e-01
1.193634993882000783e+00,9.014432777787344531e-01,2.380919845668870161e-01,6.247619590837389936e-01,1.347568503531266781e-01,2.389205996247368170e-03,3.726922314100034050e-01
1.211097126465062290e+00,8.907560646459452558e-01,2.442958933717469527e-01,6.229013319475196209e-01,1.305535913437746720e-01,2.249183336958791683e-03,3.719119806517161564e-01
1.228814719114150078e+00,8.802711686510176214e-01,2.504778763219198123e-01,6.208919705897518737e-01,1.265112612037194162e-01,2.118891884608988408e-03,3.711297120078821399e-01
1.246791509050078739e+00,8.699872738604896849e-01,2.566326558951962933e-01,6.187450244891097295e-01,1.226247094757022399e-01,1.997610139991830985e-03,3.703444969726386038e-01
1.265031288166859724e+00,8.599029449941214542e-01,2.627551944751022606e-01,6.164713366585899967e-01,1.188887982633922008e-01,1.884670602915688260e-03,3.695554903288368331e-01
1.283537903831542870e+00,8.500166339117692926e-01,2.688407008830523415e-01,6.140814202921232035e-01,1.152984228548271234e-01,1.779455969997301330e-03,3.687619375147124234e-01
1.302315259695748573e+00,8.403266860189949616e-01,2.748846349708862769e-01,6.115854395893226547e-01,1.118485298897009539e-01,1.681395550090114760e-03,3.679631798632707618e-01
1.321367316519076685e+00,8.308313462354702805e-01,2.808827106328916634e-01,6.089931943883255538e-01,1.085341330892031914e-01,1.589961889579466709e-03,3.671586578639094434e-01
1.340698093004556890e+00,8.215287659159151712e-01,2.868308965012337786e-01,6.063141086970446070e-01,1.053503271862942098e-01,1.504667615427353940e-03,3.663479127537411228e-01
1.360311666646330853e+00,8.124170082029312789e-01,2.927254160512672287e-01,6.035572221591003483e-01,1.022922993250664908e-01,1.425062464565962249e-03,3.655305864230584678e-01
1.380212174589727780e+00,8.034940544457209732e-01,2.985627456038263405e-01,6.007311848647122199e-01,9.935533901337545437e-02,1.350730518085960490e-03,3.647064200513645549e-01
1.400403814503917488e+00,7.947578100604405504e-01,3.043396113844038520e-01,5.978442547869099455e-01,9.653484621252829412e-02,1.281287616158018365e-03,3.638752515303780299e-01
1.420890845467346120e+00,7.862061101710078326e-01,3.100529855716638861e-01,5.949042976347324041e-01,9.382633784453552062e-02,1.216378949068119613e-03,3.630370118842606297e-01
1.441677588866109083e+00,7.778367252087630135e-01,3.157000813505803638e-01,5.919187889072256015e-01,9.122545292504480319e-02,1.155676817149272305e-03,3.621917208782555742e-01
1.462768429305476126e+00,7.696473664997588449e-01,3.212783470716248924e-01,5.888948179077320155e-01,8.872795646990223883e-02,1.098878550740781069e-03,3.613394819839937933e-01
1.484167815534742418e+00,7.616356916063512505e-01,3.267854597900449187e-01,5.858390933931172384e-01,8.632974223727940544e-02,1.045704579558387774e-03,3.604804768295754025e-01
1.505880261385624141e+00,7.537993088518490925e-01,3.322193186983237734e-01,5.827579503908933978e-01,8.402683427139252814e-02,9.958966393902319702e-04,3.596149592054502797e-01
1.527910346724367541e+00,7.461357834918931342e-01,3.375780368514213481e-01,5.796573589286635464e-01,8.181538809651564548e-02,9.492161233994134226e-04,3.587432490182596023e-01
1.550262718417796615e+00,7.386426413537535707e-01,3.428599341637139086e-01,5.765429328612901028e-01,7.969169043252442852e-02,9.054425424715408953e-04,3.578657258475819170e-01
1.572942091313481727e+00,7.313173740567084913e-01,3.480635289246403197e-01,5.734199402072334140e-01,7.765215875490395769e-02,8.643721132223796842e-04,3.569828226486511102e-01
1.595953249234266957e+00,7.241574435111212127e-01,3.531875294967860013e-01,5.702933139460250045e-01,7.569334010647112143e-02,8.258164507180075628e-04,3.560950194358089016e-01
1.619301045987326493e+00,7.171602860798772516e-01,3.582308260108597597e-01,5.671676632597200118e-01,7.381190936810314018e-02,7.896013613170100752e-04,3.552028370538142799e-01
1.642990406387996982e+00,7.103233166788958108e-01,3.631924819247787650e-01,5.640472852016317207e-01,7.200466714350502173e-02,7.555657300847053994e-04,3.543068311287073113e-01
1.667026327298574362e+00,7.036439328306665075e-01,3.680717254884465772e-01,5.609361766883492750e-01,7.026853732729541890e-02,7.235604959087918323e-04,3.534075862513024746e-01
1.691413878682326288e+00,6.971195186677140443e-01,3.728679411618445738e-01,5.578380467163553957e-01,6.860056441404155381e-02,6.934477077585303071e-04,3.525057104348430226e-01
1.716158204672907139e+00,6.907474477567911997e-01,3.775806618639365730e-01,5.547563281663568935e-01,6.699791031868547464e-02,6.650996510211301758e-04,3.516018297177679885e-01
1.741264524659426938e+00,6.845250876349334712e-01,3.822095599638733465e-01,5.516941904888941206e-01,6.545785149565798433e-02,6.383980515744686361e-04,3.506965833340828786e-01
1.766738134387385584e+00,6.784498019881011199e-01,3.867544400430989460e-01,5.486545512593965501e-01,6.397777536380910846e-02,6.132333336954582303e-04,3.497906189001985244e-01
1.792584407075728858e+00,6.725189549887845564e-01,3.912152301144728450e-01,5.456400887291877888e-01,6.255517720942137261e-02,5.895039469180071235e-04,3.488845882699284640e-01
1.818808794550229813e+00,6.667299129877111152e-01,3.955919748983172113e-01,5.426532529523288018e-01,6.118765641267968902e-02,5.671157366743207005e-04,3.479791433605154971e-01
1.845416828393460440e+00,6.610800480438986382e-01,3.998848278276063151e-01,5.396962776741530687e-01,5.987291312497586282e-02,5.459813732646206716e-04,3.470749326117147926e-01
1.872414121111576790e+00,6.555667404375622453e-01,4.040940439303479237e-01,5.367711915249367971e-01,5.860874472152008408e-02,5.260198231951144707e-04,3.461725976518430503e-01
1.899806367318191525e+00,6.501873810790362862e-01,4.082199729233991214e-01,5.338798289372874706e-01,5.739304227619127646e-02,5.071558631220800121e-04,3.452727702957353872e-01
1.927599344935546855e+00,6.449393738641858720e-01,4.122630524879626890e-01,5.310238407929979143e-01,5.622378708593032265e-02,4.893196331090956348e-04,3.443760698743728588e-01
1.955798916413272082e+00,6.398201379785156684e-01,4.162238017310079252e-01,5.282047047854460109e-01,5.509904725756842314e-02,4.724462259776095728e-04,3.434831008866713331e-01
1.984411029964956885e+00,6.348271097766393645e-01,4.201028151274532885e-01,5.254237352770586567e-01,5.401697428688309599e-02,4.564753086048668361e-04,3.425944508946735523e-01
2.013441720822838565e+00,6.299577442600444721e-01,4.239007569358513861e-01,5.226820926409987411e-01,5.297579965040363076e-02,4.413507727461835235e-04,3.417106886441253488e-01
2.042897112510820179e+00,6.252095183250675481e-01,4.276183543917900787e-01,5.199807933108652191e-01,5.197383187783190944e-02,4.270204195128396831e-04,3.408323627935454514e-01
2.072783418136127764e+00,6.205799302154911823e-01,4.312563940233256066e-01,5.173207173958559446e-01,5.100945292281993532e-02,4.134356579984650964e-04,3.399600002228579942e-01
2.103106941699850463e+00,6.160665034108139260e-01,4.348157146596328682e-01,5.147026185111774899e-01,5.008111558793251761e-02,4.005512412571221028e-04,3.390941054093952745e-01
2.133874079426670622e+00,6.116667860991072958e-01,4.382972040589631635e-01,5.121271307938624062e-01,4.918734013627861640e-02,3.883250108958801383e-04,3.382351592202287316e-01
2.165091321114032130e+00,6.073783533397166812e-01,4.417017935858469357e-01,5.095947771583846375e-01,4.832671158597323657e-02,3.767176697952051849e-04,3.373836184247686609e-01
2.196765251501053839e+00,6.031988083143802193e-01,4.450304537558545936e-01,5.071059767444001665e-01,4.749787692925571542e-02,3.656925704895291332e-04,3.365399152439403352e-01
2.228902551657458098e+00,5.991257832614571566e-01,4.482841901843070964e-01,5.046610518895748854e-01,4.669954240647181121e-02,3.552155196462412727e-04,3.357044570236238368e-01
2.261510000392841224e+00,5.951569403339075359e-01,4.514640397460884524e-01,5.022602347718776450e-01,4.593047088407187922e-02,3.452545979620341883e-04,3.348776260622051137e-01
2.294594475686536406e+00,5.912899725281453023e-01,4.545710668238751029e-01,4.999036738186590778e-01,4.518947936291135836e-02,3.357799945545275719e-04,3.340597796089603277e-01
2.328162956138411399e+00,5.875226044268880843e-01,4.576063598453316006e-01,4.975914397364632480e-01,4.447543656419049307e-02,3.267638540145982313e-04,3.332512499668028871e-01
2.362222522440871941e+00,5.838525930167814959e-01,4.605710278955978398e-01,4.953235313277235541e-01,4.378726064097782783e-02,3.181801357007698412e-04,3.324523447405222654e-01
2.396780358872428796e+00,5.802777284207185637e-01,4.634661975281482715e-01,4.930998810068669691e-01,4.312391698110305122e-02,3.100044838817987876e-04,3.316633471851062054e-01
2.431843754813085567e+00,5.767958343493126971e-01,4.662930099286872743e-01,4.909203599007225249e-01,4.248441606318061059e-02,3.022141074096321633e-04,3.308845165974118596e-01
2.467420106281914105e+00,5.734047677036842039e-01,4.690526188930113638e-01,4.887847821772378643e-01,4.186781126280580273e-02,2.947876669448913178e-04,3.301160886056491162e-01
2.503516917497107030e+00,5.701024208889191591e-01,4.717461867176163115e-01,4.866929108526238945e-01,4.127319725298431163e-02,2.877051767755765691e-04,3.293582761521350322e-01
2.540141802458877773e+00,5.668867197761418009e-01,4.743748837420481146e-01,4.846444606447519177e-01,4.069970770820970085e-02,2.809479049901538665e-04,3.286112695639481496e-01
2.577302486555492322e+00,5.637556263396849010e-01,4.769398841900826524e-01,4.826391035712270794e-01,4.014651394761256653e-02,2.744982910775949428e-04,3.278752377517252792e-01
2.615006808192813725e+00,5.607071365183975420e-01,4.794423660133799170e-01,4.806764713149309642e-01,3.961282281160107693e-02,2.683398600881381144e-04,3.271503283594676681e-01
2.653262720447666201e+00,5.577392822695460550e-01,4.818835074050663025e-01,4.787561600720693367e-01,3.909787537111652361e-02,2.624571517478797899e-04,3.264366689357180440e-01
2.692078292745416768e+00,5.548501307698407992e-01,4.842644857417560122e-01,4.768777333959635101e-01,3.860094521296397740e-02,2.568356493164419396e-04,3.257343674763579777e-01
2.731461712562069266e+00,5.520377842437674820e-01,4.865864761054215504e-01,4.750407252604529340e-01,3.812133691906211680e-02,2.514617150634393655e-04,3.250435131395039701e-01
2.771421287151278889e+00,5.493003803824887399e-01,4.888506494035906313e-01,4.732446433420313125e-01,3.765838472267660220e-02,2.463225317013794757e-04,3.243641771297032794e-01
2.811965445296610966e+00,5.466360922028398184e-01,4.910581710314685933e-01,4.714889717813706138e-01,3.721145114001336851e-02,2.414060471474896062e-04,3.236964134669599313e-01
2.853102739089466322e+00,5.440431278949146021e-01,4.932101996219175888e-01,4.697731737846266853e-01,3.677992567007910135e-02,2.367009233765581108e-04,3.230402597656497066e-01
2.894841845732984531e+00,5.415197306573124036e-01,4.953078858800141204e-01,4.680966940716961844e-01,3.636322355925280386e-02,2.321964890368552795e-04,3.223957380188709476e-01
2.937191569372357591e+00,5.390641785193087676e-01,4.973523714989477873e-01,4.664589611783251932e-01,3.596078462719763669e-02,2.278826955294098618e-04,3.217628553841833106e-01
2.980160842951899536e+00,5.366747841494204918e-01,4.993447881540570288e-01,4.648593896187419028e-01,3.557207215092444280e-02,2.237500762765726409e-04,3.211416049671017015e-01
3.023758730099315617e+00,5.343498946500018221e-01,5.012862565718432251e-01,4.632973819152408912e-01,3.519657180398685914e-02,2.197897089290678130e-04,3.205319665990819522e-01
3.067994427037506799e+00,5.320878913376773101e-01,5.031778856708376546e-01,4.617723305009293067e-01,3.483379064795105035e-02,2.159931802819630407e-04,3.199339076070952803e-01
3.112877264524359866e+00,5.298871893722945092e-01,5.050207718862784745e-01,4.602836194086125099e-01,3.448325615164531815e-02,2.123525534637664511e-04,3.193473835354978529e-01
3.158416709820897061e+00,5.277462369217008620e-01,5.068159989390539355e-01,4.588306255369121178e-01,3.414451518731275587e-02,2.088603367210600001e-04,3.187723387316366841e-01
3.204622368688252454e+00,5.256635159424598580e-01,5.085646363017968241e-01,4.574127209109581926e-01,3.381713333023306928e-02,2.055094570118350735e-04,3.182087073520081799e-01
3.251503987413826291e+00,5.236375412665352780e-01,5.102677391315344479e-01,4.560292737031712007e-01,3.350069393251890737e-02,2.022932327754181994e-04,3.176564139045631729e-01
3.299071454867105846e+00,5.216668592837744312e-01,5.119263485925602541e-01,4.546796488790983970e-01,3.319479718034797772e-02,1.992053479933838525e-04,3.171153736574334747e-01
3.347334804585535561e+00,5.197500496670136583e-01,5.135414896633111459e-01,4.533632108391094651e-01,3.289905966483371025e-02,1.962398327456066458e-04,3.165854938642915783e-01
3.396304216890941863e+00,5.178857223935385834e-01,5.151141729425056104e-01,4.520793227594053776e-01,3.261311326013369150e-02,1.933910379552852962e-04,3.160666736824604417e-01
3.445990021036881235e+00,5.160725199541291719e-01,5.166453921258632453e-01,4.508273494138169690e-01,3.233660484064721646e-02,1.906536196725816860e-04,3.155588055016539939e-01
3.496402697387425373e+00,5.143091142939922866e-01,5.181361259614502002e-01,4.496066562997180216e-01,3.206919522222100721e-02,1.880225166107477074e-04,3.150617747922279666e-01
3.547552879627799971e+00,5.125942088505227590e-01,5.195873359388522017e-01,4.484166122084609629e-01,3.181055891599841173e-02,1.854929366883039255e-04,3.145754613555559187e-01
3.599451357007398489e+00,5.109265361924602011e-01,5.209999677266115015e-01,4.472565886924180778e-01,3.156038324286924990e-02,1.830603381012188416e-04,3.140997393211806266e-01
3.652109076615573269e+00,5.093048581905849082e-01,5.223749505033012941e-01,4.461259612181064371e-01,3.131836786329849492e-02,1.807204152938356883e-04,3.136344778324131610e-01
3.705537145690743550e+00,5.077279663229695705e-01,5.237131962009569097e-01,4.450241103611736748e-01,3.108422435181223270e-02,1.784690860571689068e-04,3.131795417564786077e-01
3.759746833963260482e+00,5.061946800389999224e-01,5.250156004228391238e-01,4.439504215920792030e-01,3.085767550832401590e-02,1.763024767575578915e-04,3.127347918164077867e-01
3.814749576032585576e+00,5.047038466864922635e-01,5.262830420637002460e-01,4.429042860968103734e-01,3.063845492878605747e-02,1.742169107032628971e-04,3.123000851481415596e-01
3.870556973779206711e+00,5.032543411862216987e-01,5.275163831683847837e-01,4.418851013739333311e-01,3.042630656075703474e-02,1.722088969247932548e-04,3.118752757665065878e-01
3.927180798811863216e+00,5.018450655340993549e-01,5.287164689604155754e-01,4.408922716645176654e-01,3.022098425561830365e-02,1.702751194483670286e-04,3.114602149611016557e-01
3.984632994950547680e+00,5.004749483183491554e-01,5.298841278803879673e-01,4.399252083481545728e-01,3.002225134417786656e-02,1.684124272795921328e-04,3.110547516761281162e-01
4.042925680745872441e+00,4.991429440018320118e-01,5.310201718460284548e-01,4.389833301308228575e-01,2.982988019843684641e-02,1.666178247118250706e-04,3.106587328001605974e-01
4.102071152035253299e+00,4.978480325814796936e-01,5.321253962112570957e-01,4.380660634587528190e-01,2.964365186724337436e-02,1.648884627466957228e-04,3.102720035471965287e-01
4.162081884536513954e+00,4.965892191117354248e-01,5.332005798598664637e-01,4.371728427994084898e-01,2.946335570984813176e-02,1.632216308769040365e-04,3.098944077786899842e-01
4.222970536479404124e+00,4.953655332112746335e-01,5.342464853314095041e-01,4.363031108752662979e-01,2.928878904396401209e-02,1.616147493601117514e-04,3.095257883016728773e-01
4.284749951275663271e+00,4.941760285754911997e-01,5.352638589591355300e-01,4.354563188682162855e-01,2.911975681066957672e-02,1.600653619785912863e-04,3.091659871500572199e-01
4.347433160228096227e+00,4.930197824946619400e-01,5.362534310190915088e-01,4.346319265964059264e-01,2.895607125525163916e-02,1.585711292509122024e-04,3.088148458495869608e-01
4.411033385279315766e+00,4.918958953777310961e-01,5.372159158895349895e-01,4.338294026652634860e-01,2.879755162313703612e-02,1.571298220645025361e-04,3.084722056669324530e-01
4.475564041800661030e+00,4.908034902785992637e-01,5.381520122224752178e-01,4.330482245921464801e-01,2.864402386968188663e-02,1.557393156963513654e-04,3.081379078424860696e-01
4.541038741421969505e+00,4.897417123050630816e-01,5.390624032293468426e-01,4.322878788202877964e-01,2.849532036632090870e-02,1.543975840444871902e-04,3.078117937704766272e-01
4.607471294902692804e+00,4.887097282723142921e-01,5.399477567698960367e-01,4.315478608823991591e-01,2.835127965319918925e-02,1.531026945055721236e-04,3.074937052377468283e-01
4.674875715045053504e+00,4.877067262954563609e-01,5.408087255050901820e-01,4.308276754974446066e-01,2.821174619438387640e-02,1.518528030813285517e-04,3.071834846288808984e-01
4.743266219649781235e+00,4.867319152986742115e-01,5.416459471328313180e-01,4.301268365853328501e-01,2.807657013216640837e-02,1.506461496695111265e-04,3.068809750907082190e-01
4.812657234515142157e+00,4.857845245739436102e-01,5.424600445919095515e-01,4.294448672959251256e-01,2.794560705847752916e-02,1.494810536878064258e-04,3.065860206974930779e-01
4.883063396479794704e+00,4.848638031508378243e-01,5.432516264385003346e-01,4.287812998818808508e-01,2.781871776989952583e-02,1.483559097193141464e-04,3.062984665430583675e-01
4.954499556510187475e+00,4.839690192056642637e-01,5.440212871988385768e-01,4.281356755801077885e-01,2.769576803760468581e-02,1.472691834490370778e-04,3.060181588306751799e-01
5.026980782833091688e+00,4.830994603507452467e-01,5.447696069736372992e-01,4.275075451108651392e-01,2.757662850661256326e-02,1.462194088850085377e-04,3.057449452260991296e-01
5.100522364114020490e+00,4.822544328513697076e-01,5.454971519727158658e-01,4.268964683876683153e-01,2.746117445514610275e-02,1.452051844697271486e-04,3.054786748636839633e-01
5.175139812682082230e+00,4.814332604910907532e-01,5.462044753615107329e-01,4.263020139548675536e-01,2.734928551464181623e-02,1.442251689798436224e-04,3.052191982271709181e-01
5.250848867802055508e+00,4.806352850966478796e-01,5.468921166862978911e-01,4.257237596103528032e-01,2.724084562375288579e-02,1.432780795964367748e-04,3.049663675417964015e-01
5.327665498994289095e+00,4.798598662125120873e-01,5.475606020376997396e-01,4.251612924011917705e-01,2.713574287200520851e-02,1.423626891032913732e-04,3.047200368896523237e-01
5.405605909403233156e+00,4.791063794016828803e-01,5.482104454058459586e-01,4.246142076082549122e-01,2.703386916426963812e-02,1.414778216295647191e-04,3.044800618766102529e-01
5.484686539215189782e+00,4.783742173495438288e-01,5.488421476256623022e-01,4.240821097509829829e-01,2.693512027150332319e-02,1.406223518513906843e-04,3.042463001788701660e-01
5.564924069126099049e+00,4.776627889403212701e-01,5.494561970753154556e-01,4.235646121109721829e-01,2.683939561178807012e-02,1.397952019243039773e-04,3.040186114371973836e-01
5.646335423860020519e+00,4.769715179751491396e-01,5.500530706909467771e-01,4.230613359811054575e-01,2.674659798979960382e-02,1.389953381481528094e-04,3.037968570241192934e-01
5.728937775739147753e+00,4.762998447466195162e-01,5.506332325206830802e-01,4.225719119830759207e-01,2.665663372517924554e-02,1.382217710617043708e-04,3.035809007176944463e-01
5.812748548305988194e+00,4.756472232783302556e-01,5.511971360264364961e-01,4.220959782194239618e-01,2.656941220351246441e-02,1.374735506271195190e-04,3.033706079767321540e-01
5.897785419998574419e+00,4.750131233605695003e-01,5.517452222485281776e-01,4.216331819094290001e-01,2.648484607498790763e-02,1.367497670548965436e-04,3.031658467481110897e-01
5.984066327879399516e+00,4.743970279832176451e-01,5.522779219509912352e-01,4.211831776612331435e-01,2.640285084134214033e-02,1.360495464334155358e-04,3.029664867851926680e-01
6.071609471418967452e+00,4.737984349620968372e-01,5.527956541473313390e-01,4.207456287944907336e-01,2.632334500692770987e-02,1.353720512502258285e-04,3.027724003109212303e-01
6.160433316334636089e+00,4.732168547663040403e-01,5.532988279143734589e-01,4.203202058816176145e-01,2.624624972734021511e-02,1.347164766686704662e-04,3.025834614460832239e-01
6.250556598485650817e+00,4.726518119939658313e-01,5.537878410548423558e-01,4.199065879473717899e-01,2.617148894676330287e-02,1.340820510224816986e-04,3.023995468124481834e-01
6.341998327825128179e+00,4.721028431074423826e-01,5.542630819993423774e-01,4.195044609260339952e-01,2.609898904246253648e-02,1.334680321610910952e-04,3.022205349152035092e-01
6.434777792409914099e+00,4.715694982578264582e-01,5.547249281730199932e-01,4.191135191045959885e-01,2.602867901392142552e-02,1.328737084625508181e-04,3.020463068493064451e-01
6.528914562469045002e+00,4.710513386080396048e-01,5.551737482618227526e-01,4.187334632631844467e-01,2.596049008012311227e-02,1.322983948696438046e-04,3.018767455330777505e-01
6.624428494531758638e+00,4.705479384686996336e-01,5.556099003147014770e-01,4.183640023362566462e-01,2.589435591468249379e-02,1.317414343593299145e-04,3.017117365070774992e-01
6.721339735615864619e+00,4.700588827610608367e-01,5.560337338955141373e-01,4.180048516421797089e-01,2.583021226803726769e-02,1.312021942688621141e-04,3.015511672001718324e-01
6.819668727477447234e+00,4.695837682539412139e-01,5.564455889686864554e-01,4.176557338755527149e-01,2.576799708889414980e-02,1.306800668667228139e-04,3.013949274253586164e-01
6.919436210922676800e+00,4.691222028726904636e-01,5.568457964572388619e-01,4.173163786806634024e-01,2.570765039426637852e-02,1.301744678314430365e-04,3.012429092400861208e-01
7.020663230182738523e+00,4.686738045831894683e-01,5.572346791723247206e-01,4.169865219064844419e-01,2.564911408686760749e-02,1.296848343232706276e-04,3.010950066603825803e-01
7.123371137352721760e+00,4.682382028276622643e-01,5.576125505321224418e-01,4.166659067339832934e-01,2.559233210800390332e-02,1.292106258903940013e-04,3.009511162117334271e-01
7.227581596895518601e+00,4.678150364976446651e-01,5.579797162857285109e-01,4.163542822525281295e-01,2.553725014011360914e-02,1.287513216297704794e-04,3.008111363343578537e-01
7.333316590211541808e+00,4.674039544026327153e-01,5.583364740749638955e-01,4.160514038675575121e-01,2.548381563736071970e-02,1.283064201179326175e-04,3.006749676068435351e-01
7.440598420275336800e+00,4.670046157652806840e-01,5.586831129741565150e-01,4.157570337257988080e-01,2.543197786065203025e-02,1.278754393926053671e-04,3.005425129768629633e-01
7.549449716339977634e+00,4.666166884540185467e-01,5.590199149954957480e-01,4.154709394695135227e-01,2.538168762046730600e-02,1.274579145234685195e-04,3.004136772382993703e-01
7.659893438710366098e+00,4.662398495905613616e-01,5.593471545351368368e-01,4.151928947369524781e-01,2.533289733012326211e-02,1.270533977874654474e-04,3.002883672913034818e-01
7.771952883586281224e+00,4.658737858765898410e-01,5.596650980639179540e-01,4.149226794541330809e-01,2.528556102339000328e-02,1.266614585589273740e-04,3.001664923077366764e-01
7.885651687976324986e+00,4.655181920710387278e-01,5.599740054257557054e-01,4.146600787586962600e-01,2.523963413430171596e-02,1.262816812463346593e-04,3.000479632780316264e-01
8.001013834683710968e+00,4.651727713366313188e-01,5.602741295144126887e-01,4.144048832998084575e-01,2.519507352051357854e-02,1.259136652652314246e-04,2.999326931762479331e-01
8.118063657365071961e+00,4.648372356319053766e-01,5.605657159114890709e-01,4.141568895701913666e-01,2.515183749324455612e-02,1.255570250749674566e-04,2.998205971389328317e-01
8.236825845663194201e+00,4.645113046749640984e-01,5.608490037666276073e-01,4.139158991804976484e-01,2.510988566415782441e-02,1.252113887169301900e-04,2.997115921647440784e-01
8.357325450414885282e+00,4.641947057305364499e-01,5.611242259638563601e-01,4.136817187390077200e-01,2.506917889987900910e-02,1.248763972569109080e-04,2.996055970855766581e-01
8.479587888934986495e+00,4.638871737709679977e-01,5.613916089638845142e-01,4.134541600059051802e-01,2.502967932556823122e-02,1.245517046421225989e-04,2.995025326607409499e-01
8.603638950377764161e+00,4.635884515993661248e-01,5.616513726800445028e-01,4.132330400180773133e-01,2.499135032434551817e-02,1.242369775325892793e-04,2.994023216569547952e-01
8.729504801176664941e+00,4.632982887932510230e-01,5.619037313808754597e-01,4.130181803389057493e-01,2.495415638631100219e-02,1.239318939077470891e-04,2.993048885305648055e-01
8.857211990563646609e+00,4.630164418617357946e-01,5.621488935386519392e-01,4.128094072039334983e-01,2.491806311444125580e-02,1.236361429732650834e-04,2.992101595141558601e-01
8.986787456169336608e+00,4.627426741795971354e-01,5.623870618726234394e-01,4.126065515000018058e-01,2.488303720252893481e-02,1.233494248458282504e-04,2.991180626268452603e-01
9.118258529705016713e+00,4.624767561102289259e-01,5.626184332286343626e-01,4.124094488829510574e-01,2.484904643796580562e-02,1.230714504487465685e-04,2.990285277466129266e-01
9.251652942727808693e+00,4.622184641838345542e-01,5.628431992815046137e-01,4.122179391935892889e-01,2.481605958447254470e-02,1.228019404333890595e-04,2.989414863629172303e-01
9.386998832490114353e+00,4.619675811016316080e-01,5.630615465196582292e-01,4.120318664840327827e-01,2.478404637132816668e-02,1.225406249808344214e-04,2.988568716052804053e-01
9.524324747874754138e+00,4.617238956824152307e-01,5.632736562804899760e-01,4.118510790001588262e-01,2.475297747579722693e-02,1.222872435539883683e-04,2.987746182511876736e-01
9.663659655416820371e+00,4.614872027776674712e-01,5.634797048136948039e-01,4.116754291395701704e-01,2.472282450210737392e-02,1.220415446275228418e-04,2.986946627220913864e-01
9.805032945413682199e+00,4.612573032173677978e-01,5.636798633184343377e-01,4.115047734312232142e-01,2.469355996488252838e-02,1.218032854598417582e-04,2.986169430885331488e-01
9.948474438124330632e+00,4.610340031716660403e-01,5.638742984896839561e-01,4.113389720802366756e-01,2.466515719880894852e-02,1.215722312704990970e-04,2.985413988764152315e-01
1.009401439005950252e+01,4.608171142568539547e-01,5.640631724172219252e-01,4.111778890639026796e-01,2.463759036367505623e-02,1.213481552003971211e-04,2.984679711233921284e-01
1.024168350036373099e+01,4.606064534100523522e-01,5.642466426864224394e-01,4.110213920551428757e-01,2.461083442039448815e-02,1.211308380401713165e-04,2.983966023560956637e-01
1.039151291729082693e+01,4.604018427485463416e-01,5.644248624928960290e-01,4.108693523336127695e-01,2.458486510554003593e-02,1.209200679511628453e-04,2.983272365610761256e-01
1.054353424477401369e+01,4.602031096047544678e-01,5.645979806045852145e-01,4.107216448264504605e-01,2.455965892858949853e-02,1.207156403749975483e-04,2.982598192142977278e-01
1.069777954909230822e+01,4.600100860788728929e-01,5.647661417444249654e-01,4.105781477897315623e-01,2.453519310838937414e-02,1.205173574541923155e-04,2.981942971460846969e-01
1.085428136563429113e+01,4.598226089325455623e-01,5.649294866764328349e-01,4.104387427424008861e-01,2.451144555335410882e-02,1.203250278121599753e-04,2.981306185205939707e-01
1.101307270576092812e+01,4.596405195514111641e-01,5.650881522321470340e-01,4.103033144507050034e-01,2.448839485073781019e-02,1.201384664101839197e-04,2.980687328378567313e-01
1.117418706376868620e+01,4.594636638163566711e-01,5.652422714169430540e-01,4.101717508440737570e-01,2.446602024466652814e-02,1.199574943166062873e-04,2.980085909040391945e-01
1.133765842395465384e+01,4.592918919782494336e-01,5.653919735136647695e-01,4.100439429329062468e-01,2.444430161494327153e-02,1.197819384855457160e-04,2.979501448020892562e-01
1.150352126778489392e+01,4.591250585948722929e-01,5.655373841323623196e-01,4.099197847720075782e-01,2.442321946402532459e-02,1.196116316046967159e-04,2.978933478828063031e-01
1.167181058116774217e+01,4.589630224219729548e-01,5.656786253003094345e-01,4.097991733893094346e-01,2.440275489847990378e-02,1.194464119012454061e-04,2.978381547396278251e-01
1.184256186183342940e+01,4.588056460909968881e-01,5.658158157382718878e-01,4.096820085551948210e-01,2.438288958379765392e-02,1.192861227355841974e-04,2.977845211100286216e-01
1.201581112682178976e+01,4.586527961307584333e-01,5.659490708372765244e-01,4.095681928072395506e-01,2.436360574293323575e-02,1.191306125508197525e-04,2.977324038933667483e-01
1.219159492007938717e+01,4.585043428638680973e-01,5.660785027447794437e-01,4.094576313812715029e-01,2.434488613925047187e-02,1.189797346985476057e-04,2.976817611255327956e-01
1.236995032016785601e+01,4.583601603004459069e-01,5.662042204534437628e-01,4.093502321399326016e-01,2.432671405935768472e-02,1.188333472659765461e-04,2.976325519521065832e-01
1.255091494808492847e+01,4.582201260347344984e-01,5.663263298876146656e-01,4.092459055029461501e-01,2.430907329652934323e-02,1.186913129098937620e-04,2.975847366019646056e-01
1.273452697520002275e+01,4.580841211445358385e-01,5.664449339875501366e-01,4.091445643790611042e-01,2.429194813469163008e-02,1.185534986971560953e-04,2.975382763613402815e-01
1.292082513130577404e+01,4.579520301368608104e-01,5.665601327535496612e-01,4.090461241320352825e-01,2.427532333841965484e-02,1.184197759954020563e-04,2.974931335632001739e-01
1.310984871278744635e+01,4.578237408406073405e-01,5.666720233364624937e-01,4.089505025067809441e-01,2.425918413644338398e-02,1.182900203132184136e-04,2.974492715580858704e-01
1.330163759091177766e+01,4.576991441993678578e-01,5.667807002154945373e-01,4.088576194806857189e-01,2.424351619277721054e-02,1.181641110425744434e-04,2.974066546503439934e-01
1.349623222023721247e+01,4.575781342636715543e-01,5.668862552022543300e-01,4.087673972632255848e-01,2.422830560311398790e-02,1.180419314060085164e-04,2.973652481021129557e-01
1.369367364714704394e+01,4.574606081053040341e-01,5.669887775129102137e-01,4.086797602372033156e-01,2.421353888155906853e-02,1.179233683275105160e-04,2.973250181103125889e-01
1.389400351850746063e+01,4.573464657321572036e-01,5.670883538400330881e-01,4.085946349000831312e-01,2.419920294757732515e-02,1.178083123064764369e-04,2.972859317834554149e-01
1.409726409045219064e+01,4.572356100054302819e-01,5.671850684225360206e-01,4.085119498067942279e-01,2.418528511337337747e-02,1.176966572964349380e-04,2.972479571189177716e-01
1.430349823729578063e+01,4.571279465591102653e-01,5.672790031137550093e-01,4.084316355139679944e-01,2.417177307168864517e-02,1.175883005883304169e-04,2.972110629806686832e-01
1.451274946057713855e+01,4.570233837216821082e-01,5.673702374477153088e-01,4.083536245255856567e-01,2.415865488400096087e-02,1.174831426981767611e-04,2.971752190774571978e-01
1.472506189823546663e+01,4.569218324400015629e-01,5.674588487036278384e-01,4.082778512400016546e-01,2.414591896911160579e-02,1.173810872588899125e-04,2.971403959414492535e-01
1.494048033392033226e+01,4.568232062139652716e-01,5.675449119610795901e-01,4.082042519048004747e-01,2.413355409319513020e-02,1.172820409248465123e-04,2.971065649102975215e-01
1.515905020643810275e+01,4.567274210571816706e-01,5.676285001326354385e-01,4.081327645908518487e-01,2.412154936320850401e-02,1.171859133042744088e-04,2.970736981178802028e-01
1.538081761933641722e+01,4.566343953387885790e-01,5.677096841002607919e-01,4.080633290774638433e-01,2.410989420550134141e-02,1.170926167740275585e-04,2.970417684440144201e-01
1.560582935062896581e+01,4.565440497537044395e-01,5.677885327397683701e-01,4.079958868331838295e-01,2.409857836062283612e-02,1.170020664249744776e-04,2.970107495079870041e-01
1.583413286266244135e+01,4.564563072654735376e-01,5.678651129692640076e-01,4.079303809759798338e-01,2.408759187477494540e-02,1.169141799812698363e-04,2.969806156524787411e-01
1.606577631212799417e+01,4.563710930419474510e-01,5.679394898039286099e-01,4.078667562279090775e-01,2.407692509044846371e-02,1.168288777138240390e-04,2.969513419248255293e-01
1.630080856021900715e+01,4.562883343927591207e-01,5.680117264093150764e-01,4.078049588709674045e-01,2.406656863736052893e-02,1.167460823568829473e-04,2.969229040587031410e-01
1.653927918293753407e+01,4.562079607085411381e-01,5.680818841531969365e-01,4.077449367040925088e-01,2.405651342368292714e-02,1.166657190275917480e-04,2.968952784562266523e-01
1.678123848155145836e+01,4.561299034018405640e-01,5.681500226560072253e-01,4.076866390012931496e-01,2.404675062755108270e-02,1.165877151484229164e-04,2.968684421704608223e-01
1.702673749320475949e+01,4.560540958496859809e-01,5.682161998399030134e-01,4.076300164708803742e-01,2.403727168884425835e-02,1.165120003723557228e-04,2.968423728883340384e-01
1.727582800168286425e+01,4.559804733377593733e-01,5.682804719764893431e-01,4.075750212157726038e-01,2.402806830122734133e-02,1.164385065106950253e-04,2.968170489139511647e-01
1.752856254833557159e+01,4.559089730061317014e-01,5.683428937332405395e-01,4.075216066948506022e-01,2.401913240444540631e-02,1.163671674634251450e-04,2.967924491522974106e-01
1.778499444315967537e+01,4.558395337965189253e-01,5.684035182186475410e-01,4.074697276853377903e-01,2.401045617686255879e-02,1.162979191520030053e-04,2.967685530933283355e-01
1.804517777604390716e+01,4.557720964010162912e-01,5.684623970261292181e-01,4.074193402461798730e-01,2.400203202823648560e-02,1.162306994544883780e-04,2.967453407964388279e-01
1.830916742817817067e+01,4.557066032122696897e-01,5.685195802767368800e-01,4.073704016823995189e-01,2.399385259272068457e-02,1.161654481429261936e-04,2.967227928753035648e-01
1.857701908362984256e+01,4.556429982812915114e-01,5.685751166552333036e-01,4.073228705150709339e-01,2.398591072286661297e-02,1.161021068291072269e-04,2.967008904852343476e-01
1.884878924108928189e+01,4.555812272779223293e-01,5.686290534439029098e-01,4.072767064531854220e-01,2.397819948399797230e-02,1.160406189136717846e-04,2.966796153113424039e-01
1.912453522578736553e+01,4.555212374106671347e-01,5.686814365918780867e-01,4.072318703350720215e-01,2.397071214355437491e-02,1.159809294954650230e-04,2.966589495426032452e-01
1.940431520158718826e+01,4.554629774012591836e-01,5.687323107367199260e-01,4.071883241106369899e-01,2.396344216730702387e-02,1.159229853360438286e-04,2.966388758646695267e-01
1.968818818325276254e+01,4.554063974432403517e-01,5.687817192399907684e-01,4.071460308115870119e-01,2.395638321361340597e-02,1.158667348088530789e-04,2.966193774470897715e-01
1.997621404889709140e+01,4.553514491599647274e-01,5.688297042233657619e-01,4.071049545211521403e-01,2.394952912763369940e-02,1.158121278483948162e-04,2.966004379302425442e-01
2.026845355261253090e+01,4.552980855637885904e-01,5.688763066037408889e-01,4.070650603446308580e-01,2.394287393572718317e-02,1.157591159011173718e-04,2.965820414125986959e-01
2.056496833728575169e+01,4.552462610164093593e-01,5.689215661273686608e-01,4.070263143807314465e-01,2.393641184002203229e-02,1.157076518779514348e-04,2.965641724383004663e-01
2.086582094760028383e+01,4.551959311903279182e-01,5.689655214030426844e-01,4.069886836936952856e-01,2.393013721315366202e-02,1.156576901084384741e-04,2.965468159850561669e-01
2.117107484322914956e+01,4.551470530313988516e-01,5.690082099343594102e-01,4.069521362861787672e-01,2.392404459316547702e-02,1.156091862963906511e-04,2.965299574523412307e-01
2.148079441222071395e+01,4.550995847224382773e-01,5.690496681510824883e-01,4.069166410728737304e-01,2.391812867856674130e-02,1.155620974770244880e-04,2.965135826498981331e-01
2.179504498458016215e+01,4.550534856478635204e-01,5.690899314396304920e-01,4.068821678548511511e-01,2.391238432354291302e-02,1.155163819755166836e-04,2.964976777865320767e-01
2.211389284604976169e+01,4.550087163593328765e-01,5.691290341727140989e-01,4.068486872946059374e-01,2.390680653331307345e-02,1.154719993669312157e-04,2.964822294591927254e-01
2.243740525209062397e+01,4.549652385423583745e-01,5.691670097381463789e-01,4.068161708917865105e-01,2.390139045962973857e-02,1.154289104374624334e-04,2.964672246423375457e-01
2.276565044206921229e+01,4.549230149838656145e-01,5.692038905668450610e-01,4.067845909595911857e-01,2.389613139641676848e-02,1.153870771469535508e-04,2.964526506775704284e-01
2.309869765365116834e+01,4.548820095406725383e-01,5.692397081600533149e-01,4.067539206018135900e-01,2.389102477554049669e-02,1.153464625926422821e-04,2.964384952635488735e-01
2.343661713740585739e+01,4.548421871088628721e-01,5.692744931157952548e-01,4.067241336905204618e-01,2.388606616271008939e-02,1.153070309740877143e-04,2.964247464461537973e-01
2.377948017162441374e+01,4.548035135940292073e-01,5.693082751545923692e-01,4.066952048443455703e-01,2.388125125350295738e-02,1.152687475592373539e-04,2.964113926089161355e-01
2.412735907735481788e+01,4.547659558823606840e-01,5.693410831444538633e-01,4.066671094073833759e-01,2.387657586951126218e-02,1.152315786515993557e-04,2.963984224636955767e-01
2.448032723365666641e+01,4.547294818125517391e-01,5.693729451251705598e-01,4.066398234286656699e-01,2.387203595460533206e-02,1.151954915584708726e-04,2.963858250416013806e-01
2.483845909307929389e+01,4.546940601485109923e-01,5.694038883319204603e-01,4.066133236422084796e-01,2.386762757131096965e-02,1.151604545601953808e-04,2.963735896841563910e-01
2.520183019736611740e+01,4.546596605528435697e-01,5.694339392182133919e-01,4.065875874476100882e-01,2.386334689729613032e-02,1.151264368804056401e-04,2.963617060346913634e-01
2.557051719338905116e+01,4.546262535610903210e-01,5.694631234781886153e-01,4.065625928911898446e-01,2.385919022196438324e-02,1.150934086572229470e-04,2.963501640299694984e-01
2.594459784931572699e+01,4.545938105566981191e-01,5.694914660682838248e-01,4.065383186476496102e-01,2.385515394315118956e-02,1.150613409153780555e-04,2.963389538920336297e-01
2.632415107101340013e+01,4.545623037467054206e-01,5.695189912282931921e-01,4.065147440022475744e-01,2.385123456392009705e-02,1.150302055392200584e-04,2.963280661202688515e-01
2.670925691869267737e+01,4.545317061381168311e-01,5.695457225018316638e-01,4.064918488334662294e-01,2.384742868945542368e-02,1.149999752465850959e-04,2.963174914836796958e-01
2.709999662379499696e+01,4.545019915149551282e-01,5.695716827562207207e-01,4.064696135961669010e-01,2.384373302404889372e-02,1.149706235634957388e-04,2.963072210133735895e-01
2.749645260612690478e+01,4.544731344182807997e-01,5.695968941997878732e-01,4.064480193069454628e-01,2.384014436846473503e-02,1.149421248019483286e-04,2.962972459960451221e-01
2.789870849124512731e+01,4.544451101232694357e-01,5.696213784017479798e-01,4.064270475272693806e-01,2.383665961694760374e-02,1.149144540349373103e-04,2.962875579664236980e-01
2.830684912809584830e+01,4.544178946132933494e-01,5.696451563147104658e-01,4.064066803443545650e-01,2.383327575386640779e-02,1.148875870686637962e-04,2.962781486986599822e-01
2.872096060691228914e+01,4.543914645632864957e-01,5.696682482890820243e-01,4.063869003589734574e-01,2.382998985152045765e-02,1.148615004240404462e-04,2.962690102009032378e-01
2.914113027737385053e+01,4.543657973199319855e-01,5.696906740902559774e-01,4.063676906708710290e-01,2.382679906755772598e-02,1.148361713151792291e-04,2.962601347087611137e-01
2.956744676703107899e+01,4.543408708823694631e-01,5.697124529153523298e-01,4.063490348645545369e-01,2.382370064246469230e-02,1.148115776285089034e-04,2.962515146789199694e-01
3.000000000000000000e+01,4.543166638834519877e-01,5.697336034094842017e-01,4.063309169954820166e-01,2.382069189713116944e-02,1.147876979025421915e-04,2.962431427829400610e-01
