G_mM,draw,model,p0,p1,p2,p3
7.467582395271672446e-01,0.000000000000000000e+00,0.000000000000000000e+00,1.743003967384216812e-01,4.131943406240288774e-01,3.265044454258002049e-01,8.600081721174945848e-02
7.467582395271672446e-01,1.000000000000000000e+00,0.000000000000000000e+00,1.536373061591426170e-01,3.996571072213956910e-01,3.465430095194997895e-01,1.001625770999617082e-01
7.467582395271672446e-01,2.000000000000000000e+00,0.000000000000000000e+00,1.691471511431647812e-01,4.101113076971628635e-01,3.314496353507825899e-01,8.929190580888954343e-02
7.467582395271672446e-01,3.000000000000000000e+00,0.000000000000000000e+00,1.539382408970980387e-01,3.998776874697236861e-01,3.462474388089671895e-01,9.993663282421128002e-02
7.467582395271672446e-01,4.000000000000000000e+00,0.000000000000000000e+00,1.676117578608053993e-01,4.091564742349383388e-01,3.329301447284542248e-01,9.030162317580206488e-02
7.467582395271672446e-01,5.000000000000000000e+00,0.000000000000000000e+00,1.682746188901026729e-01,4.095707696376734153e-01,3.322905863602038101e-01,8.986402511202028209e-02
7.467582395271672446e-01,6.000000000000000000e+00,0.000000000000000000e+00,1.575318181426552944e-01,4.024557058516251562e-01,3.427256729935767576e-01,9.728680301214301385e-02
7.467582395271672446e-01,7.000000000000000000e+00,0.000000000000000000e+00,1.514844896614049030e-01,3.980576135835824370e-01,3.486602579710098015e-01,1.017976387840028446e-01
7.467582395271672446e-01,8.000000000000000000e+00,0.000000000000000000e+00,1.557370838587834594e-01,4.011810145110023540e-01,3.444827278047171149e-01,9.859917382549709952e-02
7.467582395271672446e-01,9.000000000000000000e+00,0.000000000000000000e+00,1.775452704835714379e-01,4.150418857371604431e-01,3.234100359250771106e-01,8.400280785419124430e-02
7.467582395271672446e-01,1.000000000000000000e+01,0.000000000000000000e+00,1.636082537693449857e-01,4.065862504494012764e-01,3.368052960774639004e-01,9.300019970378969880e-02
7.467582395271672446e-01,1.100000000000000000e+01,0.000000000000000000e+00,1.728556994286782611e-01,4.123486783669851885e-01,3.278870431868631252e-01,8.690857901747361947e-02
7.467582395271672446e-01,1.200000000000000000e+01,0.000000000000000000e+00,1.657681020220062029e-01,4.079874483037568833e-01,3.347120785865736470e-01,9.153237108766304475e-02
7.467582395271672446e-01,1.300000000000000000e+01,0.000000000000000000e+00,1.558327631722495332e-01,4.012496129995091199e-01,3.443889647140362942e-01,9.852865911420484457e-02
7.467582395271672446e-01,1.400000000000000000e+01,0.000000000000000000e+00,1.723928559609513578e-01,4.120747014453068902e-01,3.283306194731979155e-01,8.720182312054398921e-02
7.467582395271672446e-01,1.500000000000000000e+01,0.000000000000000000e+00,1.667595807146191877e-01,4.086191949653013022e-01,3.337532308060333075e-01,9.086799351404620251e-02
7.467582395271672446e-01,1.600000000000000000e+01,0.000000000000000000e+00,1.654094368566443873e-01,4.077571457678591527e-01,3.350592587790683918e-01,9.177415859642783225e-02
7.467582395271672446e-01,1.700000000000000000e+01,0.000000000000000000e+00,1.749295429802951718e-01,4.135581388867448638e-01,3.259032776389171882e-01,8.560904049404297056e-02
7.467582395271672446e-01,1.800000000000000000e+01,0.000000000000000000e+00,1.652918347634955154e-01,4.076814267861197383e-01,3.351731317806798671e-01,9.185360666970487920e-02
7.467582395271672446e-01,1.900000000000000000e+01,0.000000000000000000e+00,1.693586400062155883e-01,4.102415077442979063e-01,3.312459576319581878e-01,8.915389461752819267e-02
7.467582395271672446e-01,2.000000000000000000e+01,0.000000000000000000e+00,1.681011752873367848e-01,4.094626707340038307e-01,3.324578753203065173e-01,8.997827865835265893e-02
7.467582395271672446e-01,2.100000000000000000e+01,0.000000000000000000e+00,1.685843885498246042e-01,4.097632970185314805e-01,3.319919102589842241e-01,8.966040417265970508e-02
7.467582395271672446e-01,2.200000000000000000e+01,0.000000000000000000e+00,1.579407865089191843e-01,4.027426264776801101e-01,3.423258103398566510e-01,9.699077667354387422e-02
7.467582395271672446e-01,2.300000000000000000e+01,0.000000000000000000e+00,1.405299083829970042e-01,3.893098946691734286e-01,3.595016316722623451e-01,1.106585652755673888e-01
7.467582395271672446e-01,2.400000000000000000e+01,0.000000000000000000e+00,1.649129147267411888e-01,4.074367644701661906e-01,3.355401593157729678e-01,9.211016148731983322e-02
7.467582395271672446e-01,2.500000000000000000e+01,0.000000000000000000e+00,1.557333895691033754e-01,4.011783643834182511e-01,3.444863483133337456e-01,9.860189773414450298e-02
7.467582395271672446e-01,2.600000000000000000e+01,0.000000000000000000e+00,1.639951302629333862e-01,4.068397735014170347e-01,3.364299111347764937e-01,9.273518510087311317e-02
7.467582395271672446e-01,2.700000000000000000e+01,0.000000000000000000e+00,1.510332246862481353e-01,3.977175072553061352e-01,3.491046774773590711e-01,1.021445905810867139e-01
7.467582395271672446e-01,2.800000000000000000e+01,0.000000000000000000e+00,1.645641712519967104e-01,4.072106513756226231e-01,3.358781224616997907e-01,9.234705491068115335e-02
7.467582395271672446e-01,2.900000000000000000e+01,0.000000000000000000e+00,1.551795761304441690e-01,4.007798517141545891e-01,3.450292741380660555e-01,9.901129801733521418e-02
7.467582395271672446e-01,3.000000000000000000e+01,0.000000000000000000e+00,1.758882911401894178e-01,4.141073438095908554e-01,3.249882659146707820e-01,8.501609913554869502e-02
7.467582395271672446e-01,3.100000000000000000e+01,0.000000000000000000e+00,1.648873071351336927e-01,4.074201919320536991e-01,3.355649699543237774e-01,9.212753097848866424e-02
7.467582395271672446e-01,3.200000000000000000e+01,0.000000000000000000e+00,1.691312191804633658e-01,4.101014865113670749e-01,3.314649813593968375e-01,8.930231294877293002e-02
7.467582395271672446e-01,3.300000000000000000e+01,0.000000000000000000e+00,1.740138091229445905e-01,4.130277261684642820e-01,3.267784770333275191e-01,8.617998767526338644e-02
7.467582395271672446e-01,3.400000000000000000e+01,0.000000000000000000e+00,1.579527989925880449e-01,4.027510343294143924e-01,3.423140682701139581e-01,9.698209840788338254e-02
7.467582395271672446e-01,3.500000000000000000e+01,0.000000000000000000e+00,1.827864429727721063e-01,4.178782166774008267e-01,3.184448495076054875e-01,8.089049084222156571e-02
7.467582395271672446e-01,3.600000000000000000e+01,0.000000000000000000e+00,1.596172726278961007e-01,4.039051993746038960e-01,3.406887141054241175e-01,9.578881389207605235e-02
7.467582395271672446e-01,3.700000000000000000e+01,0.000000000000000000e+00,1.644302549080280673e-01,4.071235859185693418e-01,3.360079410850203563e-01,9.243821808838201259e-02
7.467582395271672446e-01,3.800000000000000000e+01,0.000000000000000000e+00,1.687924466512892019e-01,4.098922231246828751e-01,3.317913763546392891e-01,8.952395386938871713e-02
7.467582395271672446e-01,3.900000000000000000e+01,0.000000000000000000e+00,1.668245031003347534e-01,4.086603122835350543e-01,3.336904905694701995e-01,9.082469404665989565e-02
7.467582395271672446e-01,4.000000000000000000e+01,0.000000000000000000e+00,1.541074870769311156e-01,4.000014205185620231e-01,3.460812524464266238e-01,9.980983995808023757e-02
7.467582395271672446e-01,4.100000000000000000e+01,0.000000000000000000e+00,1.565156805133916251e-01,4.017371291575567160e-01,3.437200251850516808e-01,9.802716514399979764e-02
7.467582395271672446e-01,4.200000000000000000e+01,0.000000000000000000e+00,1.672570938242745053e-01,4.089335047153203062e-01,3.332725834525706587e-01,9.053681800783451583e-02
7.467582395271672446e-01,4.300000000000000000e+01,0.000000000000000000e+00,1.960008450254262513e-01,4.242601253487902069e-01,3.061154386649388992e-01,7.362359096084460097e-02
7.467582395271672446e-01,4.400000000000000000e+01,0.000000000000000000e+00,1.846971061513510981e-01,4.188679256766826842e-01,3.166451689772067368e-01,7.978979919475945315e-02
7.467582395271672446e-01,4.500000000000000000e+01,0.000000000000000000e+00,1.565311484614726745e-01,4.017481285345140818e-01,3.437048799709248592e-01,9.801584303308839841e-02
7.467582395271672446e-01,4.600000000000000000e+01,0.000000000000000000e+00,1.630282896550107608e-01,4.062041057498023133e-01,3.373683914555810626e-01,9.339921313960571070e-02
7.467582395271672446e-01,4.700000000000000000e+01,0.000000000000000000e+00,1.653104437733649013e-01,4.076934151021709418e-01,3.351551116466761071e-01,9.184102947778824411e-02
7.467582395271672446e-01,4.800000000000000000e+01,0.000000000000000000e+00,1.659508779222654273e-01,4.081044481347572139e-01,3.345352204471606083e-01,9.140945349581693080e-02
7.467582395271672446e-01,4.900000000000000000e+01,0.000000000000000000e+00,1.673093226528719613e-01,4.089663969112239950e-01,3.332221443702034769e-01,9.050213606570059466e-02
7.467582395271672446e-01,5.000000000000000000e+01,0.000000000000000000e+00,1.667370867862281447e-01,4.086049417374011394e-01,3.337749699846923046e-01,9.088300149167843900e-02
7.467582395271672446e-01,5.100000000000000000e+01,0.000000000000000000e+00,1.645143945964942511e-01,4.071783046658726812e-01,3.359263732862988183e-01,9.238092745133427708e-02
7.467582395271672446e-01,5.200000000000000000e+01,0.000000000000000000e+00,1.797501073544597594e-01,4.162570167251619657e-01,3.213162735071430354e-01,8.267660241323544767e-02
7.467582395271672446e-01,5.300000000000000000e+01,0.000000000000000000e+00,1.326869856012281579e-01,3.823801568213884838e-01,3.673170699905133341e-01,1.176157875868702046e-01
7.467582395271672446e-01,5.400000000000000000e+01,0.000000000000000000e+00,1.622487189339762992e-01,4.056864690926659800e-01,3.381259593013029030e-01,9.393885267205495659e-02
7.467582395271672446e-01,5.500000000000000000e+01,0.000000000000000000e+00,1.651941381525848240e-01,4.076184468098016378e-01,3.352677442387306805e-01,9.191967079888303804e-02
7.467582395271672446e-01,5.600000000000000000e+01,0.000000000000000000e+00,1.500889758713767341e-01,3.970003832794977150e-01,3.500352672118440811e-01,1.028753736372816641e-01
7.467582395271672446e-01,5.700000000000000000e+01,0.000000000000000000e+00,1.863479396775125918e-01,4.197044004283307372e-01,3.150947702878584278e-01,7.885288960629824317e-02
7.467582395271672446e-01,5.800000000000000000e+01,0.000000000000000000e+00,1.551551314741300980e-01,4.007622054287065527e-01,3.450532461159371289e-01,9.902941698122606773e-02
7.467582395271672446e-01,5.900000000000000000e+01,0.000000000000000000e+00,1.559678285551146515e-01,4.013463259579183040e-01,3.442566219203743727e-01,9.842922356659268568e-02
7.467582395271672446e-01,6.000000000000000000e+01,0.000000000000000000e+00,1.587487765591430455e-01,4.033056545631674705e-01,3.415363875093685997e-01,9.640918136832107854e-02
7.467582395271672446e-01,6.100000000000000000e+01,0.000000000000000000e+00,1.740230656533797160e-01,4.130331164717176429e-01,3.267696242101117421e-01,8.617419366479077414e-02
7.467582395271672446e-01,6.200000000000000000e+01,0.000000000000000000e+00,1.735288982478676578e-01,4.127445275626995258e-01,3.272424108281522526e-01,8.648416336128053605e-02
7.467582395271672446e-01,6.300000000000000000e+01,0.000000000000000000e+00,1.705930374335433430e-01,4.109951142789593503e-01,3.300583785098861744e-01,8.835346977761088239e-02
7.467582395271672446e-01,6.400000000000000000e+01,0.000000000000000000e+00,1.766332860110470526e-01,4.145298076701026679e-01,3.242781798146195382e-01,8.455872650423072734e-02
7.467582395271672446e-01,6.500000000000000000e+01,0.000000000000000000e+00,1.689874653055135900e-01,4.100127882541001467e-01,3.316034638584454131e-01,8.939628258194107224e-02
7.467582395271672446e-01,6.600000000000000000e+01,0.000000000000000000e+00,1.725198389042877922e-01,4.121500160458240192e-01,3.282088923906577027e-01,8.712125265923044426e-02
7.467582395271672446e-01,6.700000000000000000e+01,0.000000000000000000e+00,1.513200811990800254e-01,3.979338983551556352e-01,3.488221484007812956e-01,1.019238720449832103e-01
7.467582395271672446e-01,6.800000000000000000e+01,0.000000000000000000e+00,1.662690517071543639e-01,4.083075374576338179e-01,3.342274533013078752e-01,9.119595753390405402e-02
7.467582395271672446e-01,6.900000000000000000e+01,0.000000000000000000e+00,1.625384231871557228e-01,4.058793663549709607e-01,3.378443422841712063e-01,9.373786817370227675e-02
7.467582395271672446e-01,7.000000000000000000e+01,0.000000000000000000e+00,1.988153028588215410e-01,4.254840416919302148e-01,3.035257131138342501e-01,7.217494233541381365e-02
7.467582395271672446e-01,7.100000000000000000e+01,0.000000000000000000e+00,1.643377384166340438e-01,4.070633589891646253e-01,3.360976401972307070e-01,9.250126239697083197e-02
7.467582395271672446e-01,7.200000000000000000e+01,0.000000000000000000e+00,1.717703783242619797e-01,4.117038821136723703e-01,3.289276614533472864e-01,8.759807810871811373e-02
7.467582395271672446e-01,7.300000000000000000e+01,0.000000000000000000e+00,1.519355298208301674e-01,3.983958705445405646e-01,3.482162683389721791e-01,1.014523312956568946e-01
7.467582395271672446e-01,7.400000000000000000e+01,0.000000000000000000e+00,1.747052347693053842e-01,4.134287447159930573e-01,3.261175453293132520e-01,8.574847518538827873e-02
7.467582395271672446e-01,7.500000000000000000e+01,0.000000000000000000e+00,1.579158568248641703e-01,4.027251739433984068e-01,3.423501793692865225e-01,9.700878986245113633e-02
7.467582395271672446e-01,7.600000000000000000e+01,0.000000000000000000e+00,1.482824159149702115e-01,3.956075425812008994e-01,3.518181320453662164e-01,1.042919094584628115e-01
7.467582395271672446e-01,7.700000000000000000e+01,0.000000000000000000e+00,1.721134854307330431e-01,4.119086099909511356e-01,3.285985068903090611e-01,8.737939768800698226e-02
7.467582395271672446e-01,7.800000000000000000e+01,0.000000000000000000e+00,1.787084053766040126e-01,4.156869268628164971e-01,3.223045959524752924e-01,8.330007180810422573e-02
7.467582395271672446e-01,7.900000000000000000e+01,0.000000000000000000e+00,1.673691241956517251e-01,4.090040339592650454e-01,3.331643965573942157e-01,9.046244528768924986e-02
7.467582395271672446e-01,8.000000000000000000e+01,0.000000000000000000e+00,1.554554285813503078e-01,4.009786551898699702e-01,3.447588018961501577e-01,9.880711433262982790e-02
7.467582395271672446e-01,8.100000000000000000e+01,0.000000000000000000e+00,1.546695516151577188e-01,4.004106800466803451e-01,3.455295736861602185e-01,9.939019465200156500e-02
7.467582395271672446e-01,8.200000000000000000e+01,0.000000000000000000e+00,1.664763819695048719e-01,4.084394783677403051e-01,3.340269763108105194e-01,9.105716335194433131e-02
7.467582395271672446e-01,8.300000000000000000e+01,0.000000000000000000e+00,1.651892583658091940e-01,4.076152992221283577e-01,3.352724703039467458e-01,9.192297210811570252e-02
7.467582395271672446e-01,8.400000000000000000e+01,0.000000000000000000e+00,1.520525558823115908e-01,3.984833604882545011e-01,3.481011059292651866e-01,1.013629777001685550e-01
7.467582395271672446e-01,8.500000000000000000e+01,0.000000000000000000e+00,1.631748299903850175e-01,4.063009000295366158e-01,3.372260729479311658e-01,9.329819703214721482e-02
7.467582395271672446e-01,8.600000000000000000e+01,0.000000000000000000e+00,1.611489012560712586e-01,4.049483949761967239e-01,3.391960299152619873e-01,9.470667385246978043e-02
7.467582395271672446e-01,8.700000000000000000e+01,0.000000000000000000e+00,1.657170873545203982e-01,4.079547487830756936e-01,3.347614493903962041e-01,9.156671447200785685e-02
7.467582395271672446e-01,8.800000000000000000e+01,0.000000000000000000e+00,1.623979244960707113e-01,4.057858952929768170e-01,3.379809057077509116e-01,9.383527450320151841e-02
7.467582395271672446e-01,8.900000000000000000e+01,0.000000000000000000e+00,1.679221629663742998e-01,4.093508744242243536e-01,3.326305780244780963e-01,9.009638458492308377e-02
7.467582395271672446e-01,9.000000000000000000e+01,0.000000000000000000e+00,1.673309905842554346e-01,4.089800369538730274e-01,3.332012200146298730e-01,9.048775244724192868e-02
7.467582395271672446e-01,9.100000000000000000e+01,0.000000000000000000e+00,1.631682680834093124e-01,4.062965691286389847e-01,3.372324452229847891e-01,9.330271756496698321e-02
7.467582395271672446e-01,9.200000000000000000e+01,0.000000000000000000e+00,1.888634002410017054e-01,4.209462262119782472e-01,3.127405400516863332e-01,7.744983349533372807e-02
7.467582395271672446e-01,9.300000000000000000e+01,0.000000000000000000e+00,1.524624354053549236e-01,3.987889045521110787e-01,3.476978661903386558e-01,1.010507938521954113e-01
7.467582395271672446e-01,9.400000000000000000e+01,0.000000000000000000e+00,1.627294686861543993e-01,4.060062272423746177e-01,3.376586877400077902e-01,9.360561633146345650e-02
7.467582395271672446e-01,9.500000000000000000e+01,0.000000000000000000e+00,1.666788930894439469e-01,4.085680503737001423e-01,3.338312142029661311e-01,9.092184233388958536e-02
7.467582395271672446e-01,9.600000000000000000e+01,0.000000000000000000e+00,1.660586606537914345e-01,4.081733283039782889e-01,3.344309480412984703e-01,9.133706300093200059e-02
7.467582395271672446e-01,9.700000000000000000e+01,0.000000000000000000e+00,1.605905133201499801e-01,4.045701534047045356e-01,3.397398879961711082e-01,9.509944527897437605e-02
7.467582395271672446e-01,9.800000000000000000e+01,0.000000000000000000e+00,1.753774502779162636e-01,4.138154928777712516e-01,3.254756372124007480e-01,8.533141963191161194e-02
7.467582395271672446e-01,9.900000000000000000e+01,0.000000000000000000e+00,1.610717035074129277e-01,4.048962441079265728e-01,3.392711960425350282e-01,9.476085634212548514e-02
7.467582395271672446e-01,1.000000000000000000e+02,0.000000000000000000e+00,1.591974425519181446e-01,4.036161078242601064e-01,3.410983658276570130e-01,9.608808379616476381e-02
7.467582395271672446e-01,1.010000000000000000e+02,0.000000000000000000e+00,1.677694435702950237e-01,4.092553162319539917e-01,3.327779487129683966e-01,9.019729148478237979e-02
7.467582395271672446e-01,1.020000000000000000e+02,0.000000000000000000e+00,1.740164737137634698e-01,4.130292778848990154e-01,3.267759286413436937e-01,8.617831975999386274e-02
7.467582395271672446e-01,1.030000000000000000e+02,0.000000000000000000e+00,1.544059987762109454e-01,4.002190943042969185e-01,3.457882135738835072e-01,9.958669334560861508e-02
7.467582395271672446e-01,1.040000000000000000e+02,0.000000000000000000e+00,1.651472417970442919e-01,4.075881902099949827e-01,3.353131645654330861e-01,9.195140342752751439e-02
7.467582395271672446e-01,1.050000000000000000e+02,0.000000000000000000e+00,1.746706843220199590e-01,4.134087834754610058e-01,3.261505556738218403e-01,8.576997652869727817e-02
7.467582395271672446e-01,1.060000000000000000e+02,0.000000000000000000e+00,1.475486413328334634e-01,3.950339177858602224e-01,3.525431676668380199e-01,1.048742732144682527e-01
7.467582395271672446e-01,1.070000000000000000e+02,0.000000000000000000e+00,1.443729440971442957e-01,3.924978568623154196e-01,3.556866064365722391e-01,1.074425926039681151e-01
7.467582395271672446e-01,1.080000000000000000e+02,0.000000000000000000e+00,1.725082936163769565e-01,4.121431730704818719e-01,3.282199588740612461e-01,8.712857443908009203e-02
7.467582395271672446e-01,1.090000000000000000e+02,0.000000000000000000e+00,1.735416033735541208e-01,4.127519682703814641e-01,3.272302510354618277e-01,8.647617732060232376e-02
7.467582395271672446e-01,1.100000000000000000e+02,0.000000000000000000e+00,1.489930234157800237e-01,3.961586971150211633e-01,3.511164699792899135e-01,1.037318094899088300e-01
7.467582395271672446e-01,1.110000000000000000e+02,0.000000000000000000e+00,1.545977490063526472e-01,4.003585395591372498e-01,3.456000302465353502e-01,9.944368118797480838e-02
7.467582395271672446e-01,1.120000000000000000e+02,0.000000000000000000e+00,1.613167219731220792e-01,4.050616098486718997e-01,3.390326511439510915e-01,9.458901703425473539e-02
7.467582395271672446e-01,1.130000000000000000e+02,0.000000000000000000e+00,1.730324306115506861e-01,4.124529015584873504e-01,3.277177490230535617e-01,8.679691880690815209e-02
7.467582395271672446e-01,1.140000000000000000e+02,0.000000000000000000e+00,1.662820696348315253e-01,4.083158310281992942e-01,3.342148640046462282e-01,9.118723533232289680e-02
7.467582395271672446e-01,1.150000000000000000e+02,0.000000000000000000e+00,1.870017467952388990e-01,4.200309533660272487e-01,3.144819140446403760e-01,7.848538579409346239e-02
7.467582395271672446e-01,1.160000000000000000e+02,0.000000000000000000e+00,1.402664834537050709e-01,3.890864921588255698e-01,3.597635364080057352e-01,1.108834879794636380e-01
7.467582395271672446e-01,1.170000000000000000e+02,0.000000000000000000e+00,1.497498946415834753e-01,3.967410476417002618e-01,3.503696597151062520e-01,1.031393980016102052e-01
7.467582395271672446e-01,1.180000000000000000e+02,0.000000000000000000e+00,1.667016628795088828e-01,4.085824880050298868e-01,3.338092066604909647e-01,9.090664245497030727e-02
7.467582395271672446e-01,1.190000000000000000e+02,0.000000000000000000e+00,1.710425083891971287e-01,4.112668468399570676e-01,3.296264788259763434e-01,8.806416594486966842e-02
7.467582395271672446e-01,1.200000000000000000e+02,0.000000000000000000e+00,1.535794018779447490e-01,3.996145802174718709e-01,3.465998928886295238e-01,1.002061250159536204e-01
7.467582395271672446e-01,1.210000000000000000e+02,0.000000000000000000e+00,1.657643181649758324e-01,4.079850235710456574e-01,3.347157403975739576e-01,9.153491786640434447e-02
7.467582395271672446e-01,1.220000000000000000e+02,0.000000000000000000e+00,1.580043382704388044e-01,4.027870952332082699e-01,3.422636911161291984e-01,9.694487538022378281e-02
7.467582395271672446e-01,1.230000000000000000e+02,0.000000000000000000e+00,1.694602503094790047e-01,4.103039494429311929e-01,3.311481219952117083e-01,8.908767825237813576e-02
7.467582395271672446e-01,1.240000000000000000e+02,0.000000000000000000e+00,1.353576420035716710e-01,3.848055838014430297e-01,3.646520805498423279e-01,1.151846936451428605e-01
7.467582395271672446e-01,1.250000000000000000e+02,0.000000000000000000e+00,1.719291033805318281e-01,4.117986934775078600e-01,3.287753704200853111e-01,8.749683272187480654e-02
7.467582395271672446e-01,1.260000000000000000e+02,0.000000000000000000e+00,1.596556397970813057e-01,4.039315509423747064e-01,3.406512876799210332e-01,9.576152158062313513e-02
7.467582395271672446e-01,1.270000000000000000e+02,0.000000000000000000e+00,1.662459185113036864e-01,4.082927965181079588e-01,3.342498253618625403e-01,9.121145960872605041e-02
7.467582395271672446e-01,1.280000000000000000e+02,0.000000000000000000e+00,1.508331399391987238e-01,3.975661690339206689e-01,3.493017931912973384e-01,1.022988978355832690e-01
7.467582395271672446e-01,1.290000000000000000e+02,0.000000000000000000e+00,1.666966456025743559e-01,4.085793070259604587e-01,3.338140559185033274e-01,9.090999145296205231e-02
7.467582395271672446e-01,1.300000000000000000e+02,0.000000000000000000e+00,1.611994398857052313e-01,4.049825117608236713e-01,3.391468252999592647e-01,9.467122305351170775e-02
7.467582395271672446e-01,1.310000000000000000e+02,0.000000000000000000e+00,1.707443193964226502e-01,4.110867321199276336e-01,3.299129792866611344e-01,8.825596919698842913e-02
7.467582395271672446e-01,1.320000000000000000e+02,0.000000000000000000e+00,1.600221198554870328e-01,4.041826884740479242e-01,3.402938831407389397e-01,9.550130852972628370e-02
7.467582395271672446e-01,1.330000000000000000e+02,0.000000000000000000e+00,1.620046778513334895e-01,4.055234857036045248e-01,3.383632695843333815e-01,9.410856686072870125e-02
7.467582395271672446e-01,1.340000000000000000e+02,0.000000000000000000e+00,1.668341941760066172e-01,4.086664473110903639e-01,3.336811257083144300e-01,9.081823280458835301e-02
7.467582395271672446e-01,1.350000000000000000e+02,0.000000000000000000e+00,1.666650649606111201e-01,4.085592805387985860e-01,3.338445797540714466e-01,9.093107474651901390e-02
7.467582395271672446e-01,1.360000000000000000e+02,0.000000000000000000e+00,1.939329344627033491e-01,4.233313474489139860e-01,3.080264666913812288e-01,7.470925139700124173e-02
7.467582395271672446e-01,1.370000000000000000e+02,0.000000000000000000e+00,1.656449786340627728e-01,4.079084958244314496e-01,3.348312403587994646e-01,9.161528518270629917e-02
7.467582395271672446e-01,1.380000000000000000e+02,0.000000000000000000e+00,1.548444286387357927e-01,4.005374963443374958e-01,3.453579987521683270e-01,9.926007626475814860e-02
7.467582395271672446e-01,1.390000000000000000e+02,0.000000000000000000e+00,1.562079042265281936e-01,4.015178735855078340e-01,3.440214364885492704e-01,9.825278569941485463e-02
7.467582395271672446e-01,1.400000000000000000e+02,0.000000000000000000e+00,1.484313943873487029e-01,3.957234462712888035e-01,3.516709893150314903e-01,1.041741700263312392e-01
7.467582395271672446e-01,1.410000000000000000e+02,0.000000000000000000e+00,1.774368340144780176e-01,4.149812906129811130e-01,3.235131955836633155e-01,8.406867978887758164e-02
7.467582395271672446e-01,1.420000000000000000e+02,0.000000000000000000e+00,1.680431648498648678e-01,4.094264674423144235e-01,3.325138363349650628e-01,9.001653137285584028e-02
7.467582395271672446e-01,1.430000000000000000e+02,0.000000000000000000e+00,1.768418249997642799e-01,4.146473940484936560e-01,3.240795578976409241e-01,8.443122305410112605e-02
7.467582395271672446e-01,1.440000000000000000e+02,0.000000000000000000e+00,1.690749140243260895e-01,4.100667629578080842e-01,3.315192184739708670e-01,8.933910454389477895e-02
7.467582395271672446e-01,1.450000000000000000e+02,0.000000000000000000e+00,1.631633569558834373e-01,4.062933275421709567e-01,3.372372144601132882e-01,9.330610104183248432e-02
7.467582395271672446e-01,1.460000000000000000e+02,0.000000000000000000e+00,1.652331768797044853e-01,4.076436214858512042e-01,3.352299364170265861e-01,9.189326521741755793e-02
7.467582395271672446e-01,1.470000000000000000e+02,0.000000000000000000e+00,1.706387332461470618e-01,4.110228051013030681e-01,3.300144562716748609e-01,8.832400538087478714e-02
7.467582395271672446e-01,1.480000000000000000e+02,0.000000000000000000e+00,1.941071265539121293e-01,4.234105583284644148e-01,3.078652221358618712e-01,7.461709298176136262e-02
7.467582395271672446e-01,1.490000000000000000e+02,0.000000000000000000e+00,1.460315988684566801e-01,3.938333439722880303e-01,3.540437001905566983e-01,1.060913569686985913e-01
7.467582395271672446e-01,1.500000000000000000e+02,0.000000000000000000e+00,1.779515468050579530e-01,4.152682180254349542e-01,3.230236844394743789e-01,8.375655073003290818e-02
7.467582395271672446e-01,1.510000000000000000e+02,0.000000000000000000e+00,1.544157359110146233e-01,4.002261825041785737e-01,3.457786565961899483e-01,9.957942498861672986e-02
7.467582395271672446e-01,1.520000000000000000e+02,0.000000000000000000e+00,1.669050201158837898e-01,4.087112636515900510e-01,3.336126876625173932e-01,9.077102857000858560e-02
7.467582395271672446e-01,1.530000000000000000e+02,0.000000000000000000e+00,1.458796302914862342e-01,3.937119825244696503e-01,3.541941276599531174e-01,1.062142595240909565e-01
7.467582395271672446e-01,1.540000000000000000e+02,0.000000000000000000e+00,1.648506483891934993e-01,4.073964589715005635e-01,3.356004893000216760e-01,9.215240333928449712e-02
7.467582395271672446e-01,1.550000000000000000e+02,0.000000000000000000e+00,1.778823599523943200e-01,4.152297525145409729e-01,3.230894609587850463e-01,8.379842657427968855e-02
7.467582395271672446e-01,1.560000000000000000e+02,0.000000000000000000e+00,1.517115374925372129e-01,3.982280973110238209e-01,3.484367330901672610e-01,1.016236321062719272e-01
7.467582395271672446e-01,1.570000000000000000e+02,0.000000000000000000e+00,1.590371414625922908e-01,4.035053667927336329e-01,3.412548363088614978e-01,9.620265543581277279e-02
7.467582395271672446e-01,1.580000000000000000e+02,0.000000000000000000e+00,1.716195496568495293e-01,4.116136245168480201e-01,3.290724089546923636e-01,8.769441687160986487e-02
7.467582395271672446e-01,1.590000000000000000e+02,0.000000000000000000e+00,1.705157760684604951e-01,4.109482618400779330e-01,3.301326477490234002e-01,8.840331434243797748e-02
7.467582395271672446e-01,1.600000000000000000e+02,0.000000000000000000e+00,1.667756655308612612e-01,4.086293848199583634e-01,3.337376861043293563e-01,9.085726354485100520e-02
7.467582395271672446e-01,1.610000000000000000e+02,0.000000000000000000e+00,1.800712455829284742e-01,4.164313246344455988e-01,3.210119186906975064e-01,8.248551109192840680e-02
7.467582395271672446e-01,1.620000000000000000e+02,0.000000000000000000e+00,1.593703183134197454e-01,4.037353133203893663e-01,3.409296556325098204e-01,9.596471273368110955e-02
7.467582395271672446e-01,1.630000000000000000e+02,0.000000000000000000e+00,1.538119628259312643e-01,3.997852169265646016e-01,3.463714541152599358e-01,1.000313661322442121e-01
7.467582395271672446e-01,1.640000000000000000e+02,0.000000000000000000e+00,1.593902384612424505e-01,4.037490343226464717e-01,3.409102177778766118e-01,9.595050943823432710e-02
7.467582395271672446e-01,1.650000000000000000e+02,0.000000000000000000e+00,1.644835101218142803e-01,4.071582255818602114e-01,3.359563126544745093e-01,9.240195164185123489e-02
7.467582395271672446e-01,1.660000000000000000e+02,0.000000000000000000e+00,1.569068835090059455e-01,4.020147364104051935e-01,3.433370686205987621e-01,9.774131145999011283e-02
7.467582395271672446e-01,1.670000000000000000e+02,0.000000000000000000e+00,1.489244322639884099e-01,3.961056833804461053e-01,3.511841767019230343e-01,1.037857076536422701e-01
7.467582395271672446e-01,1.680000000000000000e+02,0.000000000000000000e+00,1.809326435013358103e-01,4.168955408149972452e-01,3.201963054465732927e-01,8.197551023709347129e-02
7.467582395271672446e-01,1.690000000000000000e+02,0.000000000000000000e+00,1.813865735254437950e-01,4.171382215906996871e-01,3.197669532165297590e-01,8.170825166732700873e-02
7.467582395271672446e-01,1.700000000000000000e+02,0.000000000000000000e+00,1.931405112720947226e-01,4.229687287929170258e-01,3.087606088064728249e-01,7.513015112851544053e-02
7.467582395271672446e-01,1.710000000000000000e+02,0.000000000000000000e+00,1.711802302718825330e-01,4.113498239572117576e-01,3.294941972385440065e-01,8.797574853236152237e-02
7.467582395271672446e-01,1.720000000000000000e+02,0.000000000000000000e+00,1.807648897243577246e-01,4.168055165661919692e-01,3.203550551306734162e-01,8.207453857877684833e-02
7.467582395271672446e-01,1.730000000000000000e+02,0.000000000000000000e+00,1.402725366122223594e-01,3.890916327742193204e-01,3.597575176420687026e-01,1.108783129714896037e-01
7.467582395271672446e-01,1.740000000000000000e+02,0.000000000000000000e+00,1.439803264628092272e-01,3.921782049464541675e-01,3.560758339085798307e-01,1.077656346821565525e-01
7.467582395271672446e-01,1.750000000000000000e+02,0.000000000000000000e+00,1.731385451390360375e-01,4.125153764055786154e-01,3.276161212097223330e-01,8.672995724566318065e-02
7.467582395271672446e-01,1.760000000000000000e+02,0.000000000000000000e+00,1.417723889320178232e-01,3.903550937738581306e-01,3.582669855135776626e-01,1.096055317805461615e-01
7.467582395271672446e-01,1.770000000000000000e+02,0.000000000000000000e+00,1.419991406285467106e-01,3.905443347464356840e-01,3.580417851530603435e-01,1.094147394719571370e-01
7.467582395271672446e-01,1.780000000000000000e+02,0.000000000000000000e+00,1.773870795054462157e-01,4.149534611056975297e-01,3.235605347049550495e-01,8.409892468390108011e-02
7.467582395271672446e-01,1.790000000000000000e+02,0.000000000000000000e+00,1.740199696789287154e-01,4.130313136757847170e-01,3.267725851454412189e-01,8.617613149984514054e-02
7.467582395271672446e-01,1.800000000000000000e+02,0.000000000000000000e+00,1.710913593108839004e-01,4.112962946423302513e-01,3.295795545878066890e-01,8.803279145897895119e-02
7.467582395271672446e-01,1.810000000000000000e+02,0.000000000000000000e+00,1.697904454571522725e-01,4.105063548952194719e-01,3.308302909421482196e-01,8.887290870547984167e-02
7.467582395271672446e-01,1.820000000000000000e+02,0.000000000000000000e+00,1.517308193373445580e-01,3.982425559185254760e-01,3.484177528713078287e-01,1.016088718728219292e-01
7.467582395271672446e-01,1.830000000000000000e+02,0.000000000000000000e+00,1.443430355341023263e-01,3.924735544390235975e-01,3.557162522921747949e-01,1.074671577346994616e-01
7.467582395271672446e-01,1.840000000000000000e+02,0.000000000000000000e+00,1.548895003097107981e-01,4.005701413990101489e-01,3.453137836104249181e-01,9.922657468085399612e-02
7.467582395271672446e-01,1.850000000000000000e+02,0.000000000000000000e+00,1.699477869649760331e-01,4.106025311635181363e-01,3.306788938115308163e-01,8.877078805997484778e-02
7.467582395271672446e-01,1.860000000000000000e+02,0.000000000000000000e+00,1.530308908337432161e-01,3.992103837928144272e-01,3.471389113220476053e-01,1.006198140513945016e-01
7.467582395271672446e-01,1.870000000000000000e+02,0.000000000000000000e+00,1.497696870652568124e-01,3.967562117170943536e-01,3.503501378698249402e-01,1.031239633478239354e-01
7.467582395271672446e-01,1.880000000000000000e+02,0.000000000000000000e+00,1.552596353059016998e-01,4.008376119732694476e-01,3.449507676949651880e-01,9.895198502586376177e-02
7.467582395271672446e-01,1.890000000000000000e+02,0.000000000000000000e+00,1.628827197793603909e-01,4.061077933358234193e-01,3.375097944326566624e-01,9.349969245215970781e-02
7.467582395271672446e-01,1.900000000000000000e+02,0.000000000000000000e+00,1.848752883182051554e-01,4.189590382245508837e-01,3.164776235677431160e-01,7.968804988950099755e-02
7.467582395271672446e-01,1.910000000000000000e+02,0.000000000000000000e+00,1.620023832354090254e-01,4.055219511071477823e-01,3.383655012671121787e-01,9.411016439033081937e-02
7.467582395271672446e-01,1.920000000000000000e+02,0.000000000000000000e+00,1.444568347070502856e-01,3.925659807863507988e-01,3.556034566387283880e-01,1.073737278678705415e-01
7.467582395271672446e-01,1.930000000000000000e+02,0.000000000000000000e+00,1.462392959499851375e-01,3.939988862158245730e-01,3.538381420918989551e-01,1.059236757422913483e-01
7.467582395271672446e-01,1.940000000000000000e+02,0.000000000000000000e+00,1.720908504868070565e-01,4.118951292723047608e-01,3.286202162759277456e-01,8.739380396496043701e-02
7.467582395271672446e-01,1.950000000000000000e+02,0.000000000000000000e+00,1.808074236399142554e-01,4.168283595462847213e-01,3.203148001785391941e-01,8.204941663526181539e-02
7.467582395271672446e-01,1.960000000000000000e+02,0.000000000000000000e+00,1.495846705336026372e-01,3.966143320809544792e-01,3.505326400334255466e-01,1.032683573520173370e-01
7.467582395271672446e-01,1.970000000000000000e+02,0.000000000000000000e+00,1.610009199450482542e-01,4.048483864974404267e-01,3.393401232438565396e-01,9.481057031365477950e-02
7.467582395271672446e-01,1.980000000000000000e+02,0.000000000000000000e+00,1.663466940513681769e-01,4.083569842047178322e-01,3.341523707453978864e-01,9.114395099851610449e-02
7.467582395271672446e-01,1.990000000000000000e+02,0.000000000000000000e+00,1.726412755374922003e-01,4.122219363801327696e-01,3.280925033791306511e-01,8.704428470324432343e-02
7.467582395271672446e-01,2.000000000000000000e+02,0.000000000000000000e+00,1.771937163305798979e-01,4.148451487701146356e-01,3.237445454650099697e-01,8.421658943429548294e-02
7.467582395271672446e-01,2.010000000000000000e+02,0.000000000000000000e+00,1.514527552604259530e-01,3.980337512493277718e-01,3.486915041837894136e-01,1.018219893064566534e-01
7.467582395271672446e-01,2.020000000000000000e+02,0.000000000000000000e+00,1.500460371622278077e-01,3.969675961565203304e-01,3.500776059103986038e-01,1.029087607708534385e-01
7.467582395271672446e-01,2.030000000000000000e+02,0.000000000000000000e+00,1.720144630598930136e-01,4.118496087836462372e-01,3.286934854932965777e-01,8.744244266316435199e-02
7.467582395271672446e-01,2.040000000000000000e+02,0.000000000000000000e+00,1.571967876140338560e-01,4.022196815339920128e-01,3.430533890436465727e-01,9.753014180832737801e-02
7.467582395271672446e-01,2.050000000000000000e+02,0.000000000000000000e+00,1.640335547738535071e-01,4.068648926284594847e-01,3.363926384488627463e-01,9.270891414882422021e-02
7.467582395271672446e-01,2.060000000000000000e+02,0.000000000000000000e+00,1.575503195005308610e-01,4.024687141500130627e-01,3.427075793585196983e-01,9.727338699093618368e-02
7.467582395271672446e-01,2.070000000000000000e+02,0.000000000000000000e+00,1.544403632138562632e-01,4.002441066772147726e-01,3.457544854126344269e-01,9.956104469629425968e-02
7.467582395271672446e-01,2.080000000000000000e+02,0.000000000000000000e+00,1.793704685006489163e-01,4.160500814419519355e-01,3.216762709320210023e-01,8.290317912537818745e-02
7.467582395271672446e-01,2.090000000000000000e+02,0.000000000000000000e+00,1.669210244901826179e-01,4.087213856552005531e-01,3.335972238011521429e-01,9.076036605346472774e-02
7.467582395271672446e-01,2.100000000000000000e+02,0.000000000000000000e+00,1.591144155696620766e-01,4.035587749784515510e-01,3.411794049354099356e-01,9.614740451647628416e-02
7.467582395271672446e-01,2.110000000000000000e+02,0.000000000000000000e+00,1.525354195142735458e-01,3.988431660752650432e-01,3.476260828064174913e-01,1.009953316040437254e-01
7.467582395271672446e-01,2.120000000000000000e+02,0.000000000000000000e+00,1.516050661800836530e-01,3.981482039841871545e-01,3.485415457632398684e-01,1.017051840724895462e-01
7.467582395271672446e-01,2.130000000000000000e+02,0.000000000000000000e+00,1.782090172116582438e-01,4.154110827602611744e-01,3.227789674172248935e-01,8.360093261085596583e-02
7.467582395271672446e-01,2.140000000000000000e+02,0.000000000000000000e+00,1.659032338157087616e-01,4.080739733920193402e-01,3.345813177355576595e-01,9.144147505671453013e-02
7.467582395271672446e-01,2.150000000000000000e+02,0.000000000000000000e+00,1.497066336822314991e-01,3.967078915825671959e-01,3.504123305983797287e-01,1.031731441368213820e-01
7.467582395271672446e-01,2.160000000000000000e+02,0.000000000000000000e+00,1.511543725427337004e-01,3.978089786140844852e-01,3.489853470194095864e-01,1.020513018237724501e-01
7.467582395271672446e-01,2.170000000000000000e+02,0.000000000000000000e+00,1.721814509160496665e-01,4.119490668335799577e-01,3.285333248968821396e-01,8.733615735348804199e-02
7.467582395271672446e-01,2.180000000000000000e+02,0.000000000000000000e+00,1.478624930273082783e-01,3.952798315403466267e-01,3.522329925676468965e-01,1.046246828646979488e-01
7.467582395271672446e-01,2.190000000000000000e+02,0.000000000000000000e+00,1.638505677816048944e-01,4.067451708950445832e-01,3.365701571587978447e-01,9.283410416455252501e-02
7.467582395271672446e-01,2.200000000000000000e+02,0.000000000000000000e+00,1.649543487097450134e-01,4.074635691809953553e-01,3.355000166376484461e-01,9.208206547161121303e-02
7.467582395271672446e-01,2.210000000000000000e+02,0.000000000000000000e+00,1.739762403806727198e-01,4.130058429379732665e-01,3.268144085416067046e-01,8.620350813974722581e-02
7.467582395271672446e-01,2.220000000000000000e+02,0.000000000000000000e+00,1.595058684588655518e-01,4.038286198516962688e-01,3.407973967498701406e-01,9.586811493956784447e-02
7.467582395271672446e-01,2.230000000000000000e+02,0.000000000000000000e+00,1.451935613097419531e-01,3.931615910814997839e-01,3.548734882074162100e-01,1.067713594013423167e-01
7.467582395271672446e-01,2.240000000000000000e+02,0.000000000000000000e+00,1.741797164333985515e-01,4.131242489056697331e-01,3.266198241078084319e-01,8.607621055312304759e-02
7.467582395271672446e-01,2.250000000000000000e+02,0.000000000000000000e+00,1.469527843270951040e-01,3.945647236080110920e-01,3.531322930893291967e-01,1.053501989755646073e-01
7.467582395271672446e-01,2.260000000000000000e+02,0.000000000000000000e+00,1.717174708598073196e-01,4.116722397783089127e-01,3.289784321411119983e-01,8.763185722077174167e-02
7.467582395271672446e-01,2.270000000000000000e+02,0.000000000000000000e+00,1.633207420951880429e-01,4.063971198216739800e-01,3.370843916916420047e-01,9.319774639149597251e-02
7.467582395271672446e-01,2.280000000000000000e+02,0.000000000000000000e+00,1.810600722120883910e-01,4.169638022789194376e-01,3.200757448191758336e-01,8.190038068981612962e-02
7.467582395271672446e-01,2.290000000000000000e+02,0.000000000000000000e+00,1.500124503061977810e-01,3.969419391728554736e-01,3.501107247047329785e-01,1.029348858162139613e-01
7.467582395271672446e-01,2.300000000000000000e+02,0.000000000000000000e+00,1.711182463693931566e-01,4.113124952711220694e-01,3.295537293764144726e-01,8.801552898307013484e-02
7.467582395271672446e-01,2.310000000000000000e+02,0.000000000000000000e+00,1.650799342862711294e-01,4.075447364567013619e-01,3.353783586351057888e-01,9.199697062192145613e-02
7.467582395271672446e-01,2.320000000000000000e+02,0.000000000000000000e+00,1.474167825283116406e-01,3.949303506866382318e-01,3.526735088964894071e-01,1.049793578885607204e-01
7.467582395271672446e-01,2.330000000000000000e+02,0.000000000000000000e+00,1.775548049521665506e-01,4.150472099125804282e-01,3.234009662587010725e-01,8.399701887655178223e-02
7.467582395271672446e-01,2.340000000000000000e+02,0.000000000000000000e+00,1.712328243572508180e-01,4.113814766611135210e-01,3.294436877102414618e-01,8.794201127139403273e-02
7.467582395271672446e-01,2.350000000000000000e+02,0.000000000000000000e+00,1.693813894254145858e-01,4.102554941277011813e-01,3.312240520892207329e-01,8.913906435766366654e-02
7.467582395271672446e-01,2.360000000000000000e+02,0.000000000000000000e+00,1.614304008080552910e-01,4.051381781476013910e-01,3.389220010009565409e-01,9.450942004338679092e-02
7.467582395271672446e-01,2.370000000000000000e+02,0.000000000000000000e+00,1.728757993949478489e-01,4.123605427576546578e-01,3.278677868128812012e-01,8.689587103451630601e-02
7.467582395271672446e-01,2.380000000000000000e+02,0.000000000000000000e+00,1.752715107993298715e-01,4.137547464439591538e-01,3.255767569301959985e-01,8.539698582651475411e-02
7.467582395271672446e-01,2.390000000000000000e+02,0.000000000000000000e+00,1.692919704540160886e-01,4.102004979748679059e-01,3.313101581990159361e-01,8.919737337210004169e-02
7.467582395271672446e-01,2.400000000000000000e+02,0.000000000000000000e+00,1.684946691486761960e-01,4.097076055452627541e-01,3.320784032115108864e-01,8.971932209454998308e-02
7.467582395271672446e-01,2.410000000000000000e+02,0.000000000000000000e+00,1.587881122737491435e-01,4.033329351623781700e-01,3.414979754198996797e-01,9.638097714397320104e-02
7.467582395271672446e-01,2.420000000000000000e+02,0.000000000000000000e+00,1.827624474032582269e-01,4.178656386624748365e-01,3.184674869039591516e-01,8.090442703030772953e-02
7.467582395271672446e-01,2.430000000000000000e+02,0.000000000000000000e+00,1.613404161398908632e-01,4.050775771280159532e-01,3.390095869296024245e-01,9.457241980249075919e-02
7.467582395271672446e-01,2.440000000000000000e+02,0.000000000000000000e+00,1.629310474497323302e-01,4.061397856469011747e-01,3.374628471515457862e-01,9.346631975182070895e-02
7.467582395271672446e-01,2.450000000000000000e+02,0.000000000000000000e+00,1.775299115121353188e-01,4.150333078038807577e-01,3.234246464336541504e-01,8.401213425032977300e-02
7.467582395271672446e-01,2.460000000000000000e+02,0.000000000000000000e+00,1.702332612006907941e-01,4.107765821216873836e-01,3.304042919882111962e-01,8.858586468941062608e-02
7.467582395271672446e-01,2.470000000000000000e+02,0.000000000000000000e+00,1.534206534151183465e-01,3.994978501556071815e-01,3.467558609316174212e-01,1.003256354976570786e-01
7.467582395271672446e-01,2.480000000000000000e+02,0.000000000000000000e+00,1.564950139672049989e-01,4.017224300662712300e-01,3.437402609563204869e-01,9.804229501020322868e-02
7.467582395271672446e-01,2.490000000000000000e+02,0.000000000000000000e+00,1.940713953521356894e-01,4.233943248549665306e-01,3.078982934675956740e-01,7.463598632530230037e-02
7.467582395271672446e-01,2.500000000000000000e+02,0.000000000000000000e+00,1.826473456946620388e-01,4.178052530992126257e-01,3.185760859784903531e-01,8.097131522763498235e-02
7.467582395271672446e-01,2.510000000000000000e+02,0.000000000000000000e+00,1.621715928921888816e-01,4.056350088255438191e-01,3.382009500975189931e-01,9.399244818474830621e-02
7.467582395271672446e-01,2.520000000000000000e+02,0.000000000000000000e+00,1.940369011391622489e-01,4.233786461865238215e-01,3.079302218536547620e-01,7.465423082065933413e-02
7.467582395271672446e-01,2.530000000000000000e+02,0.000000000000000000e+00,1.613276182357464283e-01,4.050689532683225957e-01,3.390220444919414544e-01,9.458138400398952150e-02
7.467582395271672446e-01,2.540000000000000000e+02,0.000000000000000000e+00,1.412086317879622521e-01,3.898825853299958122e-01,3.588270500155072429e-01,1.100817328665345263e-01
7.467582395271672446e-01,2.550000000000000000e+02,0.000000000000000000e+00,1.735043160474726565e-01,4.127301279354015362e-01,3.272659385582937230e-01,8.649961745883187614e-02
7.467582395271672446e-01,2.560000000000000000e+02,0.000000000000000000e+00,1.654898862536359483e-01,4.078088852118214036e-01,3.349813708108191901e-01,9.171985772372341639e-02
7.467582395271672446e-01,2.570000000000000000e+02,0.000000000000000000e+00,1.568580181343025293e-01,4.019801263115851397e-01,3.433848943382789565e-01,9.777696121583337452e-02
7.467582395271672446e-01,2.580000000000000000e+02,0.000000000000000000e+00,1.657392396042985105e-01,4.079689503334733569e-01,3.347400105401863168e-01,9.155179952204187122e-02
7.467582395271672446e-01,2.590000000000000000e+02,0.000000000000000000e+00,1.662799332206530700e-01,4.083144700282840822e-01,3.342169300594247661e-01,9.118866669163831762e-02
7.467582395271672446e-01,2.600000000000000000e+02,0.000000000000000000e+00,1.689572775707615382e-01,4.099941432484970338e-01,3.316325482096473820e-01,8.941603097109387943e-02
7.467582395271672446e-01,2.610000000000000000e+02,0.000000000000000000e+00,1.491863158497143405e-01,3.963078782607311057e-01,3.509256942165744908e-01,1.035801116729798965e-01
7.467582395271672446e-01,2.620000000000000000e+02,0.000000000000000000e+00,1.554977214193759283e-01,4.010090814258579495e-01,3.447173414464638208e-01,9.877585570830209327e-02
7.467582395271672446e-01,2.630000000000000000e+02,0.000000000000000000e+00,1.591551296041490982e-01,4.035868960082475976e-01,3.411396646669894728e-01,9.611830972061408129e-02
7.467582395271672446e-01,2.640000000000000000e+02,0.000000000000000000e+00,1.703733649006187456e-01,4.108617912907974734e-01,3.302695653966621347e-01,8.849527841192178501e-02
7.467582395271672446e-01,2.650000000000000000e+02,0.000000000000000000e+00,1.920681592915583769e-01,4.224720382780667305e-01,3.097557030191015470e-01,7.570409941127309583e-02
7.467582395271672446e-01,2.660000000000000000e+02,0.000000000000000000e+00,1.639972739135103774e-01,4.068411751517126973e-01,3.364278316929403267e-01,9.273371924183664017e-02
7.467582395271672446e-01,2.670000000000000000e+02,0.000000000000000000e+00,1.822554924896759299e-01,4.175990365796464765e-01,3.189459532330736757e-01,8.119951769760387628e-02
7.467582395271672446e-01,2.680000000000000000e+02,0.000000000000000000e+00,1.770249854099173181e-01,4.147504295709512068e-01,3.239051603007066515e-01,8.431942471842478193e-02
7.467582395271672446e-01,2.690000000000000000e+02,0.000000000000000000e+00,1.750655660658827772e-01,4.136364379692088478e-01,3.257733786274997212e-01,8.552461733740880645e-02
7.467582395271672446e-01,2.700000000000000000e+02,0.000000000000000000e+00,1.656737621437247843e-01,4.079269631038078825e-01,3.348033812031478984e-01,9.159589354931922667e-02
7.467582395271672446e-01,2.710000000000000000e+02,0.000000000000000000e+00,1.697657633387775478e-01,4.104912518280413036e-01,3.308540436607245172e-01,8.888894117245668691e-02
7.467582395271672446e-01,2.720000000000000000e+02,0.000000000000000000e+00,1.634334624267076985e-01,4.064713428781479010e-01,3.369749583468519272e-01,9.312023634829226515e-02
7.467582395271672446e-01,2.730000000000000000e+02,0.000000000000000000e+00,1.722994906128831882e-01,4.120192542418625314e-01,3.284201349293431327e-01,8.726112021591136969e-02
7.467582395271672446e-01,2.740000000000000000e+02,0.000000000000000000e+00,1.680913630356535016e-01,4.094565487801809511e-01,3.324673406001945053e-01,8.998474758397122242e-02
7.467582395271672446e-01,2.750000000000000000e+02,0.000000000000000000e+00,1.640105947516244111e-01,4.068498843682029076e-01,3.364149099861339920e-01,9.272461089403860601e-02
7.467582395271672446e-01,2.760000000000000000e+02,0.000000000000000000e+00,1.628433098215919250e-01,4.060816914818666246e-01,3.375480809076279454e-01,9.352691778891358831e-02
7.467582395271672446e-01,2.770000000000000000e+02,0.000000000000000000e+00,1.606297181549894704e-01,4.045967876284797815e-01,3.397016908194089857e-01,9.507180339712159589e-02
7.467582395271672446e-01,2.780000000000000000e+02,0.000000000000000000e+00,1.713825076937366132e-01,4.114714544848083744e-01,3.292999581933244713e-01,8.784607962813034687e-02
7.467582395271672446e-01,2.790000000000000000e+02,0.000000000000000000e+00,1.683141863069947952e-01,4.095953998193853640e-01,3.322524286954692263e-01,8.983798517815062834e-02
7.467582395271672446e-01,2.800000000000000000e+02,0.000000000000000000e+00,1.594742143506295007e-01,4.038068432875172586e-01,3.408282802955553970e-01,9.589066206629805189e-02
7.467582395271672446e-01,2.810000000000000000e+02,0.000000000000000000e+00,1.683074038125719762e-01,4.095911786060574822e-01,3.322589693850171999e-01,8.984244819635314738e-02
7.467582395271672446e-01,2.820000000000000000e+02,0.000000000000000000e+00,1.626862489315072935e-01,4.059775518015117934e-01,3.377006838812773304e-01,9.363551538570374921e-02
7.467582395271672446e-01,2.830000000000000000e+02,0.000000000000000000e+00,1.614025576007190044e-01,4.051194334417854703e-01,3.389491009144995348e-01,9.452890804299601824e-02
7.467582395271672446e-01,2.840000000000000000e+02,0.000000000000000000e+00,1.648714466397151468e-01,4.074099250253412907e-01,3.355803372710290389e-01,9.213829106391463464e-02
7.467582395271672446e-01,2.850000000000000000e+02,0.000000000000000000e+00,1.865752259429835358e-01,4.198182246299941300e-01,3.148816441923904530e-01,7.872490523463196443e-02
7.467582395271672446e-01,2.860000000000000000e+02,0.000000000000000000e+00,1.926685559340218512e-01,4.227509782183161424e-01,3.091983340996306562e-01,7.538213174803141958e-02
7.467582395271672446e-01,2.870000000000000000e+02,0.000000000000000000e+00,1.569109874542851391e-01,4.020176422738725441e-01,3.433330521155710247e-01,9.773831815627125053e-02
7.467582395271672446e-01,2.880000000000000000e+02,0.000000000000000000e+00,1.767729022327551303e-01,4.146085637315503614e-01,3.241451959893711376e-01,8.447333804632356502e-02
7.467582395271672446e-01,2.890000000000000000e+02,0.000000000000000000e+00,1.580691236436937708e-01,4.028323947326847287e-01,3.422003709631361579e-01,9.689811066048534260e-02
7.467582395271672446e-01,2.900000000000000000e+02,0.000000000000000000e+00,1.782379109992046629e-01,4.154270877776546911e-01,3.227515109663234849e-01,8.358349025681736932e-02
7.467582395271672446e-01,2.910000000000000000e+02,0.000000000000000000e+00,1.500133637784910601e-01,3.969426370987162445e-01,3.501098239477306584e-01,1.029341751750619954e-01
7.467582395271672446e-01,2.920000000000000000e+02,0.000000000000000000e+00,1.595633638501200435e-01,4.038681542749797959e-01,3.407413040641956159e-01,9.582717781070451690e-02
7.467582395271672446e-01,2.930000000000000000e+02,0.000000000000000000e+00,1.463754813077184913e-01,3.941072283178136959e-01,3.537033798846546118e-01,1.058139104898130067e-01
7.467582395271672446e-01,2.940000000000000000e+02,0.000000000000000000e+00,1.836487866985777317e-01,4.183277895949524261e-01,3.176319007116970017e-01,8.039152299477285435e-02
7.467582395271672446e-01,2.950000000000000000e+02,0.000000000000000000e+00,1.663818643754878535e-01,4.083793680673054594e-01,3.341183625772249366e-01,9.112040497998194488e-02
7.467582395271672446e-01,2.960000000000000000e+02,0.000000000000000000e+00,1.584823471884954094e-01,4.031205610026591946e-01,3.417966092880098672e-01,9.660048252083558440e-02
7.467582395271672446e-01,2.970000000000000000e+02,0.000000000000000000e+00,1.922955277417461584e-01,4.225779266482263541e-01,3.095445608943768190e-01,7.558198471565047427e-02
7.467582395271672446e-01,2.980000000000000000e+02,0.000000000000000000e+00,1.774448199884949284e-01,4.149857559171018506e-01,3.235055976373467646e-01,8.406382645705645640e-02
7.467582395271672446e-01,2.990000000000000000e+02,0.000000000000000000e+00,1.661763417361487305e-01,4.082484372674194950e-01,3.343171171660526686e-01,9.125810383037885609e-02
7.467582395271672446e-01,0.000000000000000000e+00,1.000000000000000000e+00,3.434943088566138614e-01,2.239619099481266196e-01,1.973875693145407950e-01,2.351562118807187240e-01
7.467582395271672446e-01,1.000000000000000000e+00,1.000000000000000000e+00,3.209942636512840841e-01,2.199922035353573668e-01,2.038019467712289534e-01,2.552115860421295124e-01
7.467582395271672446e-01,2.000000000000000000e+00,1.000000000000000000e+00,3.380001431103409337e-01,2.230625264932780960e-01,1.989882210934776074e-01,2.399491093029034738e-01
7.467582395271672446e-01,3.000000000000000000e+00,1.000000000000000000e+00,3.213313994798636108e-01,2.200573303505986289e-01,2.037086798835819612e-01,2.549025902859559656e-01
7.467582395271672446e-01,4.000000000000000000e+00,1.000000000000000000e+00,3.363487888360922606e-01,2.227834395132466672e-01,1.994651193078124107e-01,2.414026523428486060e-01
7.467582395271672446e-01,5.000000000000000000e+00,1.000000000000000000e+00,3.370625390071710914e-01,2.229045654484620997e-01,1.992592353114730763e-01,2.407736602328937048e-01
7.467582395271672446e-01,6.000000000000000000e+00,1.000000000000000000e+00,3.253344714089836387e-01,2.208173699363647768e-01,2.025943845311102554e-01,2.512537741235413846e-01
7.467582395271672446e-01,7.000000000000000000e+00,1.000000000000000000e+00,3.185736872952572019e-01,2.195194890965986301e-01,2.044689111339410281e-01,2.574379124742032787e-01
7.467582395271672446e-01,8.000000000000000000e+00,1.000000000000000000e+00,3.233404444977549530e-01,2.204418293402096163e-01,2.031510174084358578e-01,2.530667087535993232e-01
7.467582395271672446e-01,9.000000000000000000e+00,1.000000000000000000e+00,3.469168478061901428e-01,2.244996253512096251e-01,1.963798253742697897e-01,2.322037014683303868e-01
7.467582395271672446e-01,1.000000000000000000e+01,1.000000000000000000e+00,3.320107882072219629e-01,2.220308852443323988e-01,2.007084260398628861e-01,2.452499005085827244e-01
7.467582395271672446e-01,1.100000000000000000e+01,1.000000000000000000e+00,3.419614165060234079e-01,2.237154758242823893e-01,1.978362943272702068e-01,2.364868133424240237e-01
7.467582395271672446e-01,1.200000000000000000e+01,1.000000000000000000e+00,3.343569266566642773e-01,2.224413901924094383e-01,2.000377203159110495e-01,2.431639628350151516e-01
7.467582395271672446e-01,1.300000000000000000e+01,1.000000000000000000e+00,3.234470092484001413e-01,2.204620520951475759e-01,2.031213485928755058e-01,2.529695900635767769e-01
7.467582395271672446e-01,1.400000000000000000e+01,1.000000000000000000e+00,3.414691148237489204e-01,2.236355942419326615e-01,1.979800578408757172e-01,2.369152330934426731e-01
7.467582395271672446e-01,1.500000000000000000e+01,1.000000000000000000e+00,3.354293339513988448e-01,2.226262843408352843e-01,1.997297948826689262e-01,2.422145868250969725e-01
7.467582395271672446e-01,1.600000000000000000e+01,1.000000000000000000e+00,3.339682799128773083e-01,2.223739586596261697e-01,2.001491061466813548e-01,2.435086552808151950e-01
7.467582395271672446e-01,1.700000000000000000e+01,1.000000000000000000e+00,3.441600970822440431e-01,2.240678639609025302e-01,1.971921637674871886e-01,2.345798751893664047e-01
7.467582395271672446e-01,1.800000000000000000e+01,1.000000000000000000e+00,3.338407648802627636e-01,2.223517850870314339e-01,2.001856276397218082e-01,2.436218223929840498e-01
7.467582395271672446e-01,1.900000000000000000e+01,1.000000000000000000e+00,3.382270786000048934e-01,2.231005622831490065e-01,1.989225304595347577e-01,2.397498286573113702e-01
7.467582395271672446e-01,2.000000000000000000e+01,1.000000000000000000e+00,3.368759007763035829e-01,2.228729656265520664e-01,1.993131074121236024e-01,2.409380261850207483e-01
7.467582395271672446e-01,2.100000000000000000e+01,1.000000000000000000e+00,3.373956596355857651e-01,2.229608372674097561e-01,1.991630193849994457e-01,2.404804837120048944e-01
7.467582395271672446e-01,2.200000000000000000e+01,1.000000000000000000e+00,3.257874145377738784e-01,2.209018313482055962e-01,2.024675135765590661e-01,2.508432405374613761e-01
7.467582395271672446e-01,2.300000000000000000e+01,1.000000000000000000e+00,3.060061489122226086e-01,2.169194630411515057e-01,2.078537709701500091e-01,2.692206170764759876e-01
7.467582395271672446e-01,2.400000000000000000e+01,1.000000000000000000e+00,3.334296268267896712e-01,2.222801264472197280e-01,2.003032997966090467e-01,2.439869469293814153e-01
7.467582395271672446e-01,2.500000000000000000e+01,1.000000000000000000e+00,3.233363293147476503e-01,2.204410480562513652e-01,2.031521629422305131e-01,2.530704596867704437e-01
7.467582395271672446e-01,2.600000000000000000e+01,1.000000000000000000e+00,3.324320493773814666e-01,2.221052017287620528e-01,2.005882977268495515e-01,2.448744511670069290e-01
7.467582395271672446e-01,2.700000000000000000e+01,1.000000000000000000e+00,3.180643229346646894e-01,2.194188694351219548e-01,2.046086588206507961e-01,2.579081488095624763e-01
7.467582395271672446e-01,2.800000000000000000e+01,1.000000000000000000e+00,3.330508561768907305e-01,2.222138849952644268e-01,2.004115975859847576e-01,2.443236612418601683e-01
7.467582395271672446e-01,2.900000000000000000e+01,1.000000000000000000e+00,3.227189178912757139e-01,2.203235374350519526e-01,2.033238792070858891e-01,2.536336654665864998e-01
7.467582395271672446e-01,3.000000000000000000e+01,1.000000000000000000e+00,3.451726434210969918e-01,2.242277484883252459e-01,1.968943997347822328e-01,2.337052083557955573e-01
7.467582395271672446e-01,3.100000000000000000e+01,1.000000000000000000e+00,3.334018265705290252e-01,2.222752719029336965e-01,2.003112520284898168e-01,2.440116494980474893e-01
7.467582395271672446e-01,3.200000000000000000e+01,1.000000000000000000e+00,3.379830423935232253e-01,2.230596572023977320e-01,1.989931697120167209e-01,2.399641306920624328e-01
7.467582395271672446e-01,3.300000000000000000e+01,1.000000000000000000e+00,3.431906770668136097e-01,2.239133725634477601e-01,1.974765817054669748e-01,2.354193686642717664e-01
7.467582395271672446e-01,3.400000000000000000e+01,1.000000000000000000e+00,3.258007106933058505e-01,2.209043060084836807e-01,2.024637868740030155e-01,2.508311964242073699e-01
7.467582395271672446e-01,3.500000000000000000e+01,1.000000000000000000e+00,3.523870646770100312e-01,2.253233581316227974e-01,1.947527021855616214e-01,2.275368750058054668e-01
7.467582395271672446e-01,3.600000000000000000e+01,1.000000000000000000e+00,3.276386653513966851e-01,2.212438035734316522e-01,2.019473246449265957e-01,2.491702064302450947e-01
7.467582395271672446e-01,3.700000000000000000e+01,1.000000000000000000e+00,3.329053143494812295e-01,2.221883746364694823e-01,2.004531825551672253e-01,2.444531284588821740e-01
7.467582395271672446e-01,3.800000000000000000e+01,1.000000000000000000e+00,3.376192473466586019e-01,2.229985137132724504e-01,1.990983952270837520e-01,2.402838437129852234e-01
7.467582395271672446e-01,3.900000000000000000e+01,1.000000000000000000e+00,3.354994558923720671e-01,2.226383142039113361e-01,1.997096311570075999e-01,2.421525987467089691e-01
7.467582395271672446e-01,4.000000000000000000e+01,1.000000000000000000e+00,3.215208736547112145e-01,2.200938560350447770e-01,2.036562230834681742e-01,2.547290472267756956e-01
7.467582395271672446e-01,4.100000000000000000e+01,1.000000000000000000e+00,3.242067661364946285e-01,2.206057294959945791e-01,2.029095654967686957e-01,2.522779388707420689e-01
7.467582395271672446e-01,4.200000000000000000e+01,1.000000000000000000e+00,3.359663797605465518e-01,2.227182306645590915e-01,1.995752747909678437e-01,2.417401147839265407e-01
7.467582395271672446e-01,4.300000000000000000e+01,1.000000000000000000e+00,3.658810324151489102e-01,2.271694513613156663e-01,1.906562217837841633e-01,2.162932944397512325e-01
7.467582395271672446e-01,4.400000000000000000e+01,1.000000000000000000e+00,3.543639783122535802e-01,2.256103031554766436e-01,1.941597970781513416e-01,2.258659214541183791e-01
7.467582395271672446e-01,4.500000000000000000e+01,1.000000000000000000e+00,3.242239571827864597e-01,2.206089703202227248e-01,2.029047682410982378e-01,2.522623042558924666e-01
7.467582395271672446e-01,4.600000000000000000e+01,1.000000000000000000e+00,3.313784368479749110e-01,2.219188288971043754e-01,2.008885012760695254e-01,2.458142329788512714e-01
7.467582395271672446e-01,4.700000000000000000e+01,1.000000000000000000e+00,3.338609452000521061e-01,2.223552958624596398e-01,2.001798486056735049e-01,2.436039103318146937e-01
7.467582395271672446e-01,4.800000000000000000e+01,1.000000000000000000e+00,3.345548362957322386e-01,2.224756413042835723e-01,1.999809569457259573e-01,2.429885654542582041e-01
7.467582395271672446e-01,4.900000000000000000e+01,1.000000000000000000e+00,3.360227171534150847e-01,2.227278510933644873e-01,1.995590531002637003e-01,2.416903786529566445e-01
7.467582395271672446e-01,5.000000000000000000e+01,1.000000000000000000e+00,3.354050356471319216e-01,2.226221140988278446e-01,1.997367810794470899e-01,2.422360691745930328e-01
7.467582395271672446e-01,5.100000000000000000e+01,1.000000000000000000e+00,3.329967645128105169e-01,2.222044075975278810e-01,2.004270547696280769e-01,2.443717731200334142e-01
7.467582395271672446e-01,5.200000000000000000e+01,1.000000000000000000e+00,3.492266122645408255e-01,2.248527833069638437e-01,1.956952230066916210e-01,2.302253814218037375e-01
7.467582395271672446e-01,5.300000000000000000e+01,1.000000000000000000e+00,2.967306984350301380e-01,2.148413132427035854e-01,2.102636203594371589e-01,2.781643679628290067e-01
7.467582395271672446e-01,5.400000000000000000e+01,1.000000000000000000e+00,3.305268581876297795e-01,2.217669738410839586e-01,2.011305332496534370e-01,2.465756347216329358e-01
7.467582395271672446e-01,5.500000000000000000e+01,1.000000000000000000e+00,3.337348021790835229e-01,2.223333407168491260e-01,2.002159672330888762e-01,2.437158898709785304e-01
7.467582395271672446e-01,5.600000000000000000e+01,1.000000000000000000e+00,3.169962597633861345e-01,2.192065878828756698e-01,2.049010037661516959e-01,2.588961485875864721e-01
7.467582395271672446e-01,5.700000000000000000e+01,1.000000000000000000e+00,3.560648246577465259e-01,2.258526292892152898e-01,1.936476581903882332e-01,2.244348878626500343e-01
7.467582395271672446e-01,5.800000000000000000e+01,1.000000000000000000e+00,3.226916430484831344e-01,2.203183328591356849e-01,2.033314580328270671e-01,2.536585660595541691e-01
7.467582395271672446e-01,5.900000000000000000e+01,1.000000000000000000e+00,3.235973906767967700e-01,2.204905604802336883e-01,2.030794655421855610e-01,2.528325833007840084e-01
7.467582395271672446e-01,6.000000000000000000e+01,1.000000000000000000e+00,3.266807353473739628e-01,2.210674984885028782e-01,2.022168259859883910e-01,2.500349401781349346e-01
7.467582395271672446e-01,6.100000000000000000e+01,1.000000000000000000e+00,3.432004875816867528e-01,2.239149429618842724e-01,1.974737066659807139e-01,2.354108627904482887e-01
7.467582395271672446e-01,6.200000000000000000e+01,1.000000000000000000e+00,3.426764196392487194e-01,2.238308547933936243e-01,1.976271946470998242e-01,2.358655309202579708e-01
7.467582395271672446e-01,6.300000000000000000e+01,1.000000000000000000e+00,3.395491224484407655e-01,2.233206225111969978e-01,1.985391083598507245e-01,2.385911466805115400e-01
7.467582395271672446e-01,6.400000000000000000e+01,1.000000000000000000e+00,3.459577519437437298e-01,2.243506805654788827e-01,1.966630345695937754e-01,2.330285329211836398e-01
7.467582395271672446e-01,6.500000000000000000e+01,1.000000000000000000e+00,3.378287103381981127e-01,2.230337424832999904e-01,1.990378209408728283e-01,2.400997262376291796e-01
7.467582395271672446e-01,6.600000000000000000e+01,1.000000000000000000e+00,3.416042381633508374e-01,2.236575552662321831e-01,1.979406156226490854e-01,2.367975909477678942e-01
7.467582395271672446e-01,6.700000000000000000e+01,1.000000000000000000e+00,3.183881913252136764e-01,2.194828924854555496e-01,2.045198276334984355e-01,2.576090885558322552e-01
7.467582395271672446e-01,6.800000000000000000e+01,1.000000000000000000e+00,3.348991225591753662e-01,2.225350853527724437e-01,1.998821422004181114e-01,2.426836498876340231e-01
7.467582395271672446e-01,6.900000000000000000e+01,1.000000000000000000e+00,3.308435358170851992e-01,2.218235718434792836e-01,2.010405920461929841e-01,2.462923002932423666e-01
7.467582395271672446e-01,7.000000000000000000e+01,1.000000000000000000e+00,3.687032175368760711e-01,2.275224064034472027e-01,1.897852416689533861e-01,2.139891343907233123e-01
7.467582395271672446e-01,7.100000000000000000e+01,1.000000000000000000e+00,3.328047354176763561e-01,2.221707267401319685e-01,2.004819113222450211e-01,2.445426265199468485e-01
7.467582395271672446e-01,7.200000000000000000e+01,1.000000000000000000e+00,3.408060893107629497e-01,2.235274436718462099e-01,1.981734074927747336e-01,2.374930595246161069e-01
7.467582395271672446e-01,7.300000000000000000e+01,1.000000000000000000e+00,3.190821125453681684e-01,2.196195254735245905e-01,2.043292114192946651e-01,2.569691505618124650e-01
7.467582395271672446e-01,7.400000000000000000e+01,1.000000000000000000e+00,3.439228466507855408e-01,2.240301827567008630e-01,1.972618307853606923e-01,2.347851398071527929e-01
7.467582395271672446e-01,7.500000000000000000e+01,1.000000000000000000e+00,3.257598193802561659e-01,2.208966945229321188e-01,2.024752476267095147e-01,2.508682384701022561e-01
7.467582395271672446e-01,7.600000000000000000e+01,1.000000000000000000e+00,3.149442688135633550e-01,2.187938084315041998e-01,2.054600389094582980e-01,2.608018838454740917e-01
7.467582395271672446e-01,7.700000000000000000e+01,1.000000000000000000e+00,3.411716787139177365e-01,2.235871579622565053e-01,1.980668336041481736e-01,2.371743297196776401e-01
7.467582395271672446e-01,7.800000000000000000e+01,1.000000000000000000e+00,3.481369082283541916e-01,2.246871447592152238e-01,1.960186540087576201e-01,2.311572930036730478e-01
7.467582395271672446e-01,7.900000000000000000e+01,1.000000000000000000e+00,3.360872133016830077e-01,2.227388589312161160e-01,1.995404793601886217e-01,2.416334484069121435e-01
7.467582395271672446e-01,8.000000000000000000e+01,1.000000000000000000e+00,3.230265730520144873e-01,2.203821654726559331e-01,2.032383508055247423e-01,2.533529106698048650e-01
7.467582395271672446e-01,8.100000000000000000e+01,1.000000000000000000e+00,3.221494400374895761e-01,2.202146341860524159e-01,2.034819972433777324e-01,2.541539285330802200e-01
7.467582395271672446e-01,8.200000000000000000e+01,1.000000000000000000e+00,3.351233103999859408e-01,2.225736980522247110e-01,1.998177506612751064e-01,2.424852408865143527e-01
7.467582395271672446e-01,8.300000000000000000e+01,1.000000000000000000e+00,3.337295087751750988e-01,2.223324188807184187e-01,2.002174826411227404e-01,2.437205897029837420e-01
7.467582395271672446e-01,8.400000000000000000e+01,1.000000000000000000e+00,3.192139157832441509e-01,2.196453939019534785e-01,2.042929618090490451e-01,2.568477285057533255e-01
7.467582395271672446e-01,8.500000000000000000e+01,1.000000000000000000e+00,3.315383093036689544e-01,2.219472160042484932e-01,2.008430024631302491e-01,2.456714722289524422e-01
7.467582395271672446e-01,8.600000000000000000e+01,1.000000000000000000e+00,3.293223149993557697e-01,2.215503121865235736e-01,2.014719514189542704e-01,2.476554213951663586e-01
7.467582395271672446e-01,8.700000000000000000e+01,1.000000000000000000e+00,3.343016705759025986e-01,2.224318168640437854e-01,2.000535634314997424e-01,2.432129491285538736e-01
7.467582395271672446e-01,8.800000000000000000e+01,1.000000000000000000e+00,3.306899874716856536e-01,2.217961478723043389e-01,2.010842114906511713e-01,2.464296531653589195e-01
7.467582395271672446e-01,8.900000000000000000e+01,1.000000000000000000e+00,3.366831804066928724e-01,2.228402815357136413e-01,1.993687086648583129e-01,2.411078293927350347e-01
7.467582395271672446e-01,9.000000000000000000e+01,1.000000000000000000e+00,3.360460872755605677e-01,2.227318404910167138e-01,1.995523232711633455e-01,2.416697489622595119e-01
7.467582395271672446e-01,9.100000000000000000e+01,1.000000000000000000e+00,3.315311517700497146e-01,2.219459459274885083e-01,2.008450398659628044e-01,2.456778624364990837e-01
7.467582395271672446e-01,9.200000000000000000e+01,1.000000000000000000e+00,3.586438322891432051e-01,2.262120665646686901e-01,1.928675607819500815e-01,2.222765403642379123e-01
7.467582395271672446e-01,9.300000000000000000e+01,1.000000000000000000e+00,3.196751877734658742e-01,2.197357156757341889e-01,2.041659886658017953e-01,2.564231078849980583e-01
7.467582395271672446e-01,9.400000000000000000e+01,1.000000000000000000e+00,3.310522303094740049e-01,2.218607881069096510e-01,2.009812785255771783e-01,2.461057030580392213e-01
7.467582395271672446e-01,9.500000000000000000e+01,1.000000000000000000e+00,3.353421670311420577e-01,2.226113200603252740e-01,1.997548549313117039e-01,2.422916579772210477e-01
7.467582395271672446e-01,9.600000000000000000e+01,1.000000000000000000e+00,3.346714977074484731e-01,2.224958037841781311e-01,1.999474832935503876e-01,2.428852152148228138e-01
7.467582395271672446e-01,9.700000000000000000e+01,1.000000000000000000e+00,3.287093437830311826e-01,2.214392165105821542e-01,2.016452717262972594e-01,2.482061679800894871e-01
7.467582395271672446e-01,9.800000000000000000e+01,1.000000000000000000e+00,3.446334446578466215e-01,2.241427952159928128e-01,1.970530522360507408e-01,2.341707078901097139e-01
7.467582395271672446e-01,9.900000000000000000e+01,1.000000000000000000e+00,3.292376279489128144e-01,2.215349971672028184e-01,2.014959140266918691e-01,2.477314608571925258e-01
7.467582395271672446e-01,1.000000000000000000e+02,1.000000000000000000e+00,3.271758968985380989e-01,2.211588054872776765e-01,2.020776066010959715e-01,2.495876910130882254e-01
7.467582395271672446e-01,1.010000000000000000e+02,1.000000000000000000e+00,3.365186941123843867e-01,2.228123419453267862e-01,1.994161429182715606e-01,2.412528210240173221e-01
7.467582395271672446e-01,1.020000000000000000e+02,1.000000000000000000e+00,3.431935011517493472e-01,2.239138246377321007e-01,1.974757540946295853e-01,2.354169201158889113e-01
7.467582395271672446e-01,1.030000000000000000e+02,1.000000000000000000e+00,3.218548332174847593e-01,2.201581010857130150e-01,2.035636953277975836e-01,2.544233703690046422e-01
7.467582395271672446e-01,1.040000000000000000e+02,1.000000000000000000e+00,3.336839279137641112e-01,2.223244793240204409e-01,2.002305307818828539e-01,2.437610619803326495e-01
7.467582395271672446e-01,1.050000000000000000e+02,1.000000000000000000e+00,3.438862907418130388e-01,2.240243693971608330e-01,1.972725617242316598e-01,2.348167781367945517e-01
7.467582395271672446e-01,1.060000000000000000e+02,1.000000000000000000e+00,3.141075625884024447e-01,2.186236272614202336e-01,2.056869878540641128e-01,2.615818222961131534e-01
7.467582395271672446e-01,1.070000000000000000e+02,1.000000000000000000e+00,3.104643117144989528e-01,2.178699386378566694e-01,2.066683430079370998e-01,2.649974066397072781e-01
7.467582395271672446e-01,1.080000000000000000e+02,1.000000000000000000e+00,3.415919545800500945e-01,2.236555599842825759e-01,1.979442017045147661e-01,2.368082837311525635e-01
7.467582395271672446e-01,1.090000000000000000e+02,1.000000000000000000e+00,3.426899018484745874e-01,2.238330231369789203e-01,1.976232484018786428e-01,2.358538266126679050e-01
7.467582395271672446e-01,1.100000000000000000e+02,1.000000000000000000e+00,3.157527672859598011e-01,2.189572229702166084e-01,2.052401895528996045e-01,2.600498201909240970e-01
7.467582395271672446e-01,1.110000000000000000e+02,1.000000000000000000e+00,3.220691995244321371e-01,2.201992497030749729e-01,2.035042557418880738e-01,2.542272950306048718e-01
7.467582395271672446e-01,1.120000000000000000e+02,1.000000000000000000e+00,3.295063540640247313e-01,2.215835569615340617e-01,2.014198579513277743e-01,2.474902310231133495e-01
7.467582395271672446e-01,1.130000000000000000e+02,1.000000000000000000e+00,3.421492415987810731e-01,2.237458580861710900e-01,1.977814002760932277e-01,2.363235000389545815e-01
7.467582395271672446e-01,1.140000000000000000e+02,1.000000000000000000e+00,3.349132026071405255e-01,2.225375126231814438e-01,1.998780991915949379e-01,2.426711855780830651e-01
7.467582395271672446e-01,1.150000000000000000e+02,1.000000000000000000e+00,3.567366081032146141e-01,2.259471841305268902e-01,1.934448659017537764e-01,2.238713418645047748e-01
7.467582395271672446e-01,1.160000000000000000e+02,1.000000000000000000e+00,3.056985287750533242e-01,2.168527276097999834e-01,2.079349295685516130e-01,2.695138140465950238e-01
7.467582395271672446e-01,1.170000000000000000e+02,1.000000000000000000e+00,3.166119724411612379e-01,2.191297792624830598e-01,2.050059608989766857e-01,2.592522873973790443e-01
7.467582395271672446e-01,1.180000000000000000e+02,1.000000000000000000e+00,3.353667671807791795e-01,2.226155444126532990e-01,1.997477830742016291e-01,2.422699053323659757e-01
7.467582395271672446e-01,1.190000000000000000e+02,1.000000000000000000e+00,3.400294455699356400e-01,2.233999315126990459e-01,1.983994956951081745e-01,2.381711272222569731e-01
7.467582395271672446e-01,1.200000000000000000e+02,1.000000000000000000e+00,3.209293592795956496e-01,2.199796455494614777e-01,2.038198918232546897e-01,2.552711033476882108e-01
7.467582395271672446e-01,1.210000000000000000e+02,1.000000000000000000e+00,3.343528284672188655e-01,2.224406803222423179e-01,2.000388954325978408e-01,2.431675957779410036e-01
7.467582395271672446e-01,1.220000000000000000e+02,1.000000000000000000e+00,3.258577523796201136e-01,2.209149194754411738e-01,2.024477974360785748e-01,2.507795307088600545e-01
7.467582395271672446e-01,1.230000000000000000e+02,1.000000000000000000e+00,3.383360653792714112e-01,2.231188019046196902e-01,1.988909691152882242e-01,2.396541636008208132e-01
7.467582395271672446e-01,1.240000000000000000e+02,1.000000000000000000e+00,2.999167846459551701e-01,2.155705885435405256e-01,2.094446461462593223e-01,2.750679806642450376e-01
7.467582395271672446e-01,1.250000000000000000e+02,1.000000000000000000e+00,3.409752554798517465e-01,2.235550993880017212e-01,1.981241051438666911e-01,2.373455399882797856e-01
7.467582395271672446e-01,1.260000000000000000e+02,1.000000000000000000e+00,3.276809292730636369e-01,2.212515501625878789e-01,2.019354180189362746e-01,2.491321025454122928e-01
7.467582395271672446e-01,1.270000000000000000e+02,1.000000000000000000e+00,3.348741007360489519e-01,2.225307710896532454e-01,1.998893267221926728e-01,2.427058014521050744e-01
7.467582395271672446e-01,1.280000000000000000e+02,1.000000000000000000e+00,3.178382567078602006e-01,2.193740844947691671e-01,2.046706141329144024e-01,2.581170446644562855e-01
7.467582395271672446e-01,1.290000000000000000e+02,1.000000000000000000e+00,3.353613467177764540e-01,2.226146136852030499e-01,1.997493413441097376e-01,2.422746982529108695e-01
7.467582395271672446e-01,1.300000000000000000e+02,1.000000000000000000e+00,3.293777467589034669e-01,2.215603307450961790e-01,2.014562637939643353e-01,2.476056587020361022e-01
7.467582395271672446e-01,1.310000000000000000e+02,1.000000000000000000e+00,3.397108514589787798e-01,2.233473647879127832e-01,1.984921178426261867e-01,2.384496659104823335e-01
7.467582395271672446e-01,1.320000000000000000e+02,1.000000000000000000e+00,3.280844015699625471e-01,2.213253668984203060e-01,2.018216827048358308e-01,2.487685488267812883e-01
7.467582395271672446e-01,1.330000000000000000e+02,1.000000000000000000e+00,3.302598978192977652e-01,2.217191442024172288e-01,2.012062954311942820e-01,2.468146625470906685e-01
7.467582395271672446e-01,1.340000000000000000e+02,1.000000000000000000e+00,3.355099220618548705e-01,2.226401091114700581e-01,1.997066212783699668e-01,2.421433475483051601e-01
7.467582395271672446e-01,1.350000000000000000e+02,1.000000000000000000e+00,3.353272265836488297e-01,2.226087540363772266e-01,1.997591496778424180e-01,2.423048697021314979e-01
7.467582395271672446e-01,1.360000000000000000e+02,1.000000000000000000e+00,3.637962142898574225e-01,2.269013849326089183e-01,1.912965500958148657e-01,2.180058506817189323e-01
7.467582395271672446e-01,1.370000000000000000e+02,1.000000000000000000e+00,3.342235536624002523e-01,2.224182750106726281e-01,2.000759574167942090e-01,2.432822139101328274e-01
7.467582395271672446e-01,1.380000000000000000e+02,1.000000000000000000e+00,3.223447975639001650e-01,2.202520488901296702e-01,2.034277842750362997e-01,2.539753692709338373e-01
7.467582395271672446e-01,1.390000000000000000e+02,1.000000000000000000e+00,3.238645452191363794e-01,2.205411210157266488e-01,2.030050159806414956e-01,2.525893177844955595e-01
7.467582395271672446e-01,1.400000000000000000e+02,1.000000000000000000e+00,3.151139154531207298e-01,2.188281814009802040e-01,2.054139529217290927e-01,2.606439502241699735e-01
7.467582395271672446e-01,1.410000000000000000e+02,1.000000000000000000e+00,3.468029245866335875e-01,2.244820041588921899e-01,1.964134982734347667e-01,2.323015729810394281e-01
7.467582395271672446e-01,1.420000000000000000e+02,1.000000000000000000e+00,3.368134581259448201e-01,2.228623818338134333e-01,1.993311255204885946e-01,2.409930345197530410e-01
7.467582395271672446e-01,1.430000000000000000e+02,1.000000000000000000e+00,3.461772575698567889e-01,2.243848884752072115e-01,1.965982725953789312e-01,2.328395813595570407e-01
7.467582395271672446e-01,1.440000000000000000e+02,1.000000000000000000e+00,3.379226009825226362e-01,2.230495123859768392e-01,1.990106586114015197e-01,2.400172280200989494e-01
7.467582395271672446e-01,1.450000000000000000e+02,1.000000000000000000e+00,3.315257947737323407e-01,2.219449952987355423e-01,2.008465647180655844e-01,2.456826452094665603e-01
7.467582395271672446e-01,1.460000000000000000e+02,1.000000000000000000e+00,3.337771473465022121e-01,2.223407135353460129e-01,2.002038438162792866e-01,2.436782953018725717e-01
7.467582395271672446e-01,1.470000000000000000e+02,1.000000000000000000e+00,3.395979806105230425e-01,2.233287054181365694e-01,1.985249145340856058e-01,2.385483994372546990e-01
7.467582395271672446e-01,1.480000000000000000e+02,1.000000000000000000e+00,3.639722022503257270e-01,2.269242546436586183e-01,1.912425997199793948e-01,2.178609433860362044e-01
7.467582395271672446e-01,1.490000000000000000e+02,1.000000000000000000e+00,3.123716770596023928e-01,2.182670951151650662e-01,2.061559661325754744e-01,2.632052616926570110e-01
7.467582395271672446e-01,1.500000000000000000e+02,1.000000000000000000e+00,3.473434075703915602e-01,2.245654346275874347e-01,1.962536665532859659e-01,2.318374912487349837e-01
7.467582395271672446e-01,1.510000000000000000e+02,1.000000000000000000e+00,3.218657217012120819e-01,2.201601928740876957e-01,2.035606770431280244e-01,2.544134083815721703e-01
7.467582395271672446e-01,1.520000000000000000e+02,1.000000000000000000e+00,3.355864043770060978e-01,2.226532205649935647e-01,1.996846239418508806e-01,2.420757511161494013e-01
7.467582395271672446e-01,1.530000000000000000e+02,1.000000000000000000e+00,3.121973340413682352e-01,2.182310282267616586e-01,2.062029279082172317e-01,2.633687098236530133e-01
7.467582395271672446e-01,1.540000000000000000e+02,1.000000000000000000e+00,3.333620255127844323e-01,2.222683197346089490e-01,2.003226360824003904e-01,2.440470186702063393e-01
7.467582395271672446e-01,1.550000000000000000e+02,1.000000000000000000e+00,3.472707969852459886e-01,2.245542511969121913e-01,1.962751504908875344e-01,2.318998013269542857e-01
7.467582395271672446e-01,1.560000000000000000e+02,1.000000000000000000e+00,3.188297073517098457e-01,2.195699125606463686e-01,2.043985907920716494e-01,2.572017892955719698e-01
7.467582395271672446e-01,1.570000000000000000e+02,1.000000000000000000e+00,3.269990560843214489e-01,2.211262389647566107e-01,2.021273487212696673e-01,2.497473562296523841e-01
7.467582395271672446e-01,1.580000000000000000e+02,1.000000000000000000e+00,3.406452740659233758e-01,2.235011138649740103e-01,1.982202573031568715e-01,2.376333547659457701e-01
7.467582395271672446e-01,1.590000000000000000e+02,1.000000000000000000e+00,3.394665009650302823e-01,2.233069458651461836e-01,1.985631069346060207e-01,2.386634462352175690e-01
7.467582395271672446e-01,1.600000000000000000e+02,1.000000000000000000e+00,3.354467081251396032e-01,2.226292656750348820e-01,1.997247992331361299e-01,2.421992269666894126e-01
7.467582395271672446e-01,1.610000000000000000e+02,1.000000000000000000e+00,3.495619861952840024e-01,2.249034112287745246e-01,1.955955216362538773e-01,2.299390809396876234e-01
7.467582395271672446e-01,1.620000000000000000e+02,1.000000000000000000e+00,3.273665199852021090e-01,2.211938570756133426e-01,2.020239608860587566e-01,2.494156620531258473e-01
7.467582395271672446e-01,1.630000000000000000e+02,1.000000000000000000e+00,3.211899672575674325e-01,2.200300301061259289e-01,2.037478174117601515e-01,2.550321852245465148e-01
7.467582395271672446e-01,1.640000000000000000e+02,1.000000000000000000e+00,3.273884791465012101e-01,2.211978913709491401e-01,2.020177792830441521e-01,2.493958501995054422e-01
7.467582395271672446e-01,1.650000000000000000e+02,1.000000000000000000e+00,3.329631990691759857e-01,2.221985243911811514e-01,2.004366453103260670e-01,2.444016312293168514e-01
7.467582395271672446e-01,1.660000000000000000e+02,1.000000000000000000e+00,3.246413132482453556e-01,2.206875115230175488e-01,2.027882318790317218e-01,2.518829433497054016e-01
7.467582395271672446e-01,1.670000000000000000e+02,1.000000000000000000e+00,3.156748039273813977e-01,2.189415089682928417e-01,2.052614131226201122e-01,2.601222739817055651e-01
7.467582395271672446e-01,1.680000000000000000e+02,1.000000000000000000e+00,3.504602675209949059e-01,2.250382047641428240e-01,1.953281069248203605e-01,2.291734207900420206e-01
7.467582395271672446e-01,1.690000000000000000e+02,1.000000000000000000e+00,3.509328727351537225e-01,2.251086489667329660e-01,1.951871987832012045e-01,2.287712795149122180e-01
7.467582395271672446e-01,1.700000000000000000e+02,1.000000000000000000e+00,3.629947518848534727e-01,2.267966715762679275e-01,1.915420040950531755e-01,2.186665724438254521e-01
7.467582395271672446e-01,1.710000000000000000e+02,1.000000000000000000e+00,3.401765083784338284e-01,2.234241454675024718e-01,1.983567170995635676e-01,2.380426290545001322e-01
7.467582395271672446e-01,1.720000000000000000e+02,1.000000000000000000e+00,3.502854796924235181e-01,2.250120690653570066e-01,1.953801826684628262e-01,2.293222685737566768e-01
7.467582395271672446e-01,1.730000000000000000e+02,1.000000000000000000e+00,3.057056004496491175e-01,2.168542634203481090e-01,2.079330648015510763e-01,2.695070713284518082e-01
7.467582395271672446e-01,1.740000000000000000e+02,1.000000000000000000e+00,3.100113587430912143e-01,2.177747899878428040e-01,2.067895654422016449e-01,2.654242858268643368e-01
7.467582395271672446e-01,1.750000000000000000e+02,1.000000000000000000e+00,3.422619764281097932e-01,2.237640688188474170e-01,1.977484403665097368e-01,2.362255143865329421e-01
7.467582395271672446e-01,1.760000000000000000e+02,1.000000000000000000e+00,3.074535388580982853e-01,2.172314627856235802e-01,2.074707978177571244e-01,2.678442005385209268e-01
7.467582395271672446e-01,1.770000000000000000e+02,1.000000000000000000e+00,3.077170578926353706e-01,2.172879127732210147e-01,2.074008752712031278e-01,2.675941540629404591e-01
7.467582395271672446e-01,1.780000000000000000e+02,1.000000000000000000e+00,3.467506422279901246e-01,2.244739109479462480e-01,1.964289486984328315e-01,2.323464981256307127e-01
7.467582395271672446e-01,1.790000000000000000e+02,1.000000000000000000e+00,3.431972063453314070e-01,2.239144177403932234e-01,1.974746682625183047e-01,2.354137076517571758e-01
7.467582395271672446e-01,1.800000000000000000e+02,1.000000000000000000e+00,3.400816158025790625e-01,2.234085250362028985e-01,1.983843218291099775e-01,2.381255373321081170e-01
7.467582395271672446e-01,1.810000000000000000e+02,1.000000000000000000e+00,3.386900308872916598e-01,2.231779183899851582e-01,1.987884060269549391e-01,2.393436446957682984e-01
7.467582395271672446e-01,1.820000000000000000e+02,1.000000000000000000e+00,3.188514416653318584e-01,2.195741885214477773e-01,2.043926186431027636e-01,2.571817511701177117e-01
7.467582395271672446e-01,1.830000000000000000e+02,1.000000000000000000e+00,3.104298268722204823e-01,2.178627059155092416e-01,2.066775782439657649e-01,2.650298889683044279e-01
7.467582395271672446e-01,1.840000000000000000e+02,1.000000000000000000e+00,3.223951316398634970e-01,2.202616793855838029e-01,2.034138113506641088e-01,2.539293776238885636e-01
7.467582395271672446e-01,1.850000000000000000e+02,1.000000000000000000e+00,3.388585917526536484e-01,2.232060045971196172e-01,1.987395332735435727e-01,2.391958703766831895e-01
7.467582395271672446e-01,1.860000000000000000e+02,1.000000000000000000e+00,3.203139876823579146e-01,2.198602601851634142e-01,2.039898652024505210e-01,2.558358869300282334e-01
7.467582395271672446e-01,1.870000000000000000e+02,1.000000000000000000e+00,3.166344144050394216e-01,2.191342710658207571e-01,2.049998348445352947e-01,2.592314796846044711e-01
7.467582395271672446e-01,1.880000000000000000e+02,1.000000000000000000e+00,3.228082325833103172e-01,2.203405724879281546e-01,2.032990573373359977e-01,2.535521375914254749e-01
7.467582395271672446e-01,1.890000000000000000e+02,1.000000000000000000e+00,3.312195595940346515e-01,2.218905804181350583e-01,2.009336979210296359e-01,2.459561620668005988e-01
7.467582395271672446e-01,1.900000000000000000e+02,1.000000000000000000e+00,3.545478787657696529e-01,2.256367068087175576e-01,1.941045132781537008e-01,2.257109011473591997e-01
7.467582395271672446e-01,1.910000000000000000e+02,1.000000000000000000e+00,3.302573868432543414e-01,2.217186938167040045e-01,2.012070077805037938e-01,2.468169115595379437e-01
7.467582395271672446e-01,1.920000000000000000e+02,1.000000000000000000e+00,3.105610208658561855e-01,2.178902121530802150e-01,2.066424383382897134e-01,2.649063286427739139e-01
7.467582395271672446e-01,1.930000000000000000e+02,1.000000000000000000e+00,3.126098193663184865e-01,2.183162839814431211e-01,2.060917777195930001e-01,2.629821189326453368e-01
7.467582395271672446e-01,1.940000000000000000e+02,1.000000000000000000e+00,3.411475706451569390e-01,2.235832263196982084e-01,1.980738643076277450e-01,2.371953387275169967e-01
7.467582395271672446e-01,1.950000000000000000e+02,1.000000000000000000e+00,3.503298038777498125e-01,2.250187010050763159e-01,1.953669787809454716e-01,2.292845163362284555e-01
7.467582395271672446e-01,1.960000000000000000e+02,1.000000000000000000e+00,3.164245778343335869e-01,2.190922415241141064e-01,2.050570984649158768e-01,2.594260821766364855e-01
7.467582395271672446e-01,1.970000000000000000e+02,1.000000000000000000e+00,3.291599613511004829e-01,2.215209422290717878e-01,2.015178853846927853e-01,2.478012110351347774e-01
7.467582395271672446e-01,1.980000000000000000e+02,1.000000000000000000e+00,3.349830924013172395e-01,2.225495565911457807e-01,1.998580285723635108e-01,2.426093224351736077e-01
7.467582395271672446e-01,1.990000000000000000e+02,1.000000000000000000e+00,3.417334182650675345e-01,2.236785250918831569e-01,1.979028962391729540e-01,2.366851604038763823e-01
7.467582395271672446e-01,2.000000000000000000e+02,1.000000000000000000e+00,3.465473931113941530e-01,2.244424102105636032e-01,1.964889949894262910e-01,2.325212016886161193e-01
7.467582395271672446e-01,2.010000000000000000e+02,1.000000000000000000e+00,3.185378896458030407e-01,2.195124306767054223e-01,2.044787393473328774e-01,2.574709403301587152e-01
7.467582395271672446e-01,2.020000000000000000e+02,1.000000000000000000e+00,3.169476182397494846e-01,2.191968783499889384e-01,2.049142955001045374e-01,2.589412079101570674e-01
7.467582395271672446e-01,2.030000000000000000e+02,1.000000000000000000e+00,3.410662013229820433e-01,2.235699499209370944e-01,1.980975912492109747e-01,2.372662575068700264e-01
7.467582395271672446e-01,2.040000000000000000e+02,1.000000000000000000e+00,3.249630209819850957e-01,2.207478720781848036e-01,2.026983101918211072e-01,2.515907967480088270e-01
7.467582395271672446e-01,2.050000000000000000e+02,1.000000000000000000e+00,3.324738645781551982e-01,2.221125639882959857e-01,2.005763663575657330e-01,2.448372050759828888e-01
7.467582395271672446e-01,2.060000000000000000e+02,1.000000000000000000e+00,3.253549735787075181e-01,2.208211997586652375e-01,2.025886452414301930e-01,2.512351814211969958e-01
7.467582395271672446e-01,2.070000000000000000e+02,1.000000000000000000e+00,3.218932596273866853e-01,2.201654823809211514e-01,2.035530431176569566e-01,2.543882148740351234e-01
7.467582395271672446e-01,2.080000000000000000e+02,1.000000000000000000e+00,3.488298038504784593e-01,2.247926685597853580e-01,1.958130905821593992e-01,2.305644370075768113e-01
7.467582395271672446e-01,2.090000000000000000e+02,1.000000000000000000e+00,3.356036848892114954e-01,2.226561817733266058e-01,1.996796532450985651e-01,2.420604800923633060e-01
7.467582395271672446e-01,2.100000000000000000e+02,1.000000000000000000e+00,3.270843132891971261e-01,2.211419456126200445e-01,2.021033704120320240e-01,2.496703706861507222e-01
7.467582395271672446e-01,2.110000000000000000e+02,1.000000000000000000e+00,3.197572637677089102e-01,2.197517527749695831e-01,2.041433778603600480e-01,2.563476055969614031e-01
7.467582395271672446e-01,2.120000000000000000e+02,1.000000000000000000e+00,3.187096714348151005e-01,2.195462838839259689e-01,2.044315673438746872e-01,2.573124773373842711e-01
7.467582395271672446e-01,2.130000000000000000e+02,1.000000000000000000e+00,3.476135096420682746e-01,2.246069676188005571e-01,1.961737177134008914e-01,2.316058050257302492e-01
7.467582395271672446e-01,2.140000000000000000e+02,1.000000000000000000e+00,3.345032566820608233e-01,2.224667203571187579e-01,1.999957534998956510e-01,2.430342694609246290e-01
7.467582395271672446e-01,2.150000000000000000e+02,1.000000000000000000e+00,3.165629156086109397e-01,2.191199577347777150e-01,2.050193506599632676e-01,2.592977759966481055e-01
7.467582395271672446e-01,2.160000000000000000e+02,1.000000000000000000e+00,3.182011359933332173e-01,2.194459346407342804e-01,2.045711438892571510e-01,2.577817854766754069e-01
7.467582395271672446e-01,2.170000000000000000e+02,1.000000000000000000e+00,3.412440590165466414e-01,2.235989568663513949e-01,1.980457226765939827e-01,2.371112614405081198e-01
7.467582395271672446e-01,2.180000000000000000e+02,1.000000000000000000e+00,3.144656718611902324e-01,2.186965973378921513e-01,2.055899252300312230e-01,2.612478055708862823e-01
7.467582395271672446e-01,2.190000000000000000e+02,1.000000000000000000e+00,3.322746908623480655e-01,2.220774726236361962e-01,2.006331860804102252e-01,2.450146504336055409e-01
7.467582395271672446e-01,2.200000000000000000e+02,1.000000000000000000e+00,3.334746044919235652e-01,2.222879780965918706e-01,2.002904327777215443e-01,2.439469846337630199e-01
7.467582395271672446e-01,2.210000000000000000e+02,1.000000000000000000e+00,3.431508575279072493e-01,2.239069970716046631e-01,1.974882504108528281e-01,2.354538949896353706e-01
7.467582395271672446e-01,2.220000000000000000e+02,1.000000000000000000e+00,3.275159206089615083e-01,2.212212902628390709e-01,2.019818966378779390e-01,2.492808924903214540e-01
7.467582395271672446e-01,2.230000000000000000e+02,1.000000000000000000e+00,3.114092192373564827e-01,2.180673981741539924e-01,2.064148974324723496e-01,2.641084851560169811e-01
7.467582395271672446e-01,2.240000000000000000e+02,1.000000000000000000e+00,3.433664784106433276e-01,2.239414920649558938e-01,1.974250517628158008e-01,2.352669777615850055e-01
7.467582395271672446e-01,2.250000000000000000e+02,1.000000000000000000e+00,3.134267221317604268e-01,2.184843475655815215e-01,2.058712291287564944e-01,2.622177011739017516e-01
7.467582395271672446e-01,2.260000000000000000e+02,1.000000000000000000e+00,3.407496859792716881e-01,2.235182132846137704e-01,1.981898413799632330e-01,2.375422593561514750e-01
7.467582395271672446e-01,2.270000000000000000e+02,1.000000000000000000e+00,3.316974325049576455e-01,2.219754319137469956e-01,2.007976979196064160e-01,2.455294376616889707e-01
7.467582395271672446e-01,2.280000000000000000e+02,1.000000000000000000e+00,3.505929915500202165e-01,2.250580209123886066e-01,1.952885499753216625e-01,2.290604375622695976e-01
7.467582395271672446e-01,2.290000000000000000e+02,1.000000000000000000e+00,3.169095662278421655e-01,2.191892800894049143e-01,2.049246922042525787e-01,2.589764614785003971e-01
7.467582395271672446e-01,2.300000000000000000e+02,1.000000000000000000e+00,3.401103269524271000e-01,2.234132526377426431e-01,1.983759702836937200e-01,2.381004501261366479e-01
7.467582395271672446e-01,2.310000000000000000e+02,1.000000000000000000e+00,3.336108997770684259e-01,2.223117523416446306e-01,2.002514328846479452e-01,2.438259149966389150e-01
7.467582395271672446e-01,2.320000000000000000e+02,1.000000000000000000e+00,3.139570060202701574e-01,2.185928897790320180e-01,2.057277630892399567e-01,2.617223411114579790e-01
7.467582395271672446e-01,2.330000000000000000e+02,1.000000000000000000e+00,3.469268632317759615e-01,2.245011735858656599e-01,1.963768646393254935e-01,2.321950985430326908e-01
7.467582395271672446e-01,2.340000000000000000e+02,1.000000000000000000e+00,3.402326557694272946e-01,2.234333816968083197e-01,1.983403805367460748e-01,2.379935819970184219e-01
7.467582395271672446e-01,2.350000000000000000e+02,1.000000000000000000e+00,3.382514820581748460e-01,2.231046478903816188e-01,1.989154642323864297e-01,2.397284058190572165e-01
7.467582395271672446e-01,2.360000000000000000e+02,1.000000000000000000e+00,3.296309702411255316e-01,2.216060385867919258e-01,2.013845699677208612e-01,2.473784212043617092e-01
7.467582395271672446e-01,2.370000000000000000e+02,1.000000000000000000e+00,3.419827824900575353e-01,2.237189345794499129e-01,1.978300511168580023e-01,2.364682318136344941e-01
7.467582395271672446e-01,2.380000000000000000e+02,1.000000000000000000e+00,3.445215367569875453e-01,2.241251099281937331e-01,1.970859546602841961e-01,2.342673986545346643e-01
7.467582395271672446e-01,2.390000000000000000e+02,1.000000000000000000e+00,3.381555533050729090e-01,2.230885824719690824e-01,1.989432387525932877e-01,2.398126254703647209e-01
7.467582395271672446e-01,2.400000000000000000e+02,1.000000000000000000e+00,3.372992053336792972e-01,2.229445608997194794e-01,1.991908867134498107e-01,2.405653470531513016e-01
7.467582395271672446e-01,2.410000000000000000e+02,1.000000000000000000e+00,3.267241727011597208e-01,2.210755231327896642e-01,2.022046207082354163e-01,2.499956834578150877e-01
7.467582395271672446e-01,2.420000000000000000e+02,1.000000000000000000e+00,3.523621794575076960e-01,2.253197098120583997e-01,1.947601493316064580e-01,2.275579613988275296e-01
7.467582395271672446e-01,2.430000000000000000e+02,1.000000000000000000e+00,3.295323311492593388e-01,2.215882453409727115e-01,2.014125029016053114e-01,2.474669206081626105e-01
7.467582395271672446e-01,2.440000000000000000e+02,1.000000000000000000e+00,3.312723122082548155e-01,2.218999640775580762e-01,2.009186932032574202e-01,2.459090305109297714e-01
7.467582395271672446e-01,2.450000000000000000e+02,1.000000000000000000e+00,3.469007135651906992e-01,2.244971309295533679e-01,1.963845947947485682e-01,2.322175607105073369e-01
7.467582395271672446e-01,2.460000000000000000e+02,1.000000000000000000e+00,3.391642436265092098e-01,2.232568256826884812e-01,1.986508604460979766e-01,2.389280702447043325e-01
7.467582395271672446e-01,2.470000000000000000e+02,1.000000000000000000e+00,3.207513623971548489e-01,2.199451728259812777e-01,2.038690879349635554e-01,2.554343768419004568e-01
7.467582395271672446e-01,2.480000000000000000e+02,1.000000000000000000e+00,3.241837961876328222e-01,2.206013985416750978e-01,2.029159750260674799e-01,2.522988302446245168e-01
7.467582395271672446e-01,2.490000000000000000e+02,1.000000000000000000e+00,3.639361082574831263e-01,2.269195678410571571e-01,1.912536661376129932e-01,2.178906577638467235e-01
7.467582395271672446e-01,2.500000000000000000e+02,1.000000000000000000e+00,3.522427902458544202e-01,2.253021940947388391e-01,1.947958720661455978e-01,2.276591435932611984e-01
7.467582395271672446e-01,2.510000000000000000e+02,1.000000000000000000e+00,3.304425083596955748e-01,2.217518730048160802e-01,2.011544771561653289e-01,2.466511414793229884e-01
7.467582395271672446e-01,2.520000000000000000e+02,1.000000000000000000e+00,3.639012610790041125e-01,2.269150411614197504e-01,1.912643495260407944e-01,2.179193482335352317e-01
7.467582395271672446e-01,2.530000000000000000e+02,1.000000000000000000e+00,3.295183003869194271e-01,2.215857131764549515e-01,2.014164755798742990e-01,2.474795108567512669e-01
7.467582395271672446e-01,2.540000000000000000e+02,1.000000000000000000e+00,3.067975312167104396e-01,2.170904617640990464e-01,2.076446013775772037e-01,2.684674056416134214e-01
7.467582395271672446e-01,2.550000000000000000e+02,1.000000000000000000e+00,3.426503326649188996e-01,2.238266584627883471e-01,1.976348299495603589e-01,2.358881789227325332e-01
7.467582395271672446e-01,2.560000000000000000e+02,1.000000000000000000e+00,3.340554871058830644e-01,2.223891090846666085e-01,2.001241223027682148e-01,2.434312815066820568e-01
7.467582395271672446e-01,2.570000000000000000e+02,1.000000000000000000e+00,3.245870606061366237e-01,2.206773168380017081e-01,2.028033882791406006e-01,2.519322342767210676e-01
7.467582395271672446e-01,2.580000000000000000e+02,1.000000000000000000e+00,3.343256655226038987e-01,2.224359746421722406e-01,2.000466838358085364e-01,2.431916759994153243e-01
7.467582395271672446e-01,2.590000000000000000e+02,1.000000000000000000e+00,3.349108919186514766e-01,2.225371143021319942e-01,1.998787627031159975e-01,2.426732310761005318e-01
7.467582395271672446e-01,2.600000000000000000e+02,1.000000000000000000e+00,3.377962937789555919e-01,2.230282947400858418e-01,1.990471974997801985e-01,2.401282139811784233e-01
7.467582395271672446e-01,2.610000000000000000e+02,1.000000000000000000e+00,3.159723828013587532e-01,2.190014373569840467e-01,2.051803777861019584e-01,2.598458020555550751e-01
7.467582395271672446e-01,2.620000000000000000e+02,1.000000000000000000e+00,3.230737198520484688e-01,2.203911372026447213e-01,2.032252373596611372e-01,2.533099055856455895e-01
7.467582395271672446e-01,2.630000000000000000e+02,1.000000000000000000e+00,3.271292259359973587e-01,2.211502152907184882e-01,2.020907366315058684e-01,2.496298221417783125e-01
7.467582395271672446e-01,2.640000000000000000e+02,1.000000000000000000e+00,3.393141659660168230e-01,2.232817027018097200e-01,1.986073420510696130e-01,2.387967892811037607e-01
7.467582395271672446e-01,2.650000000000000000e+02,1.000000000000000000e+00,3.619078783861907067e-01,2.266531923036605167e-01,1.918742357975707080e-01,2.195646935125781518e-01
7.467582395271672446e-01,2.660000000000000000e+02,1.000000000000000000e+00,3.324343823056788438e-01,2.221056125486196020e-01,2.005876320933562829e-01,2.448723730523453823e-01
7.467582395271672446e-01,2.670000000000000000e+02,1.000000000000000000e+00,3.518360912262508688e-01,2.252423708407267910e-01,1.949174910993147214e-01,2.280040468337076465e-01
7.467582395271672446e-01,2.680000000000000000e+02,1.000000000000000000e+00,3.463699550305895936e-01,2.244148601831829903e-01,1.965413928806706567e-01,2.326737919055568149e-01
7.467582395271672446e-01,2.690000000000000000e+02,1.000000000000000000e+00,3.443039030799421862e-01,2.240906634838934763e-01,1.971499171530874672e-01,2.344555162830767037e-01
7.467582395271672446e-01,2.700000000000000000e+02,1.000000000000000000e+00,3.342547372785523163e-01,2.224236819003207466e-01,2.000670184634582016e-01,2.432545623576686522e-01
7.467582395271672446e-01,2.710000000000000000e+02,1.000000000000000000e+00,3.386635825050020032e-01,2.231735076333344892e-01,1.987960726621184615e-01,2.393668371995450184e-01
7.467582395271672446e-01,2.720000000000000000e+02,1.000000000000000000e+00,3.318203147496936456e-01,2.219971954900027966e-01,2.007626987352441605e-01,2.454197910250593695e-01
7.467582395271672446e-01,2.730000000000000000e+02,1.000000000000000000e+00,3.413697359025114064e-01,2.236194253555776612e-01,1.980090581527819138e-01,2.370017805891291296e-01
7.467582395271672446e-01,2.740000000000000000e+02,1.000000000000000000e+00,3.368653395048532007e-01,2.228711759395026193e-01,1.993161551126942932e-01,2.409473294429497481e-01
7.467582395271672446e-01,2.750000000000000000e+02,1.000000000000000000e+00,3.324488790258606219e-01,2.221081651831187942e-01,2.005834957836517551e-01,2.448594600073689120e-01
7.467582395271672446e-01,2.760000000000000000e+02,1.000000000000000000e+00,3.311765360283849269e-01,2.218829242670367075e-01,2.009459338091895142e-01,2.459946058953889070e-01
7.467582395271672446e-01,2.770000000000000000e+02,1.000000000000000000e+00,3.287524122133296811e-01,2.214470408183558392e-01,2.016331032587322936e-01,2.481674437095821584e-01
7.467582395271672446e-01,2.780000000000000000e+02,1.000000000000000000e+00,3.403924099980240037e-01,2.234596356422647034e-01,1.982938864732747553e-01,2.378540678864364544e-01
7.467582395271672446e-01,2.790000000000000000e+02,1.000000000000000000e+00,3.371051044267038832e-01,2.229117649521758782e-01,1.992469455137720613e-01,2.407361851073481496e-01
7.467582395271672446e-01,2.800000000000000000e+02,1.000000000000000000e+00,3.274810371982065926e-01,2.212148879372687893e-01,2.019917197104808548e-01,2.493123551540437355e-01
7.467582395271672446e-01,2.810000000000000000e+02,1.000000000000000000e+00,3.370978083458459618e-01,2.229105310867612877e-01,1.992490521842164297e-01,2.407426083831763486e-01
7.467582395271672446e-01,2.820000000000000000e+02,1.000000000000000000e+00,3.310050274817963323e-01,2.218523762135620470e-01,2.009946970031463997e-01,2.461478993014951655e-01
7.467582395271672446e-01,2.830000000000000000e+02,1.000000000000000000e+00,3.296004517951995338e-01,2.216005350126314388e-01,2.013932130651625296e-01,2.474058001270063312e-01
7.467582395271672446e-01,2.840000000000000000e+02,1.000000000000000000e+00,3.333846070336410339e-01,2.222722644070126152e-01,2.003161773712693050e-01,2.440269511880769904e-01
7.467582395271672446e-01,2.850000000000000000e+02,1.000000000000000000e+00,3.562984769849633637e-01,2.258855905449380641e-01,1.935771580084720001e-01,2.242387744616265444e-01
7.467582395271672446e-01,2.860000000000000000e+02,1.000000000000000000e+00,3.625167300127768444e-01,2.267337768608147508e-01,1.916882139608801772e-01,2.190612791655282554e-01
7.467582395271672446e-01,2.870000000000000000e+02,1.000000000000000000e+00,3.246458692925483502e-01,2.206883674515011939e-01,2.027869589658969351e-01,2.518788042900534374e-01
7.467582395271672446e-01,2.880000000000000000e+02,1.000000000000000000e+00,3.461047229925149349e-01,2.243735924748762045e-01,1.966196765175719230e-01,2.329020080150369931e-01
7.467582395271672446e-01,2.890000000000000000e+02,1.000000000000000000e+00,3.259294424817644198e-01,2.209282514976202982e-01,2.024276983071982561e-01,2.507146077134170814e-01
7.467582395271672446e-01,2.900000000000000000e+02,1.000000000000000000e+00,3.476438102436304467e-01,2.246116201951863234e-01,1.961647458095177876e-01,2.315798237516653590e-01
7.467582395271672446e-01,2.910000000000000000e+02,1.000000000000000000e+00,3.169106011913658261e-01,2.191894867814073999e-01,2.049244094435751784e-01,2.589755025836517621e-01
7.467582395271672446e-01,2.920000000000000000e+02,1.000000000000000000e+00,3.275792736416194839e-01,2.212329130496872298e-01,2.019640542138975980e-01,2.492237590947956327e-01
7.467582395271672446e-01,2.930000000000000000e+02,1.000000000000000000e+00,3.127658835854261743e-01,2.183484716008483872e-01,2.060496865828699842e-01,2.628359582308555376e-01
7.467582395271672446e-01,2.940000000000000000e+02,1.000000000000000000e+00,3.532804291914556361e-01,2.254537328934648477e-01,1.944850851943773773e-01,2.267807527207020557e-01
7.467582395271672446e-01,2.950000000000000000e+02,1.000000000000000000e+00,3.350211232041889753e-01,2.225561072944983176e-01,1.998471055659683249e-01,2.425756639353442434e-01
7.467582395271672446e-01,2.960000000000000000e+02,1.000000000000000000e+00,3.263863963406467561e-01,2.210130467577076097e-01,2.022994927476894078e-01,2.503010641539561987e-01
7.467582395271672446e-01,2.970000000000000000e+02,1.000000000000000000e+00,3.621385457851274969e-01,2.266837850834971524e-01,1.918037871798678184e-01,2.193738819515075322e-01
7.467582395271672446e-01,2.980000000000000000e+02,1.000000000000000000e+00,3.468113156938341102e-01,2.244833027125481273e-01,1.964110183696242684e-01,2.322943632239934664e-01
7.467582395271672446e-01,2.990000000000000000e+02,1.000000000000000000e+00,3.347988342594357403e-01,2.225177879980896611e-01,1.999109352402461681e-01,2.427724425022284305e-01
7.467582395271672446e-01,0.000000000000000000e+00,2.000000000000000000e+00,7.057011696833681569e-02,5.535723283644666814e-01,3.569393092289036562e-01,1.891824543829304095e-02
7.467582395271672446e-01,1.000000000000000000e+00,2.000000000000000000e+00,5.579934473815659213e-02,5.202944540780668481e-01,3.987822000703362679e-01,2.512400111344014961e-02
7.467582395271672446e-01,2.000000000000000000e+00,2.000000000000000000e+00,6.674075562572784337e-02,5.459183745768286800e-01,3.670546881754396806e-01,2.028618162200393135e-02
7.467582395271672446e-01,3.000000000000000000e+00,2.000000000000000000e+00,5.600317823643290172e-02,5.208296780044743279e-01,3.981486457566125181e-01,2.501849800248025224e-02
7.467582395271672446e-01,4.000000000000000000e+00,2.000000000000000000e+00,6.561832751604411429e-02,5.435566443788942825e-01,3.701100954964384737e-01,2.071493260862328906e-02
7.467582395271672446e-01,5.000000000000000000e+00,2.000000000000000000e+00,6.610185520073730281e-02,5.445808682425137270e-01,3.687886802275091025e-01,2.052859632923982949e-02
7.467582395271672446e-01,6.000000000000000000e+00,2.000000000000000000e+00,5.846330842642117470e-02,5.271027128660932259e-01,3.906371880866930657e-01,2.379679062079261692e-02
7.467582395271672446e-01,7.000000000000000000e+00,2.000000000000000000e+00,5.435104904292167860e-02,5.164205560499808279e-01,4.033346948550348143e-01,2.589370005206272779e-02
7.467582395271672446e-01,8.000000000000000000e+00,2.000000000000000000e+00,5.722864271916065781e-02,5.239969845632314049e-01,3.943761111343448422e-01,2.439826158326332053e-02
7.467582395271672446e-01,9.000000000000000000e+00,2.000000000000000000e+00,7.303012723162879971e-02,5.581792802214314841e-01,3.506806767407321668e-01,1.810991580620746957e-02
7.467582395271672446e-01,1.000000000000000000e+01,2.000000000000000000e+00,6.273193221654110863e-02,5.372203074865483652e-01,3.781661466276797778e-01,2.188161366923082121e-02
7.467582395271672446e-01,1.100000000000000000e+01,2.000000000000000000e+00,6.948694521702164506e-02,5.514686383883966592e-01,3.597533857487684172e-01,1.929103064581320220e-02
7.467582395271672446e-01,1.200000000000000000e+01,2.000000000000000000e+00,6.428185513173496901e-02,5.406708456919305794e-01,3.738040245126859618e-01,2.124327466364834063e-02
7.467582395271672446e-01,1.300000000000000000e+01,2.000000000000000000e+00,5.729416205271288531e-02,5.241639205253445510e-01,3.941761530572998051e-01,2.436576436464308465e-02
7.467582395271672446e-01,1.400000000000000000e+01,2.000000000000000000e+00,6.914150659522233511e-02,5.507877699949039751e-01,3.606585304432529115e-01,1.941219296662091004e-02
7.467582395271672446e-01,1.500000000000000000e+01,2.000000000000000000e+00,6.499904518291561850e-02,5.422295576314655197e-01,3.718141120954645551e-01,2.095728509015415755e-02
7.467582395271672446e-01,1.600000000000000000e+01,2.000000000000000000e+00,6.402329514912281916e-02,5.401030806295390452e-01,3.745258141742235369e-01,2.134781004711441485e-02
7.467582395271672446e-01,1.700000000000000000e+01,2.000000000000000000e+00,7.104415603714024641e-02,5.544782962253640424e-01,3.557191237831670017e-01,1.875842395432854651e-02
7.467582395271672446e-01,1.800000000000000000e+01,2.000000000000000000e+00,6.393861849285309429e-02,5.399164645941464391e-01,3.747627050076651201e-01,2.138221190533513491e-02
7.467582395271672446e-01,1.900000000000000000e+01,2.000000000000000000e+00,6.689603034943765458e-02,5.462407410432222887e-01,3.666353199794271656e-01,2.022790862791280092e-02
7.467582395271672446e-01,2.000000000000000000e+01,2.000000000000000000e+00,6.597518190054155185e-02,5.443135493003306014e-01,3.691340983709281987e-01,2.057717042819955794e-02
7.467582395271672446e-01,2.100000000000000000e+01,2.000000000000000000e+00,6.632836444962243727e-02,5.450571041432258346e-01,3.681723683318105511e-01,2.044216307534132970e-02
7.467582395271672446e-01,2.200000000000000000e+01,2.000000000000000000e+00,5.874632569548550454e-02,5.278028685417506249e-01,3.897887086157105774e-01,2.366209714705305722e-02
7.467582395271672446e-01,2.300000000000000000e+01,2.000000000000000000e+00,4.725227243364204383e-02,4.954604808285166806e-01,4.270333672409511450e-01,3.025387949689000572e-02
7.467582395271672446e-01,2.400000000000000000e+01,2.000000000000000000e+00,6.366612911105519468e-02,5.393136559205752301e-01,3.755267332636940680e-01,2.149348170467534416e-02
7.467582395271672446e-01,2.500000000000000000e+01,2.000000000000000000e+00,5.722611362414163627e-02,5.239905358777262601e-01,3.943838331724636159e-01,2.439951732566864040e-02
7.467582395271672446e-01,2.600000000000000000e+01,2.000000000000000000e+00,6.300830427394124578e-02,5.378439420465424003e-01,3.773820519983259181e-01,2.176570168119058499e-02
7.467582395271672446e-01,2.700000000000000000e+01,2.000000000000000000e+00,5.404966523849732973e-02,5.155984653344932722e-01,4.042934396235059458e-01,2.605842980350363269e-02
7.467582395271672446e-01,2.800000000000000000e+01,2.000000000000000000e+00,6.341580355628212429e-02,5.387567984480253758e-01,3.762309313706114211e-01,2.159646662508111006e-02
7.467582395271672446e-01,2.900000000000000000e+01,2.000000000000000000e+00,5.684755005605259676e-02,5.230212056241093643e-01,3.955426445058723428e-01,2.458859981396576896e-02
7.467582395271672446e-01,3.000000000000000000e+01,2.000000000000000000e+00,7.176925299484167298e-02,5.558470855244096454e-01,3.538658968985617381e-01,1.851776458218715865e-02
7.467582395271672446e-01,3.100000000000000000e+01,2.000000000000000000e+00,6.364773305962352634e-02,5.392728339695196382e-01,3.755784081167872768e-01,2.150102485406927416e-02
7.467582395271672446e-01,3.200000000000000000e+01,2.000000000000000000e+00,6.672906495865717214e-02,5.458940611267436571e-01,3.670862948261539027e-01,2.029057908844539640e-02
7.467582395271672446e-01,3.300000000000000000e+01,2.000000000000000000e+00,7.035465220966675981e-02,5.531576031338757415e-01,3.574961938683306473e-01,1.899155078812700403e-02
7.467582395271672446e-01,3.400000000000000000e+01,2.000000000000000000e+00,5.875464803238338724e-02,5.278233917346736304e-01,3.897638063040177459e-01,2.365815392892504573e-02
7.467582395271672446e-01,3.500000000000000000e+01,2.000000000000000000e+00,7.708225926354569935e-02,5.652803611316745691e-01,3.407531117215700234e-01,1.688426788320960409e-02
7.467582395271672446e-01,3.600000000000000000e+01,2.000000000000000000e+00,5.991297083475072283e-02,5.306438913708938498e-01,3.863242355174166809e-01,2.311890227693882624e-02
7.467582395271672446e-01,3.700000000000000000e+01,2.000000000000000000e+00,6.331979744004861965e-02,5.385424428508162054e-01,3.765015996271941501e-01,2.163616008194092777e-02
7.467582395271672446e-01,3.800000000000000000e+01,2.000000000000000000e+00,6.648069541813418637e-02,5.453761108603956131e-01,3.677588545809456488e-01,2.038433914052437124e-02
7.467582395271672446e-01,3.900000000000000000e+01,2.000000000000000000e+00,6.504613181673379874e-02,5.423310707720160329e-01,3.716840874507044701e-01,2.093870996054560812e-02
7.467582395271672446e-01,4.000000000000000000e+01,2.000000000000000000e+00,5.611796311345097765e-02,5.211300129432563377e-01,3.977926394843176450e-01,2.495938445897533803e-02
7.467582395271672446e-01,4.100000000000000000e+01,2.000000000000000000e+00,5.776279929191437817e-02,5.253509621055040268e-01,3.927510029194215546e-01,2.413523568316005424e-02
7.467582395271672446e-01,4.200000000000000000e+01,2.000000000000000000e+00,6.536027053032521239e-02,5.430057449094843891e-01,3.708185729693458388e-01,2.081541159084461870e-02
7.467582395271672446e-01,4.300000000000000000e+01,2.000000000000000000e+00,8.772198162588738801e-02,5.813768582936773566e-01,3.167185629551134141e-01,1.418259712532184309e-02
7.467582395271672446e-01,4.400000000000000000e+01,2.000000000000000000e+00,7.858341780860089720e-02,5.677661158661625462e-01,3.371898536505140154e-01,1.646061267472274242e-02
7.467582395271672446e-01,4.500000000000000000e+01,2.000000000000000000e+00,5.777343391388049115e-02,5.253777575664579924e-01,3.927187655136364919e-01,2.413004300602514599e-02
7.467582395271672446e-01,4.600000000000000000e+01,2.000000000000000000e+00,6.231865124467100142e-02,5.362808519943396135e-01,3.793438141882481407e-01,2.205668257274113336e-02
7.467582395271672446e-01,4.700000000000000000e+01,2.000000000000000000e+00,6.395201411910432510e-02,5.399460090631770237e-01,3.747252127150870193e-01,2.137676410263163879e-02
7.467582395271672446e-01,4.800000000000000000e+01,2.000000000000000000e+00,6.441379771219415962e-02,5.409593800741353542e-01,3.734365971753373370e-01,2.119022503833319429e-02
7.467582395271672446e-01,4.900000000000000000e+01,2.000000000000000000e+00,6.539824405165219068e-02,5.430869985044588510e-01,3.707141769945036525e-01,2.080058044938552786e-02
7.467582395271672446e-01,5.000000000000000000e+01,2.000000000000000000e+00,6.498273445564835271e-02,5.421943701506917179e-01,3.718591701806255867e-01,2.096372521303432532e-02
7.467582395271672446e-01,5.100000000000000000e+01,2.000000000000000000e+00,6.338011046514541169e-02,5.386771565343393409e-01,3.763315219181385674e-01,2.161121108237665581e-02
7.467582395271672446e-01,5.200000000000000000e+01,2.000000000000000000e+00,7.472297433238532516e-02,5.612173303557405069e-01,3.464770453023779395e-01,1.758265000949625970e-02
7.467582395271672446e-01,5.300000000000000000e+01,2.000000000000000000e+00,4.245153392847312440e-02,4.791340209788292892e-01,4.445156966521218167e-01,3.389874844057572806e-02
7.467582395271672446e-01,5.400000000000000000e+01,2.000000000000000000e+00,6.176507397060629345e-02,5.350094061073612517e-01,3.809310201389808914e-01,2.229449978305168487e-02
7.467582395271672446e-01,5.500000000000000000e+01,2.000000000000000000e+00,6.386831267208499530e-02,5.397612653151602213e-01,3.749595836905824653e-01,2.141083832217227298e-02
7.467582395271672446e-01,5.600000000000000000e+01,2.000000000000000000e+00,5.342151014397084063e-02,5.138669454829687400e-01,4.063045399515550216e-01,2.640700442150519661e-02
7.467582395271672446e-01,5.700000000000000000e+01,2.000000000000000000e+00,7.989066278647781461e-02,5.698701105390724386e-01,3.341351807441116373e-01,1.610404593033799500e-02
7.467582395271672446e-01,5.800000000000000000e+01,2.000000000000000000e+00,5.683086703815568019e-02,5.229783012590633051e-01,3.955938477257682773e-01,2.459698397701283804e-02
7.467582395271672446e-01,5.900000000000000000e+01,2.000000000000000000e+00,5.738671016185745849e-02,5.243993126029808938e-01,3.938940038020112833e-01,2.431997343315049284e-02
7.467582395271672446e-01,6.000000000000000000e+01,2.000000000000000000e+00,5.930729785863794734e-02,5.291779486693299894e-01,3.881162353978601653e-01,2.339851807417190482e-02
7.467582395271672446e-01,6.100000000000000000e+01,2.000000000000000000e+00,7.036160694653550984e-02,5.531710183835525374e-01,3.574781965346134349e-01,1.898917813529834436e-02
7.467582395271672446e-01,6.200000000000000000e+01,2.000000000000000000e+00,6.999075121495237917e-02,5.524529668987256947e-01,3.584399732829502416e-01,1.911630860337173651e-02
7.467582395271672446e-01,6.300000000000000000e+01,2.000000000000000000e+00,6.780554592822242432e-02,5.481081362676927249e-01,3.641948090797144100e-01,1.989150872437023612e-02
7.467582395271672446e-01,6.400000000000000000e+01,2.000000000000000000e+00,7.233494834627388070e-02,5.569008944824548335e-01,3.524310192009890708e-01,1.833313797028240238e-02
7.467582395271672446e-01,6.500000000000000000e+01,2.000000000000000000e+00,6.662362173580048397e-02,5.456744985559871530e-01,3.673715739418537685e-01,2.033030576635845924e-02
7.467582395271672446e-01,6.600000000000000000e+01,2.000000000000000000e+00,6.923620256383189453e-02,5.509749031703600197e-01,3.604100271874427497e-01,1.937886707836515218e-02
7.467582395271672446e-01,6.700000000000000000e+01,2.000000000000000000e+00,5.424115798197075289e-02,5.161214504688945715e-01,4.036838138391071751e-01,2.595357771002737568e-02
7.467582395271672446e-01,6.800000000000000000e+01,2.000000000000000000e+00,6.464377184490771588e-02,5.414603717755406276e-01,3.727976242806042007e-01,2.109823209894748364e-02
7.467582395271672446e-01,6.900000000000000000e+01,2.000000000000000000e+00,6.197053413627055113e-02,5.354830621517874256e-01,3.803406178388574754e-01,2.220578587308431190e-02
7.467582395271672446e-01,7.000000000000000000e+01,2.000000000000000000e+00,9.006478438224321814e-02,5.844811565987682034e-01,3.117830387443899509e-01,1.367102027459867614e-02
7.467582395271672446e-01,7.100000000000000000e+01,2.000000000000000000e+00,6.325350961887579726e-02,5.383941846397110043e-01,3.766886753198777638e-01,2.166363042153534799e-02
7.467582395271672446e-01,7.200000000000000000e+01,2.000000000000000000e+00,6.867813916287311693e-02,5.498667711081586251e-01,3.618786009345939525e-01,1.957648879437437484e-02
7.467582395271672446e-01,7.300000000000000000e+01,2.000000000000000000e+00,5.465304622977375931e-02,5.172387449374855617e-01,4.023779702878534370e-01,2.573023854488715872e-02
7.467582395271672446e-01,7.400000000000000000e+01,2.000000000000000000e+00,7.087498578456628839e-02,5.541559986682428329e-01,3.561537843761226063e-01,1.881523117106849094e-02
7.467582395271672446e-01,7.500000000000000000e+01,2.000000000000000000e+00,5.872905593385656375e-02,5.277602687718533359e-01,3.898403923514455749e-01,2.367028294284466428e-02
7.467582395271672446e-01,7.600000000000000000e+01,2.000000000000000000e+00,5.222906143560220038e-02,5.105112071287988273e-01,4.101708663527414700e-01,2.708886508285742595e-02
7.467582395271672446e-01,7.700000000000000000e+01,2.000000000000000000e+00,6.893337325013983163e-02,5.503751746706395664e-01,3.612057141006332350e-01,1.948573797858733914e-02
7.467582395271672446e-01,7.800000000000000000e+01,2.000000000000000000e+00,7.392102705793110462e-02,5.597912142033640848e-01,3.484581562260562482e-01,1.782960251264860060e-02
7.467582395271672446e-01,7.900000000000000000e+01,2.000000000000000000e+00,6.544173555922123964e-02,5.431799794349587707e-01,3.705946715018398896e-01,2.078361350398005500e-02
7.467582395271672446e-01,8.000000000000000000e+01,2.000000000000000000e+00,5.703596844414753064e-02,5.235046723444598538e-01,3.949651480108101742e-01,2.449421120058254894e-02
7.467582395271672446e-01,8.100000000000000000e+01,2.000000000000000000e+00,5.649992940579093986e-02,5.221239359549721959e-01,3.966119284618827012e-01,2.476420617735416302e-02
7.467582395271672446e-01,8.200000000000000000e+01,2.000000000000000000e+00,6.479382722373308590e-02,5.417859533358159174e-01,3.723816905804821498e-01,2.103852885996873243e-02
7.467582395271672446e-01,8.300000000000000000e+01,2.000000000000000000e+00,6.386480192346423446e-02,5.397535093137807438e-01,3.749694194666194913e-01,2.141226929613561369e-02
7.467582395271672446e-01,8.400000000000000000e+01,2.000000000000000000e+00,5.473152652148367131e-02,5.174504611440823298e-01,4.021299927125461804e-01,2.568801962188802315e-02
7.467582395271672446e-01,8.500000000000000000e+01,2.000000000000000000e+00,6.242295916238880388e-02,5.365187436310103752e-01,3.790459981980951465e-01,2.201229900850540031e-02
7.467582395271672446e-01,8.600000000000000000e+01,2.000000000000000000e+00,6.098788337262017745e-02,5.331987076235095158e-01,3.831784582539050077e-01,2.263495074996531298e-02
7.467582395271672446e-01,8.700000000000000000e+01,2.000000000000000000e+00,6.424505030138660810e-02,5.405902164822976586e-01,3.739066251834186061e-01,2.125810803289726950e-02
7.467582395271672446e-01,8.800000000000000000e+01,2.000000000000000000e+00,6.187085307348005186e-02,5.352535235188350393e-01,3.806268635584729165e-01,2.224875984921196800e-02
7.467582395271672446e-01,8.900000000000000000e+01,2.000000000000000000e+00,6.584455587258730702e-02,5.440371434695815411e-01,3.694908611851480673e-01,2.062743947268295963e-02
7.467582395271672446e-01,9.000000000000000000e+01,2.000000000000000000e+00,6.541400085724120850e-02,5.431206949681042229e-01,3.706708731667588963e-01,2.079443100789554397e-02
7.467582395271672446e-01,9.100000000000000000e+01,2.000000000000000000e+00,6.241828669061726814e-02,5.365080986149257658e-01,3.790593303966752758e-01,2.201428429778179430e-02
7.467582395271672446e-01,9.200000000000000000e+01,2.000000000000000000e+00,8.190070923834766314e-02,5.729988273280978150e-01,3.295234108473076851e-01,1.557705258624702237e-02
7.467582395271672446e-01,9.300000000000000000e+01,2.000000000000000000e+00,5.500680551018365116e-02,5.181901414020460006e-01,4.012622821540825502e-01,2.554077093368789519e-02
7.467582395271672446e-01,9.400000000000000000e+01,2.000000000000000000e+00,6.210619338744379631e-02,5.357946629559182661e-01,3.799516421882210282e-01,2.214750146841676370e-02
7.467582395271672446e-01,9.500000000000000000e+01,2.000000000000000000e+00,6.494054575846266997e-02,5.421032994158784257e-01,3.719757581427788340e-01,2.098039668287987602e-02
7.467582395271672446e-01,9.600000000000000000e+01,2.000000000000000000e+00,6.449166114173608688e-02,5.411292758992876095e-01,3.732200513582415446e-01,2.115901160073481446e-02
7.467582395271672446e-01,9.700000000000000000e+01,2.000000000000000000e+00,6.059499953555964880e-02,5.322717820721017956e-01,3.843231720301509835e-01,2.281004636218732576e-02
7.467582395271672446e-01,9.800000000000000000e+01,2.000000000000000000e+00,7.138249867531279436e-02,5.551195375671086341e-01,3.548524026161835598e-01,1.864556114139483828e-02
7.467582395271672446e-01,9.900000000000000000e+01,2.000000000000000000e+00,6.093349836518916623e-02,5.330708652406002113e-01,3.833365692157693072e-01,2.265906717844115917e-02
7.467582395271672446e-01,1.000000000000000000e+02,2.000000000000000000e+00,5.961984111780854745e-02,5.299368200307501553e-01,3.871897457245415120e-01,2.325359312689964653e-02
7.467582395271672446e-01,1.010000000000000000e+02,2.000000000000000000e+00,6.573320778235446082e-02,5.438009304769084729e-01,3.697954276021281350e-01,2.067043413860916029e-02
7.467582395271672446e-01,1.020000000000000000e+02,2.000000000000000000e+00,7.035665417331753158e-02,5.531614649931115846e-01,3.574910130727703694e-01,1.899086776080061156e-02
7.467582395271672446e-01,1.030000000000000000e+02,2.000000000000000000e+00,5.632067812220985931e-02,5.216585508393930537e-01,3.971652625019750915e-01,2.485550853642222099e-02
7.467582395271672446e-01,1.040000000000000000e+02,2.000000000000000000e+00,6.383457681662080274e-02,5.396867116453298863e-01,3.750541166293392958e-01,2.142459490871005331e-02
7.467582395271672446e-01,1.050000000000000000e+02,2.000000000000000000e+00,7.084894426047767813e-02,5.541062853892224638e-01,3.562207720386067478e-01,1.882399831169299237e-02
7.467582395271672446e-01,1.060000000000000000e+02,2.000000000000000000e+00,5.174823771108182091e-02,5.091320077639183150e-01,4.117481986001683136e-01,2.737155592483144287e-02
7.467582395271672446e-01,1.070000000000000000e+02,2.000000000000000000e+00,4.969078407563405630e-02,5.030542549664668295e-01,4.186202902699809880e-01,2.863467068791784517e-02
7.467582395271672446e-01,1.080000000000000000e+02,2.000000000000000000e+00,6.922759041632996213e-02,5.509578994736236135e-01,3.604326156889837152e-01,1.938189442106285146e-02
7.467582395271672446e-01,1.090000000000000000e+02,2.000000000000000000e+00,7.000027503403376261e-02,5.524714758267954551e-01,3.584152209707214820e-01,1.911302816844923091e-02
7.467582395271672446e-01,1.100000000000000000e+02,2.000000000000000000e+00,5.269664164387229122e-02,5.118379323882800147e-01,4.086471447842071059e-01,2.681828118364070965e-02
7.467582395271672446e-01,1.110000000000000000e+02,2.000000000000000000e+00,5.645106832291499344e-02,5.219972625501831942e-01,3.967626262995134767e-01,2.478904282738851605e-02
7.467582395271672446e-01,1.120000000000000000e+02,2.000000000000000000e+00,6.110618699127565168e-02,5.334762866258870861e-01,3.828349025201500111e-01,2.258262386268747660e-02
7.467582395271672446e-01,1.130000000000000000e+02,2.000000000000000000e+00,6.961904946374086744e-02,5.517277346846070074e-01,3.594082262423408669e-01,1.924498960931114722e-02
7.467582395271672446e-01,1.140000000000000000e+02,2.000000000000000000e+00,6.465318897362086481e-02,5.414808348729781562e-01,3.727714983242251812e-01,2.109447782917569375e-02
7.467582395271672446e-01,1.150000000000000000e+02,2.000000000000000000e+00,8.041100390822528143e-02,5.706922538147667368e-01,3.329315417858282333e-01,1.596520049117991502e-02
7.467582395271672446e-01,1.160000000000000000e+02,2.000000000000000000e+00,4.708718806083807967e-02,4.949302788659326047e-01,4.276138491619677073e-01,3.036868391126142097e-02
7.467582395271672446e-01,1.170000000000000000e+02,2.000000000000000000e+00,5.319675691029138176e-02,5.132414007879633200e-01,4.070283666039221093e-01,2.653347569782304322e-02
7.467582395271672446e-01,1.180000000000000000e+02,2.000000000000000000e+00,6.495705171205844175e-02,5.421389396822727802e-01,3.719301368414452136e-01,2.097387176422351937e-02
7.467582395271672446e-01,1.190000000000000000e+02,2.000000000000000000e+00,6.813808515725752746e-02,5.487821064425746354e-01,3.633092293415690621e-01,1.977057905859861547e-02
7.467582395271672446e-01,1.200000000000000000e+02,2.000000000000000000e+00,5.576016298799444521e-02,5.201912925174978497e-01,3.989041849827389408e-01,2.514435951176876433e-02
7.467582395271672446e-01,1.210000000000000000e+02,2.000000000000000000e+00,6.427912492040081804e-02,5.406648667093726379e-01,3.738116338867524258e-01,2.124437448347406623e-02
7.467582395271672446e-01,1.220000000000000000e+02,2.000000000000000000e+00,5.879036089203233673e-02,5.279114186797932984e-01,3.896569763338363912e-01,2.364124409433818880e-02
7.467582395271672446e-01,1.230000000000000000e+02,2.000000000000000000e+00,6.697068995213982523e-02,5.463953699063028857e-01,3.664339621141158299e-01,2.019997802744138982e-02
7.467582395271672446e-01,1.240000000000000000e+02,2.000000000000000000e+00,4.405963748506642325e-02,4.848200233311620866e-01,4.385172150767130406e-01,3.260312410705842184e-02
7.467582395271672446e-01,1.250000000000000000e+02,2.000000000000000000e+00,6.879616062708765467e-02,5.501021940627190965e-01,3.615671974892148977e-01,1.953444782097832691e-02
7.467582395271672446e-01,1.260000000000000000e+02,2.000000000000000000e+00,5.993979164977395607e-02,5.307083629997642049e-01,3.862452080191818293e-01,2.310663733127978417e-02
7.467582395271672446e-01,1.270000000000000000e+02,2.000000000000000000e+00,6.462703888414454700e-02,5.414240015840562359e-01,3.728440541434294708e-01,2.110490538836989199e-02
7.467582395271672446e-01,1.280000000000000000e+02,2.000000000000000000e+00,5.391628044914586332e-02,5.152328414500784159e-01,4.047190268559406334e-01,2.613185124483485833e-02
7.467582395271672446e-01,1.290000000000000000e+02,2.000000000000000000e+00,6.495341449685225477e-02,5.421310871381380680e-01,3.719401890442394221e-01,2.097530932077036961e-02
7.467582395271672446e-01,1.300000000000000000e+02,2.000000000000000000e+00,6.102349919017884677e-02,5.332823483551705213e-01,3.830749741667912045e-01,2.261917828785942747e-02
7.467582395271672446e-01,1.310000000000000000e+02,2.000000000000000000e+00,6.791738999577920377e-02,5.483353359321675446e-01,3.638965598636915155e-01,1.985071420836170136e-02
7.467582395271672446e-01,1.320000000000000000e+02,2.000000000000000000e+00,6.019625572671787050e-02,5.313229620791619645e-01,3.854909283526103958e-01,2.298985384150971020e-02
7.467582395271672446e-01,1.330000000000000000e+02,2.000000000000000000e+00,6.159223757270802790e-02,5.346093405435435875e-01,3.814288807575062501e-01,2.236954112624240515e-02
7.467582395271672446e-01,1.340000000000000000e+02,2.000000000000000000e+00,6.505316183351023129e-02,5.423462180025281354e-01,3.716646813569363661e-01,2.093593880702517354e-02
7.467582395271672446e-01,1.350000000000000000e+02,2.000000000000000000e+00,6.493052258712636582e-02,5.420816509578659792e-01,3.720034660649834679e-01,2.098436039002420095e-02
7.467582395271672446e-01,1.360000000000000000e+02,2.000000000000000000e+00,8.601759459270232056e-02,5.790246706436157353e-01,3.203858399034407722e-01,1.457189486024131932e-02
7.467582395271672446e-01,1.370000000000000000e+02,2.000000000000000000e+00,6.419304321541993708e-02,5.404761762213221576e-01,3.740516858256566213e-01,2.127909473760146442e-02
7.467582395271672446e-01,1.380000000000000000e+02,2.000000000000000000e+00,5.661901223017332119e-02,5.224320871153322887e-01,3.962450664665926325e-01,2.470383418790163266e-02
7.467582395271672446e-01,1.390000000000000000e+02,2.000000000000000000e+00,5.755137984508668092e-02,5.248169587691992044e-01,3.933928392846932631e-01,2.423882210102089318e-02
7.467582395271672446e-01,1.400000000000000000e+02,2.000000000000000000e+00,5.232693153811023706e-02,5.107900813747332514e-01,4.098511076707994638e-01,2.703187941635712410e-02
7.467582395271672446e-01,1.410000000000000000e+02,2.000000000000000000e+00,7.294731475472424065e-02,5.580279472915629091e-01,3.508884400015878091e-01,1.813629795212494747e-02
7.467582395271672446e-01,1.420000000000000000e+02,2.000000000000000000e+00,6.593283871698880916e-02,5.442240337773620595e-01,3.692496820548334946e-01,2.059344545081542507e-02
7.467582395271672446e-01,1.430000000000000000e+02,2.000000000000000000e+00,7.249365114385848685e-02,5.571943443558603493e-01,3.520301788221962824e-01,1.828182567808479125e-02
7.467582395271672446e-01,1.440000000000000000e+02,2.000000000000000000e+00,6.668775631990916941e-02,5.458081025931498242e-01,3.671980123391676010e-01,2.030612874777331864e-02
7.467582395271672446e-01,1.450000000000000000e+02,2.000000000000000000e+00,6.241478977621749136e-02,5.365001311066099898e-01,3.790693088373811026e-01,2.201577027979133294e-02
7.467582395271672446e-01,1.460000000000000000e+02,2.000000000000000000e+00,6.389640209891947475e-02,5.398233001408588860e-01,3.748809034812551899e-01,2.139939427896638338e-02
7.467582395271672446e-01,1.470000000000000000e+02,2.000000000000000000e+00,6.783932054638201758e-02,5.481768017005488325e-01,3.641047012009017148e-01,1.987917655216738314e-02
7.467582395271672446e-01,1.480000000000000000e+02,2.000000000000000000e+00,8.616060761930191547e-02,5.792251555379062111e-01,3.200755845400946598e-01,1.453865230269713732e-02
7.467582395271672446e-01,1.490000000000000000e+02,2.000000000000000000e+00,5.076061512545915894e-02,5.062507492806964660e-01,4.150218407706341983e-01,2.796679482321044741e-02
7.467582395271672446e-01,1.500000000000000000e+02,2.000000000000000000e+00,7.334076920773455188e-02,5.587446724754772109e-01,3.499031083339423365e-01,1.801144998284594928e-02
7.467582395271672446e-01,1.510000000000000000e+02,2.000000000000000000e+00,5.632729607101076563e-02,5.216757657390040936e-01,3.971448096839264585e-01,2.485212850605856769e-02
7.467582395271672446e-01,1.520000000000000000e+02,2.000000000000000000e+00,6.510455014333649260e-02,5.424568737180616163e-01,3.715228774274734747e-01,2.091569871112808690e-02
7.467582395271672446e-01,1.530000000000000000e+02,2.000000000000000000e+00,5.066216109795377426e-02,5.059598978678075953e-01,4.153507045850611812e-01,2.802723644917758106e-02
7.467582395271672446e-01,1.540000000000000000e+02,2.000000000000000000e+00,6.362140221653814209e-02,5.392143764970358522e-01,3.756523927894798165e-01,2.151182849694611293e-02
7.467582395271672446e-01,1.550000000000000000e+02,2.000000000000000000e+00,7.328782710043268978e-02,5.586485676303887260e-01,3.500354292587014027e-01,1.802817601047706011e-02
7.467582395271672446e-01,1.560000000000000000e+02,2.000000000000000000e+00,5.450297519553152364e-02,5.168328578619255653e-01,4.028528989145178651e-01,2.581126802802503895e-02
7.467582395271672446e-01,1.570000000000000000e+02,2.000000000000000000e+00,5.950808903546662976e-02,5.296660716855371431e-01,3.875205838346719722e-01,2.330525544432403631e-02
7.467582395271672446e-01,1.580000000000000000e+02,2.000000000000000000e+00,6.856607305089876259e-02,5.496426930265374544e-01,3.621747017814758163e-01,1.961653214108798060e-02
7.467582395271672446e-01,1.590000000000000000e+02,2.000000000000000000e+00,6.774845774324021741e-02,5.479919633257815947e-01,3.643471997643877303e-01,1.991237916659017310e-02
7.467582395271672446e-01,1.600000000000000000e+02,2.000000000000000000e+00,6.501070968267416705e-02,5.422547142858670233e-01,3.717818947397852347e-01,2.095268129167351945e-02
7.467582395271672446e-01,1.610000000000000000e+02,2.000000000000000000e+00,7.497097217332159003e-02,5.616536485528347278e-01,3.458680911100300848e-01,1.750728816381361130e-02
7.467582395271672446e-01,1.620000000000000000e+02,2.000000000000000000e+00,5.974046590868491158e-02,5.302283288177025433e-01,3.868331818173071368e-01,2.319802345630560259e-02
7.467582395271672446e-01,1.630000000000000000e+02,2.000000000000000000e+00,5.591760453015368754e-02,5.206052749951621816e-01,3.984144128330733836e-01,2.506270764161073333e-02
7.467582395271672446e-01,1.640000000000000000e+02,2.000000000000000000e+00,5.975437237180564187e-02,5.302618869632134135e-01,3.867921107339641895e-01,2.319162993101674813e-02
7.467582395271672446e-01,1.650000000000000000e+02,2.000000000000000000e+00,6.335796884548010321e-02,5.386277216198110951e-01,3.763939443913520422e-01,2.162036514335652013e-02
7.467582395271672446e-01,1.660000000000000000e+02,2.000000000000000000e+00,5.803203467245992425e-02,5.260274178801783718e-01,3.919362521789416243e-01,2.400429526842018380e-02
7.467582395271672446e-01,1.670000000000000000e+02,2.000000000000000000e+00,5.265142557530600592e-02,5.117102530392310111e-01,4.087940574856595566e-01,2.684426389980324942e-02
7.467582395271672446e-01,1.680000000000000000e+02,2.000000000000000000e+00,7.563797628773061277e-02,5.628162757593964116e-01,3.442388371791649804e-01,1.730691077370783565e-02
7.467582395271672446e-01,1.690000000000000000e+02,2.000000000000000000e+00,7.599051609664431162e-02,5.634244293959255190e-01,3.433827098660652832e-01,1.720234464136503882e-02
7.467582395271672446e-01,1.700000000000000000e+02,2.000000000000000000e+00,8.536830719879165419e-02,5.781071662683221479e-01,3.218003460806133087e-01,1.472418045227302276e-02
7.467582395271672446e-01,1.710000000000000000e+02,2.000000000000000000e+00,6.824012374742177700e-02,5.489879786216288471e-01,3.630382074999774500e-01,1.973369013097207511e-02
7.467582395271672446e-01,1.720000000000000000e+02,2.000000000000000000e+00,7.550787531559885468e-02,5.625907394886618951e-01,3.445556525021813421e-01,1.734573269355776243e-02
7.467582395271672446e-01,1.730000000000000000e+02,2.000000000000000000e+00,4.709097849944877262e-02,4.949424762283915480e-01,4.276005050587056711e-01,3.036604021345405691e-02
7.467582395271672446e-01,1.740000000000000000e+02,2.000000000000000000e+00,4.943907577873288967e-02,5.022905059685991436e-01,4.194749839327239771e-01,2.879543431994404518e-02
7.467582395271672446e-01,1.750000000000000000e+02,2.000000000000000000e+00,6.969842245874494080e-02,5.518830688249591887e-01,3.592011044319483593e-01,1.921740428434776798e-02
7.467582395271672446e-01,1.760000000000000000e+02,2.000000000000000000e+00,4.803449484898700272e-02,4.979444494794607046e-01,4.243019563559602969e-01,2.971909931559205825e-02
7.467582395271672446e-01,1.770000000000000000e+02,2.000000000000000000e+00,4.817788640570840053e-02,4.983947872782982236e-01,4.238046427515647085e-01,2.962268356442891715e-02
7.467582395271672446e-01,1.780000000000000000e+02,2.000000000000000000e+00,7.290933139489505499e-02,5.579584499701617517e-01,3.509838012847543709e-01,1.814841735018890914e-02
7.467582395271672446e-01,1.790000000000000000e+02,2.000000000000000000e+00,7.035928080465110590e-02,5.531665316165738089e-01,3.574842159138361120e-01,1.898997166493898714e-02
7.467582395271672446e-01,1.800000000000000000e+02,2.000000000000000000e+00,6.817427115106078350e-02,5.488551649981008307e-01,3.632130783870027302e-01,1.975748546383550644e-02
7.467582395271672446e-01,1.810000000000000000e+02,2.000000000000000000e+00,6.721356308401454926e-02,5.468967232488549657e-01,3.657802013453250178e-01,2.010951232180568232e-02
7.467582395271672446e-01,1.820000000000000000e+02,2.000000000000000000e+00,5.451588630154191595e-02,5.168678315088829356e-01,4.028120008284286624e-01,2.580428136114649995e-02
7.467582395271672446e-01,1.830000000000000000e+02,2.000000000000000000e+00,4.967158898031220210e-02,5.029961706229326701e-01,4.186853595497140312e-01,2.864688084704113819e-02
7.467582395271672446e-01,1.840000000000000000e+02,2.000000000000000000e+00,5.664972234337364854e-02,5.225114241272198479e-01,3.961505520906814515e-01,2.468830143872498967e-02
7.467582395271672446e-01,1.850000000000000000e+02,2.000000000000000000e+00,6.732943323708161232e-02,5.471350148657876389e-01,3.654689875641709551e-01,2.006656433295997757e-02
7.467582395271672446e-01,1.860000000000000000e+02,2.000000000000000000e+00,5.538962692454063586e-02,5.192112410998260819e-01,4.000609884728767995e-01,2.533814350275647581e-02
7.467582395271672446e-01,1.870000000000000000e+02,2.000000000000000000e+00,5.320986403475685966e-02,5.132779689108145638e-01,4.069860925777020744e-01,2.652607447672650914e-02
7.467582395271672446e-01,1.880000000000000000e+02,2.000000000000000000e+00,5.690220452713837945e-02,5.231616519138387877e-01,3.953749801553255172e-01,2.456116340369727050e-02
7.467582395271672446e-01,1.890000000000000000e+02,2.000000000000000000e+00,6.221511204721918292e-02,5.360441885558512309e-01,3.796398272229126736e-01,2.210087217401664542e-02
7.467582395271672446e-01,1.900000000000000000e+02,2.000000000000000000e+00,7.872405924738096195e-02,5.679951552760689193e-01,3.368590766636402889e-01,1.642170881291003456e-02
7.467582395271672446e-01,1.910000000000000000e+02,2.000000000000000000e+00,6.159061350276535257e-02,5.346055742604310934e-01,3.814335641764221574e-01,2.237024806038133071e-02
7.467582395271672446e-01,1.920000000000000000e+02,2.000000000000000000e+00,4.974464260118926368e-02,5.032170914634680470e-01,4.184378116366098688e-01,2.860045429873255343e-02
7.467582395271672446e-01,1.930000000000000000e+02,2.000000000000000000e+00,5.089531489887018367e-02,5.066476029917796886e-01,4.145726517298796709e-01,2.788443037947062331e-02
7.467582395271672446e-01,1.940000000000000000e+02,2.000000000000000000e+00,6.891652230337330653e-02,5.503416920310776339e-01,3.612500753390380792e-01,1.949171032651116423e-02
7.467582395271672446e-01,1.950000000000000000e+02,2.000000000000000000e+00,7.554085301369978245e-02,5.626479644016737502e-01,3.444753023268316561e-01,1.733588025779492572e-02
7.467582395271672446e-01,1.960000000000000000e+02,2.000000000000000000e+00,5.308739822045904083e-02,5.129358714646130579e-01,4.073813781860526895e-01,2.659535212887519789e-02
7.467582395271672446e-01,1.970000000000000000e+02,2.000000000000000000e+00,6.088365136227361779e-02,5.329535587297331567e-01,3.834815845598555928e-01,2.268120534813757375e-02
7.467582395271672446e-01,1.980000000000000000e+02,2.000000000000000000e+00,6.469994720725880111e-02,5.415823786660532990e-01,3.726418223605793001e-01,2.107585176610847488e-02
7.467582395271672446e-01,1.990000000000000000e+02,2.000000000000000000e+00,6.932681654946297456e-02,5.511536263230327748e-01,3.601725004783770667e-01,1.934705664912740250e-02
7.467582395271672446e-01,2.000000000000000000e+02,2.000000000000000000e+00,7.276179833820821397e-02,5.576879985907539083e-01,3.513545998010139115e-01,1.819560327002394881e-02
7.467582395271672446e-01,2.010000000000000000e+02,2.000000000000000000e+00,5.432982978211345348e-02,5.163628583174800779e-01,4.034020664469371020e-01,2.590524545346928678e-02
7.467582395271672446e-01,2.020000000000000000e+02,2.000000000000000000e+00,5.339302515305028446e-02,5.137878410201170976e-01,4.063961521878021177e-01,2.642298163903035110e-02
7.467582395271672446e-01,2.030000000000000000e+02,2.000000000000000000e+00,6.885966803989927720e-02,5.502286368571346342e-01,3.613998144273329327e-01,1.951188067563308648e-02
7.467582395271672446e-01,2.040000000000000000e+02,2.000000000000000000e+00,5.823192027180743718e-02,5.265270551891997330e-01,3.913332437962951937e-01,2.390778074269776093e-02
7.467582395271672446e-01,2.050000000000000000e+02,2.000000000000000000e+00,6.303578339748536208e-02,5.379057483603434386e-01,3.773042410892245568e-01,2.175422715294671530e-02
7.467582395271672446e-01,2.060000000000000000e+02,2.000000000000000000e+00,5.847609848322393722e-02,5.271344476448120986e-01,3.905987754029101588e-01,2.379067846905411412e-02
7.467582395271672446e-01,2.070000000000000000e+02,2.000000000000000000e+00,5.634403586150075333e-02,5.217192987405198101e-01,3.970930833804001692e-01,2.484358201757919798e-02
7.467582395271672446e-01,2.080000000000000000e+02,2.000000000000000000e+00,7.443026844401080810e-02,5.606995084840427079e-01,3.471980169909645864e-01,1.767220608098165474e-02
7.467582395271672446e-01,2.090000000000000000e+02,2.000000000000000000e+00,6.511616476713995294e-02,5.424818671741894471e-01,3.714908399082448853e-01,2.091112815042554113e-02
7.467582395271672446e-01,2.100000000000000000e+02,2.000000000000000000e+00,5.956194794727603936e-02,5.297966408464256372e-01,3.873610760996715197e-01,2.328033510662703282e-02
7.467582395271672446e-01,2.110000000000000000e+02,2.000000000000000000e+00,5.505588834995652631e-02,5.183215493444590649e-01,4.011079097880506650e-01,2.551465251753366748e-02
7.467582395271672446e-01,2.120000000000000000e+02,2.000000000000000000e+00,5.443170720176409433e-02,5.166396240706553344e-01,4.030787825434128946e-01,2.584988618416774256e-02
7.467582395271672446e-01,2.130000000000000000e+02,2.000000000000000000e+00,7.353793562485719248e-02,5.591016711152954066e-01,3.494110354648740646e-01,1.794935779497358608e-02
7.467582395271672446e-01,2.140000000000000000e+02,2.000000000000000000e+00,6.437939257514571634e-02,5.408842198903338616e-01,3.735323484522788950e-01,2.120403908224167966e-02
7.467582395271672446e-01,2.150000000000000000e+02,2.000000000000000000e+00,5.316811336906429597e-02,5.131614490494964542e-01,4.071207765699210168e-01,2.654966101151819136e-02
7.467582395271672446e-01,2.160000000000000000e+02,2.000000000000000000e+00,5.413050052008229474e-02,5.158195097004697471e-01,4.040359009354951847e-01,2.601408884395282894e-02
7.467582395271672446e-01,2.170000000000000000e+02,2.000000000000000000e+00,6.898398230044062995e-02,5.504756639573287202e-01,3.610725365080284521e-01,1.946781723420202420e-02
7.467582395271672446e-01,2.180000000000000000e+02,2.000000000000000000e+00,5.195364776882474556e-02,5.097230703959980680e-01,4.110730505922012834e-01,2.725023124297581978e-02
7.467582395271672446e-01,2.190000000000000000e+02,2.000000000000000000e+00,6.290496942655764145e-02,5.376111963044504227e-01,3.776749014371270641e-01,2.180893283186464970e-02
7.467582395271672446e-01,2.200000000000000000e+02,2.000000000000000000e+00,6.369589963931283905e-02,5.393796847716375575e-01,3.754431326545457082e-01,2.148128293450384321e-02
7.467582395271672446e-01,2.210000000000000000e+02,2.000000000000000000e+00,7.032642871709657295e-02,5.531031420259194809e-01,3.575692453705764384e-01,1.900118388640767084e-02
7.467582395271672446e-01,2.220000000000000000e+02,2.000000000000000000e+00,5.983512383475823176e-02,5.304565511409379264e-01,3.865537680732269998e-01,2.315455695107655407e-02
7.467582395271672446e-01,2.230000000000000000e+02,2.000000000000000000e+00,5.021877621307144213e-02,5.046417784745934609e-01,4.168374686707403964e-01,2.830197664159449927e-02
7.467582395271672446e-01,2.240000000000000000e+02,2.000000000000000000e+00,7.047935029026886067e-02,5.533978459206583267e-01,3.571737285131001416e-01,1.894907527597237962e-02
7.467582395271672446e-01,2.250000000000000000e+02,2.000000000000000000e+00,5.135928507670119159e-02,5.080051248492084559e-01,4.130319883196376107e-01,2.760360175445246075e-02
7.467582395271672446e-01,2.260000000000000000e+02,2.000000000000000000e+00,6.863881946009078860e-02,5.497882100734107214e-01,3.619824457528539319e-01,1.959052471364449571e-02
7.467582395271672446e-01,2.270000000000000000e+02,2.000000000000000000e+00,6.252689811099369777e-02,5.367552671987849688e-01,3.787496289231779278e-01,2.196820576704361719e-02
7.467582395271672446e-01,2.280000000000000000e+02,2.000000000000000000e+00,7.573686936412980797e-02,5.629873128048770159e-01,3.439983323363224876e-01,1.727748549467060871e-02
7.467582395271672446e-01,2.290000000000000000e+02,2.000000000000000000e+00,5.337074889789076432e-02,5.137259429555489643e-01,4.064678213551067842e-01,2.643548679145349758e-02
7.467582395271672446e-01,2.300000000000000000e+02,2.000000000000000000e+00,6.819419122460942950e-02,5.488953596320739203e-01,3.631601661185991925e-01,1.975028302471777339e-02
7.467582395271672446e-01,2.310000000000000000e+02,2.000000000000000000e+00,6.378617180581332147e-02,5.395796470630725983e-01,3.751898248318012996e-01,2.144435629931290554e-02
7.467582395271672446e-01,2.320000000000000000e+02,2.000000000000000000e+00,5.166204963915012327e-02,5.088831712657116979e-01,4.120320663660148042e-01,2.742271272912359323e-02
7.467582395271672446e-01,2.330000000000000000e+02,2.000000000000000000e+00,7.303741065808952437e-02,5.581925778081210376e-01,3.506624133782513808e-01,1.810759815553814739e-02
7.467582395271672446e-01,2.340000000000000000e+02,2.000000000000000000e+00,6.827910888869409556e-02,5.490665194321970866e-01,3.629347485741720725e-01,1.971962310493667950e-02
7.467582395271672446e-01,2.350000000000000000e+02,2.000000000000000000e+00,6.691274256286383615e-02,5.462753749813754611e-01,3.665902309403495374e-01,2.022165151541109249e-02
7.467582395271672446e-01,2.360000000000000000e+02,2.000000000000000000e+00,6.118638268432795291e-02,5.336640505663264866e-01,3.826023105696982896e-01,2.254725617964738540e-02
7.467582395271672446e-01,2.370000000000000000e+02,2.000000000000000000e+00,6.950196403471162188e-02,5.514981305249690990e-01,3.597141173297757066e-01,1.928578811054340245e-02
7.467582395271672446e-01,2.380000000000000000e+02,2.000000000000000000e+00,7.130240896180513321e-02,5.549681512348204615e-01,3.550572528396393479e-01,1.867218696373507125e-02
7.467582395271672446e-01,2.390000000000000000e+02,2.000000000000000000e+00,6.684706423669459219e-02,5.461391952928954518e-01,3.667674822091916975e-01,2.024625826121841457e-02
7.467582395271672446e-01,2.400000000000000000e+02,2.000000000000000000e+00,6.626272421464557416e-02,5.449193281670923206e-01,3.683507927459257481e-01,2.046715487233642314e-02
7.467582395271672446e-01,2.410000000000000000e+02,2.000000000000000000e+00,5.933466956824317434e-02,5.292446147202758411e-01,3.880349444046817808e-01,2.338577130679914823e-02
7.467582395271672446e-01,2.420000000000000000e+02,2.000000000000000000e+00,7.706348758828937551e-02,5.652487960747579754e-01,3.407980515254260823e-01,1.688966481152653909e-02
7.467582395271672446e-01,2.430000000000000000e+02,2.000000000000000000e+00,6.112289832046814003e-02,5.335154399470061204e-01,3.827864147508728276e-01,2.257524698165270724e-02
7.467582395271672446e-01,2.440000000000000000e+02,2.000000000000000000e+00,6.224947735965505324e-02,5.361227967252548687e-01,3.795415352898106609e-01,2.208619062527925753e-02
7.467582395271672446e-01,2.450000000000000000e+02,2.000000000000000000e+00,7.301839511676896932e-02,5.581578563513506230e-01,3.507100985523259884e-01,1.811364997955456496e-02
7.467582395271672446e-01,2.460000000000000000e+02,2.000000000000000000e+00,6.753989163449891642e-02,5.475663600329090386e-01,3.649048448708491210e-01,1.998890346174293439e-02
7.467582395271672446e-01,2.470000000000000000e+02,2.000000000000000000e+00,5.565280785178922107e-02,5.199081756204905203e-01,3.992387467003736812e-01,2.520026982734627219e-02
7.467582395271672446e-01,2.480000000000000000e+02,2.000000000000000000e+00,5.774859188442584002e-02,5.253151547301566637e-01,3.927940778471487593e-01,2.414217553826889309e-02
7.467582395271672446e-01,2.490000000000000000e+02,2.000000000000000000e+00,8.613126365803826234e-02,5.791840663135597866e-01,3.201392056537237241e-01,1.454546437467806562e-02
7.467582395271672446e-01,2.500000000000000000e+02,2.000000000000000000e+00,7.697347179527865013e-02,5.650972650736451053e-01,3.410136837525313269e-01,1.691557937854498359e-02
7.467582395271672446e-01,2.510000000000000000e+02,2.000000000000000000e+00,6.171042760720928111e-02,5.348830760542242491e-01,3.810883114611016698e-01,2.231818487746499782e-02
7.467582395271672446e-01,2.520000000000000000e+02,2.000000000000000000e+00,8.610293966363831430e-02,5.791443822898661997e-01,3.202006340930612094e-01,1.455204395343431996e-02
7.467582395271672446e-01,2.530000000000000000e+02,2.000000000000000000e+00,6.111387179202225350e-02,5.334942932536883564e-01,3.828126038441366230e-01,2.257923111015250339e-02
7.467582395271672446e-01,2.540000000000000000e+02,2.000000000000000000e+00,4.767884151240191215e-02,4.968208170972421844e-01,4.255399572697031729e-01,2.996038412065262294e-02
7.467582395271672446e-01,2.550000000000000000e+02,2.000000000000000000e+00,6.997232592742197443e-02,5.524171481990091115e-01,3.584878684140923033e-01,1.912265745947677037e-02
7.467582395271672446e-01,2.560000000000000000e+02,2.000000000000000000e+00,6.408124992330124781e-02,5.402306123839331065e-01,3.743638254292938616e-01,2.132431226347167655e-02
7.467582395271672446e-01,2.570000000000000000e+02,2.000000000000000000e+00,5.799837327979554674e-02,5.259430617759266458e-01,3.920379579812223736e-01,2.402060696305545820e-02
7.467582395271672446e-01,2.580000000000000000e+02,2.000000000000000000e+00,6.426103100695547410e-02,5.406252335035279799e-01,3.738620700256269358e-01,2.125166546388931876e-02
7.467582395271672446e-01,2.590000000000000000e+02,2.000000000000000000e+00,6.465164345589478889e-02,5.414774767951535672e-01,3.727757858459715967e-01,2.109509390298018594e-02
7.467582395271672446e-01,2.600000000000000000e+02,2.000000000000000000e+00,6.660148858200655442e-02,5.456283495162405073e-01,3.674315026107892734e-01,2.033865929096387304e-02
7.467582395271672446e-01,2.610000000000000000e+02,2.000000000000000000e+00,5.282415761263923454e-02,5.121972985801098721e-01,4.082333282530058449e-01,2.674521555424481944e-02
7.467582395271672446e-01,2.620000000000000000e+02,2.000000000000000000e+00,5.706488121264525343e-02,5.235786823941540602e-01,3.948766601247753472e-01,2.447977626842560289e-02
7.467582395271672446e-01,2.630000000000000000e+02,2.000000000000000000e+00,5.959033390341836323e-02,5.298653949757000658e-01,3.872770538570676768e-01,2.326721726381370328e-02
7.467582395271672446e-01,2.640000000000000000e+02,2.000000000000000000e+00,6.764328696137300589e-02,5.477775814385510422e-01,3.646282188885063280e-01,1.995091271156950244e-02
7.467582395271672446e-01,2.650000000000000000e+02,2.000000000000000000e+00,8.449305031948008138e-02,5.768512191652421794e-01,3.237226681696605546e-01,1.493306234561709786e-02
7.467582395271672446e-01,2.660000000000000000e+02,2.000000000000000000e+00,6.300983715415534037e-02,5.378473907681187161e-01,3.773777107242827777e-01,2.176506135344336360e-02
7.467582395271672446e-01,2.670000000000000000e+02,2.000000000000000000e+00,7.666736875954409391e-02,5.645799009637574306e-01,3.417485956553386051e-01,1.700413462135993981e-02
7.467582395271672446e-01,2.680000000000000000e+02,2.000000000000000000e+00,7.263316766970252802e-02,5.574515303370713992e-01,3.516784120165516447e-01,1.823688997667462924e-02
7.467582395271672446e-01,2.690000000000000000e+02,2.000000000000000000e+00,7.114683026825976975e-02,5.546733609431916401e-01,3.554557401014012963e-01,1.872406868714732858e-02
7.467582395271672446e-01,2.700000000000000000e+02,2.000000000000000000e+00,6.421380051982215897e-02,5.405217075397229509e-01,3.739937772233115632e-01,2.127071471714328185e-02
7.467582395271672446e-01,2.710000000000000000e+02,2.000000000000000000e+00,6.719539467776883268e-02,5.468593068842434457e-01,3.658290395305816567e-01,2.011625890740629044e-02
7.467582395271672446e-01,2.720000000000000000e+02,2.000000000000000000e+00,6.260724663843574012e-02,5.369377490792155427e-01,3.785207933264647662e-01,2.193421095588411404e-02
7.467582395271672446e-01,2.730000000000000000e+02,2.000000000000000000e+00,6.907191746404378607e-02,5.506500173256896336e-01,3.608413281850179066e-01,1.943673702524865640e-02
7.467582395271672446e-01,2.740000000000000000e+02,2.000000000000000000e+00,6.596801885020721345e-02,5.442984118592304466e-01,3.691536470175585394e-01,2.057992227300409552e-02
7.467582395271672446e-01,2.750000000000000000e+02,2.000000000000000000e+00,6.301936298694550687e-02,5.378688197600670629e-01,3.773507344781396600e-01,2.176108277484794032e-02
7.467582395271672446e-01,2.760000000000000000e+02,2.000000000000000000e+00,6.218709436695577658e-02,5.359800573813872093e-01,3.797199955057903309e-01,2.211285274586669708e-02
7.467582395271672446e-01,2.770000000000000000e+02,2.000000000000000000e+00,6.062254671641330306e-02,5.323370300277061595e-01,3.842427203368216082e-01,2.279770291905890839e-02
7.467582395271672446e-01,2.780000000000000000e+02,2.000000000000000000e+00,6.839011550730787758e-02,5.492898088122233347e-01,3.626404260670081925e-01,1.967964961346062649e-02
7.467582395271672446e-01,2.790000000000000000e+02,2.000000000000000000e+00,6.613076825177532925e-02,5.446417839866973809e-01,3.687099145218366014e-01,2.051753323969074741e-02
7.467582395271672446e-01,2.800000000000000000e+02,2.000000000000000000e+00,5.981301293668079416e-02,5.304032831993051866e-01,3.866190047296409471e-01,2.316469913437319353e-02
7.467582395271672446e-01,2.810000000000000000e+02,2.000000000000000000e+00,6.612581168490784533e-02,5.446313438192134093e-01,3.687234153393600944e-01,2.051942915651864402e-02
7.467582395271672446e-01,2.820000000000000000e+02,2.000000000000000000e+00,6.207549180462633431e-02,5.357242225205776087e-01,3.800396137906938976e-01,2.216067188410199978e-02
7.467582395271672446e-01,2.830000000000000000e+02,2.000000000000000000e+00,6.116673606474246072e-02,5.336180814508485470e-01,3.826592695353705498e-01,2.255591294903858818e-02
7.467582395271672446e-01,2.840000000000000000e+02,2.000000000000000000e+00,6.363634035429491242e-02,5.392475448747939826e-01,3.756104164446067983e-01,2.150569832630460504e-02
7.467582395271672446e-01,2.850000000000000000e+02,2.000000000000000000e+00,8.007138389255781530e-02,5.701566308856841347e-01,3.337163578147784304e-01,1.605562740697970281e-02
7.467582395271672446e-01,2.860000000000000000e+02,2.000000000000000000e+00,8.498261406745828694e-02,5.775564425728585416e-01,3.226452309835983745e-01,1.481571237608496697e-02
7.467582395271672446e-01,2.870000000000000000e+02,2.000000000000000000e+00,5.803486211897580099e-02,5.260345006822108038e-01,3.919277112914777983e-01,2.400292590733549628e-02
7.467582395271672446e-01,2.880000000000000000e+02,2.000000000000000000e+00,7.244118230018263549e-02,5.570974323393239613e-01,3.521626185502272355e-01,1.829876681026627872e-02
7.467582395271672446e-01,2.890000000000000000e+02,2.000000000000000000e+00,5.883526626746110599e-02,5.280220065357598136e-01,3.895227195029259404e-01,2.362000769385311227e-02
7.467582395271672446e-01,2.900000000000000000e+02,2.000000000000000000e+00,7.356007663063773849e-02,5.591416708375237521e-01,3.493558479415145857e-01,1.794240459032396887e-02
7.467582395271672446e-01,2.910000000000000000e+02,2.000000000000000000e+00,5.337135469605833182e-02,5.137276266743965314e-01,4.064658720341085552e-01,2.643514659543670306e-02
7.467582395271672446e-01,2.920000000000000000e+02,2.000000000000000000e+00,5.987529474063722074e-02,5.305532626235139881e-01,3.864352947310857878e-01,2.313614790476291316e-02
7.467582395271672446e-01,2.930000000000000000e+02,2.000000000000000000e+00,5.098372520517021472e-02,5.069074058023188556e-01,4.142782932342881641e-01,2.783057575822260252e-02
7.467582395271672446e-01,2.940000000000000000e+02,2.000000000000000000e+00,7.775820391427135103e-02,5.664090116455843260e-01,3.391412049889755975e-01,1.669157945116872543e-02
7.467582395271672446e-01,2.950000000000000000e+02,2.000000000000000000e+00,6.472540066659240865e-02,5.416376132385593012e-01,3.725712633544528973e-01,2.106572274039526793e-02
7.467582395271672446e-01,2.960000000000000000e+02,2.000000000000000000e+00,5.912205396057785417e-02,5.287257270891936312e-01,3.886671567791683546e-01,2.348506217105991722e-02
7.467582395271672446e-01,2.970000000000000000e+02,2.000000000000000000e+00,8.467830234560197455e-02,5.771188948069655433e-01,3.233143007456354967e-01,1.488850210179717450e-02
7.467582395271672446e-01,2.980000000000000000e+02,2.000000000000000000e+00,7.295341218826396912e-02,5.580390985980963059e-01,3.508731356763670761e-01,1.813435353727254826e-02
7.467582395271672446e-01,2.990000000000000000e+02,2.000000000000000000e+00,6.457672357396035401e-02,5.413145604722583437e-01,3.729837252702360995e-01,2.112499068354514037e-02
7.467582395271672446e-01,0.000000000000000000e+00,3.000000000000000000e+00,2.534342879769264645e-01,3.684624874552931972e-01,1.785664780477567160e-01,1.995367465200235668e-01
7.467582395271672446e-01,1.000000000000000000e+00,3.000000000000000000e+00,2.271034708483395947e-01,3.649727935231143472e-01,1.955131428484722655e-01,2.124105927800739313e-01
7.467582395271672446e-01,2.000000000000000000e+00,3.000000000000000000e+00,2.230908252893264165e-01,3.844823042110631084e-01,2.208766198844978323e-01,1.715502506151127815e-01
7.467582395271672446e-01,3.000000000000000000e+00,3.000000000000000000e+00,2.152397457158689575e-01,3.732011292708848904e-01,2.156960407503322741e-01,1.958630842629141000e-01
7.467582395271672446e-01,4.000000000000000000e+00,3.000000000000000000e+00,2.364856288973153087e-01,3.738239118274258033e-01,1.969736564339498452e-01,1.927168028413091538e-01
7.467582395271672446e-01,5.000000000000000000e+00,3.000000000000000000e+00,2.228482049672505794e-01,3.837295973972063567e-01,2.202521726096940691e-01,1.731700250258490226e-01
7.467582395271672446e-01,6.000000000000000000e+00,3.000000000000000000e+00,2.133790842192607173e-01,3.782787754280328985e-01,2.235377356109451707e-01,1.848044047417613800e-01
7.467582395271672446e-01,7.000000000000000000e+00,3.000000000000000000e+00,1.990134760197409813e-01,3.801004723916458494e-01,2.419875812798745196e-01,1.788984703087384831e-01
7.467582395271672446e-01,8.000000000000000000e+00,3.000000000000000000e+00,1.955900519698824946e-01,3.864101437766819247e-01,2.544655649400608399e-01,1.635342393133747407e-01
7.467582395271672446e-01,9.000000000000000000e+00,3.000000000000000000e+00,2.576909141501896316e-01,3.686368741208201349e-01,1.757831281579023408e-01,1.978890835710876983e-01
7.467582395271672446e-01,1.000000000000000000e+01,3.000000000000000000e+00,2.300984066540537332e-01,3.739595253339728087e-01,2.025882876541951760e-01,1.933537803577784209e-01
7.467582395271672446e-01,1.100000000000000000e+01,3.000000000000000000e+00,2.380772094132478922e-01,3.782834771933933360e-01,2.003529155803376871e-01,1.832863978130210847e-01
7.467582395271672446e-01,1.200000000000000000e+01,3.000000000000000000e+00,2.328094980295420946e-01,3.744200827579303170e-01,2.007226216556195209e-01,1.920477975569080675e-01
7.467582395271672446e-01,1.300000000000000000e+01,3.000000000000000000e+00,2.149699184474225810e-01,3.754497842284011400e-01,2.185771564307335546e-01,1.910031408934427799e-01
7.467582395271672446e-01,1.400000000000000000e+01,3.000000000000000000e+00,2.444536176870724109e-01,3.731933697694057583e-01,1.899109976466368532e-01,1.924420148968850608e-01
7.467582395271672446e-01,1.500000000000000000e+01,3.000000000000000000e+00,2.226926453632549485e-01,3.822445362773634892e-01,2.187033542360015959e-01,1.763594641233799387e-01
7.467582395271672446e-01,1.600000000000000000e+01,3.000000000000000000e+00,2.129051861257817702e-01,3.868759636780173539e-01,2.343343751513402295e-01,1.658844750448606742e-01
7.467582395271672446e-01,1.700000000000000000e+01,3.000000000000000000e+00,2.398676761688627312e-01,3.791944281312442655e-01,1.998162995842157064e-01,1.811215961156774634e-01
7.467582395271672446e-01,1.800000000000000000e+01,3.000000000000000000e+00,2.243218152356503126e-01,3.796399133640161461e-01,2.141662172084224935e-01,1.818720541919109923e-01
7.467582395271672446e-01,1.900000000000000000e+01,3.000000000000000000e+00,2.177940668255651524e-01,3.880048425775561305e-01,2.304130075073934358e-01,1.637880830894853090e-01
7.467582395271672446e-01,2.000000000000000000e+01,3.000000000000000000e+00,2.148284479027821048e-01,3.885034458776526756e-01,2.341945071866737560e-01,1.624735990328916579e-01
7.467582395271672446e-01,2.100000000000000000e+01,3.000000000000000000e+00,2.309057686211738736e-01,3.787400037333660263e-01,2.070743566152672688e-01,1.832798710301928036e-01
7.467582395271672446e-01,2.200000000000000000e+01,3.000000000000000000e+00,2.184403801282158719e-01,3.755477474616953915e-01,2.152167875139366637e-01,1.907950848961521007e-01
7.467582395271672446e-01,2.300000000000000000e+01,3.000000000000000000e+00,1.949292175832380014e-01,3.702515192899664687e-01,2.344204548299527735e-01,2.003988082968425899e-01
7.467582395271672446e-01,2.400000000000000000e+01,3.000000000000000000e+00,2.558159934666001667e-01,3.561929372082579537e-01,1.653185776200121193e-01,2.226724917051297603e-01
7.467582395271672446e-01,2.500000000000000000e+01,3.000000000000000000e+00,2.284641849220134524e-01,3.663931761379082830e-01,1.958643387456237839e-01,2.092783001944544807e-01
7.467582395271672446e-01,2.600000000000000000e+01,3.000000000000000000e+00,2.228376216031258128e-01,3.792282920344857700e-01,2.151254000480617989e-01,1.828086863143267016e-01
7.467582395271672446e-01,2.700000000000000000e+01,3.000000000000000000e+00,1.996365295920360106e-01,3.792731833741485037e-01,2.401834105223110694e-01,1.809068765115045829e-01
7.467582395271672446e-01,2.800000000000000000e+01,3.000000000000000000e+00,2.301162990696044020e-01,3.749811089805282216e-01,2.036808237990645198e-01,1.912217681508026623e-01
7.467582395271672446e-01,2.900000000000000000e+01,3.000000000000000000e+00,2.125354387363973530e-01,3.762491014192140271e-01,2.220231869100878219e-01,1.891922729343009646e-01
7.467582395271672446e-01,3.000000000000000000e+01,3.000000000000000000e+00,2.365228316637985051e-01,3.825353710632513060e-01,2.062285898365229242e-01,1.747132074364272647e-01
7.467582395271672446e-01,3.100000000000000000e+01,3.000000000000000000e+00,2.215807750820228961e-01,3.809850989513197117e-01,2.183547520751241977e-01,1.790793738915331668e-01
7.467582395271672446e-01,3.200000000000000000e+01,3.000000000000000000e+00,2.269133078123684588e-01,3.819874520822506003e-01,2.143467843219142854e-01,1.767524557834667109e-01
7.467582395271672446e-01,3.300000000000000000e+01,3.000000000000000000e+00,2.489792992229460655e-01,3.715556775563579328e-01,1.848261039575362641e-01,1.946389192631597376e-01
7.467582395271672446e-01,3.400000000000000000e+01,3.000000000000000000e+00,2.151108365796672861e-01,3.776627477992925974e-01,2.210165285691201298e-01,1.862098870519199589e-01
7.467582395271672446e-01,3.500000000000000000e+01,3.000000000000000000e+00,2.856436911461163186e-01,3.509501676806226489e-01,1.437292029811289562e-01,2.196769381921319930e-01
7.467582395271672446e-01,3.600000000000000000e+01,3.000000000000000000e+00,2.265519070924361111e-01,3.720278673567691263e-01,2.036394747474727929e-01,1.977807508033218309e-01
7.467582395271672446e-01,3.700000000000000000e+01,3.000000000000000000e+00,2.321043006932777264e-01,3.734638034831557207e-01,2.003053686000983713e-01,1.941265272234679318e-01
7.467582395271672446e-01,3.800000000000000000e+01,3.000000000000000000e+00,2.456471632735626187e-01,3.684156803593040541e-01,1.841803120185765141e-01,2.017568443485568130e-01
7.467582395271672446e-01,3.900000000000000000e+01,3.000000000000000000e+00,2.195533542120962078e-01,3.843006107234027691e-01,2.242233403544506010e-01,1.719226947100503944e-01
7.467582395271672446e-01,4.000000000000000000e+01,3.000000000000000000e+00,2.069570377202802069e-01,3.784352302797917567e-01,2.306649809939196605e-01,1.839427510060082926e-01
7.467582395271672446e-01,4.100000000000000000e+01,3.000000000000000000e+00,2.154926957698772849e-01,3.758661988711630708e-01,2.185308399883824360e-01,1.901102653705772638e-01
7.467582395271672446e-01,4.200000000000000000e+01,3.000000000000000000e+00,2.288570082752404422e-01,3.787180030686814747e-01,2.089038433929502336e-01,1.835211452631277385e-01
7.467582395271672446e-01,4.300000000000000000e+01,3.000000000000000000e+00,2.865457505161593810e-01,3.643058573009032575e-01,1.543892582885137144e-01,1.947591338944237305e-01
7.467582395271672446e-01,4.400000000000000000e+01,3.000000000000000000e+00,2.580232804519445589e-01,3.759201204455054901e-01,1.825622565377812145e-01,1.834943425647689030e-01
7.467582395271672446e-01,4.500000000000000000e+01,3.000000000000000000e+00,2.141435950073933836e-01,3.767250484039434966e-01,2.209137005943039578e-01,1.882176559943591621e-01
7.467582395271672446e-01,4.600000000000000000e+01,3.000000000000000000e+00,2.132108932658718925e-01,3.842175802997260248e-01,2.307936315231507440e-01,1.717778949112513387e-01
7.467582395271672446e-01,4.700000000000000000e+01,3.000000000000000000e+00,2.408658609688534014e-01,3.681533545276911568e-01,1.875689812091695108e-01,2.034118032942858478e-01
7.467582395271672446e-01,4.800000000000000000e+01,3.000000000000000000e+00,2.496131892397198682e-01,3.622565028234616680e-01,1.752441771173879892e-01,2.128861308194304747e-01
7.467582395271672446e-01,4.900000000000000000e+01,3.000000000000000000e+00,2.374810782094789741e-01,3.727884147291488648e-01,1.950628420645330319e-01,1.946676649968392958e-01
7.467582395271672446e-01,5.000000000000000000e+01,3.000000000000000000e+00,2.404386834474684376e-01,3.700291100720519699e-01,1.898218433316695986e-01,1.997103631488099107e-01
7.467582395271672446e-01,5.100000000000000000e+01,3.000000000000000000e+00,2.297589077549215819e-01,3.751720136870247413e-01,2.042054157687125393e-01,1.908636627893410265e-01
7.467582395271672446e-01,5.200000000000000000e+01,3.000000000000000000e+00,2.568126143596374256e-01,3.716713408354405113e-01,1.793001042710530291e-01,1.922159405338692006e-01
7.467582395271672446e-01,5.300000000000000000e+01,3.000000000000000000e+00,1.807167466627782326e-01,3.686542771739693136e-01,2.506795461007009229e-01,1.999494300625513921e-01
7.467582395271672446e-01,5.400000000000000000e+01,3.000000000000000000e+00,2.318798181160075800e-01,3.712422714046246242e-01,1.981210571312913560e-01,1.987568533480764121e-01
7.467582395271672446e-01,5.500000000000000000e+01,3.000000000000000000e+00,2.231215521862284223e-01,3.803174355240827587e-01,2.160875247092370888e-01,1.804734875804516747e-01
7.467582395271672446e-01,5.600000000000000000e+01,3.000000000000000000e+00,2.135763500350436050e-01,3.699718067402507637e-01,2.136302977993370933e-01,2.028215454253686212e-01
7.467582395271672446e-01,5.700000000000000000e+01,3.000000000000000000e+00,2.690876116205448421e-01,3.688677377637381571e-01,1.685490797879469760e-01,1.934955708277700526e-01
7.467582395271672446e-01,5.800000000000000000e+01,3.000000000000000000e+00,2.074689818360371529e-01,3.792650525265738315e-01,2.311060008344817118e-01,1.821599648029073037e-01
7.467582395271672446e-01,5.900000000000000000e+01,3.000000000000000000e+00,2.047521159101397259e-01,3.817022649507576526e-01,2.371918818696208686e-01,1.763537372694819472e-01
7.467582395271672446e-01,6.000000000000000000e+01,3.000000000000000000e+00,2.315475488452068964e-01,3.676065546666240080e-01,1.945382704442636668e-01,2.063076260439054010e-01
7.467582395271672446e-01,6.100000000000000000e+01,3.000000000000000000e+00,2.528744910504719945e-01,3.685953562471108169e-01,1.790908684680487251e-01,1.994392842343684635e-01
7.467582395271672446e-01,6.200000000000000000e+01,3.000000000000000000e+00,2.224547878901601550e-01,3.893820153306095655e-01,2.271897663654549870e-01,1.609734304137754035e-01
7.467582395271672446e-01,6.300000000000000000e+01,3.000000000000000000e+00,2.465988770033403221e-01,3.696600564590551419e-01,1.847109754403042647e-01,1.990300910973003268e-01
7.467582395271672446e-01,6.400000000000000000e+01,3.000000000000000000e+00,2.500514586947966689e-01,3.735395731424319687e-01,1.860041308187121711e-01,1.904048373440591635e-01
7.467582395271672446e-01,6.500000000000000000e+01,3.000000000000000000e+00,2.279722542829860643e-01,3.811365156267249588e-01,2.124016421807784494e-01,1.784895879095107218e-01
7.467582395271672446e-01,6.600000000000000000e+01,3.000000000000000000e+00,2.455423306213031787e-01,3.725247074290436999e-01,1.883920344731720431e-01,1.935409274764809673e-01
7.467582395271672446e-01,6.700000000000000000e+01,3.000000000000000000e+00,2.022226203280176882e-01,3.781416081242799376e-01,2.356991114757192307e-01,1.839366600719831712e-01
7.467582395271672446e-01,6.800000000000000000e+01,3.000000000000000000e+00,2.444446649714100139e-01,3.665497227992737250e-01,1.832162428252611386e-01,2.057893694040552335e-01
7.467582395271672446e-01,6.900000000000000000e+01,3.000000000000000000e+00,2.297222649763073776e-01,3.730556484021367858e-01,2.019402528223841198e-01,1.952818337991716335e-01
7.467582395271672446e-01,7.000000000000000000e+01,3.000000000000000000e+00,2.830772269146361597e-01,3.701753344160716441e-01,1.613573554981078684e-01,1.853900831711843000e-01
7.467582395271672446e-01,7.100000000000000000e+01,3.000000000000000000e+00,2.251656878502596437e-01,3.780693347199738374e-01,2.116018404347344839e-01,1.851631369950318684e-01
7.467582395271672446e-01,7.200000000000000000e+01,3.000000000000000000e+00,2.456971917580055287e-01,3.716050605972970877e-01,1.873448641848677043e-01,1.953528834598296515e-01
7.467582395271672446e-01,7.300000000000000000e+01,3.000000000000000000e+00,2.091664373373217645e-01,3.747531808572351908e-01,2.238089251641086908e-01,1.922714566413344373e-01
7.467582395271672446e-01,7.400000000000000000e+01,3.000000000000000000e+00,2.343515137963408101e-01,3.828028435488358139e-01,2.084305105825214888e-01,1.744151320723018872e-01
7.467582395271672446e-01,7.500000000000000000e+01,3.000000000000000000e+00,2.087446187527399466e-01,3.814706234133065088e-01,2.323729946458426565e-01,1.774117631881108881e-01
7.467582395271672446e-01,7.600000000000000000e+01,3.000000000000000000e+00,2.017963062688248876e-01,3.750626291405029233e-01,2.323662878651982233e-01,1.907747767254740767e-01
7.467582395271672446e-01,7.700000000000000000e+01,3.000000000000000000e+00,2.492471952586182427e-01,3.693073812227359309e-01,1.823998349430832056e-01,1.990455885755625376e-01
7.467582395271672446e-01,7.800000000000000000e+01,3.000000000000000000e+00,2.628960065084186004e-01,3.657503316102935220e-01,1.696149830620774790e-01,2.017386788192104541e-01
7.467582395271672446e-01,7.900000000000000000e+01,3.000000000000000000e+00,2.262434142155826944e-01,3.805766179808341976e-01,2.133963584544624759e-01,1.797836093491206322e-01
7.467582395271672446e-01,8.000000000000000000e+01,3.000000000000000000e+00,2.286550047635952931e-01,3.659466218317372621e-01,1.952241400656799519e-01,2.101742333389874096e-01
7.467582395271672446e-01,8.100000000000000000e+01,3.000000000000000000e+00,2.258999398049986174e-01,3.669725705735428223e-01,1.987146280629125683e-01,2.084128615585458810e-01
7.467582395271672446e-01,8.200000000000000000e+01,3.000000000000000000e+00,2.288621065052962311e-01,3.778842004270279720e-01,2.079803585848606917e-01,1.852733344828149387e-01
7.467582395271672446e-01,8.300000000000000000e+01,3.000000000000000000e+00,2.161462010113092969e-01,3.847002445940857496e-01,2.282317516235317922e-01,1.709218027710732168e-01
7.467582395271672446e-01,8.400000000000000000e+01,3.000000000000000000e+00,2.234392431223791164e-01,3.656986014468820989e-01,1.995105622918079136e-01,2.113515931389310099e-01
7.467582395271672446e-01,8.500000000000000000e+01,3.000000000000000000e+00,2.219042837380126587e-01,3.789583581636594700e-01,2.157227954368025058e-01,1.834145626615253100e-01
7.467582395271672446e-01,8.600000000000000000e+01,3.000000000000000000e+00,2.271024343760596476e-01,3.733305968633376382e-01,2.045710267810152694e-01,1.949959419795873061e-01
7.467582395271672446e-01,8.700000000000000000e+01,3.000000000000000000e+00,2.347476427521931752e-01,3.730068745870072089e-01,1.975655315895143149e-01,1.946799510712851622e-01
7.467582395271672446e-01,8.800000000000000000e+01,3.000000000000000000e+00,2.230091688527061355e-01,3.774085447828121609e-01,2.129018736581743121e-01,1.866804127063075858e-01
7.467582395271672446e-01,8.900000000000000000e+01,3.000000000000000000e+00,2.389195426960691593e-01,3.724182889198565660e-01,1.935036098441292318e-01,1.951585585399450151e-01
7.467582395271672446e-01,9.000000000000000000e+01,3.000000000000000000e+00,2.392333422324560976e-01,3.715514872377363442e-01,1.923512645023006673e-01,1.968639060275069186e-01
7.467582395271672446e-01,9.100000000000000000e+01,3.000000000000000000e+00,2.386686018110720786e-01,3.674008931975965564e-01,1.885227959020815691e-01,2.054077090892499347e-01
7.467582395271672446e-01,9.200000000000000000e+01,3.000000000000000000e+00,2.760528481539907264e-01,3.657617604049733795e-01,1.615411279267289779e-01,1.966442635143068884e-01
7.467582395271672446e-01,9.300000000000000000e+01,3.000000000000000000e+00,2.064286131970108074e-01,3.769603599431363139e-01,2.294564220333200899e-01,1.871546048265326501e-01
7.467582395271672446e-01,9.400000000000000000e+01,3.000000000000000000e+00,2.155898222541393350e-01,3.824620653404771642e-01,2.261659508398475293e-01,1.757821615655359992e-01
7.467582395271672446e-01,9.500000000000000000e+01,3.000000000000000000e+00,2.414250270155952616e-01,3.692426607943400385e-01,1.882435915832328388e-01,2.010887206068318611e-01
7.467582395271672446e-01,9.600000000000000000e+01,3.000000000000000000e+00,2.431123553282033833e-01,3.673137311260268878e-01,1.849890583739647043e-01,2.045848551718049413e-01
7.467582395271672446e-01,9.700000000000000000e+01,3.000000000000000000e+00,2.258517528820843945e-01,3.735663603452690218e-01,2.059637554292385320e-01,1.946181313434078852e-01
7.467582395271672446e-01,9.800000000000000000e+01,3.000000000000000000e+00,2.472202979706677184e-01,3.743256106666312810e-01,1.889268585564272129e-01,1.895272328062739542e-01
7.467582395271672446e-01,9.900000000000000000e+01,3.000000000000000000e+00,2.326792087011254895e-01,3.693854460885024338e-01,1.954702765002454823e-01,2.024650687101265667e-01
7.467582395271672446e-01,1.000000000000000000e+02,3.000000000000000000e+00,2.186395805432025385e-01,3.767832040181030573e-01,2.164377594661175686e-01,1.881394559725766413e-01
7.467582395271672446e-01,1.010000000000000000e+02,3.000000000000000000e+00,2.429549575032522724e-01,3.693052269002165544e-01,1.871215855775718029e-01,2.006182300189593148e-01
7.467582395271672446e-01,1.020000000000000000e+02,3.000000000000000000e+00,2.494082671245737015e-01,3.712347457096072945e-01,1.841896127594963573e-01,1.951673744063226468e-01
7.467582395271672446e-01,1.030000000000000000e+02,3.000000000000000000e+00,2.060849267223227588e-01,3.792654917034559703e-01,2.326586349372302409e-01,1.819909466369911133e-01
7.467582395271672446e-01,1.040000000000000000e+02,3.000000000000000000e+00,2.402503375018705256e-01,3.684260298702138337e-01,1.883281981305171549e-01,2.029954344973984859e-01
7.467582395271672446e-01,1.050000000000000000e+02,3.000000000000000000e+00,2.482977443342414547e-01,3.727700368050072544e-01,1.865468689780649114e-01,1.923853498826864628e-01
7.467582395271672446e-01,1.060000000000000000e+02,3.000000000000000000e+00,1.989461205325349091e-01,3.758600228790118236e-01,2.366985198814309244e-01,1.884953367070225094e-01
7.467582395271672446e-01,1.070000000000000000e+02,3.000000000000000000e+00,1.971240890563151493e-01,3.733568946163789981e-01,2.357150960509329096e-01,1.938039202763731650e-01
7.467582395271672446e-01,1.080000000000000000e+02,3.000000000000000000e+00,2.409957351553734806e-01,3.758354281327681012e-01,1.953731241324992429e-01,1.877957125793593418e-01
7.467582395271672446e-01,1.090000000000000000e+02,3.000000000000000000e+00,2.585179353672109048e-01,3.636476421234976497e-01,1.705099073482594929e-01,2.073245151610318970e-01
7.467582395271672446e-01,1.100000000000000000e+02,3.000000000000000000e+00,2.040353252569365172e-01,3.745556993357681552e-01,2.291955600143263105e-01,1.922134153929689060e-01
7.467582395271672446e-01,1.110000000000000000e+02,3.000000000000000000e+00,2.365628165446556352e-01,3.592721308186804241e-01,1.818776451125395932e-01,2.222874075241241809e-01
7.467582395271672446e-01,1.120000000000000000e+02,3.000000000000000000e+00,2.198109020190549268e-01,3.783165570595933835e-01,2.170402165843098308e-01,1.848323243370417479e-01
7.467582395271672446e-01,1.130000000000000000e+02,3.000000000000000000e+00,2.537028365368348415e-01,3.668812775960924588e-01,1.768497791719912116e-01,2.025661066950813494e-01
7.467582395271672446e-01,1.140000000000000000e+02,3.000000000000000000e+00,2.313191558369516454e-01,3.760035563249396473e-01,2.037281548048053281e-01,1.889491330333034069e-01
7.467582395271672446e-01,1.150000000000000000e+02,3.000000000000000000e+00,2.544063776353786555e-01,3.810447645049075960e-01,1.902403992464602178e-01,1.743084586132534197e-01
7.467582395271672446e-01,1.160000000000000000e+02,3.000000000000000000e+00,1.839639340610053075e-01,3.756067715143091013e-01,2.556306258751383509e-01,1.847986685495473791e-01
7.467582395271672446e-01,1.170000000000000000e+02,3.000000000000000000e+00,2.156794243048691939e-01,3.682437586503563010e-01,2.095756487079367403e-01,2.065011683368377371e-01
7.467582395271672446e-01,1.180000000000000000e+02,3.000000000000000000e+00,2.357629245989949218e-01,3.733544432348620545e-01,1.970815110423685956e-01,1.938011211237744835e-01
7.467582395271672446e-01,1.190000000000000000e+02,3.000000000000000000e+00,2.416090079832945436e-01,3.738292125158378387e-01,1.928022486919223899e-01,1.917595308089453110e-01
7.467582395271672446e-01,1.200000000000000000e+02,3.000000000000000000e+00,2.179316848092776315e-01,3.710784638718803707e-01,2.106152767858141539e-01,2.003745745330277606e-01
7.467582395271672446e-01,1.210000000000000000e+02,3.000000000000000000e+00,2.149322681619419140e-01,3.860336504021138482e-01,2.311146367445394423e-01,1.679194446914046290e-01
7.467582395271672446e-01,1.220000000000000000e+02,3.000000000000000000e+00,2.100392012493783045e-01,3.808011864978793626e-01,2.301309196499684850e-01,1.790286926027738201e-01
7.467582395271672446e-01,1.230000000000000000e+02,3.000000000000000000e+00,2.343336449338017102e-01,3.773127707861307911e-01,2.025102954358442842e-01,1.858432888442231867e-01
7.467582395271672446e-01,1.240000000000000000e+02,3.000000000000000000e+00,1.755855813793780473e-01,3.740109661959592491e-01,2.655574976333904269e-01,1.848459547912720269e-01
7.467582395271672446e-01,1.250000000000000000e+02,3.000000000000000000e+00,2.336771069194186756e-01,3.803716824590512857e-01,2.063853818403383888e-01,1.795658287811916221e-01
7.467582395271672446e-01,1.260000000000000000e+02,3.000000000000000000e+00,2.211931509252451078e-01,3.756333052289490548e-01,2.126352457222803471e-01,1.905382981235254625e-01
7.467582395271672446e-01,1.270000000000000000e+02,3.000000000000000000e+00,2.416677225194872880e-01,3.685898903109438574e-01,1.873902257516391612e-01,2.023521614179295547e-01
7.467582395271672446e-01,1.280000000000000000e+02,3.000000000000000000e+00,2.073662166389201589e-01,3.746210730403077283e-01,2.255927550793589420e-01,1.924199552414131154e-01
7.467582395271672446e-01,1.290000000000000000e+02,3.000000000000000000e+00,2.163973900273576945e-01,3.861130586479231130e-01,2.296443194002276145e-01,1.678452319244915780e-01
7.467582395271672446e-01,1.300000000000000000e+02,3.000000000000000000e+00,2.175399338164587248e-01,3.796296771055714947e-01,2.208310128182033039e-01,1.819993762597663378e-01
7.467582395271672446e-01,1.310000000000000000e+02,3.000000000000000000e+00,2.288607049121463843e-01,3.823855809526817695e-01,2.129661250739825762e-01,1.757875890611894643e-01
7.467582395271672446e-01,1.320000000000000000e+02,3.000000000000000000e+00,2.083397508069477211e-01,3.839331097824610350e-01,2.358401476695305699e-01,1.718869917410607850e-01
7.467582395271672446e-01,1.330000000000000000e+02,3.000000000000000000e+00,2.017066760921106261e-01,3.896804458172414831e-01,2.509433546347277777e-01,1.576695234559200853e-01
7.467582395271672446e-01,1.340000000000000000e+02,3.000000000000000000e+00,2.501384422475765867e-01,3.628336890462425801e-01,1.754338980233000611e-01,2.115939706828806055e-01
7.467582395271672446e-01,1.350000000000000000e+02,3.000000000000000000e+00,2.262854770288527939e-01,3.798048384680955403e-01,2.124922276907518504e-01,1.814174568122997322e-01
7.467582395271672446e-01,1.360000000000000000e+02,3.000000000000000000e+00,2.903658631872630402e-01,3.588009756031594888e-01,1.477884242092112610e-01,2.030447370003660712e-01
7.467582395271672446e-01,1.370000000000000000e+02,3.000000000000000000e+00,2.175651160222039360e-01,3.843050710497988298e-01,2.262776777436417974e-01,1.718521351843556866e-01
7.467582395271672446e-01,1.380000000000000000e+02,3.000000000000000000e+00,1.993339322473544062e-01,3.835076165344420418e-01,2.459492475461038663e-01,1.712092036720996302e-01
7.467582395271672446e-01,1.390000000000000000e+02,3.000000000000000000e+00,2.356199967668570205e-01,3.618121683688261814e-01,1.851965693009263447e-01,2.173712655633906754e-01
7.467582395271672446e-01,1.400000000000000000e+02,3.000000000000000000e+00,2.049224941672836697e-01,3.734147306489926654e-01,2.268151212198181166e-01,1.948476539639054650e-01
7.467582395271672446e-01,1.410000000000000000e+02,3.000000000000000000e+00,2.503711339741960806e-01,3.741495303842315989e-01,1.863738161620081546e-01,1.891055194795642214e-01
7.467582395271672446e-01,1.420000000000000000e+02,3.000000000000000000e+00,2.334050695936694675e-01,3.764479991776140677e-01,2.023850586329517254e-01,1.877618725957648504e-01
7.467582395271672446e-01,1.430000000000000000e+02,3.000000000000000000e+00,2.493558933661793042e-01,3.742829926456208156e-01,1.872661556041414210e-01,1.890949583840584314e-01
7.467582395271672446e-01,1.440000000000000000e+02,3.000000000000000000e+00,2.422795506490701967e-01,3.712215813760930128e-01,1.895956717631686050e-01,1.969031962116680468e-01
7.467582395271672446e-01,1.450000000000000000e+02,3.000000000000000000e+00,2.187742773245221761e-01,3.809424030868877042e-01,2.211063022647632437e-01,1.791770173238269592e-01
7.467582395271672446e-01,1.460000000000000000e+02,3.000000000000000000e+00,2.319231515456897930e-01,3.744582326101363323e-01,2.015307901705006843e-01,1.920878256736732181e-01
7.467582395271672446e-01,1.470000000000000000e+02,3.000000000000000000e+00,2.265733193001468193e-01,3.837826878966651423e-01,2.166909325189518010e-01,1.729530602842362652e-01
7.467582395271672446e-01,1.480000000000000000e+02,3.000000000000000000e+00,2.694704982193631970e-01,3.765851323027058495e-01,1.754259591910261318e-01,1.785184102869047107e-01
7.467582395271672446e-01,1.490000000000000000e+02,3.000000000000000000e+00,1.848354077009466689e-01,3.814488005114043401e-01,2.624013606148542510e-01,1.713144311727948510e-01
7.467582395271672446e-01,1.500000000000000000e+02,3.000000000000000000e+00,2.354965370550184955e-01,3.853624842701797726e-01,2.102001812001024761e-01,1.689407974746992280e-01
7.467582395271672446e-01,1.510000000000000000e+02,3.000000000000000000e+00,2.046054506115193850e-01,3.801273362530240840e-01,2.354072049969854752e-01,1.798600081384712501e-01
7.467582395271672446e-01,1.520000000000000000e+02,3.000000000000000000e+00,2.250366410626217228e-01,3.808791873110690673e-01,2.148819775033458945e-01,1.792021941229633153e-01
7.467582395271672446e-01,1.530000000000000000e+02,3.000000000000000000e+00,2.032681465103931273e-01,3.715405149826483955e-01,2.263715140868754194e-01,1.988198244200831688e-01
7.467582395271672446e-01,1.540000000000000000e+02,3.000000000000000000e+00,2.412431578900565143e-01,3.673687960179080614e-01,1.864782867046168302e-01,2.049097593874184275e-01
7.467582395271672446e-01,1.550000000000000000e+02,3.000000000000000000e+00,2.351165754302716182e-01,3.855504841481375844e-01,2.107453512579594013e-01,1.685875891636311741e-01
7.467582395271672446e-01,1.560000000000000000e+02,3.000000000000000000e+00,2.087875744305666970e-01,3.747354773934373773e-01,2.241938621112515018e-01,1.922830860647444517e-01
7.467582395271672446e-01,1.570000000000000000e+02,3.000000000000000000e+00,2.285935141023711092e-01,3.699902266537856699e-01,1.996159986674205800e-01,2.018002605764226409e-01
7.467582395271672446e-01,1.580000000000000000e+02,3.000000000000000000e+00,2.510062532859058115e-01,3.674282405812641095e-01,1.792830659386920877e-01,2.022824401941381300e-01
7.467582395271672446e-01,1.590000000000000000e+02,3.000000000000000000e+00,2.424839744207017145e-01,3.726262213043626814e-01,1.908721337637309667e-01,1.940176705112047206e-01
7.467582395271672446e-01,1.600000000000000000e+02,3.000000000000000000e+00,2.252201077770268900e-01,3.806226585114268479e-01,2.144178119828957785e-01,1.797394217286505946e-01
7.467582395271672446e-01,1.610000000000000000e+02,3.000000000000000000e+00,2.517362056159463957e-01,3.758926542224888534e-01,1.870943794155569273e-01,1.852767607460076849e-01
7.467582395271672446e-01,1.620000000000000000e+02,3.000000000000000000e+00,2.317163650290832433e-01,3.681795534021252148e-01,1.950030353220475743e-01,2.051010462467439954e-01
7.467582395271672446e-01,1.630000000000000000e+02,3.000000000000000000e+00,2.197137524362134664e-01,3.701735674834171208e-01,2.078893841707087076e-01,2.022232959096609273e-01
7.467582395271672446e-01,1.640000000000000000e+02,3.000000000000000000e+00,2.146180603462388148e-01,3.795126598854719480e-01,2.236995009972374826e-01,1.821697787710520600e-01
7.467582395271672446e-01,1.650000000000000000e+02,3.000000000000000000e+00,2.249522608790335831e-01,3.783658025073815545e-01,2.121349065317736926e-01,1.845470300818111975e-01
7.467582395271672446e-01,1.660000000000000000e+02,3.000000000000000000e+00,2.220668907364122535e-01,3.720530419582215864e-01,2.077804358427469689e-01,1.980996314626191079e-01
7.467582395271672446e-01,1.670000000000000000e+02,3.000000000000000000e+00,2.028386718046006343e-01,3.751725564965489590e-01,2.313077118478807093e-01,1.906810598509695587e-01
7.467582395271672446e-01,1.680000000000000000e+02,3.000000000000000000e+00,2.440755784016023500e-01,3.824174113439812728e-01,1.997237596878062016e-01,1.737832505666102034e-01
7.467582395271672446e-01,1.690000000000000000e+02,3.000000000000000000e+00,2.506345224556728590e-01,3.780897873774844986e-01,1.901199748522723054e-01,1.811557153145703092e-01
7.467582395271672446e-01,1.700000000000000000e+02,3.000000000000000000e+00,2.931533120598328046e-01,3.554848856352517683e-01,1.436898927585894270e-01,2.076719095463261666e-01
7.467582395271672446e-01,1.710000000000000000e+02,3.000000000000000000e+00,2.509249619136225129e-01,3.670122033918798432e-01,1.789352434439882844e-01,2.031275912505093872e-01
7.467582395271672446e-01,1.720000000000000000e+02,3.000000000000000000e+00,2.585087650971067408e-01,3.714239307701647230e-01,1.778866006044813042e-01,1.921807035282474263e-01
7.467582395271672446e-01,1.730000000000000000e+02,3.000000000000000000e+00,1.818231801698481920e-01,3.766233097012835485e-01,2.600422331150623045e-01,1.815112770138057330e-01
7.467582395271672446e-01,1.740000000000000000e+02,3.000000000000000000e+00,2.202951577243851544e-01,3.585058263839220882e-01,1.944760972489166517e-01,2.267229186427761611e-01
7.467582395271672446e-01,1.750000000000000000e+02,3.000000000000000000e+00,2.555602986310696045e-01,3.655462821613382207e-01,1.742890492221019494e-01,2.046043699854901976e-01
7.467582395271672446e-01,1.760000000000000000e+02,3.000000000000000000e+00,1.926529085900744453e-01,3.728817253011042498e-01,2.405721634849163904e-01,1.938932026239050810e-01
7.467582395271672446e-01,1.770000000000000000e+02,3.000000000000000000e+00,1.921286336177190357e-01,3.734128362827894843e-01,2.419163031128359065e-01,1.925422269866555736e-01
7.467582395271672446e-01,1.780000000000000000e+02,3.000000000000000000e+00,2.399926475201795140e-01,3.816642316769186527e-01,2.023222895183130476e-01,1.760208312845886469e-01
7.467582395271672446e-01,1.790000000000000000e+02,3.000000000000000000e+00,2.293466170795369907e-01,3.854565811077613202e-01,2.159421080796641301e-01,1.692546937330378087e-01
7.467582395271672446e-01,1.800000000000000000e+02,3.000000000000000000e+00,2.317537345294957141e-01,3.808057760573554940e-01,2.085734661019218450e-01,1.788670233112271690e-01
7.467582395271672446e-01,1.810000000000000000e+02,3.000000000000000000e+00,2.547639689279161956e-01,3.624967483249859068e-01,1.719289336703234417e-01,2.108103490767742894e-01
7.467582395271672446e-01,1.820000000000000000e+02,3.000000000000000000e+00,2.057211136993463696e-01,3.765771559360017728e-01,2.297776697503499388e-01,1.879240606143018355e-01
7.467582395271672446e-01,1.830000000000000000e+02,3.000000000000000000e+00,1.928149959899933541e-01,3.756485716923460561e-01,2.439503364178566280e-01,1.875860958998041006e-01
7.467582395271672446e-01,1.840000000000000000e+02,3.000000000000000000e+00,2.026425597836728765e-01,3.817419642733521634e-01,2.397109594398550703e-01,1.759045165031199454e-01
7.467582395271672446e-01,1.850000000000000000e+02,3.000000000000000000e+00,2.258019552058829205e-01,3.835671932370841586e-01,2.171870649416791366e-01,1.734437866153540064e-01
7.467582395271672446e-01,1.860000000000000000e+02,3.000000000000000000e+00,2.179817357196927874e-01,3.704349538946191678e-01,2.098372364605894935e-01,2.017460739250984403e-01
7.467582395271672446e-01,1.870000000000000000e+02,3.000000000000000000e+00,2.043804919079538762e-01,3.752104857255486592e-01,2.296091753248250822e-01,1.907998470416724102e-01
7.467582395271672446e-01,1.880000000000000000e+02,3.000000000000000000e+00,2.117703922915898374e-01,3.768048505978631169e-01,2.234840194887126874e-01,1.879407376218341919e-01
7.467582395271672446e-01,1.890000000000000000e+02,3.000000000000000000e+00,2.389719388811513689e-01,3.668627145672722634e-01,1.877322946643859847e-01,2.064330518871905218e-01
7.467582395271672446e-01,1.900000000000000000e+02,3.000000000000000000e+00,2.751739165928284714e-01,3.622637833563501775e-01,1.589722484802747748e-01,2.035900515705467984e-01
7.467582395271672446e-01,1.910000000000000000e+02,3.000000000000000000e+00,2.296571369086475023e-01,3.725158712394343041e-01,2.014133999828240651e-01,1.964135918690940730e-01
7.467582395271672446e-01,1.920000000000000000e+02,3.000000000000000000e+00,1.991555329237602590e-01,3.723146711663155028e-01,2.320099812286691709e-01,1.965198146812551228e-01
7.467582395271672446e-01,1.930000000000000000e+02,3.000000000000000000e+00,1.881172390051452925e-01,3.800995798785662960e-01,2.560029256009351828e-01,1.757802555153533119e-01
7.467582395271672446e-01,1.940000000000000000e+02,3.000000000000000000e+00,2.410949090050953370e-01,3.753202734915678795e-01,1.947577522825366947e-01,1.888270652208000888e-01
7.467582395271672446e-01,1.950000000000000000e+02,3.000000000000000000e+00,2.653851394141613085e-01,3.659947904368202054e-01,1.682487910747274551e-01,2.003712790742911976e-01
7.467582395271672446e-01,1.960000000000000000e+02,3.000000000000000000e+00,2.176388862272658209e-01,3.667792660375303604e-01,2.060401250392846217e-01,2.095417226959192802e-01
7.467582395271672446e-01,1.970000000000000000e+02,3.000000000000000000e+00,2.379627855662920788e-01,3.655068944218534122e-01,1.871375105312993448e-01,2.093928094805553031e-01
7.467582395271672446e-01,1.980000000000000000e+02,3.000000000000000000e+00,2.154497500038960733e-01,3.863248408817070989e-01,2.309074895338355249e-01,1.673179195805612196e-01
7.467582395271672446e-01,1.990000000000000000e+02,3.000000000000000000e+00,2.497748351472332262e-01,3.694769806527229417e-01,1.821817360047273682e-01,1.985664481953164917e-01
7.467582395271672446e-01,2.000000000000000000e+02,3.000000000000000000e+00,2.515191484320546400e-01,3.730246413850771270e-01,1.844092639306607606e-01,1.910469462522074169e-01
7.467582395271672446e-01,2.010000000000000000e+02,3.000000000000000000e+00,2.169510613080405381e-01,3.693382531361349974e-01,2.095875822673318178e-01,2.041231032884927576e-01
7.467582395271672446e-01,2.020000000000000000e+02,3.000000000000000000e+00,1.954608256088279927e-01,3.804588539362292465e-01,2.468507250111799944e-01,1.772295954437627663e-01
7.467582395271672446e-01,2.030000000000000000e+02,3.000000000000000000e+00,2.336031507626156745e-01,3.805118616518060604e-01,2.066029166488084767e-01,1.792820709367697052e-01
7.467582395271672446e-01,2.040000000000000000e+02,3.000000000000000000e+00,2.147459280817679284e-01,3.770724127500933998e-01,2.207005052082417484e-01,1.874811539598968957e-01
7.467582395271672446e-01,2.050000000000000000e+02,3.000000000000000000e+00,2.377360584109664832e-01,3.690334484063497178e-01,1.909480159817437128e-01,2.022824772009402250e-01
7.467582395271672446e-01,2.060000000000000000e+02,3.000000000000000000e+00,2.107464738614570898e-01,3.798944551535708425e-01,2.282676342686253135e-01,1.810914367163465877e-01
7.467582395271672446e-01,2.070000000000000000e+02,3.000000000000000000e+00,2.050738548190935151e-01,3.798856418268196644e-01,2.345709402977134983e-01,1.804695630563734055e-01
7.467582395271672446e-01,2.080000000000000000e+02,3.000000000000000000e+00,2.579804908958863163e-01,3.703583857340811414e-01,1.772295951620498633e-01,1.944315282079825125e-01
7.467582395271672446e-01,2.090000000000000000e+02,3.000000000000000000e+00,2.189098403100337709e-01,3.848019658242810559e-01,2.254696160034371788e-01,1.708185778622478002e-01
7.467582395271672446e-01,2.100000000000000000e+02,3.000000000000000000e+00,2.209688977245752584e-01,3.751914574525944124e-01,2.123505935223846675e-01,1.914890513004454675e-01
7.467582395271672446e-01,2.110000000000000000e+02,3.000000000000000000e+00,1.957990948604981796e-01,3.829377483935781368e-01,2.496458921311179024e-01,1.716172646148058645e-01
7.467582395271672446e-01,2.120000000000000000e+02,3.000000000000000000e+00,1.928563529607954519e-01,3.834651498899291355e-01,2.541537936096195938e-01,1.695247035396556246e-01
7.467582395271672446e-01,2.130000000000000000e+02,3.000000000000000000e+00,2.409272334724095743e-01,3.818541843600867236e-01,2.017381154353190542e-01,1.754804667321845368e-01
7.467582395271672446e-01,2.140000000000000000e+02,3.000000000000000000e+00,2.183619013507594742e-01,3.840816552347229296e-01,2.251899514449975104e-01,1.723664919695199194e-01
7.467582395271672446e-01,2.150000000000000000e+02,3.000000000000000000e+00,2.066445160003717307e-01,3.738078240885376879e-01,2.253988186320186604e-01,1.941488412790719487e-01
7.467582395271672446e-01,2.160000000000000000e+02,3.000000000000000000e+00,2.044502189874529419e-01,3.766872664158294470e-01,2.313412320817617163e-01,1.875212825149559781e-01
7.467582395271672446e-01,2.170000000000000000e+02,3.000000000000000000e+00,2.297994161122367540e-01,3.832568690402425871e-01,2.130638248949958402e-01,1.738798899525247910e-01
7.467582395271672446e-01,2.180000000000000000e+02,3.000000000000000000e+00,2.051480973568504396e-01,3.726491240464948618e-01,2.256375945667246641e-01,1.965651840299301456e-01
7.467582395271672446e-01,2.190000000000000000e+02,3.000000000000000000e+00,2.220188799703339266e-01,3.796042551676289678e-01,2.163470520474427838e-01,1.820298128145945160e-01
7.467582395271672446e-01,2.200000000000000000e+02,3.000000000000000000e+00,2.357401264209175173e-01,3.714745544602407468e-01,1.951207129456402067e-01,1.976646061732015291e-01
7.467582395271672446e-01,2.210000000000000000e+02,3.000000000000000000e+00,2.308463232816584387e-01,3.844164492465195759e-01,2.133829472215572065e-01,1.713542802502648066e-01
7.467582395271672446e-01,2.220000000000000000e+02,3.000000000000000000e+00,2.144566538804573708e-01,3.797356383910264754e-01,2.241310034064351031e-01,1.816767043220812450e-01
7.467582395271672446e-01,2.230000000000000000e+02,3.000000000000000000e+00,1.904945025403633752e-01,3.777805510963256341e-01,2.497327444858998824e-01,1.819922018774111083e-01
7.467582395271672446e-01,2.240000000000000000e+02,3.000000000000000000e+00,2.450278333486178572e-01,3.746752070373068344e-01,1.909735570988764508e-01,1.893234025151986910e-01
7.467582395271672446e-01,2.250000000000000000e+02,3.000000000000000000e+00,1.945932029731839152e-01,3.775700823642999526e-01,2.442003196384849029e-01,1.836363950240311738e-01
7.467582395271672446e-01,2.260000000000000000e+02,3.000000000000000000e+00,2.379009146247282602e-01,3.772059206248645769e-01,1.993607391532379869e-01,1.855324255971692593e-01
7.467582395271672446e-01,2.270000000000000000e+02,3.000000000000000000e+00,2.220311535942240677e-01,3.790320206717318063e-01,2.156833554944178888e-01,1.832534702396260706e-01
7.467582395271672446e-01,2.280000000000000000e+02,3.000000000000000000e+00,2.769338162552671956e-01,3.566422616749680974e-01,1.530975938975422668e-01,2.133263281722223015e-01
7.467582395271672446e-01,2.290000000000000000e+02,3.000000000000000000e+00,1.976079812042781381e-01,3.792770332392601529e-01,2.426539438776820212e-01,1.804610416787795213e-01
7.467582395271672446e-01,2.300000000000000000e+02,3.000000000000000000e+00,2.258798475714101084e-01,3.847310760202097835e-01,2.184317642721886055e-01,1.709573121361915582e-01
7.467582395271672446e-01,2.310000000000000000e+02,3.000000000000000000e+00,2.326072612773457948e-01,3.738174451569542533e-01,2.002509602613769535e-01,1.933243333043231371e-01
7.467582395271672446e-01,2.320000000000000000e+02,3.000000000000000000e+00,2.106919983795750573e-01,3.687757803437857751e-01,2.151570020284039875e-01,2.053752192482350969e-01
7.467582395271672446e-01,2.330000000000000000e+02,3.000000000000000000e+00,2.512362821596859086e-01,3.736214327852392381e-01,1.852080888908256562e-01,1.899341961642492249e-01
7.467582395271672446e-01,2.340000000000000000e+02,3.000000000000000000e+00,2.416228668739940078e-01,3.740227993032926301e-01,1.929909148756537296e-01,1.913634189470595215e-01
7.467582395271672446e-01,2.350000000000000000e+02,3.000000000000000000e+00,2.431253612335796954e-01,3.709312354606711382e-01,1.886406539987848796e-01,1.973027493069641480e-01
7.467582395271672446e-01,2.360000000000000000e+02,3.000000000000000000e+00,2.293983637095834971e-01,3.720687894262705853e-01,2.011568897390339228e-01,1.973759571251122169e-01
7.467582395271672446e-01,2.370000000000000000e+02,3.000000000000000000e+00,2.462812173835902951e-01,3.723572895513321823e-01,1.876580392595986468e-01,1.937034538054788202e-01
7.467582395271672446e-01,2.380000000000000000e+02,3.000000000000000000e+00,2.463006202344532325e-01,3.748947598319181118e-01,1.902094018489085547e-01,1.885952180847201565e-01
7.467582395271672446e-01,2.390000000000000000e+02,3.000000000000000000e+00,2.061235141605425869e-01,3.946643799151305365e-01,2.518877631989111521e-01,1.473243427254156968e-01
7.467582395271672446e-01,2.400000000000000000e+02,3.000000000000000000e+00,2.199076398395760912e-01,3.858133611510686234e-01,2.256279799271992403e-01,1.686510190821557675e-01
7.467582395271672446e-01,2.410000000000000000e+02,3.000000000000000000e+00,1.981151083414216807e-01,3.882689078658403958e-01,2.536450418099574500e-01,1.599709419827805845e-01
7.467582395271672446e-01,2.420000000000000000e+02,3.000000000000000000e+00,2.398860563797723944e-01,3.872329882672219670e-01,2.083619607649226102e-01,1.645189945880830562e-01
7.467582395271672446e-01,2.430000000000000000e+02,3.000000000000000000e+00,2.266498521611063632e-01,3.738455323678764319e-01,2.055453683862350500e-01,1.939592470847821826e-01
7.467582395271672446e-01,2.440000000000000000e+02,3.000000000000000000e+00,2.216524021149116619e-01,3.788607993451669209e-01,2.158567557594759101e-01,1.836300427804453128e-01
7.467582395271672446e-01,2.450000000000000000e+02,3.000000000000000000e+00,2.517826738081351823e-01,3.731810853009582263e-01,1.843708045514996507e-01,1.906654363394069684e-01
7.467582395271672446e-01,2.460000000000000000e+02,3.000000000000000000e+00,2.344772486055266558e-01,3.780329484341230506e-01,2.031595971488324714e-01,1.843302058115179054e-01
7.467582395271672446e-01,2.470000000000000000e+02,3.000000000000000000e+00,2.064127842878812624e-01,3.780104464452772595e-01,2.307542757339880457e-01,1.848224935328532104e-01
7.467582395271672446e-01,2.480000000000000000e+02,3.000000000000000000e+00,2.248760796350557922e-01,3.697143030554654319e-01,2.026133179743797585e-01,2.027962993350990173e-01
7.467582395271672446e-01,2.490000000000000000e+02,3.000000000000000000e+00,2.836484756931683671e-01,3.647881264637233834e-01,1.563794492269837411e-01,1.951839486161245918e-01
7.467582395271672446e-01,2.500000000000000000e+02,3.000000000000000000e+00,2.782810873510417893e-01,3.572182368999219926e-01,1.528488934079324790e-01,2.116517823411037669e-01
7.467582395271672446e-01,2.510000000000000000e+02,3.000000000000000000e+00,2.202876514765721438e-01,3.789266270661961755e-01,2.172695378630647989e-01,1.835161835941670483e-01
7.467582395271672446e-01,2.520000000000000000e+02,3.000000000000000000e+00,2.924943298490351173e-01,3.570253709991110247e-01,1.452644860988614173e-01,2.052158130529924407e-01
7.467582395271672446e-01,2.530000000000000000e+02,3.000000000000000000e+00,2.286415202760747611e-01,3.724764793234378590e-01,2.022652862607259017e-01,1.966167141397614226e-01
7.467582395271672446e-01,2.540000000000000000e+02,3.000000000000000000e+00,1.895257037608075179e-01,3.738885186536202720e-01,2.458639674497221650e-01,1.907218101358497675e-01
7.467582395271672446e-01,2.550000000000000000e+02,3.000000000000000000e+00,2.512752055786042771e-01,3.692641074605556017e-01,1.808853109145908966e-01,1.985753760462492246e-01
7.467582395271672446e-01,2.560000000000000000e+02,3.000000000000000000e+00,2.292704885512513724e-01,3.765535118597796438e-01,2.061503106220562986e-01,1.880256889669126019e-01
7.467582395271672446e-01,2.570000000000000000e+02,3.000000000000000000e+00,2.049219091332837861e-01,3.825513108086339709e-01,2.380508523472374960e-01,1.744759277108447471e-01
7.467582395271672446e-01,2.580000000000000000e+02,3.000000000000000000e+00,2.227043326217424679e-01,3.811631762384681821e-01,2.174562796778647111e-01,1.786762114619246944e-01
7.467582395271672446e-01,2.590000000000000000e+02,3.000000000000000000e+00,2.460447278105203639e-01,3.653554562027656605e-01,1.808405739408592283e-01,2.077592420458547473e-01
7.467582395271672446e-01,2.600000000000000000e+02,3.000000000000000000e+00,2.505260061765098301e-01,3.648836389959186355e-01,1.771473708975600803e-01,2.074429839300116485e-01
7.467582395271672446e-01,2.610000000000000000e+02,3.000000000000000000e+00,1.910919021471461920e-01,3.817840848006268661e-01,2.542565222444880813e-01,1.728674908077389993e-01
7.467582395271672446e-01,2.620000000000000000e+02,3.000000000000000000e+00,2.111151630179561589e-01,3.774616636921515056e-01,2.249598521181361832e-01,1.864633211717560690e-01
7.467582395271672446e-01,2.630000000000000000e+02,3.000000000000000000e+00,2.148106719951939358e-01,3.791420843851020517e-01,2.230626607401454964e-01,1.829845828795584328e-01
7.467582395271672446e-01,2.640000000000000000e+02,3.000000000000000000e+00,2.352191212880057891e-01,3.776653519676899662e-01,2.021251748807154081e-01,1.849903518635886701e-01
7.467582395271672446e-01,2.650000000000000000e+02,3.000000000000000000e+00,2.628037100621263833e-01,3.797772886316211904e-01,1.829385500002894960e-01,1.744804513059630136e-01
7.467582395271672446e-01,2.660000000000000000e+02,3.000000000000000000e+00,2.322536108280091882e-01,3.728897455775233016e-01,1.995616800978226302e-01,1.952949634966448522e-01
7.467582395271672446e-01,2.670000000000000000e+02,3.000000000000000000e+00,2.674368393309186076e-01,3.658754207226334043e-01,1.668491444233723420e-01,1.998385955230758682e-01
7.467582395271672446e-01,2.680000000000000000e+02,3.000000000000000000e+00,2.469702277742600871e-01,3.762508764928233496e-01,1.910685393639339757e-01,1.857103563689825043e-01
7.467582395271672446e-01,2.690000000000000000e+02,3.000000000000000000e+00,2.524518364107513069e-01,3.700426219111729309e-01,1.808021997089655497e-01,1.967033419691101848e-01
7.467582395271672446e-01,2.700000000000000000e+02,3.000000000000000000e+00,2.201613761602021491e-01,3.827155456325728733e-01,2.217633740961858224e-01,1.753597041110390442e-01
7.467582395271672446e-01,2.710000000000000000e+02,3.000000000000000000e+00,2.468983814633400609e-01,3.685360161417323144e-01,1.833666606596552340e-01,2.011989417352725296e-01
7.467582395271672446e-01,2.720000000000000000e+02,3.000000000000000000e+00,2.335376878177436999e-01,3.713748934281237424e-01,1.968551810737924901e-01,1.982322376803399566e-01
7.467582395271672446e-01,2.730000000000000000e+02,3.000000000000000000e+00,2.241917146254072679e-01,3.870323787335499532e-01,2.227172139083951063e-01,1.660586927326475060e-01
7.467582395271672446e-01,2.740000000000000000e+02,3.000000000000000000e+00,2.359037912120460767e-01,3.747513461650495703e-01,1.984404613012785978e-01,1.909044013216255053e-01
7.467582395271672446e-01,2.750000000000000000e+02,3.000000000000000000e+00,2.168031964566737024e-01,3.830640709961112833e-01,2.256087316151696165e-01,1.745240009320453978e-01
7.467582395271672446e-01,2.760000000000000000e+02,3.000000000000000000e+00,2.283778918096881494e-01,3.743069066973799264e-01,2.044939045123128629e-01,1.928212969806192001e-01
7.467582395271672446e-01,2.770000000000000000e+02,3.000000000000000000e+00,2.235332092564105699e-01,3.751553269820631642e-01,2.098741388079789494e-01,1.914373249535471500e-01
7.467582395271672446e-01,2.780000000000000000e+02,3.000000000000000000e+00,2.424697039854930292e-01,3.735666161775742511e-01,1.918480459325240250e-01,1.921156339044088335e-01
7.467582395271672446e-01,2.790000000000000000e+02,3.000000000000000000e+00,2.508310113948544751e-01,3.639382296341595047e-01,1.760162938023423496e-01,2.092144651686438372e-01
7.467582395271672446e-01,2.800000000000000000e+02,3.000000000000000000e+00,2.234293668463920302e-01,3.739666524877590659e-01,2.086432044077835835e-01,1.939607762580652650e-01
7.467582395271672446e-01,2.810000000000000000e+02,3.000000000000000000e+00,2.406858868453319866e-01,3.715556080697611785e-01,1.911946613593301647e-01,1.965638437255766979e-01
7.467582395271672446e-01,2.820000000000000000e+02,3.000000000000000000e+00,2.123720278558167973e-01,3.843604311313527644e-01,2.318775884486663219e-01,1.713899525641640054e-01
7.467582395271672446e-01,2.830000000000000000e+02,3.000000000000000000e+00,2.284234906312883062e-01,3.727076949051950638e-01,2.027097788959723312e-01,1.961590355675442154e-01
7.467582395271672446e-01,2.840000000000000000e+02,3.000000000000000000e+00,2.115954326891252291e-01,3.870907405308489646e-01,2.360467481117830002e-01,1.652670786682427229e-01
7.467582395271672446e-01,2.850000000000000000e+02,3.000000000000000000e+00,2.953853378587767420e-01,3.463566340896955809e-01,1.353744895256077940e-01,2.228835385259198554e-01
7.467582395271672446e-01,2.860000000000000000e+02,3.000000000000000000e+00,2.862280405834057295e-01,3.610892564176768071e-01,1.518433237527578306e-01,2.008393792461597438e-01
7.467582395271672446e-01,2.870000000000000000e+02,3.000000000000000000e+00,2.190115365485021670e-01,3.740563443311771263e-01,2.129540007183106654e-01,1.939781184020099580e-01
7.467582395271672446e-01,2.880000000000000000e+02,3.000000000000000000e+00,2.488927069427314953e-01,3.745568178296370121e-01,1.878892736632687410e-01,1.886612015643629459e-01
7.467582395271672446e-01,2.890000000000000000e+02,3.000000000000000000e+00,2.143198370034240796e-01,3.782784444076385810e-01,2.225561315340379709e-01,1.848455870548995905e-01
7.467582395271672446e-01,2.900000000000000000e+02,3.000000000000000000e+00,2.354534640072360463e-01,3.856844637555066901e-01,2.105900999865252532e-01,1.682719722507320936e-01
7.467582395271672446e-01,2.910000000000000000e+02,3.000000000000000000e+00,2.097664612402109219e-01,3.722620783820015378e-01,2.202116489960005974e-01,1.977598113817869985e-01
7.467582395271672446e-01,2.920000000000000000e+02,3.000000000000000000e+00,2.234513471849159383e-01,3.740493511887089673e-01,2.087149602323497555e-01,1.937843413940253945e-01
7.467582395271672446e-01,2.930000000000000000e+02,3.000000000000000000e+00,2.038947677062311059e-01,3.717281072579707857e-01,2.259037628088032545e-01,1.984733622269949371e-01
7.467582395271672446e-01,2.940000000000000000e+02,3.000000000000000000e+00,2.595935420146860961e-01,3.736095324806655849e-01,1.792341489919457298e-01,1.875627765127026447e-01
7.467582395271672446e-01,2.950000000000000000e+02,3.000000000000000000e+00,2.507463220873075160e-01,3.618576920299678701e-01,1.740683415164412384e-01,2.133276443662835420e-01
7.467582395271672446e-01,2.960000000000000000e+02,3.000000000000000000e+00,2.235076167135524317e-01,3.728292654259187655e-01,2.073033918663196584e-01,1.963597259942091999e-01
7.467582395271672446e-01,2.970000000000000000e+02,3.000000000000000000e+00,2.821625927443972004e-01,3.642009638719835851e-01,1.566972914389100080e-01,1.969391519447093453e-01
7.467582395271672446e-01,2.980000000000000000e+02,3.000000000000000000e+00,2.388621368525497279e-01,3.825176161019943066e-01,2.041899266753975928e-01,1.744303203700584559e-01
7.467582395271672446e-01,2.990000000000000000e+02,3.000000000000000000e+00,2.161390995775850088e-01,3.857309226108228128e-01,2.294638729549374201e-01,1.686661048566545917e-01
1.000000000000000000e+01,0.000000000000000000e+00,0.000000000000000000e+00,5.665498171314377052e-01,3.544114873232775409e-01,7.390200505383928697e-02,5.136690491445571050e-03
1.000000000000000000e+01,1.000000000000000000e+00,0.000000000000000000e+00,5.540449020670631386e-01,3.615890515047164855e-01,7.866188082126152059e-02,5.704165606958962881e-03
1.000000000000000000e+01,2.000000000000000000e+00,0.000000000000000000e+00,6.522705336000281795e-01,2.995381939504697666e-01,4.585169548178476273e-02,2.339576967717134619e-03
1.000000000000000000e+01,3.000000000000000000e+00,0.000000000000000000e+00,5.982270517686341105e-01,3.352486290642278099e-01,6.262485286434464615e-02,3.899466302793295949e-03
1.000000000000000000e+01,4.000000000000000000e+00,0.000000000000000000e+00,5.912405291779073702e-01,3.395925226161972676e-01,6.501757785853183591e-02,4.149370347363691078e-03
1.000000000000000000e+01,5.000000000000000000e+00,0.000000000000000000e+00,6.518232600134749033e-01,2.998484171476777371e-01,4.597824736729456269e-02,2.350075471552868014e-03
1.000000000000000000e+01,6.000000000000000000e+00,0.000000000000000000e+00,6.259536309483170191e-01,3.173825909634095943e-01,5.364173109438306886e-02,3.022046993890135144e-03
1.000000000000000000e+01,7.000000000000000000e+00,0.000000000000000000e+00,6.576923304043953422e-01,2.957590179366774708e-01,4.433349386791193142e-02,2.215157791015063063e-03
1.000000000000000000e+01,8.000000000000000000e+00,0.000000000000000000e+00,6.976781025795288915e-01,2.668532814748496573e-01,3.402269784618807552e-02,1.445918099433360230e-03
1.000000000000000000e+01,9.000000000000000000e+00,0.000000000000000000e+00,5.690097408419365621e-01,3.529731575002846844e-01,7.298647748476787267e-02,5.030624173010690876e-03
1.000000000000000000e+01,1.000000000000000000e+01,0.000000000000000000e+00,5.943289312378063904e-01,3.376803245430061162e-01,6.395336296685871780e-02,4.037381252328861407e-03
1.000000000000000000e+01,1.100000000000000000e+01,0.000000000000000000e+00,6.138088866151852896e-01,3.253294801302678563e-01,5.747677762561952813e-02,3.384855628927433118e-03
1.000000000000000000e+01,1.200000000000000000e+01,0.000000000000000000e+00,5.987280982870956114e-01,3.349346087944517492e-01,6.245527949956594660e-02,3.882013418886715375e-03
1.000000000000000000e+01,1.300000000000000000e+01,0.000000000000000000e+00,6.117866163990097750e-01,3.266345741387313151e-01,5.813036885898280326e-02,3.448440603276101482e-03
1.000000000000000000e+01,1.400000000000000000e+01,0.000000000000000000e+00,5.841233542190427119e-01,3.439502136093188778e-01,6.750957001771330790e-02,4.416862153925267195e-03
1.000000000000000000e+01,1.500000000000000000e+01,0.000000000000000000e+00,6.409070153902646227e-01,3.073460933257734506e-01,4.912913460366007123e-02,2.617756680301732645e-03
1.000000000000000000e+01,1.600000000000000000e+01,0.000000000000000000e+00,6.724573307714899473e-01,2.852946856992111813e-01,4.034608292287825138e-02,1.901900606420664540e-03
1.000000000000000000e+01,1.700000000000000000e+01,0.000000000000000000e+00,6.158035573488792602e-01,3.240370776554429288e-01,5.683632193114710601e-02,3.323043064530542719e-03
1.000000000000000000e+01,1.800000000000000000e+01,0.000000000000000000e+00,6.240699015401885985e-01,3.186273595354368049e-01,5.422650785003803320e-02,3.076231074336645797e-03
1.000000000000000000e+01,1.900000000000000000e+01,0.000000000000000000e+00,6.762825139833474886e-01,2.825431516228075757e-01,3.934777299836882819e-02,1.826561395476159833e-03
1.000000000000000000e+01,2.000000000000000000e+01,0.000000000000000000e+00,6.870769657849628009e-01,2.746902627742400238e-01,3.660664147806521468e-02,1.626129962731817907e-03
1.000000000000000000e+01,2.100000000000000000e+01,0.000000000000000000e+00,6.166912919735334508e-01,3.234602604501986001e-01,5.655262822326375532e-02,3.295819353004259683e-03
1.000000000000000000e+01,2.200000000000000000e+01,0.000000000000000000e+00,6.111154510376329840e-01,3.270665588763133624e-01,5.834824050216195351e-02,3.469749583891900378e-03
1.000000000000000000e+01,2.300000000000000000e+01,0.000000000000000000e+00,6.016743607928161097e-01,3.330814044543926600e-01,6.146360291809824933e-02,3.780631834693060772e-03
1.000000000000000000e+01,2.400000000000000000e+01,0.000000000000000000e+00,5.154861376438576448e-01,3.822470707258588951e-01,9.448221940964986187e-02,7.784572220633558318e-03
1.000000000000000000e+01,2.500000000000000000e+01,0.000000000000000000e+00,5.586593872925877946e-01,3.589667420046576685e-01,7.688472606413147836e-02,5.489144638623038620e-03
1.000000000000000000e+01,2.600000000000000000e+01,0.000000000000000000e+00,6.240398338397455946e-01,3.186471923557260832e-01,5.423587175593758136e-02,3.077102048590771993e-03
1.000000000000000000e+01,2.700000000000000000e+01,0.000000000000000000e+00,6.510722045167317562e-01,3.003688086260511980e-01,4.619120100122720701e-02,2.367785855989755495e-03
1.000000000000000000e+01,2.800000000000000000e+01,0.000000000000000000e+00,5.996614270652477208e-01,3.343487807702014147e-01,6.214012449748396866e-02,3.849667667066857674e-03
1.000000000000000000e+01,2.900000000000000000e+01,0.000000000000000000e+00,6.181803023806058395e-01,3.224905100581555439e-01,5.607863847978004218e-02,3.250549081458505452e-03
1.000000000000000000e+01,3.000000000000000000e+01,0.000000000000000000e+00,6.347390241931105681e-01,3.115191350961011851e-01,5.096276728554537117e-02,2.779073425242868656e-03
1.000000000000000000e+01,3.100000000000000000e+01,0.000000000000000000e+00,6.330772113032735460e-01,3.126355321318882163e-01,5.146343089819756245e-02,2.823825666640548612e-03
1.000000000000000000e+01,3.200000000000000000e+01,0.000000000000000000e+00,6.367929829475293957e-01,3.101346341806766049e-01,5.034785971477297867e-02,2.724523157020989923e-03
1.000000000000000000e+01,3.300000000000000000e+01,0.000000000000000000e+00,5.801863033914714807e-01,3.463311448089552713e-01,6.891192315499526655e-02,4.570628644578062123e-03
1.000000000000000000e+01,3.400000000000000000e+01,0.000000000000000000e+00,6.225624034637007309e-01,3.196203199344117563e-01,5.469714004926101020e-02,3.120136552626363857e-03
1.000000000000000000e+01,3.500000000000000000e+01,0.000000000000000000e+00,5.109067720905047238e-01,3.845456404172714615e-01,9.647901707445888375e-02,8.068570417764870176e-03
1.000000000000000000e+01,3.600000000000000000e+01,0.000000000000000000e+00,5.831507261950757970e-01,3.445403860262726825e-01,6.785442840691512101e-02,4.454459371736350058e-03
1.000000000000000000e+01,3.700000000000000000e+01,0.000000000000000000e+00,5.915259788343695257e-01,3.394163212646895134e-01,6.491878252913979575e-02,4.138917371801106165e-03
1.000000000000000000e+01,3.800000000000000000e+01,0.000000000000000000e+00,5.640501908240351803e-01,3.558642163469906694e-01,7.483928589832709866e-02,5.246306930647093303e-03
1.000000000000000000e+01,3.900000000000000000e+01,0.000000000000000000e+00,6.522022404516084615e-01,2.995855764548632783e-01,4.587100547096430864e-02,2.341177622564056138e-03
1.000000000000000000e+01,4.000000000000000000e+01,0.000000000000000000e+00,6.352602999041562226e-01,3.111682489145560782e-01,5.080630157808776332e-02,2.765149603200034358e-03
1.000000000000000000e+01,4.100000000000000000e+01,0.000000000000000000e+00,6.086463729360531705e-01,3.286507509272215133e-01,5.915384306763115524e-02,3.549033069094082067e-03
1.000000000000000000e+01,4.200000000000000000e+01,0.000000000000000000e+00,6.174236100329543175e-01,3.229836737246505329e-01,5.631922276026105068e-02,3.273493482133888518e-03
1.000000000000000000e+01,4.300000000000000000e+01,0.000000000000000000e+00,5.633387052440139708e-01,3.562760846599289377e-01,7.510735981687789720e-02,5.277850279179321751e-03
1.000000000000000000e+01,4.400000000000000000e+01,0.000000000000000000e+00,6.015891830883479674e-01,3.331351416670393917e-01,6.149214210922198526e-02,3.783533135390496939e-03
1.000000000000000000e+01,4.500000000000000000e+01,0.000000000000000000e+00,6.186061154556011799e-01,3.222126735358419869e-01,5.594351795819287043e-02,3.237693050364049991e-03
1.000000000000000000e+01,4.600000000000000000e+01,0.000000000000000000e+00,6.615768773764167943e-01,2.930302663976451227e-01,4.326367298163562997e-02,2.129183244302292142e-03
1.000000000000000000e+01,4.700000000000000000e+01,0.000000000000000000e+00,5.654437988540047533e-01,3.550553804234399258e-01,7.431585798808565402e-02,5.184962734469529023e-03
1.000000000000000000e+01,4.800000000000000000e+01,0.000000000000000000e+00,5.402700112228141505e-01,3.692300735778002996e-01,8.411278583073976411e-02,6.387129368645659208e-03
1.000000000000000000e+01,4.900000000000000000e+01,0.000000000000000000e+00,5.855210343094137126e-01,3.430998666961934673e-01,6.701582102613178049e-02,4.363277968261160961e-03
1.000000000000000000e+01,5.000000000000000000e+01,0.000000000000000000e+00,5.739706190162424670e-01,3.500465321539651953e-01,7.116077061170356099e-02,4.822078218088822650e-03
1.000000000000000000e+01,5.100000000000000000e+01,0.000000000000000000e+00,6.004425046410766242e-01,3.338576343659614420e-01,6.187709850813188223e-02,3.822762484830190700e-03
1.000000000000000000e+01,5.200000000000000000e+01,0.000000000000000000e+00,5.785839920659334723e-01,3.472940392984719682e-01,6.948754855889846538e-02,4.634420076696197342e-03
1.000000000000000000e+01,5.300000000000000000e+01,0.000000000000000000e+00,6.259217344598657640e-01,3.174037049866976767e-01,5.365160231852298539e-02,3.022958234913670616e-03
1.000000000000000000e+01,5.400000000000000000e+01,0.000000000000000000e+00,5.813287933792524731e-01,3.456424148689283826e-01,6.850321786743975017e-02,4.525573884379361159e-03
1.000000000000000000e+01,5.500000000000000000e+01,0.000000000000000000e+00,6.330395664979496795e-01,3.126607825259567486e-01,5.147480510607242710e-02,2.824845870021204259e-03
1.000000000000000000e+01,5.600000000000000000e+01,0.000000000000000000e+00,5.796386810109181997e-01,3.466606320363747051e-01,6.910833578501593411e-02,4.592351167691265112e-03
1.000000000000000000e+01,5.700000000000000000e+01,0.000000000000000000e+00,5.741600909163865341e-01,3.499340704511515465e-01,7.109158554661958174e-02,4.814253085842195440e-03
1.000000000000000000e+01,5.800000000000000000e+01,0.000000000000000000e+00,6.401881729064056170e-01,3.078348106480048307e-01,4.934084209255718001e-02,2.636174353032504081e-03
1.000000000000000000e+01,5.900000000000000000e+01,0.000000000000000000e+00,6.567635839936607489e-01,2.964088280742640524e-01,4.459148644535009670e-02,2.236101486725012612e-03
1.000000000000000000e+01,6.000000000000000000e+01,0.000000000000000000e+00,5.630439424658435499e-01,3.564465059711313666e-01,7.521858836487729794e-02,5.290963198147776922e-03
1.000000000000000000e+01,6.100000000000000000e+01,0.000000000000000000e+00,5.670403067435908495e-01,3.541253808393947655e-01,7.371891313736479712e-02,5.115399279649502848e-03
1.000000000000000000e+01,6.200000000000000000e+01,0.000000000000000000e+00,6.800949314742782414e-01,2.797844493895664808e-01,3.836686835788868238e-02,1.753750778266631796e-03
1.000000000000000000e+01,6.300000000000000000e+01,0.000000000000000000e+00,5.727987154846175821e-01,3.507410038242456118e-01,7.158957613906820339e-02,4.870704552068461264e-03
1.000000000000000000e+01,6.400000000000000000e+01,0.000000000000000000e+00,5.885177653907190942e-01,3.412677085935593158e-01,6.596439154864361387e-02,4.250134467078109726e-03
1.000000000000000000e+01,6.500000000000000000e+01,0.000000000000000000e+00,6.332925095716003261e-01,3.124910866229007600e-01,5.139840739356418831e-02,2.817996411934768110e-03
1.000000000000000000e+01,6.600000000000000000e+01,0.000000000000000000e+00,5.839712674822590266e-01,3.440425822494629360e-01,6.756342591488564975e-02,4.422724353392516912e-03
1.000000000000000000e+01,6.700000000000000000e+01,0.000000000000000000e+00,6.414521718020151919e-01,3.069750437173154323e-01,4.896892894369112709e-02,2.603855536978091304e-03
1.000000000000000000e+01,6.800000000000000000e+01,0.000000000000000000e+00,5.557001658176230485e-01,3.606519720068264157e-01,7.802159804471529847e-02,5.626264130835347509e-03
1.000000000000000000e+01,6.900000000000000000e+01,0.000000000000000000e+00,5.910034609665205663e-01,3.397387760354240727e-01,6.509969544187749202e-02,4.158067556177649608e-03
1.000000000000000000e+01,7.000000000000000000e+01,0.000000000000000000e+00,5.865155464468060353e-01,3.424931872606276073e-01,6.666579941519190644e-02,4.325466877374306053e-03
1.000000000000000000e+01,7.100000000000000000e+01,0.000000000000000000e+00,6.182106697122679018e-01,3.224707034372159553e-01,5.606899593180830754e-02,3.249630918707845356e-03
1.000000000000000000e+01,7.200000000000000000e+01,0.000000000000000000e+00,5.813473304301384204e-01,3.456312253354843489e-01,6.849659843254077285e-02,4.524845801836627907e-03
1.000000000000000000e+01,7.300000000000000000e+01,0.000000000000000000e+00,6.110733700865071949e-01,3.270936243174175639e-01,5.836191653710243177e-02,3.471089058972664544e-03
1.000000000000000000e+01,7.400000000000000000e+01,0.000000000000000000e+00,6.362091445007708179e-01,3.105287022091823279e-01,5.052220941767271434e-02,2.739943872374298560e-03
1.000000000000000000e+01,7.500000000000000000e+01,0.000000000000000000e+00,6.460782222522292173e-01,3.038120429226198183e-01,4.762155945712568533e-02,2.488175368025335923e-03
1.000000000000000000e+01,7.600000000000000000e+01,0.000000000000000000e+00,6.227046028912375242e-01,3.195267774628531288e-01,5.465264538046576970e-02,3.115974265443415166e-03
1.000000000000000000e+01,7.700000000000000000e+01,0.000000000000000000e+00,5.709545109999324408e-01,3.518299823249013691e-01,7.226748312281047748e-02,4.948023552355881698e-03
1.000000000000000000e+01,7.800000000000000000e+01,0.000000000000000000e+00,5.562738880387242402e-01,3.603262419851852028e-01,7.780040459381760976e-02,5.599465382273010640e-03
1.000000000000000000e+01,7.900000000000000000e+01,0.000000000000000000e+00,6.300915198974365028e-01,3.146327869566857838e-01,5.237005921734724095e-02,2.905633928530597810e-03
1.000000000000000000e+01,8.000000000000000000e+01,0.000000000000000000e+00,5.578627537569996742e-01,3.594216640892200498e-01,7.718979369427220183e-02,5.525788459508171324e-03
1.000000000000000000e+01,8.100000000000000000e+01,0.000000000000000000e+00,5.631312698448682763e-01,3.563960293828699610e-01,7.518562518875723799e-02,5.287075583504420584e-03
1.000000000000000000e+01,8.200000000000000000e+01,0.000000000000000000e+00,6.152667877738123847e-01,3.243853643534830855e-01,5.700825869239325994e-02,3.339589180311442872e-03
1.000000000000000000e+01,8.300000000000000000e+01,0.000000000000000000e+00,6.610477247069858064e-01,2.934030064298074891e-01,4.340852708237144530e-02,2.140741780835349762e-03
1.000000000000000000e+01,8.400000000000000000e+01,0.000000000000000000e+00,5.552367045718520355e-01,3.609147508185534536e-01,7.820055619873735042e-02,5.647988410857259292e-03
1.000000000000000000e+01,8.500000000000000000e+01,0.000000000000000000e+00,6.244915962593429182e-01,3.183490883447782083e-01,5.409527934776975355e-02,3.064036048109139952e-03
1.000000000000000000e+01,8.600000000000000000e+01,0.000000000000000000e+00,5.933773569932867531e-01,3.382708565442557047e-01,6.428015890090606199e-02,4.071627561551556529e-03
1.000000000000000000e+01,8.700000000000000000e+01,0.000000000000000000e+00,5.886122047256747702e-01,3.412097720076631147e-01,6.593141606579576430e-02,4.246607200866299621e-03
1.000000000000000000e+01,8.800000000000000000e+01,0.000000000000000000e+00,6.129074263034385295e-01,3.259118943095549725e-01,5.776759441637427384e-02,3.413084970632280970e-03
1.000000000000000000e+01,8.900000000000000000e+01,0.000000000000000000e+00,5.827239854056718293e-01,3.447989159211539700e-01,6.800606313218117427e-02,4.471035540993193759e-03
1.000000000000000000e+01,9.000000000000000000e+01,0.000000000000000000e+00,5.813821059313104556e-01,3.456102325008548748e-01,6.848418139618915601e-02,4.523480171645419962e-03
1.000000000000000000e+01,9.100000000000000000e+01,0.000000000000000000e+00,5.628980882570843169e-01,3.565307875956111316e-01,7.527366270813115601e-02,5.297461439173286983e-03
1.000000000000000000e+01,9.200000000000000000e+01,0.000000000000000000e+00,5.626121788721425432e-01,3.566959113382567326e-01,7.538169153541901535e-02,5.310218254181605681e-03
1.000000000000000000e+01,9.300000000000000000e+01,0.000000000000000000e+00,6.258483454162158122e-01,3.174522803820182260e-01,5.367431852452115432e-02,3.025055677244755954e-03
1.000000000000000000e+01,9.400000000000000000e+01,0.000000000000000000e+00,6.508184031911234957e-01,3.005445119381592867e-01,4.626329106719107020e-02,2.373793803525995217e-03
1.000000000000000000e+01,9.500000000000000000e+01,0.000000000000000000e+00,5.706647611369748407e-01,3.520006412054497158e-01,7.237433711646767964e-02,4.960260541107801117e-03
1.000000000000000000e+01,9.600000000000000000e+01,0.000000000000000000e+00,5.620943581379191922e-01,3.569946741203827156e-01,7.557758201103041695e-02,5.333385730667684725e-03
1.000000000000000000e+01,9.700000000000000000e+01,0.000000000000000000e+00,5.924445045128244880e-01,3.388485949708414102e-01,6.460147712239035223e-02,4.105423393943686237e-03
1.000000000000000000e+01,9.800000000000000000e+01,0.000000000000000000e+00,5.931231941164341048e-01,3.384283812672618796e-01,6.436761108165071910e-02,4.080813534653197558e-03
1.000000000000000000e+01,9.900000000000000000e+01,0.000000000000000000e+00,5.712341552291529956e-01,3.516651634752025468e-01,7.216444492447578185e-02,4.936236371168561260e-03
1.000000000000000000e+01,1.000000000000000000e+02,0.000000000000000000e+00,6.119478638529736170e-01,3.265307036413984121e-01,5.807809603758649908e-02,3.443336468041587224e-03
1.000000000000000000e+01,1.010000000000000000e+02,0.000000000000000000e+00,5.702564062153088198e-01,3.522409561429763469e-01,7.252508978547235474e-02,4.977547856242485469e-03
1.000000000000000000e+01,1.020000000000000000e+02,0.000000000000000000e+00,5.798947128973908072e-01,3.465066371325610239e-01,6.901646506197264830e-02,4.582184908075546612e-03
1.000000000000000000e+01,1.030000000000000000e+02,0.000000000000000000e+00,6.368169515503755429e-01,3.101184474475024433e-01,5.034070947865961626e-02,2.723891523462502063e-03
1.000000000000000000e+01,1.040000000000000000e+02,0.000000000000000000e+00,5.671074699169733613e-01,3.540861774180168453e-01,7.369386326772653373e-02,5.112489397283131315e-03
1.000000000000000000e+01,1.050000000000000000e+02,0.000000000000000000e+00,5.873603368018575077e-01,3.419767870881584293e-01,6.636932253201122123e-02,4.293553577972912885e-03
1.000000000000000000e+01,1.060000000000000000e+02,0.000000000000000000e+00,6.293434420610516389e-01,3.151314868709198524e-01,5.259865407895096545e-02,2.926416989077717992e-03
1.000000000000000000e+01,1.070000000000000000e+02,0.000000000000000000e+00,6.214587476639263919e-01,3.203454705622073573e-01,5.504319253985180682e-02,3.152589234014527720e-03
1.000000000000000000e+01,1.080000000000000000e+02,0.000000000000000000e+00,6.005379032472978329e-01,3.337975920836774857e-01,6.184501809592899552e-02,3.819486573095639496e-03
1.000000000000000000e+01,1.090000000000000000e+02,0.000000000000000000e+00,5.482124475387566420e-01,3.648588279101574461e-01,8.094305100248121165e-02,5.985673548604738409e-03
1.000000000000000000e+01,1.100000000000000000e+02,0.000000000000000000e+00,6.185983529756517996e-01,3.222177404882016760e-01,5.594597947973555668e-02,3.237927056410889234e-03
1.000000000000000000e+01,1.110000000000000000e+02,0.000000000000000000e+00,5.248249644310453155e-01,3.774551326014264352e-01,9.048882121528685485e-02,7.231081752241444796e-03
1.000000000000000000e+01,1.120000000000000000e+02,0.000000000000000000e+00,6.209944943206420209e-01,3.206500482171015243e-01,5.518913847704294551e-02,3.166318985213421693e-03
1.000000000000000000e+01,1.130000000000000000e+02,0.000000000000000000e+00,5.593714494609387522e-01,3.585593365454216030e-01,7.661265631140670718e-02,5.456557682232871659e-03
1.000000000000000000e+01,1.140000000000000000e+02,0.000000000000000000e+00,6.065439691192502369e-01,3.299934706608023127e-01,5.984490062986803222e-02,3.617659590079267632e-03
1.000000000000000000e+01,1.150000000000000000e+02,0.000000000000000000e+00,6.278759238905871065e-01,3.161077851545885942e-01,5.304876756337833371e-02,2.967523391446059283e-03
1.000000000000000000e+01,1.160000000000000000e+02,0.000000000000000000e+00,6.519844467977787827e-01,2.997366472571899587e-01,4.593261805054824065e-02,2.346287894483170110e-03
1.000000000000000000e+01,1.170000000000000000e+02,0.000000000000000000e+00,5.731577311392849206e-01,3.505284548999523242e-01,7.145804782819246970e-02,4.855766132570384433e-03
1.000000000000000000e+01,1.180000000000000000e+02,0.000000000000000000e+00,5.885449861183937870e-01,3.412510104746251383e-01,6.595488586068580517e-02,4.249117546295202823e-03
1.000000000000000000e+01,1.190000000000000000e+02,0.000000000000000000e+00,5.927714717001877354e-01,3.386462287568705598e-01,6.448874691530040448e-02,4.093552627641453001e-03
1.000000000000000000e+01,1.200000000000000000e+02,0.000000000000000000e+00,5.869154888970027351e-01,3.422488326715177887e-01,6.652534347273085513e-02,4.310334958748583863e-03
1.000000000000000000e+01,1.210000000000000000e+02,0.000000000000000000e+00,6.719485092879152743e-01,2.856594466210384264e-01,4.047994666055258761e-02,1.912097430493890290e-03
1.000000000000000000e+01,1.220000000000000000e+02,0.000000000000000000e+00,6.377301500122366518e-01,3.095012161354711577e-01,5.006872305237443366e-02,2.699910799917601585e-03
1.000000000000000000e+01,1.230000000000000000e+02,0.000000000000000000e+00,6.108642860790290952e-01,3.272280682885693737e-01,5.842989521353665616e-02,3.477750418865002083e-03
1.000000000000000000e+01,1.240000000000000000e+02,0.000000000000000000e+00,6.600996201168815025e-01,2.940700491009189954e-01,4.366875904928041452e-02,2.161571732919185130e-03
1.000000000000000000e+01,1.250000000000000000e+02,0.000000000000000000e+00,6.277504831458532442e-01,3.161911135611701340e-01,5.308734546568980028e-02,2.971057827286972038e-03
1.000000000000000000e+01,1.260000000000000000e+02,0.000000000000000000e+00,6.088713870637938452e-01,3.285067046630308352e-01,5.908015896371718312e-02,3.541749309458257482e-03
1.000000000000000000e+01,1.270000000000000000e+02,0.000000000000000000e+00,5.665615389631920573e-01,3.544046538745922459e-01,7.389762632424271005e-02,5.136180837973005828e-03
1.000000000000000000e+01,1.280000000000000000e+02,0.000000000000000000e+00,6.140165989775688837e-01,3.251951343338528866e-01,5.740988955374909386e-02,3.378377134829274164e-03
1.000000000000000000e+01,1.290000000000000000e+02,0.000000000000000000e+00,6.662700609389217155e-01,2.897102117860857473e-01,4.199098420384266006e-02,2.028743071150117868e-03
1.000000000000000000e+01,1.300000000000000000e+02,0.000000000000000000e+00,6.331822713911516853e-01,3.125650534916818990e-01,5.143169514712307017e-02,2.820979970043258327e-03
1.000000000000000000e+01,1.310000000000000000e+02,0.000000000000000000e+00,6.371485448712765898e-01,3.098944405835344362e-01,5.024184971077332723e-02,2.715164834415612505e-03
1.000000000000000000e+01,1.320000000000000000e+02,0.000000000000000000e+00,6.643533397387271222e-01,2.910692016344278432e-01,4.250814291755343477e-02,2.069315709291474903e-03
1.000000000000000000e+01,1.330000000000000000e+02,0.000000000000000000e+00,7.057511769744452268e-01,2.608038452690248921e-01,3.212588606591980367e-02,1.319091690609922648e-03
1.000000000000000000e+01,1.340000000000000000e+02,0.000000000000000000e+00,5.412018112783891777e-01,3.687221553862980450e-01,8.373711065475523962e-02,6.338922680557472662e-03
1.000000000000000000e+01,1.350000000000000000e+02,0.000000000000000000e+00,6.256593465078519323e-01,3.175773457855370352e-01,5.373284526109172593e-02,3.030462445519433671e-03
1.000000000000000000e+01,1.360000000000000000e+02,0.000000000000000000e+00,5.440692061320719919e-01,3.671509366209397829e-01,8.258741641831432445e-02,6.192440828673847000e-03
1.000000000000000000e+01,1.370000000000000000e+02,0.000000000000000000e+00,6.566787078941567213e-01,2.964681625939252774e-01,4.461510648217165836e-02,2.238023029746513421e-03
1.000000000000000000e+01,1.380000000000000000e+02,0.000000000000000000e+00,6.725472146925826067e-01,2.852302197918105686e-01,4.032246188082228011e-02,1.900103634784456328e-03
1.000000000000000000e+01,1.390000000000000000e+02,0.000000000000000000e+00,5.366157295033970875e-01,3.712092751293830650e-01,8.559590433524534581e-02,6.579091031974532849e-03
1.000000000000000000e+01,1.400000000000000000e+02,0.000000000000000000e+00,6.079283440317337917e-01,3.291099704585200847e-01,5.938933084168113857e-02,3.572354668064972073e-03
1.000000000000000000e+01,1.410000000000000000e+02,0.000000000000000000e+00,5.946103841951050351e-01,3.375054276488042571e-01,6.385689224415218301e-02,4.027295911938508395e-03
1.000000000000000000e+01,1.420000000000000000e+02,0.000000000000000000e+00,6.058482135035611060e-01,3.304365588141981447e-01,6.007462868713359799e-02,3.640598995107221549e-03
1.000000000000000000e+01,1.430000000000000000e+02,0.000000000000000000e+00,5.921299309981693515e-01,3.390431553109009566e-01,6.471004371703630020e-02,4.116869973893572121e-03
1.000000000000000000e+01,1.440000000000000000e+02,0.000000000000000000e+00,5.782936015066790780e-01,3.474681672551573897e-01,6.959217425260504075e-02,4.646056985558349312e-03
1.000000000000000000e+01,1.450000000000000000e+02,0.000000000000000000e+00,6.367618575469561337e-01,3.101556530756567343e-01,5.035714581762796432e-02,2.725343559759088770e-03
1.000000000000000000e+01,1.460000000000000000e+02,0.000000000000000000e+00,5.963251656087866781e-01,3.364375705366122737e-01,6.327098334738361085e-02,3.966280507217460720e-03
1.000000000000000000e+01,1.470000000000000000e+02,0.000000000000000000e+00,6.466934911724706581e-01,3.033894310183719023e-01,4.744398395329002538e-02,2.473093855867527016e-03
1.000000000000000000e+01,1.480000000000000000e+02,0.000000000000000000e+00,6.071153010721445087e-01,3.296291510002360425e-01,5.965664017870234148e-02,3.598907748917120307e-03
1.000000000000000000e+01,1.490000000000000000e+02,0.000000000000000000e+00,6.886713234595117639e-01,2.735194536172138036e-01,3.621122246978413645e-02,1.598000453490323446e-03
1.000000000000000000e+01,1.500000000000000000e+02,0.000000000000000000e+00,6.509111674716645535e-01,3.004803012763497816e-01,4.623693470894211371e-02,2.371596543043493974e-03
1.000000000000000000e+01,1.510000000000000000e+02,0.000000000000000000e+00,6.480995266218798623e-01,3.024219694937712588e-01,4.703961036622872349e-02,2.438893518120311982e-03
1.000000000000000000e+01,1.520000000000000000e+02,0.000000000000000000e+00,6.321092060764347265e-01,3.132842726252237364e-01,5.175637085640312496e-02,2.850150441938548770e-03
1.000000000000000000e+01,1.530000000000000000e+02,0.000000000000000000e+00,5.998125653747572450e-01,3.342538067834699422e-01,6.208917796369502196e-02,3.844449878077935666e-03
1.000000000000000000e+01,1.540000000000000000e+02,0.000000000000000000e+00,5.591523929874774312e-01,3.586847475908309102e-01,7.669629351365957193e-02,5.466565908032113529e-03
1.000000000000000000e+01,1.550000000000000000e+02,0.000000000000000000e+00,6.519922271460475427e-01,2.997312514449438914e-01,4.593041621881591152e-02,2.346105190192543811e-03
1.000000000000000000e+01,1.560000000000000000e+02,0.000000000000000000e+00,6.095169822070806154e-01,3.280930540407345775e-01,5.886904726864768816e-02,3.520916483537225253e-03
1.000000000000000000e+01,1.570000000000000000e+02,0.000000000000000000e+00,5.748211944635972515e-01,3.495412775124590032e-01,7.085049859087344526e-02,4.787029433070257543e-03
1.000000000000000000e+01,1.580000000000000000e+02,0.000000000000000000e+00,5.629173534316030958e-01,3.565196569937476023e-01,7.526638682575474693e-02,5.296602748894616540e-03
1.000000000000000000e+01,1.590000000000000000e+02,0.000000000000000000e+00,5.842939603555009631e-01,3.438465597803606055e-01,6.744918636551501534e-02,4.410293498623340559e-03
1.000000000000000000e+01,1.600000000000000000e+02,0.000000000000000000e+00,6.327763981326437470e-01,3.128372551366450649e-01,5.155436079803304983e-02,2.831985932678037637e-03
1.000000000000000000e+01,1.610000000000000000e+02,0.000000000000000000e+00,6.018994081021726839e-01,3.329393799978218604e-01,6.138823711581468251e-02,3.772974784190584116e-03
1.000000000000000000e+01,1.620000000000000000e+02,0.000000000000000000e+00,5.664279316034690481e-01,3.544825310626500969e-01,7.394754496708574876e-02,5.141992366795201594e-03
1.000000000000000000e+01,1.630000000000000000e+02,0.000000000000000000e+00,5.832269412441776213e-01,3.444941868719790801e-01,6.782736781410117488e-02,4.451504069742135902e-03
1.000000000000000000e+01,1.640000000000000000e+02,0.000000000000000000e+00,6.335000310264339296e-01,3.123518048659879587e-01,5.133577754524698555e-02,2.812386562331284454e-03
1.000000000000000000e+01,1.650000000000000000e+02,0.000000000000000000e+00,6.192356314667655237e-01,3.218015038889557866e-01,5.574410485170944174e-02,3.218759792569364595e-03
1.000000000000000000e+01,1.660000000000000000e+02,0.000000000000000000e+00,5.895883076636175835e-01,3.406102473290469335e-01,6.559115859748114452e-02,4.210286409854426155e-03
1.000000000000000000e+01,1.670000000000000000e+02,0.000000000000000000e+00,6.205505586652644290e-01,3.209410426070253286e-01,5.532890720525809186e-02,3.179491522452239458e-03
1.000000000000000000e+01,1.680000000000000000e+02,0.000000000000000000e+00,6.358769215607485981e-01,3.107527542865634596e-01,5.062157524638711409e-02,2.748748906300987026e-03
1.000000000000000000e+01,1.690000000000000000e+02,0.000000000000000000e+00,6.131360989413187079e-01,3.257642522423876419e-01,5.769374217909085945e-02,3.405906637202945134e-03
1.000000000000000000e+01,1.700000000000000000e+02,0.000000000000000000e+00,5.335662355421608716e-01,3.728452972806087784e-01,8.684558507405845673e-02,6.742882103171769261e-03
1.000000000000000000e+01,1.710000000000000000e+02,0.000000000000000000e+00,5.607028621912614197e-01,3.577956037134525924e-01,7.610548751637245812e-02,5.396046578913430043e-03
1.000000000000000000e+01,1.720000000000000000e+02,0.000000000000000000e+00,5.803770975396420617e-01,3.462162528732724565e-01,6.884356984550744907e-02,4.563079741578036225e-03
1.000000000000000000e+01,1.730000000000000000e+02,0.000000000000000000e+00,6.630992964926968325e-01,2.919560554671020713e-01,4.284845360504183076e-02,2.096194435159099301e-03
1.000000000000000000e+01,1.740000000000000000e+02,0.000000000000000000e+00,5.273591003185271742e-01,3.761309879695599601e-01,8.942326650253185072e-02,7.086645209381141688e-03
1.000000000000000000e+01,1.750000000000000000e+02,0.000000000000000000e+00,5.545394679156485651e-01,3.613094871858347212e-01,7.847024608315651684e-02,5.680798815360261003e-03
1.000000000000000000e+01,1.760000000000000000e+02,0.000000000000000000e+00,6.225828903421974925e-01,3.196068446977551325e-01,5.469072834168306474e-02,3.119536618364528429e-03
1.000000000000000000e+01,1.770000000000000000e+02,0.000000000000000000e+00,6.293095459246829115e-01,3.151540670765213270e-01,5.260902557841255073e-02,2.927361420383266244e-03
1.000000000000000000e+01,1.780000000000000000e+02,0.000000000000000000e+00,6.319096158931470919e-01,3.134178914259718174e-01,5.181689078907376206e-02,2.855601891807317810e-03
1.000000000000000000e+01,1.790000000000000000e+02,0.000000000000000000e+00,6.508134867122258305e-01,3.005479148000583245e-01,4.626468818636333274e-02,2.373910301352290253e-03
1.000000000000000000e+01,1.800000000000000000e+02,0.000000000000000000e+00,6.275730988647917341e-01,3.163089139669941763e-01,5.314192574323787360e-02,2.976061424976144884e-03
1.000000000000000000e+01,1.810000000000000000e+02,0.000000000000000000e+00,5.425686522084708363e-01,3.679747254781198795e-01,8.318787434520572011e-02,6.268747968203610896e-03
1.000000000000000000e+01,1.820000000000000000e+02,0.000000000000000000e+00,6.281164234624787568e-01,3.159479703342730206e-01,5.297485000634850200e-02,2.960756196899570585e-03
1.000000000000000000e+01,1.830000000000000000e+02,0.000000000000000000e+00,6.417657272698049642e-01,3.067614663094299643e-01,4.887692045748121689e-02,2.595885963283723653e-03
1.000000000000000000e+01,1.840000000000000000e+02,0.000000000000000000e+00,6.611095716382924259e-01,2.933594576026777867e-01,4.339158240273393446e-02,2.139388356295787458e-03
1.000000000000000000e+01,1.850000000000000000e+02,0.000000000000000000e+00,6.495836171899166400e-01,3.013982509431809009e-01,4.661494084707382135e-02,2.403191019828704051e-03
1.000000000000000000e+01,1.860000000000000000e+02,0.000000000000000000e+00,5.821241554059128909e-01,3.451618856835346749e-01,6.821954058096070528e-02,4.494418329591511226e-03
1.000000000000000000e+01,1.870000000000000000e+02,0.000000000000000000e+00,6.134884846054357022e-01,3.255366040685592766e-01,5.758004333563925686e-02,3.394867990365681154e-03
1.000000000000000000e+01,1.880000000000000000e+02,0.000000000000000000e+00,6.182653922400734858e-01,3.224350085703196478e-01,5.605162230578836224e-02,3.247976883818600845e-03
1.000000000000000000e+01,1.890000000000000000e+02,0.000000000000000000e+00,5.585730147221690256e-01,3.590161100242337255e-01,7.691776715531874198e-02,5.493108098278631779e-03
1.000000000000000000e+01,1.900000000000000000e+02,0.000000000000000000e+00,5.494466028021637305e-01,3.641711309315602829e-01,8.045708289492849163e-02,5.925183371347421228e-03
1.000000000000000000e+01,1.910000000000000000e+02,0.000000000000000000e+00,5.891269214895344941e-01,3.408937920766905161e-01,6.575186276363385873e-02,4.227423670141354853e-03
1.000000000000000000e+01,1.920000000000000000e+02,0.000000000000000000e+00,6.103874779964503228e-01,3.275344522597156138e-01,5.858509077392737990e-02,3.492978969906721659e-03
1.000000000000000000e+01,1.930000000000000000e+02,0.000000000000000000e+00,6.735713806120010583e-01,2.844950297431899644e-01,4.005387020008653598e-02,1.879719444722312760e-03
1.000000000000000000e+01,1.940000000000000000e+02,0.000000000000000000e+00,5.996540433547333793e-01,3.343534198575860983e-01,6.214261406740879262e-02,3.849922720271821766e-03
1.000000000000000000e+01,1.950000000000000000e+02,0.000000000000000000e+00,5.598904014300815080e-01,3.582619567404442540e-01,7.641473481217873898e-02,5.432907017295567596e-03
1.000000000000000000e+01,1.960000000000000000e+02,0.000000000000000000e+00,5.651911947803393010e-01,3.552021949968149905e-01,7.441057144069074258e-02,5.196038782155037832e-03
1.000000000000000000e+01,1.970000000000000000e+02,0.000000000000000000e+00,5.533944863608384335e-01,3.619561678281013051e-01,7.891433125180473407e-02,5.735014559255591574e-03
1.000000000000000000e+01,1.980000000000000000e+02,0.000000000000000000e+00,6.648364186598018089e-01,2.907270875760422646e-01,4.237746162222898183e-02,2.059032141926770386e-03
1.000000000000000000e+01,1.990000000000000000e+02,0.000000000000000000e+00,5.727102867930139452e-01,3.507933287614333207e-01,7.162199477423933369e-02,4.874389671313434334e-03
1.000000000000000000e+01,2.000000000000000000e+02,0.000000000000000000e+00,5.875681729348199989e-01,3.418495934989476681e-01,6.629650252139585032e-02,4.285731044836415919e-03
1.000000000000000000e+01,2.010000000000000000e+02,0.000000000000000000e+00,5.771140033204229525e-01,3.481742935519406279e-01,7.001813506108177376e-02,4.693568066554697042e-03
1.000000000000000000e+01,2.020000000000000000e+02,0.000000000000000000e+00,6.560277697159504484e-01,2.969229355408379289e-01,4.479649272995556153e-02,2.252802013256131799e-03
1.000000000000000000e+01,2.030000000000000000e+02,0.000000000000000000e+00,6.238389364233445367e-01,3.187796763875628270e-01,5.429846078561021555e-02,3.082926403482475885e-03
1.000000000000000000e+01,2.040000000000000000e+02,0.000000000000000000e+00,6.179248390400270408e-01,3.226570858312255430e-01,5.615979401790165138e-02,3.258281110845633911e-03
1.000000000000000000e+01,2.050000000000000000e+02,0.000000000000000000e+00,5.715862365247152965e-01,3.514574947013771600e-01,7.203484075753426030e-02,4.921428016373428048e-03
1.000000000000000000e+01,2.060000000000000000e+02,0.000000000000000000e+00,6.412949610551831325e-01,3.070820827771837958e-01,4.901509772643645318e-02,2.607858441196578628e-03
1.000000000000000000e+01,2.070000000000000000e+02,0.000000000000000000e+00,6.467700249927528233e-01,3.033368303967169388e-01,4.742192181636620957e-02,2.471222794164077731e-03
1.000000000000000000e+01,2.080000000000000000e+02,0.000000000000000000e+00,5.770025688142571552e-01,3.482409003021776361e-01,7.005845450132927588e-02,4.698076382236035173e-03
1.000000000000000000e+01,2.090000000000000000e+02,0.000000000000000000e+00,6.598220265657187555e-01,2.942651538826298596e-01,4.374511979655431454e-02,2.167699755097016959e-03
1.000000000000000000e+01,2.100000000000000000e+02,0.000000000000000000e+00,6.065167576427843432e-01,3.300108119575824728e-01,5.985387577867226638e-02,3.618554620961127091e-03
1.000000000000000000e+01,2.110000000000000000e+02,0.000000000000000000e+00,6.776097590506251489e-01,2.815845901749349234e-01,3.900469277728834533e-02,1.800957997151641371e-03
1.000000000000000000e+01,2.120000000000000000e+02,0.000000000000000000e+00,6.837834954182266944e-01,2.770999470439947654e-01,3.743113678831951063e-02,1.685420749459084176e-03
1.000000000000000000e+01,2.130000000000000000e+02,0.000000000000000000e+00,6.294798388685459711e-01,3.150406105982907490e-01,5.255693150529974073e-02,2.922619027863360922e-03
1.000000000000000000e+01,2.140000000000000000e+02,0.000000000000000000e+00,6.552997335434476156e-01,2.974309853047827357e-01,4.499986112767558749e-02,2.269420024094047361e-03
1.000000000000000000e+01,2.150000000000000000e+02,0.000000000000000000e+00,6.091258772974420532e-01,3.283437099957842720e-01,5.899688713063338391e-02,3.533525576140303902e-03
1.000000000000000000e+01,2.160000000000000000e+02,0.000000000000000000e+00,6.284534506340059279e-01,3.157238911730221309e-01,5.287136507186652318e-02,2.951293121105270142e-03
1.000000000000000000e+01,2.170000000000000000e+02,0.000000000000000000e+00,6.406895118391019439e-01,3.074940326455894990e-01,4.919313664702334998e-02,2.623318868285060522e-03
1.000000000000000000e+01,2.180000000000000000e+02,0.000000000000000000e+00,5.998308256406083006e-01,3.342423301541980751e-01,6.208302435251654428e-02,3.843819852676982028e-03
1.000000000000000000e+01,2.190000000000000000e+02,0.000000000000000000e+00,6.304397530664970217e-01,3.144004045394070967e-01,5.226384381893330738e-02,2.895998575162440566e-03
1.000000000000000000e+01,2.200000000000000000e+02,0.000000000000000000e+00,5.806447947471879978e-01,3.460549671438092889e-01,6.874773319147935158e-02,4.552504917523458004e-03
1.000000000000000000e+01,2.210000000000000000e+02,0.000000000000000000e+00,6.480498539637202793e-01,3.024561882202223551e-01,4.705386230867965314e-02,2.440095507377631860e-03
1.000000000000000000e+01,2.220000000000000000e+02,0.000000000000000000e+00,6.329372330114441114e-01,3.127294143101660429e-01,5.150573204521380344e-02,2.827620633175946877e-03
1.000000000000000000e+01,2.230000000000000000e+02,0.000000000000000000e+00,6.546539031821382304e-01,2.978811493097878738e-01,4.518070728304240946e-02,2.284240225031351074e-03
1.000000000000000000e+01,2.240000000000000000e+02,0.000000000000000000e+00,5.966467362918234096e-01,3.362368813825910019e-01,6.316146195347915882e-02,3.954920372106597061e-03
1.000000000000000000e+01,2.250000000000000000e+02,0.000000000000000000e+00,6.467342548875489872e-01,3.033614155575569127e-01,4.743223240643414801e-02,2.472097148460115652e-03
1.000000000000000000e+01,2.260000000000000000e+02,0.000000000000000000e+00,6.084511793978112371e-01,3.287756540767233226e-01,5.921780545622857411e-02,3.555361069236792453e-03
1.000000000000000000e+01,2.270000000000000000e+02,0.000000000000000000e+00,6.267951638637742073e-01,3.168250771793613141e-01,5.338167624594933325e-02,2.998082710915095025e-03
1.000000000000000000e+01,2.280000000000000000e+02,0.000000000000000000e+00,5.278977851823405398e-01,3.758482154636443862e-01,8.919774814513441175e-02,7.056251208880564250e-03
1.000000000000000000e+01,2.290000000000000000e+02,0.000000000000000000e+00,6.533756405611185203e-01,2.987706955460916469e-01,4.553987169383682393e-02,2.313792198953217461e-03
1.000000000000000000e+01,2.300000000000000000e+02,0.000000000000000000e+00,6.532540751327802209e-01,2.988551932690358681e-01,4.557411372990351900e-02,2.316617868280241525e-03
1.000000000000000000e+01,2.310000000000000000e+02,0.000000000000000000e+00,5.925061552419146338e-01,3.388104491159441567e-01,6.458021260739989222e-02,4.103183034741401426e-03
1.000000000000000000e+01,2.320000000000000000e+02,0.000000000000000000e+00,5.791806057910939831e-01,3.469359238238504117e-01,6.927288542699298890e-02,4.610584958062511306e-03
1.000000000000000000e+01,2.330000000000000000e+02,0.000000000000000000e+00,5.915565168654671746e-01,3.393974643781650369e-01,6.490821842726519908e-02,4.137800329102494894e-03
1.000000000000000000e+01,2.340000000000000000e+02,0.000000000000000000e+00,5.916854442892581778e-01,3.393178393623176303e-01,6.486362938324177763e-02,4.133086965182199146e-03
1.000000000000000000e+01,2.350000000000000000e+02,0.000000000000000000e+00,5.776674065411233627e-01,3.478432576405408594e-01,6.981810554880840680e-02,4.671230269527412715e-03
1.000000000000000000e+01,2.360000000000000000e+02,0.000000000000000000e+00,5.859317294731534176e-01,3.428494944711587555e-01,6.687114439357504103e-02,4.347631662112634056e-03
1.000000000000000000e+01,2.370000000000000000e+02,0.000000000000000000e+00,5.843769544511101532e-01,3.437961213466430577e-01,6.741982331365427294e-02,4.407100888592523080e-03
1.000000000000000000e+01,2.380000000000000000e+02,0.000000000000000000e+00,5.973460683770220880e-01,3.357999613285208018e-01,6.292366630653888071e-02,3.930303987918068974e-03
1.000000000000000000e+01,2.390000000000000000e+02,0.000000000000000000e+00,7.295028084825123660e-01,2.426087983311589480e-01,2.689458644220327210e-02,9.938067441256053913e-04
1.000000000000000000e+01,2.400000000000000000e+02,0.000000000000000000e+00,6.618129337858003058e-01,2.928638816118593891e-01,4.319914222192425268e-02,2.124042380415850327e-03
1.000000000000000000e+01,2.410000000000000000e+02,0.000000000000000000e+00,7.020857869806155227e-01,2.635590841920905647e-01,3.297953618978062551e-02,1.375592637513156982e-03
1.000000000000000000e+01,2.420000000000000000e+02,0.000000000000000000e+00,6.581688824602898169e-01,2.954252013531346033e-01,4.420144632600224444e-02,2.204469860573419083e-03
1.000000000000000000e+01,2.430000000000000000e+02,0.000000000000000000e+00,5.959479293215222961e-01,3.366728249813351614e-01,6.339960562771448926e-02,3.979640069428001976e-03
1.000000000000000000e+01,2.440000000000000000e+02,0.000000000000000000e+00,6.262977764072058529e-01,3.171547017917442646e-01,5.353529298562211686e-02,3.012228815427686352e-03
1.000000000000000000e+01,2.450000000000000000e+02,0.000000000000000000e+00,5.878758219044976085e-01,3.416612080649880645e-01,6.618879744493082196e-02,4.274172585583446010e-03
1.000000000000000000e+01,2.460000000000000000e+02,0.000000000000000000e+00,6.142118389998441064e-01,3.250688052438237552e-01,5.734705923541244532e-02,3.372296520919794600e-03
1.000000000000000000e+01,2.470000000000000000e+02,0.000000000000000000e+00,6.339889922307161418e-01,3.120234211586268569e-01,5.118838368101288894e-02,2.799202929644290135e-03
1.000000000000000000e+01,2.480000000000000000e+02,0.000000000000000000e+00,5.767833232123786846e-01,3.483718977005689221e-01,7.013782254288487839e-02,4.706956544167480161e-03
1.000000000000000000e+01,2.490000000000000000e+02,0.000000000000000000e+00,5.637450224390774256e-01,3.560409624982772137e-01,7.495419733566921483e-02,5.259817726976313314e-03
1.000000000000000000e+01,2.500000000000000000e+02,0.000000000000000000e+00,5.292371726345356242e-01,3.751431651798926570e-01,8.863851700654626353e-02,6.981145179025382425e-03
1.000000000000000000e+01,2.510000000000000000e+02,0.000000000000000000e+00,6.282019163432096542e-01,3.158911420281623750e-01,5.294858814011175335e-02,2.958353488516243454e-03
1.000000000000000000e+01,2.520000000000000000e+02,0.000000000000000000e+00,5.390587190606619394e-01,3.698883741868620456e-01,8.460266295108602452e-02,6.450243801389972213e-03
1.000000000000000000e+01,2.530000000000000000e+02,0.000000000000000000e+00,5.854424341801031106e-01,3.431477575541889702e-01,6.704353074973962157e-02,4.366277515968195258e-03
1.000000000000000000e+01,2.540000000000000000e+02,0.000000000000000000e+00,6.336859223494580862e-01,3.122269957556412789e-01,5.127971309885642065e-02,2.807368796044189090e-03
1.000000000000000000e+01,2.550000000000000000e+02,0.000000000000000000e+00,5.711504623309520134e-01,3.517145025710001205e-01,7.219527338669794181e-02,4.939761711349853132e-03
1.000000000000000000e+01,2.560000000000000000e+02,0.000000000000000000e+00,6.064741649289734360e-01,3.300379534602944642e-01,5.986792569420007482e-02,3.619955916532145972e-03
1.000000000000000000e+01,2.570000000000000000e+02,0.000000000000000000e+00,6.587326631224880158e-01,2.950299411493059742e-01,4.404551904357687647e-02,2.191876684629229764e-03
1.000000000000000000e+01,2.580000000000000000e+02,0.000000000000000000e+00,6.361100508947151733e-01,3.105955452907834813e-01,5.055183591727598763e-02,2.742567897225434582e-03
1.000000000000000000e+01,2.590000000000000000e+02,0.000000000000000000e+00,5.514465860653344764e-01,3.630519105811932379e-01,7.967328907115492354e-02,5.828214282317422008e-03
1.000000000000000000e+01,2.600000000000000000e+02,0.000000000000000000e+00,5.477344191578831234e-01,3.651245875710540378e-01,8.113175521201168583e-02,6.009238059050956045e-03
1.000000000000000000e+01,2.610000000000000000e+02,0.000000000000000000e+00,6.759271086181823929e-01,2.827994964932321054e-01,3.943993082346899937e-02,1.833464065116355811e-03
1.000000000000000000e+01,2.620000000000000000e+02,0.000000000000000000e+00,6.203389653916867585e-01,3.210796520719018110e-01,5.539559752869431530e-02,3.185785007717121652e-03
1.000000000000000000e+01,2.630000000000000000e+02,0.000000000000000000e+00,6.326621151230489293e-01,3.129138633422932636e-01,5.158893061096046784e-02,2.835090923697422549e-03
1.000000000000000000e+01,2.640000000000000000e+02,0.000000000000000000e+00,6.106612328589918759e-01,3.273585805591848197e-01,5.849595733246179541e-02,3.484229249361365036e-03
1.000000000000000000e+01,2.650000000000000000e+02,0.000000000000000000e+00,6.188826666143694144e-01,3.220321052815044438e-01,5.585586327661533346e-02,3.229364827510705551e-03
1.000000000000000000e+01,2.660000000000000000e+02,0.000000000000000000e+00,5.880322022062636211e-01,3.415654011999746942e-01,6.613408974268866758e-02,4.268306851072951186e-03
1.000000000000000000e+01,2.670000000000000000e+02,0.000000000000000000e+00,5.603179687229101757e-01,3.580166515818510864e-01,7.625189622362822661e-02,5.413483471610417569e-03
1.000000000000000000e+01,2.680000000000000000e+02,0.000000000000000000e+00,5.996242496995579652e-01,3.343721380858092340e-01,6.215266020572901562e-02,3.850952008903593942e-03
1.000000000000000000e+01,2.690000000000000000e+02,0.000000000000000000e+00,5.724192987602146898e-01,3.509654345186671298e-01,7.172873480078997832e-02,4.886531920328282715e-03
1.000000000000000000e+01,2.700000000000000000e+02,0.000000000000000000e+00,6.468623334729053376e-01,3.032733787843231443e-01,4.739532020951103125e-02,2.468967533260457790e-03
1.000000000000000000e+01,2.710000000000000000e+02,0.000000000000000000e+00,5.671930851033147869e-01,3.540361941923588218e-01,7.366193870022146040e-02,5.108782004104949100e-03
1.000000000000000000e+01,2.720000000000000000e+02,0.000000000000000000e+00,5.792905900783126283e-01,3.468698524308019282e-01,6.923335575506858741e-02,4.606201735816856102e-03
1.000000000000000000e+01,2.730000000000000000e+02,0.000000000000000000e+00,6.695382699496486012e-01,2.873832949073445997e-01,4.111746950527201544e-02,1.960965637734854352e-03
1.000000000000000000e+01,2.740000000000000000e+02,0.000000000000000000e+00,5.969596788443629620e-01,3.360414451871487906e-01,6.305498617152476004e-02,3.943889796963284330e-03
1.000000000000000000e+01,2.750000000000000000e+02,0.000000000000000000e+00,6.515794940104430166e-01,3.000173907674542617e-01,4.604730279283913985e-02,2.355812429263379280e-03
1.000000000000000000e+01,2.760000000000000000e+02,0.000000000000000000e+00,5.973465678971977555e-01,3.357996490127330702e-01,6.292349664172437740e-02,3.930286448344842871e-03
1.000000000000000000e+01,2.770000000000000000e+02,0.000000000000000000e+00,6.019177772901398438e-01,3.329277845067570296e-01,6.138208787452015258e-02,3.772350328582889465e-03
1.000000000000000000e+01,2.780000000000000000e+02,0.000000000000000000e+00,5.880681461852332870e-01,3.415433753346862056e-01,6.612151896098258930e-02,4.266959519097978867e-03
1.000000000000000000e+01,2.790000000000000000e+02,0.000000000000000000e+00,5.481845264063132106e-01,3.648743599916242086e-01,8.095406574866802207e-02,5.987047853394525734e-03
1.000000000000000000e+01,2.800000000000000000e+02,0.000000000000000000e+00,5.937533654123319238e-01,3.380376561689837911e-01,6.415091048725575507e-02,4.058067931428579501e-03
1.000000000000000000e+01,2.810000000000000000e+02,0.000000000000000000e+00,5.827447771560161360e-01,3.447863255541770422e-01,6.799867051536828688e-02,4.470226774438464633e-03
1.000000000000000000e+01,2.820000000000000000e+02,0.000000000000000000e+00,6.647461226328913453e-01,2.907910551494288787e-01,4.240187086763272384e-02,2.060951350046976317e-03
1.000000000000000000e+01,2.830000000000000000e+02,0.000000000000000000e+00,5.868644753583249773e-01,3.422800127150668059e-01,6.654324920740514737e-02,4.312262719203284467e-03
1.000000000000000000e+01,2.840000000000000000e+02,0.000000000000000000e+00,6.747126890448308378e-01,2.836743546362676671e-01,3.975575618328416883e-02,1.857200135617133232e-03
1.000000000000000000e+01,2.850000000000000000e+02,0.000000000000000000e+00,5.015664161928453657e-01,3.891273896516680431e-01,1.006314886647049767e-01,8.674705490781718653e-03
1.000000000000000000e+01,2.860000000000000000e+02,0.000000000000000000e+00,5.502580861539646540e-01,3.637177255404064335e-01,8.013850663963462129e-02,5.885681665994128148e-03
1.000000000000000000e+01,2.870000000000000000e+02,0.000000000000000000e+00,6.020940812789115082e-01,3.328164706700612041e-01,6.132308698002549713e-02,3.766361071001780598e-03
1.000000000000000000e+01,2.880000000000000000e+02,0.000000000000000000e+00,5.946825095289647312e-01,3.374605914433200793e-01,6.383218437430139558e-02,4.024714653413754943e-03
1.000000000000000000e+01,2.890000000000000000e+02,0.000000000000000000e+00,6.244200016288705690e-01,3.183963484242606223e-01,5.411754610969739254e-02,3.066103837171672408e-03
1.000000000000000000e+01,2.900000000000000000e+02,0.000000000000000000e+00,6.496612094536179383e-01,3.013446563053183702e-01,4.659279870921381045e-02,2.401335531850060621e-03
1.000000000000000000e+01,2.910000000000000000e+02,0.000000000000000000e+00,5.985386013417636208e-01,3.350534109998699051e-01,6.251938080016283816e-02,3.888606858203560047e-03
1.000000000000000000e+01,2.920000000000000000e+02,0.000000000000000000e+00,6.000121952372964307e-01,3.341283149894447857e-01,6.202192320081810484e-02,3.837566572440589442e-03
1.000000000000000000e+01,2.930000000000000000e+02,0.000000000000000000e+00,6.047852799121670175e-01,3.311122664207389876e-01,6.042658808880663895e-02,3.675865578287545836e-03
1.000000000000000000e+01,2.940000000000000000e+02,0.000000000000000000e+00,5.915007455918710466e-01,3.394319015599460143e-01,6.492751229547744085e-02,4.139840552705459191e-03
1.000000000000000000e+01,2.950000000000000000e+02,0.000000000000000000e+00,5.351428997734984927e-01,3.720012148937656415e-01,8.619810019654539079e-02,6.657785136190602464e-03
1.000000000000000000e+01,2.960000000000000000e+02,0.000000000000000000e+00,5.905366745234702508e-01,3.400265276319661134e-01,6.526156318558279379e-02,4.175234658980979917e-03
1.000000000000000000e+01,2.970000000000000000e+02,0.000000000000000000e+00,5.610579412037589586e-01,3.575914891303276222e-01,7.597056899571695554e-02,5.380000670196323151e-03
1.000000000000000000e+01,2.980000000000000000e+02,0.000000000000000000e+00,6.354155555962499591e-01,3.110636775622819261e-01,5.075975380540524717e-02,2.761013036062869366e-03
1.000000000000000000e+01,2.990000000000000000e+02,0.000000000000000000e+00,6.664103187692191899e-01,2.896106010020474408e-01,4.195328205985415088e-02,2.025798168878996820e-03
1.000000000000000000e+01,0.000000000000000000e+00,1.000000000000000000e+00,6.630113844095907316e-01,2.041745913780446675e-01,8.499109497983671491e-02,4.782292923252789985e-02
1.000000000000000000e+01,1.000000000000000000e+00,1.000000000000000000e+00,6.541301567570705355e-01,2.066632033704376148e-01,8.825781312766069198e-02,5.094882674483113688e-02
1.000000000000000000e+01,2.000000000000000000e+00,1.000000000000000000e+00,7.235895802682354994e-01,1.838975740340766662e-01,6.317579499941834709e-02,2.933705069826954628e-02
1.000000000000000000e+01,3.000000000000000000e+00,1.000000000000000000e+00,6.854297562313239611e-01,1.973524215914956859e-01,7.680915460094528413e-02,4.040866757623506889e-02
1.000000000000000000e+01,4.000000000000000000e+00,1.000000000000000000e+00,6.804926383481212371e-01,1.989221301068251346e-01,7.860203515050770418e-02,4.198319639454587554e-02
1.000000000000000000e+01,5.000000000000000000e+00,1.000000000000000000e+00,7.232734113204656312e-01,1.840188972417861613e-01,6.328683362197871920e-02,2.942085781576947445e-02
1.000000000000000000e+01,6.000000000000000000e+00,1.000000000000000000e+00,7.050042079434575282e-01,1.907469463118592612e-01,6.976128935777034523e-02,3.448755638691290704e-02
1.000000000000000000e+01,7.000000000000000000e+00,1.000000000000000000e+00,7.274233826676032022e-01,1.824130307661531170e-01,6.183231134551671337e-02,2.833127522072690502e-02
1.000000000000000000e+01,8.000000000000000000e+00,1.000000000000000000e+00,7.558039315749035536e-01,1.706381082918723147e-01,5.207555760621507962e-02,2.148240252700902783e-02
1.000000000000000000e+01,9.000000000000000000e+00,1.000000000000000000e+00,6.647559687666891870e-01,2.036716027729536249e-01,8.435090306557437023e-02,4.722152539478283867e-02
1.000000000000000000e+01,1.000000000000000000e+01,1.000000000000000000e+00,6.826754818264788582e-01,1.982328483883260273e-01,7.780866377082147622e-02,4.128300601437358275e-02
1.000000000000000000e+01,1.100000000000000000e+01,1.000000000000000000e+00,6.964323023362936071e-01,1.937152703328652581e-01,7.283495013795052153e-02,3.701747719289064098e-02
1.000000000000000000e+01,1.200000000000000000e+01,1.000000000000000000e+00,6.857837139339689747e-01,1.972384078317847844e-01,7.668083421568114288e-02,4.029704401856506329e-02
1.000000000000000000e+01,1.300000000000000000e+01,1.000000000000000000e+00,6.950047994202694923e-01,1.941980787880532577e-01,7.334881036557949763e-02,3.744831142609774538e-02
1.000000000000000000e+01,1.400000000000000000e+01,1.000000000000000000e+00,6.754596030311981192e-01,2.004829785185188173e-01,8.043529357919247669e-02,4.362212487109066311e-02
1.000000000000000000e+01,1.500000000000000000e+01,1.000000000000000000e+00,7.155608771170048898e-01,1.869266165278034020e-01,6.600650266062285665e-02,3.150600369456883765e-02
1.000000000000000000e+01,1.600000000000000000e+01,1.000000000000000000e+00,7.378780214640541235e-01,1.782378185280138749e-01,5.819774558719283120e-02,2.568641442073911485e-02
1.000000000000000000e+01,1.700000000000000000e+01,1.000000000000000000e+00,6.978402463137697298e-01,1.932358689120743933e-01,7.232867277563068131e-02,3.659521199852520251e-02
1.000000000000000000e+01,1.800000000000000000e+01,1.000000000000000000e+00,7.036746641022678661e-01,1.912151511297515982e-01,7.023663678497460428e-02,3.487354798300588282e-02
1.000000000000000000e+01,1.900000000000000000e+01,1.000000000000000000e+00,7.405906272470828000e-01,1.771238445599535860e-01,5.726204698176100977e-02,2.502348121120261115e-02
1.000000000000000000e+01,2.000000000000000000e+01,1.000000000000000000e+00,7.482566105243999566e-01,1.739065340020548855e-01,5.463516472133541496e-02,2.320169075220971863e-02
1.000000000000000000e+01,2.100000000000000000e+01,1.000000000000000000e+00,6.984668363940297331e-01,1.930214902124478826e-01,7.210353512836580048e-02,3.640813826515647972e-02
1.000000000000000000e+01,2.200000000000000000e+01,1.000000000000000000e+00,6.945310090854701635e-01,1.943576009734831744e-01,7.351948205904693112e-02,3.759190788199968242e-02
1.000000000000000000e+01,2.300000000000000000e+01,1.000000000000000000e+00,6.878647982415050377e-01,1.965640576004992202e-01,7.592698456027659193e-02,3.964415959771914327e-02
1.000000000000000000e+01,2.400000000000000000e+01,1.000000000000000000e+00,6.265705448505416442e-01,2.136321844196869824e-01,9.845877036071480626e-02,6.133850036905654640e-02
1.000000000000000000e+01,2.500000000000000000e+01,1.000000000000000000e+00,6.574100689193592695e-01,2.057581036022010645e-01,8.704995792339918770e-02,4.978186955504047134e-02
1.000000000000000000e+01,2.600000000000000000e+01,1.000000000000000000e+00,7.036534423736787724e-01,1.912226011354979660e-01,7.024422838006937064e-02,3.487972811075387702e-02
1.000000000000000000e+01,2.700000000000000000e+01,1.000000000000000000e+00,7.227425364424445720e-01,1.842222315955780454e-01,6.347335906473011713e-02,2.956187289724732797e-02
1.000000000000000000e+01,2.800000000000000000e+01,1.000000000000000000e+00,6.864430163685814046e-01,1.970255109025612350e-01,7.644189656548745770e-02,4.008957616336990271e-02
1.000000000000000000e+01,2.900000000000000000e+01,1.000000000000000000e+00,6.995178047664469823e-01,1.926604949120457599e-01,7.172616155608224631e-02,3.609553876542506701e-02
1.000000000000000000e+01,3.000000000000000000e+01,1.000000000000000000e+00,7.112056774540320703e-01,1.885249186444843961e-01,6.755124056303374314e-02,3.271816333844981828e-02
1.000000000000000000e+01,3.100000000000000000e+01,1.000000000000000000e+00,7.100324988321518038e-01,1.889501121470274492e-01,6.796840847581286926e-02,3.304898054500797488e-02
1.000000000000000000e+01,3.200000000000000000e+01,1.000000000000000000e+00,7.126558145318864224e-01,1.879962157806606970e-01,6.703620212154506874e-02,3.231176756590774246e-02
1.000000000000000000e+01,3.300000000000000000e+01,1.000000000000000000e+00,6.726735907821740357e-01,2.013299994253089920e-01,8.145235153840665876e-02,4.454405825411034830e-02
1.000000000000000000e+01,3.400000000000000000e+01,1.000000000000000000e+00,7.026106797021144379e-01,1.915877673067143683e-01,7.061741662248488538e-02,3.518413636868630845e-02
1.000000000000000000e+01,3.500000000000000000e+01,1.000000000000000000e+00,6.232756644987506034e-01,2.143903059912970754e-01,9.968300872694853265e-02,6.265102078300384403e-02
1.000000000000000000e+01,3.600000000000000000e+01,1.000000000000000000e+00,6.747714653254263117e-01,2.006933125680782914e-01,8.068635815790087262e-02,4.384886394859448255e-02
1.000000000000000000e+01,3.700000000000000000e+01,1.000000000000000000e+00,6.806944180685996493e-01,1.988587275323604742e-01,7.852865206344242233e-02,4.191820233559742648e-02
1.000000000000000000e+01,3.800000000000000000e+01,1.000000000000000000e+00,6.612378486216081708e-01,2.046811532488154173e-01,8.564243885833407177e-02,4.843855927124229160e-02
1.000000000000000000e+01,3.900000000000000000e+01,1.000000000000000000e+00,7.235413042205862677e-01,1.839161098250407800e-01,6.319274719499151649e-02,2.934983875938134215e-02
1.000000000000000000e+01,4.000000000000000000e+01,1.000000000000000000e+00,7.115736958184630812e-01,1.883910716142918051e-01,6.742046871446488732e-02,3.261476385278019863e-02
1.000000000000000000e+01,4.100000000000000000e+01,1.000000000000000000e+00,6.927879289120674189e-01,1.949413908937835671e-01,7.414789543134640837e-02,3.812278476280266809e-02
1.000000000000000000e+01,4.200000000000000000e+01,1.000000000000000000e+00,6.989837218036940580e-01,1.928441688899558415e-01,7.191789726427418039e-02,3.625421204207582987e-02
1.000000000000000000e+01,4.300000000000000000e+01,1.000000000000000000e+00,6.607328836133322669e-01,2.048245039649706223e-01,8.582798606423937271e-02,4.861462635745773808e-02
1.000000000000000000e+01,4.400000000000000000e+01,1.000000000000000000e+00,6.878046392699237455e-01,1.965836476985342307e-01,7.594876177865603206e-02,3.966295125288595708e-02
1.000000000000000000e+01,4.500000000000000000e+01,1.000000000000000000e+00,6.998183466182761325e-01,1.925569344226499002e-01,7.161830238924067615e-02,3.600641656983331884e-02
1.000000000000000000e+01,4.600000000000000000e+01,1.000000000000000000e+00,7.301717335249531260e-01,1.813335015032862818e-01,6.087263464071413638e-02,2.762213033104652868e-02
1.000000000000000000e+01,4.700000000000000000e+01,1.000000000000000000e+00,6.622267428024404268e-01,2.043992957205736094e-01,8.527919558263105659e-02,4.809476589435498356e-02
1.000000000000000000e+01,4.800000000000000000e+01,1.000000000000000000e+00,6.443183823014487777e-01,2.092739328153742639e-01,9.187995418041593199e-02,5.452773070276104028e-02
1.000000000000000000e+01,4.900000000000000000e+01,1.000000000000000000e+00,6.764483219720189844e-01,2.001794787067592563e-01,8.007473389191538393e-02,4.329746542930640318e-02
1.000000000000000000e+01,5.000000000000000000e+01,1.000000000000000000e+00,6.682720174055487572e-01,2.026436783804340391e-01,8.306228305483630281e-02,4.602202115918093556e-02
1.000000000000000000e+01,5.100000000000000000e+01,1.000000000000000000e+00,6.869947333538879430e-01,1.968468259620003991e-01,7.624202893910131396e-02,3.991641174501043415e-02
1.000000000000000000e+01,5.200000000000000000e+01,1.000000000000000000e+00,6.715393104064640850e-01,2.016713994109964325e-01,8.186687319796082107e-02,4.492241698457870996e-02
1.000000000000000000e+01,5.300000000000000000e+01,1.000000000000000000e+00,7.049816950211599265e-01,1.907548982943999827e-01,6.976933393326759103e-02,3.449407275117244431e-02
1.000000000000000000e+01,5.400000000000000000e+01,1.000000000000000000e+00,6.734822102886393047e-01,2.010853999369919265e-01,8.115699721387918675e-02,4.427539256048960287e-02
1.000000000000000000e+01,5.500000000000000000e+01,1.000000000000000000e+00,7.100059238598549483e-01,1.889597174686952208e-01,6.797786329386880377e-02,3.305649537758105494e-02
1.000000000000000000e+01,5.600000000000000000e+01,1.000000000000000000e+00,6.722859560472148610e-01,2.014468954711459425e-01,8.159398391299257924e-02,4.467316456864665192e-02
1.000000000000000000e+01,5.700000000000000000e+01,1.000000000000000000e+00,6.684062505446255464e-01,2.026040580007320568e-01,8.301313145771416213e-02,4.597655999692825540e-02
1.000000000000000000e+01,5.800000000000000000e+01,1.000000000000000000e+00,7.150532267930360675e-01,1.871145327150333937e-01,6.618623666086946578e-02,3.164600383106100367e-02
1.000000000000000000e+01,5.900000000000000000e+01,1.000000000000000000e+00,7.267664870829720902e-01,1.826691584885575259e-01,6.206211666565568386e-02,2.850223776281468266e-02
1.000000000000000000e+01,6.000000000000000000e+01,1.000000000000000000e+00,6.605236605966635643e-01,2.048837847238720034e-01,8.590487633552795765e-02,4.868767834393652322e-02
1.000000000000000000e+01,6.100000000000000000e+01,1.000000000000000000e+00,6.633593017322512164e-01,2.040746539799536963e-01,8.486338178070901295e-02,4.770266250708617845e-02
1.000000000000000000e+01,6.200000000000000000e+01,1.000000000000000000e+00,7.432961498478701801e-01,1.760000768894297851e-01,5.633195864708952227e-02,2.437181461561049867e-02
1.000000000000000000e+01,6.300000000000000000e+01,1.000000000000000000e+00,6.674416815661620150e-01,2.028881440397811708e-01,8.336639733351827730e-02,4.630377706053849518e-02
1.000000000000000000e+01,6.400000000000000000e+01,1.000000000000000000e+00,6.785676608148440980e-01,1.995237820919833760e-01,7.930255846775571826e-02,4.260599862541681465e-02
1.000000000000000000e+01,6.500000000000000000e+01,1.000000000000000000e+00,7.101844871786158198e-01,1.888951548183067930e-01,6.791433851988776249e-02,3.300601948318954149e-02
1.000000000000000000e+01,6.600000000000000000e+01,1.000000000000000000e+00,6.753520066177099990e-01,2.005159147213818605e-01,8.047454334184053759e-02,4.365753531906761686e-02
1.000000000000000000e+01,6.700000000000000000e+01,1.000000000000000000e+00,7.159458856002773874e-01,1.867838135544629685e-01,6.587024800176119466e-02,3.140005284349847714e-02
1.000000000000000000e+01,6.800000000000000000e+01,1.000000000000000000e+00,6.553070678187223885e-01,2.063403069343063556e-01,8.782422222054325767e-02,5.052840302642796350e-02
1.000000000000000000e+01,6.900000000000000000e+01,1.000000000000000000e+00,6.803250543630753322e-01,1.989747392575616780e-01,7.866298880463420962e-02,4.203721757472880100e-02
1.000000000000000000e+01,7.000000000000000000e+01,1.000000000000000000e+00,6.771517389987907753e-01,1.999626280076592100e-01,7.981834037988302932e-02,4.306729261366697842e-02
1.000000000000000000e+01,7.100000000000000000e+01,1.000000000000000000e+00,6.995392382772342987e-01,1.926531142006298325e-01,7.171846860322758643e-02,3.608917891890824764e-02
1.000000000000000000e+01,7.200000000000000000e+01,1.000000000000000000e+00,6.734953292182278561e-01,2.010814232227734477e-01,8.115220649996325586e-02,4.427104105903534315e-02
1.000000000000000000e+01,7.300000000000000000e+01,1.000000000000000000e+00,6.945013028773237007e-01,1.943675908776221761e-01,7.353018500237913646e-02,3.760092124267496588e-02
1.000000000000000000e+01,7.400000000000000000e+01,1.000000000000000000e+00,7.122435980621804053e-01,1.881468576892732503e-01,6.718253768865077580e-02,3.242700655989561032e-02
1.000000000000000000e+01,7.500000000000000000e+01,1.000000000000000000e+00,7.192135615107748681e-01,1.855618852868438640e-01,6.471585668399809643e-02,3.050869651838324439e-02
1.000000000000000000e+01,7.600000000000000000e+01,1.000000000000000000e+00,7.027110431372869392e-01,1.915526977370531070e-01,7.058148426048611868e-02,3.515477486517388367e-02
1.000000000000000000e+01,7.700000000000000000e+01,1.000000000000000000e+00,6.661346785853415886e-01,2.032707990626275163e-01,8.384534679584339234e-02,4.674917555618750969e-02
1.000000000000000000e+01,7.800000000000000000e+01,1.000000000000000000e+00,6.557148923659188444e-01,2.062279272412643472e-01,8.767402122219455918e-02,5.038315917062228394e-02
1.000000000000000000e+01,7.900000000000000000e+01,1.000000000000000000e+00,7.079248877048631705e-01,1.897082933086978174e-01,6.871894339802275820e-02,3.364787558841626086e-02
1.000000000000000000e+01,8.000000000000000000e+01,1.000000000000000000e+00,6.568440616828955525e-01,2.059154591757353658e-01,8.725827984049069896e-02,4.998219930087838270e-02
1.000000000000000000e+01,8.100000000000000000e+01,1.000000000000000000e+00,6.605856469156754507e-01,2.048662286258574050e-01,8.588209538142943522e-02,4.866602907703768827e-02
1.000000000000000000e+01,8.200000000000000000e+01,1.000000000000000000e+00,6.974613722127390725e-01,1.933651883268244498e-01,7.246485723325581108e-02,3.670858222718070135e-02
1.000000000000000000e+01,8.300000000000000000e+01,1.000000000000000000e+00,7.297972705326511988e-01,1.814813420004797173e-01,6.100321858123633478e-02,2.771816888563275252e-02
1.000000000000000000e+01,8.400000000000000000e+01,1.000000000000000000e+00,6.549775843440603929e-01,2.064309150748184496e-01,8.794558826908098481e-02,5.064591231204010335e-02
1.000000000000000000e+01,8.500000000000000000e+01,1.000000000000000000e+00,7.039722960117450468e-01,1.911105886299658829e-01,7.013017972690745172e-02,3.478693563138157696e-02
1.000000000000000000e+01,8.600000000000000000e+01,1.000000000000000000e+00,6.820029895800360231e-01,1.984460009631374700e-01,7.805297206989507408e-02,4.149803738693143978e-02
1.000000000000000000e+01,8.700000000000000000e+01,1.000000000000000000e+00,6.786344382539521991e-01,1.995030079371600817e-01,7.927824384571109662e-02,4.258430996317663642e-02
1.000000000000000000e+01,8.800000000000000000e+01,1.000000000000000000e+00,6.957959801193921434e-01,1.939308906730257964e-01,7.306394012391240200e-02,3.720918908366961653e-02
1.000000000000000000e+01,8.900000000000000000e+01,1.000000000000000000e+00,6.744695178208514053e-01,2.007853723390558287e-01,8.079655314002895383e-02,4.394855670006381221e-02
1.000000000000000000e+01,9.000000000000000000e+01,1.000000000000000000e+00,6.735199402371800925e-01,2.010739622141410055e-01,8.114321924743980730e-02,4.426287830123909472e-02
1.000000000000000000e+01,9.100000000000000000e+01,1.000000000000000000e+00,6.604201287243139928e-01,2.049130945096390155e-01,8.594292732751086794e-02,4.872384943853615841e-02
1.000000000000000000e+01,9.200000000000000000e+01,1.000000000000000000e+00,6.602171729257065858e-01,2.049705037014569742e-01,8.601752455199722369e-02,4.879479882083912617e-02
1.000000000000000000e+01,9.300000000000000000e+01,1.000000000000000000e+00,7.049298961961402155e-01,1.907731914660693584e-01,6.978784386100135573e-02,3.450906847678912592e-02
1.000000000000000000e+01,9.400000000000000000e+01,1.000000000000000000e+00,7.225631489839562382e-01,1.842908331556437906e-01,6.353641087556974321e-02,2.960960698483012729e-02
1.000000000000000000e+01,9.500000000000000000e+01,1.000000000000000000e+00,6.659292942991641429e-01,2.033306912108817088e-01,8.392063744155925376e-02,4.681937704839481823e-02
1.000000000000000000e+01,9.600000000000000000e+01,1.000000000000000000e+00,6.598495638925198081e-01,2.050743277512215856e-01,8.615265763541125887e-02,4.892345072084739593e-02
1.000000000000000000e+01,9.700000000000000000e+01,1.000000000000000000e+00,6.813436703224700075e-01,1.986542879900122516e-01,7.829259391023631054e-02,4.170944777728148589e-02
1.000000000000000000e+01,9.800000000000000000e+01,1.000000000000000000e+00,6.818233586960547044e-01,1.985028162644866812e-01,7.811824711514177288e-02,4.155557792431682773e-02
1.000000000000000000e+01,9.900000000000000000e+01,1.000000000000000000e+00,6.663328902944788412e-01,2.032129370415557135e-01,8.377269263443874736e-02,4.668148002952678122e-02
1.000000000000000000e+01,1.000000000000000000e+02,1.000000000000000000e+00,6.951186259782010657e-01,1.941597004904336288e-01,7.330781597274349526e-02,3.741385755862184498e-02
1.000000000000000000e+01,1.010000000000000000e+02,1.000000000000000000e+00,6.656398220146456657e-01,2.034149942405807654e-01,8.402676614374843256e-02,4.691841760102512943e-02
1.000000000000000000e+01,1.020000000000000000e+02,1.000000000000000000e+00,6.724671919202446224e-01,2.013922705534111346e-01,8.152776101720084212e-02,4.461277650914338699e-02
1.000000000000000000e+01,1.030000000000000000e+02,1.000000000000000000e+00,7.126727376987830320e-01,1.879900253252239362e-01,6.703019563475522136e-02,3.230704134123771332e-02
1.000000000000000000e+01,1.040000000000000000e+02,1.000000000000000000e+00,6.634069399832360769e-01,2.040609557238249328e-01,8.484589637287813513e-02,4.768620792006089681e-02
1.000000000000000000e+01,1.050000000000000000e+02,1.000000000000000000e+00,6.777491937809896339e-01,1.997778369681101340e-01,7.960065173626690305e-02,4.287231751463332907e-02
1.000000000000000000e+01,1.060000000000000000e+02,1.000000000000000000e+00,7.073968460068422726e-01,1.898971079861979105e-01,6.890719989185491168e-02,3.379884611510489134e-02
1.000000000000000000e+01,1.070000000000000000e+02,1.000000000000000000e+00,7.018317277348986583e-01,1.918593975042610089e-01,7.089639871007102911e-02,3.541247605076931065e-02
1.000000000000000000e+01,1.080000000000000000e+02,1.000000000000000000e+00,6.870621163979417911e-01,1.968249695404359345e-01,7.621762345942609262e-02,3.989529060219614010e-02
1.000000000000000000e+01,1.090000000000000000e+02,1.000000000000000000e+00,6.499797190739340369e-01,2.077852175915660959e-01,8.978845712875134499e-02,5.244660620574857768e-02
1.000000000000000000e+01,1.100000000000000000e+02,1.000000000000000000e+00,6.998128678153766602e-01,1.925588236104259776e-01,7.162026840657381710e-02,3.600804016762353815e-02
1.000000000000000000e+01,1.110000000000000000e+02,1.000000000000000000e+00,6.332740272844991081e-01,2.120406958804872677e-01,9.597050611165779122e-02,5.871477072335586772e-02
1.000000000000000000e+01,1.120000000000000000e+02,1.000000000000000000e+00,7.015040609000483540e-01,1.919733650037552253e-01,7.101380536190837756e-02,3.550876873428809172e-02
1.000000000000000000e+01,1.130000000000000000e+02,1.000000000000000000e+00,6.579159097599438510e-01,2.056170631685140526e-01,8.686382211416031340e-02,4.960320495738179680e-02
1.000000000000000000e+01,1.140000000000000000e+02,1.000000000000000000e+00,6.913035588680116472e-01,1.954347053949149760e-01,7.468366190547409689e-02,3.857807383159921749e-02
1.000000000000000000e+01,1.150000000000000000e+02,1.000000000000000000e+00,7.063610050676150109e-01,1.902661745129790583e-01,6.927674545508070991e-02,3.409607496432515844e-02
1.000000000000000000e+01,1.160000000000000000e+02,1.000000000000000000e+00,7.233873494657461212e-01,1.839751952301560411e-01,6.324681430073493538e-02,2.939064100336295088e-02
1.000000000000000000e+01,1.170000000000000000e+02,1.000000000000000000e+00,6.676960735694414950e-01,2.028133593457933370e-01,8.327321168888925096e-02,4.621735539587592395e-02
1.000000000000000000e+01,1.180000000000000000e+02,1.000000000000000000e+00,6.785869084859649236e-01,1.995177949453662281e-01,7.929555001651901469e-02,4.259974655214990996e-02
1.000000000000000000e+01,1.190000000000000000e+02,1.000000000000000000e+00,6.815747701297411032e-01,1.985813584803478304e-01,7.820859228369872462e-02,4.163527910621228623e-02
1.000000000000000000e+01,1.200000000000000000e+02,1.000000000000000000e+00,6.774345946623777648e-01,1.998752110500071622e-01,7.971526965635021555e-02,4.297492463126480894e-02
1.000000000000000000e+01,1.210000000000000000e+02,1.000000000000000000e+00,7.375173346552901243e-01,1.783849830243841861e-01,5.832239773248503595e-02,2.577528458784067097e-02
1.000000000000000000e+01,1.220000000000000000e+02,1.000000000000000000e+00,7.133175218831854236e-01,1.877538125901980215e-01,6.680141427952714095e-02,3.212725124708940699e-02
1.000000000000000000e+01,1.230000000000000000e+02,1.000000000000000000e+00,6.943537034983453538e-01,1.944172061235561466e-01,7.358336751818118915e-02,3.764572285991726885e-02
1.000000000000000000e+01,1.240000000000000000e+02,1.000000000000000000e+00,7.291263967296016668e-01,1.817456115913234083e-01,6.123730436552753814e-02,2.789068731354738331e-02
1.000000000000000000e+01,1.250000000000000000e+02,1.000000000000000000e+00,7.062724647349313267e-01,1.902976397944098896e-01,6.930834824593799792e-02,3.412154722472082735e-02
1.000000000000000000e+01,1.260000000000000000e+02,1.000000000000000000e+00,6.929467881747931601e-01,1.948883872725389599e-01,7.409059071236900884e-02,3.807423384029886421e-02
1.000000000000000000e+01,1.270000000000000000e+02,1.000000000000000000e+00,6.630196993726290566e-01,2.041722051100393065e-01,8.498804249072269834e-02,4.782005302660893853e-02
1.000000000000000000e+01,1.280000000000000000e+02,1.000000000000000000e+00,6.965789199966603285e-01,1.936654961226851046e-01,7.278220315999039958e-02,3.697338072066414655e-02
1.000000000000000000e+01,1.290000000000000000e+02,1.000000000000000000e+00,7.334941680051445534e-01,1.800113185512899339e-01,5.971644984291565872e-02,2.677806360064978117e-02
1.000000000000000000e+01,1.300000000000000000e+02,1.000000000000000000e+00,7.101066651383971529e-01,1.889232991615184265e-01,6.794202284545908244e-02,3.302801285462537983e-02
1.000000000000000000e+01,1.310000000000000000e+02,1.000000000000000000e+00,7.129068629615825659e-01,1.879043343401992916e-01,6.694710789904100012e-02,3.224169479917711467e-02
1.000000000000000000e+01,1.320000000000000000e+02,1.000000000000000000e+00,7.321369929507908214e-01,1.805536899296443232e-01,6.018820695667286697e-02,2.712111016289200233e-02
1.000000000000000000e+01,1.330000000000000000e+02,1.000000000000000000e+00,7.615658770252685672e-01,1.680745558173945275e-01,5.014036460080688318e-02,2.021920255652995962e-02
1.000000000000000000e+01,1.340000000000000000e+02,1.000000000000000000e+00,6.449831601615555465e-01,2.091016085663351676e-01,9.163415758604437356e-02,5.428107368606491928e-02
1.000000000000000000e+01,1.350000000000000000e+02,1.000000000000000000e+00,7.047964988569551670e-01,1.908202816848312833e-01,6.983551612034126499e-02,3.454770333787228476e-02
1.000000000000000000e+01,1.360000000000000000e+02,1.000000000000000000e+00,6.470278483722362584e-01,2.085674400869631795e-01,9.087848283150372353e-02,5.352622870929694271e-02
1.000000000000000000e+01,1.370000000000000000e+02,1.000000000000000000e+00,7.267064585250306852e-01,1.826925276097545181e-01,6.208312493338698917e-02,2.851788893182782836e-02
1.000000000000000000e+01,1.380000000000000000e+02,1.000000000000000000e+00,7.379417405052385304e-01,1.782117970896821280e-01,5.817573019142598112e-02,2.567073221365329463e-02
1.000000000000000000e+01,1.390000000000000000e+02,1.000000000000000000e+00,6.417096921599813042e-01,2.099437878381524292e-01,9.284499095740537944e-02,5.550152904446090801e-02
1.000000000000000000e+01,1.400000000000000000e+02,1.000000000000000000e+00,6.922809919568281289e-01,1.951102614902799071e-01,7.433080471999692351e-02,3.827794183289505436e-02
1.000000000000000000e+01,1.410000000000000000e+02,1.000000000000000000e+00,6.828743775906428448e-01,1.981696702116289566e-01,7.773642704785818647e-02,4.121952514987002603e-02
1.000000000000000000e+01,1.420000000000000000e+02,1.000000000000000000e+00,6.908122971456300832e-01,1.955971968278719941e-01,7.486110150824176745e-02,3.872940451825611363e-02
1.000000000000000000e+01,1.430000000000000000e+02,1.000000000000000000e+00,6.811213232816636376e-01,1.987243761612763615e-01,7.837342530490393200e-02,4.178087525215605502e-02
1.000000000000000000e+01,1.440000000000000000e+02,1.000000000000000000e+00,6.713337147711402331e-01,2.017330669882428928e-01,8.194203478785233585e-02,4.499118345276460762e-02
1.000000000000000000e+01,1.450000000000000000e+02,1.000000000000000000e+00,7.126338382960608619e-01,1.880042539317224592e-01,6.704400221798746673e-02,3.231790555422923289e-02
1.000000000000000000e+01,1.460000000000000000e+02,1.000000000000000000e+00,6.840860641041588419e-01,1.977834384979830495e-01,7.729655215957460801e-02,4.083394523828352829e-02
1.000000000000000000e+01,1.470000000000000000e+02,1.000000000000000000e+00,7.196482542415534311e-01,1.853979939205944172e-01,6.456256928734538381e-02,3.039118255050676093e-02
1.000000000000000000e+01,1.480000000000000000e+02,1.000000000000000000e+00,6.917069540406203254e-01,1.953009893016335596e-01,7.453800496444672186e-02,3.845405169329942086e-02
1.000000000000000000e+01,1.490000000000000000e+02,1.000000000000000000e+00,7.493904291190534028e-01,1.734219514629121439e-01,5.424890988016918547e-02,2.293870953786522615e-02
1.000000000000000000e+01,1.500000000000000000e+02,1.000000000000000000e+00,7.226287144878980051e-01,1.842657657827020123e-01,6.351336430005471989e-02,2.959215542934518287e-02
1.000000000000000000e+01,1.510000000000000000e+02,1.000000000000000000e+00,7.206417151538219157e-01,1.850222462705277127e-01,6.421249135361202509e-02,3.012354722203834656e-02
1.000000000000000000e+01,1.520000000000000000e+02,1.000000000000000000e+00,7.093491571602588142e-01,1.891967322588152534e-01,6.821159820034379540e-02,3.324251238058211627e-02
1.000000000000000000e+01,1.530000000000000000e+02,1.000000000000000000e+00,6.865497759690203372e-01,1.969909722041308653e-01,7.640321561621700452e-02,4.005603621063177217e-02
1.000000000000000000e+01,1.540000000000000000e+02,1.000000000000000000e+00,6.577603023612137445e-01,2.056604916056523902e-01,8.692107724694647652e-02,4.965812878618735410e-02
1.000000000000000000e+01,1.550000000000000000e+02,1.000000000000000000e+00,7.233928492078314232e-01,1.839730852021096152e-01,6.324488270644969268e-02,2.938918288360933481e-02
1.000000000000000000e+01,1.560000000000000000e+02,1.000000000000000000e+00,6.934025673807155954e-01,1.947360919482397645e-01,7.392621565885598711e-02,3.793512501218856275e-02
1.000000000000000000e+01,1.570000000000000000e+02,1.000000000000000000e+00,6.688745848196697708e-01,2.024656064529578026e-01,8.284166955569506607e-02,4.581813917167739530e-02
1.000000000000000000e+01,1.580000000000000000e+02,1.000000000000000000e+00,6.604338039124160176e-01,2.049092240123460140e-01,8.593790119629689250e-02,4.871907087894112448e-02
1.000000000000000000e+01,1.590000000000000000e+02,1.000000000000000000e+00,6.755802989199121145e-01,2.004460109986388461e-01,8.039126813544576755e-02,4.358242194600325109e-02
1.000000000000000000e+01,1.600000000000000000e+02,1.000000000000000000e+00,7.098201438217136561e-01,1.890268338460400765e-01,6.804396619621951026e-02,3.310905613602677100e-02
1.000000000000000000e+01,1.610000000000000000e+02,1.000000000000000000e+00,6.880237420526433834e-01,1.965122717026007715e-01,7.586945202260370058e-02,3.959453422215212376e-02
1.000000000000000000e+01,1.620000000000000000e+02,1.000000000000000000e+00,6.629249230260283454e-01,2.041993982114750361e-01,8.502283633510665517e-02,4.785284242738997024e-02
1.000000000000000000e+01,1.630000000000000000e+02,1.000000000000000000e+00,6.748253907954735453e-01,2.006768564858871229e-01,8.066668014608634196e-02,4.383107257255308004e-02
1.000000000000000000e+01,1.640000000000000000e+02,1.000000000000000000e+00,7.103309866428638708e-01,1.888421462779705240e-01,6.786222819281567675e-02,3.296463888635001172e-02
1.000000000000000000e+01,1.650000000000000000e+02,1.000000000000000000e+00,7.002626613163633884e-01,1.924035653788721267e-01,7.145889251384635044e-02,3.587488079091813442e-02
1.000000000000000000e+01,1.660000000000000000e+02,1.000000000000000000e+00,6.793245937439553739e-01,1.992878949946754463e-01,7.902700478538265960e-02,4.236050647598644386e-02
1.000000000000000000e+01,1.670000000000000000e+02,1.000000000000000000e+00,7.011907335325923141e-01,1.920821823087217606e-01,7.112610299323247898e-02,3.560098116545355046e-02
1.000000000000000000e+01,1.680000000000000000e+02,1.000000000000000000e+00,7.120090387897990425e-01,1.882324507968841654e-01,6.726583019549930986e-02,3.249268021781751697e-02
1.000000000000000000e+01,1.690000000000000000e+02,1.000000000000000000e+00,6.959573968592983606e-01,1.938762555302987467e-01,7.300584155061379255e-02,3.716050605978908628e-02
1.000000000000000000e+01,1.700000000000000000e+02,1.000000000000000000e+00,6.395307292501744012e-01,2.104955316167369805e-01,9.365163527717135228e-02,5.632210385591725210e-02
1.000000000000000000e+01,1.710000000000000000e+02,1.000000000000000000e+00,6.588615340210964844e-01,2.053523575046248828e-01,8.651596433697830713e-02,4.927014413730033959e-02
1.000000000000000000e+01,1.720000000000000000e+02,1.000000000000000000e+00,6.728086377386807149e-01,2.012892196145377177e-01,8.140301560202432840e-02,4.449912704475719044e-02
1.000000000000000000e+01,1.730000000000000000e+02,1.000000000000000000e+00,7.312492492524179655e-01,1.809067600390532049e-01,6.049718655374273363e-02,2.734680415478608559e-02
1.000000000000000000e+01,1.740000000000000000e+02,1.000000000000000000e+00,6.350895772277609375e-01,2.115982856942824064e-01,9.529724032946099155e-02,5.801489674849567846e-02
1.000000000000000000e+01,1.750000000000000000e+02,1.000000000000000000e+00,6.544818431616713506e-01,2.065669345361123566e-01,8.812822569074572898e-02,5.082299661147050146e-02
1.000000000000000000e+01,1.760000000000000000e+02,1.000000000000000000e+00,7.026251392067149881e-01,1.915827157914741785e-01,7.061223961381600522e-02,3.517990538799479344e-02
1.000000000000000000e+01,1.770000000000000000e+02,1.000000000000000000e+00,7.073729201564274982e-01,1.899056524749307417e-01,6.891573193449897217e-02,3.380569543414284339e-02
1.000000000000000000e+01,1.780000000000000000e+02,1.000000000000000000e+00,7.092082640395469539e-01,1.892474856994313392e-01,6.826175801454305303e-02,3.328249224647873705e-02
1.000000000000000000e+01,1.790000000000000000e+02,1.000000000000000000e+00,7.225596740494014680e-01,1.842921615108801536e-01,6.353763237450697765e-02,2.961053206521150130e-02
1.000000000000000000e+01,1.800000000000000000e+02,1.000000000000000000e+00,7.061472612627105461e-01,1.903421124987300928e-01,6.935304132380332165e-02,3.415758491475604647e-02
1.000000000000000000e+01,1.810000000000000000e+02,1.000000000000000000e+00,6.459580182536408532e-01,2.088477103259738232e-01,9.127380655213164495e-02,5.392046486825372714e-02
1.000000000000000000e+01,1.820000000000000000e+02,1.000000000000000000e+00,7.065307584149507214e-01,1.902058121134468094e-01,6.921616190716763095e-02,3.404726756443490071e-02
1.000000000000000000e+01,1.830000000000000000e+02,1.000000000000000000e+00,7.161673356707843885e-01,1.867015643941085934e-01,6.579189944653940358e-02,3.133920048856767004e-02
1.000000000000000000e+01,1.840000000000000000e+02,1.000000000000000000e+00,7.298410360986351542e-01,1.814640753648431859e-01,6.098795368823078933e-02,2.770693484829091571e-02
1.000000000000000000e+01,1.850000000000000000e+02,1.000000000000000000e+00,7.216904630039930879e-01,1.846237966151750565e-01,6.384331200913537230e-02,2.984242837169654577e-02
1.000000000000000000e+01,1.860000000000000000e+02,1.000000000000000000e+00,6.740450700668287887e-01,2.009145411100641820e-01,8.095148553367906286e-02,4.408890328942800113e-02
1.000000000000000000e+01,1.870000000000000000e+02,1.000000000000000000e+00,6.962061389386289267e-01,1.937919812219359716e-01,7.291632583434282111e-02,3.708555400509228744e-02
1.000000000000000000e+01,1.880000000000000000e+02,1.000000000000000000e+00,6.995778618711064878e-01,1.926398121450290102e-01,7.170460608292866800e-02,3.607771990093581321e-02
1.000000000000000000e+01,1.890000000000000000e+02,1.000000000000000000e+00,6.573487058283912221e-01,2.057751866531005724e-01,8.707254056428490041e-02,4.980356695422330504e-02
1.000000000000000000e+01,1.900000000000000000e+02,1.000000000000000000e+00,6.508584253510125706e-01,2.075498381189244401e-01,8.946420082015234254e-02,5.212753570991061208e-02
1.000000000000000000e+01,1.910000000000000000e+02,1.000000000000000000e+00,6.789983788326918734e-01,1.993896650642212887e-01,7.914574477768311633e-02,4.246621132540378402e-02
1.000000000000000000e+01,1.920000000000000000e+02,1.000000000000000000e+00,6.940171041356922865e-01,1.945302228121898180e-01,7.370467144548238647e-02,3.774800160663545345e-02
1.000000000000000000e+01,1.930000000000000000e+02,1.000000000000000000e+00,7.386678476707132512e-01,1.779147763215720435e-01,5.792497595181030079e-02,2.549240005590448777e-02
1.000000000000000000e+01,1.940000000000000000e+02,1.000000000000000000e+00,6.864378007043211438e-01,1.970271978039025151e-01,7.644378636571749763e-02,4.009121512605885729e-02
1.000000000000000000e+01,1.950000000000000000e+02,1.000000000000000000e+00,6.582845211495238491e-01,2.055140406428023203e-01,8.672820796881855476e-02,4.947323023885528970e-02
1.000000000000000000e+01,1.960000000000000000e+02,1.000000000000000000e+00,6.620475157284735346e-01,2.044504903995938982e-01,8.534501771779433310e-02,4.815697615413823407e-02
1.000000000000000000e+01,1.970000000000000000e+02,1.000000000000000000e+00,6.536675867189546407e-01,2.067895401475220440e-01,8.842828547274170226e-02,5.111458766078159910e-02
1.000000000000000000e+01,1.980000000000000000e+02,1.000000000000000000e+00,7.324790104033155336e-01,1.804173052076385175e-01,6.006925132387517380e-02,2.703443306517082020e-02
1.000000000000000000e+01,1.990000000000000000e+02,1.000000000000000000e+00,6.673790203531209109e-01,2.029065495271437092e-01,8.338935240302129681e-02,4.632507771671413865e-02
1.000000000000000000e+01,2.000000000000000000e+02,1.000000000000000000e+00,6.778961712984336030e-01,1.997322917932408959e-01,7.954711061737146371e-02,4.282442629095408598e-02
1.000000000000000000e+01,2.010000000000000000e+02,1.000000000000000000e+00,6.704984748618094681e-01,2.019829211348908860e-01,8.224746538806403107e-02,4.527113861523560101e-02
1.000000000000000000e+01,2.020000000000000000e+02,1.000000000000000000e+00,7.262461026125009989e-01,1.828715417591371406e-01,6.224428146702488257e-02,2.863807416133701614e-02
1.000000000000000000e+01,2.030000000000000000e+02,1.000000000000000000e+00,7.035116494805266907e-01,1.912723595289653744e-01,7.029495500766787253e-02,3.492103598284007626e-02
1.000000000000000000e+01,2.040000000000000000e+02,1.000000000000000000e+00,6.993374962859563171e-01,1.927225554535557661e-01,7.179088331134858558e-02,3.614906494913928264e-02
1.000000000000000000e+01,2.050000000000000000e+02,1.000000000000000000e+00,6.665824323016372732e-01,2.031400047839117262e-01,8.368123343507233303e-02,4.659632947937873693e-02
1.000000000000000000e+01,2.060000000000000000e+02,1.000000000000000000e+00,7.158348564544083636e-01,1.868250204555460536e-01,6.590953612266167716e-02,3.143058696738389862e-02
1.000000000000000000e+01,2.070000000000000000e+02,1.000000000000000000e+00,7.197023275796466946e-01,1.853775846919693826e-01,6.454350583794528362e-02,3.037658189043865656e-02
1.000000000000000000e+01,2.080000000000000000e+02,1.000000000000000000e+00,6.704195638022423243e-01,2.020064708466703107e-01,8.227632850868056569e-02,4.529763684240684096e-02
1.000000000000000000e+01,2.090000000000000000e+02,1.000000000000000000e+00,7.289299890921508984e-01,1.818228355589389389e-01,6.130586925846178564e-02,2.794130609044835969e-02
1.000000000000000000e+01,2.100000000000000000e+02,1.000000000000000000e+00,6.912843456129579289e-01,1.954410676664603552e-01,7.469060041759695290e-02,3.858398630298479071e-02
1.000000000000000000e+01,2.110000000000000000e+02,1.000000000000000000e+00,7.415322901115680709e-01,1.767341573536103105e-01,5.693796484143535258e-02,2.479558769338626248e-02
1.000000000000000000e+01,2.120000000000000000e+02,1.000000000000000000e+00,7.459157876269514320e-01,1.748998344174137187e-01,5.543448501613269103e-02,2.374989293950207844e-02
1.000000000000000000e+01,2.130000000000000000e+02,1.000000000000000000e+00,7.074931229596855831e-01,1.898627157364472240e-01,6.887286897631454685e-02,3.377129232755266691e-02
1.000000000000000000e+01,2.140000000000000000e+02,1.000000000000000000e+00,7.257312635477680685e-01,1.830713182431542296e-01,6.242460531695531722e-02,2.877281289212244714e-02
1.000000000000000000e+01,2.150000000000000000e+02,1.000000000000000000e+00,6.931264555023662899e-01,1.948283923975911713e-01,7.402578789367331158e-02,3.801936420636926189e-02
1.000000000000000000e+01,2.160000000000000000e+02,1.000000000000000000e+00,7.067686457179955806e-01,1.901211428310091156e-01,6.913127673731175871e-02,3.397893471368350349e-02
1.000000000000000000e+01,2.170000000000000000e+02,1.000000000000000000e+00,7.154072724523596882e-01,1.869835212188806495e-01,6.606087736955582046e-02,3.154832895920381408e-02
1.000000000000000000e+01,2.180000000000000000e+02,1.000000000000000000e+00,6.865626743948238797e-01,1.969867981041833194e-01,7.639854246651422987e-02,4.005198503447857800e-02
1.000000000000000000e+01,2.190000000000000000e+02,1.000000000000000000e+00,7.081706964637221047e-01,1.896202424667421949e-01,6.863133757404774049e-02,3.357772349548798080e-02
1.000000000000000000e+01,2.200000000000000000e+02,1.000000000000000000e+00,6.729981119556435187e-01,2.012319568390841529e-01,8.133380215009720915e-02,4.443612905517507761e-02
1.000000000000000000e+01,2.210000000000000000e+02,1.000000000000000000e+00,7.206066158772703734e-01,1.850355496659895627e-01,6.422485375635611504e-02,3.013298070038392465e-02
1.000000000000000000e+01,2.220000000000000000e+02,1.000000000000000000e+00,7.099336827475954959e-01,1.889858226055085022e-01,6.800356630029301408e-02,3.307692834660301562e-02
1.000000000000000000e+01,2.230000000000000000e+02,1.000000000000000000e+00,7.252745932128772388e-01,1.832481487599602055e-01,6.258463845045224294e-02,2.889261957671031278e-02
1.000000000000000000e+01,2.240000000000000000e+02,1.000000000000000000e+00,6.843132699768263993e-01,1.977107577209158695e-01,7.721410809259031394e-02,4.076186420966745189e-02
1.000000000000000000e+01,2.250000000000000000e+02,1.000000000000000000e+00,7.196770549328679323e-01,1.853871241083847321e-01,6.455241553197220428e-02,3.038340542677512440e-02
1.000000000000000000e+01,2.260000000000000000e+02,1.000000000000000000e+00,6.926501215740873407e-01,1.949873378419699488e-01,7.419761147795568557e-02,3.816492910598701105e-02
1.000000000000000000e+01,2.270000000000000000e+02,1.000000000000000000e+00,7.055981753270554879e-01,1.905368475695642105e-01,6.954910121879781526e-02,3.431587588458254873e-02
1.000000000000000000e+01,2.280000000000000000e+02,1.000000000000000000e+00,6.354753283974392541e-01,2.115036597535539520e-01,9.515422992393066104e-02,5.786678192507615365e-02
1.000000000000000000e+01,2.290000000000000000e+02,1.000000000000000000e+00,7.243708235517288818e-01,1.835970673920384599e-01,6.290157941580092060e-02,2.913052964043168561e-02
1.000000000000000000e+01,2.300000000000000000e+02,1.000000000000000000e+00,7.242848797262034788e-01,1.836301761162357216e-01,6.293173461012285808e-02,2.915320954743788259e-02
1.000000000000000000e+01,2.310000000000000000e+02,1.000000000000000000e+00,6.813872455168380471e-01,1.986405431305479918e-01,7.827675400640116132e-02,4.169545734621286914e-02
1.000000000000000000e+01,2.320000000000000000e+02,1.000000000000000000e+00,6.719616846381601949e-01,2.015445045965887916e-01,8.171248752823798145e-02,4.478132323701299738e-02
1.000000000000000000e+01,2.330000000000000000e+02,1.000000000000000000e+00,6.807160045694815587e-01,1.988519409089740952e-01,7.852080203623619525e-02,4.191125248530809533e-02
1.000000000000000000e+01,2.340000000000000000e+02,1.000000000000000000e+00,6.808071391296716124e-01,1.988232808713966404e-01,7.848766168710226421e-02,4.188191831182955932e-02
1.000000000000000000e+01,2.350000000000000000e+02,1.000000000000000000e+00,6.708903417962739368e-01,2.018658322315525500e-01,8.210415075272231578e-02,4.513967521945120437e-02
1.000000000000000000e+01,2.360000000000000000e+02,1.000000000000000000e+00,6.767388159999814246e-01,2.000900182424589779e-01,7.996883705858064129e-02,4.320232869897890765e-02
1.000000000000000000e+01,2.370000000000000000e+02,1.000000000000000000e+00,6.756390124576728828e-01,2.004280196327792030e-01,8.036985267097157548e-02,4.356311523857631096e-02
1.000000000000000000e+01,2.380000000000000000e+02,1.000000000000000000e+00,6.848073627452935241e-01,1.975524214704266757e-01,7.703486283419731795e-02,4.060535295008249612e-02
1.000000000000000000e+01,2.390000000000000000e+02,1.000000000000000000e+00,7.786059843141613923e-01,1.601403260287216079e-01,4.452200348362173737e-02,1.673168617349520340e-02
1.000000000000000000e+01,2.400000000000000000e+02,1.000000000000000000e+00,7.303387909070776507e-01,1.812674692075655625e-01,6.081439553208247556e-02,2.757934435327435291e-02
1.000000000000000000e+01,2.410000000000000000e+02,1.000000000000000000e+00,7.589481385588529028e-01,1.692465965757765090e-01,5.101745710748559204e-02,2.078780775788504481e-02
1.000000000000000000e+01,2.420000000000000000e+02,1.000000000000000000e+00,7.277604738755976133e-01,1.822813132763274890e-01,6.171444861959624745e-02,2.824376422847866761e-02
1.000000000000000000e+01,2.430000000000000000e+02,1.000000000000000000e+00,6.838195195931504600e-01,1.978685995206926340e-01,7.739328594832410591e-02,4.091859493783277235e-02
1.000000000000000000e+01,2.440000000000000000e+02,1.000000000000000000e+00,7.052471105358601999e-01,1.906610960696267232e-01,6.967450230640165332e-02,3.441729108811138194e-02
1.000000000000000000e+01,2.450000000000000000e+02,1.000000000000000000e+00,6.781137282196371130e-01,1.996648136098108095e-01,7.946786721860331359e-02,4.275359095194869452e-02
1.000000000000000000e+01,2.460000000000000000e+02,1.000000000000000000e+00,6.967167330485772858e-01,1.936186794199305783e-01,7.273262904990888955e-02,3.693195848158334349e-02
1.000000000000000000e+01,2.470000000000000000e+02,1.000000000000000000e+00,7.106761725011810915e-01,1.887171066617732984e-01,6.773947154037950058e-02,3.286724929666606093e-02
1.000000000000000000e+01,2.480000000000000000e+02,1.000000000000000000e+00,6.702643037770297241e-01,2.020527775519052882e-01,8.233312108603799140e-02,4.534979758502698938e-02
1.000000000000000000e+01,2.490000000000000000e+02,1.000000000000000000e+00,6.610212688271768222e-01,2.047426841139840525e-01,8.572201506026608242e-02,4.851403199857300813e-02
1.000000000000000000e+01,2.500000000000000000e+02,1.000000000000000000e+00,6.364341876196911718e-01,2.112674958870306985e-01,9.479881063407279151e-02,5.749950585920531043e-02
1.000000000000000000e+01,2.510000000000000000e+02,1.000000000000000000e+00,7.065911025837290360e-01,1.901843430589633677e-01,6.919462769879107522e-02,3.402992665851653498e-02
1.000000000000000000e+01,2.520000000000000000e+02,1.000000000000000000e+00,6.434539596202633049e-01,2.094970221303027458e-01,9.219964533369028048e-02,5.484937291574362717e-02
1.000000000000000000e+01,2.530000000000000000e+02,1.000000000000000000e+00,6.763927247212379035e-01,2.001965854170723036e-01,8.009500335180765040e-02,4.331568650988220498e-02
1.000000000000000000e+01,2.540000000000000000e+02,1.000000000000000000e+00,7.104622172530041802e-01,1.887946325783523560e-01,6.781555485212065193e-02,3.292759531652282579e-02
1.000000000000000000e+01,2.550000000000000000e+02,1.000000000000000000e+00,6.662735697683633829e-01,2.032302602390282931e-01,8.379443573560116376e-02,4.670173425700712561e-02
1.000000000000000000e+01,2.560000000000000000e+02,1.000000000000000000e+00,6.912542720470948865e-01,1.954510250364583646e-01,7.470146111928917254e-02,3.859324179715764580e-02
1.000000000000000000e+01,2.570000000000000000e+02,1.000000000000000000e+00,7.281592918900073874e-01,1.821252276659124092e-01,6.157505939881699475e-02,2.814042104526319130e-02
1.000000000000000000e+01,2.580000000000000000e+02,1.000000000000000000e+00,7.121736346280163055e-01,1.881723975643180002e-01,6.720737998486604747e-02,3.244658782279958437e-02
1.000000000000000000e+01,2.590000000000000000e+02,1.000000000000000000e+00,6.522818536209455953e-01,2.071660758694446602e-01,8.893915577374235382e-02,5.161291473586737677e-02
1.000000000000000000e+01,2.600000000000000000e+02,1.000000000000000000e+00,6.496392980436799247e-01,2.078760941417231167e-01,8.991410542738356715e-02,5.257050238721340529e-02
1.000000000000000000e+01,2.610000000000000000e+02,1.000000000000000000e+00,7.403385125758457086e-01,1.772279159581931496e-01,5.734887978137170189e-02,2.508469168458938442e-02
1.000000000000000000e+01,2.620000000000000000e+02,1.000000000000000000e+00,7.010413919800059235e-01,1.921339920614408558e-01,7.117963746719349616e-02,3.564497849135972452e-02
1.000000000000000000e+01,2.630000000000000000e+02,1.000000000000000000e+00,7.097394678904906939e-01,1.890559618218187188e-01,6.807267512641387852e-02,3.313189516127666018e-02
1.000000000000000000e+01,2.640000000000000000e+02,1.000000000000000000e+00,6.942103602669634776e-01,1.944653572678042841e-01,7.363502199638961854e-02,3.768926046884265441e-02
1.000000000000000000e+01,2.650000000000000000e+02,1.000000000000000000e+00,7.000135377621025112e-01,1.924895974270843246e-01,7.154826541066214296e-02,3.594859940015096567e-02
1.000000000000000000e+01,2.660000000000000000e+02,1.000000000000000000e+00,6.782243112053459866e-01,1.996304864608339502e-01,7.942759211324637580e-02,4.271761022057373597e-02
1.000000000000000000e+01,2.670000000000000000e+02,1.000000000000000000e+00,6.585881929214788544e-01,2.054290127683114087e-01,8.661650136086668228e-02,4.936629294934308937e-02
1.000000000000000000e+01,2.680000000000000000e+02,1.000000000000000000e+00,6.864167551989353022e-01,1.970340041105328177e-01,7.645141188458108583e-02,4.009782880595080118e-02
1.000000000000000000e+01,2.690000000000000000e+02,1.000000000000000000e+00,6.671728178587161828e-01,2.029670747455816215e-01,8.346489687574726313e-02,4.639521051995494638e-02
1.000000000000000000e+01,2.700000000000000000e+02,1.000000000000000000e+00,7.197675466150692536e-01,1.853529621785620918e-01,6.452051436423936193e-02,3.035897684212923719e-02
1.000000000000000000e+01,2.710000000000000000e+02,1.000000000000000000e+00,6.634676652578284095e-01,2.040434892903692787e-01,8.482360799199296919e-02,4.766523745980937032e-02
1.000000000000000000e+01,2.720000000000000000e+02,1.000000000000000000e+00,6.720395444161098020e-01,2.015210828452811964e-01,8.168403212355526688e-02,4.475534061505376249e-02
1.000000000000000000e+01,2.730000000000000000e+02,1.000000000000000000e+00,7.358092261695817760e-01,1.790788690264158711e-01,5.891345281727371208e-02,2.619845198672868941e-02
1.000000000000000000e+01,2.740000000000000000e+02,1.000000000000000000e+00,6.845343738871584316e-01,1.976399507106567366e-01,7.713388973174249708e-02,4.069178567044235556e-02
1.000000000000000000e+01,2.750000000000000000e+02,1.000000000000000000e+00,7.231011037995337398e-01,1.840849459205846361e-01,6.334736344543830111e-02,2.946658683444335070e-02
1.000000000000000000e+01,2.760000000000000000e+02,1.000000000000000000e+00,6.848077156568049828e-01,1.975523082392082463e-01,7.703473482659749239e-02,4.060524127738920908e-02
1.000000000000000000e+01,2.770000000000000000e+02,1.000000000000000000e+00,6.880367155205736607e-01,1.965080430141090684e-01,7.586475631786379625e-02,3.959048514745355102e-02
1.000000000000000000e+01,2.780000000000000000e+02,1.000000000000000000e+00,6.782497284099555657e-01,1.996225937550394347e-01,7.941833535765209506e-02,4.270934247735294620e-02
1.000000000000000000e+01,2.790000000000000000e+02,1.000000000000000000e+00,6.499598365163844482e-01,2.077905301001576888e-01,8.979579529455108955e-02,5.245383808890676652e-02
1.000000000000000000e+01,2.800000000000000000e+02,1.000000000000000000e+00,6.822687276484630248e-01,1.983618578556651246e-01,7.795642038993814971e-02,4.141299410593361763e-02
1.000000000000000000e+01,2.810000000000000000e+02,1.000000000000000000e+00,6.744842297529159980e-01,2.007808901529261059e-01,8.079118362814594057e-02,4.394369646601203189e-02
1.000000000000000000e+01,2.820000000000000000e+02,1.000000000000000000e+00,7.324150794712032120e-01,1.804428138279498273e-01,6.009148331782360880e-02,2.705062338302339706e-02
1.000000000000000000e+01,2.830000000000000000e+02,1.000000000000000000e+00,6.773985165365905559e-01,1.998863679984070607e-01,7.972841534415538167e-02,4.298670012084705727e-02
1.000000000000000000e+01,2.840000000000000000e+02,1.000000000000000000e+00,7.394771641385167182e-01,1.775826449489135705e-01,5.764574990361035628e-02,2.529444100895929595e-02
1.000000000000000000e+01,2.850000000000000000e+02,1.000000000000000000e+00,6.165381353101412332e-01,2.158913567802013544e-01,1.021883970410770170e-01,6.538211086858036758e-02
1.000000000000000000e+01,2.860000000000000000e+02,1.000000000000000000e+00,6.514360541925765524e-01,2.073944751132111297e-01,8.925110348224352119e-02,5.191836721196882443e-02
1.000000000000000000e+01,2.870000000000000000e+02,1.000000000000000000e+00,6.881612315767190458e-01,1.964674435532538233e-01,7.581969022916421053e-02,3.955163464086293434e-02
1.000000000000000000e+01,2.880000000000000000e+02,1.000000000000000000e+00,6.829253459207298427e-01,1.981534703708875966e-01,7.771791737268229916e-02,4.120326633570022684e-02
1.000000000000000000e+01,2.890000000000000000e+02,1.000000000000000000e+00,7.039217644912244554e-01,1.911283512559840136e-01,7.014825200379015691e-02,3.480163224900139490e-02
1.000000000000000000e+01,2.900000000000000000e+02,1.000000000000000000e+00,7.217452984082043388e-01,1.846029123833733410e-01,6.382401973058846045e-02,2.982776947783387367e-02
1.000000000000000000e+01,2.910000000000000000e+02,1.000000000000000000e+00,6.856498478891377424e-01,1.972815508771416093e-01,7.672936121885966243e-02,4.033924001486101363e-02
1.000000000000000000e+01,2.920000000000000000e+02,1.000000000000000000e+00,6.866907866976293962e-01,1.969453249820163898e-01,7.635212905092640667e-02,4.001175926942789063e-02
1.000000000000000000e+01,2.930000000000000000e+02,1.000000000000000000e+00,6.900617418348478083e-01,1.958447107151623512e-01,7.513231376207477052e-02,3.896123368791505615e-02
1.000000000000000000e+01,2.940000000000000000e+02,1.000000000000000000e+00,6.806765813289107347e-01,1.988643347091059999e-01,7.853513855125023035e-02,4.192394541073300729e-02
1.000000000000000000e+01,2.950000000000000000e+02,1.000000000000000000e+00,6.406575406841260589e-01,2.102110885956418873e-01,9.323443002816599046e-02,5.589694069206613269e-02
1.000000000000000000e+01,2.960000000000000000e+02,1.000000000000000000e+00,6.799950701677214271e-01,1.990782014966737679e-01,7.878302876721317294e-02,4.214369956839159048e-02
1.000000000000000000e+01,2.970000000000000000e+02,1.000000000000000000e+00,6.591136831684835107e-01,2.052815444603796058e-01,8.642323230961837521e-02,4.918154006151852220e-02
1.000000000000000000e+01,2.980000000000000000e+02,1.000000000000000000e+00,7.116833071755762630e-01,1.883511632232246213e-01,6.738152780100924166e-02,3.258400180018991565e-02
1.000000000000000000e+01,2.990000000000000000e+02,1.000000000000000000e+00,7.335934959471558381e-01,1.799715002008214215e-01,5.968195232860156602e-02,2.675305152342118131e-02
1.000000000000000000e+01,0.000000000000000000e+00,2.000000000000000000e+00,5.153337675992020195e-01,4.518998921731351981e-01,3.257334395423205214e-02,1.929962734307846264e-04
1.000000000000000000e+01,1.000000000000000000e+00,2.000000000000000000e+00,4.998868696468231620e-01,4.644235885055841284e-01,3.546690411903043877e-02,2.226377285622812001e-04
1.000000000000000000e+01,2.000000000000000000e+00,2.000000000000000000e+00,6.193720286680449716e-01,3.630649134886078655e-01,1.749377127091725909e-02,6.928657242987121810e-05
1.000000000000000000e+01,3.000000000000000000e+00,2.000000000000000000e+00,5.541817915334416034e-01,4.195732561998083976e-01,2.611137938304303532e-02,1.335728837071086981e-04
1.000000000000000000e+01,4.000000000000000000e+00,2.000000000000000000e+00,5.456510014378748163e-01,4.267671993259505303e-01,2.743680771805656962e-02,1.449915181180645870e-04
1.000000000000000000e+01,5.000000000000000000e+00,2.000000000000000000e+00,6.188386507959130478e-01,3.635372373537467672e-01,1.755443455918383189e-02,6.967729115633965599e-05
1.000000000000000000e+01,6.000000000000000000e+00,2.000000000000000000e+00,5.878102898720390934e-01,3.907431217320896377e-01,2.135069271020066314e-02,9.589568567044312846e-05
1.000000000000000000e+01,7.000000000000000000e+00,2.000000000000000000e+00,6.258290482035343549e-01,3.573351260927317696e-01,1.677112409101869442e-02,6.470161271520393452e-05
1.000000000000000000e+01,8.000000000000000000e+00,2.000000000000000000e+00,6.729522761739735737e-01,3.148973108009304189e-01,1.211211840773152547e-02,3.829461736450851705e-05
1.000000000000000000e+01,9.000000000000000000e+00,2.000000000000000000e+00,5.183654678619719069e-01,4.494187000338591420e-01,3.202821142451880293e-02,1.876206796501565441e-04
1.000000000000000000e+01,1.000000000000000000e+01,2.000000000000000000e+00,5.494247691672252687e-01,4.235911047938465401e-01,2.684428860762201607e-02,1.398374313062915948e-04
1.000000000000000000e+01,1.100000000000000000e+01,2.000000000000000000e+00,5.731261721687990196e-01,4.034210666281685675e-01,2.334174799594367772e-02,1.110132070887415569e-04
1.000000000000000000e+01,1.200000000000000000e+01,2.000000000000000000e+00,5.547927337989052576e-01,4.190561109185305111e-01,2.601836863163155614e-02,1.327866509326238820e-04
1.000000000000000000e+01,1.300000000000000000e+01,2.000000000000000000e+00,5.706740267457209859e-01,4.055250431987181825e-01,2.368719974216649052e-02,1.137303133943437576e-04
1.000000000000000000e+01,1.400000000000000000e+01,2.000000000000000000e+00,5.369383460586114598e-01,4.340609119598027865e-01,2.884319771382366782e-02,1.575442677621516656e-04
1.000000000000000000e+01,1.500000000000000000e+01,2.000000000000000000e+00,6.057880514141598116e-01,3.750461030164383147e-01,1.908600714136846066e-02,7.983842803339508143e-05
1.000000000000000000e+01,1.600000000000000000e+01,2.000000000000000000e+00,6.433325194104356770e-01,3.416959439953654032e-01,1.491800035334140372e-02,5.353624085744955539e-05
1.000000000000000000e+01,1.700000000000000000e+01,2.000000000000000000e+00,5.755429046321224318e-01,4.013437310012501480e-01,2.300497330889163250e-02,1.083910577357949313e-04
1.000000000000000000e+01,1.800000000000000000e+01,2.000000000000000000e+00,5.855374914118477436e-01,3.927140600828488148e-01,2.165033713369477961e-02,9.811137160870159744e-05
1.000000000000000000e+01,1.900000000000000000e+01,2.000000000000000000e+00,6.478476762432336944e-01,3.376371992952743595e-01,1.446419085031965847e-02,5.093361117231383670e-05
1.000000000000000000e+01,2.000000000000000000e+01,2.000000000000000000e+00,6.605454164363828706e-01,3.261714019758097938e-01,1.323901115179549649e-02,4.417043601199314453e-05
1.000000000000000000e+01,2.100000000000000000e+01,2.000000000000000000e+00,5.766178543166426973e-01,4.004185585611544917e-01,2.285634489268416683e-02,1.072422295186024345e-04
1.000000000000000000e+01,2.200000000000000000e+01,2.000000000000000000e+00,5.698597544537662429e-01,4.062228478952569222e-01,2.380275229207764673e-02,1.146453588992698793e-04
1.000000000000000000e+01,2.300000000000000000e+01,2.000000000000000000e+00,5.583828651232481954e-01,4.160120127088811626e-01,2.547687350064381864e-02,1.282486672268262217e-04
1.000000000000000000e+01,2.400000000000000000e+01,2.000000000000000000e+00,4.519389083505493399e-01,5.019007473034046152e-01,4.581655416053896646e-02,3.437901855071098496e-04
1.000000000000000000e+01,2.500000000000000000e+01,2.000000000000000000e+00,5.055936962610682039e-01,4.598202117592788962e-01,3.437485970190714418e-02,2.112322777458023769e-04
1.000000000000000000e+01,2.600000000000000000e+01,2.000000000000000000e+00,5.855011990401151056e-01,3.927455070231650747e-01,2.165514682795554452e-02,9.814710876426042290e-05
1.000000000000000000e+01,2.700000000000000000e+01,2.000000000000000000e+00,6.179427702722616322e-01,3.643302289491109902e-01,1.765666302065737117e-02,7.033775796992196283e-05
1.000000000000000000e+01,2.800000000000000000e+01,2.000000000000000000e+00,5.559304641231458399e-01,4.180923723230269284e-01,2.584583015060721786e-02,1.313334032199462537e-04
1.000000000000000000e+01,2.900000000000000000e+01,2.000000000000000000e+00,5.784200150980991495e-01,3.988658755411285117e-01,2.260876933164701619e-02,1.053400291252578063e-04
1.000000000000000000e+01,3.000000000000000000e+01,2.000000000000000000e+00,5.983864849968199007e-01,3.815312843919044239e-01,1.999608635550670713e-02,8.614425576906927493e-05
1.000000000000000000e+01,3.100000000000000000e+01,2.000000000000000000e+00,5.963889533150311673e-01,3.832761400685112951e-01,2.024698906524119782e-02,8.791755121631557150e-05
1.000000000000000000e+01,3.200000000000000000e+01,2.000000000000000000e+00,6.008534176029852736e-01,3.793732384082914022e-01,1.968934725166079577e-02,8.399673706259161096e-05
1.000000000000000000e+01,3.300000000000000000e+01,2.000000000000000000e+00,5.321093065110620302e-01,4.380794235298353101e-01,2.964635643694646383e-02,1.649135221561789293e-04
1.000000000000000000e+01,3.400000000000000000e+01,2.000000000000000000e+00,5.837173503041496181e-01,3.942902072679611014e-01,2.189252478509991218e-02,9.991764278940499480e-05
1.000000000000000000e+01,3.500000000000000000e+01,2.000000000000000000e+00,4.462191485236143285e-01,5.062141482612204646e-01,4.720487215636971073e-02,3.618310587955948700e-04
1.000000000000000000e+01,3.600000000000000000e+01,2.000000000000000000e+00,5.357459715102745879e-01,4.350547717583418961e-01,2.903992092120253818e-02,1.593358101809212171e-04
1.000000000000000000e+01,3.700000000000000000e+01,2.000000000000000000e+00,5.459999759206533021e-01,4.264739176552444500e-01,2.738159852346845960e-02,1.445079006337711381e-04
1.000000000000000000e+01,3.800000000000000000e+01,2.000000000000000000e+00,5.122507356967838099e-01,4.544154261113720339e-01,3.313523170543525992e-02,1.986064864087993219e-04
1.000000000000000000e+01,3.900000000000000000e+01,2.000000000000000000e+00,6.192905953700216237e-01,3.631370351537291929e-01,1.750302337129496649e-02,6.934610495419891974e-05
1.000000000000000000e+01,4.000000000000000000e+01,2.000000000000000000e+00,5.990127757011904919e-01,3.809837422817610730e-01,1.991788737660420486e-02,8.559464044433454934e-05
1.000000000000000000e+01,4.100000000000000000e+01,2.000000000000000000e+00,5.668623523575659906e-01,4.087878286513264570e-01,2.423174940194140065e-02,1.180695891662152152e-04
1.000000000000000000e+01,4.200000000000000000e+01,2.000000000000000000e+00,5.775043206820977826e-01,3.996550617234205238e-01,2.273431474904337099e-02,1.063028454382732626e-04
1.000000000000000000e+01,4.300000000000000000e+01,2.000000000000000000e+00,5.113727547633887260e-01,4.551303664206625132e-01,3.329664764892050627e-02,2.002311670283014151e-04
1.000000000000000000e+01,4.400000000000000000e+01,2.000000000000000000e+00,5.582791293670532617e-01,4.161000938899817037e-01,2.549239890182416340e-02,1.283778411407796895e-04
1.000000000000000000e+01,4.500000000000000000e+01,2.000000000000000000e+00,5.789351793882316910e-01,3.984216543700105917e-01,2.253836454014933668e-02,1.048017016083547897e-04
1.000000000000000000e+01,4.600000000000000000e+01,2.000000000000000000e+00,6.304455651083792356e-01,3.532252905185004899e-01,1.626756154963468828e-02,6.158282348567286149e-05
1.000000000000000000e+01,4.700000000000000000e+01,2.000000000000000000e+00,5.139699039692547933e-01,4.530136675707454041e-01,3.282096843565330407e-02,1.954600243466057341e-04
1.000000000000000000e+01,4.800000000000000000e+01,2.000000000000000000e+00,4.828078295887302529e-01,4.780275688809966228e-01,3.890434020599072007e-02,2.602613242823853079e-04
1.000000000000000000e+01,4.900000000000000000e+01,2.000000000000000000e+00,5.386510922138352253e-01,4.326314754263584361e-01,2.856242987501052613e-02,1.550024847958164241e-04
1.000000000000000000e+01,5.000000000000000000e+01,2.000000000000000000e+00,5.244721481907349547e-01,4.443985992606568902e-01,3.095204892614671424e-02,1.772036224614724389e-04
1.000000000000000000e+01,5.100000000000000000e+01,2.000000000000000000e+00,5.568822907847837955e-01,4.172854279588370519e-01,2.570215280715833217e-02,1.301284492207629084e-04
1.000000000000000000e+01,5.200000000000000000e+01,2.000000000000000000e+00,5.301420942574669448e-01,4.397114182749120026e-01,2.997848407060261372e-02,1.680033970184205644e-04
1.000000000000000000e+01,5.300000000000000000e+01,2.000000000000000000e+00,5.877718202776941459e-01,3.907765078715074725e-01,2.135573902592371662e-02,9.593282487460434715e-05
1.000000000000000000e+01,5.400000000000000000e+01,2.000000000000000000e+00,5.335113205008715775e-01,4.369145294315374684e-01,2.941140733817659489e-02,1.627427294142454292e-04
1.000000000000000000e+01,5.500000000000000000e+01,2.000000000000000000e+00,5.963436870841887227e-01,3.833156536499087719e-01,2.025270116886685248e-02,8.795809703580131033e-05
1.000000000000000000e+01,5.600000000000000000e+01,2.000000000000000000e+00,5.314370928805324246e-01,4.386374206260555408e-01,2.975952294126004219e-02,1.659635521518771815e-04
1.000000000000000000e+01,5.700000000000000000e+01,2.000000000000000000e+00,5.247051856546212090e-01,4.442064446606025507e-01,3.091155299145504493e-02,1.768166933211720083e-04
1.000000000000000000e+01,5.800000000000000000e+01,2.000000000000000000e+00,6.049264607602982124e-01,3.758026120302633277e-01,1.919037570961436290e-02,8.055149982418965461e-05
1.000000000000000000e+01,5.900000000000000000e+01,2.000000000000000000e+00,6.247240902423265574e-01,3.583171815550160177e-01,1.689326069533705552e-02,6.546750732039449021e-05
1.000000000000000000e+01,6.000000000000000000e+01,2.000000000000000000e+00,5.110089581900644218e-01,4.554264192653431076e-01,3.336371462989176639e-02,2.009079147007049153e-04
1.000000000000000000e+01,6.100000000000000000e+01,2.000000000000000000e+00,5.159384533670815509e-01,4.514056013810430756e-01,3.246403222800329363e-02,1.919130238722459400e-04
1.000000000000000000e+01,6.200000000000000000e+01,2.000000000000000000e+00,6.523397086232822772e-01,3.335895938590352494e-01,1.402224802152310899e-02,4.844949615940351653e-05
1.000000000000000000e+01,6.300000000000000000e+01,2.000000000000000000e+00,5.230304636205210800e-01,4.455864173707099751e-01,3.120350455826371647e-02,1.796144505052265261e-04
1.000000000000000000e+01,6.400000000000000000e+01,2.000000000000000000e+00,5.423204889984210020e-01,4.295618070637090002e-01,2.796802373300457875e-02,1.496802048654230911e-04
1.000000000000000000e+01,6.500000000000000000e+01,2.000000000000000000e+00,5.966478260107549447e-01,3.830501433374376985e-01,2.021434466893660964e-02,8.768598287071784970e-05
1.000000000000000000e+01,6.600000000000000000e+01,2.000000000000000000e+00,5.367519250592208691e-01,4.342163658473550680e-01,2.887388592603479590e-02,1.578231673892419495e-04
1.000000000000000000e+01,6.700000000000000000e+01,2.000000000000000000e+00,6.064412854406764364e-01,3.744722623754452306e-01,1.900715078358680699e-02,7.930140029157838597e-05
1.000000000000000000e+01,6.800000000000000000e+01,2.000000000000000000e+00,5.019348446342181136e-01,4.627748313309467121e-01,3.507184291457075137e-02,2.184811202644180235e-04
1.000000000000000000e+01,6.900000000000000000e+01,2.000000000000000000e+00,5.453611476364897959e-01,4.270107293557012795e-01,2.748272870655241867e-02,1.453943012565012420e-04
1.000000000000000000e+01,7.000000000000000000e+01,2.000000000000000000e+00,5.398692730323062516e-01,4.316134842561434870e-01,2.836402562339473965e-02,1.532170881555210845e-04
1.000000000000000000e+01,7.100000000000000000e+01,2.000000000000000000e+00,5.784567575533136052e-01,3.988341983482718289e-01,2.260374254340639238e-02,1.053015550082625067e-04
1.000000000000000000e+01,7.200000000000000000e+01,2.000000000000000000e+00,5.335340638063003071e-01,4.368956204616113448e-01,2.940760800408804068e-02,1.627077280002910717e-04
1.000000000000000000e+01,7.300000000000000000e+01,2.000000000000000000e+00,5.698086937068719271e-01,4.062665910524612678e-01,2.381001228745041609e-02,1.147029532163239350e-04
1.000000000000000000e+01,7.400000000000000000e+01,2.000000000000000000e+00,6.001524128080043541e-01,3.799868239212917387e-01,1.977616102095363856e-02,8.460224975031437012e-05
1.000000000000000000e+01,7.500000000000000000e+01,2.000000000000000000e+00,6.119781809000708339e-01,3.695988221632476867e-01,1.834812496486764449e-02,7.487197181380779334e-05
1.000000000000000000e+01,7.600000000000000000e+01,2.000000000000000000e+00,5.838890892801723576e-01,3.941415763501502356e-01,2.186958838098002761e-02,9.974598869747038543e-05
1.000000000000000000e+01,7.700000000000000000e+01,2.000000000000000000e+00,5.207605890800395265e-01,4.474532730819577031e-01,3.160266733128515998e-02,1.834705067175637725e-04
1.000000000000000000e+01,7.800000000000000000e+01,2.000000000000000000e+00,5.026444549365735037e-01,4.622027003831316594e-01,3.493578705089520064e-02,2.170576293996079179e-04
1.000000000000000000e+01,7.900000000000000000e+01,2.000000000000000000e+00,5.927965382628438418e-01,3.864083020924023448e-01,2.070397379691022235e-02,9.118584784355862703e-05
1.000000000000000000e+01,8.000000000000000000e+01,2.000000000000000000e+00,5.046090313658478932e-01,4.606164814530498419e-01,3.456132615893910826e-02,2.131610221631558195e-04
1.000000000000000000e+01,8.100000000000000000e+01,2.000000000000000000e+00,5.111167411613662948e-01,4.553387183419701500e-01,3.334383330141540286e-02,2.007071952481917748e-04
1.000000000000000000e+01,8.200000000000000000e+01,2.000000000000000000e+00,5.748927484060009085e-01,4.019029450820766347e-01,2.309521541299120254e-02,1.090910989312559042e-04
1.000000000000000000e+01,8.300000000000000000e+01,2.000000000000000000e+00,6.298171838988561033e-01,3.537853459482889207e-01,1.633547040535053563e-02,6.199974750445191906e-05
1.000000000000000000e+01,8.400000000000000000e+01,2.000000000000000000e+00,5.013615252437511050e-01,4.632367585749361805e-01,3.518207870335398474e-02,2.196374779587314423e-04
1.000000000000000000e+01,8.500000000000000000e+01,2.000000000000000000e+00,5.860464385993493508e-01,3.922729790246285986e-01,2.158297097854004754e-02,9.761139748198219474e-05
1.000000000000000000e+01,8.600000000000000000e+01,2.000000000000000000e+00,5.482624816047401151e-01,4.245703869061707714e-01,2.702572431103393569e-02,1.414071780551657686e-04
1.000000000000000000e+01,8.700000000000000000e+01,2.000000000000000000e+00,5.424360630152981200e-01,4.294649635154838552e-01,2.794945820976195081e-02,1.495152594561295351e-04
1.000000000000000000e+01,8.800000000000000000e+01,2.000000000000000000e+00,5.720333325916461265e-01,4.043592138414088821e-01,2.349523653691951500e-02,1.122170300254335959e-04
1.000000000000000000e+01,8.900000000000000000e+01,2.000000000000000000e+00,5.352226891336651082e-01,4.354906008112894300e-01,2.912658225442744248e-02,1.601278006180077154e-04
1.000000000000000000e+01,9.000000000000000000e+01,2.000000000000000000e+00,5.335767298480308396e-01,4.368601465178678644e-01,2.940048154987483578e-02,1.626420842265096430e-04
1.000000000000000000e+01,9.100000000000000000e+01,2.000000000000000000e+00,5.108289326046310252e-01,4.555728811213688445e-01,3.339694269635584689e-02,2.012435776442292540e-04
1.000000000000000000e+01,9.200000000000000000e+01,2.000000000000000000e+00,5.104760156006041827e-01,4.558599226732218956e-01,3.346215863614933339e-02,2.019030900246415446e-04
1.000000000000000000e+01,9.300000000000000000e+01,2.000000000000000000e+00,5.876833055645578341e-01,3.908533226884830514e-01,2.136735342118057865e-02,9.601832577847677400e-05
1.000000000000000000e+01,9.400000000000000000e+01,2.000000000000000000e+00,6.176399608926622653e-01,3.645981649500714128e-01,1.769131196362376535e-02,7.056219364255369921e-05
1.000000000000000000e+01,9.500000000000000000e+01,2.000000000000000000e+00,5.204038370031524030e-01,4.477463123572936743e-01,3.166576729984042077e-02,1.840833397135083877e-04
1.000000000000000000e+01,9.600000000000000000e+01,2.000000000000000000e+00,5.098367569109703012e-01,4.563795936456237490e-01,3.358054670545684156e-02,2.031027379491967934e-04
1.000000000000000000e+01,9.700000000000000000e+01,2.000000000000000000e+00,5.471226663960973013e-01,4.255298096012981590e-01,2.720456221678335326e-02,1.429617858212374427e-04
1.000000000000000000e+01,9.800000000000000000e+01,2.000000000000000000e+00,5.479519689181809872e-01,4.248318473993927258e-01,2.707435449117520654e-02,1.418291912511053933e-04
1.000000000000000000e+01,9.900000000000000000e+01,2.000000000000000000e+00,5.211048670091161794e-01,4.471703843394750355e-01,3.154186779288562642e-02,1.828808585231911886e-04
1.000000000000000000e+01,1.000000000000000000e+02,2.000000000000000000e+00,5.708696232983928587e-01,4.053573598275703738e-01,2.365950540838978461e-02,1.135114656468991364e-04
1.000000000000000000e+01,1.010000000000000000e+02,2.000000000000000000e+00,5.199009964289698082e-01,4.481591780533157876e-01,3.175487523600648010e-02,1.849502817078352507e-04
1.000000000000000000e+01,1.020000000000000000e+02,2.000000000000000000e+00,5.317513910128831567e-01,4.383765677977325415e-01,2.970656933313034140e-02,1.654718562539393765e-04
1.000000000000000000e+01,1.030000000000000000e+02,2.000000000000000000e+00,6.008821925163637667e-01,3.793480459030553753e-01,1.968578961900584873e-02,8.397196157497494485e-05
1.000000000000000000e+01,1.040000000000000000e+02,2.000000000000000000e+00,5.160212462728506200e-01,4.513379005256151211e-01,3.244908806307459509e-02,1.917651384595961558e-04
1.000000000000000000e+01,1.050000000000000000e+02,2.000000000000000000e+00,5.409037211811688062e-01,4.307481801714811986e-01,2.819638319113585909e-02,1.517154562141060910e-04
1.000000000000000000e+01,1.060000000000000000e+02,2.000000000000000000e+00,5.918957307242759258e-01,3.871925140947123367e-01,2.081973356550162468e-02,9.202161551012980837e-05
1.000000000000000000e+01,1.070000000000000000e+02,2.000000000000000000e+00,5.823840859567019912e-01,3.954434637655935836e-01,2.207119128139038711e-02,1.012589963140034108e-04
1.000000000000000000e+01,1.080000000000000000e+02,2.000000000000000000e+00,5.569985248836536451e-01,4.171868441554759666e-01,2.568464898461238557e-02,1.299819762580540941e-04
1.000000000000000000e+01,1.090000000000000000e+02,2.000000000000000000e+00,4.926630745826950375e-01,4.702097893604175183e-01,3.688924704318428949e-02,2.378890137031628978e-04
1.000000000000000000e+01,1.100000000000000000e+02,2.000000000000000000e+00,5.789257888521309736e-01,3.984297532152001331e-01,2.253964643978440680e-02,1.048114928843987782e-04
1.000000000000000000e+01,1.110000000000000000e+02,2.000000000000000000e+00,4.635892211516626227e-01,4.930051990151332886e-01,4.309591830694538273e-02,3.096615262586405897e-04
1.000000000000000000e+01,1.120000000000000000e+02,2.000000000000000000e+00,5.818230663938595004e-01,3.959284130996846285e-01,2.214669242768734642e-02,1.018280787683765342e-04
1.000000000000000000e+01,1.130000000000000000e+02,2.000000000000000000e+00,5.064736319224499850e-01,4.591079362699853617e-01,3.420890956570083602e-02,2.095222418638248570e-04
1.000000000000000000e+01,1.140000000000000000e+02,2.000000000000000000e+00,5.643077884667420108e-01,4.109692308122188109e-01,2.460192223292016062e-02,1.210584881190566677e-04
1.000000000000000000e+01,1.150000000000000000e+02,2.000000000000000000e+00,5.901277742350315991e-01,3.887302422531428991e-01,2.104830234559305902e-02,9.368116623241007964e-05
1.000000000000000000e+01,1.160000000000000000e+02,2.000000000000000000e+00,6.190308797739816349e-01,3.633670296048024939e-01,1.753255435935778886e-02,6.953626185803570903e-05
1.000000000000000000e+01,1.170000000000000000e+02,2.000000000000000000e+00,5.234721865428898502e-01,4.452226506867403288e-01,3.112629012007237655e-02,1.788726502974044986e-04
1.000000000000000000e+01,1.180000000000000000e+02,2.000000000000000000e+00,5.423538018809813677e-01,4.295338940144739492e-01,2.796267145997310619e-02,1.496326445715869349e-04
1.000000000000000000e+01,1.190000000000000000e+02,2.000000000000000000e+00,5.475222189145573237e-01,4.251935967332396982e-01,2.714176924445991720e-02,1.424151077431441161e-04
1.000000000000000000e+01,1.200000000000000000e+02,2.000000000000000000e+00,5.403590425543609577e-01,4.312038949219598738e-01,2.828455804783367930e-02,1.525044758455338224e-04
1.000000000000000000e+01,1.210000000000000000e+02,2.000000000000000000e+00,6.427313104287096790e-01,3.422356379662598314e-01,1.497916061108777418e-02,5.389099394278867725e-05
1.000000000000000000e+01,1.220000000000000000e+02,2.000000000000000000e+00,6.019782890267009190e-01,3.783880601016353373e-01,1.955061800591872609e-02,8.303286574506153750e-05
1.000000000000000000e+01,1.230000000000000000e+02,2.000000000000000000e+00,5.695549798107387707e-01,4.064839198986650581e-01,2.384611078278016036e-02,1.149895078160357019e-04
1.000000000000000000e+01,1.240000000000000000e+02,2.000000000000000000e+00,6.286909081386963249e-01,3.547886542292589263e-01,1.645768467123515447e-02,6.275296080956355475e-05
1.000000000000000000e+01,1.250000000000000000e+02,2.000000000000000000e+00,5.899766018536423129e-01,3.888616425113233799e-01,2.106793137360300772e-02,9.382426143123356941e-05
1.000000000000000000e+01,1.260000000000000000e+02,2.000000000000000000e+00,5.671356349970873012e-01,4.085542131448472447e-01,2.419239814250574022e-02,1.177537155597696631e-04
1.000000000000000000e+01,1.270000000000000000e+02,2.000000000000000000e+00,5.153482195986406333e-01,4.518880820818233501e-01,3.257072800063782331e-02,1.929703188981541848e-04
1.000000000000000000e+01,1.280000000000000000e+02,2.000000000000000000e+00,5.733779256827677973e-01,4.032048412156720718e-01,2.330649560850260246e-02,1.107374930576139637e-04
1.000000000000000000e+01,1.290000000000000000e+02,2.000000000000000000e+00,6.360121694741347476e-01,3.482552428370297992e-01,1.567459656161178383e-02,5.799112722369332575e-05
1.000000000000000000e+01,1.300000000000000000e+02,2.000000000000000000e+00,5.965152796012554992e-01,3.831658616486938174e-01,2.023105426662382550e-02,8.780448342688823007e-05
1.000000000000000000e+01,1.310000000000000000e+02,2.000000000000000000e+00,6.012802483388778318e-01,3.789994987123477266e-01,1.963662307469039164e-02,8.362987408415817065e-05
1.000000000000000000e+01,1.320000000000000000e+02,2.000000000000000000e+00,6.337401870943941695e-01,3.502856263763391431e-01,1.591475131031764439e-02,5.943521894893349667e-05
1.000000000000000000e+01,1.330000000000000000e+02,2.000000000000000000e+00,6.823578964402520208e-01,3.063055945251549894e-01,1.130222911807309862e-02,3.427991651996924085e-05
1.000000000000000000e+01,1.340000000000000000e+02,2.000000000000000000e+00,4.839650755338787969e-01,4.771142406136950065e-01,3.866314752132848226e-02,2.575363310976733623e-04
1.000000000000000000e+01,1.350000000000000000e+02,2.000000000000000000e+00,5.874553410343057447e-01,3.910511331605037166e-01,2.139728697296733664e-02,9.623883222318708813e-05
1.000000000000000000e+01,1.360000000000000000e+02,2.000000000000000000e+00,4.875245230948613284e-01,4.742971824241294931e-01,3.792897390950673853e-02,2.493205715023047138e-04
1.000000000000000000e+01,1.370000000000000000e+02,2.000000000000000000e+00,6.246230874211794459e-01,3.584069183983774054e-01,1.690445628373480128e-02,6.553789670823905399e-05
1.000000000000000000e+01,1.380000000000000000e+02,2.000000000000000000e+00,6.434387089254192116e-01,3.416006014476004049e-01,1.490721584225901397e-02,5.347378472129567581e-05
1.000000000000000000e+01,1.390000000000000000e+02,2.000000000000000000e+00,4.782668572989199340e-01,4.815991448568155420e-01,3.986278143593961071e-02,2.712164083248205836e-04
1.000000000000000000e+01,1.400000000000000000e+02,2.000000000000000000e+00,5.659901348191039849e-01,4.095331169234778801e-01,2.435766553106014434e-02,1.190827263580102610e-04
1.000000000000000000e+01,1.410000000000000000e+02,2.000000000000000000e+00,5.497684679229454252e-01,4.233013405088885128e-01,2.679081534592809427e-02,1.393762222380172974e-04
1.000000000000000000e+01,1.420000000000000000e+02,2.000000000000000000e+00,5.634619360074425432e-01,4.116905775927984235e-01,2.472542368417266975e-02,1.220627155863964104e-04
1.000000000000000000e+01,1.430000000000000000e+02,2.000000000000000000e+00,5.467382137154868094e-01,4.258532095418760544e-01,2.726508717497262702e-02,1.434895676644683639e-04
1.000000000000000000e+01,1.440000000000000000e+02,2.000000000000000000e+00,5.297854568875698389e-01,4.400069686772209443e-01,3.003900531839260798e-02,1.685691168166893292e-04
1.000000000000000000e+01,1.450000000000000000e+02,2.000000000000000000e+00,6.008160503304814659e-01,3.794059528403663228e-01,1.969396790913641171e-02,8.402892001582529865e-05
1.000000000000000000e+01,1.460000000000000000e+02,2.000000000000000000e+00,5.518617128154288398e-01,4.215347919881275995e-01,2.646689882606277633e-02,1.365963703808532707e-04
1.000000000000000000e+01,1.470000000000000000e+02,2.000000000000000000e+00,6.127137443095213021e-01,3.689501306214324483e-01,1.826182534988596631e-02,7.429971916031186943e-05
1.000000000000000000e+01,1.480000000000000000e+02,2.000000000000000000e+00,5.650022036575127471e-01,4.103766775366038955e-01,2.450087931142171452e-02,1.202394944615505602e-04
1.000000000000000000e+01,1.490000000000000000e+02,2.000000000000000000e+00,6.624153808617800898e-01,3.244765786893060167e-01,1.306480015290977306e-02,4.324029600409708726e-05
1.000000000000000000e+01,1.500000000000000000e+02,2.000000000000000000e+00,6.177506415700263487e-01,3.645002366100041913e-01,1.767864173072426076e-02,7.048008924520236329e-05
1.000000000000000000e+01,1.510000000000000000e+02,2.000000000000000000e+00,6.143939297155905921e-01,3.674672763659285191e-01,1.806578740800254476e-02,7.300651047837347868e-05
1.000000000000000000e+01,1.520000000000000000e+02,2.000000000000000000e+00,5.952247386788398487e-01,3.842920224944467167e-01,2.039427333714797022e-02,8.896548956545596366e-05
1.000000000000000000e+01,1.530000000000000000e+02,2.000000000000000000e+00,5.561146644399725947e-01,4.179362582703511353e-01,2.581797784024543463e-02,1.310994494308990175e-04
1.000000000000000000e+01,1.540000000000000000e+02,2.000000000000000000e+00,5.062029510970970092e-01,4.593271123381361676e-01,3.425988964886290955e-02,2.100469159039019575e-04
1.000000000000000000e+01,1.550000000000000000e+02,2.000000000000000000e+00,6.190401581536792985e-01,3.633588136344410024e-01,1.753149875100672161e-02,6.952946087300152346e-05
1.000000000000000000e+01,1.560000000000000000e+02,2.000000000000000000e+00,5.679195848361758836e-01,4.078837840400523218e-01,2.407977942254605971e-02,1.168517012257335087e-04
1.000000000000000000e+01,1.570000000000000000e+02,2.000000000000000000e+00,5.255181831520685520e-01,4.435357435378589064e-01,3.077060051650652717e-02,1.754727935660715010e-04
1.000000000000000000e+01,1.580000000000000000e+02,2.000000000000000000e+00,5.108527117733526746e-01,4.555535368505432281e-01,3.339255216478184685e-02,2.011992113222489751e-04
1.000000000000000000e+01,1.590000000000000000e+02,2.000000000000000000e+00,5.371474555685307184e-01,4.338865078275914167e-01,2.880880465315746597e-02,1.572319507203038332e-04
1.000000000000000000e+01,1.600000000000000000e+02,2.000000000000000000e+00,5.960272182534427365e-01,3.835918709020879058e-01,2.029266883053434251e-02,8.824201393504319620e-05
1.000000000000000000e+01,1.610000000000000000e+02,2.000000000000000000e+00,5.586569281712940871e-01,4.157792730263345504e-01,2.543589085178630041e-02,1.279079505849540067e-04
1.000000000000000000e+01,1.620000000000000000e+02,2.000000000000000000e+00,5.151834901818727053e-01,4.520226879480928051e-01,3.260055552284554098e-02,1.932663471889639823e-04
1.000000000000000000e+01,1.630000000000000000e+02,2.000000000000000000e+00,5.358394205127389176e-01,4.349769189237341904e-01,2.902446581805990383e-02,1.591947454670414026e-04
1.000000000000000000e+01,1.640000000000000000e+02,2.000000000000000000e+00,5.968973253872228435e-01,3.828322928133124359e-01,2.018291850348324229e-02,8.746329598155819099e-05
1.000000000000000000e+01,1.650000000000000000e+02,2.000000000000000000e+00,5.796966268739972561e-01,3.977647636081064753e-01,2.243459911241721741e-02,1.040104054790499287e-04
1.000000000000000000e+01,1.660000000000000000e+02,2.000000000000000000e+00,5.436303783549149005e-01,4.284636398569290350e-01,2.775816155064420726e-02,1.478202375119687015e-04
1.000000000000000000e+01,1.670000000000000000e+02,2.000000000000000000e+00,5.812864994522369821e-01,3.963920445188744979e-01,2.221908107288773568e-02,1.023749560007135349e-04
1.000000000000000000e+01,1.680000000000000000e+02,2.000000000000000000e+00,5.997534398154943380e-01,3.803359174067069692e-01,1.982569423409819356e-02,8.494854370056131225e-05
1.000000000000000000e+01,1.690000000000000000e+02,2.000000000000000000e+00,5.723105894644051617e-01,4.041212750427036760e-01,2.345622495270472535e-02,1.119105401865070883e-04
1.000000000000000000e+01,1.700000000000000000e+02,2.000000000000000000e+00,4.744744033307075060e-01,4.845667746833512424e-01,4.067812694966382869e-02,2.806950362774482985e-04
1.000000000000000000e+01,1.710000000000000000e+02,2.000000000000000000e+00,5.081184332490098488e-01,4.577747747275943135e-01,3.390043223018316537e-02,2.063597932127032104e-04
1.000000000000000000e+01,1.720000000000000000e+02,2.000000000000000000e+00,5.323434790671861538e-01,4.378849592231274790e-01,2.960701256896569253e-02,1.645491407207887538e-04
1.000000000000000000e+01,1.730000000000000000e+02,2.000000000000000000e+00,6.322526259263334669e-01,3.516135991793132298e-01,1.607337792880391900e-02,6.039696554935335067e-05
1.000000000000000000e+01,1.740000000000000000e+02,2.000000000000000000e+00,4.667469686482731417e-01,4.905695866188026777e-01,4.238246430159978151e-02,3.009804313244721866e-04
1.000000000000000000e+01,1.750000000000000000e+02,2.000000000000000000e+00,5.004988727786507940e-01,4.639312666204235547e-01,3.534847257247728664e-02,2.213880284483072292e-04
1.000000000000000000e+01,1.760000000000000000e+02,2.000000000000000000e+00,5.837420936061100685e-01,3.942687943691662866e-01,2.188921912880587364e-02,9.989289591782847598e-05
1.000000000000000000e+01,1.770000000000000000e+02,2.000000000000000000e+00,5.918549075220028710e-01,3.872280420379490273e-01,2.082499079278588711e-02,9.205964726225377109e-05
1.000000000000000000e+01,1.780000000000000000e+02,2.000000000000000000e+00,5.949846328944702334e-01,3.845014384019604381e-01,2.042474575637060266e-02,8.918294719877591678e-05
1.000000000000000000e+01,1.790000000000000000e+02,2.000000000000000000e+00,6.176340947221368172e-01,3.646033550533188672e-01,1.769198367703624444e-02,7.056654750806448141e-05
1.000000000000000000e+01,1.800000000000000000e+02,2.000000000000000000e+00,5.897628172850361006e-01,3.890474425895708022e-01,2.109571317949028926e-02,9.402694590280013523e-05
1.000000000000000000e+01,1.810000000000000000e+02,2.000000000000000000e+00,4.856621301690626780e-01,4.757726098162927131e-01,3.831167169878241935e-02,2.535883158621136577e-04
1.000000000000000000e+01,1.820000000000000000e+02,2.000000000000000000e+00,5.904175850683707205e-01,3.884782983604297413e-01,2.101070920383862894e-02,9.340736736096450594e-05
1.000000000000000000e+01,1.830000000000000000e+02,2.000000000000000000e+00,6.068169329823949187e-01,3.741421628798042853e-01,1.896191015933741675e-02,7.899397846329670792e-05
1.000000000000000000e+01,1.840000000000000000e+02,2.000000000000000000e+00,6.298906364239318378e-01,3.537198905195921284e-01,1.632752216607393989e-02,6.195089040217899138e-05
1.000000000000000000e+01,1.850000000000000000e+02,2.000000000000000000e+00,6.161662528093602154e-01,3.659014518145694006e-01,1.786063220974364041e-02,7.166316632670433019e-05
1.000000000000000000e+01,1.860000000000000000e+02,2.000000000000000000e+00,5.344870278885838211e-01,4.361029695921508909e-01,2.924875531064568060e-02,1.612472086195600998e-04
1.000000000000000000e+01,1.870000000000000000e+02,2.000000000000000000e+00,5.727377942583546933e-01,4.037545565395753155e-01,2.339620947589037686e-02,1.114397261796668697e-04
1.000000000000000000e+01,1.880000000000000000e+02,2.000000000000000000e+00,5.785229670352052267e-01,3.987771142886582521e-01,2.259468642013678918e-02,1.052322559997080973e-04
1.000000000000000000e+01,1.890000000000000000e+02,2.000000000000000000e+00,5.054869481746265825e-01,4.599065756996006948e-01,3.439503552880269349e-02,2.114405969699983045e-04
1.000000000000000000e+01,1.900000000000000000e+02,2.000000000000000000e+00,4.941926074252623313e-01,4.689885196203352202e-01,3.658429156298347723e-02,2.345813914189022367e-04
1.000000000000000000e+01,1.910000000000000000e+02,2.000000000000000000e+00,5.430658993728051387e-01,4.289370318025707562e-01,2.784844960647630402e-02,1.486192181478257664e-04
1.000000000000000000e+01,1.920000000000000000e+02,2.000000000000000000e+00,5.689763165515301369e-01,4.069794416344574839e-01,2.392859639131621891e-02,1.156454226961175911e-04
1.000000000000000000e+01,1.930000000000000000e+02,2.000000000000000000e+00,6.446483513513322494e-01,3.405141354804844811e-01,1.478474657023042677e-02,5.276659795280491504e-05
1.000000000000000000e+01,1.940000000000000000e+02,2.000000000000000000e+00,5.559214649335050273e-01,4.180999987519319339e-01,2.584719147196294295e-02,1.313448426001631803e-04
1.000000000000000000e+01,1.950000000000000000e+02,2.000000000000000000e+00,5.071148128303305525e-01,4.585885110357103001e-01,3.408839193254143557e-02,2.082842014177387025e-04
1.000000000000000000e+01,1.960000000000000000e+02,2.000000000000000000e+00,5.136583442355986406e-01,4.532678840990582159e-01,3.287774481469800392e-02,1.960268506452084029e-04
1.000000000000000000e+01,1.970000000000000000e+02,2.000000000000000000e+00,4.990818782403125820e-01,4.650706609959902038e-01,3.562316935487504221e-02,2.242914088221092202e-04
1.000000000000000000e+01,1.980000000000000000e+02,2.000000000000000000e+00,6.343129927712148897e-01,3.497739755502770054e-01,1.585396335059537087e-02,5.906832791279583187e-05
1.000000000000000000e+01,1.990000000000000000e+02,2.000000000000000000e+00,5.229216554794645644e-01,4.456759992710788154e-01,3.122254764638119837e-02,1.797976030754241126e-04
1.000000000000000000e+01,2.000000000000000000e+02,2.000000000000000000e+00,5.411581693029304807e-01,4.305352177504202515e-01,2.815526482983939094e-02,1.513481168099341365e-04
1.000000000000000000e+01,2.010000000000000000e+02,2.000000000000000000e+00,5.283363960426809003e-01,4.412068253863862255e-01,3.028589314711009617e-02,1.708854238227268201e-04
1.000000000000000000e+01,2.020000000000000000e+02,2.000000000000000000e+00,6.238483398528003043e-01,3.590950731378398930e-01,1.699050705960363991e-02,6.607994975615589844e-05
1.000000000000000000e+01,2.030000000000000000e+02,2.000000000000000000e+00,5.852586998187605527e-01,3.929556094586592052e-01,2.168730453465763167e-02,9.838618792267561977e-05
1.000000000000000000e+01,2.040000000000000000e+02,2.000000000000000000e+00,5.781109034277963632e-01,3.991323402146820798e-01,2.265109216308287474e-02,1.056641944386771783e-04
1.000000000000000000e+01,2.050000000000000000e+02,2.000000000000000000e+00,5.215382799685350790e-01,4.468141208636972617e-01,3.146545817444911658e-02,1.821409933186027329e-04
1.000000000000000000e+01,2.060000000000000000e+02,2.000000000000000000e+00,6.062529234452974647e-01,3.746377554826091361e-01,1.902986513597628229e-02,7.945593611698304728e-05
1.000000000000000000e+01,2.070000000000000000e+02,2.000000000000000000e+00,6.128052276374098550e-01,3.688694311008769433e-01,1.825111245368230689e-02,7.422880803097837174e-05
1.000000000000000000e+01,2.080000000000000000e+02,2.000000000000000000e+00,5.281994760958097501e-01,4.413201150887214319e-01,3.030930304825558974e-02,1.711057672132542263e-04
1.000000000000000000e+01,2.090000000000000000e+02,2.000000000000000000e+00,6.283610562255292908e-01,3.550823698635220960e-01,1.649359890473508714e-02,6.297500621356662070e-05
1.000000000000000000e+01,2.100000000000000000e+02,2.000000000000000000e+00,5.642747108915885379e-01,4.109974483957027358e-01,2.460674309071720148e-02,1.210976219914748685e-04
1.000000000000000000e+01,2.110000000000000000e+02,2.000000000000000000e+00,6.494124351714503085e-01,3.362283365740657559e-01,1.430917167759629925e-02,5.005657688764085750e-05
1.000000000000000000e+01,2.120000000000000000e+02,2.000000000000000000e+00,6.566781202922450378e-01,3.296714229538921237e-01,1.360431031127633944e-02,4.614644258649992152e-05
1.000000000000000000e+01,2.130000000000000000e+02,2.000000000000000000e+00,5.920599959286290126e-01,3.870495461187019592e-01,2.079858923303460130e-02,9.186871963449172213e-05
1.000000000000000000e+01,2.140000000000000000e+02,2.000000000000000000e+00,6.229815603755134434e-01,3.598646024273962074e-01,1.708714632178698345e-02,6.669087530342517273e-05
1.000000000000000000e+01,2.150000000000000000e+02,2.000000000000000000e+00,5.674446877181914539e-01,4.082899609297427346e-01,2.414795396053111623e-02,1.173973915346486572e-04
1.000000000000000000e+01,2.160000000000000000e+02,2.000000000000000000e+00,5.908236657130748748e-01,3.881251927113842926e-01,2.095811668972641026e-02,9.302488581446776610e-05
1.000000000000000000e+01,2.170000000000000000e+02,2.000000000000000000e+00,6.055273844164138497e-01,3.752750222834527749e-01,1.911753971004036615e-02,8.005359009304590658e-05
1.000000000000000000e+01,2.180000000000000000e+02,2.000000000000000000e+00,5.561369184829136891e-01,4.179173958831665647e-01,2.581461442447577706e-02,1.310712094439507819e-04
1.000000000000000000e+01,2.190000000000000000e+02,2.000000000000000000e+00,5.932157706088273530e-01,3.860431700401400490e-01,2.065026022776357550e-02,9.079912326903867624e-05
1.000000000000000000e+01,2.200000000000000000e+02,2.000000000000000000e+00,5.326720132768885119e-01,4.376120642304166530e-01,2.955188334212674808e-02,1.640391505680917599e-04
1.000000000000000000e+01,2.210000000000000000e+02,2.000000000000000000e+00,6.143345896641504433e-01,3.675196732187648863e-01,1.807268526187714650e-02,7.305185520748897518e-05
1.000000000000000000e+01,2.220000000000000000e+02,2.000000000000000000e+00,5.962206318388783011e-01,3.834230644390836384e-01,2.026823532075272896e-02,8.806840128528680344e-05
1.000000000000000000e+01,2.230000000000000000e+02,2.000000000000000000e+00,6.222124147311420828e-01,3.605471230020266260e-01,1.717322529111286328e-02,6.723697571855084115e-05
1.000000000000000000e+01,2.240000000000000000e+02,2.000000000000000000e+00,5.522541075227874741e-01,4.212032993812182546e-01,2.640651231417068256e-02,1.360807818236105292e-04
1.000000000000000000e+01,2.250000000000000000e+02,2.000000000000000000e+00,6.127624708696608469e-01,3.689071483831526943e-01,1.825611880443269927e-02,7.426194275379884100e-05
1.000000000000000000e+01,2.260000000000000000e+02,2.000000000000000000e+00,5.666252675828975516e-01,4.089904609408552272e-01,2.426592725008583709e-02,1.183442261615019379e-04
1.000000000000000000e+01,2.270000000000000000e+02,2.000000000000000000e+00,5.888250575445620472e-01,3.898621275262278973e-01,2.121789443497716643e-02,9.492049423287453498e-05
1.000000000000000000e+01,2.280000000000000000e+02,2.000000000000000000e+00,4.674180023606648304e-01,4.900506953568094515e-01,4.223213673963815279e-02,2.991655428875058913e-04
1.000000000000000000e+01,2.290000000000000000e+02,2.000000000000000000e+00,6.206894202990770326e-01,3.618976733409342006e-01,1.734457688258628574e-02,6.832947740253631527e-05
1.000000000000000000e+01,2.300000000000000000e+02,2.000000000000000000e+00,6.205445348574720743e-01,3.620260901812800136e-01,1.736094077433542049e-02,6.843418691257411159e-05
1.000000000000000000e+01,2.310000000000000000e+02,2.000000000000000000e+00,5.471980069749476927e-01,4.254664211489742609e-01,2.719271331593705460e-02,1.428585601410476606e-04
1.000000000000000000e+01,2.320000000000000000e+02,2.000000000000000000e+00,5.308747030270547507e-01,4.391039911138633900e-01,2.985445920442188553e-02,1.668466546599631293e-04
1.000000000000000000e+01,2.330000000000000000e+02,2.000000000000000000e+00,5.460373078166006477e-01,4.264425384164597377e-01,2.737569751652543792e-02,1.444562504140519895e-04
1.000000000000000000e+01,2.340000000000000000e+02,2.000000000000000000e+00,5.461949134315954302e-01,4.263100524452427820e-01,2.735079574528781823e-02,1.442383778738938612e-04
1.000000000000000000e+01,2.350000000000000000e+02,2.000000000000000000e+00,5.290162884973858004e-01,4.406440585917442143e-01,3.016985783964590967e-02,1.697950712239925883e-04
1.000000000000000000e+01,2.360000000000000000e+02,2.000000000000000000e+00,5.391542059225004069e-01,4.322111727194474784e-01,2.848035849596743455e-02,1.542628620846319873e-04
1.000000000000000000e+01,2.370000000000000000e+02,2.000000000000000000e+00,5.372491757198862850e-01,4.338016582199037963e-01,2.879208583345978234e-02,1.570802267501262238e-04
1.000000000000000000e+01,2.380000000000000000e+02,2.000000000000000000e+00,5.531073004295061768e-01,4.204821590005988763e-01,2.627557488876322914e-02,1.349656811317703634e-04
1.000000000000000000e+01,2.390000000000000000e+02,2.000000000000000000e+00,7.098145334349781344e-01,2.810160043265960694e-01,9.144999627921304372e-03,2.446261050454309570e-05
1.000000000000000000e+01,2.400000000000000000e+02,2.000000000000000000e+00,6.307258385603607964e-01,3.529754272420352890e-01,1.623733657091843557e-02,6.139762668548744791e-05
1.000000000000000000e+01,2.410000000000000000e+02,2.000000000000000000e+00,6.780920745384427795e-01,3.102069724211137247e-01,1.166489710726057935e-02,3.605593318287522486e-05
1.000000000000000000e+01,2.420000000000000000e+02,2.000000000000000000e+00,6.263958364012454094e-01,3.568311353518077156e-01,1.670871655838669645e-02,6.431168856019292741e-05
1.000000000000000000e+01,2.430000000000000000e+02,2.000000000000000000e+00,5.514013325057016690e-01,4.219235820151960303e-01,2.653788197984876043e-02,1.372034992535105431e-04
1.000000000000000000e+01,2.440000000000000000e+02,2.000000000000000000e+00,5.882253230915591713e-01,3.903828754761062836e-01,2.129630563615034569e-02,9.549579618417789243e-05
1.000000000000000000e+01,2.450000000000000000e+02,2.000000000000000000e+00,5.415347810722115351e-01,4.302199231018571379e-01,2.809448995249648126e-02,1.508058734348759428e-04
1.000000000000000000e+01,2.460000000000000000e+02,2.000000000000000000e+00,5.736145433098059909e-01,4.030015789465560272e-01,2.327339884215508248e-02,1.104789014829195309e-04
1.000000000000000000e+01,2.470000000000000000e+02,2.000000000000000000e+00,5.974851076403969730e-01,3.823189280827256620e-01,2.010902367516567701e-02,8.694060171164226763e-05
1.000000000000000000e+01,2.480000000000000000e+02,2.000000000000000000e+00,5.279300733222401787e-01,4.415429810684892153e-01,3.035540554677325364e-02,1.715400624973085445e-04
1.000000000000000000e+01,2.490000000000000000e+02,2.000000000000000000e+00,5.118741782614693037e-01,4.547221350272492302e-01,3.320438489610633842e-02,1.993018151750713333e-04
1.000000000000000000e+01,2.500000000000000000e+02,2.000000000000000000e+00,4.690861318628531951e-01,4.887588001411453664e-01,4.186036944897663509e-02,2.946985470247418860e-04
1.000000000000000000e+01,2.510000000000000000e+02,2.000000000000000000e+00,5.905206000328067084e-01,3.883887314087479670e-01,2.099735834778672025e-02,9.331021065868416731e-05
1.000000000000000000e+01,2.520000000000000000e+02,2.000000000000000000e+00,4.813030706692137395e-01,4.792132719564236587e-01,3.921981250141618608e-02,2.638448729463849403e-04
1.000000000000000000e+01,2.530000000000000000e+02,2.000000000000000000e+00,5.385547964187941128e-01,4.327119000294046280e-01,2.857815914172594229e-02,1.551444100752898505e-04
1.000000000000000000e+01,2.540000000000000000e+02,2.000000000000000000e+00,5.971208005408905617e-01,3.826371347736970407e-01,2.015480043562504694e-02,8.726424978740873056e-05
1.000000000000000000e+01,2.550000000000000000e+02,2.000000000000000000e+00,5.210018335586534821e-01,4.472550554612865770e-01,3.156005383573837197e-02,1.830571443217282124e-04
1.000000000000000000e+01,2.560000000000000000e+02,2.000000000000000000e+00,5.642229355801328117e-01,4.110416150622450693e-01,2.461429045823324002e-02,1.211588993889828932e-04
1.000000000000000000e+01,2.570000000000000000e+02,2.000000000000000000e+00,6.270662117529565149e-01,3.562348202760516336e-01,1.663511491113773416e-02,6.385305985414231307e-05
1.000000000000000000e+01,2.580000000000000000e+02,2.000000000000000000e+00,6.000334153026457562e-01,3.800909539102425572e-01,1.979092537892248108e-02,8.470540818918883966e-05
1.000000000000000000e+01,2.590000000000000000e+02,2.000000000000000000e+00,4.966701639061374407e-01,4.670058544835682945e-01,3.609466778270893628e-02,2.293138275853314324e-04
1.000000000000000000e+01,2.600000000000000000e+02,2.000000000000000000e+00,4.920704997708246764e-01,4.706823702290873768e-01,3.700794796954565147e-02,2.391820305422123966e-04
1.000000000000000000e+01,2.610000000000000000e+02,2.000000000000000000e+00,6.474285047544332539e-01,3.380144109183154666e-01,1.450591361899096488e-02,5.117070826028651253e-05
1.000000000000000000e+01,2.620000000000000000e+02,2.000000000000000000e+00,5.810307208288673086e-01,3.966129928014706096e-01,2.225364982259327162e-02,1.026365470688814588e-04
1.000000000000000000e+01,2.630000000000000000e+02,2.000000000000000000e+00,5.958897780869676364e-01,3.837118119873993982e-01,2.031004436316648232e-02,8.836556246640942501e-05
1.000000000000000000e+01,2.640000000000000000e+02,2.000000000000000000e+00,5.693085638924491043e-01,4.066949575839450270e-01,2.388121010321007584e-02,1.152684203957941123e-04
1.000000000000000000e+01,2.650000000000000000e+02,2.000000000000000000e+00,5.792697131829823709e-01,3.981331007679154710e-01,2.249273263820538576e-02,1.044534108968101996e-04
1.000000000000000000e+01,2.660000000000000000e+02,2.000000000000000000e+00,5.417261996957538628e-01,4.300596303630591088e-01,2.806363900462573863e-02,1.505309365613483963e-04
1.000000000000000000e+01,2.670000000000000000e+02,2.000000000000000000e+00,5.076430108030655086e-01,4.581603533875358014e-01,3.398936645023268449e-02,2.072693591660538018e-04
1.000000000000000000e+01,2.680000000000000000e+02,2.000000000000000000e+00,5.558851524831051050e-01,4.181307714409436271e-01,2.585268506557612117e-02,1.313910103750827267e-04
1.000000000000000000e+01,2.690000000000000000e+02,2.000000000000000000e+00,5.225635835491494463e-01,4.459707346293147467e-01,3.128528029393726900e-02,1.804015275984528646e-04
1.000000000000000000e+01,2.700000000000000000e+02,2.000000000000000000e+00,6.129155628082503249e-01,3.687720958858266562e-01,1.823819794497208435e-02,7.414336095092916446e-05
1.000000000000000000e+01,2.710000000000000000e+02,2.000000000000000000e+00,5.161267826397624159e-01,4.512515939812870580e-01,3.243004659998344891e-02,1.915767789671542589e-04
1.000000000000000000e+01,2.720000000000000000e+02,2.000000000000000000e+00,5.310097414235929181e-01,4.389919823137821697e-01,2.983164203973771508e-02,1.666342228872353651e-04
1.000000000000000000e+01,2.730000000000000000e+02,2.000000000000000000e+00,6.398815051190427372e-01,3.447914583540990230e-01,1.527143716697816449e-02,5.559935988000637745e-05
1.000000000000000000e+01,2.740000000000000000e+02,2.000000000000000000e+00,5.526359283861144167e-01,4.208806369706035722e-01,2.634785389775356340e-02,1.355807455285307553e-04
1.000000000000000000e+01,2.750000000000000000e+02,2.000000000000000000e+00,6.185479127883001249e-01,3.637946318849155647e-01,1.758756427447738524e-02,6.989105230691204217e-05
1.000000000000000000e+01,2.760000000000000000e+02,2.000000000000000000e+00,5.531079097698321512e-01,4.204816437906340187e-01,2.627548155188821899e-02,1.349648876455834237e-04
1.000000000000000000e+01,2.770000000000000000e+02,2.000000000000000000e+00,5.586792971606986402e-01,4.157602746047676101e-01,2.543254805786107631e-02,1.278801766726864653e-04
1.000000000000000000e+01,2.780000000000000000e+02,2.000000000000000000e+00,5.417701957022342807e-01,4.300227846305136326e-01,2.805655185930160805e-02,1.504678079505464674e-04
1.000000000000000000e+01,2.790000000000000000e+02,2.000000000000000000e+00,4.926284650224467820e-01,4.702373993409948438e-01,3.689617128218892345e-02,2.379643543693747330e-04
1.000000000000000000e+01,2.800000000000000000e+02,2.000000000000000000e+00,5.487218008129586266e-01,4.241835024176602853e-01,2.695391179613822533e-02,1.407849732428013176e-04
1.000000000000000000e+01,2.810000000000000000e+02,2.000000000000000000e+00,5.352481864120818278e-01,4.354693694821837879e-01,2.912235497716603519e-02,1.600891285683105980e-04
1.000000000000000000e+01,2.820000000000000000e+02,2.000000000000000000e+00,6.342059349254900447e-01,3.498696160147281020e-01,1.586531230432654260e-02,5.913675545530402392e-05
1.000000000000000000e+01,2.830000000000000000e+02,2.000000000000000000e+00,5.402965752280276535e-01,4.312561454627822366e-01,2.829468410906484099e-02,1.525952001253250828e-04
1.000000000000000000e+01,2.840000000000000000e+02,2.000000000000000000e+00,6.459956690429060622e-01,3.393031825719394212e-01,1.464916027878881456e-02,5.198810636568334176e-05
1.000000000000000000e+01,2.850000000000000000e+02,2.000000000000000000e+00,4.345408562393820451e-01,5.149053363316815624e-01,5.015227524720494712e-02,4.015321817315360329e-04
1.000000000000000000e+01,2.860000000000000000e+02,2.000000000000000000e+00,4.951980279948843822e-01,4.681845905295999866e-01,3.638495106704501408e-02,2.324304084705776428e-04
1.000000000000000000e+01,2.870000000000000000e+02,2.000000000000000000e+00,5.588939825093972580e-01,4.155779209482733938e-01,2.540048265368768585e-02,1.276138886416472462e-04
1.000000000000000000e+01,2.880000000000000000e+02,2.000000000000000000e+00,5.498565386782395814e-01,4.232270768088601809e-01,2.677712625483185185e-02,1.392582580684019217e-04
1.000000000000000000e+01,2.890000000000000000e+02,2.000000000000000000e+00,5.859600366267404548e-01,3.923478706650012637e-01,2.159439658809499119e-02,9.769612016320804572e-05
1.000000000000000000e+01,2.900000000000000000e+02,2.000000000000000000e+00,6.162588825371548840e-01,3.658195681677424149e-01,1.784995575693381492e-02,7.159353816887901209e-05
1.000000000000000000e+01,2.910000000000000000e+02,2.000000000000000000e+00,5.545616875793363265e-01,4.192517151371289441e-01,2.605351377848460007e-02,1.330835050500354705e-04
1.000000000000000000e+01,2.920000000000000000e+02,2.000000000000000000e+00,5.563579477195755851e-01,4.177300345456950725e-01,2.578122671534123153e-02,1.307910193881125637e-04
1.000000000000000000e+01,2.930000000000000000e+02,2.000000000000000000e+00,5.621692515552131342e-01,4.127920690953456595e-01,2.491506773733036598e-02,1.236116121108115338e-04
1.000000000000000000e+01,2.940000000000000000e+02,2.000000000000000000e+00,5.459691286672868626e-01,4.264998454938456196e-01,2.738647524736389019e-02,1.445505915036443404e-04
1.000000000000000000e+01,2.950000000000000000e+02,2.000000000000000000e+00,4.764355321443238811e-01,4.830339204960247823e-01,4.025479196704724594e-02,2.757553926041557608e-04
1.000000000000000000e+01,2.960000000000000000e+02,2.000000000000000000e+00,5.447903539192927580e-01,4.274901246613453942e-01,2.757333101978574549e-02,1.461903995760275470e-04
1.000000000000000000e+01,2.970000000000000000e+02,2.000000000000000000e+00,5.085569802072407164e-01,4.574189345546540997e-01,3.381856121785487695e-02,2.055240202502082005e-04
1.000000000000000000e+01,2.980000000000000000e+02,2.000000000000000000e+00,5.991992818573339541e-01,3.808206435332227580e-01,1.989464305839327291e-02,8.543155105001398503e-05
1.000000000000000000e+01,2.990000000000000000e+02,2.000000000000000000e+00,6.361783451102241971e-01,3.481066368537498734e-01,1.565713136721749374e-02,5.788666880843648329e-05
1.000000000000000000e+01,0.000000000000000000e+00,3.000000000000000000e+00,8.237683458841679185e-01,5.528512851873190227e-03,1.236773845707054285e-05,1.706907735255017988e-01
1.000000000000000000e+01,1.000000000000000000e+00,3.000000000000000000e+00,8.189776520484166600e-01,3.518347792121563882e-03,5.038302390533308982e-06,1.774989618570712302e-01
1.000000000000000000e+01,2.000000000000000000e+00,3.000000000000000000e+00,8.602898167027146492e-01,1.041410597780149071e-02,4.202211906237113964e-05,1.292540552004214915e-01
1.000000000000000000e+01,3.000000000000000000e+00,3.000000000000000000e+00,8.364538775592967879e-01,9.203937524286736130e-03,3.375857223917611298e-05,1.543084263441773241e-01
1.000000000000000000e+01,4.000000000000000000e+00,3.000000000000000000e+00,8.341890220394528876e-01,7.666828261069379320e-03,2.348798415057225857e-05,1.581206617153271543e-01
1.000000000000000000e+01,5.000000000000000000e+00,3.000000000000000000e+00,8.632177829787252010e-01,5.739396329460238512e-03,1.272010797899016830e-05,1.310301005838357402e-01
1.000000000000000000e+01,6.000000000000000000e+00,3.000000000000000000e+00,8.478630800446982363e-01,1.131411974151550447e-02,5.032624902855870524e-05,1.407724739647578382e-01
1.000000000000000000e+01,7.000000000000000000e+00,3.000000000000000000e+00,8.640464586035483396e-01,8.381023617412991858e-03,2.709790898248577590e-05,1.275454198700562147e-01
1.000000000000000000e+01,8.000000000000000000e+00,3.000000000000000000e+00,8.762132496683632255e-01,1.601313539285078094e-02,9.754874368266802762e-05,1.076760661951032677e-01
1.000000000000000000e+01,9.000000000000000000e+00,3.000000000000000000e+00,8.258662136060054282e-01,4.178164117680600344e-03,7.045957770024445246e-06,1.699485763185439868e-01
1.000000000000000000e+01,1.000000000000000000e+01,3.000000000000000000e+00,8.358633318036747806e-01,7.344649059227781503e-03,2.151223680981925837e-05,1.567705069002875429e-01
1.000000000000000000e+01,1.100000000000000000e+01,3.000000000000000000e+00,8.454098263545662961e-01,6.657720919716040957e-03,1.747682857987605369e-05,1.479149758971377848e-01
1.000000000000000000e+01,1.200000000000000000e+01,3.000000000000000000e+00,8.408709897631370112e-01,2.946190883788531514e-03,3.440892768486681393e-06,1.561793784603061064e-01
1.000000000000000000e+01,1.300000000000000000e+01,3.000000000000000000e+00,8.439542260387760120e-01,7.437420289316262062e-03,2.184763851453704303e-05,1.485865060333932952e-01
1.000000000000000000e+01,1.400000000000000000e+01,3.000000000000000000e+00,8.282887728636262326e-01,1.143057986954340924e-02,5.258156351368825740e-05,1.602280657033167965e-01
1.000000000000000000e+01,1.500000000000000000e+01,3.000000000000000000e+00,8.558745355289453238e-01,9.442019671059882421e-03,3.472149704496289542e-05,1.346487233029496633e-01
1.000000000000000000e+01,1.600000000000000000e+01,3.000000000000000000e+00,8.655470684760958600e-01,1.578514118293331339e-02,9.595884161594799933e-05,1.185718314993548239e-01
1.000000000000000000e+01,1.700000000000000000e+01,3.000000000000000000e+00,8.444049287571371298e-01,9.535235789606062370e-03,3.589143804786042158e-05,1.460239440152089896e-01
1.000000000000000000e+01,1.800000000000000000e+01,3.000000000000000000e+00,8.469413709862564366e-01,1.140779990383604045e-02,5.121877503532388604e-05,1.415996103348720336e-01
1.000000000000000000e+01,1.900000000000000000e+01,3.000000000000000000e+00,8.696947438763363847e-01,1.207077093542430375e-02,5.584469416861737945e-05,1.181786404940707302e-01
1.000000000000000000e+01,2.000000000000000000e+01,3.000000000000000000e+00,8.780645221369580700e-01,6.504219039066554998e-03,1.605989242688677025e-05,1.154151989315485433e-01
1.000000000000000000e+01,2.100000000000000000e+01,3.000000000000000000e+00,8.446664486554656959e-01,9.755062650243818967e-03,3.755377737632766157e-05,1.455409349169141386e-01
1.000000000000000000e+01,2.200000000000000000e+01,3.000000000000000000e+00,8.452046768764697182e-01,5.101707998008741217e-03,1.026474226066876866e-05,1.496833503832609436e-01
1.000000000000000000e+01,2.300000000000000000e+01,3.000000000000000000e+00,8.345832836494536666e-01,1.440836362455230439e-02,8.291600786663556931e-05,1.509254367181275813e-01
1.000000000000000000e+01,2.400000000000000000e+01,3.000000000000000000e+00,7.996317246477058216e-01,3.267574516453565763e-03,4.450816916283450864e-06,1.970962500189243904e-01
1.000000000000000000e+01,2.500000000000000000e+01,3.000000000000000000e+00,8.195651678806988860e-01,6.043007870158349434e-03,1.485256879703129119e-05,1.743769716803457714e-01
1.000000000000000000e+01,2.600000000000000000e+01,3.000000000000000000e+00,8.479492783444517734e-01,9.881768240660891364e-03,3.838647194904007122e-05,1.421305669429382135e-01
1.000000000000000000e+01,2.700000000000000000e+01,3.000000000000000000e+00,8.605907454705318260e-01,9.170311477643482492e-03,3.257243664293287612e-05,1.302063706151818656e-01
1.000000000000000000e+01,2.800000000000000000e+01,3.000000000000000000e+00,8.385292329503839515e-01,7.107094629887046600e-03,2.007912270410494902e-05,1.543435932970249058e-01
1.000000000000000000e+01,2.900000000000000000e+01,3.000000000000000000e+00,8.466656828229653931e-01,7.789813503613930538e-03,2.389026178501444568e-05,1.455206134116357464e-01
1.000000000000000000e+01,3.000000000000000000e+01,3.000000000000000000e+00,8.535546647048352087e-01,8.762066973283744176e-03,2.998199600602367241e-05,1.376532863258749240e-01
1.000000000000000000e+01,3.100000000000000000e+01,3.000000000000000000e+00,8.507491668378094340e-01,1.183188872761856657e-02,5.485110312953002886e-05,1.373640933314424772e-01
1.000000000000000000e+01,3.200000000000000000e+01,3.000000000000000000e+00,8.543473100501374207e-01,8.961407074558063943e-03,3.133261918630667633e-05,1.366599502561182955e-01
1.000000000000000000e+01,3.300000000000000000e+01,3.000000000000000000e+00,8.301317002669591494e-01,5.862111695384027849e-03,1.379875567459440099e-05,1.639923892819822315e-01
1.000000000000000000e+01,3.400000000000000000e+01,3.000000000000000000e+00,8.478477132805302130e-01,9.024914285020476171e-03,3.202189755548601365e-05,1.430953505368938172e-01
1.000000000000000000e+01,3.500000000000000000e+01,3.000000000000000000e+00,7.984032832961155401e-01,1.539887147196561130e-03,9.899977766923846661e-07,2.000558395589113192e-01
1.000000000000000000e+01,3.600000000000000000e+01,3.000000000000000000e+00,8.276918090802173333e-01,1.162874601355715423e-02,5.445977692191770466e-05,1.606249851293036768e-01
1.000000000000000000e+01,3.700000000000000000e+01,3.000000000000000000e+00,8.349784760478086154e-01,6.688038363752511067e-03,1.785669069648539116e-05,1.583156288977423387e-01
1.000000000000000000e+01,3.800000000000000000e+01,3.000000000000000000e+00,8.208739909202428242e-01,8.035050757337465488e-03,2.621678901070307040e-05,1.710647415334090871e-01
1.000000000000000000e+01,3.900000000000000000e+01,3.000000000000000000e+00,8.583462672127532000e-01,1.327084242631085959e-02,6.839324463457654665e-05,1.283144971163013293e-01
1.000000000000000000e+01,4.000000000000000000e+01,3.000000000000000000e+00,8.531161745816399078e-01,9.768943828859864842e-03,3.728771702877719759e-05,1.370775938724713983e-01
1.000000000000000000e+01,4.100000000000000000e+01,3.000000000000000000e+00,8.379917414301890632e-01,1.416968694203682780e-02,7.986555559312965788e-05,1.477587060721810008e-01
1.000000000000000000e+01,4.200000000000000000e+01,3.000000000000000000e+00,8.448175022046999771e-01,1.003258992336818374e-02,3.971384758948825745e-05,1.451101940243423871e-01
1.000000000000000000e+01,4.300000000000000000e+01,3.000000000000000000e+00,8.235796741999089621e-01,3.465880216980009657e-03,4.861835090058988011e-06,1.729495837480208298e-01
1.000000000000000000e+01,4.400000000000000000e+01,3.000000000000000000e+00,8.404247242382986149e-01,5.621633775442697045e-03,1.253444256368533365e-05,1.539411075436949439e-01
1.000000000000000000e+01,4.500000000000000000e+01,3.000000000000000000e+00,8.462886700778682325e-01,8.645879200643403345e-03,2.944276178845697879e-05,1.450360079596998419e-01
1.000000000000000000e+01,4.600000000000000000e+01,3.000000000000000000e+00,8.652203693479437741e-01,9.180629384161595810e-03,3.247109402230488313e-05,1.255665301738723705e-01
1.000000000000000000e+01,4.700000000000000000e+01,3.000000000000000000e+00,8.238808409902366181e-01,4.553551667888397665e-03,8.389090493235103308e-06,1.715572182513816768e-01
1.000000000000000000e+01,4.800000000000000000e+01,3.000000000000000000e+00,8.126411998559976979e-01,2.728157072054821029e-03,3.052942680862364085e-06,1.846275901292667720e-01
1.000000000000000000e+01,4.900000000000000000e+01,3.000000000000000000e+00,8.310963450053869828e-01,8.231224082345634310e-03,2.717416590786377614e-05,1.606452567463596826e-01
1.000000000000000000e+01,5.000000000000000000e+01,3.000000000000000000e+00,8.276787284326746486e-01,5.059598449263311669e-03,1.030977181056068581e-05,1.672513633462514304e-01
1.000000000000000000e+01,5.100000000000000000e+01,3.000000000000000000e+00,8.385710829397720056e-01,7.591860901401743800e-03,2.291054116492911478e-05,1.538141456176613797e-01
1.000000000000000000e+01,5.200000000000000000e+01,3.000000000000000000e+00,8.266346530524142366e-01,9.941893655187949291e-03,3.985688602418945465e-05,1.633835964063737045e-01
1.000000000000000000e+01,5.300000000000000000e+01,3.000000000000000000e+00,8.524915914290193131e-01,4.370985462051664265e-03,7.470460354703987565e-06,1.431299526485745044e-01
1.000000000000000000e+01,5.400000000000000000e+01,3.000000000000000000e+00,8.308134311324372190e-01,5.660639168180892251e-03,1.285600938053677321e-05,1.635130736900013426e-01
1.000000000000000000e+01,5.500000000000000000e+01,3.000000000000000000e+00,8.550228976155086480e-01,5.417467512151998357e-03,1.144178100456757687e-05,1.395481930913346769e-01
1.000000000000000000e+01,5.600000000000000000e+01,3.000000000000000000e+00,8.248248288104154113e-01,1.339929957128220203e-02,7.255731670925515196e-05,1.617033143015932095e-01
1.000000000000000000e+01,5.700000000000000000e+01,3.000000000000000000e+00,8.290908277274043892e-01,3.081848729467019220e-03,3.818556935573869389e-06,1.678235049861930561e-01
1.000000000000000000e+01,5.800000000000000000e+01,3.000000000000000000e+00,8.560412224490977495e-01,8.710884045568622128e-03,2.954666935246176102e-05,1.352183468359810237e-01
1.000000000000000000e+01,5.900000000000000000e+01,3.000000000000000000e+00,8.621889188378971669e-01,1.054507362986110974e-02,4.299080144719380026e-05,1.272230167307945858e-01
1.000000000000000000e+01,6.000000000000000000e+01,3.000000000000000000e+00,8.212437764617160907e-01,6.746811248654312546e-03,1.847582221407569224e-05,1.719909364674156171e-01
1.000000000000000000e+01,6.100000000000000000e+01,3.000000000000000000e+00,8.239713996217848946e-01,5.581895776475603345e-03,1.260462862090357795e-05,1.704340999731185080e-01
1.000000000000000000e+01,6.200000000000000000e+01,3.000000000000000000e+00,8.718454116511549223e-01,1.131767696457003716e-02,4.897267725164519106e-05,1.167879387070234615e-01
1.000000000000000000e+01,6.300000000000000000e+01,3.000000000000000000e+00,8.280028429793848677e-01,3.726804953667292499e-03,5.591395923514107582e-06,1.682647606710243882e-01
1.000000000000000000e+01,6.400000000000000000e+01,3.000000000000000000e+00,8.331369982809900820e-01,7.310364228667545587e-03,2.138160761317270828e-05,1.595312558827289839e-01
1.000000000000000000e+01,6.500000000000000000e+01,3.000000000000000000e+00,8.543421890289558673e-01,6.607254676014073617e-03,1.703291527068679181e-05,1.390335233797593273e-01
1.000000000000000000e+01,6.600000000000000000e+01,3.000000000000000000e+00,8.311488518895581157e-01,7.047957743129581835e-03,1.992170565517459050e-05,1.617832686616572646e-01
1.000000000000000000e+01,6.700000000000000000e+01,3.000000000000000000e+00,8.572301704374847287e-01,7.780739785480197436e-03,2.354090095330253451e-05,1.349655488760817257e-01
1.000000000000000000e+01,6.800000000000000000e+01,3.000000000000000000e+00,8.169766980874705320e-01,7.735764594896451553e-03,2.441605903315756152e-05,1.752631212586000797e-01
1.000000000000000000e+01,6.900000000000000000e+01,3.000000000000000000e+00,8.352895949146537102e-01,5.852588320270579736e-03,1.366902778593309426e-05,1.588441477372898869e-01
1.000000000000000000e+01,7.000000000000000000e+01,3.000000000000000000e+00,8.350926314177204990e-01,2.958712404452901353e-03,3.494214798423822293e-06,1.619451619630282169e-01
1.000000000000000000e+01,7.100000000000000000e+01,3.000000000000000000e+00,8.470350877607245588e-01,7.258208449364623137e-03,2.073176214132223258e-05,1.456859720277696169e-01
1.000000000000000000e+01,7.200000000000000000e+01,3.000000000000000000e+00,8.315485354119594996e-01,4.573524674319263440e-03,8.384809407123991744e-06,1.638695551043140575e-01
1.000000000000000000e+01,7.300000000000000000e+01,3.000000000000000000e+00,8.412518120246947895e-01,1.098302141231478381e-02,4.779653274606122915e-05,1.477173700302445158e-01
1.000000000000000000e+01,7.400000000000000000e+01,3.000000000000000000e+00,8.534179087519012663e-01,9.957297660277197870e-03,3.872576209091686128e-05,1.365860678257305172e-01
1.000000000000000000e+01,7.500000000000000000e+01,3.000000000000000000e+00,8.540329951669221042e-01,1.564290934493586110e-02,9.550786841518320758e-05,1.302285876197269709e-01
1.000000000000000000e+01,7.600000000000000000e+01,3.000000000000000000e+00,8.474335138436390746e-01,9.741071792482545316e-03,3.732386400278204759e-05,1.427880904998756195e-01
1.000000000000000000e+01,7.700000000000000000e+01,3.000000000000000000e+00,8.268312627034748452e-01,4.145132882163952287e-03,6.926897657698117765e-06,1.690166775167034896e-01
1.000000000000000000e+01,7.800000000000000000e+01,3.000000000000000000e+00,8.183285133237351294e-01,6.136836094074516086e-03,1.534052100607381986e-05,1.755193100611842638e-01
1.000000000000000000e+01,7.900000000000000000e+01,3.000000000000000000e+00,8.517344965206277152e-01,8.339741893591226529e-03,2.721947396199192546e-05,1.398985421118189298e-01
1.000000000000000000e+01,8.000000000000000000e+01,3.000000000000000000e+00,8.205445881292439125e-01,3.990574801125713715e-03,6.469153727804992375e-06,1.754583679159025245e-01
1.000000000000000000e+01,8.100000000000000000e+01,3.000000000000000000e+00,8.224716411979393627e-01,4.973272932147242142e-03,1.002403098932541539e-05,1.725450618389239577e-01
1.000000000000000000e+01,8.200000000000000000e+01,3.000000000000000000e+00,8.458332133771115924e-01,7.030116861215165470e-03,1.947686703111562611e-05,1.471171928946421459e-01
1.000000000000000000e+01,8.300000000000000000e+01,3.000000000000000000e+00,8.649651665980157000e-01,9.214745870293306051e-03,3.272252831022553278e-05,1.257873650033808632e-01
1.000000000000000000e+01,8.400000000000000000e+01,3.000000000000000000e+00,8.159130788917624555e-01,8.983980407340582189e-03,3.297406143193127155e-05,1.750699666394651410e-01
1.000000000000000000e+01,8.500000000000000000e+01,3.000000000000000000e+00,8.492569618519181240e-01,8.235369697881687531e-03,2.661986383677267232e-05,1.424810485863632903e-01
1.000000000000000000e+01,8.600000000000000000e+01,3.000000000000000000e+00,8.362293582298354622e-01,6.125455886571437060e-03,1.495650662865951317e-05,1.576302293769645535e-01
1.000000000000000000e+01,8.700000000000000000e+01,3.000000000000000000e+00,8.338025351539249952e-01,6.381843396884472226e-03,1.628200260262633686e-05,1.597993394465879458e-01
1.000000000000000000e+01,8.800000000000000000e+01,3.000000000000000000e+00,8.416608534112651752e-01,1.163872691544404724e-02,5.364788111635079002e-05,1.466467717921745295e-01
1.000000000000000000e+01,8.900000000000000000e+01,3.000000000000000000e+00,8.290993020321744122e-01,9.221877084828329976e-03,3.419092532472129499e-05,1.616446299576726753e-01
1.000000000000000000e+01,9.000000000000000000e+01,3.000000000000000000e+00,8.312027785794883217e-01,5.116065982449188344e-03,1.049648846679143337e-05,1.636706589495955932e-01
1.000000000000000000e+01,9.100000000000000000e+01,3.000000000000000000e+00,8.233592307161580193e-01,3.473463041224945751e-03,4.884439682648828865e-06,1.731624218029343965e-01
1.000000000000000000e+01,9.200000000000000000e+01,3.000000000000000000e+00,8.223440549391314303e-01,4.784303916400594464e-03,9.278178165212658471e-06,1.728623629663028627e-01
1.000000000000000000e+01,9.300000000000000000e+01,3.000000000000000000e+00,8.473759826309034127e-01,1.196980345569929535e-02,5.636073309639634153e-05,1.405978531803009079e-01
1.000000000000000000e+01,9.400000000000000000e+01,3.000000000000000000e+00,8.622275055435931757e-01,6.554200345316823356e-03,1.660719546769290320e-05,1.312016869156224230e-01
1.000000000000000000e+01,9.500000000000000000e+01,3.000000000000000000e+00,8.265758958478929275e-01,4.317349319875716032e-03,7.516754861214163199e-06,1.690992380773701231e-01
1.000000000000000000e+01,9.600000000000000000e+01,3.000000000000000000e+00,8.229145218056669320e-01,3.550666254410971955e-03,5.106739730614073979e-06,1.735297052001914808e-01
1.000000000000000000e+01,9.700000000000000000e+01,3.000000000000000000e+00,8.332038242061610145e-01,9.990389313574817715e-03,3.992935691411096075e-05,1.567658571233500608e-01
1.000000000000000000e+01,9.800000000000000000e+01,3.000000000000000000e+00,8.360943356766489254e-01,6.147939997749223354e-03,1.506894003188271495e-05,1.577426553855699742e-01
1.000000000000000000e+01,9.900000000000000000e+01,3.000000000000000000e+00,8.251872198996030860e-01,6.808426476400330010e-03,1.872491073003157297e-05,1.679856287132664994e-01
1.000000000000000000e+01,1.000000000000000000e+02,3.000000000000000000e+00,8.404407892638654509e-01,1.279788340136050855e-02,6.496028498659507449e-05,1.466963670497874739e-01
1.000000000000000000e+01,1.010000000000000000e+02,3.000000000000000000e+00,8.258155835150453594e-01,5.159362816317123075e-03,1.074453958073509437e-05,1.690143091290566280e-01
1.000000000000000000e+01,1.020000000000000000e+02,3.000000000000000000e+00,8.311312852847516641e-01,4.156546551782953208e-03,6.929061446339200677e-06,1.647052391020191187e-01
1.000000000000000000e+01,1.030000000000000000e+02,3.000000000000000000e+00,8.499564514070659937e-01,1.553224592644292940e-02,9.461295070671873456e-05,1.344166897157842711e-01
1.000000000000000000e+01,1.040000000000000000e+02,3.000000000000000000e+00,8.250077904106004612e-01,4.079266642912041975e-03,6.723337055073167468e-06,1.709062196094323915e-01
1.000000000000000000e+01,1.050000000000000000e+02,3.000000000000000000e+00,8.349440394384265440e-01,3.783037646211764166e-03,5.713506197884874934e-06,1.612672094091640307e-01
1.000000000000000000e+01,1.060000000000000000e+02,3.000000000000000000e+00,8.485705808581837095e-01,1.255912584385692789e-02,6.195974168006800943e-05,1.388083335562792786e-01
1.000000000000000000e+01,1.070000000000000000e+02,3.000000000000000000e+00,8.485280277785302028e-01,7.252814391703067340e-03,2.066453704863156960e-05,1.441984932927180552e-01
1.000000000000000000e+01,1.080000000000000000e+02,3.000000000000000000e+00,8.389571912617281857e-01,7.081207635977485905e-03,1.992294803839109063e-05,1.539416781542560508e-01
1.000000000000000000e+01,1.090000000000000000e+02,3.000000000000000000e+00,8.166499981866698343e-01,2.672569730395416964e-03,2.915418265550594864e-06,1.806745166646691880e-01
1.000000000000000000e+01,1.100000000000000000e+02,3.000000000000000000e+00,8.471263503430905839e-01,7.387995425369445895e-03,2.147750308367957458e-05,1.454641767284562404e-01
1.000000000000000000e+01,1.110000000000000000e+02,3.000000000000000000e+00,8.030781339103142402e-01,5.313928655916828545e-03,1.172066849945618785e-05,1.915962167652695836e-01
1.000000000000000000e+01,1.120000000000000000e+02,3.000000000000000000e+00,8.461699337544839050e-01,1.045990832264975454e-02,4.309996442156058532e-05,1.433270579584449422e-01
1.000000000000000000e+01,1.130000000000000000e+02,3.000000000000000000e+00,8.201591048822005625e-01,5.677630910836272207e-03,1.310131679239379934e-05,1.741501628901708787e-01
1.000000000000000000e+01,1.140000000000000000e+02,3.000000000000000000e+00,8.437785217779664171e-01,4.060834738998046062e-03,6.514497328321679922e-06,1.521541289857071821e-01
1.000000000000000000e+01,1.150000000000000000e+02,3.000000000000000000e+00,8.541933010731527220e-01,3.154162005795106000e-03,3.882313268086767021e-06,1.426486546077840312e-01
1.000000000000000000e+01,1.160000000000000000e+02,3.000000000000000000e+00,8.550982446144680393e-01,1.796932398124002211e-02,1.258711523798258000e-04,1.268065602519120594e-01
1.000000000000000000e+01,1.170000000000000000e+02,3.000000000000000000e+00,8.254986074205815649e-01,7.734087628052444853e-03,2.415352810236715209e-05,1.667431514232637357e-01
1.000000000000000000e+01,1.180000000000000000e+02,3.000000000000000000e+00,8.323677447995243561e-01,8.479916901530269377e-03,2.879696348404193898e-05,1.591235413354613604e-01
1.000000000000000000e+01,1.190000000000000000e+02,3.000000000000000000e+00,8.373294369163113426e-01,4.050388919248464059e-03,6.530942173166202266e-06,1.586136432222669534e-01
1.000000000000000000e+01,1.200000000000000000e+02,3.000000000000000000e+00,8.328426844482536007e-01,6.611962320777304766e-03,1.749752045923750758e-05,1.605278557105098147e-01
1.000000000000000000e+01,1.210000000000000000e+02,3.000000000000000000e+00,8.712575709179514183e-01,6.926649494533095898e-03,1.835602345452821128e-05,1.217974235640610220e-01
1.000000000000000000e+01,1.220000000000000000e+02,3.000000000000000000e+00,8.477509718242776104e-01,1.943012313054597040e-02,1.484436261023565394e-04,1.326704614190740705e-01
1.000000000000000000e+01,1.230000000000000000e+02,3.000000000000000000e+00,8.447175928004418966e-01,5.656742315882723818e-03,1.262699467097034900e-05,1.496130378890043189e-01
1.000000000000000000e+01,1.240000000000000000e+02,3.000000000000000000e+00,8.562795114550747488e-01,2.154424833083965277e-02,1.806865748592418849e-04,1.219955536392264006e-01
1.000000000000000000e+01,1.250000000000000000e+02,3.000000000000000000e+00,8.532058498794018453e-01,4.547696226671917724e-03,8.079934040540269114e-06,1.422383739598858665e-01
1.000000000000000000e+01,1.260000000000000000e+02,3.000000000000000000e+00,8.435541693612454983e-01,6.015461232174766984e-03,1.429893307393172906e-05,1.504160704735057474e-01
1.000000000000000000e+01,1.270000000000000000e+02,3.000000000000000000e+00,8.235969821963524673e-01,5.793509876854675313e-03,1.358462023650727581e-05,1.705959233065563185e-01
1.000000000000000000e+01,1.280000000000000000e+02,3.000000000000000000e+00,8.441533414659474488e-01,8.680089732140738867e-03,2.975129203705003327e-05,1.471368175098746733e-01
1.000000000000000000e+01,1.290000000000000000e+02,3.000000000000000000e+00,8.649190373289947775e-01,1.270115367566287609e-02,6.217125446831180396e-05,1.223176377408739524e-01
1.000000000000000000e+01,1.300000000000000000e+02,3.000000000000000000e+00,8.544845410743934222e-01,6.319706524172020480e-03,1.558003241792419688e-05,1.391801723690166692e-01
1.000000000000000000e+01,1.310000000000000000e+02,3.000000000000000000e+00,8.540153231946623347e-01,9.696847609104273721e-03,3.670068947648869685e-05,1.362511285067569133e-01
1.000000000000000000e+01,1.320000000000000000e+02,3.000000000000000000e+00,8.649504791832934858e-01,1.140251099747358228e-02,5.010585776358409462e-05,1.235969039614694814e-01
1.000000000000000000e+01,1.330000000000000000e+02,3.000000000000000000e+00,8.787074913123478215e-01,1.737505606912361639e-02,1.145214520152068230e-04,1.038029311665134291e-01
1.000000000000000000e+01,1.340000000000000000e+02,3.000000000000000000e+00,8.114366403324070331e-01,5.232842819217427104e-03,1.124862686318019091e-05,1.833192682215123992e-01
1.000000000000000000e+01,1.350000000000000000e+02,3.000000000000000000e+00,8.494739057375307878e-01,8.707055108645989777e-03,2.974892583630961258e-05,1.417892902279866973e-01
1.000000000000000000e+01,1.360000000000000000e+02,3.000000000000000000e+00,8.146069934425197445e-01,2.636541634269094336e-03,2.844460312433613174e-06,1.827536204628986971e-01
1.000000000000000000e+01,1.370000000000000000e+02,3.000000000000000000e+00,8.625095698670556255e-01,1.001006051821187910e-02,3.872471490131175064e-05,1.274416448998312024e-01
1.000000000000000000e+01,1.380000000000000000e+02,3.000000000000000000e+00,8.657817533716635205e-01,1.549343275028229779e-02,9.241992663574216118e-05,1.186323939514182524e-01
1.000000000000000000e+01,1.390000000000000000e+02,3.000000000000000000e+00,8.094174048150544198e-01,4.799970235367768435e-03,9.488188304064166118e-06,1.857731367612738271e-01
1.000000000000000000e+01,1.400000000000000000e+02,3.000000000000000000e+00,8.392981353315892568e-01,1.172266010451833602e-02,5.457765011864100551e-05,1.489246269137738943e-01
1.000000000000000000e+01,1.410000000000000000e+02,3.000000000000000000e+00,8.390212606679711138e-01,2.815983860119025250e-03,3.150402924687792830e-06,1.581596050689852428e-01
1.000000000000000000e+01,1.420000000000000000e+02,3.000000000000000000e+00,8.414983409907655920e-01,6.989007472264502016e-03,1.934890938697844873e-05,1.514933026275828154e-01
1.000000000000000000e+01,1.430000000000000000e+02,3.000000000000000000e+00,8.349330704605621989e-01,7.183168167229143052e-03,2.059961720054673078e-05,1.578631617550079747e-01
1.000000000000000000e+01,1.440000000000000000e+02,3.000000000000000000e+00,8.286783094037959430e-01,6.678222698333290651e-03,1.793967490256506348e-05,1.646255282229680539e-01
1.000000000000000000e+01,1.450000000000000000e+02,3.000000000000000000e+00,8.537892196611398532e-01,9.774532331301082760e-03,3.730096378806063603e-05,1.363989470437709239e-01
1.000000000000000000e+01,1.460000000000000000e+02,3.000000000000000000e+00,8.370087313317443600e-01,7.037850856455303387e-03,1.972553882398992759e-05,1.559336922729761821e-01
1.000000000000000000e+01,1.470000000000000000e+02,3.000000000000000000e+00,8.586766209368544844e-01,9.120582374349634966e-03,3.229194818282837495e-05,1.321705047406130651e-01
1.000000000000000000e+01,1.480000000000000000e+02,3.000000000000000000e+00,8.428318195265775969e-01,5.875866066816967312e-03,1.365468224117926114e-05,1.512786597243642450e-01
1.000000000000000000e+01,1.490000000000000000e+02,3.000000000000000000e+00,8.716664463713177380e-01,1.707662309813789969e-02,1.115147725179403270e-04,1.111454157580264029e-01
1.000000000000000000e+01,1.500000000000000000e+02,3.000000000000000000e+00,8.613992326683129752e-01,7.854733506420123745e-03,2.387465885621304162e-05,1.307221591664106397e-01
1.000000000000000000e+01,1.510000000000000000e+02,3.000000000000000000e+00,8.587511816930256670e-01,9.945096570951331844e-03,3.839099843044060890e-05,1.312653307375924450e-01
1.000000000000000000e+01,1.520000000000000000e+02,3.000000000000000000e+00,8.522675496605037759e-01,8.909419820761890763e-03,3.104571311915863208e-05,1.387919848056151373e-01
1.000000000000000000e+01,1.530000000000000000e+02,3.000000000000000000e+00,8.357766480059858338e-01,1.132668805702188343e-02,5.116752290506020761e-05,1.528454964140872341e-01
1.000000000000000000e+01,1.540000000000000000e+02,3.000000000000000000e+00,8.182660507808084960e-01,8.348212467859560809e-03,2.839037960902141315e-05,1.733573463717229257e-01
1.000000000000000000e+01,1.550000000000000000e+02,3.000000000000000000e+00,8.617728013882872684e-01,8.013179788250319666e-03,2.483680548414522458e-05,1.301891820179782722e-01
1.000000000000000000e+01,1.560000000000000000e+02,3.000000000000000000e+00,8.388259350117996949e-01,1.352778791563859564e-02,7.272110468223396123e-05,1.475735559678794939e-01
1.000000000000000000e+01,1.570000000000000000e+02,3.000000000000000000e+00,8.262245888886484702e-01,7.849007773889402073e-03,2.485479285861951371e-05,1.659015485446033444e-01
1.000000000000000000e+01,1.580000000000000000e+02,3.000000000000000000e+00,8.233081608534879026e-01,3.564067822820918361e-03,5.142901953220540399e-06,1.731226284217378397e-01
1.000000000000000000e+01,1.590000000000000000e+02,3.000000000000000000e+00,8.309021311912496710e-01,7.647166656164844194e-03,2.346010666074430573e-05,1.614272420459247903e-01
1.000000000000000000e+01,1.600000000000000000e+02,3.000000000000000000e+00,8.545249580180579452e-01,5.984610235800079565e-03,1.397094348089098348e-05,1.394764608026611563e-01
1.000000000000000000e+01,1.610000000000000000e+02,3.000000000000000000e+00,8.414440221570264056e-01,4.312893123172682058e-03,7.368700552108331865e-06,1.542357160192487087e-01
1.000000000000000000e+01,1.620000000000000000e+02,3.000000000000000000e+00,8.235575027463949427e-01,5.755243630724352251e-03,1.340640215914306215e-05,1.706738472207215140e-01
1.000000000000000000e+01,1.630000000000000000e+02,3.000000000000000000e+00,8.331145213176457398e-01,3.573945380757248026e-03,5.110576140414358447e-06,1.633064227254565903e-01
1.000000000000000000e+01,1.640000000000000000e+02,3.000000000000000000e+00,8.530042316313845019e-01,8.748438686681014875e-03,2.990808900921951223e-05,1.382174215929254102e-01
1.000000000000000000e+01,1.650000000000000000e+02,3.000000000000000000e+00,8.468840141613124262e-01,8.187788831929589117e-03,2.638688212130282316e-05,1.449018101246368484e-01
1.000000000000000000e+01,1.660000000000000000e+02,3.000000000000000000e+00,8.344314753398816009e-01,6.133560901530912129e-03,1.502842372105911691e-05,1.594199353348664805e-01
1.000000000000000000e+01,1.670000000000000000e+02,3.000000000000000000e+00,8.452048410978050264e-01,1.159754976738051370e-02,5.304558692626775069e-05,1.431445635478883760e-01
1.000000000000000000e+01,1.680000000000000000e+02,3.000000000000000000e+00,8.577889783665493262e-01,3.193475195099040095e-03,3.963011913541178157e-06,1.390135834264381587e-01
1.000000000000000000e+01,1.690000000000000000e+02,3.000000000000000000e+00,8.472130564665821817e-01,3.493286418066652004e-03,4.801251942277435940e-06,1.492888558634089813e-01
1.000000000000000000e+01,1.700000000000000000e+02,3.000000000000000000e+00,8.098596618713657103e-01,1.827263190219269133e-03,1.374267223292749537e-06,1.883117006711917396e-01
1.000000000000000000e+01,1.710000000000000000e+02,3.000000000000000000e+00,8.219076707440983176e-01,4.037828500752658339e-03,6.612283261585775314e-06,1.740478884718873465e-01
1.000000000000000000e+01,1.720000000000000000e+02,3.000000000000000000e+00,8.299873222305255149e-01,6.214944509650750445e-03,1.551250010029668437e-05,1.637822207597233737e-01
1.000000000000000000e+01,1.730000000000000000e+02,3.000000000000000000e+00,8.595183759312293725e-01,1.868397194557781110e-02,1.353823324932495662e-04,1.216622697906995926e-01
1.000000000000000000e+01,1.740000000000000000e+02,3.000000000000000000e+00,8.068786829155316642e-01,1.562742878294641870e-03,1.008894048704750467e-06,1.915575653121249777e-01
1.000000000000000000e+01,1.750000000000000000e+02,3.000000000000000000e+00,8.185252562301081891e-01,4.561690659491402650e-03,8.474192463623125276e-06,1.769045789179366224e-01
1.000000000000000000e+01,1.760000000000000000e+02,3.000000000000000000e+00,8.460209041152149112e-01,1.176790684387536874e-02,5.456273038980348554e-05,1.421566263105199235e-01
1.000000000000000000e+01,1.770000000000000000e+02,3.000000000000000000e+00,8.514726402280056172e-01,8.200774413490739129e-03,2.632799450567414594e-05,1.403002573639980377e-01
1.000000000000000000e+01,1.780000000000000000e+02,3.000000000000000000e+00,8.549307093530444934e-01,4.790223316982431326e-03,8.946627360372622672e-06,1.402701207026126884e-01
1.000000000000000000e+01,1.790000000000000000e+02,3.000000000000000000e+00,8.577284078521509869e-01,1.327364149040594771e-02,6.847138589281614399e-05,1.289294792715501292e-01
1.000000000000000000e+01,1.800000000000000000e+02,3.000000000000000000e+00,8.500862342667210303e-01,9.093959674285686731e-03,3.242812286719389903e-05,1.407873779361261124e-01
1.000000000000000000e+01,1.810000000000000000e+02,3.000000000000000000e+00,8.141031898487051111e-01,2.265805162054188287e-03,2.102056633772883133e-06,1.836289029326068079e-01
1.000000000000000000e+01,1.820000000000000000e+02,3.000000000000000000e+00,8.516187464872412294e-01,7.171844606702173011e-03,2.013238720371986535e-05,1.411892765188530463e-01
1.000000000000000000e+01,1.830000000000000000e+02,3.000000000000000000e+00,8.572776349906228166e-01,7.919870473353308668e-03,2.438896718112394129e-05,1.347781055688426766e-01
1.000000000000000000e+01,1.840000000000000000e+02,3.000000000000000000e+00,8.649323267645133706e-01,9.304434174667719840e-03,3.336388009089286209e-05,1.257298751807278403e-01
1.000000000000000000e+01,1.850000000000000000e+02,3.000000000000000000e+00,8.630724380154538578e-01,4.468634003676959753e-03,7.712249470327931902e-06,1.324512157313990079e-01
1.000000000000000000e+01,1.860000000000000000e+02,3.000000000000000000e+00,8.291948972420241093e-01,8.650502286757422513e-03,3.008186618212057542e-05,1.621245186050363496e-01
1.000000000000000000e+01,1.870000000000000000e+02,3.000000000000000000e+00,8.371859534492590571e-01,1.871072642879301542e-02,1.393920837024459174e-04,1.439639280382456477e-01
1.000000000000000000e+01,1.880000000000000000e+02,3.000000000000000000e+00,8.432990609376834756e-01,1.287754240055443214e-02,6.554855248847931304e-05,1.437578481092735838e-01
1.000000000000000000e+01,1.890000000000000000e+02,3.000000000000000000e+00,8.195054485562495161e-01,6.068852363861351219e-03,1.498097382156188441e-05,1.744107181060675360e-01
1.000000000000000000e+01,1.900000000000000000e+02,3.000000000000000000e+00,8.178127808594046755e-01,1.849708022783490193e-03,1.394540759460937853e-06,1.803361165770523966e-01
1.000000000000000000e+01,1.910000000000000000e+02,3.000000000000000000e+00,8.351556277322709221e-01,4.722213964792085043e-03,8.900259220678628425e-06,1.601132580437162611e-01
1.000000000000000000e+01,1.920000000000000000e+02,3.000000000000000000e+00,8.415111941009469909e-01,1.012113511336013016e-02,4.057675314798131011e-05,1.483270940325448206e-01
1.000000000000000000e+01,1.930000000000000000e+02,3.000000000000000000e+00,8.664592343014927422e-01,1.514605777328419285e-02,8.825307142372325580e-05,1.183064548537994531e-01
1.000000000000000000e+01,1.940000000000000000e+02,3.000000000000000000e+00,8.401000785816344907e-01,4.751195644015662571e-03,8.956813846046183611e-06,1.551397689605037988e-01
1.000000000000000000e+01,1.950000000000000000e+02,3.000000000000000000e+00,8.217947540477622548e-01,3.610151981485851605e-03,5.286477053315732164e-06,1.745898074936986510e-01
1.000000000000000000e+01,1.960000000000000000e+02,3.000000000000000000e+00,8.223274597500834782e-01,6.694001386859642182e-03,1.816375136854324568e-05,1.709603751116882675e-01
1.000000000000000000e+01,1.970000000000000000e+02,3.000000000000000000e+00,8.179288263470739784e-01,4.607497703994853193e-03,8.651541311211706273e-06,1.774550244076200656e-01
1.000000000000000000e+01,1.980000000000000000e+02,3.000000000000000000e+00,8.610861851544069356e-01,1.748201451396403858e-02,1.183082625701965216e-04,1.213134920690587121e-01
1.000000000000000000e+01,1.990000000000000000e+02,3.000000000000000000e+00,8.285887429033973461e-01,2.785081763770305696e-03,3.120438415043832608e-06,1.686230548944172847e-01
1.000000000000000000e+01,2.000000000000000000e+02,3.000000000000000000e+00,8.340287091593641122e-01,5.301424089907572600e-03,1.123266584327377705e-05,1.606586340848848438e-01
1.000000000000000000e+01,2.010000000000000000e+02,3.000000000000000000e+00,8.266967167471099831e-01,8.793700949405467218e-03,3.117998609044512576e-05,1.644784023173939402e-01
1.000000000000000000e+01,2.020000000000000000e+02,3.000000000000000000e+00,8.545892441821679730e-01,2.138974194786271224e-02,1.784565172531123178e-04,1.238425573527161677e-01
1.000000000000000000e+01,2.030000000000000000e+02,3.000000000000000000e+00,8.472005116578542605e-01,1.086332787939381372e-02,4.643209841956694877e-05,1.418897283643325569e-01
1.000000000000000000e+01,2.040000000000000000e+02,3.000000000000000000e+00,8.441447504018908532e-01,1.138153972439143354e-02,5.115214597821345224e-05,1.444225577277393202e-01
1.000000000000000000e+01,2.050000000000000000e+02,3.000000000000000000e+00,8.284076943932945358e-01,2.241717242043203898e-03,2.022070464130664245e-06,1.693485662941981440e-01
1.000000000000000000e+01,2.060000000000000000e+02,3.000000000000000000e+00,8.578253105163962111e-01,6.785162653011531965e-03,1.788959114146762544e-05,1.353716372394506706e-01
1.000000000000000000e+01,2.070000000000000000e+02,3.000000000000000000e+00,8.588144928346379547e-01,8.965490515574157590e-03,3.119805299649932136e-05,1.321888185967914908e-01
1.000000000000000000e+01,2.080000000000000000e+02,3.000000000000000000e+00,8.298768866200013639e-01,3.955508601372870713e-03,6.284485706170797586e-06,1.661613202929196897e-01
1.000000000000000000e+01,2.090000000000000000e+02,3.000000000000000000e+00,8.653285882332915069e-01,7.865954181229858899e-03,2.383419663642136468e-05,1.267816233888422739e-01
1.000000000000000000e+01,2.100000000000000000e+02,3.000000000000000000e+00,8.422953942167061836e-01,6.262035813343535748e-03,1.551834538367358190e-05,1.514270516245664888e-01
1.000000000000000000e+01,2.110000000000000000e+02,3.000000000000000000e+00,8.698004562693548714e-01,1.276964528534705115e-02,6.249090027421549357e-05,1.173674075450236720e-01
1.000000000000000000e+01,2.120000000000000000e+02,3.000000000000000000e+00,8.698389471002260231e-01,1.667903490500410521e-02,1.066060203020897506e-04,1.133754119744675715e-01
1.000000000000000000e+01,2.130000000000000000e+02,3.000000000000000000e+00,8.510166235030202087e-01,8.998042917676900981e-03,3.171296310487331581e-05,1.399536206161978991e-01
1.000000000000000000e+01,2.140000000000000000e+02,3.000000000000000000e+00,8.625057660427861705e-01,9.105844732371084008e-03,3.204477448325720334e-05,1.283563444503594830e-01
1.000000000000000000e+01,2.150000000000000000e+02,3.000000000000000000e+00,8.407945526623065158e-01,1.031803708472340229e-02,4.220685816157453233e-05,1.488452033948084730e-01
1.000000000000000000e+01,2.160000000000000000e+02,3.000000000000000000e+00,8.500412091566693640e-01,9.759261695246809754e-03,3.734845942775055191e-05,1.401621806886562405e-01
1.000000000000000000e+01,2.170000000000000000e+02,3.000000000000000000e+00,8.550867410313810479e-01,1.047337696667965945e-02,4.276042800596234760e-05,1.343971215739332981e-01
1.000000000000000000e+01,2.180000000000000000e+02,3.000000000000000000e+00,8.322201938894194795e-01,1.664430924188461947e-02,1.109614307101261716e-04,1.510245354379857741e-01
1.000000000000000000e+01,2.190000000000000000e+02,3.000000000000000000e+00,8.542511006196924495e-01,4.810789721962431889e-03,9.030794236866431540e-06,1.409290788641082981e-01
1.000000000000000000e+01,2.200000000000000000e+02,3.000000000000000000e+00,8.298130870148026084e-01,6.667466598322558530e-03,1.785747960811725081e-05,1.635015889072665152e-01
1.000000000000000000e+01,2.210000000000000000e+02,3.000000000000000000e+00,8.598871073625049544e-01,8.214161503611408857e-03,2.615554554766575421e-05,1.318725755883359274e-01
1.000000000000000000e+01,2.220000000000000000e+02,3.000000000000000000e+00,8.509881324083981013e-01,1.138056518365964873e-02,5.073210736518610621e-05,1.375805703005771596e-01
1.000000000000000000e+01,2.230000000000000000e+02,3.000000000000000000e+00,8.589084012943845048e-01,1.405144299546119864e-02,7.662557495737095813e-05,1.269635301351969559e-01
1.000000000000000000e+01,2.240000000000000000e+02,3.000000000000000000e+00,8.393345681212570630e-01,3.783022827915722558e-03,5.683574528397097541e-06,1.568767254762988284e-01
1.000000000000000000e+01,2.250000000000000000e+02,3.000000000000000000e+00,8.563981329603121972e-01,1.255105736833190579e-02,6.131456659401618729e-05,1.309894951047618494e-01
1.000000000000000000e+01,2.260000000000000000e+02,3.000000000000000000e+00,8.429607736385243966e-01,6.611522844237284133e-03,1.728519906139626064e-05,1.504104183181769472e-01
1.000000000000000000e+01,2.270000000000000000e+02,3.000000000000000000e+00,8.521149947925374946e-01,5.530187132492777810e-03,1.196355339646564115e-05,1.423428545215731922e-01
1.000000000000000000e+01,2.280000000000000000e+02,3.000000000000000000e+00,8.074267642619901153e-01,1.153346339145699343e-03,5.491551832306146974e-07,1.914193402436809299e-01
1.000000000000000000e+01,2.290000000000000000e+02,3.000000000000000000e+00,8.606768373944786443e-01,1.056721246756985727e-02,4.324735079924984534e-05,1.287127027871521612e-01
1.000000000000000000e+01,2.300000000000000000e+02,3.000000000000000000e+00,8.623097422227176123e-01,8.046236223362143031e-03,2.502655143972753009e-05,1.296189950024806969e-01
1.000000000000000000e+01,2.310000000000000000e+02,3.000000000000000000e+00,8.348757506880921664e-01,7.534828499921232374e-03,2.266750091313319217e-05,1.575667533110735319e-01
1.000000000000000000e+01,2.320000000000000000e+02,3.000000000000000000e+00,8.277803731972148693e-01,8.657623974901483901e-03,3.018290652840891221e-05,1.635318199213552370e-01
1.000000000000000000e+01,2.330000000000000000e+02,3.000000000000000000e+00,8.370399214183588121e-01,3.623851932412168724e-03,5.229660096257137361e-06,1.593309969891327504e-01
1.000000000000000000e+01,2.340000000000000000e+02,3.000000000000000000e+00,8.349142979649136764e-01,6.896878168975681053e-03,1.899074295954157488e-05,1.581698331231510268e-01
1.000000000000000000e+01,2.350000000000000000e+02,3.000000000000000000e+00,8.291678168693950024e-01,5.495624200235287721e-03,1.214144460496225647e-05,1.653244174857649018e-01
1.000000000000000000e+01,2.360000000000000000e+02,3.000000000000000000e+00,8.326299093222635506e-01,6.230027687228533589e-03,1.553841410574475371e-05,1.611245245764022782e-01
1.000000000000000000e+01,2.370000000000000000e+02,3.000000000000000000e+00,8.325113651352422650e-01,5.298795985161319951e-03,1.124198422116056986e-05,1.621785968953751711e-01
1.000000000000000000e+01,2.380000000000000000e+02,3.000000000000000000e+00,8.394216861878911473e-01,4.144956554903221450e-03,6.822421167942669233e-06,1.564265348360379115e-01
1.000000000000000000e+01,2.390000000000000000e+02,3.000000000000000000e+00,8.882150882356483201e-01,1.792736550238959586e-02,1.206128403330320175e-04,9.373693342162887909e-02
1.000000000000000000e+01,2.400000000000000000e+02,3.000000000000000000e+00,8.637526695620358907e-01,1.152820523690805364e-02,5.128764312113431493e-05,1.246678375579350490e-01
1.000000000000000000e+01,2.410000000000000000e+02,3.000000000000000000e+00,8.759711275667830810e-01,1.915105922392311075e-02,1.395643676129606418e-04,1.047382488416807450e-01
1.000000000000000000e+01,2.420000000000000000e+02,3.000000000000000000e+00,8.638839098981453413e-01,8.937970925007868855e-03,3.082486868932231348e-05,1.271472943081576046e-01
1.000000000000000000e+01,2.430000000000000000e+02,3.000000000000000000e+00,8.371833500127220384e-01,6.511056977754877372e-03,1.687956127608376548e-05,1.562887134482470464e-01
1.000000000000000000e+01,2.440000000000000000e+02,3.000000000000000000e+00,8.520193588193438750e-01,5.334408299884936880e-03,1.113273292651984059e-05,1.426351001478445568e-01
1.000000000000000000e+01,2.450000000000000000e+02,3.000000000000000000e+00,8.337577878877699966e-01,5.925638748757003013e-03,1.403812757568586723e-05,1.603025352358972422e-01
1.000000000000000000e+01,2.460000000000000000e+02,3.000000000000000000e+00,8.460080072121636263e-01,6.040893408342025428e-03,1.437826941741088167e-05,1.479367211100770518e-01
1.000000000000000000e+01,2.470000000000000000e+02,3.000000000000000000e+00,8.529714232159211207e-01,9.127687219793241546e-03,3.255860306482452767e-05,1.378683309612208363e-01
1.000000000000000000e+01,2.480000000000000000e+02,3.000000000000000000e+00,8.288108945762314717e-01,5.393601990574912498e-03,1.169987131487847938e-05,1.657838035618788286e-01
1.000000000000000000e+01,2.490000000000000000e+02,3.000000000000000000e+00,8.239514947801174216e-01,3.206273206117909568e-03,4.158896867674243171e-06,1.728380731168970841e-01
1.000000000000000000e+01,2.500000000000000000e+02,3.000000000000000000e+00,8.063445724173686768e-01,3.798341950115925389e-03,5.964117600807653216e-06,1.898511215149146225e-01
1.000000000000000000e+01,2.510000000000000000e+02,3.000000000000000000e+00,8.533253101628325288e-01,4.676074689080086076e-03,8.541359407892163604e-06,1.419900737886795605e-01
1.000000000000000000e+01,2.520000000000000000e+02,3.000000000000000000e+00,8.125857393890577596e-01,1.898435953649279737e-03,1.478432324289437985e-06,1.855143462249687347e-01
1.000000000000000000e+01,2.530000000000000000e+02,3.000000000000000000e+00,8.297181204861123760e-01,1.023495133812346407e-02,4.208426384307568897e-05,1.600048439119210741e-01
1.000000000000000000e+01,2.540000000000000000e+02,3.000000000000000000e+00,8.505129528975137188e-01,1.259521944850574074e-02,6.217406896060651705e-05,1.368296535850199169e-01
1.000000000000000000e+01,2.550000000000000000e+02,3.000000000000000000e+00,8.271606903384313147e-01,3.793897039802499038e-03,5.800426655000181479e-06,1.690396121951110164e-01
1.000000000000000000e+01,2.560000000000000000e+02,3.000000000000000000e+00,8.402122403653715654e-01,9.347471179348414150e-03,3.466394689781142498e-05,1.504056245083823240e-01
1.000000000000000000e+01,2.570000000000000000e+02,3.000000000000000000e+00,8.605792457477983159e-01,1.424353569551081201e-02,7.858207523662355911e-05,1.250986364814544449e-01
1.000000000000000000e+01,2.580000000000000000e+02,3.000000000000000000e+00,8.547430572066898602e-01,7.909754362085968590e-03,2.439883874693235354e-05,1.373227895924773179e-01
1.000000000000000000e+01,2.590000000000000000e+02,3.000000000000000000e+00,8.159765435462271732e-01,6.086053309309310058e-03,1.513117224455949975e-05,1.779222719722189650e-01
1.000000000000000000e+01,2.600000000000000000e+02,3.000000000000000000e+00,8.121681317903841624e-01,9.023188290681853282e-03,3.341587525299568142e-05,1.787752640436808538e-01
1.000000000000000000e+01,2.610000000000000000e+02,3.000000000000000000e+00,8.657911830786485519e-01,1.766329111091663115e-02,1.201182067018290108e-04,1.164254076037329610e-01
1.000000000000000000e+01,2.620000000000000000e+02,3.000000000000000000e+00,8.422178833852510538e-01,1.590898864335833773e-02,1.001704050885259673e-04,1.417729575663021491e-01
1.000000000000000000e+01,2.630000000000000000e+02,3.000000000000000000e+00,8.539000560867879841e-01,6.842279367160250710e-03,1.827567000944529469e-05,1.392393888760424248e-01
1.000000000000000000e+01,2.640000000000000000e+02,3.000000000000000000e+00,8.430848253864638986e-01,7.958648939526493521e-03,2.504298936293927985e-05,1.489314826846467321e-01
1.000000000000000000e+01,2.650000000000000000e+02,3.000000000000000000e+00,8.468069953880515977e-01,8.060755371554213788e-03,2.557677546907241996e-05,1.451066724649249795e-01
1.000000000000000000e+01,2.660000000000000000e+02,3.000000000000000000e+00,8.327736125514927368e-01,7.509045820089803140e-03,2.256946677078725785e-05,1.596947721616465143e-01
1.000000000000000000e+01,2.670000000000000000e+02,3.000000000000000000e+00,8.221956141270418961e-01,3.323892003225335096e-03,4.479168484674096619e-06,1.744760147012480445e-01
1.000000000000000000e+01,2.680000000000000000e+02,3.000000000000000000e+00,8.365448367887472481e-01,1.004747471619655413e-02,4.022567738673496967e-05,1.533674628176693866e-01
1.000000000000000000e+01,2.690000000000000000e+02,3.000000000000000000e+00,8.254524657041216740e-01,7.269381817140699829e-03,2.133937212172852898e-05,1.672568131066158870e-01
1.000000000000000000e+01,2.700000000000000000e+02,3.000000000000000000e+00,8.596056471515859387e-01,7.844138383707163764e-03,2.385997470143714594e-05,1.325263544900055213e-01
1.000000000000000000e+01,2.710000000000000000e+02,3.000000000000000000e+00,8.248957383106197971e-01,4.309431499767396589e-03,7.504463489014644257e-06,1.707873257261237065e-01
1.000000000000000000e+01,2.720000000000000000e+02,3.000000000000000000e+00,8.277753097358200307e-01,8.744056442671774287e-03,3.078875880663441302e-05,1.634498450627015209e-01
1.000000000000000000e+01,2.730000000000000000e+02,3.000000000000000000e+00,8.711861666764380008e-01,5.464471964959785079e-03,1.142520967313206699e-05,1.233379361489290310e-01
1.000000000000000000e+01,2.740000000000000000e+02,3.000000000000000000e+00,8.377887411754801894e-01,6.317405302595669771e-03,1.587894727942501551e-05,1.558779745746445566e-01
1.000000000000000000e+01,2.750000000000000000e+02,3.000000000000000000e+00,8.613133636946768146e-01,8.426497793995953861e-03,2.747968705513983734e-05,1.302326588242721794e-01
1.000000000000000000e+01,2.760000000000000000e+02,3.000000000000000000e+00,8.377424286301644596e-01,6.658785022822660826e-03,1.764242264481739975e-05,1.555811439243680039e-01
1.000000000000000000e+01,2.770000000000000000e+02,3.000000000000000000e+00,8.376321269288800053e-01,1.002729784818795315e-02,4.001227543843230509e-05,1.523005629474937506e-01
1.000000000000000000e+01,2.780000000000000000e+02,3.000000000000000000e+00,8.319910313346534636e-01,8.704628530421972682e-03,3.035712125048893205e-05,1.592739830136741253e-01
1.000000000000000000e+01,2.790000000000000000e+02,3.000000000000000000e+00,8.169345805392193016e-01,2.225301392662424119e-03,2.020547873375110960e-06,1.808380975202448782e-01
1.000000000000000000e+01,2.800000000000000000e+02,3.000000000000000000e+00,8.318707763332409133e-01,1.290363572041468114e-02,6.671862166665076842e-05,1.551588693246776784e-01
1.000000000000000000e+01,2.810000000000000000e+02,3.000000000000000000e+00,8.333468422486844940e-01,2.880903279025953580e-03,3.319787665164333713e-06,1.637689346846242788e-01
1.000000000000000000e+01,2.820000000000000000e+02,3.000000000000000000e+00,8.677653028454438422e-01,7.452552912937698837e-03,2.133470295789890406e-05,1.247608095386606025e-01
1.000000000000000000e+01,2.830000000000000000e+02,3.000000000000000000e+00,8.305545710153670047e-01,9.996441200071148891e-03,4.010526626978697058e-05,1.594088825182920499e-01
1.000000000000000000e+01,2.840000000000000000e+02,3.000000000000000000e+00,8.659238836623028845e-01,1.668187853586923161e-02,1.071245316653496169e-04,1.172871132701625019e-01
1.000000000000000000e+01,2.850000000000000000e+02,3.000000000000000000e+00,7.940784450718821885e-01,6.749950371507049953e-04,1.912566292015133278e-07,2.052463686343379834e-01
1.000000000000000000e+01,2.860000000000000000e+02,3.000000000000000000e+00,8.174623671802409008e-01,2.978748279059051287e-03,3.618083500937839962e-06,1.795552664571990753e-01
1.000000000000000000e+01,2.870000000000000000e+02,3.000000000000000000e+00,8.403844244882546777e-01,6.035275558546632224e-03,1.444757502487460005e-05,1.535658523781737173e-01
1.000000000000000000e+01,2.880000000000000000e+02,3.000000000000000000e+00,8.373010665021195509e-01,5.442951104972636178e-03,1.179413153219635146e-05,1.572441882613757058e-01
1.000000000000000000e+01,2.890000000000000000e+02,3.000000000000000000e+00,8.466270318068933598e-01,1.211567925229024671e-02,5.779391956931886475e-05,1.411994950212471511e-01
1.000000000000000000e+01,2.900000000000000000e+02,3.000000000000000000e+00,8.582067717213507363e-01,1.179569112277369970e-02,5.404227110474598816e-05,1.299434948847709714e-01
1.000000000000000000e+01,2.910000000000000000e+02,3.000000000000000000e+00,8.369475969122224246e-01,8.684588768195652952e-03,3.003855213513453802e-05,1.543377757674467832e-01
1.000000000000000000e+01,2.920000000000000000e+02,3.000000000000000000e+00,8.402526126178294641e-01,4.774129594227679435e-03,9.041849653391922988e-06,1.549642159382894624e-01
1.000000000000000000e+01,2.930000000000000000e+02,3.000000000000000000e+00,8.424399568709517450e-01,4.838912634414467041e-03,9.264785101308915309e-06,1.527118657095325738e-01
1.000000000000000000e+01,2.940000000000000000e+02,3.000000000000000000e+00,8.361055709262178448e-01,4.983469181982285064e-03,9.901048364923423721e-06,1.589010588434350557e-01
1.000000000000000000e+01,2.950000000000000000e+02,3.000000000000000000e+00,8.064888226430411144e-01,8.067929069293138661e-03,2.690323686232300529e-05,1.854163450508034550e-01
1.000000000000000000e+01,2.960000000000000000e+02,3.000000000000000000e+00,8.328337322497015860e-01,9.194803609410774972e-03,3.383805199918949705e-05,1.579376260888884775e-01
1.000000000000000000e+01,2.970000000000000000e+02,3.000000000000000000e+00,8.232618055605362972e-01,2.269933965918157544e-03,2.086254204444992293e-06,1.744661742193411857e-01
1.000000000000000000e+01,2.980000000000000000e+02,3.000000000000000000e+00,8.553460022609347124e-01,6.539551439973546529e-03,1.666605596761134986e-05,1.380977802431241075e-01
1.000000000000000000e+01,2.990000000000000000e+02,3.000000000000000000e+00,8.667739627864107232e-01,1.002246114217111850e-02,3.862972803329067545e-05,1.231649463433850261e-01
