# S2 Fig: sup over the input of the ladder factor nu for the three-site ladder c = (1, 3a, 3b, 1); a = b = 1 is the binomial ladder (nu = 1); the bound nu <= 3 is approached as a, b -> 0
log10_a,log10_b,nu_sup
-3.0,-3.0,2.9920239282153545
-2.9,-3.0,2.9909948112768685
-2.8,-3.0,2.9897003615506508
-2.7,-3.0,2.9881089376815972
-2.6,-3.0,2.9861499304788954
-2.5,-3.0,2.9836883726811845
-2.4,-3.0,2.9805968535727425
-2.3,-3.0,2.976716531033172
-2.2,-3.0,2.9718498773539177
-2.1,-3.0,2.9657835083313024
-2.0,-3.0,2.9582941599073185
-1.9,-3.0,2.948945239862375
-1.7999999999999998,-3.0,2.9372996206453967
-1.7,-3.0,2.922830871214156
-1.5999999999999999,-3.0,2.9049122172540507
-1.5,-3.0,2.882808072964507
-1.4,-3.0,2.8556706684397706
-1.2999999999999998,-3.0,2.822545108611328
-1.2,-3.0,2.7829973959831618
-1.0999999999999999,-3.0,2.7359397075678
-1.0,-3.0,2.6802866119286417
-0.8999999999999999,-3.0,2.6152225100412054
-0.7999999999999998,-3.0,2.5430848468211953
-0.6999999999999997,-3.0,2.4623635299308155
-0.5999999999999996,-3.0,2.377548751575816
-0.5,-3.0,2.2916032944197604
-0.3999999999999999,-3.0,2.211173516243341
-0.2999999999999998,-3.0,2.140856313610315
-0.19999999999999973,-3.0,2.0859301822788034
-0.09999999999999964,-3.0,2.0478384124407545
0.0,-3.0,2.023832307472186
0.10000000000000009,-3.0,2.0097802447099586
0.20000000000000018,-3.0,2.001879319131616
0.30000000000000027,-3.0,1.9974724001033257
0.40000000000000036,-3.0,1.9950595110018163
0.5,-3.0,1.993790534741496
0.6000000000000001,-3.0,1.9931979013189018
0.7000000000000002,-3.0,1.9929919266315612
0.8000000000000003,-3.0,1.9930829030917157
0.9000000000000004,-3.0,1.9932769102581545
1.0,-3.0,1.9935871601298176
1.1000000000000005,-3.0,1.99390646196326
1.2000000000000002,-3.0,1.9942807567914271
1.2999999999999998,-3.0,1.994638011387009
1.4000000000000004,-3.0,1.9949860632528695
1.5,-3.0,1.9953369769276383
1.6000000000000005,-3.0,1.9956559663573477
1.7000000000000002,-3.0,1.995963370887639
1.8000000000000007,-3.0,1.996257954896142
1.9000000000000004,-3.0,1.9965225542939997
2.0,-3.0,1.996776409467114
2.1000000000000005,-3.0,1.997015486025673
2.2,-3.0,1.9972292612921865
2.3000000000000007,-3.0,1.997433895314745
2.4000000000000004,-3.0,1.997625450818964
2.5,-3.0,1.9977964267787058
2.6000000000000005,-3.0,1.997959874513751
2.7,-3.0,1.9981125819009324
2.8000000000000007,-3.0,1.998248781863829
2.9000000000000004,-3.0,1.9983788700096572
3.0,-3.0,1.9985003609667515
-3.0,-2.9,2.9909948112768685
-2.9,-2.9,2.989966491023905
-2.8,-2.9,2.98867304299994
-2.7,-2.9,2.9870464771383247
-2.6,-2.9,2.985048346741781
-2.5,-2.9,2.9825888918452104
-2.4,-2.9,2.979500010772433
-2.3,-2.9,2.975622994579633
-2.2,-2.9,2.9707604801580616
-2.1,-2.9,2.9646678149473495
-2.0,-2.9,2.9571039615973578
-1.9,-2.9,2.947764406501492
-1.7999999999999998,-2.9,2.9361303872721494
-1.7,-2.9,2.9216759489830655
-1.5999999999999999,-2.9,2.903774864376856
-1.5,-2.9,2.8816921600794183
-1.4,-2.9,2.854580728347228
-1.2999999999999998,-2.9,2.8214863564894084
-1.2,-2.9,2.781857332508764
-1.0999999999999999,-2.9,2.734851396799297
-1.0,-2.9,2.6792573812180343
-0.8999999999999999,-2.9,2.6142595037406244
-0.7999999999999998,-2.9,2.5420963640561105
-0.6999999999999997,-2.9,2.4613667880754573
-0.5999999999999996,-2.9,2.3766608450512647
-0.5,-2.9,2.290744078760971
-0.3999999999999999,-2.9,2.210280244355273
-0.2999999999999998,-2.9,2.139949727209637
-0.19999999999999973,-2.9,2.0850251466111964
-0.09999999999999964,-2.9,2.0468523009600648
0.0,-2.9,2.02275401042408
0.10000000000000009,-2.9,2.008594105097293
0.20000000000000018,-2.9,2.000567344959634
0.30000000000000027,-2.9,1.9960508221591295
0.40000000000000036,-2.9,1.99360689587058
0.5,-2.9,1.992341637912926
0.6000000000000001,-2.9,1.9918155992582944
0.7000000000000002,-2.9,1.9916987620173632
0.8000000000000003,-2.9,1.9918012973176378
0.9000000000000004,-2.9,1.992109365638259
1.0,-2.9,1.9924576116408514
1.1000000000000005,-2.9,1.9928821050142362
1.2000000000000002,-2.9,1.993307561544387
1.2999999999999998,-2.9,1.9937251139759788
1.4000000000000004,-2.9,1.9941558062752658
1.5,-2.9,1.9945495432429978
1.6000000000000005,-2.9,1.994930238161259
1.7000000000000002,-2.9,1.9952974537576393
1.8000000000000007,-2.9,1.9956279850711536
1.9000000000000004,-2.9,1.99594571534216
2.0,-2.9,1.9962454555139282
2.1000000000000005,-2.9,1.9965137053009272
2.2,-2.9,1.9967708260745884
2.3000000000000007,-2.9,1.9970115332631775
2.4000000000000004,-2.9,1.9972264629386975
2.5,-2.9,1.9974321296680508
2.6000000000000005,-2.9,1.9976242008338574
2.7,-2.9,1.9977955418556645
2.8000000000000007,-2.9,1.997959316164447
2.9000000000000004,-2.9,1.9981121866194391
3.0,-2.9,1.9982485020257992
-3.0,-2.8,2.9897003615506508
-2.9,-2.8,2.98867304299994
-2.8,-2.8,2.987380854453923
-2.7,-2.8,2.985755871665553
-2.6,-2.8,2.983712964618586
-2.5,-2.8,2.981205914033688
-2.4,-2.8,2.9781203498288975
-2.3,-2.8,2.9742474907958933
-2.2,-2.8,2.9693901807876033
-2.1,-2.8,2.9633040218066524
-2.0,-2.8,2.955687263615571
-1.9,-2.8,2.9462791695560413
-1.7999999999999998,-2.8,2.934659732895306
-1.7,-2.8,2.9202232856192145
-1.5999999999999999,-2.8,2.902344288334016
-1.5,-2.8,2.8802885377825707
-1.4,-2.8,2.8532097589669307
-1.2999999999999998,-2.8,2.820154597491799
-1.2,-2.8,2.780423417189937
-1.0999999999999999,-2.8,2.733482533513261
-1.0,-2.8,2.677962784796939
-0.8999999999999999,-2.8,2.6130481607753384
-0.7999999999999998,-2.8,2.540853055677982
-0.6999999999999997,-2.8,2.46011317825172
-0.5999999999999996,-2.8,2.3755440203156426
-0.5,-2.8,2.289663376025655
-0.3999999999999999,-2.8,2.2091568910842847
-0.2999999999999998,-2.8,2.1388098120177332
-0.19999999999999973,-2.8,2.0838873386922354
-0.09999999999999964,-2.8,2.045612982754024
0.0,-2.8,2.021399305484527
0.10000000000000009,-2.8,2.007104442240075
0.20000000000000018,-2.8,1.9989202549690146
0.30000000000000027,-2.8,1.9944117002118462
0.40000000000000036,-2.8,1.991944750151109
0.5,-2.8,1.9907089489767473
0.6000000000000001,-2.8,1.9901923831837447
0.7000000000000002,-2.8,1.9901335996420424
0.8000000000000003,-2.8,1.9903553905594635
0.9000000000000004,-2.8,1.990708837669699
1.0,-2.8,1.9911693070270944
1.1000000000000005,-2.8,1.9916664532652502
1.2000000000000002,-2.8,1.9921594600957016
1.2999999999999998,-2.8,1.99268411685809
1.4000000000000004,-2.8,1.9931673717045137
1.5,-2.8,1.9936366464510742
1.6000000000000005,-2.8,1.9940931709677663
1.7000000000000002,-2.8,1.9945051982693922
1.8000000000000007,-2.8,1.9949022570010428
1.9000000000000004,-2.8,1.995277644077711
2.0,-2.8,1.9956139606197443
2.1000000000000005,-2.8,1.995936866374329
2.2,-2.8,1.9962391908659862
2.3000000000000007,-2.8,1.9965092702396625
2.4000000000000004,-2.8,1.9967680277267232
2.5,-2.8,1.997009552177864
2.6000000000000005,-2.8,1.9972250604338924
2.7,-2.8,1.9974312447462226
2.8000000000000007,-2.8,1.9976235743559638
2.9000000000000004,-2.8,1.9977950983428592
3.0,-2.8,1.9979590363265627
-3.0,-2.7,2.9881089376815964
-2.9,-2.7,2.9870464771383247
-2.8,-2.7,2.985755871665553
-2.7,-2.7,2.984132878687852
-2.6,-2.7,2.9820924716680386
-2.5,-2.7,2.97952820930104
-2.4,-2.7,2.9763853306608317
-2.3,-2.7,2.9725176968230347
-2.2,-2.7,2.9676669283370836
-2.1,-2.7,2.961588947184918
-2.0,-2.7,2.953982394304936
-1.9,-2.7,2.9444770548464434
-1.7999999999999998,-2.7,2.9328103826983916
-1.7,-2.7,2.9183965442016366
-1.5999999999999999,-2.7,2.900545303882884
-1.5,-2.7,2.878523426608717
-1.4,-2.7,2.851485684373086
-1.2999999999999998,-2.7,2.8184798020964807
-1.2,-2.7,2.7786203444190654
-1.0999999999999999,-2.7,2.7317611970595554
-1.0,-2.7,2.676334770001131
-0.8999999999999999,-2.7,2.611524769021974
-0.7999999999999998,-2.7,2.539289591832972
-0.6999999999999997,-2.7,2.45853689747828
-0.5999999999999996,-2.7,2.374139577373662
-0.5,-2.7,2.2883044115609836
-0.3999999999999999,-2.7,2.207744586092499
-0.2999999999999998,-2.7,2.137376972537546
-0.19999999999999973,-2.7,2.082457396604643
-0.09999999999999964,-2.7,2.044056127164486
0.0,-2.7,2.01969823957489
0.10000000000000009,-2.7,2.0052347467781093
0.20000000000000018,-2.7,1.9969985802934203
0.30000000000000027,-2.7,1.9923554548954665
0.40000000000000036,-2.7,1.9898967108908683
0.5,-2.7,1.9886951380598898
0.6000000000000001,-2.7,1.9882980295043378
0.7000000000000002,-2.7,1.9883154310109494
0.8000000000000003,-2.7,1.9886261992685244
0.9000000000000004,-2.7,1.9890889779539997
1.0,-2.7,1.9896539765344625
1.1000000000000005,-2.7,1.9902229198009638
1.2000000000000002,-2.7,1.9908556298929185
1.2999999999999998,-2.7,1.9914443243002349
1.4000000000000004,-2.7,1.9920192717920784
1.5,-2.7,1.9925848583606325
1.6000000000000005,-2.7,1.9930970956199971
1.7000000000000002,-2.7,1.9935923017932005
1.8000000000000007,-2.7,1.9940617760106485
1.9000000000000004,-2.7,1.9944829716603807
2.0,-2.7,1.9948882326140616
2.1000000000000005,-2.7,1.9952677154246095
2.2,-2.7,1.9956069315965346
2.3000000000000007,-2.7,1.995932431325811
2.4000000000000004,-2.7,1.9962360510749153
2.5,-2.7,1.9965070474287085
2.6000000000000005,-2.7,1.996766625224013
2.7,-2.7,1.9970085592800377
2.8000000000000007,-2.7,1.9972243575150757
2.9000000000000004,-2.7,1.9974308012338409
3.0,-2.7,1.997623260372721
-3.0,-2.6,2.9861499304788954
-2.9,-2.6,2.9850483467417814
-2.8,-2.6,2.983712964618586
-2.7,-2.6,2.9820924716680386
-2.6,-2.6,2.9800552057222998
-2.5,-2.6,2.977494887822503
-2.4,-2.6,2.9742786650325486
-2.3,-2.6,2.970342961835187
-2.2,-2.6,2.965500412122057
-2.1,-2.6,2.9594327056457517
-2.0,-2.6,2.951838974855863
-1.9,-2.6,2.942349601130779
-1.7999999999999998,-2.6,2.9305133715998255
-1.7,-2.6,2.916100061224235
-1.5999999999999999,-2.6,2.8982836868862654
-1.5,-2.6,2.876304359515814
-1.4,-2.6,2.84931816701978
-1.2999999999999998,-2.6,2.816374191174561
-1.2,-2.6,2.776431678875882
-1.0999999999999999,-2.6,2.729597263710884
-1.0,-2.6,2.67428804539599
-0.8999999999999999,-2.6,2.609609461655531
-0.7999999999999998,-2.6,2.537324105125209
-0.6999999999999997,-2.6,2.456693255223143
-0.5999999999999996,-2.6,2.372373949919472
-0.5,-2.6,2.2865960435108565
-0.3999999999999999,-2.6,2.2059696237797124
-0.2999999999999998,-2.6,2.1355766565909957
-0.19999999999999973,-2.6,2.080661113393115
-0.09999999999999964,-2.6,2.0421014563484383
0.0,-2.6,2.017563676138817
0.10000000000000009,-2.6,2.002983170751144
0.20000000000000018,-2.6,1.9946706353208818
0.30000000000000027,-2.6,1.9900096684440336
0.40000000000000036,-2.6,1.9875483550267539
0.5,-2.6,1.9864020843952133
0.6000000000000001,-2.6,1.9860124014978717
0.7000000000000002,-2.6,1.9861921188486649
0.8000000000000003,-2.6,1.9865900848466755
0.9000000000000004,-2.6,1.9872051525858152
1.0,-2.6,1.9878395703758411
1.1000000000000005,-2.6,1.9885921160663862
1.2000000000000002,-2.6,1.9893020685593403
1.2999999999999998,-2.6,1.990000794635019
1.4000000000000004,-2.6,1.9906983452917506
1.5,-2.6,1.9913329591611177
1.6000000000000005,-2.6,1.991948996494749
1.7000000000000002,-2.6,1.9925351038911479
1.8000000000000007,-2.6,1.993061870443731
1.9000000000000004,-2.6,1.9935700753439565
2.0,-2.6,1.9940460405204445
2.1000000000000005,-2.6,1.9944718315972705
2.2,-2.6,1.9948812036226595
2.3000000000000007,-2.6,1.9952627392365145
2.4000000000000004,-2.6,1.995603408702636
2.5,-2.6,1.995930208521284
2.6000000000000005,-2.6,1.9962344774441851
2.7,-2.6,1.9965059333808872
2.8000000000000007,-2.6,1.9967659223066958
2.9000000000000004,-2.6,1.9970080616515038
3.0,-2.6,1.9972240052206698
-3.0,-2.5,2.9836883726811836
-2.9,-2.5,2.982588891845211
-2.8,-2.5,2.981205914033688
-2.7,-2.5,2.97952820930104
-2.6,-2.5,2.9774948878225036
-2.5,-2.5,2.9749395232757485
-2.4,-2.5,2.9717295167569326
-2.3,-2.5,2.967699417434072
-2.2,-2.5,2.962777562674742
-2.1,-2.5,2.956722758697195
-2.0,-2.5,2.949145129454635
-1.9,-2.5,2.939675805135895
-1.7999999999999998,-2.5,2.927864472286828
-1.7,-2.5,2.913214096153522
-1.5999999999999999,-2.5,2.895441492313713
-1.5,-2.5,2.873515583557015
-1.4,-2.5,2.846594110992076
-1.2999999999999998,-2.5,2.8137278615340553
-1.2,-2.5,2.7738777228381917
-1.0999999999999999,-2.5,2.726877935524667
-1.0,-2.5,2.6717158379257007
-0.8999999999999999,-2.5,2.6072022320847785
-0.7999999999999998,-2.5,2.5348541270271245
-0.6999999999999997,-2.5,2.45444928222903
-0.5999999999999996,-2.5,2.370155048255158
-0.5,-2.5,2.284449235178238
-0.3999999999999999,-2.5,2.2037398568541375
-0.2999999999999998,-2.5,2.1333157549655244
-0.19999999999999973,-2.5,2.078405894396776
-0.09999999999999964,-2.5,2.039649021073845
0.0,-2.5,2.0149727081723623
0.10000000000000009,-2.5,2.000333700392015
0.20000000000000018,-2.5,1.9917574539966634
0.30000000000000027,-2.5,1.9871111046715313
0.40000000000000036,-2.5,1.9846643478114605
0.5,-2.5,1.983629400042867
0.6000000000000001,-2.5,1.9834237067475133
0.7000000000000002,-2.5,1.9836337558290673
0.8000000000000003,-2.5,1.9842561954852618
0.9000000000000004,-2.5,1.9849468898304512
1.0,-2.5,1.985803319540595
1.1000000000000005,-2.5,1.9866477733035297
1.2000000000000002,-2.5,1.9874876717543748
1.2999999999999998,-2.5,1.9883429107119062
1.4000000000000004,-2.5,1.9891256041689296
1.5,-2.5,1.9898894314538222
1.6000000000000005,-2.5,1.9906194977533775
1.7000000000000002,-2.5,1.9912771350931926
1.8000000000000007,-2.5,1.991913771716925
1.9000000000000004,-2.5,1.992510165732784
2.0,-2.5,1.9930442151054373
2.1000000000000005,-2.5,1.9935589353609793
2.2,-2.5,1.9940381539079444
2.3000000000000007,-2.5,1.9944662482466955
2.4000000000000004,-2.5,1.9948776807449924
2.5,-2.5,1.9952602452162258
2.6000000000000005,-2.5,1.9956016430638415
2.7,-2.5,1.9959290944765846
2.8000000000000007,-2.5,1.9962336887587275
2.9000000000000004,-2.5,1.9965053750327992
3.0,-2.5,1.9967655700127505
-3.0,-2.4,2.980596853572743
-2.9,-2.4,2.979500010772434
-2.8,-2.4,2.978120349828896
-2.7,-2.4,2.9763853306608326
-2.6,-2.4,2.9742786650325486
-2.5,-2.4,2.9717295167569326
-2.4,-2.4,2.9685273114454254
-2.3,-2.4,2.964506994449176
-2.2,-2.4,2.9594630916952305
-2.1,-2.4,2.9533184069569267
-2.0,-2.4,2.9457609844026953
-1.9,-2.4,2.936316821431411
-1.7999999999999998,-2.4,2.9245367335353327
-1.7,-2.4,2.9098766862213545
-1.5999999999999999,-2.4,2.891871301893707
-1.5,-2.4,2.8700124087178125
-1.4,-2.4,2.8431721337649423
-1.2999999999999998,-2.4,2.8104034057817677
-1.2,-2.4,2.770669174540634
-1.0999999999999999,-2.4,2.7234622501902352
-1.0,-2.4,2.6684846780052225
-0.8999999999999999,-2.4,2.6041780305494098
-0.7999999999999998,-2.4,2.5317515972069287
-0.6999999999999997,-2.4,2.4516301993528336
-0.5999999999999996,-2.4,2.367367765385103
-0.5,-2.4,2.2817527240764117
-0.3999999999999999,-2.4,2.2009402898072046
-0.2999999999999998,-2.4,2.1304782232252104
-0.19999999999999973,-2.4,2.075576467402957
-0.09999999999999964,-2.4,2.0365747391872198
0.0,-2.4,2.011936484515384
0.10000000000000009,-2.4,1.9970158286292035
0.20000000000000018,-2.4,1.9884694533686929
0.30000000000000027,-2.4,1.9837483142257373
0.40000000000000036,-2.4,1.9813801665618997
0.5,-2.4,1.9804031551763468
0.6000000000000001,-2.4,1.9802878349191675
0.7000000000000002,-2.4,1.9807550358292645
0.8000000000000003,-2.4,1.9814545164389488
0.9000000000000004,-2.4,1.9823885850922056
1.0,-2.4,1.983373702287908
1.1000000000000005,-2.4,1.9843681364720271
1.2000000000000002,-2.4,1.9854085407454785
1.2999999999999998,-2.4,1.986368189901627
1.4000000000000004,-2.4,1.9873112122220875
1.5,-2.4,1.9882179657803727
1.6000000000000005,-2.4,1.9890371391935127
1.7000000000000002,-2.4,1.989833608380727
1.8000000000000007,-2.4,1.990579975724426
1.9000000000000004,-2.4,1.9912491544510271
2.0,-2.4,1.991896116579598
2.1000000000000005,-2.4,1.9924976665804552
2.2,-2.4,1.9930353662418334
2.3000000000000007,-2.4,1.993553352050917
2.4000000000000004,-2.4,1.9940342011917158
2.5,-2.4,1.9944634499193843
2.6000000000000005,-2.4,1.9948759151140996
2.7,-2.4,1.9952589952402444
2.8000000000000007,-2.4,1.9956007581458721
2.9000000000000004,-2.4,1.9959285361305368
3.0,-2.4,1.99623329347927
-3.0,-2.3,2.9767165310331727
-2.9,-2.3,2.9756229945796338
-2.8,-2.3,2.9742474907958933
-2.7,-2.3,2.972517696823035
-2.6,-2.3,2.9703429618351875
-2.5,-2.3,2.967699417434072
-2.4,-2.3,2.964506994449176
-2.3,-2.3,2.9604989440583998
-2.2,-2.3,2.9554704074923266
-2.1,-2.3,2.9491670963386545
-2.0,-2.3,2.9415119753862116
-1.9,-2.3,2.932099363491162
-1.7999999999999998,-2.3,2.9203584558930435
-1.7,-2.3,2.905746897651842
-1.5999999999999999,-2.3,2.8876143199177036
-1.5,-2.3,2.8656143091658803
-1.4,-2.3,2.8388758144769217
-1.2999999999999998,-2.3,2.8062293379235324
-1.2,-2.3,2.766640419821722
-1.0999999999999999,-2.3,2.7191743862588633
-1.0,-2.3,2.664428032356671
-0.8999999999999999,-2.3,2.6003807688299614
-0.7999999999999998,-2.3,2.527856776288808
-0.6999999999999997,-2.3,2.4480905200104335
-0.5999999999999996,-2.3,2.3638684917302912
-0.5,-2.3,2.278367741666489
-0.3999999999999999,-2.3,2.197427739792315
-0.2999999999999998,-2.3,2.1269198098447237
-0.19999999999999973,-2.3,2.072029745849408
-0.09999999999999964,-2.3,2.0330590416701066
0.0,-2.3,2.0081355919147796
0.10000000000000009,-2.3,1.9929740685195012
0.20000000000000018,-2.3,1.9843581349152795
0.30000000000000027,-2.3,1.9796686485808987
0.40000000000000036,-2.3,1.9773262952494408
0.5,-2.3,1.9766012712560486
0.6000000000000001,-2.3,1.9766800689624295
0.7000000000000002,-2.3,1.9772930664813875
0.8000000000000003,-2.3,1.978241575321271
0.9000000000000004,-2.3,1.979358609145526
1.0,-2.3,1.9805109421193456
1.1000000000000005,-2.3,1.9817633656199674
1.2000000000000002,-2.3,1.9829308271616506
1.2999999999999998,-2.3,1.9840885650845037
1.4000000000000004,-2.3,1.9852105664283266
1.5,-2.3,1.9862280079322367
1.6000000000000005,-2.3,1.9872227497243689
1.7000000000000002,-2.3,1.9881553333183526
1.8000000000000007,-2.3,1.9889927958287776
1.9000000000000004,-2.3,1.989805628240541
2.0,-2.3,1.990560166620083
2.1000000000000005,-2.3,1.9912351303247153
2.2,-2.3,1.9918872678169985
2.3000000000000007,-2.3,1.9924914020480793
2.4000000000000004,-2.3,1.9930309312458032
2.5,-2.3,1.9935505537438063
2.6000000000000005,-2.3,1.9940322201292
2.7,-2.3,1.9944620474276749
2.8000000000000007,-2.3,1.9948750302002964
2.9000000000000004,-2.3,1.9952583687671979
3.0,-2.3,1.9956003146357144
-3.0,-2.2,2.9718498773539173
-2.9,-2.2,2.9707604801580625
-2.8,-2.2,2.9693901807876033
-2.7,-2.2,2.9676669283370836
-2.6,-2.2,2.965500412122056
-2.5,-2.2,2.9627775626747415
-2.4,-2.2,2.9594630916952305
-2.3,-2.2,2.9554704074923257
-2.2,-2.2,2.950461120045915
-2.1,-2.2,2.944181891542366
-2.0,-2.2,2.936319399718963
-1.9,-2.2,2.926807648472974
-1.7999999999999998,-2.2,2.9151158221055273
-1.7,-2.2,2.900565007864612
-1.5999999999999999,-2.2,2.882507293363247
-1.5,-2.2,2.8601754060075315
-1.4,-2.2,2.8334855183997436
-1.2999999999999998,-2.2,2.80099212691851
-1.2,-2.2,2.7615851930594086
-1.0999999999999999,-2.2,2.7141758051010076
-1.0,-2.2,2.659338597109645
-0.8999999999999999,-2.2,2.595616050062581
-0.7999999999999998,-2.2,2.5229708874265353
-0.6999999999999997,-2.2,2.4436490568751195
-0.5999999999999996,-2.2,2.359478478019643
-0.5,-2.2,2.2741216339189254
-0.3999999999999999,-2.2,2.1930244383686555
-0.2999999999999998,-2.2,2.12272030833134
-0.19999999999999973,-2.2,2.067588768731946
-0.09999999999999964,-2.2,2.028672184574497
0.0,-2.2,2.003384260425261
0.10000000000000009,-2.2,1.9882828456016
0.20000000000000018,-2.2,1.9795577946557297
0.30000000000000027,-2.2,1.9749152605117506
0.40000000000000036,-2.2,1.972767009774366
0.5,-2.2,1.9720717886014827
0.6000000000000001,-2.2,1.9724240982330032
0.7000000000000002,-2.2,1.9732602884528134
0.8000000000000003,-2.2,1.9744724397480555
0.9000000000000004,-2.2,1.9757657426033821
1.0,-2.2,1.977251824595169
1.1000000000000005,-2.2,1.9786572858712825
1.2000000000000002,-2.2,1.9800680965781547
1.2999999999999998,-2.2,1.9814497226517618
1.4000000000000004,-2.2,1.9827087176876284
1.5,-2.2,1.983948389271845
1.6000000000000005,-2.2,1.985111315013558
1.7000000000000002,-2.2,1.9861577358580016
1.8000000000000007,-2.2,1.9871784076121315
1.9000000000000004,-2.2,1.9881239397990786
2.0,-2.2,1.9889705700311187
2.1000000000000005,-2.2,1.9897916043665242
2.2,-2.2,1.9905502382564075
2.3000000000000007,-2.2,1.99122810146429
2.4000000000000004,-2.2,1.9918828328716058
2.5,-2.2,1.9924882623147868
2.6000000000000005,-2.2,1.9930287084675562
2.7,-2.2,1.9935491512622003
2.8000000000000007,-2.2,1.9940312272429859
2.9000000000000004,-2.2,1.9944613445152113
3.0,-2.2,1.9948745866923292
-3.0,-2.1,2.965783508331303
-2.9,-2.1,2.96466781494735
-2.8,-2.1,2.963304021806652
-2.7,-2.1,2.9615889471849175
-2.6,-2.1,2.959432705645751
-2.5,-2.1,2.956722758697195
-2.4,-2.1,2.9533184069569263
-2.3,-2.1,2.9491670963386545
-2.2,-2.1,2.944181891542366
-2.1,-2.1,2.9379327932648627
-2.0,-2.1,2.930107938135646
-1.9,-2.1,2.9203233816376377
-1.7999999999999998,-2.1,2.9085433204632865
-1.7,-2.1,2.8940685062290066
-1.5999999999999999,-2.1,2.8761044609944673
-1.5,-2.1,2.8538874267147896
-1.4,-2.1,2.8267286085824193
-1.2999999999999998,-2.1,2.7944266497048296
-1.2,-2.1,2.7552473196842935
-1.0999999999999999,-2.1,2.708105240197835
-1.0,-2.1,2.652959075209769
-0.8999999999999999,-2.1,2.589642447484227
-0.7999999999999998,-2.1,2.5168473258593624
-0.6999999999999997,-2.1,2.4380807974369776
-0.5999999999999996,-2.1,2.3539758963614927
-0.5,-2.1,2.2688002456211227
-0.3999999999999999,-2.1,2.1875104754127572
-0.2999999999999998,-2.1,2.1176126567121076
-0.19999999999999973,-2.1,2.06207046086908
-0.09999999999999964,-2.1,2.023189766436135
0.0,-2.1,1.9977305745994474
0.10000000000000009,-2.1,1.9824309274460543
0.20000000000000018,-2.1,1.973772914350798
0.30000000000000027,-2.1,1.96918631433123
0.40000000000000036,-2.1,1.9671794413157775
0.5,-2.1,1.9668739892354303
0.6000000000000001,-2.1,1.9673657702808838
0.7000000000000002,-2.1,1.9685867372732664
0.8000000000000003,-2.1,1.9699665955144805
0.9000000000000004,-2.1,1.9716945181310122
1.0,-2.1,1.9733623804542262
1.1000000000000005,-2.1,1.9750644917794344
1.2000000000000002,-2.1,1.9767550466525472
1.2999999999999998,-2.1,1.9783054259780166
1.4000000000000004,-2.1,1.9798460023590287
1.5,-2.1,1.9812924556374825
1.6000000000000005,-2.1,1.9825973625243283
1.7000000000000002,-2.1,1.9838781203173452
1.8000000000000007,-2.1,1.9850615641306972
1.9000000000000004,-2.1,1.9861225127078672
2.0,-2.1,1.987156182445074
2.1000000000000005,-2.1,1.9881082050321914
2.2,-2.1,1.9889594303760303
2.3000000000000007,-2.1,1.9897845756330825
2.4000000000000004,-2.1,1.9905452622136468
2.5,-2.1,1.9912245786522753
2.6000000000000005,-2.1,1.991880610118816
2.7,-2.1,1.9924866887133625
2.8000000000000007,-2.1,1.9930275944357558
2.9000000000000004,-2.1,1.9935484483548258
3.0,-2.1,1.9940307296202942
-3.0,-2.0,2.9582941599073185
-2.9,-2.0,2.9571039615973578
-2.8,-2.0,2.9556872636155713
-2.7,-2.0,2.9539823943049357
-2.6,-2.0,2.9518389748558627
-2.5,-2.0,2.9491451294546365
-2.4,-2.0,2.945760984402695
-2.3,-2.0,2.941511975386213
-2.2,-2.0,2.936319399718962
-2.1,-2.0,2.930107938135646
-2.0,-2.0,2.9223300970873787
-1.9,-2.0,2.9126041523649064
-1.7999999999999998,-2.0,2.9004628464446918
-1.7,-2.0,2.88593254994753
-1.5999999999999999,-2.0,2.868085519756666
-1.5,-2.0,2.846011973434131
-1.4,-2.0,2.818826509869222
-1.2999999999999998,-2.0,2.786204917880277
-1.2,-2.0,2.7473097682783485
-1.0999999999999999,-2.0,2.7005015147172102
-1.0,-2.0,2.6449713072862413
-0.8999999999999999,-2.0,2.582161192347809
-0.7999999999999998,-2.0,2.5095283184365633
-0.6999999999999997,-2.0,2.4311072991210367
-0.5999999999999996,-2.0,2.3470864889795013
-0.5,-2.0,2.2621389733497654
-0.3999999999999999,-2.0,2.181161189499099
-0.2999999999999998,-2.0,2.1112247151441865
-0.19999999999999973,-2.0,2.055714829551192
-0.09999999999999964,-2.0,2.016350837959904
0.0,-2.0,1.991001173053951
0.10000000000000009,-2.0,1.9755700766903628
0.20000000000000018,-2.0,1.9668930596748717
0.30000000000000027,-2.0,1.962534253905737
0.40000000000000036,-2.0,1.9607885814892458
0.5,-2.0,1.96056818815302
0.6000000000000001,-2.0,1.9615944031379235
0.7000000000000002,-2.0,1.962968962742839
0.8000000000000003,-2.0,1.9648913453450088
0.9000000000000004,-2.0,1.9668310540555505
1.0,-2.0,1.9688567123701113
1.1000000000000005,-2.0,1.9709079577946966
1.2000000000000002,-2.0,1.9728051191896427
1.2999999999999998,-2.0,1.974712669545367
1.4000000000000004,-2.0,1.9765058848335746
1.5,-2.0,1.9781289863399139
1.6000000000000005,-2.0,1.9797346549488086
1.7000000000000002,-2.0,1.9812136170300867
1.8000000000000007,-2.0,1.9825415435082396
1.9000000000000004,-2.0,1.983842898739338
2.0,-2.0,1.9850366277791034
2.1000000000000005,-2.0,1.9861048583894045
2.2,-2.0,1.9871450431066338
2.3000000000000007,-2.0,1.988100318783068
2.4000000000000004,-2.0,1.9889538472303683
2.5,-2.0,1.9897810528846018
2.6000000000000005,-2.0,1.9905427682660017
2.7,-2.0,1.9912228130546301
2.8000000000000007,-2.0,1.9918794960999562
2.9000000000000004,-2.0,1.9924859000424031
3.0,-2.0,1.993027036096353
-3.0,-1.9,2.9489452398623763
-2.9,-1.9,2.947764406501491
-2.8,-1.9,2.9462791695560413
-2.7,-1.9,2.9444770548464425
-2.6,-1.9,2.942349601130779
-2.5,-1.9,2.9396758051358947
-2.4,-1.9,2.9363168214314115
-2.3,-1.9,2.9320993634911625
-2.2,-1.9,2.926807648472974
-2.1,-1.9,2.9203233816376377
-2.0,-1.9,2.9126041523649064
-1.9,-1.9,2.902951280048344
-1.7999999999999998,-1.9,2.890900850734073
-1.7,-1.9,2.875889089931245
-1.5999999999999999,-1.9,2.8580558338620006
-1.5,-1.9,2.8361611992740703
-1.4,-1.9,2.80919376968834
-1.2999999999999998,-1.9,2.7761484009997206
-1.2,-1.9,2.737381954148246
-1.0999999999999999,-1.9,2.6909897402494702
-1.0,-1.9,2.6356608332452205
-0.8999999999999999,-1.9,2.572804217545005
-0.7999999999999998,-1.9,2.5008659815955223
-0.6999999999999997,-1.9,2.4223855549572813
-0.5999999999999996,-1.9,2.3384727817773694
-0.5,-1.9,2.253812482034777
-0.3999999999999999,-1.9,2.1732776882782257
-0.2999999999999998,-1.9,2.1032488624274808
-0.19999999999999973,-1.9,2.047786762588271
-0.09999999999999964,-1.9,2.008153460160195
0.0,-1.9,1.9826314944032957
0.10000000000000009,-1.9,1.9673353963277385
0.20000000000000018,-1.9,1.9587762396964776
0.30000000000000027,-1.9,1.9545159601872388
0.40000000000000036,-1.9,1.9531202684657412
0.5,-1.9,1.9534440634036994
0.6000000000000001,-1.9,1.954642428602252
0.7000000000000002,-1.9,1.9566304741150646
0.8000000000000003,-1.9,1.958820871176492
0.9000000000000004,-1.9,1.9611857005183588
1.0,-1.9,1.9636466710179157
1.1000000000000005,-1.9,1.965948848653042
1.2000000000000002,-1.9,1.9682995436369668
1.2999999999999998,-1.9,1.9705132863436916
1.4000000000000004,-1.9,1.9725255970023579
1.5,-1.9,1.9745362491209897
1.6000000000000005,-1.9,1.9763809620896327
1.7000000000000002,-1.9,1.9780405339346199
1.8000000000000007,-1.9,1.979678839845477
1.9000000000000004,-1.9,1.981174099506477
2.0,-1.9,1.982513565411099
2.1000000000000005,-1.9,1.9838252452109062
2.2,-1.9,1.9850241295346978
2.3000000000000007,-1.9,1.9860960100378664
2.4000000000000004,-1.9,1.9871394601198211
2.5,-1.9,1.9880963662493218
2.6000000000000005,-1.9,1.9889510490058357
2.7,-1.9,1.9897792873186855
2.8000000000000007,-1.9,1.990541518326644
2.9000000000000004,-1.9,1.991221928157231
3.0,-1.9,1.9918789377668369
-3.0,-1.7999999999999998,2.9372996206453963
-2.9,-1.7999999999999998,2.9361303872721494
-2.8,-1.7999999999999998,2.9346597328953057
-2.7,-1.7999999999999998,2.932810382698391
-2.6,-1.7999999999999998,2.930513371599825
-2.5,-1.7999999999999998,2.927864472286828
-2.4,-1.7999999999999998,2.9245367335353327
-2.3,-1.7999999999999998,2.920358455893044
-2.2,-1.7999999999999998,2.915115822105527
-2.1,-1.7999999999999998,2.908543320463286
-2.0,-1.7999999999999998,2.9004628464446918
-1.9,-1.7999999999999998,2.890900850734073
-1.7999999999999998,-1.7999999999999998,2.87896344496646
-1.7,-1.7999999999999998,2.8640918228170205
-1.5999999999999999,-1.7999999999999998,2.845613031195626
-1.5,-1.7999999999999998,2.8238598353124003
-1.4,-1.7999999999999998,2.7971636367123
-1.2999999999999998,-1.7999999999999998,2.7644463479529984
-1.2,-1.7999999999999998,2.724985411615347
-1.0999999999999999,-1.7999999999999998,2.6791103665125817
-1.0,-1.7999999999999998,2.624380810766568
-0.8999999999999999,-1.7999999999999998,2.561120669383535
-0.7999999999999998,-1.7999999999999998,2.490045452748321
-0.6999999999999997,-1.7999999999999998,2.4114954353731903
-0.5999999999999996,-1.7999999999999998,2.327722003405551
-0.5,-1.7999999999999998,2.243423244882302
-0.3999999999999999,-1.7999999999999998,2.163442263847118
-0.2999999999999998,-1.7999999999999998,2.0933110166494826
-0.19999999999999973,-1.7999999999999998,2.0379199611731447
-0.09999999999999964,-1.7999999999999998,1.9984482573130815
0.0,-1.7999999999999998,1.9727206777588486
0.10000000000000009,-1.7999999999999998,1.9573407561019527
0.20000000000000018,-1.7999999999999998,1.9490498122374502
0.30000000000000027,-1.7999999999999998,1.945275323854655
0.40000000000000036,-1.7999999999999998,1.9441958607671566
0.5,-1.7999999999999998,1.944880108088439
0.6000000000000001,-1.7999999999999998,1.9467070051745472
0.7000000000000002,-1.7999999999999998,1.9490706454965705
0.8000000000000003,-1.7999999999999998,1.9517552818374282
0.9000000000000004,-1.7999999999999998,1.954662610315408
1.0,-1.7999999999999998,1.9574251403398923
1.1000000000000005,-1.7999999999999998,1.96030372110341
1.2000000000000002,-1.7999999999999998,1.9630217148805864
1.2999999999999998,-1.7999999999999998,1.9655061242795526
1.4000000000000004,-1.7999999999999998,1.968020068896218
1.5,-1.7999999999999998,1.9703153669885165
1.6000000000000005,-1.7999999999999998,1.972385446232802
1.7000000000000002,-1.7999999999999998,1.9744478064306799
1.8000000000000007,-1.7999999999999998,1.9763183408402705
1.9000000000000004,-1.7999999999999998,1.9779961969112116
2.0,-1.7999999999999998,1.9796508637161174
2.1000000000000005,-1.7999999999999998,1.9811542926675112
2.2,-1.7999999999999998,1.9824995425634282
2.3000000000000007,-1.7999999999999998,1.9838163972558431
2.4000000000000004,-1.7999999999999998,1.9850178654578252
2.5,-1.7999999999999998,1.986091575298627
2.6000000000000005,-1.7999999999999998,1.987136661974845
2.7,-1.7999999999999998,1.9880943852781507
2.8000000000000007,-1.7999999999999998,1.9889496465654775
2.9000000000000004,-1.7999999999999998,1.9897784024373595
3.0,-1.7999999999999998,1.9905408918718899
-3.0,-1.7,2.922830871214156
-2.9,-1.7,2.9216759489830664
-2.8,-1.7,2.9202232856192154
-2.7,-1.7,2.9183965442016366
-2.6,-1.7,2.9161000612242356
-2.5,-1.7,2.9132140961535224
-2.4,-1.7,2.9098766862213536
-2.3,-1.7,2.905746897651842
-2.2,-1.7,2.9005650078646106
-2.1,-1.7,2.894068506229005
-2.0,-1.7,2.8859325499475306
-1.9,-1.7,2.875889089931245
-1.7999999999999998,-1.7,2.8640918228170205
-1.7,-1.7,2.8493939708345195
-1.5999999999999999,-1.7,2.831129838742082
-1.5,-1.7,2.808529623291839
-1.4,-1.7,2.782169813231409
-1.2999999999999998,-1.7,2.7498594960067493
-1.2,-1.7,2.710497587314767
-1.0999999999999999,-1.7,2.6643040276077135
-1.0,-1.7,2.610317481399955
-0.8999999999999999,-1.7,2.5465622868137023
-0.7999999999999998,-1.7,2.4765557000410037
-0.6999999999999997,-1.7,2.397926078494244
-0.5999999999999996,-1.7,2.314342162890993
-0.5,-1.7,2.2304893421090064
-0.3999999999999999,-1.7,2.1511994615280248
-0.2999999999999998,-1.7,2.08096041335372
-0.19999999999999973,-1.7,2.0256753156698952
-0.09999999999999964,-1.7,1.986418642481097
0.0,-1.7,1.9609375349297526
0.10000000000000009,-1.7,1.9457926856212369
0.20000000000000018,-1.7,1.9377076388516694
0.30000000000000027,-1.7,1.9341058118745829
0.40000000000000036,-1.7,1.9337055671410566
0.5,-1.7,1.9349567853727165
0.6000000000000001,-1.7,1.9373193187985107
0.7000000000000002,-1.7,1.9402389659057135
0.8000000000000003,-1.7,1.94360004101726
0.9000000000000004,-1.7,1.946864679894247
1.0,-1.7,1.950360098640034
1.1000000000000005,-1.7,1.9536735013825568
1.2000000000000002,-1.7,1.956724745716295
1.2999999999999998,-1.7,1.9598611133670434
1.4000000000000004,-1.7,1.962708207560412
1.5,-1.7,1.9652840920020682
1.6000000000000005,-1.7,1.9678799421757143
1.7000000000000002,-1.7,1.9702161434124341
1.8000000000000007,-1.7,1.972315189926145
1.9000000000000004,-1.7,1.9744034742977363
2.0,-1.7,1.9762869529638936
2.1000000000000005,-1.7,1.9779739743022515
2.2,-1.7,1.9796368418563863
2.3000000000000007,-1.7,1.9811443654410923
2.4000000000000004,-1.7,1.9824925143448966
2.5,-1.7,1.98381196271557
2.6000000000000005,-1.7,1.9850147259532247
2.7,-1.7,1.9860893526493641
2.8000000000000007,-1.7,1.9871352595744844
2.9000000000000004,-1.7,1.988093392437886
3.0,-1.7,1.9889489436788943
-3.0,-1.5999999999999999,2.9049122172540502
-2.9,-1.5999999999999999,2.9037748643768557
-2.8,-1.5999999999999999,2.902344288334017
-2.7,-1.5999999999999999,2.9005453038828843
-2.6,-1.5999999999999999,2.898283686886265
-2.5,-1.5999999999999999,2.8954414923137124
-2.4,-1.5999999999999999,2.891871301893708
-2.3,-1.5999999999999999,2.8876143199177036
-2.2,-1.5999999999999999,2.8825072933632474
-2.1,-1.5999999999999999,2.8761044609944677
-2.0,-1.5999999999999999,2.868085519756666
-1.9,-1.5999999999999999,2.858055833862
-1.7999999999999998,-1.5999999999999999,2.845613031195626
-1.7,-1.5999999999999999,2.831129838742082
-1.5999999999999999,-1.5999999999999999,2.813130903888929
-1.5,-1.5999999999999999,2.790834028524878
-1.4,-1.5999999999999999,2.7635291723249478
-1.2999999999999998,-1.5999999999999999,2.7317218136656214
-1.2,-1.5999999999999999,2.6929630432132465
-1.0999999999999999,-1.5999999999999999,2.646076356576933
-1.0,-1.5999999999999999,2.592826945481149
-0.8999999999999999,-1.5999999999999999,2.530113266116214
-0.7999999999999998,-1.5999999999999999,2.4597796306286988
-0.6999999999999997,-1.5999999999999999,2.3811574396581774
-0.5999999999999996,-1.5999999999999999,2.299164144079375
-0.5,-1.5999999999999999,2.2153533401278196
-0.3999999999999999,-1.5999999999999999,2.136002945973535
-0.2999999999999998,-1.5999999999999999,2.06621000827696
-0.19999999999999973,-1.5999999999999999,2.0111784054844133
-0.09999999999999964,-1.5999999999999999,1.9717443168771989
0.0,-1.5999999999999999,1.946404991089383
0.10000000000000009,-1.5999999999999999,1.9315632213237834
0.20000000000000018,-1.5999999999999999,1.9240949518269543
0.30000000000000027,-1.5999999999999999,1.9213434548424109
0.40000000000000036,-1.5999999999999999,1.9213122048763651
0.5,-1.5999999999999999,1.9233408405482793
0.6000000000000001,-1.5999999999999999,1.9262966958948504
0.7000000000000002,-1.5999999999999999,1.930061797387051
0.8000000000000003,-1.5999999999999999,1.9338381853993225
0.9000000000000004,-1.5999999999999999,1.9380343140571579
1.0,-1.5999999999999999,1.9420358216307363
1.1000000000000005,-1.5999999999999999,1.9458038827520618
1.2000000000000002,-1.5999999999999999,1.9496594297100933
1.2999999999999998,-1.5999999999999999,1.953177056656152
1.4000000000000004,-1.5999999999999999,1.9564113425079046
1.5,-1.5999999999999999,1.959639140396896
1.6000000000000005,-1.5999999999999999,1.962551009454479
1.7000000000000002,-1.5999999999999999,1.9651845552502218
1.8000000000000007,-1.5999999999999999,1.9678096979899653
1.9000000000000004,-1.5999999999999999,1.970166406555455
2.0,-1.5999999999999999,1.9722799747114559
2.1000000000000005,-1.5999999999999999,1.9743812541452033
2.2,-1.5999999999999999,1.976271221031005
2.3000000000000007,-1.5999999999999999,1.9779628362478268
2.4000000000000004,-1.5999999999999999,1.9796298141334117
2.5,-1.5999999999999999,1.9811393899687317
2.6000000000000005,-1.5999999999999999,1.9824889918547806
2.7,-1.5999999999999999,1.98380974016589
2.8000000000000007,-1.5999999999999999,1.985013152466258
2.9000000000000004,-1.5999999999999999,1.9860882386821257
3.0,-1.5999999999999999,1.987134556707862
-3.0,-1.5,2.882808072964507
-2.9,-1.5,2.881692160079418
-2.8,-1.5,2.8802885377825715
-2.7,-1.5,2.8785234266087167
-2.6,-1.5,2.876304359515814
-2.5,-1.5,2.8735155835570154
-2.4,-1.5,2.8700124087178134
-2.3,-1.5,2.865614309165881
-2.2,-1.5,2.860175406007533
-2.1,-1.5,2.853887426714789
-2.0,-1.5,2.8460119734341305
-1.9,-1.5,2.83616119927407
-1.7999999999999998,-1.5,2.8238598353124003
-1.7,-1.5,2.80852962329184
-1.5999999999999999,-1.5,2.790834028524878
-1.5,-1.5,2.7689382312679407
-1.4,-1.5,2.741915892545273
-1.2999999999999998,-1.5,2.70923839174367
-1.2,-1.5,2.6712218376033285
-1.0999999999999999,-1.5,2.6252159733866627
-1.0,-1.5,2.5711400963373654
-0.8999999999999999,-1.5,2.5097149134691232
-0.7999999999999998,-1.5,2.4389804083832485
-0.6999999999999997,-1.5,2.3621094166983374
-0.5999999999999996,-1.5,2.2803390676688364
-0.5,-1.5,2.1971086814355822
-0.3999999999999999,-1.5,2.1172736176121174
-0.2999999999999998,-1.5,2.0487185494324396
-0.19999999999999973,-1.5,1.9938738956566098
-0.09999999999999964,-1.5,1.9548061875310012
0.0,-1.5,1.9297578085401168
0.10000000000000009,-1.5,1.9153907051384538
0.20000000000000018,-1.5,1.9083379394160989
0.30000000000000027,-1.5,1.9058865096659263
0.40000000000000036,-1.5,1.907002071020818
0.5,-1.5,1.9096071568191166
0.6000000000000001,-1.5,1.9136254405939628
0.7000000000000002,-1.5,1.917860588037592
0.8000000000000003,-1.5,1.9228186728008316
0.9000000000000004,-1.5,1.9275910790641289
1.0,-1.5,1.9322170034458792
1.1000000000000005,-1.5,1.936925844691675
1.2000000000000002,-1.5,1.941250074948932
1.2999999999999998,-1.5,1.945307692682676
1.4000000000000004,-1.5,1.9493079056207898
1.5,-1.5,1.9529280647536162
1.6000000000000005,-1.5,1.9562541970596603
1.7000000000000002,-1.5,1.959527854274279
1.8000000000000007,-1.5,1.9624722056151809
1.9000000000000004,-1.5,1.9651348291404107
2.0,-1.5,1.9677744888671653
2.1000000000000005,-1.5,1.9701414772519288
2.2,-1.5,1.9722623243783233
2.3000000000000007,-1.5,1.974370117323337
2.4000000000000004,-1.5,1.9762633362037891
2.5,-1.5,1.9779572539050478
2.6000000000000005,-1.5,1.9796262918916725
2.7,-1.5,1.981136896307058
2.8000000000000007,-1.5,1.9824872264183606
2.9000000000000004,-1.5,1.983808626248719
3.0,-1.5,1.9850123638528576
-3.0,-1.4,2.8556706684397697
-2.9,-1.4,2.854580728347228
-2.8,-1.4,2.853209758966931
-2.7,-1.4,2.851485684373085
-2.6,-1.4,2.8493181670197805
-2.5,-1.4,2.8465941109920756
-2.4,-1.4,2.8431721337649423
-2.3,-1.4,2.838875814476922
-2.2,-1.4,2.833485518399744
-2.1,-1.4,2.826728608582419
-2.0,-1.4,2.818826509869222
-1.9,-1.4,2.8091937696883402
-1.7999999999999998,-1.4,2.7971636367123005
-1.7,-1.4,2.78216981323141
-1.5999999999999999,-1.4,2.763529172324948
-1.5,-1.4,2.741915892545273
-1.4,-1.4,2.715493488273453
-1.2999999999999998,-1.4,2.6830319573204386
-1.2,-1.4,2.644365795348057
-1.0999999999999999,-1.4,2.599438329805831
-1.0,-1.4,2.545502079848562
-0.8999999999999999,-1.4,2.4845018425375156
-0.7999999999999998,-1.4,2.414469786601838
-0.6999999999999997,-1.4,2.3385583875655316
-0.5999999999999996,-1.4,2.257076835609144
-0.5,-1.4,2.174574001830119
-0.3999999999999999,-1.4,2.09586112236689
-0.2999999999999998,-1.4,2.027170182939011
-0.19999999999999973,-1.4,1.9726050240503903
-0.09999999999999964,-1.4,1.9340293147960312
0.0,-1.4,1.9095308849835435
0.10000000000000009,-1.4,1.8956847967863386
0.20000000000000018,-1.4,1.8894411388443328
0.30000000000000027,-1.4,1.8883499524357048
0.40000000000000036,-1.4,1.8899224193437574
0.5,-1.4,1.893875867524158
0.6000000000000001,-1.4,1.8984274250075481
0.7000000000000002,-1.4,1.9041341413281652
0.8000000000000003,-1.4,1.909730180610704
0.9000000000000004,-1.4,1.9153641154519647
1.0,-1.4,1.921066817566678
1.1000000000000005,-1.4,1.9263483763938143
1.2000000000000002,-1.4,1.9314318753493218
1.2999999999999998,-1.4,1.9363694050035374
1.4000000000000004,-1.4,1.9408558204684625
1.5,-1.4,1.945058829917634
1.6000000000000005,-1.4,1.9491316362611126
1.7000000000000002,-1.4,1.9528032279025387
1.8000000000000007,-1.4,1.95617541973195
1.9000000000000004,-1.4,1.9594720700180226
2.0,-1.4,1.9624327055752828
2.1000000000000005,-1.4,1.9651099052327476
2.2,-1.4,1.9677568415914515
2.3000000000000007,-1.4,1.9701289825445814
2.4000000000000004,-1.4,1.9722534780262833
2.5,-1.4,1.9743645355986124
2.6000000000000005,-1.4,1.9762593843829424
2.7,-1.4,1.9779544560830662
2.8000000000000007,-1.4,1.9796245265798893
2.9000000000000004,-1.4,1.9811356465110468
3.0,-1.4,1.9824863416019065
-3.0,-1.2999999999999998,2.8225451086113287
-2.9,-1.2999999999999998,2.821486356489407
-2.8,-1.2999999999999998,2.8201545974917988
-2.7,-1.2999999999999998,2.8184798020964807
-2.6,-1.2999999999999998,2.8163741911745603
-2.5,-1.2999999999999998,2.813727861534055
-2.4,-1.2999999999999998,2.8104034057817677
-2.3,-1.2999999999999998,2.8062293379235315
-2.2,-1.2999999999999998,2.800992126918509
-2.1,-1.2999999999999998,2.7944266497048305
-2.0,-1.2999999999999998,2.7862049178802772
-1.9,-1.2999999999999998,2.776148400999721
-1.7999999999999998,-1.2999999999999998,2.7644463479529984
-1.7,-1.2999999999999998,2.7498594960067497
-1.5999999999999999,-1.2999999999999998,2.731721813665622
-1.5,-1.2999999999999998,2.70923839174367
-1.4,-1.2999999999999998,2.6830319573204386
-1.2999999999999998,-1.2999999999999998,2.651455960051849
-1.2,-1.2999999999999998,2.612871116372574
-1.0999999999999999,-1.2999999999999998,2.5677285016639697
-1.0,-1.2999999999999998,2.515330848806886
-0.8999999999999999,-1.2999999999999998,2.4534777023642884
-0.7999999999999998,-1.2999999999999998,2.3855987302753183
-0.6999999999999997,-1.2999999999999998,2.3095688925094016
-0.5999999999999996,-1.2999999999999998,2.2284626201915696
-0.5,-1.2999999999999998,2.146870050257622
-0.3999999999999999,-1.2999999999999998,2.069542111328838
-0.2999999999999998,-1.2999999999999998,2.0007617307243337
-0.19999999999999973,-1.2999999999999998,1.9471019632186468
-0.09999999999999964,-1.2999999999999998,1.9092630086336397
0.0,-1.2999999999999998,1.8856213921683256
0.10000000000000009,-1.2999999999999998,1.8729319721223245
0.20000000000000018,-1.2999999999999998,1.8677276480862144
0.30000000000000027,-1.2999999999999998,1.8671509109476179
0.40000000000000036,-1.2999999999999998,1.8704616947966128
0.5,-1.2999999999999998,1.8750346917264817
0.6000000000000001,-1.2999999999999998,1.881343117299649
0.7000000000000002,-1.2999999999999998,1.8877522319779088
0.8000000000000003,-1.2999999999999998,1.8945388784666817
0.9000000000000004,-1.2999999999999998,1.901369717194093
1.0,-1.2999999999999998,1.9077670478855417
1.1000000000000005,-1.2999999999999998,1.91412290228164
1.2000000000000002,-1.2999999999999998,1.9201866083293795
1.2999999999999998,-1.2999999999999998,1.9257244372825661
1.4000000000000004,-1.2999999999999998,1.9310379356340222
1.5,-1.2999999999999998,1.9360903008132824
1.6000000000000005,-1.2999999999999998,1.9406581124048898
1.7000000000000002,-1.2999999999999998,1.944934058167695
1.8000000000000007,-1.2999999999999998,1.9490432696944846
1.9000000000000004,-1.2999999999999998,1.9527406498858186
2.0,-1.2999999999999998,1.9561359330095498
2.1000000000000005,-1.2999999999999998,1.95944410938171
2.2,-1.2999999999999998,1.9624129075135714
2.3000000000000007,-1.2999999999999998,1.9650974132321763
2.4000000000000004,-1.2999999999999998,1.9677479967728302
2.5,-1.2999999999999998,1.970122720241567
2.6000000000000005,-1.2999999999999998,1.9722490442897
2.7,-1.2999999999999998,1.9743617380864575
2.8000000000000007,-1.2999999999999998,1.976257403769217
2.9000000000000004,-1.2999999999999998,1.9779530538445955
3.0,-1.2999999999999998,1.9796236418259248
-3.0,-1.2,2.7829973959831626
-2.9,-1.2,2.7818573325087645
-2.8,-1.2,2.780423417189937
-2.7,-1.2,2.7786203444190662
-2.6,-1.2,2.7764316788758823
-2.5,-1.2,2.773877722838192
-2.4,-1.2,2.7706691745406338
-2.3,-1.2,2.7666404198217216
-2.2,-1.2,2.7615851930594095
-2.1,-1.2,2.7552473196842926
-2.0,-1.2,2.747309768278349
-1.9,-1.2,2.737381954148245
-1.7999999999999998,-1.2,2.7249854116153465
-1.7,-1.2,2.7104975873147668
-1.5999999999999999,-1.2,2.6929630432132456
-1.5,-1.2,2.671221837603329
-1.4,-1.2,2.644365795348057
-1.2999999999999998,-1.2,2.612871116372574
-1.2,-1.2,2.5755727681548697
-1.0999999999999999,-1.2,2.5302822393769637
-1.0,-1.2,2.4783969314026244
-0.8999999999999999,-1.2,2.418210749168013
-0.7999999999999998,-1.2,2.3502308795300504
-0.6999999999999997,-1.2,2.2745649780858734
-0.5999999999999996,-1.2,2.1955123479566367
-0.5,-1.2,2.1145236472616964
-0.3999999999999999,-1.2,2.0373776996279513
-0.2999999999999998,-1.2,1.9703557530293325
-0.19999999999999973,-1.2,1.9174824893891194
-0.09999999999999964,-1.2,1.8804461376504404
0.0,-1.2,1.8577159290130998
0.10000000000000009,-1.2,1.8459006694737015
0.20000000000000018,-1.2,1.841697661672962
0.30000000000000027,-1.2,1.843182125122104
0.40000000000000036,-1.2,1.8471644484252756
0.5,-1.2,1.8537797432322864
0.6000000000000001,-1.2,1.8608763696854749
0.7000000000000002,-1.2,1.86892655467708
0.8000000000000003,-1.2,1.8769910377579202
0.9000000000000004,-1.2,1.8846564776303145
1.0,-1.2,1.8925792928746517
1.1000000000000005,-1.2,1.899978793886449
1.2000000000000002,-1.2,1.9067804005682687
1.2999999999999998,-1.2,1.9134997245464178
1.4000000000000004,-1.2,1.9197449040202863
1.5,-1.2,1.9254114469610353
1.6000000000000005,-1.2,1.9308403865199237
1.7000000000000002,-1.2,1.9359503611071929
1.8000000000000007,-1.2,1.940558995306752
1.9000000000000004,-1.2,1.9448715128741283
2.0,-1.2,1.9489989758173696
2.1000000000000005,-1.2,1.9527092837233968
2.2,-1.2,1.9561161416299904
2.3000000000000007,-1.2,1.9594300952951194
2.4000000000000004,-1.2,1.9624029846899045
2.5,-1.2,1.9650911522863603
2.6000000000000005,-1.2,1.9677435638050653
2.7,-1.2,1.9701195816262917
2.8000000000000007,-1.2,1.9722468221430118
2.9000000000000004,-1.2,1.9743603360032178
3.0,-1.2,1.976256411108004
-3.0,-1.0999999999999999,2.7359397075677996
-2.9,-1.0999999999999999,2.734851396799297
-2.8,-1.0999999999999999,2.7334825335132606
-2.7,-1.0999999999999999,2.731761197059555
-2.6,-1.0999999999999999,2.7295972637108843
-2.5,-1.0999999999999999,2.726877935524667
-2.4,-1.0999999999999999,2.7234622501902344
-2.3,-1.0999999999999999,2.7191743862588633
-2.2,-1.0999999999999999,2.714175805101007
-2.1,-1.0999999999999999,2.7081052401978356
-2.0,-1.0999999999999999,2.70050151471721
-1.9,-1.0999999999999999,2.69098974024947
-1.7999999999999998,-1.0999999999999999,2.679110366512583
-1.7,-1.0999999999999999,2.664304027607714
-1.5999999999999999,-1.0999999999999999,2.6460763565769327
-1.5,-1.0999999999999999,2.625215973386663
-1.4,-1.0999999999999999,2.599438329805831
-1.2999999999999998,-1.0999999999999999,2.56772850166397
-1.2,-1.0999999999999999,2.530282239376964
-1.0999999999999999,-1.0999999999999999,2.4868259931183747
-1.0,-1.0999999999999999,2.4344412782172373
-0.8999999999999999,-1.0999999999999999,2.3758685037558744
-0.7999999999999998,-1.0999999999999999,2.3079190841306376
-0.6999999999999997,-1.0999999999999999,2.2349541203877616
-0.5999999999999996,-1.0999999999999999,2.156317985869375
-0.5,-1.0999999999999999,2.0764371360328493
-0.3999999999999999,-1.0999999999999999,2.0000550014708343
-0.2999999999999998,-1.0999999999999999,1.9338561959354696
-0.19999999999999973,-1.0999999999999999,1.881641311072545
-0.09999999999999964,-1.0999999999999999,1.8456805695565375
0.0,-1.0999999999999999,1.82413650037679
0.10000000000000009,-1.0999999999999999,1.8143028186397907
0.20000000000000018,-1.0999999999999999,1.8121054917363386
0.30000000000000027,-1.0999999999999999,1.8144526247058117
0.40000000000000036,-1.0999999999999999,1.820806791929179
0.5,-1.0999999999999999,1.8282746672981338
0.6000000000000001,-1.0999999999999999,1.8376140556478207
0.7000000000000002,-1.0999999999999999,1.846952194233654
0.8000000000000003,-1.0999999999999999,1.8562580264201256
0.9000000000000004,-1.0999999999999999,1.8658391303094193
1.0,-1.0999999999999999,1.874796521732907
1.1000000000000005,-1.0999999999999999,1.883194838756147
1.2000000000000002,-1.0999999999999999,1.8915944697247118
1.2999999999999998,-1.0999999999999999,1.8992803108801195
1.4000000000000004,-1.0999999999999999,1.9062852124400547
1.5,-1.0999999999999999,1.9131871195636718
1.6000000000000005,-1.0999999999999999,1.9195233879265685
1.7000000000000002,-1.0999999999999999,1.925254509800183
1.8000000000000007,-1.0999999999999999,1.9307413493853582
1.9000000000000004,-1.0999999999999999,1.9358802109772062
2.0,-1.0999999999999999,1.94050931196131
2.1000000000000005,-1.0999999999999999,1.9448401631360739
2.2,-1.0999999999999999,1.9489767748641578
2.3000000000000007,-1.0999999999999999,1.952693562684928
2.4000000000000004,-1.0999999999999999,1.9561062221572485
2.5,-1.0999999999999999,1.959423071469974
2.6000000000000005,-1.0999999999999999,1.962398011425055
2.7,-1.0999999999999999,1.9650880143514724
2.8000000000000007,-1.0999999999999999,1.9677413420437293
2.9000000000000004,-1.0999999999999999,1.970118008585129
3.0,-1.0999999999999999,1.9722457084277962
-3.0,-1.0,2.680286611928641
-2.9,-1.0,2.6792573812180356
-2.8,-1.0,2.6779627847969385
-2.7,-1.0,2.6763347700011315
-2.6,-1.0,2.67428804539599
-2.5,-1.0,2.6717158379256998
-2.4,-1.0,2.668484678005223
-2.3,-1.0,2.664428032356672
-2.2,-1.0,2.6593385971096444
-2.1,-1.0,2.65295907520977
-2.0,-1.0,2.6449713072862404
-1.9,-1.0,2.6356608332452214
-1.7999999999999998,-1.0,2.6243808107665676
-1.7,-1.0,2.6103174813999557
-1.5999999999999999,-1.0,2.5928269454811494
-1.5,-1.0,2.571140096337365
-1.4,-1.0,2.5455020798485615
-1.2999999999999998,-1.0,2.5153308488068866
-1.2,-1.0,2.4783969314026244
-1.0999999999999999,-1.0,2.4344412782172373
-1.0,-1.0,2.3846153846153846
-0.8999999999999999,-1.0,2.325045963261672
-0.7999999999999998,-1.0,2.260250318763978
-0.6999999999999997,-1.0,2.1870369367584424
-0.5999999999999996,-1.0,2.1089232338859327
-0.5,-1.0,2.030400901509925
-0.3999999999999999,-1.0,1.956130196378964
-0.2999999999999998,-1.0,1.8900254142103827
-0.19999999999999973,-1.0,1.8398286107923487
-0.09999999999999964,-1.0,1.805622295230285
0.0,-1.0,1.7860749893572825
0.10000000000000009,-1.0,1.7777062186468497
0.20000000000000018,-1.0,1.7767765274345984
0.30000000000000027,-1.0,1.7819100911270636
0.40000000000000036,-1.0,1.789453921811631
0.5,-1.0,1.7996214803459747
0.6000000000000001,-1.0,1.8101513487112737
0.7000000000000002,-1.0,1.8214355721480915
0.8000000000000003,-1.0,1.8327644167158252
0.9000000000000004,-1.0,1.8434979435101853
1.0,-1.0,1.854070891820219
1.1000000000000005,-1.0,1.8642851302276728
1.2000000000000002,-1.0,1.8736932913304447
1.2999999999999998,-1.0,1.8824979571245013
1.4000000000000004,-1.0,1.8911002075698986
1.5,-1.0,1.8989298951958915
1.6000000000000005,-1.0,1.9060368560910335
1.7000000000000002,-1.0,1.9130303764727479
1.8000000000000007,-1.0,1.9194123318134693
1.9000000000000004,-1.0,1.925175837203858
2.0,-1.0,1.9306917061920557
2.1000000000000005,-1.0,1.9358450490760641
2.2,-1.0,1.9404844095137772
2.3000000000000007,-1.0,1.9448244503353147
2.4000000000000004,-1.0,1.948965647671228
2.5,-1.0,1.9526856833207042
2.6000000000000005,-1.0,1.9561012505723139
2.7,-1.0,1.959419551182387
2.8000000000000007,-1.0,1.9623955188700553
2.9000000000000004,-1.0,1.9650864416513152
3.0,-1.0,1.9677402285216765
-3.0,-0.8999999999999999,2.6152225100412054
-2.9,-0.8999999999999999,2.6142595037406244
-2.8,-0.8999999999999999,2.613048160775339
-2.7,-0.8999999999999999,2.6115247690219743
-2.6,-0.8999999999999999,2.60960946165553
-2.5,-0.8999999999999999,2.607202232084778
-2.4,-0.8999999999999999,2.604178030549409
-2.3,-0.8999999999999999,2.600380768829961
-2.2,-0.8999999999999999,2.59561605006258
-2.1,-0.8999999999999999,2.589642447484227
-2.0,-0.8999999999999999,2.5821611923478085
-1.9,-0.8999999999999999,2.572804217545005
-1.7999999999999998,-0.8999999999999999,2.5611206693835356
-1.7,-0.8999999999999999,2.5465622868137032
-1.5999999999999999,-0.8999999999999999,2.5301132661162145
-1.5,-0.8999999999999999,2.5097149134691237
-1.4,-0.8999999999999999,2.4845018425375156
-1.2999999999999998,-0.8999999999999999,2.4534777023642884
-1.2,-0.8999999999999999,2.418210749168013
-1.0999999999999999,-0.8999999999999999,2.375868503755874
-1.0,-0.8999999999999999,2.325045963261672
-0.8999999999999999,-0.8999999999999999,2.268957909871016
-0.7999999999999998,-0.8999999999999999,2.2031111298349284
-0.6999999999999997,-0.8999999999999999,2.1324177343682296
-0.5999999999999996,-0.8999999999999999,2.056390110223092
-0.5,-0.8999999999999999,1.9786933146951882
-0.3999999999999999,-0.8999999999999999,1.9040070533608426
-0.2999999999999998,-0.8999999999999999,1.8405916585337938
-0.19999999999999973,-0.8999999999999999,1.7912833367569023
-0.09999999999999964,-0.8999999999999999,1.7586864337345387
0.0,-0.8999999999999999,1.7409819537273508
0.10000000000000009,-0.8999999999999999,1.734482383677128
0.20000000000000018,-0.8999999999999999,1.7368423026505109
0.30000000000000027,-0.8999999999999999,1.7435750495548314
0.40000000000000036,-0.8999999999999999,1.7539707193207914
0.5,-0.8999999999999999,1.7654951970040358
0.6000000000000001,-0.8999999999999999,1.7788695825093863
0.7000000000000002,-0.8999999999999999,1.7920377073164901
0.8000000000000003,-0.8999999999999999,1.804839005820737
0.9000000000000004,-0.8999999999999999,1.8179983658536025
1.0,-0.8999999999999999,1.8303177441079543
1.1000000000000005,-0.8999999999999999,1.841758496155906
1.2000000000000002,-0.8999999999999999,1.8529714416263494
1.2999999999999998,-0.8999999999999999,1.8635046134365407
1.4000000000000004,-0.8999999999999999,1.8731395175643173
1.5,-0.8999999999999999,1.8821483505969523
1.6000000000000005,-0.8999999999999999,1.890852318260919
1.7000000000000002,-0.8999999999999999,1.8987541845891924
1.8000000000000007,-0.8999999999999999,1.9059123392210868
1.9000000000000004,-0.8999999999999999,1.9129518013789106
2.0,-0.8999999999999999,1.9193566630937038
2.1000000000000005,-0.8999999999999999,1.9251364030570421
2.2,-0.8999999999999999,1.9306668238872053
2.3000000000000007,-0.8999999999999999,1.9358274254878767
2.4000000000000004,-0.8999999999999999,1.940471928275536
2.5,-0.8999999999999999,1.944816575101212
2.6000000000000005,-0.8999999999999999,1.9489600707741241
2.7,-0.8999999999999999,1.9526817342386116
2.8000000000000007,-0.8999999999999999,1.9560987588593652
2.9000000000000004,-0.8999999999999999,1.95941778685011
3.0,-0.8999999999999999,1.962394269628706
-3.0,-0.7999999999999998,2.543084846821196
-2.9,-0.7999999999999998,2.5420963640561096
-2.8,-0.7999999999999998,2.540853055677983
-2.7,-0.7999999999999998,2.539289591832972
-2.6,-0.7999999999999998,2.53732410512521
-2.5,-0.7999999999999998,2.534854127027124
-2.4,-0.7999999999999998,2.531751597206929
-2.3,-0.7999999999999998,2.5278567762888087
-2.2,-0.7999999999999998,2.5229708874265344
-2.1,-0.7999999999999998,2.5168473258593616
-2.0,-0.7999999999999998,2.5095283184365624
-1.9,-0.7999999999999998,2.500865981595522
-1.7999999999999998,-0.7999999999999998,2.4900454527483205
-1.7,-0.7999999999999998,2.476555700041003
-1.5999999999999999,-0.7999999999999998,2.459779630628698
-1.5,-0.7999999999999998,2.438980408383248
-1.4,-0.7999999999999998,2.414469786601838
-1.2999999999999998,-0.7999999999999998,2.3855987302753183
-1.2,-0.7999999999999998,2.3502308795300504
-1.0999999999999999,-0.7999999999999998,2.307919084130637
-1.0,-0.7999999999999998,2.260250318763978
-0.8999999999999999,-0.7999999999999998,2.203111129834928
-0.7999999999999998,-0.7999999999999998,2.140669543300412
-0.6999999999999997,-0.7999999999999998,2.06991765411317
-0.5999999999999996,-0.7999999999999998,1.9942332993753011
-0.5,-0.7999999999999998,1.9179705859780654
-0.3999999999999999,-0.7999999999999998,1.8457195710412306
-0.2999999999999998,-0.7999999999999998,1.7820051377064283
-0.19999999999999973,-0.7999999999999998,1.7341645375694381
-0.09999999999999964,-0.7999999999999998,1.703850521660954
0.0,-0.7999999999999998,1.6890143612036224
0.10000000000000009,-0.7999999999999998,1.68582699946238
0.20000000000000018,-0.7999999999999998,1.690161121943034
0.30000000000000027,-0.7999999999999998,1.699817276149994
0.40000000000000036,-0.7999999999999998,1.71249896749964
0.5,-0.7999999999999998,1.7272240328314037
0.6000000000000001,-0.7999999999999998,1.7421875367845263
0.7000000000000002,-0.7999999999999998,1.7579751484602628
0.8000000000000003,-0.7999999999999998,1.77348985471653
0.9000000000000004,-0.7999999999999998,1.7881980922486918
1.0,-0.7999999999999998,1.8024072140162888
1.1000000000000005,-0.7999999999999998,1.81626770900164
1.2000000000000002,-0.7999999999999998,1.8290874287407293
1.2999999999999998,-0.7999999999999998,1.8408846308730928
1.4000000000000004,-0.7999999999999998,1.8524195828651842
1.5,-0.7999999999999998,1.8631130073981599
1.6000000000000005,-0.7999999999999998,1.872861759638212
1.7000000000000002,-0.7999999999999998,1.881973047182647
1.8000000000000007,-0.7999999999999998,1.8907280362086183
1.9000000000000004,-0.7999999999999998,1.8986660988758188
2.0,-0.7999999999999998,1.9058499219392457
2.1000000000000005,-0.7999999999999998,1.912912416158674
2.2,-0.7999999999999998,1.9193287604277411
2.3000000000000007,-0.7999999999999998,1.925116638049177
2.4000000000000004,-0.7999999999999998,1.930654352748996
2.5,-0.7999999999999998,1.9358185925463156
2.6000000000000005,-0.7999999999999998,1.9404656727253824
2.7,-0.7999999999999998,1.9448126280895077
2.8000000000000007,-0.7999999999999998,1.9489572756818454
2.9000000000000004,-0.7999999999999998,1.9526797549977277
3.0,-0.7999999999999998,1.956097510040116
-3.0,-0.6999999999999997,2.462363529930815
-2.9,-0.6999999999999997,2.461366788075458
-2.8,-0.6999999999999997,2.46011317825172
-2.7,-0.6999999999999997,2.458536897478281
-2.6,-0.6999999999999997,2.456693255223143
-2.5,-0.6999999999999997,2.4544492822290302
-2.4,-0.6999999999999997,2.4516301993528344
-2.3,-0.6999999999999997,2.448090520010434
-2.2,-0.6999999999999997,2.4436490568751186
-2.1,-0.6999999999999997,2.4380807974369767
-2.0,-0.6999999999999997,2.431107299121037
-1.9,-0.6999999999999997,2.422385554957281
-1.7999999999999998,-0.6999999999999997,2.4114954353731894
-1.7,-0.6999999999999997,2.397926078494245
-1.5999999999999999,-0.6999999999999997,2.381157439658177
-1.5,-0.6999999999999997,2.3621094166983374
-1.4,-0.6999999999999997,2.338558387565531
-1.2999999999999998,-0.6999999999999997,2.309568892509402
-1.2,-0.6999999999999997,2.2745649780858734
-1.0999999999999999,-0.6999999999999997,2.2349541203877625
-1.0,-0.6999999999999997,2.1870369367584424
-0.8999999999999999,-0.6999999999999997,2.1324177343682287
-0.7999999999999998,-0.6999999999999997,2.06991765411317
-0.6999999999999997,-0.6999999999999997,2.001481842916913
-0.5999999999999996,-0.6999999999999997,1.927312724759731
-0.5,-0.6999999999999997,1.8515292466077253
-0.3999999999999999,-0.6999999999999997,1.7787006844296165
-0.2999999999999998,-0.6999999999999997,1.716628646000854
-0.19999999999999973,-0.6999999999999997,1.6702544434080127
-0.09999999999999964,-0.6999999999999997,1.6420587999225
0.0,-0.6999999999999997,1.629830830315399
0.10000000000000009,-0.6999999999999997,1.6292793464150759
0.20000000000000018,-0.6999999999999997,1.6366880580507202
0.30000000000000027,-0.6999999999999997,1.6496777762600612
0.40000000000000036,-0.6999999999999997,1.6651905338609352
0.5,-0.6999999999999997,1.682497290748174
0.6000000000000001,-0.6999999999999997,1.7008535810592404
0.7000000000000002,-0.6999999999999997,1.71885283554667
0.8000000000000003,-0.6999999999999997,1.7365038170518445
0.9000000000000004,-0.6999999999999997,1.7541691034432882
1.0,-0.6999999999999997,1.7707744550800002
1.1000000000000005,-0.6999999999999997,1.7862638830689206
1.2000000000000002,-0.6999999999999997,1.801184495083974
1.2999999999999998,-0.6999999999999997,1.8153983123419195
1.4000000000000004,-0.6999999999999997,1.8284697829980792
1.5,-0.6999999999999997,1.8404461377116277
1.6000000000000005,-0.6999999999999997,1.852142789859485
1.7000000000000002,-0.6999999999999997,1.862916633571088
1.8000000000000007,-0.6999999999999997,1.8727224972134902
1.9000000000000004,-0.6999999999999997,1.8818851659646403
2.0,-0.6999999999999997,1.8906657368012083
2.1000000000000005,-0.6999999999999997,1.8986219459631821
2.2,-0.6999999999999997,1.905818636426704
2.3000000000000007,-0.6999999999999997,1.9128926756871678
2.4000000000000004,-0.6999999999999997,1.9193147754115136
2.5,-0.6999999999999997,1.925106731798982
2.6000000000000005,-0.6999999999999997,1.9306481022620485
2.7,-0.6999999999999997,1.9358141655325138
2.8000000000000007,-0.6999999999999997,1.94046253749515
2.9000000000000004,-0.6999999999999997,1.9448106498863127
3.0,-0.6999999999999997,1.9489558748116194
-3.0,-0.5999999999999996,2.3775487515758162
-2.9,-0.5999999999999996,2.3766608450512665
-2.8,-0.5999999999999996,2.375544020315642
-2.7,-0.5999999999999996,2.374139577373662
-2.6,-0.5999999999999996,2.372373949919472
-2.5,-0.5999999999999996,2.3701550482551585
-2.4,-0.5999999999999996,2.367367765385102
-2.3,-0.5999999999999996,2.3638684917302903
-2.2,-0.5999999999999996,2.3594784780196436
-2.1,-0.5999999999999996,2.35397589636149
-2.0,-0.5999999999999996,2.347086488979502
-1.9,-0.5999999999999996,2.338472781777369
-1.7999999999999998,-0.5999999999999996,2.3277220034055515
-1.7,-0.5999999999999996,2.3143421628909935
-1.5999999999999999,-0.5999999999999996,2.2991641440793753
-1.5,-0.5999999999999996,2.280339067668836
-1.4,-0.5999999999999996,2.2570768356091446
-1.2999999999999998,-0.5999999999999996,2.2284626201915687
-1.2,-0.5999999999999996,2.1955123479566363
-1.0999999999999999,-0.5999999999999996,2.1563179858693755
-1.0,-0.5999999999999996,2.108923233885933
-0.8999999999999999,-0.5999999999999996,2.0563901102230924
-0.7999999999999998,-0.5999999999999996,1.9942332993753011
-0.6999999999999997,-0.5999999999999996,1.927312724759731
-0.5999999999999996,-0.5999999999999996,1.8540441443027769
-0.5,-0.5999999999999996,1.77827680713141
-0.3999999999999999,-0.5999999999999996,1.704674807951691
-0.2999999999999998,-0.5999999999999996,1.6424644794745742
-0.19999999999999973,-0.5999999999999996,1.5966999612247215
-0.09999999999999964,-0.5999999999999996,1.5709011576494276
0.0,-0.5999999999999996,1.56187512585005
0.10000000000000009,-0.5999999999999996,1.56488625285666
0.20000000000000018,-0.5999999999999996,1.576462911425642
0.30000000000000027,-0.5999999999999996,1.5920297640716032
0.40000000000000036,-0.5999999999999996,1.6115198481394035
0.5,-0.5999999999999996,1.631823503252705
0.6000000000000001,-0.5999999999999996,1.6527731556627572
0.7000000000000002,-0.5999999999999996,1.6742465417355779
0.8000000000000003,-0.5999999999999996,1.6949299256337935
0.9000000000000004,-0.5999999999999996,1.7146119038554193
1.0,-0.5999999999999996,1.7338172270392547
1.1000000000000005,-0.5999999999999996,1.7522521377904177
1.2000000000000002,-0.5999999999999996,1.7694086815767986
1.2999999999999998,-0.5999999999999996,1.7852919948639419
1.4000000000000004,-0.5999999999999996,1.8005706915760789
1.5,-0.5999999999999996,1.8149620746856903
1.6000000000000005,-0.5999999999999996,1.8281599682668694
1.7000000000000002,-0.5999999999999996,1.8402262389727246
1.8000000000000007,-0.5999999999999996,1.852004012334873
1.9000000000000004,-0.5999999999999996,1.8628181869033236
2.0,-0.5999999999999996,1.872652687169664
2.1000000000000005,-0.5999999999999996,1.8818411156469892
2.2,-0.5999999999999996,1.8906345104127606
2.3000000000000007,-0.5999999999999996,1.8985998157109443
2.4000000000000004,-0.5999999999999996,1.9058029558319334
2.5,-0.5999999999999996,1.9128827817380487
2.6000000000000005,-0.5999999999999996,1.919307766160204
2.7,-0.5999999999999996,1.925101766842392
2.8000000000000007,-0.5999999999999996,1.93064496956972
2.9000000000000004,-0.5999999999999996,1.9358119467555401
3.0,-0.5999999999999996,1.9404609661506653
-3.0,-0.5,2.29160329441976
-2.9,-0.5,2.290744078760973
-2.8,-0.5,2.2896633760256555
-2.7,-0.5,2.288304411560985
-2.6,-0.5,2.286596043510856
-2.5,-0.5,2.284449235178238
-2.4,-0.5,2.281752724076411
-2.3,-0.5,2.2783677416664894
-2.2,-0.5,2.2741216339189254
-2.1,-0.5,2.2688002456211227
-2.0,-0.5,2.2621389733497663
-1.9,-0.5,2.253812482034778
-1.7999999999999998,-0.5,2.243423244882303
-1.7,-0.5,2.230489342109008
-1.5999999999999999,-0.5,2.215353340127819
-1.5,-0.5,2.1971086814355822
-1.4,-0.5,2.1745740018301194
-1.2999999999999998,-0.5,2.1468700502576223
-1.2,-0.5,2.114523647261696
-1.0999999999999999,-0.5,2.0764371360328493
-1.0,-0.5,2.0304009015099256
-0.8999999999999999,-0.5,1.9786933146951877
-0.7999999999999998,-0.5,1.9179705859780651
-0.6999999999999997,-0.5,1.851529246607725
-0.5999999999999996,-0.5,1.77827680713141
-0.5,-0.5,1.7017787186529654
-0.3999999999999999,-0.5,1.626393326392214
-0.2999999999999998,-0.5,1.561876669226765
-0.19999999999999973,-0.5,1.5161297180669429
-0.09999999999999964,-0.5,1.4920093487453954
0.0,-0.5,1.486117924225372
0.10000000000000009,-0.5,1.493227903334115
0.20000000000000018,-0.5,1.508151864558482
0.30000000000000027,-0.5,1.5278469955396619
0.40000000000000036,-0.5,1.550329338275365
0.5,-0.5,1.5745716369144185
0.6000000000000001,-0.5,1.5988509553028871
0.7000000000000002,-0.5,1.6227394275362677
0.8000000000000003,-0.5,1.6469523559423707
0.9000000000000004,-0.5,1.6700686428478428
1.0,-0.5,1.6919387950758655
1.1000000000000005,-0.5,1.7124748561774732
1.2000000000000002,-0.5,1.7324661239753119
1.2999999999999998,-0.5,1.751288998091157
1.4000000000000004,-0.5,1.7687229500295951
1.5,-0.5,1.784804270260355
1.6000000000000005,-0.5,1.8002628113458443
1.7000000000000002,-0.5,1.814743310378272
1.8000000000000007,-0.5,1.828004628065588
1.9000000000000004,-0.5,1.840115995461523
2.0,-0.5,1.8519344456421802
2.1000000000000005,-0.5,1.862768840003349
2.2,-0.5,1.872617695876508
2.3000000000000007,-0.5,1.8818190368402816
2.4000000000000004,-0.5,1.8906188594620186
2.5,-0.5,1.898588723965352
2.6000000000000005,-0.5,1.9057950967433515
2.7,-0.5,1.9128778229475303
2.8000000000000007,-0.5,1.9193042531778215
2.9000000000000004,-0.5,1.9250992784518244
3.0,-0.5,1.930643399497266
-3.0,-0.3999999999999999,2.2111735162433406
-2.9,-0.3999999999999999,2.210280244355275
-2.8,-0.3999999999999999,2.2091568910842865
-2.7,-0.3999999999999999,2.2077445860924985
-2.6,-0.3999999999999999,2.2059696237797106
-2.5,-0.3999999999999999,2.2037398568541375
-2.4,-0.3999999999999999,2.2009402898072046
-2.3,-0.3999999999999999,2.197427739792316
-2.2,-0.3999999999999999,2.1930244383686577
-2.1,-0.3999999999999999,2.187510475412758
-2.0,-0.3999999999999999,2.181161189499098
-1.9,-0.3999999999999999,2.173277688278226
-1.7999999999999998,-0.3999999999999999,2.163442263847118
-1.7,-0.3999999999999999,2.151199461528026
-1.5999999999999999,-0.3999999999999999,2.1360029459735337
-1.5,-0.3999999999999999,2.1172736176121165
-1.4,-0.3999999999999999,2.09586112236689
-1.2999999999999998,-0.3999999999999999,2.069542111328838
-1.2,-0.3999999999999999,2.037377699627952
-1.0999999999999999,-0.3999999999999999,2.000055001470835
-1.0,-0.3999999999999999,1.956130196378964
-0.8999999999999999,-0.3999999999999999,1.9040070533608424
-0.7999999999999998,-0.3999999999999999,1.8457195710412304
-0.6999999999999997,-0.3999999999999999,1.7787006844296163
-0.5999999999999996,-0.3999999999999999,1.7046748079516907
-0.5,-0.3999999999999999,1.6263933263922141
-0.3999999999999999,-0.3999999999999999,1.5485912855049548
-0.2999999999999998,-0.3999999999999999,1.4784590033528355
-0.19999999999999973,-0.3999999999999999,1.4284383632245679
-0.09999999999999964,-0.3999999999999999,1.404291083145659
0.0,-0.3999999999999999,1.4021059573246113
0.10000000000000009,-0.3999999999999999,1.4131901133950138
0.20000000000000018,-0.3999999999999999,1.4319819878384958
0.30000000000000027,-0.3999999999999999,1.4560582441918615
0.40000000000000036,-0.3999999999999999,1.4819179598504604
0.5,-0.3999999999999999,1.5098565747580415
0.6000000000000001,-0.3999999999999999,1.537999246122184
0.7000000000000002,-0.3999999999999999,1.5656369184749344
0.8000000000000003,-0.3999999999999999,1.5924032453072177
0.9000000000000004,-0.3999999999999999,1.6186478381651679
1.0,-0.3999999999999999,1.6440142388390449
1.1000000000000005,-0.3999999999999999,1.667963870583168
1.2000000000000002,-0.3999999999999999,1.6904340355897025
1.2999999999999998,-0.3999999999999999,1.711400876314653
1.4000000000000004,-0.3999999999999999,1.7317878036191117
1.5,-0.3999999999999999,1.750805684961957
1.6000000000000005,-0.3999999999999999,1.7683789622112913
1.7000000000000002,-0.3999999999999999,1.7845596712735392
1.8000000000000007,-0.3999999999999999,1.8001084429116119
1.9000000000000004,-0.3999999999999999,1.8146336364359514
2.0,-0.3999999999999999,1.8279267572012685
2.1000000000000005,-0.3999999999999999,1.840060734511258
2.2,-0.3999999999999999,1.8518995763952844
2.3000000000000007,-0.3999999999999999,1.8627441062871308
2.4000000000000004,-0.3999999999999999,1.872600157835361
2.5,-0.3999999999999999,1.8818079708851299
2.6000000000000005,-0.3999999999999999,1.8906110152336335
2.7,-0.3999999999999999,1.8985831648372262
2.8000000000000007,-0.3999999999999999,1.9057911578246143
2.9000000000000004,-0.3999999999999999,1.9128753376475676
3.0,-0.3999999999999999,1.9193024925070772
-3.0,-0.2999999999999998,2.140856313610315
-2.9,-0.2999999999999998,2.139949727209639
-2.8,-0.2999999999999998,2.1388098120177363
-2.7,-0.2999999999999998,2.137376972537547
-2.6,-0.2999999999999998,2.1355766565909957
-2.5,-0.2999999999999998,2.1333157549655226
-2.4,-0.2999999999999998,2.1304782232252086
-2.3,-0.2999999999999998,2.1269198098447224
-2.2,-0.2999999999999998,2.12272030833134
-2.1,-0.2999999999999998,2.1176126567121063
-2.0,-0.2999999999999998,2.1112247151441883
-1.9,-0.2999999999999998,2.1032488624274808
-1.7999999999999998,-0.2999999999999998,2.093311016649484
-1.7,-0.2999999999999998,2.080960413353721
-1.5999999999999999,-0.2999999999999998,2.0662100082769603
-1.5,-0.2999999999999998,2.04871854943244
-1.4,-0.2999999999999998,2.0271701829390127
-1.2999999999999998,-0.2999999999999998,2.000761730724334
-1.2,-0.2999999999999998,1.9703557530293323
-1.0999999999999999,-0.2999999999999998,1.933856195935469
-1.0,-0.2999999999999998,1.890025414210382
-0.8999999999999999,-0.2999999999999998,1.8405916585337931
-0.7999999999999998,-0.2999999999999998,1.7820051377064274
-0.6999999999999997,-0.2999999999999998,1.7166286460008535
-0.5999999999999996,-0.2999999999999998,1.6424644794745737
-0.5,-0.2999999999999998,1.561876669226765
-0.3999999999999999,-0.2999999999999998,1.478459003352835
-0.2999999999999998,-0.2999999999999998,1.3984825029053871
-0.19999999999999973,-0.2999999999999998,1.3375228670019483
-0.09999999999999964,-0.2999999999999998,1.3100107071824396
0.0,-0.2999999999999998,1.3099488918338535
0.10000000000000009,-0.2999999999999998,1.325451331432843
0.20000000000000018,-0.2999999999999998,1.34857401810189
0.30000000000000027,-0.2999999999999998,1.3768104284977338
0.40000000000000036,-0.2999999999999998,1.4067511461650803
0.5,-0.2999999999999998,1.4379389406358984
0.6000000000000001,-0.2999999999999998,1.4698142458785224
0.7000000000000002,-0.2999999999999998,1.5012038900326985
0.8000000000000003,-0.2999999999999998,1.5317299967532478
0.9000000000000004,-0.2999999999999998,1.561111349739329
1.0,-0.2999999999999998,1.5891466162729055
1.1000000000000005,-0.2999999999999998,1.6165871186068694
1.2000000000000002,-0.2999999999999998,1.642536422111598
1.2999999999999998,-0.2999999999999998,1.6669062404747894
1.4000000000000004,-0.2999999999999998,1.6896784456464866
1.5,-0.2999999999999998,1.7108618758030585
1.6000000000000005,-0.2999999999999998,1.7314475449568818
1.7000000000000002,-0.2999999999999998,1.750563303708283
1.8000000000000007,-0.2999999999999998,1.768206482481036
1.9000000000000004,-0.2999999999999998,1.784437041756304
2.0,-0.2999999999999998,1.8000310596426317
2.1000000000000005,-0.2999999999999998,1.8145786611992656
2.2,-0.2999999999999998,1.8278877252131465
2.3000000000000007,-0.2999999999999998,1.8400330363407638
2.4000000000000004,-0.2999999999999998,1.8518820995426977
2.5,-0.2999999999999998,1.8627317096423073
2.6000000000000005,-0.2999999999999998,1.8725913677790818
2.7,-0.2999999999999998,1.8818024246844989
2.8000000000000007,-0.2999999999999998,1.8906070837633684
2.9000000000000004,-0.2999999999999998,1.89858037865137
3.0,-0.2999999999999998,1.905789183677806
-3.0,-0.19999999999999973,2.0859301822788034
-2.9,-0.19999999999999973,2.0850251466111946
-2.8,-0.19999999999999973,2.0838873386922376
-2.7,-0.19999999999999973,2.0824573966046405
-2.6,-0.19999999999999973,2.080661113393114
-2.5,-0.19999999999999973,2.078405894396776
-2.4,-0.19999999999999973,2.0755764674029575
-2.3,-0.19999999999999973,2.0720297458494104
-2.2,-0.19999999999999973,2.067588768731948
-2.1,-0.19999999999999973,2.0620704608690787
-2.0,-0.19999999999999973,2.0557148295511936
-1.9,-0.19999999999999973,2.0477867625882724
-1.7999999999999998,-0.19999999999999973,2.0379199611731442
-1.7,-0.19999999999999973,2.0256753156698935
-1.5999999999999999,-0.19999999999999973,2.0111784054844124
-1.5,-0.19999999999999973,1.993873895656611
-1.4,-0.19999999999999973,1.9726050240503894
-1.2999999999999998,-0.19999999999999973,1.9471019632186461
-1.2,-0.19999999999999973,1.9174824893891202
-1.0999999999999999,-0.19999999999999973,1.8816413110725458
-1.0,-0.19999999999999973,1.8398286107923476
-0.8999999999999999,-0.19999999999999973,1.7912833367569019
-0.7999999999999998,-0.19999999999999973,1.7341645375694374
-0.6999999999999997,-0.19999999999999973,1.6702544434080122
-0.5999999999999996,-0.19999999999999973,1.5966999612247215
-0.5,-0.19999999999999973,1.5161297180669429
-0.3999999999999999,-0.19999999999999973,1.4284383632245679
-0.2999999999999998,-0.19999999999999973,1.3375228670019483
-0.19999999999999973,-0.19999999999999973,1.255139288052706
-0.09999999999999964,-0.19999999999999973,1.2108903759908654
0.0,-0.19999999999999973,1.2110626630755352
0.10000000000000009,-0.19999999999999973,1.2311503780925124
0.20000000000000018,-0.19999999999999973,1.2589359262899613
0.30000000000000027,-0.19999999999999973,1.2909260479020928
0.40000000000000036,-0.19999999999999973,1.3245917215528324
0.5,-0.19999999999999973,1.359420858225166
0.6000000000000001,-0.19999999999999973,1.3947315691173288
0.7000000000000002,-0.19999999999999973,1.4296443184823042
0.8000000000000003,-0.19999999999999973,1.4637750057495718
0.9000000000000004,-0.19999999999999973,1.4968243255408749
1.0,-0.19999999999999973,1.5285650498450858
1.1000000000000005,-0.19999999999999973,1.558831086763738
1.2000000000000002,-0.19999999999999973,1.5876680403387355
1.2999999999999998,-0.19999999999999973,1.6155517690022312
1.4000000000000004,-0.19999999999999973,1.6417944299505414
1.5,-0.19999999999999973,1.6663754781281364
1.6000000000000005,-0.19999999999999973,1.689299395207738
1.7000000000000002,-0.19999999999999973,1.7105915505799105
1.8000000000000007,-0.19999999999999973,1.7312769379467927
1.9000000000000004,-0.19999999999999973,1.7504417873904945
2.0,-0.19999999999999973,1.7681200183831443
2.1000000000000005,-0.19999999999999973,1.7843755714500154
2.2,-0.19999999999999973,1.799992272171304
2.3000000000000007,-0.19999999999999973,1.81455110628832
2.4000000000000004,-0.19999999999999973,1.8278681618477173
2.5,-0.19999999999999973,1.8400191538468524
2.6000000000000005,-0.19999999999999973,1.8518733401585
2.7,-0.19999999999999973,1.8627254964961724
2.8000000000000007,-0.19999999999999973,1.8725869622613416
2.9000000000000004,-0.19999999999999973,1.8817996449781487
3.0,-0.19999999999999973,1.8906051133498358
-3.0,-0.09999999999999964,2.047838412440746
-2.9,-0.09999999999999964,2.046852300960065
-2.8,-0.09999999999999964,2.0456129827540255
-2.7,-0.09999999999999964,2.0440561271644864
-2.6,-0.09999999999999964,2.0421014563484396
-2.5,-0.09999999999999964,2.039649021073845
-2.4,-0.09999999999999964,2.0365747391872224
-2.3,-0.09999999999999964,2.0330590416701093
-2.2,-0.09999999999999964,2.0286721845744946
-2.1,-0.09999999999999964,2.023189766436135
-2.0,-0.09999999999999964,2.0163508379599007
-1.9,-0.09999999999999964,2.008153460160196
-1.7999999999999998,-0.09999999999999964,1.9984482573130824
-1.7,-0.09999999999999964,1.986418642481094
-1.5999999999999999,-0.09999999999999964,1.9717443168772013
-1.5,-0.09999999999999964,1.9548061875310008
-1.4,-0.09999999999999964,1.9340293147960317
-1.2999999999999998,-0.09999999999999964,1.9092630086336388
-1.2,-0.09999999999999964,1.8804461376504396
-1.0999999999999999,-0.09999999999999964,1.8456805695565375
-1.0,-0.09999999999999964,1.805622295230286
-0.8999999999999999,-0.09999999999999964,1.7586864337345383
-0.7999999999999998,-0.09999999999999964,1.7038505216609527
-0.6999999999999997,-0.09999999999999964,1.6420587999225005
-0.5999999999999996,-0.09999999999999964,1.5709011576494276
-0.5,-0.09999999999999964,1.4920093487453951
-0.3999999999999999,-0.09999999999999964,1.4042910831456594
-0.2999999999999998,-0.09999999999999964,1.31001070718244
-0.19999999999999973,-0.09999999999999964,1.2108903759908654
-0.09999999999999964,-0.09999999999999964,1.121591897842178
0.0,-0.09999999999999964,1.1072336461330636
0.10000000000000009,-0.09999999999999964,1.1318607806310885
0.20000000000000018,-0.09999999999999964,1.164410465365027
0.30000000000000027,-0.09999999999999964,1.1998153702110461
0.40000000000000036,-0.09999999999999964,1.2371328121001655
0.5,-0.09999999999999964,1.2752191716965338
0.6000000000000001,-0.09999999999999964,1.3135171785657875
0.7000000000000002,-0.09999999999999964,1.3515639636051402
0.8000000000000003,-0.09999999999999964,1.3889782197631824
0.9000000000000004,-0.09999999999999964,1.4254492488578006
1.0,-0.09999999999999964,1.4607278013455927
1.1000000000000005,-0.09999999999999964,1.4946184304020291
1.2000000000000002,-0.09999999999999964,1.526973022965703
1.2999999999999998,-0.09999999999999964,1.5576851882944733
1.4000000000000004,-0.09999999999999964,1.586944309379097
1.5,-0.09999999999999964,1.6150322243203974
1.6000000000000005,-0.09999999999999964,1.6414222183512777
1.7000000000000002,-0.09999999999999964,1.6661092928195134
1.8000000000000007,-0.09999999999999964,1.6891093298401005
1.9000000000000004,-0.09999999999999964,1.7104560205100527
2.0,-0.09999999999999964,1.7311914133662967
2.1000000000000005,-0.09999999999999964,1.750380875432852
2.2,-0.09999999999999964,1.768076678791944
2.3000000000000007,-0.09999999999999964,1.7843447608155036
2.4000000000000004,-0.09999999999999964,1.7999728313898171
2.5,-0.09999999999999964,1.8145372956102361
2.6000000000000005,-0.09999999999999964,1.8278583566796556
2.7,-0.09999999999999964,1.8400121959864018
2.8000000000000007,-0.09999999999999964,1.8518689500145225
2.9000000000000004,-0.09999999999999964,1.8627223825200203
3.0,-0.09999999999999964,1.8725847542585892
-3.0,0.0,2.0238323074721887
-2.9,0.0,2.022754010424073
-2.8,0.0,2.021399305484537
-2.7,0.0,2.0196982395748893
-2.6,0.0,2.017563676138821
-2.5,0.0,2.0149727081723703
-2.4,0.0,2.0119364845153878
-2.3,0.0,2.008135591914782
-2.2,0.0,2.0033842604252605
-2.1,0.0,1.997730574599448
-2.0,0.0,1.9910011730539496
-1.9,0.0,1.982631494403295
-1.7999999999999998,0.0,1.9727206777588446
-1.7,0.0,1.9609375349297526
-1.5999999999999999,0.0,1.9464049910893817
-1.5,0.0,1.9297578085401168
-1.4,0.0,1.9095308849835448
-1.2999999999999998,0.0,1.885621392168326
-1.2,0.0,1.857715929013097
-1.0999999999999999,0.0,1.8241365003767924
-1.0,0.0,1.7860749893572834
-0.8999999999999999,0.0,1.7409819537273503
-0.7999999999999998,0.0,1.6890143612036224
-0.6999999999999997,0.0,1.6298308303153985
-0.5999999999999996,0.0,1.561875125850051
-0.5,0.0,1.4861179242253724
-0.3999999999999999,0.0,1.4021059573246106
-0.2999999999999998,0.0,1.3099488918338533
-0.19999999999999973,0.0,1.2110626630755348
-0.09999999999999964,0.0,1.1072336461330643
0.0,0.0,1.0000591326497392
0.10000000000000009,0.0,1.0335351832267
0.20000000000000018,0.0,1.069470564281904
0.30000000000000027,0.0,1.1072792072595727
0.40000000000000036,0.0,1.1463443962483078
0.5,0.0,1.1864986532726576
0.6000000000000001,0.0,1.227218342262677
0.7000000000000002,0.0,1.2678767010296166
0.8000000000000003,0.0,1.308105809555764
0.9000000000000004,0.0,1.3475935342526422
1.0,0.0,1.3860769187906778
1.1000000000000005,0.0,1.4233371092036786
1.2000000000000002,0.0,1.4591954131293516
1.2999999999999998,0.0,1.4935101066925367
1.4000000000000004,0.0,1.5261736573419944
1.5,0.0,1.5571101076263596
1.6000000000000005,0.0,1.5865812773713428
1.7000000000000002,0.0,1.614771673995627
1.8000000000000007,0.0,1.6412355865133368
1.9000000000000004,0.0,1.6659758404017588
2.0,0.0,1.6890140488529162
2.1000000000000005,0.0,1.710391135555938
2.2,0.0,1.731148544883925
2.3000000000000007,0.0,1.7503503447429034
2.4000000000000004,0.0,1.7680549563138552
2.5,0.0,1.7843293182903504
2.6000000000000005,0.0,1.7999630876681045
2.7,0.0,1.8145303737469676
2.8000000000000007,0.0,1.8278534423895205
2.9000000000000004,0.0,1.8400087087624717
3.0,0.0,1.8518667497172228
-3.0,0.10000000000000009,2.0097802447099613
-2.9,0.10000000000000009,2.0085941050972997
-2.8,0.10000000000000009,2.007104442240085
-2.7,0.10000000000000009,2.0052347467781098
-2.6,0.10000000000000009,2.002983170751135
-2.5,0.10000000000000009,2.000333700392023
-2.4,0.10000000000000009,1.9970158286292023
-2.3,0.10000000000000009,1.992974068519499
-2.2,0.10000000000000009,1.9882828456016064
-2.1,0.10000000000000009,1.9824309274460568
-2.0,0.10000000000000009,1.9755700766903614
-1.9,0.10000000000000009,1.9673353963277382
-1.7999999999999998,0.10000000000000009,1.9573407561019553
-1.7,0.10000000000000009,1.9457926856212353
-1.5999999999999999,0.10000000000000009,1.931563221323789
-1.5,0.10000000000000009,1.9153907051384582
-1.4,0.10000000000000009,1.8956847967863402
-1.2999999999999998,0.10000000000000009,1.872931972122321
-1.2,0.10000000000000009,1.8459006694737023
-1.0999999999999999,0.10000000000000009,1.8143028186397905
-1.0,0.10000000000000009,1.7777062186468509
-0.8999999999999999,0.10000000000000009,1.7344823836771286
-0.7999999999999998,0.10000000000000009,1.6858269994623811
-0.6999999999999997,0.10000000000000009,1.629279346415075
-0.5999999999999996,0.10000000000000009,1.5648862528566603
-0.5,0.10000000000000009,1.493227903334116
-0.3999999999999999,0.10000000000000009,1.4131901133950138
-0.2999999999999998,0.10000000000000009,1.3254513314328424
-0.19999999999999973,0.10000000000000009,1.231150378092513
-0.09999999999999964,0.10000000000000009,1.1318607806310894
0.0,0.10000000000000009,1.0335351832267001
0.10000000000000009,0.10000000000000009,1.0000589054200417
0.20000000000000018,0.10000000000000009,1.000058905421683
0.30000000000000027,0.10000000000000009,1.0226137752519369
0.40000000000000036,0.10000000000000009,1.058383927564746
0.5,0.10000000000000009,1.0976840812449915
0.6000000000000001,0.10000000000000009,1.1386475692985336
0.7000000000000002,0.10000000000000009,1.1804194318941679
0.8000000000000003,0.10000000000000009,1.2222001368797542
0.9000000000000004,0.10000000000000009,1.2641693589949363
1.0,0.10000000000000009,1.305378579770011
1.1000000000000005,0.10000000000000009,1.3455953239073257
1.2000000000000002,0.10000000000000009,1.3846183214613905
1.2999999999999998,0.10000000000000009,1.4222761013271543
1.4000000000000004,0.10000000000000009,1.4584260963762021
1.5,0.10000000000000009,1.4929539343973315
1.6000000000000005,0.10000000000000009,1.5257726574536576
1.7000000000000002,0.10000000000000009,1.5568216905711487
1.8000000000000007,0.10000000000000009,1.5863992530995006
1.9000000000000004,0.10000000000000009,1.6146410489875782
2.0,0.10000000000000009,1.641142027873586
2.1000000000000005,0.10000000000000009,1.6659089447626656
2.2,0.10000000000000009,1.688966289547184
2.3000000000000007,0.10000000000000009,1.7103610001395062
2.4000000000000004,0.10000000000000009,1.7311270585785392
2.5,0.10000000000000009,1.7503350425493738
2.6000000000000005,0.10000000000000009,1.7680440689766048
2.7,0.10000000000000009,1.7843215785360254
2.8000000000000007,0.10000000000000009,1.7999582041763282
2.9000000000000004,0.10000000000000009,1.8145269045653727
3.0,0.10000000000000009,1.8278509793936992
-3.0,0.20000000000000018,2.001879319131621
-2.9,0.20000000000000018,2.0005673449596317
-2.8,0.20000000000000018,1.9989202549690117
-2.7,0.20000000000000018,1.9969985802934291
-2.6,0.20000000000000018,1.9946706353208787
-2.5,0.20000000000000018,1.991757453996662
-2.4,0.20000000000000018,1.9884694533686929
-2.3,0.20000000000000018,1.9843581349152848
-2.2,0.20000000000000018,1.979557794655728
-2.1,0.20000000000000018,1.9737729143508034
-2.0,0.20000000000000018,1.9668930596748728
-1.9,0.20000000000000018,1.958776239696477
-1.7999999999999998,0.20000000000000018,1.9490498122374462
-1.7,0.20000000000000018,1.9377076388516696
-1.5999999999999999,0.20000000000000018,1.9240949518269599
-1.5,0.20000000000000018,1.9083379394160926
-1.4,0.20000000000000018,1.8894411388443317
-1.2999999999999998,0.20000000000000018,1.867727648086211
-1.2,0.20000000000000018,1.8416976616729612
-1.0999999999999999,0.20000000000000018,1.812105491736338
-1.0,0.20000000000000018,1.776776527434598
-0.8999999999999999,0.20000000000000018,1.7368423026505133
-0.7999999999999998,0.20000000000000018,1.6901611219430341
-0.6999999999999997,0.20000000000000018,1.6366880580507197
-0.5999999999999996,0.20000000000000018,1.5764629114256412
-0.5,0.20000000000000018,1.5081518645584826
-0.3999999999999999,0.20000000000000018,1.4319819878384954
-0.2999999999999998,0.20000000000000018,1.3485740181018897
-0.19999999999999973,0.20000000000000018,1.2589359262899615
-0.09999999999999964,0.20000000000000018,1.1644104653650262
0.0,0.20000000000000018,1.0694705642819036
0.10000000000000009,0.20000000000000018,1.000082228817334
0.20000000000000018,0.20000000000000018,1.0000822288182571
0.30000000000000027,0.20000000000000018,1.0000822288194193
0.40000000000000036,0.20000000000000018,1.0000822288208826
0.5,0.20000000000000018,1.0193894545084965
0.6000000000000001,0.20000000000000018,1.0539874297287548
0.7000000000000002,0.20000000000000018,1.0933260241966847
0.8000000000000003,0.20000000000000018,1.134775257760518
0.9000000000000004,0.20000000000000018,1.177517802236374
1.0,0.20000000000000018,1.2199119230843627
1.1000000000000005,0.20000000000000018,1.2623043467226147
1.2000000000000002,0.20000000000000018,1.304007904122665
1.2999999999999998,0.20000000000000018,1.344591755973812
1.4000000000000004,0.20000000000000018,1.3838861560792999
1.5,0.20000000000000018,1.4217437255873189
1.6000000000000005,0.20000000000000018,1.4580401966074164
1.7000000000000002,0.20000000000000018,1.4926750132125892
1.8000000000000007,0.20000000000000018,1.5255715888816264
1.9000000000000004,0.20000000000000018,1.5566770908647685
2.0,0.20000000000000018,1.5863080054407457
2.1000000000000005,0.20000000000000018,1.6145755712214243
2.2,0.20000000000000018,1.6410951321649203
2.3000000000000007,0.20000000000000018,1.6658754147610166
2.4000000000000004,0.20000000000000018,1.6889423517630604
2.5,0.20000000000000018,1.7103458960842706
2.6000000000000005,0.20000000000000018,1.7311162896228482
2.7,0.20000000000000018,1.7503273731342317
2.8000000000000007,0.20000000000000018,1.7680386123046645
2.9000000000000004,0.20000000000000018,1.7843176994303034
3.0,0.20000000000000018,1.799955756616817
-3.0,0.30000000000000027,1.9974724001033448
-2.9,0.30000000000000027,1.9960508221591209
-2.8,0.30000000000000027,1.9944117002118518
-2.7,0.30000000000000027,1.9923554548954803
-2.6,0.30000000000000027,1.9900096684440547
-2.5,0.30000000000000027,1.9871111046715217
-2.4,0.30000000000000027,1.9837483142257335
-2.3,0.30000000000000027,1.9796686485809023
-2.2,0.30000000000000027,1.974915260511758
-2.1,0.30000000000000027,1.9691863143312196
-2.0,0.30000000000000027,1.9625342539057473
-1.9,0.30000000000000027,1.9545159601872424
-1.7999999999999998,0.30000000000000027,1.9452753238546565
-1.7,0.30000000000000027,1.9341058118745766
-1.5999999999999999,0.30000000000000027,1.9213434548424115
-1.5,0.30000000000000027,1.9058865096659225
-1.4,0.30000000000000027,1.888349952435705
-1.2999999999999998,0.30000000000000027,1.8671509109476152
-1.2,0.30000000000000027,1.843182125122106
-1.0999999999999999,0.30000000000000027,1.8144526247058126
-1.0,0.30000000000000027,1.781910091127061
-0.8999999999999999,0.30000000000000027,1.7435750495548314
-0.7999999999999998,0.30000000000000027,1.6998172761499943
-0.6999999999999997,0.30000000000000027,1.6496777762600596
-0.5999999999999996,0.30000000000000027,1.592029764071602
-0.5,0.30000000000000027,1.5278469955396625
-0.3999999999999999,0.30000000000000027,1.4560582441918613
-0.2999999999999998,0.30000000000000027,1.3768104284977332
-0.19999999999999973,0.30000000000000027,1.290926047902092
-0.09999999999999964,0.30000000000000027,1.1998153702110452
0.0,0.30000000000000027,1.1072792072595727
0.10000000000000009,0.30000000000000027,1.0226137752519364
0.20000000000000018,0.30000000000000027,1.0000589054168811
0.30000000000000027,0.30000000000000027,1.0000589054177038
0.40000000000000036,0.30000000000000027,1.0000589054187397
0.5,0.30000000000000027,1.0000589054200437
0.6000000000000001,0.30000000000000027,1.000058905421685
0.7000000000000002,0.30000000000000027,1.0181100737278936
0.8000000000000003,0.30000000000000027,1.0519726333224935
0.9000000000000004,0.30000000000000027,1.0913220408755688
1.0,0.30000000000000027,1.1331263758088848
1.1000000000000005,0.30000000000000027,1.1760595272629295
1.2000000000000002,0.30000000000000027,1.2188282943522888
1.2999999999999998,0.30000000000000027,1.2613678755839206
1.4000000000000004,0.30000000000000027,1.3033199755822245
1.5,0.30000000000000027,1.3440882541682313
1.6000000000000005,0.30000000000000027,1.3835189185154746
1.7000000000000002,0.30000000000000027,1.4214767516944118
1.8000000000000007,0.30000000000000027,1.4578467060897116
1.9000000000000004,0.30000000000000027,1.4925351775531224
2.0,0.30000000000000027,1.5254707926209101
2.1000000000000005,0.30000000000000027,1.5566046070850728
2.2,0.30000000000000027,1.5862622684004137
2.3000000000000007,0.30000000000000027,1.6145427520434479
2.4000000000000004,0.30000000000000027,1.6410716272997268
2.5,0.30000000000000027,1.6658586092585648
2.6000000000000005,0.30000000000000027,1.6889303540920848
2.7,0.30000000000000027,1.710338325981617
2.8000000000000007,0.30000000000000027,1.731110892285953
2.9000000000000004,0.30000000000000027,1.7503235292833177
3.0,0.30000000000000027,1.7680358774708747
-3.0,0.40000000000000036,1.9950595110018496
-2.9,0.40000000000000036,1.9936068958705448
-2.8,0.40000000000000036,1.9919447501510987
-2.7,0.40000000000000036,1.989896710890866
-2.6,0.40000000000000036,1.9875483550267488
-2.5,0.40000000000000036,1.9846643478114165
-2.4,0.40000000000000036,1.98138016656189
-2.3,0.40000000000000036,1.9773262952494404
-2.2,0.40000000000000036,1.9727670097743644
-2.1,0.40000000000000036,1.9671794413157928
-2.0,0.40000000000000036,1.960788581489247
-1.9,0.40000000000000036,1.953120268465742
-1.7999999999999998,0.40000000000000036,1.9441958607671557
-1.7,0.40000000000000036,1.9337055671410466
-1.5999999999999999,0.40000000000000036,1.921312204876354
-1.5,0.40000000000000036,1.9070020710208193
-1.4,0.40000000000000036,1.8899224193437552
-1.2999999999999998,0.40000000000000036,1.8704616947966177
-1.2,0.40000000000000036,1.8471644484252783
-1.0999999999999999,0.40000000000000036,1.820806791929179
-1.0,0.40000000000000036,1.7894539218116328
-0.8999999999999999,0.40000000000000036,1.753970719320794
-0.7999999999999998,0.40000000000000036,1.7124989674996383
-0.6999999999999997,0.40000000000000036,1.6651905338609352
-0.5999999999999996,0.40000000000000036,1.6115198481394037
-0.5,0.40000000000000036,1.5503293382753653
-0.3999999999999999,0.40000000000000036,1.481917959850461
-0.2999999999999998,0.40000000000000036,1.4067511461650806
-0.19999999999999973,0.40000000000000036,1.3245917215528327
-0.09999999999999964,0.40000000000000036,1.2371328121001663
0.0,0.40000000000000036,1.146344396248308
0.10000000000000009,0.40000000000000036,1.0583839275647464
0.20000000000000018,0.40000000000000036,1.0000158873013525
0.30000000000000027,0.40000000000000036,1.0000158873020857
0.40000000000000036,0.40000000000000036,1.0000158873030087
0.5,0.40000000000000036,1.000015887304171
0.6000000000000001,0.40000000000000036,1.0000158873056337
0.7000000000000002,0.40000000000000036,1.0000158873074756
0.8000000000000003,0.40000000000000036,1.0000158873097944
0.9000000000000004,0.40000000000000036,1.0175053370482892
1.0,0.40000000000000036,1.0509640344818247
1.1000000000000005,0.40000000000000036,1.0904003049447455
1.2000000000000002,0.40000000000000036,1.1322987264059001
1.2999999999999998,0.40000000000000036,1.1753276466302172
1.4000000000000004,0.40000000000000036,1.2182846249503636
1.5,0.40000000000000036,1.2608980874622877
1.6000000000000005,0.40000000000000036,1.3029749521875698
1.7000000000000002,0.40000000000000036,1.3438357731116441
1.8000000000000007,0.40000000000000036,1.3833347919267274
1.9000000000000004,0.40000000000000036,1.4213429090863567
2.0,0.40000000000000036,1.4577497103840213
2.1000000000000005,0.40000000000000036,1.4924650826689179
2.2,0.40000000000000036,1.5254202689777883
2.3000000000000007,0.40000000000000036,1.5565682760616566
2.4000000000000004,0.40000000000000036,1.586239344354071
2.5,0.40000000000000036,1.6145263028479537
2.6000000000000005,0.40000000000000036,1.641059846626077
2.7,0.40000000000000036,1.665850186381022
2.8000000000000007,0.40000000000000036,1.6889243409223327
2.9000000000000004,0.40000000000000036,1.7103345319068868
3.0,0.40000000000000036,1.73110818719107
-3.0,0.5,1.993790534741522
-2.9,0.5,1.9923416379129206
-2.8,0.5,1.9907089489767675
-2.7,0.5,1.9886951380598965
-2.6,0.5,1.986402084395223
-2.5,0.5,1.9836294000428818
-2.4,0.5,1.9804031551763293
-2.3,0.5,1.9766012712560594
-2.2,0.5,1.972071788601511
-2.1,0.5,1.9668739892354385
-2.0,0.5,1.9605681881530224
-1.9,0.5,1.9534440634036958
-1.7999999999999998,0.5,1.944880108088436
-1.7,0.5,1.9349567853727236
-1.5999999999999999,0.5,1.9233408405482775
-1.5,0.5,1.9096071568191197
-1.4,0.5,1.8938758675241627
-1.2999999999999998,0.5,1.8750346917264769
-1.2,0.5,1.8537797432322876
-1.0999999999999999,0.5,1.8282746672981383
-1.0,0.5,1.7996214803459731
-0.8999999999999999,0.5,1.7654951970040367
-0.7999999999999998,0.5,1.7272240328314032
-0.6999999999999997,0.5,1.682497290748176
-0.5999999999999996,0.5,1.631823503252705
-0.5,0.5,1.5745716369144176
-0.3999999999999999,0.5,1.509856574758039
-0.2999999999999998,0.5,1.4379389406358998
-0.19999999999999973,0.5,1.3594208582251666
-0.09999999999999964,0.5,1.275219171696536
0.0,0.5,1.1864986532726578
0.10000000000000009,0.5,1.0976840812449924
0.20000000000000018,0.5,1.0193894545084967
0.30000000000000027,0.5,1.0000210063514972
0.40000000000000036,0.5,1.0000210063521506
0.5,0.5,1.0000210063529733
0.6000000000000001,0.5,1.000021006354009
0.7000000000000002,0.5,1.0000210063553128
0.8000000000000003,0.5,1.0000210063569543
0.9000000000000004,0.5,1.000021006359021
1.0,0.5,1.0000210063616226
1.1000000000000005,0.5,1.0172021005394585
1.2000000000000002,0.5,1.050543898534823
1.2999999999999998,0.5,1.089937964074702
1.4000000000000004,0.5,1.1318836043443945
1.5,0.5,1.17496058282879
1.6000000000000005,0.5,1.218012001807658
1.7000000000000002,0.5,1.260662524822386
1.8000000000000007,0.5,1.302801969930641
1.9000000000000004,0.5,1.3437091995567558
2.0,0.5,1.383242491984991
2.1000000000000005,0.5,1.4212758191552937
2.2,0.5,1.4577010921665798
2.3000000000000007,0.5,1.492429949234964
2.4000000000000004,0.5,1.5253949457047016
2.5,0.5,1.556550066643204
2.6000000000000005,0.5,1.5862278548068256
2.7,0.5,1.6145180585597798
2.8000000000000007,0.5,1.6410539422186186
2.9000000000000004,0.5,1.665845964898556
3.0,0.5,1.6889213271757522
-3.0,0.6000000000000001,1.9931979013188286
-2.9,0.6000000000000001,1.9918155992583026
-2.8,0.6000000000000001,1.990192383183799
-2.7,0.6000000000000001,1.9882980295043626
-2.6,0.6000000000000001,1.986012401497848
-2.5,0.6000000000000001,1.9834237067475122
-2.4,0.6000000000000001,1.9802878349191746
-2.3,0.6000000000000001,1.9766800689624118
-2.2,0.6000000000000001,1.9724240982330152
-2.1,0.6000000000000001,1.967365770280874
-2.0,0.6000000000000001,1.9615944031379267
-1.9,0.6000000000000001,1.9546424286022683
-1.7999999999999998,0.6000000000000001,1.9467070051745443
-1.7,0.6000000000000001,1.9373193187984992
-1.5999999999999999,0.6000000000000001,1.926296695894857
-1.5,0.6000000000000001,1.9136254405939652
-1.4,0.6000000000000001,1.8984274250075406
-1.2999999999999998,0.6000000000000001,1.8813431172996524
-1.2,0.6000000000000001,1.8608763696854762
-1.0999999999999999,0.6000000000000001,1.8376140556478209
-1.0,0.6000000000000001,1.8101513487112713
-0.8999999999999999,0.6000000000000001,1.7788695825093856
-0.7999999999999998,0.6000000000000001,1.7421875367845268
-0.6999999999999997,0.6000000000000001,1.7008535810592411
-0.5999999999999996,0.6000000000000001,1.6527731556627585
-0.5,0.6000000000000001,1.598850955302886
-0.3999999999999999,0.6000000000000001,1.5379992461221839
-0.2999999999999998,0.6000000000000001,1.4698142458785228
-0.19999999999999973,0.6000000000000001,1.394731569117328
-0.09999999999999964,0.6000000000000001,1.3135171785657878
0.0,0.6000000000000001,1.2272183422626766
0.10000000000000009,0.6000000000000001,1.138647569298535
0.20000000000000018,0.6000000000000001,1.053987429728755
0.30000000000000027,0.6000000000000001,1.0000271287655664
0.40000000000000036,0.6000000000000001,1.0000271287660856
0.5,0.6000000000000001,1.000027128766739
0.6000000000000001,0.6000000000000001,1.0000271287675617
0.7000000000000002,0.6000000000000001,1.0000271287685973
0.8000000000000003,0.6000000000000001,1.0000271287699014
0.9000000000000004,0.6000000000000001,1.000027128771543
1.0,0.6000000000000001,1.0000271287736093
1.1000000000000005,0.6000000000000001,1.000027128776211
1.2000000000000002,0.6000000000000001,1.0000271287794864
1.2999999999999998,0.6000000000000001,1.0170688017101486
1.4000000000000004,0.6000000000000001,1.0503332562297454
1.5,0.6000000000000001,1.0897061495448734
1.6000000000000005,0.6000000000000001,1.1316754713359087
1.7000000000000002,0.6000000000000001,1.1747765511402395
1.8000000000000007,0.6000000000000001,1.217875330632205
1.9000000000000004,0.6000000000000001,1.2605444359798061
2.0,0.6000000000000001,1.3027152581190389
2.1000000000000005,0.6000000000000001,1.3436457541466662
2.2,0.6000000000000001,1.3831962278985206
2.3000000000000007,0.6000000000000001,1.4212421920952214
2.4000000000000004,0.6000000000000001,1.457676724028314
2.5,0.6000000000000001,1.4924123401098188
2.6000000000000005,0.6000000000000001,1.5253822536347075
2.7,0.6000000000000001,1.55654094012088
2.8000000000000007,0.6000000000000001,1.5862220963150853
2.9000000000000004,0.6000000000000001,1.6145139265872588
3.0,0.6000000000000001,1.641050982983825
-3.0,0.7000000000000002,1.9929919266315654
-2.9,0.7000000000000002,1.9916987620173414
-2.8,0.7000000000000002,1.990133599642072
-2.7,0.7000000000000002,1.9883154310109183
-2.6,0.7000000000000002,1.9861921188486555
-2.5,0.7000000000000002,1.9836337558290467
-2.4,0.7000000000000002,1.9807550358292587
-2.3,0.7000000000000002,1.977293066481395
-2.2,0.7000000000000002,1.9732602884527877
-2.1,0.7000000000000002,1.9685867372732708
-2.0,0.7000000000000002,1.962968962742854
-1.9,0.7000000000000002,1.9566304741150642
-1.7999999999999998,0.7000000000000002,1.94907064549656
-1.7,0.7000000000000002,1.9402389659057007
-1.5999999999999999,0.7000000000000002,1.9300617973870433
-1.5,0.7000000000000002,1.9178605880376052
-1.4,0.7000000000000002,1.9041341413281607
-1.2999999999999998,0.7000000000000002,1.8877522319779079
-1.2,0.7000000000000002,1.8689265546770868
-1.0999999999999999,0.7000000000000002,1.846952194233652
-1.0,0.7000000000000002,1.821435572148092
-0.8999999999999999,0.7000000000000002,1.792037707316489
-0.7999999999999998,0.7000000000000002,1.7579751484602606
-0.6999999999999997,0.7000000000000002,1.7188528355466695
-0.5999999999999996,0.7000000000000002,1.6742465417355774
-0.5,0.7000000000000002,1.6227394275362665
-0.3999999999999999,0.7000000000000002,1.5656369184749355
-0.2999999999999998,0.7000000000000002,1.5012038900326972
-0.19999999999999973,0.7000000000000002,1.4296443184823064
-0.09999999999999964,0.7000000000000002,1.3515639636051395
0.0,0.7000000000000002,1.2678767010296166
0.10000000000000009,0.7000000000000002,1.1804194318941672
0.20000000000000018,0.7000000000000002,1.0933260241966862
0.30000000000000027,0.7000000000000002,1.0181100737278936
0.40000000000000036,0.7000000000000002,1.0000147204039724
0.5,0.7000000000000002,1.000014720405008
0.6000000000000001,0.7000000000000002,1.000014720406312
0.7000000000000002,0.7000000000000002,1.0000147204079535
0.8000000000000003,0.7000000000000002,1.0000147204100198
0.9000000000000004,0.7000000000000002,1.0000147204126217
1.0,0.7000000000000002,1.000014720415897
1.1000000000000005,0.7000000000000002,1.00001472042002
1.2000000000000002,0.7000000000000002,1.0000147204252108
1.2999999999999998,0.7000000000000002,1.000014720431746
1.4000000000000004,0.7000000000000002,1.0000147204399727
1.5,0.7000000000000002,1.017006639516214
1.6000000000000005,0.7000000000000002,1.0502276660148417
1.7000000000000002,0.7000000000000002,1.0895899431402989
1.8000000000000007,0.7000000000000002,1.1315711378435611
1.9000000000000004,0.7000000000000002,1.1746843007254182
2.0,0.7000000000000002,1.2178068237541895
2.1000000000000005,0.7000000000000002,1.260485244360748
2.2,0.7000000000000002,1.3026717954188676
2.3000000000000007,0.7000000000000002,1.3436139540167704
2.4000000000000004,0.7000000000000002,1.383173039789986
2.5,0.7000000000000002,1.42122533802827
2.6000000000000005,0.7000000000000002,1.457664510699841
2.7,0.7000000000000002,1.4924035144661227
2.8000000000000007,0.7000000000000002,1.5253758924386147
2.9000000000000004,0.7000000000000002,1.5565363659756077
3.0,0.7000000000000002,1.5862192102131163
-3.0,0.8000000000000003,1.9930829030917676
-2.9,0.8000000000000003,1.9918012973176162
-2.8,0.8000000000000003,1.9903553905593476
-2.7,0.8000000000000003,1.9886261992684986
-2.6,0.8000000000000003,1.9865900848467015
-2.5,0.8000000000000003,1.9842561954852596
-2.4,0.8000000000000003,1.9814545164389266
-2.3,0.8000000000000003,1.9782415753212592
-2.2,0.8000000000000003,1.9744724397480462
-2.1,0.8000000000000003,1.9699665955144887
-2.0,0.8000000000000003,1.964891345345004
-1.9,0.8000000000000003,1.9588208711765094
-1.7999999999999998,0.8000000000000003,1.9517552818374104
-1.7,0.8000000000000003,1.9436000410172556
-1.5999999999999999,0.8000000000000003,1.9338381853993223
-1.5,0.8000000000000003,1.9228186728008236
-1.4,0.8000000000000003,1.9097301806107059
-1.2999999999999998,0.8000000000000003,1.8945388784666912
-1.2,0.8000000000000003,1.8769910377579273
-1.0999999999999999,0.8000000000000003,1.8562580264201274
-1.0,0.8000000000000003,1.8327644167158255
-0.8999999999999999,0.8000000000000003,1.8048390058207329
-0.7999999999999998,0.8000000000000003,1.773489854716531
-0.6999999999999997,0.8000000000000003,1.7365038170518465
-0.5999999999999996,0.8000000000000003,1.6949299256337946
-0.5,0.8000000000000003,1.64695235594237
-0.3999999999999999,0.8000000000000003,1.592403245307219
-0.2999999999999998,0.8000000000000003,1.5317299967532476
-0.19999999999999973,0.8000000000000003,1.463775005749571
-0.09999999999999964,0.8000000000000003,1.3889782197631826
0.0,0.8000000000000003,1.3081058095557652
0.10000000000000009,0.8000000000000003,1.2222001368797535
0.20000000000000018,0.8000000000000003,1.1347752577605177
0.30000000000000027,0.8000000000000003,1.0519726333224935
0.40000000000000036,0.8000000000000003,1.000014720402501
0.5,0.8000000000000003,1.0000147204031546
0.6000000000000001,0.8000000000000003,1.0000147204039773
0.7000000000000002,0.8000000000000003,1.000014720405013
0.8000000000000003,0.8000000000000003,1.000014720406317
0.9000000000000004,0.8000000000000003,1.0000147204079584
1.0,0.8000000000000003,1.000014720410025
1.1000000000000005,0.8000000000000003,1.0000147204126266
1.2000000000000002,0.8000000000000003,1.0000147204159018
1.2999999999999998,0.8000000000000003,1.0000147204200251
1.4000000000000004,0.8000000000000003,1.0000147204252159
1.5,0.8000000000000003,1.0000147204317509
1.6000000000000005,0.8000000000000003,1.0000147204399779
1.7000000000000002,0.8000000000000003,1.0169754830454687
1.8000000000000007,0.8000000000000003,1.0501747407783888
1.9000000000000004,0.8000000000000003,1.089531695963568
2.0,0.8000000000000003,1.1315188422330071
2.1000000000000005,0.8000000000000003,1.174638061954792
2.2,0.8000000000000003,1.217772486713013
2.3000000000000007,0.8000000000000003,1.2604555765186964
2.4000000000000004,0.8000000000000003,1.3026500115019335
2.5,0.8000000000000003,1.343598015670022
2.6000000000000005,0.8000000000000003,1.3831614179198906
2.7,0.8000000000000003,1.4212168908309082
2.8000000000000007,0.8000000000000003,1.4576583894529707
2.9000000000000004,0.8000000000000003,1.492399091122221
3.0,0.8000000000000003,1.525372704265068
-3.0,0.9000000000000004,1.9932769102582095
-2.9,0.9000000000000004,1.9921093656382927
-2.8,0.9000000000000004,1.9907088376697826
-2.7,0.9000000000000004,1.989088977954008
-2.6,0.9000000000000004,1.9872051525858279
-2.5,0.9000000000000004,1.9849468898304854
-2.4,0.9000000000000004,1.982388585092227
-2.3,0.9000000000000004,1.979358609145538
-2.2,0.9000000000000004,1.9757657426034345
-2.1,0.9000000000000004,1.9716945181310332
-2.0,0.9000000000000004,1.9668310540555356
-1.9,0.9000000000000004,1.9611857005183524
-1.7999999999999998,0.9000000000000004,1.9546626103154083
-1.7,0.9000000000000004,1.946864679894246
-1.5999999999999999,0.9000000000000004,1.938034314057157
-1.5,0.9000000000000004,1.9275910790641269
-1.4,0.9000000000000004,1.9153641154519698
-1.2999999999999998,0.9000000000000004,1.9013697171940913
-1.2,0.9000000000000004,1.8846564776303156
-1.0999999999999999,0.9000000000000004,1.865839130309424
-1.0,0.9000000000000004,1.8434979435101895
-0.8999999999999999,0.9000000000000004,1.8179983658536005
-0.7999999999999998,0.9000000000000004,1.788198092248688
-0.6999999999999997,0.9000000000000004,1.7541691034432867
-0.5999999999999996,0.9000000000000004,1.7146119038554184
-0.5,0.9000000000000004,1.6700686428478413
-0.3999999999999999,0.9000000000000004,1.6186478381651699
-0.2999999999999998,0.9000000000000004,1.5611113497393279
-0.19999999999999973,0.9000000000000004,1.4968243255408744
-0.09999999999999964,0.9000000000000004,1.425449248857803
0.0,0.9000000000000004,1.3475935342526413
0.10000000000000009,0.9000000000000004,1.2641693589949352
0.20000000000000018,0.9000000000000004,1.1775178022363741
0.30000000000000027,0.9000000000000004,1.0913220408755704
0.40000000000000036,0.9000000000000004,1.0175053370482905
0.5,0.9000000000000004,1.000009316034935
0.6000000000000001,0.9000000000000004,1.0000093160353976
0.7000000000000002,0.9000000000000004,1.00000931603598
0.8000000000000003,0.9000000000000004,1.0000093160367132
0.9000000000000004,0.9000000000000004,1.0000093160376364
1.0,0.9000000000000004,1.0000093160387984
1.1000000000000005,0.9000000000000004,1.0000093160402614
1.2000000000000002,0.9000000000000004,1.000009316042103
1.2999999999999998,0.9000000000000004,1.000009316044422
1.4000000000000004,0.9000000000000004,1.000009316047341
1.5,0.9000000000000004,1.0000093160510157
1.6000000000000005,0.9000000000000004,1.000009316055642
1.7000000000000002,0.9000000000000004,1.0000093160614663
1.8000000000000007,0.9000000000000004,1.0000093160687986
1.9000000000000004,0.9000000000000004,1.0169598674250127
2.0,0.9000000000000004,1.0501482141275624
2.1000000000000005,0.9000000000000004,1.0895025017122946
2.2,0.9000000000000004,1.1314926310855078
2.3000000000000007,0.9000000000000004,1.1746148866582444
2.4000000000000004,0.9000000000000004,1.2177552768564677
2.5,0.9000000000000004,1.26044070693333
2.6000000000000005,0.9000000000000004,1.3026390934380883
2.7,0.9000000000000004,1.3435900274415666
2.8000000000000007,0.9000000000000004,1.3831555931150945
2.9000000000000004,0.9000000000000004,1.421212657164708
3.0,0.9000000000000004,1.457655321541445
-3.0,1.0,1.9935871601297102
-2.9,1.0,1.9924576116407884
-2.8,1.0,1.9911693070270282
-2.7,1.0,1.9896539765344297
-2.6,1.0,1.9878395703759093
-2.5,1.0,1.9858033195405789
-2.4,1.0,1.9833737022879336
-2.3,1.0,1.9805109421193405
-2.2,1.0,1.9772518245951518
-2.1,1.0,1.973362380454218
-2.0,1.0,1.9688567123701157
-1.9,1.0,1.9636466710179388
-1.7999999999999998,1.0,1.957425140339897
-1.7,1.0,1.9503600986400391
-1.5999999999999999,1.0,1.9420358216307427
-1.5,1.0,1.932217003445877
-1.4,1.0,1.921066817566673
-1.2999999999999998,1.0,1.9077670478855457
-1.2,1.0,1.8925792928746545
-1.0999999999999999,1.0,1.8747965217329126
-1.0,1.0,1.8540708918202202
-0.8999999999999999,1.0,1.8303177441079541
-0.7999999999999998,1.0,1.8024072140162912
-0.6999999999999997,1.0,1.7707744550799975
-0.5999999999999996,1.0,1.7338172270392551
-0.5,1.0,1.6919387950758618
-0.3999999999999999,1.0,1.6440142388390477
-0.2999999999999998,1.0,1.5891466162729053
-0.19999999999999973,1.0,1.5285650498450853
-0.09999999999999964,1.0,1.4607278013455935
0.0,1.0,1.3860769187906785
0.10000000000000009,1.0,1.3053785797700117
0.20000000000000018,1.0,1.219911923084362
0.30000000000000027,1.0,1.1331263758088854
0.40000000000000036,1.0,1.0509640344818252
0.5,1.0,1.0000109291560495
0.6000000000000001,1.0,1.0000109291564172
0.7000000000000002,1.0,1.0000109291568797
0.8000000000000003,1.0,1.0000109291574621
0.9000000000000004,1.0,1.0000109291581953
1.0,1.0,1.0000109291591184
1.1000000000000005,1.0,1.0000109291602806
1.2000000000000002,1.0,1.0000109291617434
1.2999999999999998,1.0,1.0000109291635852
1.4000000000000004,1.0,1.000010929165904
1.5,1.0,1.000010929168823
1.6000000000000005,1.0,1.000010929172498
1.7000000000000002,1.0,1.0000109291771242
1.8000000000000007,1.0,1.0000109291829486
1.9000000000000004,1.0,1.0000109291902808
2.0,1.0,1.0000109291995116
2.1000000000000005,1.0,1.0169520409761506
2.2,1.0,1.0501349190078815
2.3000000000000007,1.0,1.0894878695469714
2.4000000000000004,1.0,1.1314794940777146
2.5,1.0,1.174603271240505
2.6000000000000005,1.0,1.2177466513529278
2.7,1.0,1.260433254376026
2.8000000000000007,1.0,1.3026336213828895
2.9000000000000004,1.0,1.3435860238101536
3.0,1.0,1.383152673779238
-3.0,1.1000000000000005,1.993906461963253
-2.9,1.1000000000000005,1.992882105014251
-2.8,1.1000000000000005,1.9916664532652673
-2.7,1.1000000000000005,1.9902229198009778
-2.6,1.1000000000000005,1.9885921160663413
-2.5,1.1000000000000005,1.986647773303498
-2.4,1.1000000000000005,1.9843681364719885
-2.3,1.1000000000000005,1.9817633656199802
-2.2,1.1000000000000005,1.9786572858712574
-2.1,1.1000000000000005,1.9750644917794578
-2.0,1.1000000000000005,1.9709079577946982
-1.9,1.1000000000000005,1.9659488486530488
-1.7999999999999998,1.1000000000000005,1.9603037211033716
-1.7,1.1000000000000005,1.9536735013825701
-1.5999999999999999,1.1000000000000005,1.9458038827520587
-1.5,1.1000000000000005,1.9369258446916744
-1.4,1.1000000000000005,1.9263483763938214
-1.2999999999999998,1.1000000000000005,1.914122902281655
-1.2,1.1000000000000005,1.8999787938864523
-1.0999999999999999,1.1000000000000005,1.8831948387561472
-1.0,1.1000000000000005,1.8642851302276764
-0.8999999999999999,1.1000000000000005,1.8417584961559066
-0.7999999999999998,1.1000000000000005,1.8162677090016368
-0.6999999999999997,1.1000000000000005,1.7862638830689204
-0.5999999999999996,1.1000000000000005,1.7522521377904159
-0.5,1.1000000000000005,1.7124748561774732
-0.3999999999999999,1.1000000000000005,1.6679638705831683
-0.2999999999999998,1.1000000000000005,1.6165871186068703
-0.19999999999999973,1.1000000000000005,1.5588310867637385
-0.09999999999999964,1.1000000000000005,1.4946184304020271
0.0,1.1000000000000005,1.4233371092036784
0.10000000000000009,1.1000000000000005,1.3455953239073264
0.20000000000000018,1.1000000000000005,1.2623043467226145
0.30000000000000027,1.1000000000000005,1.1760595272629295
0.40000000000000036,1.1000000000000005,1.0904003049447446
0.5,1.1000000000000005,1.017202100539459
0.6000000000000001,1.1000000000000005,1.000006968474904
0.7000000000000002,1.1000000000000005,1.0000069684754231
0.8000000000000003,1.1000000000000005,1.0000069684760764
0.9000000000000004,1.1000000000000005,1.000006968476899
1.0,1.1000000000000005,1.000006968477935
1.1000000000000005,1.1000000000000005,1.0000069684792388
1.2000000000000002,1.1000000000000005,1.00000696848088
1.2999999999999998,1.1000000000000005,1.0000069684829467
1.4000000000000004,1.1000000000000005,1.0000069684855484
1.5,1.1000000000000005,1.0000069684888235
1.6000000000000005,1.1000000000000005,1.000006968492947
1.7000000000000002,1.1000000000000005,1.0000069684981376
1.8000000000000007,1.1000000000000005,1.0000069685046724
1.9000000000000004,1.1000000000000005,1.0000069685128994
2.0,1.1000000000000005,1.0000069685232564
2.1000000000000005,1.1000000000000005,1.0000069685362953
2.2,1.1000000000000005,1.0000069685527102
2.3000000000000007,1.1000000000000005,1.0169481184349713
2.4000000000000004,1.1000000000000005,1.0501282555880347
2.5,1.1000000000000005,1.089480535997234
2.6000000000000005,1.1000000000000005,1.131472909897921
2.7,1.1000000000000005,1.1745974496773746
2.8000000000000007,1.1000000000000005,1.2177423283247109
2.9000000000000004,1.1000000000000005,1.2604295192215784
3.0,1.1000000000000005,1.3026308788433623
-3.0,1.2000000000000002,1.9942807567914935
-2.9,1.2000000000000002,1.993307561544397
-2.8,1.2000000000000002,1.992159460095639
-2.7,1.2000000000000002,1.990855629892917
-2.6,1.2000000000000002,1.9893020685593403
-2.5,1.2000000000000002,1.9874876717543644
-2.4,1.2000000000000002,1.985408540745504
-2.3,1.2000000000000002,1.982930827161635
-2.2,1.2000000000000002,1.980068096578118
-2.1,1.2000000000000002,1.9767550466525705
-2.0,1.2000000000000002,1.9728051191896585
-1.9,1.2000000000000002,1.9682995436369846
-1.7999999999999998,1.2000000000000002,1.9630217148806048
-1.7,1.2000000000000002,1.9567247457162975
-1.5999999999999999,1.2000000000000002,1.9496594297100922
-1.5,1.2000000000000002,1.9412500749489339
-1.4,1.2000000000000002,1.9314318753493145
-1.2999999999999998,1.2000000000000002,1.9201866083293697
-1.2,1.2000000000000002,1.9067804005682647
-1.0999999999999999,1.2000000000000002,1.8915944697247074
-1.0,1.2000000000000002,1.8736932913304496
-0.8999999999999999,1.2000000000000002,1.8529714416263532
-0.7999999999999998,1.2000000000000002,1.8290874287407333
-0.6999999999999997,1.2000000000000002,1.8011844950839757
-0.5999999999999996,1.2000000000000002,1.7694086815767993
-0.5,1.2000000000000002,1.7324661239753119
-0.3999999999999999,1.2000000000000002,1.6904340355897025
-0.2999999999999998,1.2000000000000002,1.642536422111597
-0.19999999999999973,1.2000000000000002,1.5876680403387333
-0.09999999999999964,1.2000000000000002,1.5269730229657021
0.0,1.2000000000000002,1.4591954131293503
0.10000000000000009,1.2000000000000002,1.3846183214613907
0.20000000000000018,1.2000000000000002,1.3040079041226644
0.30000000000000027,1.2000000000000002,1.2188282943522881
0.40000000000000036,1.2000000000000002,1.1322987264059006
0.5,1.2000000000000002,1.0505438985348223
0.6000000000000001,1.2000000000000002,1.0000073031127559
0.7000000000000002,1.2000000000000002,1.0000073031130476
0.8000000000000003,1.2000000000000002,1.0000073031134151
0.9000000000000004,1.2000000000000002,1.0000073031138779
1.0,1.2000000000000002,1.0000073031144603
1.1000000000000005,1.2000000000000002,1.0000073031151933
1.2000000000000002,1.2000000000000002,1.0000073031161165
1.2999999999999998,1.2000000000000002,1.0000073031172785
1.4000000000000004,1.2000000000000002,1.0000073031187418
1.5,1.2000000000000002,1.0000073031205834
1.6000000000000005,1.2000000000000002,1.0000073031229022
1.7000000000000002,1.2000000000000002,1.000007303125821
1.8000000000000007,1.2000000000000002,1.0000073031294958
1.9000000000000004,1.2000000000000002,1.0000073031341221
2.0,1.2000000000000002,1.0000073031399463
2.1000000000000005,1.2000000000000002,1.0000073031472787
2.2,1.2000000000000002,1.0000073031565093
2.3000000000000007,1.2000000000000002,1.0000073031681302
2.4000000000000004,1.2000000000000002,1.00000730318276
2.5,1.2000000000000002,1.0169461525011454
2.6000000000000005,1.2000000000000002,1.050124915948086
2.7,1.2000000000000002,1.0894768604917935
2.8000000000000007,1.2000000000000002,1.1314696099711719
2.9000000000000004,1.2000000000000002,1.1745945319681657
3.0,1.2000000000000002,1.2177401616691246
-3.0,1.2999999999999998,1.9946380113869513
-2.9,1.2999999999999998,1.993725113975796
-2.8,1.2999999999999998,1.9926841168580278
-2.7,1.2999999999999998,1.9914443243002762
-2.6,1.2999999999999998,1.9900007946350131
-2.5,1.2999999999999998,1.9883429107119122
-2.4,1.2999999999999998,1.9863681899016297
-2.3,1.2999999999999998,1.9840885650845135
-2.2,1.2999999999999998,1.9814497226517738
-2.1,1.2999999999999998,1.9783054259779849
-2.0,1.2999999999999998,1.9747126695453434
-1.9,1.2999999999999998,1.970513286343672
-1.7999999999999998,1.2999999999999998,1.9655061242795502
-1.7,1.2999999999999998,1.9598611133670307
-1.5999999999999999,1.2999999999999998,1.953177056656143
-1.5,1.2999999999999998,1.9453076926826658
-1.4,1.2999999999999998,1.936369405003532
-1.2999999999999998,1.2999999999999998,1.9257244372825686
-1.2,1.2999999999999998,1.9134997245464198
-1.0999999999999999,1.2999999999999998,1.899280310880124
-1.0,1.2999999999999998,1.8824979571245037
-0.8999999999999999,1.2999999999999998,1.8635046134365427
-0.7999999999999998,1.2999999999999998,1.8408846308730922
-0.6999999999999997,1.2999999999999998,1.8153983123419162
-0.5999999999999996,1.2999999999999998,1.7852919948639412
-0.5,1.2999999999999998,1.7512889980911543
-0.3999999999999999,1.2999999999999998,1.7114008763146513
-0.2999999999999998,1.2999999999999998,1.6669062404747887
-0.19999999999999973,1.2999999999999998,1.6155517690022285
-0.09999999999999964,1.2999999999999998,1.557685188294472
0.0,1.2999999999999998,1.493510106692538
0.10000000000000009,1.2999999999999998,1.4222761013271528
0.20000000000000018,1.2999999999999998,1.3445917559738125
0.30000000000000027,1.2999999999999998,1.2613678755839206
0.40000000000000036,1.2999999999999998,1.175327646630217
0.5,1.2999999999999998,1.0899379640747013
0.6000000000000001,1.2999999999999998,1.017068801710149
0.7000000000000002,1.2999999999999998,1.0000029409104862
0.8000000000000003,1.2999999999999998,1.0000029409111397
0.9000000000000004,1.2999999999999998,1.0000029409119622
1.0,1.2999999999999998,1.000002940912998
1.1000000000000005,1.2999999999999998,1.0000029409143019
1.2000000000000002,1.2999999999999998,1.0000029409159434
1.2999999999999998,1.2999999999999998,1.00000294091801
1.4000000000000004,1.2999999999999998,1.0000029409206115
1.5,1.2999999999999998,1.0000029409238866
1.6000000000000005,1.2999999999999998,1.00000294092801
1.7000000000000002,1.2999999999999998,1.0000029409332007
1.8000000000000007,1.2999999999999998,1.0000029409397355
1.9000000000000004,1.2999999999999998,1.0000029409479625
2.0,1.2999999999999998,1.0000029409583195
2.1000000000000005,1.2999999999999998,1.0000029409713582
2.2,1.2999999999999998,1.0000029409877733
2.3000000000000007,1.2999999999999998,1.0000029410084381
2.4000000000000004,1.2999999999999998,1.0000029410344538
2.5,1.2999999999999998,1.0000029410672058
2.6000000000000005,1.2999999999999998,1.000002941108438
2.7,1.2999999999999998,1.016945167198637
2.8000000000000007,1.2999999999999998,1.0501232421584086
2.9000000000000004,1.2999999999999998,1.0894750183693802
3.0,1.2999999999999998,1.131467956085014
-3.0,1.4000000000000004,1.9949860632528496
-2.9,1.4000000000000004,1.9941558062752474
-2.8,1.4000000000000004,1.9931673717045404
-2.7,1.4000000000000004,1.9920192717920864
-2.6,1.4000000000000004,1.990698345291701
-2.5,1.4000000000000004,1.9891256041689405
-2.4,1.4000000000000004,1.9873112122221273
-2.3,1.4000000000000004,1.9852105664283282
-2.2,1.4000000000000004,1.982708717687685
-2.1,1.4000000000000004,1.9798460023590718
-2.0,1.4000000000000004,1.976505884833565
-1.9,1.4000000000000004,1.9725255970023612
-1.7999999999999998,1.4000000000000004,1.9680200688962142
-1.7,1.4000000000000004,1.9627082075604068
-1.5999999999999999,1.4000000000000004,1.9564113425079268
-1.5,1.4000000000000004,1.9493079056207856
-1.4,1.4000000000000004,1.9408558204684574
-1.2999999999999998,1.4000000000000004,1.9310379356340142
-1.2,1.4000000000000004,1.91974490402028
-1.0999999999999999,1.4000000000000004,1.9062852124400587
-1.0,1.4000000000000004,1.8911002075699035
-0.8999999999999999,1.4000000000000004,1.8731395175643157
-0.7999999999999998,1.4000000000000004,1.8524195828651908
-0.6999999999999997,1.4000000000000004,1.8284697829980756
-0.5999999999999996,1.4000000000000004,1.8005706915760844
-0.5,1.4000000000000004,1.7687229500295927
-0.3999999999999999,1.4000000000000004,1.7317878036191132
-0.2999999999999998,1.4000000000000004,1.689678445646485
-0.19999999999999973,1.4000000000000004,1.6417944299505396
-0.09999999999999964,1.4000000000000004,1.5869443093790967
0.0,1.4000000000000004,1.5261736573419944
0.10000000000000009,1.4000000000000004,1.4584260963762015
0.20000000000000018,1.4000000000000004,1.3838861560792988
0.30000000000000027,1.4000000000000004,1.3033199755822245
0.40000000000000036,1.4000000000000004,1.2182846249503638
0.5,1.4000000000000004,1.1318836043443945
0.6000000000000001,1.4000000000000004,1.050333256229746
0.7000000000000002,1.4000000000000004,1.0000027042042103
0.8000000000000003,1.4000000000000004,1.0000027042046729
0.9000000000000004,1.4000000000000004,1.0000027042052553
1.0,1.4000000000000004,1.0000027042059885
1.1000000000000005,1.4000000000000004,1.0000027042069115
1.2000000000000002,1.4000000000000004,1.0000027042080737
1.2999999999999998,1.4000000000000004,1.0000027042095365
1.4000000000000004,1.4000000000000004,1.0000027042113784
1.5,1.4000000000000004,1.000002704213697
1.6000000000000005,1.4000000000000004,1.0000027042166162
1.7000000000000002,1.4000000000000004,1.000002704220291
1.8000000000000007,1.4000000000000004,1.0000027042249173
1.9000000000000004,1.4000000000000004,1.0000027042307413
2.0,1.4000000000000004,1.0000027042380737
2.1000000000000005,1.4000000000000004,1.0000027042473043
2.2,1.4000000000000004,1.0000027042589252
2.3000000000000007,1.4000000000000004,1.0000027042735549
2.4000000000000004,1.4000000000000004,1.0000027042919726
2.5,1.4000000000000004,1.0000027043151591
2.6000000000000005,1.4000000000000004,1.0000027043443493
2.7,1.4000000000000004,1.0000027043810973
2.8000000000000007,1.4000000000000004,1.0000027044273605
2.9000000000000004,1.4000000000000004,1.0169446733772025
3.0,1.4000000000000004,1.0501224032751941
-3.0,1.5,1.9953369769274825
-2.9,1.5,1.9945495432429903
-2.8,1.5,1.9936366464510165
-2.7,1.5,1.9925848583606083
-2.6,1.5,1.9913329591611197
-2.5,1.5,1.9898894314537843
-2.4,1.5,1.988217965780434
-2.3,1.5,1.986228007932255
-2.2,1.5,1.9839483892719
-2.1,1.5,1.981292455637506
-2.0,1.5,1.9781289863399336
-1.9,1.5,1.9745362491209886
-1.7999999999999998,1.5,1.9703153669885178
-1.7,1.5,1.965284092002064
-1.5999999999999999,1.5,1.9596391403968956
-1.5,1.5,1.9529280647536154
-1.4,1.5,1.9450588299176323
-1.2999999999999998,1.5,1.936090300813296
-1.2,1.5,1.9254114469610382
-1.0999999999999999,1.5,1.913187119563683
-1.0,1.5,1.8989298951958853
-0.8999999999999999,1.5,1.8821483505969534
-0.7999999999999998,1.5,1.8631130073981637
-0.6999999999999997,1.5,1.8404461377116268
-0.5999999999999996,1.5,1.8149620746856898
-0.5,1.5,1.784804270260356
-0.3999999999999999,1.5,1.7508056849619549
-0.2999999999999998,1.5,1.7108618758030618
-0.19999999999999973,1.5,1.666375478128139
-0.09999999999999964,1.5,1.6150322243203972
0.0,1.5,1.557110107626361
0.10000000000000009,1.5,1.4929539343973315
0.20000000000000018,1.5,1.4217437255873178
0.30000000000000027,1.5,1.3440882541682313
0.40000000000000036,1.5,1.2608980874622866
0.5,1.5,1.1749605828287903
0.6000000000000001,1.5,1.0897061495448737
0.7000000000000002,1.5,1.017006639516213
0.8000000000000003,1.5,1.0000010994785913
0.9000000000000004,1.5,1.0000010994788515
1.0,1.5,1.000001099479179
1.1000000000000005,1.5,1.0000010994795914
1.2000000000000002,1.5,1.0000010994801105
1.2999999999999998,1.5,1.000001099480764
1.4000000000000004,1.5,1.0000010994815864
1.5,1.5,1.000001099482622
1.6000000000000005,1.5,1.0000010994839261
1.7000000000000002,1.5,1.0000010994855677
1.8000000000000007,1.5,1.0000010994876343
1.9000000000000004,1.5,1.0000010994902357
2.0,1.5,1.000001099493511
2.1000000000000005,1.5,1.000001099497634
2.2,1.5,1.000001099502825
2.3000000000000007,1.5,1.0000010995093598
2.4000000000000004,1.5,1.0000010995175865
2.5,1.5,1.0000010995279436
2.6000000000000005,1.5,1.0000010995409825
2.7,1.5,1.0000010995573971
2.8000000000000007,1.5,1.0000010995780624
2.9000000000000004,1.5,1.000001099604078
3.0,1.5,1.0000010996368296
-3.0,1.6000000000000005,1.9956559663574498
-2.9,1.6000000000000005,1.994930238161246
-2.8,1.6000000000000005,1.9940931709677368
-2.7,1.6000000000000005,1.9930970956200926
-2.6,1.6000000000000005,1.9919489964946715
-2.5,1.6000000000000005,1.990619497753369
-2.4,1.6000000000000005,1.9890371391934802
-2.3,1.6000000000000005,1.987222749724341
-2.2,1.6000000000000005,1.9851113150135584
-2.1,1.6000000000000005,1.9825973625243487
-2.0,1.6000000000000005,1.9797346549487804
-1.9,1.6000000000000005,1.9763809620896553
-1.7999999999999998,1.6000000000000005,1.972385446232787
-1.7,1.6000000000000005,1.9678799421757511
-1.5999999999999999,1.6000000000000005,1.9625510094544782
-1.5,1.6000000000000005,1.9562541970596758
-1.4,1.6000000000000005,1.9491316362611077
-1.2999999999999998,1.6000000000000005,1.9406581124048805
-1.2,1.6000000000000005,1.9308403865199246
-1.0999999999999999,1.6000000000000005,1.919523387926567
-1.0,1.6000000000000005,1.9060368560910383
-0.8999999999999999,1.6000000000000005,1.89085231826092
-0.7999999999999998,1.6000000000000005,1.8728617596382173
-0.6999999999999997,1.6000000000000005,1.8521427898594816
-0.5999999999999996,1.6000000000000005,1.828159968266865
-0.5,1.6000000000000005,1.8002628113458494
-0.3999999999999999,1.6000000000000005,1.7683789622112933
-0.2999999999999998,1.6000000000000005,1.7314475449568811
-0.19999999999999973,1.6000000000000005,1.6892993952077358
-0.09999999999999964,1.6000000000000005,1.641422218351276
0.0,1.6000000000000005,1.5865812773713406
0.10000000000000009,1.6000000000000005,1.5257726574536563
0.20000000000000018,1.6000000000000005,1.4580401966074168
0.30000000000000027,1.6000000000000005,1.3835189185154755
0.40000000000000036,1.6000000000000005,1.3029749521875702
0.5,1.6000000000000005,1.2180120018076586
0.6000000000000001,1.6000000000000005,1.1316754713359092
0.7000000000000002,1.6000000000000005,1.050227666014842
0.8000000000000003,1.6000000000000005,1.0000027042033213
0.9000000000000004,1.6000000000000005,1.000002704203553
1.0,1.6000000000000005,1.000002704203845
1.1000000000000005,1.6000000000000005,1.0000027042042123
1.2000000000000002,1.6000000000000005,1.0000027042046749
1.2999999999999998,1.6000000000000005,1.0000027042052573
1.4000000000000004,1.6000000000000005,1.0000027042059905
1.5,1.6000000000000005,1.0000027042069137
1.6000000000000005,1.6000000000000005,1.000002704208076
1.7000000000000002,1.6000000000000005,1.000002704209539
1.8000000000000007,1.6000000000000005,1.0000027042113806
1.9000000000000004,1.6000000000000005,1.0000027042136992
2.0,1.6000000000000005,1.0000027042166182
2.1000000000000005,1.6000000000000005,1.000002704220293
2.2,1.6000000000000005,1.0000027042249193
2.3000000000000007,1.6000000000000005,1.0000027042307436
2.4000000000000004,1.6000000000000005,1.0000027042380757
2.5,1.6000000000000005,1.0000027042473065
2.6000000000000005,1.6000000000000005,1.0000027042589272
2.7,1.6000000000000005,1.000002704273557
2.8000000000000007,1.6000000000000005,1.0000027042919748
2.9000000000000004,1.6000000000000005,1.0000027043151614
3.0,1.6000000000000005,1.0000027043443513
-3.0,1.7000000000000002,1.995963370887555
-2.9,1.7000000000000002,1.995297453757593
-2.8,1.7000000000000002,1.9945051982694992
-2.7,1.7000000000000002,1.9935923017932493
-2.6,1.7000000000000002,1.9925351038911483
-2.5,1.7000000000000002,1.991277135093183
-2.4,1.7000000000000002,1.9898336083806867
-2.3,1.7000000000000002,1.9881553333183561
-2.2,1.7000000000000002,1.9861577358579487
-2.1,1.7000000000000002,1.9838781203173037
-2.0,1.7000000000000002,1.9812136170300614
-1.9,1.7000000000000002,1.9780405339345997
-1.7999999999999998,1.7000000000000002,1.9744478064306725
-1.7,1.7000000000000002,1.9702161434124257
-1.5999999999999999,1.7000000000000002,1.9651845552502452
-1.5,1.7000000000000002,1.9595278542742733
-1.4,1.7000000000000002,1.9528032279025573
-1.2999999999999998,1.7000000000000002,1.944934058167706
-1.2,1.7000000000000002,1.9359503611071758
-1.0999999999999999,1.7000000000000002,1.9252545098001839
-1.0,1.7000000000000002,1.9130303764727472
-0.8999999999999999,1.7000000000000002,1.8987541845891929
-0.7999999999999998,1.7000000000000002,1.8819730471826437
-0.6999999999999997,1.7000000000000002,1.862916633571087
-0.5999999999999996,1.7000000000000002,1.8402262389727198
-0.5,1.7000000000000002,1.8147433103782749
-0.3999999999999999,1.7000000000000002,1.7845596712735399
-0.2999999999999998,1.7000000000000002,1.7505633037082828
-0.19999999999999973,1.7000000000000002,1.7105915505799096
-0.09999999999999964,1.7000000000000002,1.6661092928195143
0.0,1.7000000000000002,1.614771673995624
0.10000000000000009,1.7000000000000002,1.5568216905711478
0.20000000000000018,1.7000000000000002,1.4926750132125883
0.30000000000000027,1.7000000000000002,1.4214767516944116
0.40000000000000036,1.7000000000000002,1.3438357731116453
0.5,1.7000000000000002,1.2606625248223875
0.6000000000000001,1.7000000000000002,1.1747765511402393
0.7000000000000002,1.7000000000000002,1.089589943140299
0.8000000000000003,1.7000000000000002,1.0169754830454691
0.9000000000000004,1.7000000000000002,1.0000013970602064
1.0,1.7000000000000002,1.000001397060534
1.1000000000000005,1.7000000000000002,1.0000013970609463
1.2000000000000002,1.7000000000000002,1.0000013970614652
1.2999999999999998,1.7000000000000002,1.0000013970621187
1.4000000000000004,1.7000000000000002,1.0000013970629416
1.5,1.7000000000000002,1.0000013970639772
1.6000000000000005,1.7000000000000002,1.000001397065281
1.7000000000000002,1.7000000000000002,1.0000013970669226
1.8000000000000007,1.7000000000000002,1.000001397068989
1.9000000000000004,1.7000000000000002,1.0000013970715906
2.0,1.7000000000000002,1.0000013970748658
2.1000000000000005,1.7000000000000002,1.000001397078989
2.2,1.7000000000000002,1.00000139708418
2.3000000000000007,1.7000000000000002,1.0000013970907147
2.4000000000000004,1.7000000000000002,1.0000013970989416
2.5,1.7000000000000002,1.0000013971092987
2.6000000000000005,1.7000000000000002,1.0000013971223374
2.7,1.7000000000000002,1.000001397138752
2.8000000000000007,1.7000000000000002,1.000001397159417
2.9000000000000004,1.7000000000000002,1.0000013971854327
3.0,1.7000000000000002,1.0000013972181847
-3.0,1.8000000000000007,1.9962579548963248
-2.9,1.8000000000000007,1.9956279850709515
-2.8,1.8000000000000007,1.9949022570011994
-2.7,1.8000000000000007,1.9940617760107018
-2.6,1.8000000000000007,1.9930618704437217
-2.5,1.8000000000000007,1.9919137717170383
-2.4,1.8000000000000007,1.9905799757244476
-2.3,1.8000000000000007,1.988992795828743
-2.2,1.8000000000000007,1.9871784076121457
-2.1,1.8000000000000007,1.9850615641307048
-2.0,1.8000000000000007,1.982541543508242
-1.9,1.8000000000000007,1.9796788398454197
-1.7999999999999998,1.8000000000000007,1.9763183408402638
-1.7,1.8000000000000007,1.9723151899261255
-1.5999999999999999,1.8000000000000007,1.9678096979899613
-1.5,1.8000000000000007,1.9624722056151807
-1.4,1.8000000000000007,1.9561754197319692
-1.2999999999999998,1.8000000000000007,1.949043269694485
-1.2,1.8000000000000007,1.940558995306752
-1.0999999999999999,1.8000000000000007,1.9307413493853516
-1.0,1.8000000000000007,1.9194123318134693
-0.8999999999999999,1.8000000000000007,1.9059123392210806
-0.7999999999999998,1.8000000000000007,1.8907280362086187
-0.6999999999999997,1.8000000000000007,1.8727224972134937
-0.5999999999999996,1.8000000000000007,1.8520040123348736
-0.5,1.8000000000000007,1.8280046280655853
-0.3999999999999999,1.8000000000000007,1.8001084429116168
-0.2999999999999998,1.8000000000000007,1.7682064824810384
-0.19999999999999973,1.8000000000000007,1.731276937946793
-0.09999999999999964,1.8000000000000007,1.6891093298401019
0.0,1.8000000000000007,1.6412355865133341
0.10000000000000009,1.8000000000000007,1.586399253099502
0.20000000000000018,1.8000000000000007,1.5255715888816261
0.30000000000000027,1.8000000000000007,1.457846706089711
0.40000000000000036,1.8000000000000007,1.3833347919267278
0.5,1.8000000000000007,1.3028019699306408
0.6000000000000001,1.8000000000000007,1.2178753306322045
0.7000000000000002,1.8000000000000007,1.131571137843561
0.8000000000000003,1.8000000000000007,1.0501747407783897
0.9000000000000004,1.8000000000000007,1.0000008406156184
1.0,1.8000000000000007,1.0000008406157825
1.1000000000000005,1.8000000000000007,1.000000840615989
1.2000000000000002,1.8000000000000007,1.0000008406162493
1.2999999999999998,1.8000000000000007,1.0000008406165768
1.4000000000000004,1.8000000000000007,1.0000008406169891
1.5,1.8000000000000007,1.000000840617508
1.6000000000000005,1.8000000000000007,1.0000008406181615
1.7000000000000002,1.8000000000000007,1.0000008406189842
1.8000000000000007,1.8000000000000007,1.00000084062002
1.9000000000000004,1.8000000000000007,1.0000008406213239
2.0,1.8000000000000007,1.0000008406229655
2.1000000000000005,1.8000000000000007,1.000000840625032
2.2,1.8000000000000007,1.0000008406276333
2.3000000000000007,1.8000000000000007,1.0000008406309087
2.4000000000000004,1.8000000000000007,1.0000008406350318
2.5,1.8000000000000007,1.0000008406402225
2.6000000000000005,1.8000000000000007,1.0000008406467575
2.7,1.8000000000000007,1.0000008406549845
2.8000000000000007,1.8000000000000007,1.0000008406653416
2.9000000000000004,1.8000000000000007,1.0000008406783802
3.0,1.8000000000000007,1.000000840694795
-3.0,1.9000000000000004,1.9965225542941782
-2.9,1.9000000000000004,1.9959457153421636
-2.8,1.9000000000000004,1.9952776440777087
-2.7,1.9000000000000004,1.9944829716604184
-2.6,1.9000000000000004,1.9935700753437593
-2.5,1.9000000000000004,1.9925101657327184
-2.4,1.9000000000000004,1.9912491544510382
-2.3,1.9000000000000004,1.9898056282405474
-2.2,1.9000000000000004,1.988123939799081
-2.1,1.9000000000000004,1.9861225127078856
-2.0,1.9000000000000004,1.9838428987393473
-1.9,1.9000000000000004,1.9811740995064735
-1.7999999999999998,1.9000000000000004,1.9779961969112114
-1.7,1.9000000000000004,1.9744034742977805
-1.5999999999999999,1.9000000000000004,1.9701664065554627
-1.5,1.9000000000000004,1.9651348291403992
-1.4,1.9000000000000004,1.9594720700180404
-1.2999999999999998,1.9000000000000004,1.952740649885812
-1.2,1.9000000000000004,1.9448715128741114
-1.0999999999999999,1.9000000000000004,1.9358802109772169
-1.0,1.9000000000000004,1.9251758372038623
-0.8999999999999999,1.9000000000000004,1.912951801378907
-0.7999999999999998,1.9000000000000004,1.8986660988758175
-0.6999999999999997,1.9000000000000004,1.8818851659646505
-0.5999999999999996,1.9000000000000004,1.8628181869033262
-0.5,1.9000000000000004,1.8401159954615225
-0.3999999999999999,1.9000000000000004,1.8146336364359494
-0.2999999999999998,1.9000000000000004,1.7844370417563036
-0.19999999999999973,1.9000000000000004,1.7504417873904965
-0.09999999999999964,1.9000000000000004,1.7104560205100539
0.0,1.9000000000000004,1.6659758404017602
0.10000000000000009,1.9000000000000004,1.6146410489875782
0.20000000000000018,1.9000000000000004,1.5566770908647671
0.30000000000000027,1.9000000000000004,1.4925351775531228
0.40000000000000036,1.9000000000000004,1.4213429090863554
0.5,1.9000000000000004,1.3437091995567556
0.6000000000000001,1.9000000000000004,1.2605444359798068
0.7000000000000002,1.9000000000000004,1.1746843007254189
0.8000000000000003,1.9000000000000004,1.0895316959635677
0.9000000000000004,1.9000000000000004,1.0169598674250127
1.0,1.9000000000000004,1.000001693318946
1.1000000000000005,1.9000000000000004,1.00000169331913
1.2000000000000002,1.9000000000000004,1.0000016933193618
1.2999999999999998,1.9000000000000004,1.0000016933196538
1.4000000000000004,1.9000000000000004,1.0000016933200213
1.5,1.9000000000000004,1.0000016933204838
1.6000000000000005,1.9000000000000004,1.0000016933210663
1.7000000000000002,1.9000000000000004,1.0000016933217994
1.8000000000000007,1.9000000000000004,1.0000016933227225
1.9000000000000004,1.9000000000000004,1.0000016933238847
2.0,1.9000000000000004,1.0000016933253477
2.1000000000000005,1.9000000000000004,1.0000016933271894
2.2,1.9000000000000004,1.0000016933295082
2.3000000000000007,1.9000000000000004,1.0000016933324272
2.4000000000000004,1.9000000000000004,1.0000016933361018
2.5,1.9000000000000004,1.0000016933407283
2.6000000000000005,1.9000000000000004,1.0000016933465525
2.7,1.9000000000000004,1.0000016933538847
2.8000000000000007,1.9000000000000004,1.0000016933631155
2.9000000000000004,1.9000000000000004,1.0000016933747362
3.0,1.9000000000000004,1.0000016933893658
-3.0,2.0,1.9967764094669067
-2.9,2.0,1.9962454555139448
-2.8,2.0,1.9956139606199095
-2.7,2.0,1.9948882326139614
-2.6,2.0,1.9940460405203257
-2.5,2.0,1.9930442151055061
-2.4,2.0,1.9918961165797417
-2.3,2.0,1.9905601666200912
-2.2,2.0,1.988970570031159
-2.1,2.0,1.987156182445025
-2.0,2.0,1.9850366277791007
-1.9,2.0,1.9825135654110966
-1.7999999999999998,2.0,1.9796508637160803
-1.7,2.0,1.976286952963903
-1.5999999999999999,2.0,1.9722799747114497
-1.5,2.0,1.9677744888671413
-1.4,2.0,1.9624327055752935
-1.2999999999999998,2.0,1.9561359330095687
-1.2,2.0,1.9489989758173691
-1.0999999999999999,2.0,1.9405093119613024
-1.0,2.0,1.9306917061920443
-0.8999999999999999,2.0,1.9193566630937067
-0.7999999999999998,2.0,1.9058499219392422
-0.6999999999999997,2.0,1.890665736801205
-0.5999999999999996,2.0,1.872652687169665
-0.5,2.0,1.8519344456421838
-0.3999999999999999,2.0,1.8279267572012725
-0.2999999999999998,2.0,1.8000310596426337
-0.19999999999999973,2.0,1.7681200183831445
-0.09999999999999964,2.0,1.7311914133662956
0.0,2.0,1.6890140488529144
0.10000000000000009,2.0,1.6411420278735878
0.20000000000000018,2.0,1.5863080054407457
0.30000000000000027,2.0,1.5254707926209106
0.40000000000000036,2.0,1.457749710384022
0.5,2.0,1.383242491984991
0.6000000000000001,2.0,1.3027152581190387
0.7000000000000002,2.0,1.217806823754189
0.8000000000000003,2.0,1.1315188422330078
0.9000000000000004,2.0,1.0501482141275618
1.0,2.0,1.0000006428001376
1.1000000000000005,2.0,1.0000006428003216
1.2000000000000002,2.0,1.0000006428005537
1.2999999999999998,2.0,1.0000006428008454
1.4000000000000004,2.0,1.000000642801213
1.5,2.0,1.0000006428016757
1.6000000000000005,2.0,1.000000642802258
1.7000000000000002,2.0,1.0000006428029913
1.8000000000000007,2.0,1.0000006428039143
1.9000000000000004,2.0,1.0000006428050763
2.0,2.0,1.0000006428065393
2.1000000000000005,2.0,1.000000642808381
2.2,2.0,1.0000006428106998
2.3000000000000007,2.0,1.0000006428136188
2.4000000000000004,2.0,1.0000006428172934
2.5,2.0,1.00000064282192
2.6000000000000005,2.0,1.000000642827744
2.7,2.0,1.0000006428350763
2.8000000000000007,2.0,1.0000006428443071
2.9000000000000004,2.0,1.0000006428559278
3.0,2.0,1.0000006428705575
-3.0,2.1000000000000005,1.9970154860255585
-2.9,2.1000000000000005,1.9965137053008553
-2.8,2.1000000000000005,1.9959368663743275
-2.7,2.1000000000000005,1.9952677154247103
-2.6,2.1000000000000005,1.9944718315972951
-2.5,2.1000000000000005,1.9935589353609628
-2.4,2.1000000000000005,1.9924976665804577
-2.3,2.1000000000000005,1.991235130324586
-2.2,2.1000000000000005,1.9897916043665502
-2.1,2.1000000000000005,1.988108205032222
-2.0,2.1000000000000005,1.9861048583893683
-1.9,2.1000000000000005,1.983825245210899
-1.7999999999999998,2.1000000000000005,1.9811542926674928
-1.7,2.1000000000000005,1.9779739743022233
-1.5999999999999999,2.1000000000000005,1.9743812541452381
-1.5,2.1000000000000005,1.970141477251925
-1.4,2.1000000000000005,1.9651099052327512
-1.2999999999999998,2.1000000000000005,1.9594441093816892
-1.2,2.1000000000000005,1.9527092837234012
-1.0999999999999999,2.1000000000000005,1.9448401631360734
-1.0,2.1000000000000005,1.9358450490760644
-0.8999999999999999,2.1000000000000005,1.9251364030570444
-0.7999999999999998,2.1000000000000005,1.9129124161586784
-0.6999999999999997,2.1000000000000005,1.8986219459631921
-0.5999999999999996,2.1000000000000005,1.8818411156469899
-0.5,2.1000000000000005,1.8627688400033557
-0.3999999999999999,2.1000000000000005,1.8400607345112594
-0.2999999999999998,2.1000000000000005,1.8145786611992634
-0.19999999999999973,2.1000000000000005,1.7843755714500176
-0.09999999999999964,2.1000000000000005,1.750380875432845
0.0,2.1000000000000005,1.7103911355559354
0.10000000000000009,2.1000000000000005,1.665908944762666
0.20000000000000018,2.1000000000000005,1.6145755712214265
0.30000000000000027,2.1000000000000005,1.5566046070850739
0.40000000000000036,2.1000000000000005,1.4924650826689168
0.5,2.1000000000000005,1.4212758191552932
0.6000000000000001,2.1000000000000005,1.3436457541466662
0.7000000000000002,2.1000000000000005,1.2604852443607486
0.8000000000000003,2.1000000000000005,1.174638061954792
0.9000000000000004,2.1000000000000005,1.0895025017122961
1.0,2.1000000000000005,1.0169520409761532
1.1000000000000005,2.1000000000000005,1.0000006427999892
1.2000000000000002,2.1000000000000005,1.0000006428001356
1.2999999999999998,2.1000000000000005,1.0000006428003196
1.4000000000000004,2.1000000000000005,1.0000006428005517
1.5,2.1000000000000005,1.0000006428008437
1.6000000000000005,2.1000000000000005,1.0000006428012111
1.7000000000000002,2.1000000000000005,1.0000006428016737
1.8000000000000007,2.1000000000000005,1.0000006428022563
1.9000000000000004,2.1000000000000005,1.0000006428029893
2.0,2.1000000000000005,1.0000006428039123
2.1000000000000005,2.1000000000000005,1.0000006428050745
2.2,2.1000000000000005,1.0000006428065373
2.3000000000000007,2.1000000000000005,1.0000006428083792
2.4000000000000004,2.1000000000000005,1.0000006428106978
2.5,2.1000000000000005,1.000000642813617
2.6000000000000005,2.1000000000000005,1.0000006428172916
2.7,2.1000000000000005,1.000000642821918
2.8000000000000007,2.1000000000000005,1.0000006428277421
2.9000000000000004,2.1000000000000005,1.0000006428350745
3.0,2.1000000000000005,1.0000006428443051
-3.0,2.2,1.9972292612921834
-2.9,2.2,1.9967708260748258
-2.8,2.2,1.9962391908658106
-2.7,2.2,1.9956069315965164
-2.6,2.2,1.9948812036226535
-2.5,2.2,1.994038153907869
-2.4,2.2,1.9930353662418892
-2.3,2.2,1.991887267817093
-2.2,2.2,1.9905502382564655
-2.1,2.2,1.9889594303760574
-2.0,2.2,1.9871450431065827
-1.9,2.2,1.9850241295347268
-1.7999999999999998,2.2,1.9824995425634535
-1.7,2.2,1.9796368418563828
-1.5999999999999999,2.2,1.976271221031044
-1.5,2.2,1.9722623243783006
-1.4,2.2,1.967756841591432
-1.2999999999999998,2.2,1.9624129075135783
-1.2,2.2,1.9561161416300015
-1.0999999999999999,2.2,1.948976774864152
-1.0,2.2,1.9404844095137668
-0.8999999999999999,2.2,1.930666823887204
-0.7999999999999998,2.2,1.9193287604277476
-0.6999999999999997,2.2,1.9058186364267007
-0.5999999999999996,2.2,1.8906345104127655
-0.5,2.2,1.8726176958765055
-0.3999999999999999,2.2,1.851899576395278
-0.2999999999999998,2.2,1.827887725213142
-0.19999999999999973,2.2,1.7999922721713038
-0.09999999999999964,2.2,1.768076678791941
0.0,2.2,1.731148544883925
0.10000000000000009,2.2,1.6889662895471806
0.20000000000000018,2.2,1.6410951321649208
0.30000000000000027,2.2,1.5862622684004126
0.40000000000000036,2.2,1.5254202689777887
0.5,2.2,1.45770109216658
0.6000000000000001,2.2,1.3831962278985213
0.7000000000000002,2.2,1.3026717954188685
0.8000000000000003,2.2,1.2177724867130126
0.9000000000000004,2.2,1.1314926310855078
1.0,2.2,1.0501349190078813
1.1000000000000005,2.2,1.0000006427997763
1.2000000000000002,2.2,1.0000006427998689
1.2999999999999998,2.2,1.000000642799985
1.4000000000000004,2.2,1.0000006428001313
1.5,2.2,1.0000006428003154
1.6000000000000005,2.2,1.0000006428005475
1.7000000000000002,2.2,1.0000006428008392
1.8000000000000007,2.2,1.0000006428012067
1.9000000000000004,2.2,1.0000006428016694
2.0,2.2,1.0000006428022519
2.1000000000000005,2.2,1.000000642802985
2.2,2.2,1.000000642803908
2.3000000000000007,2.2,1.00000064280507
2.4000000000000004,2.2,1.0000006428065331
2.5,2.2,1.0000006428083748
2.6000000000000005,2.2,1.0000006428106936
2.7,2.2,1.0000006428136126
2.8000000000000007,2.2,1.0000006428172872
2.9000000000000004,2.2,1.0000006428219137
3.0,2.2,1.000000642827738
-3.0,2.3000000000000007,1.9974338953150974
-2.9,2.3000000000000007,1.997011533263299
-2.8,2.3000000000000007,1.9965092702395864
-2.7,2.3000000000000007,1.9959324313258657
-2.6,2.3000000000000007,1.9952627392366418
-2.5,2.3000000000000007,1.9944662482468316
-2.4,2.3000000000000007,1.9935533520508424
-2.3,2.3000000000000007,1.9924914020479494
-2.2,2.3000000000000007,1.9912281014642872
-2.1,2.3000000000000007,1.9897845756329926
-2.0,2.3000000000000007,1.9881003187831183
-1.9,2.3000000000000007,1.9860960100378509
-1.7999999999999998,2.3000000000000007,1.9838163972558933
-1.7,2.3000000000000007,1.981144365441093
-1.5999999999999999,2.3000000000000007,1.9779628362478174
-1.5,2.3000000000000007,1.9743701173233237
-1.4,2.3000000000000007,1.9701289825445918
-1.2999999999999998,2.3000000000000007,1.9650974132321746
-1.2,2.3000000000000007,1.9594300952951191
-1.0999999999999999,2.3000000000000007,1.9526935626849296
-1.0,2.3000000000000007,1.9448244503353045
-0.8999999999999999,2.3000000000000007,1.9358274254878738
-0.7999999999999998,2.3000000000000007,1.9251166380491824
-0.6999999999999997,2.3000000000000007,1.9128926756871696
-0.5999999999999996,2.3000000000000007,1.8985998157109416
-0.5,2.3000000000000007,1.8818190368402792
-0.3999999999999999,2.3000000000000007,1.8627441062871335
-0.2999999999999998,2.3000000000000007,1.8400330363407607
-0.19999999999999973,2.3000000000000007,1.814551106288315
-0.09999999999999964,2.3000000000000007,1.7843447608155056
0.0,2.3000000000000007,1.7503503447429047
0.10000000000000009,2.3000000000000007,1.7103610001395069
0.20000000000000018,2.3000000000000007,1.6658754147610184
0.30000000000000027,2.3000000000000007,1.6145427520434483
0.40000000000000036,2.3000000000000007,1.5565682760616582
0.5,2.3000000000000007,1.492429949234963
0.6000000000000001,2.3000000000000007,1.4212421920952196
0.7000000000000002,2.3000000000000007,1.3436139540167706
0.8000000000000003,2.3000000000000007,1.2604555765186973
0.9000000000000004,2.3000000000000007,1.174614886658244
1.0,2.3000000000000007,1.0894878695469712
1.1000000000000005,2.3000000000000007,1.0169481184349716
1.2000000000000002,2.3000000000000007,1.0000003644169129
1.2999999999999998,2.3000000000000007,1.000000364417005
1.4000000000000004,2.3000000000000007,1.0000003644171211
1.5,2.3000000000000007,1.0000003644172675
1.6000000000000005,2.3000000000000007,1.0000003644174518
1.7000000000000002,2.3000000000000007,1.0000003644176836
1.8000000000000007,2.3000000000000007,1.0000003644179756
1.9000000000000004,2.3000000000000007,1.000000364418343
2.0,2.3000000000000007,1.0000003644188056
2.1000000000000005,2.3000000000000007,1.000000364419388
2.2,2.3000000000000007,1.0000003644201212
2.3000000000000007,2.3000000000000007,1.0000003644210442
2.4000000000000004,2.3000000000000007,1.0000003644222064
2.5,2.3000000000000007,1.0000003644236692
2.6000000000000005,2.3000000000000007,1.000000364425511
2.7,2.3000000000000007,1.0000003644278297
2.8000000000000007,2.3000000000000007,1.0000003644307487
2.9000000000000004,2.3000000000000007,1.0000003644344237
3.0,2.3000000000000007,1.0000003644390498
-3.0,2.4000000000000004,1.9976254508189877
-2.9,2.4000000000000004,1.99722646293884
-2.8,2.4000000000000004,1.9967680277265916
-2.7,2.4000000000000004,1.996236051074688
-2.6,2.4000000000000004,1.9956034087026568
-2.5,2.4000000000000004,1.9948776807449022
-2.4,2.4000000000000004,1.9940342011917753
-2.3,2.4000000000000004,1.9930309312457573
-2.2,2.4000000000000004,1.9918828328716343
-2.1,2.4000000000000004,1.9905452622136623
-2.0,2.4000000000000004,1.988953847230418
-1.9,2.4000000000000004,1.9871394601198193
-1.7999999999999998,2.4000000000000004,1.9850178654578245
-1.7,2.4000000000000004,1.9824925143449024
-1.5999999999999999,2.4000000000000004,1.9796298141334068
-1.5,2.4000000000000004,1.9762633362037743
-1.4,2.4000000000000004,1.9722534780262722
-1.2999999999999998,2.4000000000000004,1.967747996772828
-1.2,2.4000000000000004,1.9624029846899171
-1.0999999999999999,2.4000000000000004,1.956106222157254
-1.0,2.4000000000000004,1.9489656476712311
-0.8999999999999999,2.4000000000000004,1.9404719282755436
-0.7999999999999998,2.4000000000000004,1.9306543527490039
-0.6999999999999997,2.4000000000000004,1.9193147754115258
-0.5999999999999996,2.4000000000000004,1.9058029558319247
-0.5,2.4000000000000004,1.890618859462028
-0.3999999999999999,2.4000000000000004,1.8726001578353568
-0.2999999999999998,2.4000000000000004,1.8518820995426961
-0.19999999999999973,2.4000000000000004,1.8278681618477142
-0.09999999999999964,2.4000000000000004,1.7999728313898127
0.0,2.4000000000000004,1.7680549563138537
0.10000000000000009,2.4000000000000004,1.7311270585785385
0.20000000000000018,2.4000000000000004,1.6889423517630595
0.30000000000000027,2.4000000000000004,1.6410716272997246
0.40000000000000036,2.4000000000000004,1.586239344354075
0.5,2.4000000000000004,1.5253949457047018
0.6000000000000001,2.4000000000000004,1.4576767240283135
0.7000000000000002,2.4000000000000004,1.383173039789986
0.8000000000000003,2.4000000000000004,1.3026500115019333
0.9000000000000004,2.4000000000000004,1.2177552768564683
1.0,2.4000000000000004,1.1314794940777144
1.1000000000000005,2.4000000000000004,1.050128255588034
1.2000000000000002,2.4000000000000004,1.0000004074531863
1.2999999999999998,2.4000000000000004,1.0000004074532682
1.4000000000000004,2.4000000000000004,1.000000407453372
1.5,2.4000000000000004,1.0000004074535023
1.6000000000000005,2.4000000000000004,1.0000004074536666
1.7000000000000002,2.4000000000000004,1.000000407453873
1.8000000000000007,2.4000000000000004,1.0000004074541333
1.9000000000000004,2.4000000000000004,1.0000004074544608
2.0,2.4000000000000004,1.0000004074548732
2.1000000000000005,2.4000000000000004,1.000000407455392
2.2,2.4000000000000004,1.0000004074560456
2.3000000000000007,2.4000000000000004,1.0000004074568682
2.4000000000000004,2.4000000000000004,1.000000407457904
2.5,2.4000000000000004,1.000000407459208
2.6000000000000005,2.4000000000000004,1.0000004074608495
2.7,2.4000000000000004,1.000000407462916
2.8000000000000007,2.4000000000000004,1.0000004074655173
2.9000000000000004,2.4000000000000004,1.0000004074687927
3.0,2.4000000000000004,1.000000407472916
-3.0,2.5,1.9977964267786144
-2.9,2.5,1.9974321296680253
-2.8,2.5,1.9970095521775846
-2.7,2.5,1.9965070474287316
-2.6,2.5,1.9959302085214383
-2.5,2.5,1.9952602452161379
-2.4,2.5,1.9944634499194855
-2.3,2.5,1.993550553743738
-2.2,2.5,1.9924882623148514
-2.1,2.5,1.991224578652273
-2.0,2.5,1.9897810528845534
-1.9,2.5,1.9880963662493185
-1.7999999999999998,2.5,1.9860915752986383
-1.7,2.5,1.9838119627155437
-1.5999999999999999,2.5,1.981139389968717
-1.5,2.5,1.9779572539050803
-1.4,2.5,1.974364535598638
-1.2999999999999998,2.5,1.9701227202415739
-1.2,2.5,1.965091152286353
-1.0999999999999999,2.5,1.9594230714700047
-1.0,2.5,1.952685683320709
-0.8999999999999999,2.5,1.9448165751012265
-0.7999999999999998,2.5,1.9358185925463327
-0.6999999999999997,2.5,1.9251067317989963
-0.5999999999999996,2.5,1.9128827817380523
-0.5,2.5,1.8985887239653483
-0.3999999999999999,2.5,1.8818079708851287
-0.2999999999999998,2.5,1.8627317096423084
-0.19999999999999973,2.5,1.840019153846857
-0.09999999999999964,2.5,1.814537295610235
0.0,2.5,1.7843293182903561
0.10000000000000009,2.5,1.7503350425493742
0.20000000000000018,2.5,1.7103458960842692
0.30000000000000027,2.5,1.6658586092585623
0.40000000000000036,2.5,1.6145263028479555
0.5,2.5,1.5565500666432044
0.6000000000000001,2.5,1.4924123401098195
0.7000000000000002,2.5,1.42122533802827
0.8000000000000003,2.5,1.3435980156700202
0.9000000000000004,2.5,1.2604407069333308
1.0,2.5,1.1746032712405063
1.1000000000000005,2.5,1.0894805359972326
1.2000000000000002,2.5,1.016946152501146
1.2999999999999998,2.5,1.0000004074531248
1.4000000000000004,2.5,1.00000040745319
1.5,2.5,1.0000004074532725
1.6000000000000005,2.5,1.000000407453376
1.7000000000000002,2.5,1.0000004074535063
1.8000000000000007,2.5,1.0000004074536704
1.9000000000000004,2.5,1.0000004074538769
2.0,2.5,1.0000004074541373
2.1000000000000005,2.5,1.0000004074544646
2.2,2.5,1.000000407454877
2.3000000000000007,2.5,1.000000407455396
2.4000000000000004,2.5,1.0000004074560496
2.5,2.5,1.0000004074568722
2.6000000000000005,2.5,1.000000407457908
2.7,2.5,1.000000407459212
2.8000000000000007,2.5,1.0000004074608533
2.9000000000000004,2.5,1.0000004074629198
3.0,2.5,1.0000004074655213
-3.0,2.6000000000000005,1.9979598745137692
-2.9,2.6000000000000005,1.9976242008338456
-2.8,2.6000000000000005,1.9972250604339872
-2.7,2.6000000000000005,1.9967666252243024
-2.6,2.6000000000000005,1.9962344774440621
-2.5,2.6000000000000005,1.9956016430639176
-2.4,2.6000000000000005,1.9948759151142423
-2.3,2.6000000000000005,1.994032220129222
-2.2,2.6000000000000005,1.9930287084675824
-2.1,2.6000000000000005,1.9918806101188729
-2.0,2.6000000000000005,1.990542768266021
-1.9,2.6000000000000005,1.9889510490058095
-1.7999999999999998,2.6000000000000005,1.9871366619748807
-1.7,2.6000000000000005,1.9850147259532167
-1.5999999999999999,2.6000000000000005,1.9824889918547317
-1.5,2.6000000000000005,1.9796262918917187
-1.4,2.6000000000000005,1.976259384382947
-1.2999999999999998,2.6000000000000005,1.9722490442896994
-1.2,2.6000000000000005,1.967743563805057
-1.0999999999999999,2.6000000000000005,1.9623980114250612
-1.0,2.6000000000000005,1.9561012505723123
-0.8999999999999999,2.6000000000000005,1.948960070774115
-0.7999999999999998,2.6000000000000005,1.940465672725389
-0.6999999999999997,2.6000000000000005,1.9306481022620485
-0.5999999999999996,2.6000000000000005,1.9193077661602005
-0.5,2.6000000000000005,1.9057950967433481
-0.3999999999999999,2.6000000000000005,1.8906110152336286
-0.2999999999999998,2.6000000000000005,1.872591367779073
-0.19999999999999973,2.6000000000000005,1.8518733401585021
-0.09999999999999964,2.6000000000000005,1.8278583566796553
0.0,2.6000000000000005,1.7999630876681096
0.10000000000000009,2.6000000000000005,1.7680440689766068
0.20000000000000018,2.6000000000000005,1.7311162896228487
0.30000000000000027,2.6000000000000005,1.6889303540920824
0.40000000000000036,2.6000000000000005,1.6410598466260773
0.5,2.6000000000000005,1.5862278548068272
0.6000000000000001,2.6000000000000005,1.5253822536347077
0.7000000000000002,2.6000000000000005,1.45766451069984
0.8000000000000003,2.6000000000000005,1.3831614179198908
0.9000000000000004,2.6000000000000005,1.3026390934380885
1.0,2.6000000000000005,1.2177466513529271
1.1000000000000005,2.6000000000000005,1.1314729098979204
1.2000000000000002,2.6000000000000005,1.0501249159480859
1.2999999999999998,2.6000000000000005,1.0000003540174536
1.4000000000000004,2.6000000000000005,1.0000003540175055
1.5,2.6000000000000005,1.000000354017571
1.6000000000000005,2.6000000000000005,1.0000003540176532
1.7000000000000002,2.6000000000000005,1.0000003540177567
1.8000000000000007,2.6000000000000005,1.000000354017887
1.9000000000000004,2.6000000000000005,1.000000354018051
2.0,2.6000000000000005,1.000000354018258
2.1000000000000005,2.6000000000000005,1.000000354018518
2.2,2.6000000000000005,1.0000003540188456
2.3000000000000007,2.6000000000000005,1.000000354019258
2.4000000000000004,2.6000000000000005,1.000000354019777
2.5,2.6000000000000005,1.0000003540204305
2.6000000000000005,2.6000000000000005,1.0000003540212532
2.7,2.6000000000000005,1.0000003540222888
2.8000000000000007,2.6000000000000005,1.0000003540235927
2.9000000000000004,2.6000000000000005,1.0000003540252342
3.0,2.6000000000000005,1.0000003540273006
-3.0,2.7,1.9981125819008265
-2.9,2.7,1.9977955418554798
-2.8,2.7,1.997431244745912
-2.7,2.7,1.9970085592797684
-2.6,2.7,1.9965059333805992
-2.5,2.7,1.99592909447653
-2.4,2.7,1.9952589952402362
-2.3,2.7,1.9944620474276737
-2.2,2.7,1.993549151262076
-2.1,2.7,1.9924866887133248
-2.0,2.7,1.9912228130545797
-1.9,2.7,1.9897792873187363
-1.7999999999999998,2.7,1.9880943852781745
-1.7,2.7,1.9860893526492938
-1.5999999999999999,2.7,1.9838097401658992
-1.5,2.7,1.9811368963070835
-1.4,2.7,1.9779544560830424
-1.2999999999999998,2.7,1.9743617380864438
-1.2,2.7,1.970119581626308
-1.0999999999999999,2.7,1.9650880143514473
-1.0,2.7,1.959419551182396
-0.8999999999999999,2.7,1.9526817342386273
-0.7999999999999998,2.7,1.944812628089499
-0.6999999999999997,2.7,1.9358141655324967
-0.5999999999999996,2.7,1.9251017668423902
-0.5,2.7,1.9128778229475307
-0.3999999999999999,2.7,1.8985831648372213
-0.2999999999999998,2.7,1.8818024246845
-0.19999999999999973,2.7,1.862725496496172
-0.09999999999999964,2.7,1.8400121959863978
0.0,2.7,1.8145303737469618
0.10000000000000009,2.7,1.7843215785360234
0.20000000000000018,2.7,1.750327373134233
0.30000000000000027,2.7,1.7103383259816152
0.40000000000000036,2.7,1.6658501863810224
0.5,2.7,1.614518058559782
0.6000000000000001,2.7,1.5565409401208814
0.7000000000000002,2.7,1.4924035144661236
0.8000000000000003,2.7,1.4212168908309109
0.9000000000000004,2.7,1.3435900274415675
1.0,2.7,1.260433254376027
1.1000000000000005,2.7,1.1745974496773743
1.2000000000000002,2.7,1.0894768604917944
1.2999999999999998,2.7,1.016945167198638
1.4000000000000004,2.7,1.0000003325208142
1.5,2.7,1.0000003325208724
1.6000000000000005,2.7,1.0000003325209457
1.7000000000000002,2.7,1.000000332521038
1.8000000000000007,2.7,1.0000003325211542
1.9000000000000004,2.7,1.0000003325213007
2.0,2.7,1.0000003325214846
2.1000000000000005,2.7,1.0000003325217166
2.2,2.7,1.0000003325220086
2.3000000000000007,2.7,1.0000003325223759
2.4000000000000004,2.7,1.0000003325228386
2.5,2.7,1.000000332523421
2.6000000000000005,2.7,1.0000003325241542
2.7,2.7,1.0000003325250773
2.8000000000000007,2.7,1.0000003325262394
2.9000000000000004,2.7,1.0000003325277023
3.0,2.7,1.0000003325295441
-3.0,2.8000000000000007,1.9982487818637555
-2.9,2.8000000000000007,1.9979593161644695
-2.8,2.8000000000000007,1.9976235743560764
-2.7,2.8000000000000007,1.9972243575149826
-2.6,2.8000000000000007,1.9967659223065832
-2.5,2.8000000000000007,1.9962336887586236
-2.4,2.8000000000000007,1.9956007581459836
-2.3,2.8000000000000007,1.9948750302003604
-2.2,2.8000000000000007,1.99403122724302
-2.1,2.8000000000000007,1.9930275944358367
-2.0,2.8000000000000007,1.9918794960998678
-1.9,2.8000000000000007,1.990541518326651
-1.7999999999999998,2.8000000000000007,1.9889496465655094
-1.7,2.8000000000000007,1.9871352595745209
-1.5999999999999999,2.8000000000000007,1.9850131524662444
-1.5,2.8000000000000007,1.9824872264183941
-1.4,2.8000000000000007,1.979624526579945
-1.2999999999999998,2.8000000000000007,1.976257403769229
-1.2,2.8000000000000007,1.972246822142995
-1.0999999999999999,2.8000000000000007,1.9677413420437344
-1.0,2.8000000000000007,1.962395518870042
-0.8999999999999999,2.8000000000000007,1.9560987588593648
-0.7999999999999998,2.8000000000000007,1.9489572756818505
-0.6999999999999997,2.8000000000000007,1.9404625374951532
-0.5999999999999996,2.8000000000000007,1.9306449695697236
-0.5,2.8000000000000007,1.91930425317782
-0.3999999999999999,2.8000000000000007,1.9057911578246125
-0.2999999999999998,2.8000000000000007,1.8906070837633677
-0.19999999999999973,2.8000000000000007,1.8725869622613351
-0.09999999999999964,2.8000000000000007,1.851868950014521
0.0,2.8000000000000007,1.8278534423895252
0.10000000000000009,2.8000000000000007,1.799958204176333
0.20000000000000018,2.8000000000000007,1.7680386123046643
0.30000000000000027,2.8000000000000007,1.7311108922859528
0.40000000000000036,2.8000000000000007,1.6889243409223313
0.5,2.8000000000000007,1.6410539422186194
0.6000000000000001,2.8000000000000007,1.5862220963150877
0.7000000000000002,2.8000000000000007,1.5253758924386138
0.8000000000000003,2.8000000000000007,1.4576583894529698
0.9000000000000004,2.8000000000000007,1.3831555931150947
1.0,2.8000000000000007,1.302633621382889
1.1000000000000005,2.8000000000000007,1.21774232832471
1.2000000000000002,2.8000000000000007,1.1314696099711703
1.2999999999999998,2.8000000000000007,1.05012324215841
1.4000000000000004,2.8000000000000007,1.0000001127451268
1.5,2.8000000000000007,1.000000112745173
1.6000000000000005,2.8000000000000007,1.0000001127452312
1.7000000000000002,2.8000000000000007,1.0000001127453046
1.8000000000000007,2.8000000000000007,1.0000001127453968
1.9000000000000004,2.8000000000000007,1.0000001127455127
2.0,2.8000000000000007,1.0000001127456593
2.1000000000000005,2.8000000000000007,1.0000001127458433
2.2,2.8000000000000007,1.0000001127460751
2.3000000000000007,2.8000000000000007,1.0000001127463671
2.4000000000000004,2.8000000000000007,1.0000001127467346
2.5,2.8000000000000007,1.0000001127471974
2.6000000000000005,2.8000000000000007,1.0000001127477798
2.7,2.8000000000000007,1.000000112748513
2.8000000000000007,2.8000000000000007,1.000000112749436
2.9000000000000004,2.8000000000000007,1.000000112750598
3.0,2.8000000000000007,1.0000001127520612
-3.0,2.9000000000000004,1.9983788700094276
-2.9,2.9000000000000004,1.9981121866194396
-2.8,2.9000000000000004,1.9977950983427128
-2.7,2.9000000000000004,1.9974308012336583
-2.6,2.9000000000000004,1.9970080616513195
-2.5,2.9000000000000004,1.9965053750329658
-2.4,2.9000000000000004,1.9959285361305126
-2.3,2.9000000000000004,1.9952583687670997
-2.2,2.9000000000000004,1.9944613445152075
-2.1,2.9000000000000004,1.9935484483546986
-2.0,2.9000000000000004,1.9924859000424755
-1.9,2.9000000000000004,1.9912219281572237
-1.7999999999999998,2.9000000000000004,1.9897784024373613
-1.7,2.9000000000000004,1.988093392437798
-1.5999999999999999,2.9000000000000004,1.9860882386821326
-1.5,2.9000000000000004,1.9838086262487162
-1.4,2.9000000000000004,1.9811356465110868
-1.2999999999999998,2.9000000000000004,1.9779530538445458
-1.2,2.9000000000000004,1.9743603360032587
-1.0999999999999999,2.9000000000000004,1.9701180085851349
-1.0,2.9000000000000004,1.965086441651301
-0.8999999999999999,2.9000000000000004,1.9594177868501135
-0.7999999999999998,2.9000000000000004,1.9526797549977177
-0.6999999999999997,2.9000000000000004,1.9448106498863205
-0.5999999999999996,2.9000000000000004,1.9358119467555364
-0.5,2.9000000000000004,1.925099278451821
-0.3999999999999999,2.9000000000000004,1.91287533764756
-0.2999999999999998,2.9000000000000004,1.8985803786513613
-0.19999999999999973,2.9000000000000004,1.881799644978153
-0.09999999999999964,2.9000000000000004,1.8627223825200188
0.0,2.9000000000000004,1.8400087087624701
0.10000000000000009,2.9000000000000004,1.8145269045653711
0.20000000000000018,2.9000000000000004,1.7843176994303045
0.30000000000000027,2.9000000000000004,1.750323529283321
0.40000000000000036,2.9000000000000004,1.7103345319068872
0.5,2.9000000000000004,1.6658459648985575
0.6000000000000001,2.9000000000000004,1.6145139265872588
0.7000000000000002,2.9000000000000004,1.556536365975608
0.8000000000000003,2.9000000000000004,1.4923990911222207
0.9000000000000004,2.9000000000000004,1.4212126571647077
1.0,2.9000000000000004,1.3435860238101547
1.1000000000000005,2.9000000000000004,1.2604295192215784
1.2000000000000002,2.9000000000000004,1.1745945319681652
1.2999999999999998,2.9000000000000004,1.08947501836938
1.4000000000000004,2.9000000000000004,1.0169446733772043
1.5,2.9000000000000004,1.000000133304306
1.6000000000000005,2.9000000000000004,1.0000001333043793
1.7000000000000002,2.9000000000000004,1.0000001333044717
1.8000000000000007,2.9000000000000004,1.000000133304588
1.9000000000000004,2.9000000000000004,1.0000001333047341
2.0,2.9000000000000004,1.0000001333049184
2.1000000000000005,2.9000000000000004,1.00000013330515
2.2,2.9000000000000004,1.0000001333054422
2.3000000000000007,2.9000000000000004,1.0000001333058097
2.4000000000000004,2.9000000000000004,1.0000001333062722
2.5,2.9000000000000004,1.0000001333068547
2.6000000000000005,2.9000000000000004,1.0000001333075879
2.7,2.9000000000000004,1.000000133308511
2.8000000000000007,2.9000000000000004,1.000000133309673
2.9000000000000004,2.9000000000000004,1.000000133311136
3.0,2.9000000000000004,1.000000133312978
-3.0,3.0,1.9985003609668792
-2.9,3.0,1.9982485020257765
-2.8,3.0,1.9979590363266948
-2.7,3.0,1.9976232603731212
-2.6,3.0,1.9972240052205803
-2.5,3.0,1.996765570012826
-2.4,3.0,1.9962332934790836
-2.3,3.0,1.9956003146358245
-2.2,3.0,1.9948745866922328
-2.1,3.0,1.9940307296203927
-2.0,3.0,1.993027036096418
-1.9,3.0,1.9918789377668367
-1.7999999999999998,3.0,1.9905408918718286
-1.7,3.0,1.9889489436788654
-1.5999999999999999,3.0,1.987134556707897
-1.5,3.0,1.9850123638528165
-1.4,3.0,1.9824863416019205
-1.2999999999999998,3.0,1.9796236418259079
-1.2,3.0,1.9762564111080134
-1.0999999999999999,3.0,1.9722457084277834
-1.0,3.0,1.9677402285216892
-0.8999999999999999,3.0,1.962394269628724
-0.7999999999999998,3.0,1.9560975100401126
-0.6999999999999997,3.0,1.9489558748116067
-0.5999999999999996,3.0,1.9404609661506604
-0.5,3.0,1.9306433994972751
-0.3999999999999999,3.0,1.9193024925070814
-0.2999999999999998,3.0,1.9057891836778063
-0.19999999999999973,3.0,1.8906051133498296
-0.09999999999999964,3.0,1.8725847542585876
0.0,3.0,1.8518667497172288
0.10000000000000009,3.0,1.8278509793937034
0.20000000000000018,3.0,1.7999557566168105
0.30000000000000027,3.0,1.7680358774708793
0.40000000000000036,3.0,1.73110818719107
0.5,3.0,1.6889213271757544
0.6000000000000001,3.0,1.6410509829838233
0.7000000000000002,3.0,1.586219210213116
0.8000000000000003,3.0,1.5253727042650693
0.9000000000000004,3.0,1.4576553215414454
1.0,3.0,1.3831526737792381
1.1000000000000005,3.0,1.3026308788433612
1.2000000000000002,3.0,1.2177401616691248
1.2999999999999998,3.0,1.1314679560850136
1.4000000000000004,3.0,1.0501224032751937
1.5,3.0,1.0000001050867333
1.6000000000000005,3.0,1.0000001050867702
1.7000000000000002,3.0,1.0000001050868164
1.8000000000000007,3.0,1.0000001050868745
1.9000000000000004,3.0,1.0000001050869478
2.0,3.0,1.0000001050870402
2.1000000000000005,3.0,1.0000001050871563
2.2,3.0,1.0000001050873026
2.3000000000000007,3.0,1.0000001050874867
2.4000000000000004,3.0,1.0000001050877187
2.5,3.0,1.0000001050880105
2.6000000000000005,3.0,1.0000001050883782
2.7,3.0,1.0000001050888407
2.8000000000000007,3.0,1.0000001050894232
2.9000000000000004,3.0,1.0000001050901564
3.0,3.0,1.0000001050910794
