# S1 Data: the 2,000 coordinate-perturbation draws (seed 20260909; log-input sd 0.06, ordinate sd 0.06): refitted parameters, calibrated composite coefficients at PII 0.5, 5, 36 uM, and the regulatory swing
Umin,Umax,S_mM,h,composite_PII_0p5,composite_PII_5,composite_PII_36,regulatory_swing
0.4757475280644133,2.9999999999999996,0.5346664729305343,1.822113267296497,3.2008119684526797,3.397639363842181,4.721398347537355,4.779098921753714e+16
0.46826163912927865,2.9655505695351785,0.5467670661607421,2.3378038814758764,4.028438088040944,4.327981610156196,5.6537609295718285,465.4290954131023
0.5260499844558374,2.9999999999999996,0.5455349842815164,2.050783991597605,3.6035410872567266,3.8544887347214174,5.462109092594528,4.235977833803465e+16
0.5252503309482254,2.993912508762635,0.5359713628178008,2.359552839639075,4.0574862357692325,4.379185378278785,6.288066961288122,2317.2116102369214
0.35716669387994887,2.9268819600774068,0.5959552236152611,1.9643649072949294,3.5122701120291864,3.7083863995143855,4.316808709452541,296.1962015084933
0.36699226151326486,2.9999999999999996,0.5469075027549363,1.8197504588226492,3.2580441672575877,3.4577318947278943,4.752446509005607,6.462268507252372e+16
0.5698509293224115,2.992424371180165,0.4909986231615985,1.9693013110872057,3.265110604036531,3.475329655517549,4.972294318866947,1684.5199147805977
0.42129656423039014,2.9999999999999996,0.5464109137776408,1.763784550812893,3.147806411635022,3.3350372790401948,4.5696454962366815,5.513193706502721e+16
0.4144504056924034,2.9796089638072996,0.5791827557738907,1.7906562954073961,3.24583842192514,3.433496382770356,4.477523616915383,911.5915274533414
0.5284094516595659,2.9658685446497586,0.5307202498090698,2.146657183889279,3.6405671244532223,3.8882859774007885,5.178206813295906,406.4461739617496
0.414697381561716,2.89609823637651,0.6165094598590514,2.089953335387718,3.7042167707456897,3.9027822157155447,4.142147613755301,173.76826411636844
0.47360845163458065,2.9004550488951666,0.5657190360695228,2.1897616868253924,3.717602102634194,3.9399505594848416,4.407830203678919,155.42759159708442
0.40490797999937944,2.9999999999999996,0.5554976858865197,2.0282509474189885,3.632565186061601,3.8819390840040033,5.425521337260046,5.7727958111790504e+16
0.3816695741857006,2.9955468954219917,0.5506880982041458,1.9765867855472796,3.525780351359713,3.7592531696961258,5.190826003837411,4614.770848680826
0.49059345181974034,2.9422597920902653,0.5443976100975293,2.0134529347933054,3.438689860017954,3.64760784346105,4.571559427409635,260.6465334694476
0.5302284970343942,2.9928925515553497,0.5562769188937293,1.9866452052750054,3.5170486882762964,3.7510567529993355,5.1710041107958515,1961.4223400365804
0.44179596529679543,2.966031819771945,0.5520091121438611,1.8250028313569648,3.203446571764151,3.3881182945767425,4.394525163315165,505.6115182166182
0.49006103514422167,2.9221697055107394,0.5693483689535834,2.287081890991701,3.932086202757854,4.189999772312415,4.802382721250818,192.29577752956757
0.4793507614267507,2.9999999999999996,0.5217101230871342,2.3190750124392814,3.953832761347276,4.263407281679581,6.268268348490576,4.736404272220979e+16
0.2674582847985654,2.971601455156911,0.6151715925838619,1.7024529427822686,3.1925935117980067,3.361083065954165,4.209181059123491,1069.067730517605
0.4072656482441255,2.9452959787188804,0.5962874906400136,1.972339142972617,3.5500023445303337,3.7580089174664972,4.526242408686097,342.75984184271454
0.4014886921505597,2.9240373120999146,0.621957395642358,2.0129588670386416,3.6482330179953655,3.8504217936971274,4.323977810899774,249.13450404685773
0.5506284647788839,2.954542729216421,0.5685814735361693,2.275393615570207,3.962334796396431,4.240839032945627,5.26271631538474,289.12318914688205
0.37416997744363023,2.969769422599974,0.5863610246968701,1.935720124351491,3.5168257401651806,3.7314937777656465,4.764329442070278,689.4042571782228
0.4959692550796769,2.9999999999999996,0.529919892599867,1.99110035445151,3.4587645767318853,3.691429741247814,5.240117610306776,4.547520562715433e+16
0.491831265218475,2.9999999999999996,0.5382941856320707,2.1870543571874173,3.8101587929437066,4.09293943641279,5.885248529697291,4.593358974170434e+16
0.36565320800934975,2.970192401236537,0.5834925849414708,1.9330321548847134,3.507015694922472,3.721154700999017,4.76376736982604,717.8953645011079
0.5054984143385357,2.840588535628007,0.5875965926570524,2.666900940158167,4.427553153870321,4.694993280706556,4.273294441349348,87.93317720340363
0.4866192895332274,2.9687509102224676,0.5589595475701993,1.8855783907248647,3.3180931144592822,3.5169008115276585,4.576662854210667,490.68789659331225
0.4419358346378874,2.948047381525007,0.5467657951951665,2.0471877342779017,3.5261997812385224,3.746887939763828,4.732464307802121,328.45753841551266
0.43940970949508845,2.957280648856036,0.572901763490527,1.8458778520782386,3.2784218885702727,3.465230075818191,4.366997503818735,403.402271194353
0.41338252466525194,2.9000053512533035,0.610107873799907,2.0533500016803092,3.631346597757696,3.826398424546552,4.141943444313858,181.46886968980928
0.4364556953545501,2.953311181121851,0.5647615225804136,1.992003309928901,3.5007702795473934,3.7151586650114865,4.669959051041435,371.53264960457466
0.5237771028842066,2.9630739028346036,0.5274139701246375,2.03765942002641,3.452562196599835,3.6739693468729855,4.8666538515422495,379.36066793534263
0.44256903465606895,2.903502563247989,0.5746812356346406,1.879160576162641,3.238879919815147,3.40501337088763,3.9207870997185115,173.87187257000633
0.4450474084634211,2.953294767177135,0.5794346094586983,2.2058440799957744,3.914896726624317,4.179401126362026,5.129767815993222,363.00936069769836
0.4648073603531459,2.97764682714749,0.5648634658247883,2.1043800964605985,3.734222616869792,3.9891158099810893,5.289575543428712,726.5608253673471
0.33717364762586116,2.9999999999999996,0.6149126817885269,1.6738416285747786,3.1742084363531786,3.350483708506264,4.410012099804198,7.113428853497802e+16
0.40603113879085734,2.961703931798798,0.5896850015126579,1.899069797723647,3.434790204695025,3.6367224871021464,4.562058969833367,494.07499074675013
0.4160706090970112,2.9999999999999996,0.5912754494865887,1.8859403813344517,3.491435442727338,3.713073669559685,5.037848018425276,5.59375413095285e+16
0.4596765545916646,2.9514424797865386,0.5633542602310079,2.124040058730758,3.7097257160483323,3.951526017954522,4.934549298314225,335.9034675298201
0.39094581350506047,2.923085050264478,0.5739638789053623,1.938281553590182,3.3904853815245763,3.5786083277030505,4.232805079842887,253.6280153508916
0.4581169790055485,2.9999999999999996,0.5590863540509918,1.841901018760026,3.3085471084313216,3.514696151572454,4.834920731258191,4.997685722550508e+16
0.4257181352961871,2.9999999999999996,0.583674012202905,2.0162568660875686,3.7025093285905353,3.954745927481582,5.440172382784268,5.446577857699525e+16
0.44292583393857876,2.9999999999999996,0.5486784864631072,1.880118683882387,3.3473013303474106,3.5600838297712505,4.936731423490382,5.199984908999408e+16
0.4663704759080736,2.9759260865483474,0.5525414069950958,2.180808647863763,3.8145904324594233,4.084136768765261,5.455274654189917,671.5641551830579
0.4350844827671663,2.9999999999999996,0.527407227423879,1.9738618116222881,3.4376568788378297,3.6664541362440755,5.187298394654853,5.309935437908159e+16
0.49617499398031445,2.9444604885273016,0.5420883039891821,2.0956429459618513,3.567236805401762,3.794165205556421,4.776322301120308,267.53017580678994
0.33940754045885263,2.9711630988010427,0.619178007837168,1.8688314561202888,3.4967067018357247,3.6994756137646494,4.630611676305958,807.6715261468455
0.4111123375089143,2.9658912766932954,0.5713589121718183,1.933483592941718,3.451067565846808,3.661122640170507,4.692888300570024,547.5735456058612
0.5208120269583021,2.9495105302487263,0.5440321124739727,2.261226061765798,3.8435135905093674,4.110522458071438,5.18856074631512,278.0850188972846
0.5686167884416989,2.975032476202035,0.5074066363138262,2.064286664674015,3.4359007841859914,3.662679024947858,5.059236497652398,509.50678754320836
0.5231860172082863,2.9398383464061193,0.5881158633993457,2.306210583715774,4.06340274677535,4.340144652663163,5.043043811941231,231.334788776768
0.4825673783080406,2.9999999999999996,0.5579570078371265,2.0358343084316286,3.6332934482457904,3.8844606148519234,5.446191239401594,4.698829273016084e+16
0.46417308529224244,2.9999999999999996,0.5601107469698884,1.9249907156697306,3.4541296802340864,3.67939652702822,5.099372979259116,4.9207287152221256e+16
0.5036981785639484,2.9938700372645966,0.5366309333186265,2.126616009512789,3.689926367674029,3.952879377875475,5.581103193951256,2420.4818067441493
0.4376245370009318,2.9334610902651534,0.5712964971447575,2.023222856863051,3.53393436591808,3.7438329579884546,4.495643439716645,258.1343227281206
0.41748499195273586,2.9999999999999996,0.5382554810467379,1.9805725938372287,3.489615907238625,3.7231319060687897,5.235322173046041,5.5717517286164344e+16
0.38171133577848326,2.93729143558266,0.5849615241381043,1.8339632266179855,3.2663533876637536,3.4421301528123225,4.153211383455941,321.2940243789003
0.4454222519405633,2.9982604033115905,0.5316003172783987,1.8358611670041312,3.2190302389472665,3.4176066026167073,4.7423573123416745,9884.802412790646
0.41053853669799967,2.9656719501135913,0.5913197810625733,2.0186850148450124,3.6615214954838544,3.892440055521322,4.907050840087717,544.9159235761645
0.4662891428568732,2.9566467866190975,0.5340961584722078,1.994806801702374,3.409728330087673,3.621318709079933,4.703377676617833,370.5782283202679
0.44796896606371744,2.9520417613655363,0.5584843890916387,1.8597018813225459,3.2527268613121048,3.4381999670330163,4.338796814531567,350.66893591435627
0.4985299332067669,2.9856308226610273,0.5120916361459055,2.1013339733585057,3.545267772953193,3.789021674560173,5.3325507995201535,1042.577316080584
0.4095193080858346,2.9900224217514344,0.5718266716980226,1.8262720370297112,3.310474462575333,3.5102991564448933,4.693124324601802,1895.637447941676
0.4999498116707502,2.9989889783221315,0.5334742073724218,1.9241503584334947,3.358230784812472,3.5761928175155044,5.023133855801426,14833.263788662844
0.5356258101968833,2.9999999999999996,0.5187057617469584,1.9318318432218906,3.3169759725779318,3.532593124668946,5.021622120755334,4.1441448382852264e+16
0.45291540532667873,2.920064752486205,0.5882643171504958,2.1396180871410957,3.7520098727453868,3.9778343663669644,4.518610750576213,205.4378371845885
0.47937138950042163,2.9999999999999996,0.526064627389697,2.0616231195001125,3.5634546382204624,3.8114524971275108,5.4565549621878615,4.736161698267279e+16
0.5530682464817149,2.9431222908621724,0.5341363034105729,2.1764703822569937,3.6498521625268143,3.890235461534102,4.912849871957504,228.93349787804524
0.49815094994078085,2.8923886584230463,0.574072700699857,2.243620919359165,3.80726825383358,4.0341992901072565,4.366422317833254,134.98911317449532
0.4112233584828659,2.9746632752636764,0.5578820410212779,2.059152109815875,3.642407507069702,3.884019214827134,5.131128066454965,739.1016030474783
0.5256686785577847,2.9999999999999996,0.5164513751481644,2.0711935968661104,3.531936755405594,3.7780144834925924,5.457027918193384,4.2397038559767864e+16
0.4663237390191523,2.9589603156857986,0.5371375369425095,2.2090331583245075,3.7690065667907864,4.0299451339638015,5.246055575774398,391.7407288652546
0.4539560091071645,2.9999999999999996,0.5433745546227425,2.099788209723575,3.696331233818328,3.959474260045236,5.622012973086202,5.051750627205387e+16
0.45958031861800036,2.9999999999999996,0.5578015465401719,2.0051613647968463,3.586131686151946,3.8299823366925083,5.350468145394962,4.978904738497448e+16
0.377400935909819,2.8863988128953464,0.6397773350134597,1.9248560318081456,3.4505746450961112,3.61199226053686,3.7972768439725946,176.56409658584855
0.5191619966967107,2.9999999999999996,0.5471013193022547,2.026908403016966,3.570894114666964,3.816621933103838,5.390211706572318,4.30412903037286e+16
0.47276301474383897,2.9705771511843477,0.5802225250405717,2.2597311333807006,4.043053268546262,4.334274000837587,5.553732369892866,539.7076715757479
0.4848524728689515,2.9999999999999996,0.5492569236919215,2.039285654855823,3.608072439448561,3.8577615312414326,5.438348549764039,4.672438772538051e+16
0.496960729037533,2.938249139358951,0.5468548622095191,2.1219662653378637,3.6134779342031345,3.843095359489805,4.749581588983069,239.6575940279252
0.44064592719406304,2.9193314138638393,0.582461952282467,2.0005352604851896,3.4970511205351915,3.6943647028999185,4.2835594100480705,210.19363818567024
0.48888863441431435,2.9103745469010613,0.5745325064509513,2.1805488615329223,3.745523463403304,3.9722196046695983,4.47744783163848,166.79136082428133
0.4724999493888976,2.9999999999999996,0.5324947634215286,1.8318901374922003,3.211532412483634,3.4099972032257404,4.7477666588049505,4.818137356769221e+16
0.4692786684376331,2.883870524511111,0.5680278081763723,2.1165380462063306,3.571748176814575,3.769746885759502,4.135034818365152,133.92042107034618
0.42410928329483133,2.8956436966884684,0.5962198028237197,1.9765406844978428,3.447988306697751,3.627167412331671,4.000948883407975,168.52956138515256
0.44903498202965314,2.9999999999999996,0.574000539884679,1.9368026304474129,3.5222816813459445,3.7531520788995407,5.165528027337423,5.116984450716025e+16
0.5803189055179204,2.972233068185836,0.5164983888863202,2.004244106500667,3.365972258827881,3.581191082391777,4.8695651785912215,446.32003247280846
0.49533308064400844,2.9684788299352656,0.5244111935607039,2.2465270327431144,3.788267088235848,4.059492359984312,5.477031668298681,476.1943876840245
0.40788839105408886,2.9272152266367897,0.6181328327884599,2.052495255453246,3.7158015951644847,3.928271015613208,4.432575846324424,255.57976920284915
0.4719855197942057,2.911795453476346,0.5691490158743175,2.2008488644078126,3.771197530551605,4.003489942641078,4.545230954018584,176.81567948127696
0.5604179190232856,2.9999999999999996,0.5116669079212816,2.207052860652879,3.715314229342562,3.9905100619404945,5.872121937646162,3.9209670418728904e+16
0.3497304759287261,2.9999999999999996,0.5879782958504414,1.929076195986773,3.5783849276684174,3.809994588670932,5.1768597987887475,6.825686442877365e+16
0.45006573414680323,2.978972257486925,0.5632641807984428,1.806207521805669,3.2217032963704133,3.410158093922485,4.490118970236104,802.6511721667554
0.4970794206469259,2.988633974923238,0.5220622818526003,1.9722537638620006,3.382355478995821,3.6024621122025566,5.013912132791015,1323.9921342346418
0.4414091951183418,2.9375955920804526,0.5768513657908328,2.381564687261962,4.17353621173077,4.4680840598373965,5.19531546989773,272.85769104253745
0.5319814097485311,2.9120006534151748,0.5266151874142997,2.0961944309266345,3.44963482997835,3.6547666713676343,4.4078071045523,153.5196569738092
0.47867165782230275,2.9327015967703383,0.5390419962860103,2.165505409522036,3.6525596983511317,3.8873401760699458,4.782647665457513,229.53811338374808
0.407270754633353,2.9999999999999996,0.5959951634047184,1.914019711894331,3.55963928749945,3.788639623005903,5.136471214776007,5.734079518583521e+16
0.41993278536360634,2.9999999999999996,0.5803221113985486,1.8008284484199302,3.3044595737333826,3.5049941417960135,4.748190776588781,5.5340236111197e+16
0.4730918701893412,2.9999999999999996,0.5336065049729686,2.1759544438057197,3.7784007601773832,4.056899956839936,5.84044599929258,4.8109820645449576e+16
0.503159024078779,2.9678607837091455,0.5736494550228528,2.3111724669260947,4.089876441328393,4.390414815588163,5.610467885148166,458.24091104009324
0.4871507413172056,2.9757391169243927,0.5480139627299905,2.2298917423590328,3.8718814870235203,4.1518029667342295,5.572303757500042,632.6905069303401
0.4628801846567452,2.9564877633038185,0.5816366917246628,2.153069373718432,3.8319372133949194,4.086152332692245,5.061122582816907,372.42348969989945
0.5605562292361304,2.9999999999999996,0.5299786035911762,2.0706796008337043,3.571613435382816,3.8218682719200108,5.485103072749197,3.919777351140824e+16
0.48080391202155287,2.9964685573635554,0.5448134316498694,2.197100461432629,3.8490255378034206,4.134439277630519,5.865495126565976,4445.816664483617
0.28698804810874806,2.986807000507118,0.6230452242699662,1.837655625976659,3.495779019610986,3.701154707723153,4.7651922796845145,2140.1859631379416
0.496957890930538,2.967846174984934,0.555906406697613,2.124350297544204,3.706904139139658,3.9576185918136035,5.170183649673697,464.89760460716474
0.31492162965424786,2.9698236453513243,0.6313452039448987,1.7471505526354667,3.2974272047993027,3.474156350565223,4.307423498633877,839.1089658630337
0.4508939444174786,2.9999999999999996,0.5714135002958705,2.1538127488506396,3.8964392085343795,4.181439661627236,5.855928162356907,5.092174434447471e+16
0.5084237023306422,2.902275399323837,0.5790330313654815,2.292563767870278,3.923581164375022,4.167291599473983,4.522770323599853,145.5402505002202
0.4703126602272137,2.9249251223998716,0.577846803630626,2.3340588254200654,4.055913873141237,4.327804777102325,4.903204289715303,209.55609531039448
0.4488011827654207,2.9953955593123487,0.5788261155145805,2.010179871541007,3.659110348640141,3.9057472519640872,5.3319887996593,3698.005994029751
0.4604246653695144,2.9999999999999996,0.5559039802969418,2.0969337581289897,3.736396770100334,4.002440540172696,5.639845007634559,4.968122427386549e+16
0.37426408602158967,2.9550097086997704,0.5906425782266863,1.9508394359294488,3.5260085583980008,3.7355241909168493,4.612499413903568,460.80055834515673
0.5051311450429903,2.937242687659289,0.5389844084075925,2.090872706702981,3.5333861503067285,3.7543054766557376,4.67548334618615,231.16339804743725
0.4389067968682908,2.94830182732201,0.5855062570837439,2.1450149244364343,3.820321812486371,4.067469268525782,4.9226558250082215,332.7743363812128
0.37053926529102366,2.934016693849483,0.6028549304657659,1.820654760215089,3.2815956258051693,3.4535183787765535,4.090724239868696,315.54475229760203
0.5250057193636094,2.9999999999999996,0.5438148129388872,2.0881303728841107,3.6596942342826884,3.919224812242492,5.577639424547236,4.2461950066103464e+16
0.40849895605505826,2.9999999999999996,0.5630544359580906,1.890443958039055,3.4172189720759154,3.6354279934703264,5.0018642335301235,5.714131193161551e+16
0.5161970915595062,2.8851399635444372,0.5538443643891904,2.212654822803054,3.6717596621462354,3.887069745892645,4.290791824280048,120.86471009890151
0.38506048818418226,2.9672130989840673,0.6245052410801554,1.9323633336667898,3.6095570154895764,3.823705064905738,4.7263647153122115,614.5837290429654
0.574242464348422,2.9665091144374065,0.545886688861508,2.2055237265952368,3.7790967289720943,4.044030356628851,5.3209364499110725,374.1718749853415
0.4359048211174818,2.931761191947265,0.5650083096912399,2.0252785908092443,3.516226700572193,3.7251676997874323,4.486291320911563,252.72000949372753
0.4983119745325364,2.9999999999999996,0.5473516086787368,2.1328268390127163,3.7544344237264915,4.026549881234276,5.731811080709071,4.5219066910289016e+16
0.40855226634349595,2.9999999999999996,0.5784130292868128,1.8277973437233899,3.350656666037588,3.5570386474053812,4.831518742933287,5.713268048711851e+16
0.4626225522126315,2.997803823276396,0.5449095836389595,1.989449570820982,3.5109813792089803,3.746564912267003,5.240736538083253,7486.764978695732
0.4764870654389864,2.9999999999999996,0.5893025450172927,1.9681741451484656,3.620159891525961,3.861211616481667,5.2910101574016934,4.770283491864845e+16
0.44347171206747704,2.899336560418334,0.6249461381350218,2.06095591691853,3.6709800673530424,3.864586731640014,4.10396692000279,166.03954945500695
0.4314471129192538,2.9999999999999996,0.5609020084656959,1.930598805054658,3.474702460830054,3.701682157647034,5.122492149172994,5.362295159130285e+16
0.5020202473170656,2.7786489678313235,0.6038615869413511,2.4345430291014525,3.9474607098749113,4.121544356854136,3.672592492696224,62.46256495637086
0.5508237186644331,2.91170555965821,0.563855168932048,2.5719889206658033,4.333009705464573,4.645981667780431,5.019403619925847,146.62955267521446
0.41560216350039747,2.9470613281216225,0.5895827253065468,2.1226836782577125,3.799226947125331,4.041013518915139,4.864119258428599,346.17659440207706
0.42375631345696274,2.936865699963239,0.5515867919552466,2.12894833593611,3.660896507349843,3.8937503376327194,4.772613952065528,282.80655795158907
0.36433164081648844,2.9334479625868015,0.5915035600765665,1.9899345617372437,3.5568806782375275,3.7619347651107606,4.440815182570134,318.86797690720255
0.4864653240408244,2.8982810273434145,0.5808935758706787,2.196400314700517,3.7666336349254728,3.9883297381455045,4.353738149012537,147.2215958500548
0.4856567244574936,2.9868463520634525,0.5341461083158899,1.9532547997041851,3.3902416030328957,3.608577997467462,4.958322965548349,1175.606104936754
0.48850208550021124,2.9501783671906403,0.5369695679925885,2.0101613949109205,3.425677588045733,3.6370698157687307,4.657513982216022,304.4364978136093
0.3722243270871918,2.978616816570327,0.5563857655705409,2.0883343396135907,3.7062444543022557,3.9574544879966553,5.2775896850671,983.3900504411627
0.44795748530914453,2.9474442194018105,0.5417451191217166,1.8970979308157627,3.262195703928826,3.450883563204611,4.377045907122434,319.50393472972297
0.5109310313030968,2.9999999999999996,0.5450860519442557,1.8159402918441663,3.21185309158625,3.409197151810585,4.719269429787922,4.387977786877825e+16
0.523942625689548,2.9491611158735,0.5644997704532408,2.250351817258833,3.901177918790882,4.169423156943981,5.136417876373402,274.1444519564408
0.4445163073196961,2.9999999999999996,0.5664802384854728,1.9161764982023906,3.4635730959813014,3.6881814448222863,5.086045404242751,5.178156668987718e+16
0.3825452707074575,2.9999999999999996,0.5685018492650049,1.904731920910011,3.4656970511142773,3.688341174960171,5.060504355866008,6.162914063321726e+16
0.46777848294951196,2.9999999999999996,0.5317212823124926,1.951270722880808,3.406772539001614,3.631261341387034,5.121823224683482,4.87585996204917e+16
0.4590796368174192,2.9999999999999982,0.52148278509787,1.8403850757107418,3.1965380513791612,3.394400295210926,4.7518943894574255,9970634358899510.0
0.4778134330736858,2.9272082068474363,0.5416611477640146,2.0275337500156327,3.429824942091974,3.6333583570383188,4.442010159364556,212.27069864892158
0.481655521983463,2.9749238994687905,0.575174102390565,2.14623555669815,3.832608815244142,4.097516443576863,5.353208633816452,620.2895299128271
0.44680576378550996,2.9434296062379333,0.5603275345986576,1.9073406691493646,3.322838714778256,3.513640706360857,4.360588883785425,297.32370820933323
0.38501222395368007,2.9999999999999996,0.5793782619986133,2.0598840697016807,3.7777407789892212,4.040392012729614,5.576341621541309,6.117654059314986e+16
0.4178603471017689,2.9210168042406406,0.5919688718799192,1.9933516510727256,3.521036820516894,3.718398578715691,4.287097633270691,228.53247334481878
0.4959208897584099,2.8763166383699805,0.5434099888211161,2.1159644228121683,3.4780004151878505,3.670517569806325,4.10344444510869,117.42513161537849
0.5055820103705947,2.888982997770639,0.5599992930588232,2.4204612549176043,4.03772002820847,4.298767570265078,4.5903884124727306,128.39056423729645
0.5750887974264479,2.980823455779265,0.5253102234456054,2.2265321484457257,3.7611457103213186,4.034112114385512,5.612456076056582,655.4307923957873
0.4182627909332824,2.9576541996974774,0.5772110274676415,1.9605930900370447,3.4970900166428613,3.708776443066818,4.655715254591715,431.12167118483165
0.4504066057065932,2.934196939954237,0.5892441836146456,1.9488973356772323,3.4527076693083822,3.6483652145983707,4.33574825927656,252.41161971220032
0.4355658980594859,2.942562188685279,0.5832709033262123,2.1531342433706104,3.8153672066574917,4.060182837891374,4.857843363402455,301.62368460853514
0.4330305388304768,2.98582595102924,0.5442928193930715,2.0304225243909007,3.563005587827099,3.801407489893053,5.194740588036603,1248.7420490542322
0.404722980625986,2.9671228283975024,0.5702109144199576,2.000532923058777,3.568609241736433,3.7941724516686017,4.880281415468755,578.7179231113745
0.456887392292476,2.972905401449009,0.5900378740753113,2.047767224245139,3.71190732214678,3.953908385161544,5.077657276357571,610.7377804118476
0.45458738149237776,2.966812105472011,0.5577436344911392,1.9749987351399105,3.471423639228852,3.688652786989594,4.792105379646327,500.5542550916761
0.4460867729568052,2.964042022765188,0.5633631199450717,2.2159134426540272,3.8960935957778835,4.168605003510603,5.344120925613843,471.92816246827164
0.4043665850687579,2.9999999999999996,0.5911611353959108,2.125902586206184,3.9350153114547246,4.217143689922672,5.808616060863591,5.781730791770073e+16
0.3764392346845705,2.9999999999999996,0.530890698269777,1.9623572576120223,3.4457122493867143,3.673550580734529,5.1662927750353695,6.277489802548849e+16
0.45732265804750705,2.9470153099671847,0.5724744050282862,2.2043366621858205,3.8692963931938342,4.127767773078045,5.029128178795636,309.243463036833
0.5051792384338295,2.9999999999999996,0.5438024520520727,2.0504019989434,3.6021120401985467,3.8527057867920473,5.459391518784451,4.448193036189977e+16
0.3730741291362494,2.9999999999999996,0.5893280330080715,2.027921583706514,3.757680452012379,4.013975886408446,5.493273451872129,6.3422368099028776e+16
0.3917916027695745,2.954159261980053,0.5633042916585386,1.8957863742709968,3.346650286309325,3.54183292089116,4.4662882264156085,429.012028666978
0.4452857227944278,2.920179528874453,0.5812241009615581,2.2225469781104708,3.8754595758460373,4.119353572663415,4.670835820605,209.89342283741115
0.4100736106814705,2.995856660631673,0.5593254399470858,1.8594154211047826,3.34396880661854,3.552245544231015,4.844815569023996,4566.633123259585
0.5446606134213279,2.978728756817863,0.5272540306576234,2.2500535497926153,3.8102864586320875,4.088961766903602,5.649259589474524,631.2823471503015
0.45683773648886794,2.981226688809621,0.5576596401149984,1.9475673977093226,3.451333123534834,3.6706402946892798,4.906660238341112,884.0284076619429
0.4696357846604943,2.971166017164212,0.5211765476219327,2.1506069768816403,3.6382219916955707,3.8885232255333726,5.278301349615534,555.1932014899907
0.41115185448601316,2.9465548988907138,0.5749005791763057,1.900862480204804,3.3668983798966416,3.5597791759388366,4.389608883097838,347.1450342836984
0.38155013968996954,2.922645387370202,0.5812727407662599,2.03825716246884,3.585020288564837,3.793107550641726,4.415008226439192,259.28808132724083
0.434593687554146,2.9999999999999996,0.5575081543874345,1.86533458756726,3.3503376455435934,3.561615845996152,4.90863049916596,5.316949253362364e+16
0.5057261154561445,2.9407221240948425,0.5581655554386276,2.2105396993397077,3.7995355685314243,4.051865644161861,4.9438638868000995,244.6752914474843
0.3774000421868432,2.9999999999999996,0.6147102433793559,1.9190401139942,3.6333476699496368,3.86571382485753,5.186032106219633,6.259215088747527e+16
0.3521118039454601,2.9955290301174076,0.6101010476203493,1.7884821102956066,3.3685704112350847,3.567197645338312,4.707238825107445,5038.37916843828
0.3694517475468933,2.9146562423727294,0.6000278025645615,1.9285294077749935,3.4298595462227652,3.6118038417273377,4.11613934673151,243.16671492238376
0.4005263384104567,2.943226314782838,0.6215492290399472,1.962590790658578,3.598476812107687,3.80316731300876,4.465360453191581,336.4580421070928
0.40320992176270976,2.9642775272548163,0.5672310995388647,2.0942459099126047,3.7158219245840614,3.9607335315499905,5.07187763632012,534.4203423622722
0.44347126391063885,2.9942029343342624,0.5818215871280171,1.912534639143963,3.4925443716685396,3.715487553195556,5.0183553847611515,2977.5441300263237
0.47376872408728604,2.9259718993945025,0.5737320552366432,2.4857675362047797,4.297603822170473,4.606491892274624,5.145884834880933,210.7561539858569
0.4110625860816136,2.9999999999999996,0.5540209985136564,2.155758904390116,3.8433885486769555,4.124411042523638,5.829821709834052,5.672877059306711e+16
0.4381660775286362,2.9999999999999996,0.5752311943488992,1.9126917843324294,3.4859723413348087,3.7113856870548863,5.092174955947347,5.2662562851516504e+16
0.4087676566208196,2.9407977473397513,0.5619381413464604,1.9595617877325129,3.4218466481938172,3.6226545651164965,4.461460090330181,314.88846765210025
0.5828852517104792,2.973007648137654,0.5053193527248104,2.299122088242678,3.7739027839837145,4.049874968131303,5.6484665216661405,456.74047716960615
0.5275591414340043,2.9999999999999996,0.5508107840317031,2.1693975952809685,3.82115580126345,4.1033749678779445,5.853846159796295,4.221283588818767e+16
0.457964446668543,2.9999999999999996,0.5449204443529826,1.8873004531916757,3.344383697595441,3.557834639572771,4.949843413117389,4.9996502802899656e+16
0.3982898921268241,2.9999999999999996,0.5808817204404588,2.076933952352238,3.810009714069904,4.07729573767394,5.632561115442964,5.883684674886363e+16
0.4835106695887278,2.9999999999999996,0.5736391324218914,2.108839187074286,3.8164920103441435,4.0900117261044455,5.712333767912636,4.6879049930219976e+16
0.45160511266160197,2.9136206187279883,0.5898442853259754,2.12819391675834,3.7231494263624025,3.942209508456975,4.421516350655478,190.3403169097817
0.3317174944641579,2.9530251042376294,0.5937072905229404,1.865226722874016,3.3888344837069053,3.579823926313097,4.401835180066292,505.6671559859434
0.40931078115408054,2.9999999999999996,0.5633710778847707,1.7909296913679287,3.2433998990987267,3.4393184843858258,4.688055424988843,5.701011328228449e+16
0.4173084487225105,2.9425621431793294,0.5761925778342293,1.9126760917616084,3.381378945594873,3.5744847522175145,4.370276035020785,317.0609679053441
0.3124748929400613,2.9365780792954568,0.6076731010514567,1.8953875748706543,3.4520209527792605,3.64037833548046,4.29128877509641,398.23512648900135
0.38154684816652706,2.939880525436304,0.5987145569228629,1.9335470570448494,3.4834578384373382,3.6805705663507773,4.387983879131169,335.59187907902975
0.48324219155693127,2.966036880075321,0.5015376643275664,2.036270170406124,3.3811047911528456,3.597645086426516,4.889966180971176,454.82627712453467
0.41208214311125846,2.955307310861157,0.5539597022927742,2.006761904286557,3.503919531703539,3.7216837594402703,4.737474685058412,415.27219475250297
0.37790221833223336,2.892522317000131,0.6212608238569358,1.9814179021675025,3.5259502535909246,3.7029326051306444,3.962043969261152,186.73591965448617
0.39764508712549895,2.9192424782893323,0.5829118671712392,2.17463494914355,3.813357088750303,4.0474434698183295,4.6018735605730265,236.56914042370008
0.509558861581424,2.973353288492839,0.5463374855327358,2.1794931596996014,3.7710229817558867,4.036032838622408,5.392525134953426,545.3619292053547
0.4873880216670636,2.9252856416343334,0.5461147568930872,2.3116329849158093,3.8941354687705028,4.157180116963356,4.937977518242188,201.84350667400832
0.36999148107465757,2.9999999999999996,0.5602362504807581,1.6172805697597579,2.939146111926538,3.098765570106019,4.145819520101991,6.402582757532947e+16
0.3628534709035568,2.9999999999999996,0.5718571642108042,1.7955103868643698,3.286107308377076,3.4844969543582156,4.723134316485641,6.546252456224593e+16
0.5238641681351709,2.9586105054159995,0.5135008794243451,2.1439899096682686,3.5629281018084473,3.8007394042255567,5.064771593203121,337.872964692946
0.4342633488453664,2.9999999999999996,0.5536344879884421,1.8826077625383655,3.3686534710475797,3.5830837774147573,4.955620602179986,5.321678956694723e+16
0.4711980282433104,2.9857292385393785,0.552091517125463,2.1715042341752477,3.815955484077806,4.089799164668929,5.601765728560835,1122.8316121500418
0.48087540447445054,2.945551621698452,0.5564203980230409,2.1359340298329426,3.6876585111724647,3.9268109343089916,4.8737924823423135,283.3992996407362
0.45890667447885447,2.9999999999999996,0.5651349617487301,1.7789775320883094,3.2152862037063654,3.4085984496278736,4.6478680761667315,4.987535632131237e+16
0.5191941822947702,2.8934209322069004,0.5820987212718692,2.2776763912077027,3.8844091954524345,4.117880071539473,4.3892427781834735,129.71872039572546
0.3553834809823423,2.9999999999999996,0.5811343900230208,1.7689513216071366,3.2648603207274323,3.458614393498652,4.656155993512236,6.702784235588913e+16
0.4610840274680647,2.9999999999999996,0.599670772719645,2.2148191484019812,4.115474471955265,4.423518573436223,6.105811597078069,4.959729830854649e+16
0.4154326994768605,2.919575530693305,0.5688365976435569,1.9877747005716795,3.4466781013733843,3.6418798801734256,4.2877949272938105,225.84926369929852
0.3942531784807903,2.956280646236228,0.5833338613707204,1.7480678707890722,3.142241527767664,3.3104649931512693,4.131643333528371,446.91912496178975
0.5119713001451301,2.8668342669618134,0.6003942623652136,2.2108686588941757,3.7673393605160284,3.967217190385564,4.0104283358467505,104.62124222806669
0.48152223892017965,2.9999999999999996,0.5496274744589161,2.1161276095408663,3.739664544962905,4.008487686310105,5.685280943477318,4.7109830406898904e+16
0.46365295280282165,2.9612567772949023,0.5994966333291207,1.8688754824685145,3.3892025912136625,3.5844601825381295,4.467824754415243,418.1152156997829
0.47279323154030806,2.9815385283460194,0.5539091867777745,2.1821394178189033,3.8316787781637838,4.105719480149984,5.55739109818252,863.2640063288874
0.4392982074518349,2.940180234907394,0.5488909206107846,2.108637171401364,3.6200111865503186,3.849705853455515,4.76844661855676,286.5027697547812
0.4278803284840364,2.9269858387115084,0.5952105497108208,1.9523586772847137,3.4665526415203947,3.6591440866540395,4.267403522023272,240.98076057224026
0.4717370033055191,2.9317099722207343,0.5808134318733399,1.927896975844145,3.3824652387631433,3.5718839381068404,4.263711930477616,230.0837883457747
0.4282241477700557,2.9999999999999996,0.5406320344212745,1.8743623956832642,3.3169640860058474,3.5268716530770527,4.903738683387658,5.4094328076064296e+16
0.433864247706747,2.9999999999999996,0.5429843447638673,1.8694045525528051,3.3142916486104634,3.523560105153752,4.892350219394456,5.327402789649257e+16
0.4137222508652283,2.9909230318008855,0.5267453552538385,1.7964003503576313,3.1361506240066905,3.322572080236088,4.540763178628835,2059.82681609732
0.4565924380377061,2.9970447006836305,0.5513326941950678,1.9066753369631535,3.391809040247399,3.609444197361143,4.985429311596002,5649.096463445874
0.5602706395401994,2.9285196636572586,0.5357351212191679,2.249493406648912,3.7399563970407925,3.986916212002941,4.854723860641842,178.40431138553407
0.36804366049214154,2.9999999999999996,0.599343718456863,1.8925215904672428,3.5400428407760924,3.764324538011427,5.077438232913216,6.4412344850678904e+16
0.4441167472557588,2.948618277245275,0.5918037609823983,2.062147924423866,3.6930215738094767,3.9219068399398993,4.74890428733389,330.25830964631973
0.4908608387676932,2.9050640364012583,0.5764314904235567,2.19792460303405,3.7685563695714803,3.9951615748702856,4.438138678118355,156.41965033471843
0.4368102241990338,2.9869221405004884,0.5551772709519489,2.164396437729604,3.8283360914839717,4.102560733246111,5.613713813945326,1340.2172447659852
0.3344584329389453,2.9999999999999996,0.5976418590688892,1.8740164522724598,3.5094914345538317,3.729172818735552,5.019110621591986,7.178489657247265e+16
0.38090158333471985,2.9999999999999996,0.5706444972373472,1.9347320647545252,3.525981446768019,3.7560922075412977,5.160127611140835,6.19339544355485e+16
0.6300763295956555,2.976647726380489,0.4753517002597483,2.370328420020716,3.7416435119016564,4.01735329888271,5.849529000044502,479.4457400575992
0.5155776478417662,2.9415587180422555,0.5307590358534454,2.0828931014348933,3.4990037531915634,3.7189108887106874,4.710272208606135,242.54321783177855
0.44310212801854404,2.9999999999999996,0.5386129124503871,1.9606906468602991,3.451109295660908,3.6798487229544583,5.1700450161239555,5.197557662371768e+16
0.40274574144097947,2.950679164786629,0.5827626479541991,1.9883396582783384,3.5525013397871796,3.766671976325103,4.636134550223906,385.81141918480773
0.46737694035303545,2.978535382323211,0.5536803232669294,2.3303141710339794,4.073732484117016,4.383600613884554,5.896708086076451,751.9394697898363
0.2784910979410612,2.95372072909864,0.6032911410164372,1.8534624340247663,3.409062001364762,3.59867889811505,4.397243143454756,623.7080715919573
0.4380295669793345,2.9691795736979296,0.5668182470674936,2.1285834320884507,3.772956133777602,4.028668431827586,5.221725863632334,563.467030433587
0.4640952060827059,2.9767084890550883,0.5412928030381511,2.0913480441120513,3.6275922058175216,3.873473514972258,5.221217688815397,698.3361202151799
0.551202951119832,2.9999999999999996,0.5419499211842335,2.230010833082926,3.87917014702276,4.173497783180152,6.02546259230797,4.0015756281555576e+16
0.4242319260042018,2.988785319967531,0.5436286078012305,1.9700078363899063,3.467776883920534,3.693941200188661,5.059510586878844,1618.121921352628
0.42958138193926954,2.9999999999999996,0.5578151456282491,2.0257727229588225,3.6296463412234528,3.878771201518815,5.4196516045475365,5.389496294381316e+16
0.4348399675417371,2.8418264695202633,0.6061725143935883,2.230098141064989,3.789374689016915,3.9774968188388793,3.8644747198228755,105.98606219931592
0.45287927261498223,2.9999999999999996,0.5360402747005475,2.03729444819639,3.566518449788314,3.812310295981565,5.406106172618723,5.065902836525329e+16
0.43684564681118226,2.976829160663147,0.6064418466307248,1.9545733018501124,3.6069354018625326,3.8314505356000326,4.907230196535882,753.8047908901133
0.4305793397262466,2.9502149017743204,0.5669680024164258,2.0813029248822748,3.6556369080472795,3.8880604101725487,4.832815071238326,353.61958362456585
0.4087348118678672,2.9999999999999996,0.5751092470946234,1.8559751131831876,3.391798438943877,3.6041141162571213,4.914945502582769,5.710314167936646e+16
0.4314333940142143,2.986836789462827,0.6015392312953619,1.9819129492643452,3.666916333104168,3.9042413075984053,5.138263137330871,1350.9110024886465
0.48258862314361134,2.9999999999999996,0.5419392651497651,2.109004289841622,3.6985025076999385,3.963115721320097,5.644913255203723,4.6985827659575096e+16
0.3479313044939767,2.9943787439059695,0.5832145107233522,1.7635973470169017,3.251963676049301,3.4420095708089793,4.579871174703668,4060.360775406938
0.4655700951596101,2.9544145019167534,0.570190763293301,2.1452193639336667,3.773459012509034,4.0229467635887675,5.01825442999394,352.8092229849437
0.43852517478505126,2.9714074790661247,0.5714960861425455,1.986237406792544,3.546513599692371,3.7711783730766775,4.89382330170972,607.0232505023251
0.4336900844223068,2.967470981574588,0.5757757485337659,2.1579665157745636,3.853468650087836,4.116596623922521,5.2667142537144604,539.815227583181
0.4423431864882319,2.919887856505242,0.5784215741479068,2.032065892794204,3.5406584238748455,3.7444679243560266,4.350793577014132,210.74183061438512
0.4243192491894493,2.9999999999999996,0.5434219105483044,1.9849878309332998,3.512552892547562,3.748367665545256,5.259844726313302,5.4675034855167176e+16
0.410473801841271,2.9556857200310853,0.604222871292835,2.042592269039803,3.722286492246846,3.9526073441320793,4.8123403204429485,420.7745086086842
0.5314198047224652,2.9394951641394638,0.5655121280572112,2.2293291330716456,3.84597182751217,4.102038585640172,4.939461584706705,225.67952960069587
0.43199186724372257,2.9999999999999996,0.5612520146375873,2.12992610579658,3.821095402293808,4.097299255612549,5.760125335935403,5.3543973147256664e+16
0.44060140492936894,2.9999999999999996,0.5397505529660434,2.024970023181915,3.5624277460882032,3.806519902934539,5.376823811140557,5.232169679940277e+16
0.4988689281933827,2.9640745496733962,0.5315052957112086,2.007556982360345,3.4262047921143353,3.643235064992521,4.813088733928293,413.6536856662151
0.4312748689307382,2.9488420270084634,0.5617986057363287,1.9234797667767987,3.368625524253376,3.5659370095334997,4.46086452914615,343.3220222760147
0.4259448798998788,2.958081509960415,0.5578339559106041,1.989498612104453,3.487849776024735,3.7037462798653187,4.726370692842265,426.45081311011745
0.46413728319548286,2.9999999999999996,0.533141560050822,2.0397109984860866,3.5572666135008664,3.8026075892999684,5.405709266155466,4.921177763542657e+16
0.545921990183524,2.964651616996403,0.5215312023186965,2.137133302291475,3.585491795962136,3.827203889359853,5.12709860312544,377.0178298691486
0.42241225031528334,2.9710134526909844,0.5721873183189998,1.8487333190108355,3.311944713450206,3.506604086373397,4.531159895833602,625.4391813545416
0.5597463598423844,2.9999999999999996,0.5345126172786647,1.9796924730958312,3.439987487494746,3.6705631096644185,5.2069156283288685,3.926751890837814e+16
0.46758246746283166,2.9407069317924437,0.5617859233334962,2.014871525557362,3.4968616871461897,3.7078627146438206,4.557969998570552,268.6116931015188
0.5134720726686068,2.993572845828263,0.5457177588151313,2.0886061584185875,3.6578208610903946,3.9140471626756344,5.47586604809663,2255.5249046308822
0.3995531418504381,2.9045526543644233,0.5888884254603509,2.0532748062236523,3.589116806119063,3.788789944083974,4.230777234388173,198.05637759243882
0.4253491361633172,2.9725815589293183,0.5853301862452212,2.057176205231134,3.7220507713426016,3.965856730819669,5.103709744346851,656.2416800033974
0.46650822128550457,2.9873770133469,0.538483942564754,1.9904679839113348,3.4712173906944335,3.6994680358299963,5.084844418651839,1285.2514707987273
0.40032045347136286,2.976149916790477,0.5609746915109525,1.9424497230804043,3.4584954890253257,3.6750267250986055,4.842055494621899,810.3580352085188
0.4985053112024726,2.9762694227858666,0.5750560758628801,1.989927324386389,3.5571916020382552,3.7854875741687968,4.960029914869338,629.3521728882198
0.4017970702611528,2.9354844148977945,0.6145562641604426,1.856802378086401,3.3681195215417032,3.547157981549577,4.164281782228132,294.2262665779781
0.4461766444749913,2.993523276370381,0.5400352924182455,2.1072672860413464,3.68603901056434,3.94601337270439,5.531851951058087,2645.5214993765308
0.4210242623788877,2.9639998002269974,0.5677649462899989,2.0286403123039047,3.598537427701886,3.8280008600904214,4.902251696027534,504.32836163861003
0.4574488693330795,2.9519574787252187,0.5496858484150703,2.0792643091967853,3.591159380434004,3.821223286896134,4.848355944834673,341.5163050965147
0.40574822673552635,2.9211337177249117,0.6101737993899843,2.0469002940035517,3.670222174197631,3.877953230758323,4.362949299926216,236.8184643582717
0.30855297859780784,2.9999999999999996,0.5927656178613453,1.7025320087076488,3.1836070939827965,3.3642346401102134,4.470935373917964,7.856802976110022e+16
0.49766103682855845,2.930332758986042,0.5481233026208029,2.194857747591674,3.7202059543535038,3.9607670083099564,4.78886688388279,211.49535162206934
0.4990021367520945,2.9556553036261675,0.5457922157394653,2.2908282814294,3.9176522161683267,4.197132892246542,5.359343117783428,334.0588747076591
0.4826234323486493,2.97098329756981,0.5725013435294574,1.9986548794937666,3.5579007785318617,3.7846858576075313,4.908821036087223,534.0623170895356
0.49207966304417755,2.9712794893426544,0.5447553155170815,1.9216938324014434,3.3412632141138623,3.5466869849150333,4.68921640114936,527.2658794922049
0.4631667048063349,2.907284988985395,0.5757756198233542,2.1479340608503725,3.6967887024484853,3.915522452491594,4.40234864495365,171.7481819766681
0.3813272155456809,2.979408817880317,0.5407710783556644,1.927138265361053,3.3822770644651396,3.593928898455253,4.82239600757659,993.6472877991968
0.5081158390692008,2.9523898602062895,0.5482480896290916,2.2793783387475135,3.8990872691309164,4.1738075916292745,5.274180616466348,304.1160668048332
0.3648895669299029,2.9977713975516735,0.5286159662112858,1.6920815487114909,2.990538342061139,3.1597013554562388,4.300674255420242,9714.115944168556
0.44921523197036645,2.995330312530318,0.5545286892957783,1.8797108500763784,3.354060898824366,3.5654113177962126,4.886844893571277,3642.3044740545743
0.5303593590973575,2.9862635257875905,0.5406456751323601,2.2492157717506545,3.8826471071665263,4.171733975939372,5.806724396115064,1012.3166522319485
0.41809896158620324,2.978996049739569,0.5601659392203973,1.8096269043777675,3.227612002458027,3.416707025740442,4.503092258128846,875.8494255085552
0.34929412782390346,2.939891828871951,0.5761964219223067,1.9067346626180108,3.3863793860447067,3.577925390706899,4.352325506721738,371.16591970331655
0.43752881627305673,2.928402261370388,0.5840478770588351,2.0005664931454357,3.520993857107016,3.7237697874005646,4.381937401469823,239.54315021215066
0.5369418344770469,2.9999999999999996,0.5383017080430403,2.1418656125179836,3.7242289415160315,3.995002226944555,5.735319981979947,4.131780064127305e+16
0.42679340377618424,2.9253897021897597,0.5642140755719092,1.8148982628480705,3.1497798239768446,3.314826343710667,3.9931410678471764,236.39697350129617
0.5099152188192304,2.9273561980223946,0.5514890009845967,2.426468945461373,4.096150706459857,4.387544720391843,5.130045247187102,196.78553157830243
0.4770403968332174,2.990110791072369,0.5283352310857732,1.967811122526343,3.403186405603144,3.625108572471756,5.03482954978695,1599.1193087168936
0.41266818863486937,2.9776602075357057,0.5632371853184945,1.9550251197113553,3.4865046437436136,3.706907315975126,4.895399033480797,835.6937217667385
0.5272335002020575,2.9944241614302323,0.5201775569009743,2.096382508506756,3.5749868425517555,3.8249911076925684,5.459434055461347,2518.739411314731
0.2915732679612022,2.9617204651221947,0.6231291952101514,1.8933928612915778,3.547440102981508,3.7500026344529904,4.582989055073524,718.6986039704948
0.4772842074957637,2.9907313217959053,0.5258503153719265,1.9217335994867655,3.3217621584151353,3.5333180600401075,4.900399561781521,1705.4965929951518
0.4329920856992442,2.889065485378387,0.5830291727737048,2.196909338276709,3.7735627948486834,3.990771399872015,4.282221753085135,154.39667655462407
0.3931769622758797,2.9790569061671683,0.5879404275039302,1.9116608293595216,3.4915411418759934,3.706309478820065,4.820238159375176,943.1080419812941
0.376741149949842,2.9081298647756006,0.5819059847046328,1.8480502702704131,3.2311613117900846,3.395364727317339,3.9225447197662113,220.41316377384513
0.39458750533523174,2.9911227071496485,0.5964573889431636,1.952348473676003,3.6162652190195357,3.8488950115768947,5.120306523610526,2224.7788399617643
0.5590271415276036,2.898291765952069,0.567707237793736,2.2216320783353876,3.741734485999926,3.9660704444282904,4.381551896969127,124.4274055569043
0.4342590694777879,2.9999999999999996,0.5911623624081807,1.9267906387839215,3.5613673947581304,3.7927253603514623,5.1661972449272024,5.321740274773972e+16
0.4308714226156642,2.9780806580600347,0.5703649244383208,1.8972540025108382,3.4030426009861707,3.611656901391687,4.744271549940836,810.1157835612631
0.49095017277618724,2.9646807685334613,0.5432754444142758,2.312344497551519,3.963395687021197,4.254267663327498,5.57171403962588,428.9814966829714
0.401556406565568,2.9999999999999996,0.5362340035010931,1.8368459457359312,3.247651805033631,3.4486742134617425,4.780100647880987,5.8284960258621816e+16
0.5675290024461593,2.892970233056353,0.5776751703393631,2.344165599463974,3.961449338200551,4.206539810911525,4.4518287263911285,115.85078901628997
0.4361628434402783,2.9590253257171066,0.5631644827844351,2.096457917733759,3.6850630761675545,3.9259383142018334,4.989783906923149,424.4973115874166
0.44319952798151896,2.945895026095522,0.5434925954215968,2.1489039794151847,3.6771615402834446,3.9181637453388896,4.93010029709333,314.10700646132784
0.45155543435128775,2.9172750116885604,0.572116599485163,2.180071858835881,3.7646637735848762,3.9969698014690365,4.581401194302452,199.02369065120237
0.447810754086261,2.9999999999999996,0.542128105221997,2.0121809155903008,3.547491068628055,3.7891290111613096,5.340615263883183,5.1334356899620264e+16
0.4341044941223457,2.924777614658404,0.5689636603423993,2.001344469312724,3.4741074967698586,3.674478100131251,4.359835964745265,229.8213827121039
0.5507747996169988,2.9999999999999996,0.534300536968761,1.9676870685487644,3.4218115448702364,3.64970607260965,5.16948068174365,4.005386487348966e+16
0.37954908187507447,2.981132697809773,0.5684770463458664,1.829000757250007,3.2975004718790264,3.493144352848116,4.598456228678562,1090.8865495785612
0.5077139470602915,2.959760381226721,0.5336657185922816,1.919185720168869,3.2805404099173034,3.4772762682000615,4.538435387628935,361.0617545751591
0.5180720223297994,2.9341295254872795,0.5231392795937574,2.2795120365446793,3.7639419949863524,4.019496313896707,5.025733582094988,213.39661432552668
0.4870310131692252,2.9999999999999996,0.5470851570156537,1.882306456891111,3.3354202986995385,3.5479603912507063,4.935092926807127,4.647509454907058e+16
0.3441891976715219,2.9999999999999996,0.5792936169458968,1.8573265066051348,3.4230470467647325,3.636504888205569,4.933884533201355,6.950077818042281e+16
0.48808154244596286,2.9999999999999996,0.5447728631657595,2.142675549841464,3.7636754693860546,4.03755916146447,5.758624722711674,4.635567644182281e+16
0.5262837593209767,2.916464438564713,0.5626195039836978,2.1518264532399494,3.6603456391299996,3.8834693161191454,4.505420262743714,164.10250161237204
0.4592239769592186,2.9669827458085685,0.5704079382133392,2.1912545047565413,3.882544808578398,4.152207140917867,5.330737109616067,497.18256952645316
0.5780587998841394,2.8840016430697637,0.5426751496577176,2.5485162436461724,4.132660437056468,4.41269872302196,4.701368943812914,104.16822022114565
0.4177162372415123,2.9999999999999996,0.5851443895998549,2.0682331912217204,3.8039986460875914,4.069794524594074,5.61060213815764,5.568168605808876e+16
0.3696455720482223,2.9695581882859425,0.5840645078284882,1.7591873663138933,3.194639141332703,3.371614498196113,4.297878940837361,694.1448527159505
0.4364787712397971,2.9864355913348852,0.5541846246185186,1.815634955044344,3.2304195745062634,3.4233612078298057,4.590802315372371,1293.0820387910342
0.498703601394797,2.9624828282475955,0.5460636068874248,2.3895112758984656,4.093032294473416,4.402341038538745,5.699723851677401,396.0485280361475
0.39987260517591056,2.9999999999999996,0.5716755642755987,1.8335032152155424,3.344095102830882,3.550804083703799,4.8385685974006245,5.8568317083358056e+16
0.33081728409559236,2.9999999999999996,0.5725128570934629,1.751467126959422,3.216936692486351,3.405883860521226,4.589366234288637,7.267413682809458e+16
0.4272974040293242,2.9795754989748646,0.5585913004989663,1.9221882382998383,3.415544590460641,3.62878586679441,4.82138455227276,878.3392076239043
0.4113364281473277,2.9999999999999996,0.5635100020050355,1.962928010009182,3.5446653332680564,3.779973337944177,5.2327729477469,5.668500769597598e+16
0.4826926070182004,2.9866532819582687,0.5633368386741618,2.1551299927937544,3.829628841770629,4.102804866835614,5.5827332251329445,1167.0136262268531
0.48740220752633123,2.9999999999999996,0.5649888126790437,2.080712595956842,3.7344672497005607,3.9985824853458256,5.604023425514335,4.643284050495412e+16
0.4585804866240336,2.913680450827199,0.5613658511708187,2.111171328119777,3.606101233104019,3.821095105184045,4.439363720570859,187.06543405403204
0.5091480778070304,2.958425114389763,0.5563171770127555,2.210002353043984,3.828058438394478,4.09235175605936,5.216694516683002,348.1234823470752
0.5145366803828111,2.947450596632661,0.5106164889026946,2.0484297159708165,3.3910738470352157,3.602564360566564,4.703167622491924,270.93790159244924
0.4478673738694495,2.9999999999999996,0.584069551302262,2.024934620852077,3.713498792733996,3.9679126705334524,5.466459591570154,5.1326728467575304e+16
0.3926400341314648,2.9999999999999996,0.6069145842522116,1.9566014236090676,3.6768570471865476,3.9176636227350246,5.292528918444572,5.981308246715681e+16
0.38175238477811624,2.9367509292787837,0.6065364864546079,1.9237120674685713,3.47938688919444,3.6726605992057157,4.327136137222196,318.4504916088945
0.4408081893626364,2.9999999999999996,0.5660761573103827,2.034460141794261,3.670381992299111,3.9235013838176744,5.463032573866595,5.229292723177788e+16
0.5570082451847198,2.9665778642810676,0.5230532621572477,2.0045577112575836,3.3835822914020723,3.598104573608114,4.81309896740098,389.2977831860427
0.4825352802048034,2.940518021246055,0.5706507521702671,2.3192369897513383,4.034990817227165,4.314979922242625,5.132466739910376,257.91271835460196
0.4430689408832228,2.8875290074907607,0.6007412452637951,2.2461940172872907,3.904585583758289,4.128272983831558,4.279162358051301,148.16087686274332
0.40598000563656667,2.989970325735588,0.567697457312991,1.8935066670077318,3.4181286766784913,3.6323224247396992,4.887626872269307,1904.7971102855377
0.36307338693624946,2.9419669413780007,0.6143884104856466,1.7967231012945224,3.282130412953053,3.453633847455794,4.116359617709762,368.18488410244294
0.4108007615409588,2.961379457594774,0.5942170459041674,2.1143274952875797,3.833568547951743,4.084054340213512,5.065228725549474,483.2923503890021
0.45664924601815243,2.936359411749459,0.5773943315155277,1.8914674435597334,3.3242719770794653,3.5092243422453846,4.244146626981583,256.97953566256973
0.3976134594564777,2.9957870102711714,0.5862009451289825,1.7553354658235985,3.2347757811945446,3.4239083180928698,4.568260590832898,4654.0523070872105
0.46558016727387147,2.904663264835952,0.527120198710681,2.211060799649163,3.636758868947596,3.8628833868094263,4.567814387053098,165.85157623835423
0.5360629848069763,2.978401250424045,0.5246524435290417,2.3203924280812935,3.9111977931227866,4.20595717346,5.832074240830201,633.8235596049722
0.44461740790888143,2.9567618026017786,0.5693230940961972,1.8693777214255236,3.307392654842533,3.4983227424350147,4.416278184593563,393.02323738861776
0.389844338884812,2.917430414209194,0.5595035859937846,1.9830541415028042,3.4172883097775957,3.610597589796322,4.277120794667975,236.56777009051225
0.47202597167530375,2.9477904528075234,0.5531561814599416,2.1400069041943848,3.6905485412034356,3.9317532243773172,4.919245051128921,302.38023081326696
0.38021397426224046,2.9999999999999996,0.5515827845208457,1.9376548490910783,3.470690258207415,3.697748259921475,5.132106408855464,6.2062250038003016e+16
0.4845261243236263,2.937364322406595,0.5837336098201821,2.0472790939198777,3.60526708064156,3.8223272281168685,4.560090570098679,243.46618406228694
0.5449205743186297,2.9999999999999996,0.4965340834135604,2.121854313600501,3.530511020651152,3.7794550970374217,5.560248963140106,4.058094081137939e+16
0.5087790181275238,2.9999999999999996,0.537486768328496,1.9131098684908352,3.3522803501873004,3.5692349116142634,5.009226051002937,4.410347709286362e+16
0.39459752396569625,2.9999999999999996,0.5826793224499659,1.8467191219028953,3.400434345785106,3.6117855459455543,4.900530545516656,5.94716839695036e+16
0.5149826040105426,2.94215260178392,0.5477372231322114,2.1781947396203423,3.7098364722030817,3.953870492732137,4.907603113341519,245.42468285733258
0.4456448419509843,2.887661760871435,0.5816703533450504,1.9525442259682386,3.348665541759564,3.5194591936735486,3.9053011750861697,147.33675719319314
0.5087276133427331,2.97877344126941,0.5539064001770788,2.0488798884192305,3.592073012657527,3.831597240692676,5.137514749662591,687.2168258538237
0.4187491381465715,2.9731446832345836,0.5660484926867847,1.8890570771918007,3.370340261901712,3.57404204394661,4.660187708240424,682.4361943002083
0.4509403598837484,2.9652874568926637,0.5353387236932317,2.345712921720208,3.997410205662539,4.2954954769863285,5.678277255667654,482.88226821634896
0.41253186377643125,2.9999999999999996,0.5527005873729096,2.0090898398851373,3.588000555692687,3.831976480531022,5.357699694657485,5.649464469219626e+16
0.5853565441943273,2.9501019713298446,0.5266203018030375,2.49377252252088,4.115375207337668,4.430829417989371,5.660723447062892,243.88560854570665
0.3655213833730118,2.9999999999999996,0.6070994171262222,2.10265781445046,3.9617631772623336,4.240210616476629,5.765309239271504,6.491897577466251e+16
0.4129858922416785,2.94806457440403,0.5559342077134256,2.0169868897625975,3.5133071240741205,3.7294225661279716,4.672640341340675,355.5796335303867
0.4360665700377188,2.9276713261108993,0.5570053224726876,1.980223622537667,3.410028516653885,3.6069792879838816,4.357389337022914,237.9938681668578
0.4109289728569553,2.9999999999999996,0.5460483721503655,1.6910435835927813,3.024850826918769,3.19709805713559,4.344037020900281,5.6750144590734744e+16
0.5335639446198571,2.966664457331017,0.5451869680878638,2.4383460665041494,4.16566118183214,4.4897712128264615,5.882248260200928,411.38105248197036
0.32533894830769167,2.9999999999999996,0.5641946352542863,1.8385677400237304,3.3509118998253573,3.5579277183073708,4.849563651548835,7.404955710591184e+16
0.3592099371543209,2.9999999999999996,0.5949338488342096,1.8575991707183843,3.4645206539863467,3.6800308965942006,4.959720885391412,6.621788493499335e+16
0.4620476924215734,2.9909282819449223,0.5632117033394489,1.8965561906887234,3.39742269137925,3.61163766858248,4.8935591589508975,1810.9777162226171
0.49950822589021676,2.9597648367400087,0.5523830485907192,1.9776783718936848,3.433790549839498,3.646000244725898,4.694397065838133,368.2427659746534
0.46058277916244506,2.947321885100726,0.5581012037125039,1.8043950073348634,3.1464646199452435,3.3186722357839713,4.156226168033248,308.47765309276593
0.37277738407723854,2.9999999999999996,0.5785095601852489,1.7963960692666394,3.303253344281453,3.502708281167661,4.7363683294684575,6.348002480556886e+16
0.4943710857696294,2.963546557468732,0.5187909190438111,2.4504391842344764,4.0690400732491305,4.383856401966263,5.8800906789753675,412.0376450766376
0.5009952716324609,2.9608739084168283,0.5188694999954975,1.9254577739187253,3.2512327756442967,3.4470088489636983,4.557767418897559,377.4738725361705
0.4940795734433021,2.9999999999999996,0.5444951605180001,1.9884182423206356,3.50392267584302,3.7400863874629007,5.264854198331132,4.568358177857737e+16
0.45218497470798336,2.9756606494170916,0.5852003638166081,2.076177983489579,3.754347282876516,4.004551901383916,5.195916692735703,688.8524106672737
0.3984616230292248,2.9999999999999996,0.5522434124590612,1.974217734816606,3.530610501298487,3.7662583013990076,5.247393145802746,5.880760699635211e+16
0.49719510498173014,2.9358453045630903,0.5415502813710431,2.0776788360854126,3.520158521723446,3.7381557109978742,4.6329948057652635,230.35883415375307
0.419663604622388,2.9264191737935614,0.6040381557660823,2.094200398839637,3.7451760383321466,3.9662400329922862,4.5101612464973355,244.53830359634435
0.4255688762653739,2.9894372962308493,0.5511740271142807,1.9147539225116275,3.399107660555602,3.6147327746676328,4.915923223026824,1712.0867527853627
0.5130781462757815,2.9999999999999996,0.5252565712342288,2.1769326908002773,3.7357015063227155,4.010506364729457,5.817980370196771,4.365845793678312e+16
0.5085694644419859,2.959858864616479,0.5397768850962057,2.152154997843166,3.676203562428846,3.924272188608685,5.110796082169502,361.22670784088734
0.4493154882172038,2.885073767051475,0.6245607839211553,2.415068279157196,4.270912391184963,4.520723972084097,4.356224915183732,142.50926692099915
0.46493680893764766,2.9317965442625393,0.5761151904073929,2.074691243084502,3.6241827221822107,3.8435101258364983,4.5600065792454165,234.38094846129016
0.36455470824098957,2.983039265086544,0.5888597718766325,1.8148883146353394,3.3341815440589806,3.530027585062274,4.6051105040216775,1271.4684766349528
0.5564531358083865,2.9999999999999996,0.5001812190098451,2.2922191013342124,3.7961191396961143,4.085714692942037,6.111194407967645,3.955322034819176e+16
0.3357625595702876,2.969131973398809,0.6134238185679786,1.968941062070339,3.6666631893293506,3.8902730897580216,4.857278842050541,763.2403045094717
0.41106560437764456,2.9993629846207766,0.5398471683441658,1.7526262353398012,3.112755958620568,3.296310588120962,4.516984970281195,29654.391471430983
0.39668246733947954,2.9779466498241574,0.5942365263128598,1.9769201179072844,3.6254633986268123,3.8551247934949995,4.986505991203087,886.1892489177162
0.45320506434352475,2.9999999999999996,0.5579768936270152,2.004700849804069,3.587614450271555,3.8314492879522843,5.350077118311671,5.061613660397061e+16
0.42116873774320107,2.9258629539895287,0.6137153381876005,1.9971442398298647,3.595124636173068,3.7955396566469917,4.320111394912238,241.6492779193207
0.5079490096351367,2.9796550691676953,0.5631816657452582,2.086827518098206,3.6901178636906193,3.9411829728098255,5.263471243091448,718.5327718811617
0.41485107723753245,2.9144507627240057,0.5843240589796544,2.0288263149751193,3.5494854880019546,3.7500724737659517,4.291500319811559,212.2921450041487
0.4163182786906692,2.9999999999999996,0.5808253128107623,1.8836208278060513,3.4562787600272977,3.675854879769175,5.012181624495679,5.589890539482313e+16
0.36141085765032327,2.9999999999999996,0.5717535458471835,1.9212687471409537,3.510738583936844,3.737929705455379,5.121525191961723,6.575977908094378e+16
0.5080061144012786,2.9553625662434033,0.5497338908094888,2.0988527312445706,3.6151819950649626,3.8505632066088733,4.921058733045238,324.7802279316811
0.5048266932339432,2.9999999999999996,0.5234202056584998,2.069088824439968,3.559262281955796,3.807709971403114,5.47062121117034,4.4519284440329416e+16
0.46227363742483196,2.9999999999999996,0.5352129314810777,2.1323492752421154,3.716744317042952,3.985141430923209,5.706090803278356,4.944648613115088e+16
0.37732395008788494,2.9443774610327336,0.5888935692561892,1.8926305765009277,3.394957111688055,3.586161868437055,4.35577829298912,367.9365685092169
0.5527424890209104,2.9999999999999996,0.5352369549878079,2.128285336345867,3.6862415826617525,3.9523262509708705,5.682661592950379,3.987921404069275e+16
0.51484529422918,2.9052752579071766,0.5667514848233556,2.522856880381831,4.264005081738938,4.561264759380897,4.881792312258899,148.04731523401497
0.5874491865708059,2.9999999999999996,0.4980165817245046,1.9138076741392873,3.21156896074906,3.41616883245161,4.906322652399764,3.699098813225615e+16
0.3743257600965669,2.9760555120506003,0.5932801299190964,1.7661403029808516,3.240446884714119,3.4226495089677083,4.391137369922959,871.8195467069835
0.41223551781509493,2.9687871755702178,0.577434333215428,1.9270275455330805,3.4626665976223885,3.6736081557342675,4.7152728640163835,597.0701177755284
0.489195732917543,2.965852836788199,0.5560076617024992,2.0231973594113737,3.5357792122015095,3.7622460240470694,4.890747286391124,445.7847068352085
0.4299953890682732,2.9717404171385695,0.5583520115447494,2.25218503426518,3.9595081430991583,4.245940736466271,5.575057834642754,628.514393605861
0.4488885164068117,2.869537077885469,0.6243859304747612,2.117968477178362,3.698988527004291,3.8824797805125764,3.9012289503585826,125.00163152890254
0.4875140196917596,2.9364376016253946,0.598883096142176,2.149571578062786,3.828700585588344,4.067675268704261,4.7183372113142195,238.08774317453793
0.4631515181502568,2.9999999999999996,0.5540298088405357,2.028571013452428,3.6123118798727423,3.8608820493615856,5.416878226486301,4.9335690070424856e+16
0.4273957397901342,2.9386822040349894,0.5665806790159891,1.8229371582478688,3.1923697796031543,3.365211462661735,4.129437969147144,288.47546536612
0.42530053825938596,2.963054984643803,0.5863378925625078,1.871151811600451,3.3731318209475747,3.569473942055792,4.502852243511393,485.52821099401615
0.3917167496905151,2.9336780962948,0.5900045451798579,1.9641673051261532,3.4988363046440405,3.6983002535131746,4.382743937544504,294.53579673045044
0.41830040179238476,2.9521299051437087,0.5807837845151436,2.2284070185904934,3.9654721030340236,4.235167803095828,5.165882116192844,380.61736785782
0.4083657947754068,2.9999999999999996,0.5528319779697274,1.9409064249443406,3.472846897603471,3.700712452014013,5.141666385735078,5.7162881858649816e+16
0.45883690810860345,2.976658863941112,0.5329686891673815,1.8475253124045479,3.203058953359371,3.3940952658839967,4.5426979955086635,706.2870931813857
0.5556409503271,2.9359127609720237,0.524015654679439,2.1374889718390597,3.540334744953095,3.765731407132901,4.745279058587101,201.53122215819047
0.4582703163662079,2.937993571912557,0.5737121821397784,2.0184380848841763,3.5354846711275174,3.7468235783295323,4.529133853304765,262.79782122717
0.47166045213699487,2.9999999999999996,0.5383575578494832,2.022452480573718,3.5452740062697012,3.7880061028477643,5.361982748243919,4.828316215205868e+16
0.44530956117428233,2.903608657531542,0.5884025313414648,2.6527101797378756,4.600564696879844,4.929808962484986,4.943917620151106,172.81296298208017
0.445261168474723,2.913736842597091,0.5663388010191837,2.1060045535329808,3.6171384243647444,3.831729285195941,4.42959371353675,193.8012896957622
0.4970955131969253,2.95563142190168,0.5667666800575533,2.4164448896592368,4.213269042999409,4.529368132988814,5.5894716844646,335.41246452770315
0.43463750005750673,2.926780666878746,0.5890978754553176,1.9671966293243441,3.474060108222717,3.6693241078321246,4.296526699626517,235.9315150216086
0.4023598366735108,2.9910295658407198,0.5788057511907692,1.9393885705714835,3.536043085290428,3.7631516569454697,5.05561788918264,2152.641012929034
0.4784271559210129,2.9246886120895157,0.5502681250282716,2.1768176955348886,3.6933857626844095,3.9273147972923583,4.690393596271926,204.67965626569213
0.3682023723454413,2.9999999999999996,0.5590242004858257,1.8397356021637066,3.3269841282692814,3.5332077504347037,4.838547455090494,6.438069771098459e+16
0.44452358674219444,2.9544605427807156,0.5646645451321362,1.9518545005830046,3.4318237247792984,3.6381682498650876,4.587270269263752,372.9644270404306
0.5477422370303232,2.9999999999999996,0.5093506263571856,2.170137194592441,3.652683505259575,3.9183484959861583,5.749545810488455,4.032549035255517e+16
0.39095964869481686,2.968699509638801,0.5678137309952931,2.085457005228352,3.7154216996233944,3.9614049007998613,5.120252302136282,632.9420648712737
0.4409323133862536,2.8912035548053194,0.5613887316164843,1.9441815134005944,3.2939041885161795,3.465494355119399,3.9489715394753135,154.2317583131795
0.4217115820823238,2.9082922758449556,0.6061521791970044,2.1238684631652047,3.761923354515337,3.97629650667838,4.337203658741225,193.886737409873
0.4418005683636697,2.913822369950231,0.5681116681350954,2.120882921531391,3.6487547281042603,3.866598151831719,4.454649592491462,195.7837553562461
0.41737456264722556,2.9648719824582512,0.5900498914479643,1.893591774425103,3.4291555989168097,3.631644770522921,4.584382450907353,522.2611881143392
0.5349472436209247,2.929942204573851,0.5257261637063806,2.371467523602091,3.9014143796166905,4.174734342521548,5.125481402833033,192.71603467750555
0.5086991192755226,2.9575996708100463,0.5557437579915524,2.116524360932109,3.668970236986826,3.910847798262555,4.9920851998933795,341.61376090599737
0.465856990702401,2.8752318529969023,0.6023818549069979,2.1176374973589147,3.6494830727738963,3.8397913661813807,3.9894351661784113,125.35672824644833
0.4048034861417073,2.9869042573498685,0.5617581179383807,2.0087058595784604,3.5946673894808514,3.8327213254062125,5.176673501114973,1462.2350004459997
0.4340312364871288,2.94583172146464,0.5809438092910418,2.1073026090263904,3.7354054244734236,3.9720141251547485,4.816231365702535,321.50910737255975
0.4981681321362713,2.9211595895422953,0.54322195835458,2.212374743912467,3.713344554162528,3.9510319660100532,4.712636212213468,186.07523897733432
0.38243980168710134,2.9167815453897545,0.5941754169843706,2.1257659529404562,3.7631835608662,3.9853883392903073,4.479193623533219,239.89315210730868
0.48739477459420144,2.965088511755349,0.5518050018131071,1.9654558893808936,3.4250001445844336,3.6377018627421416,4.733664773645521,437.83723169261
0.4198978917241753,2.8909416154354113,0.6142617542646686,2.063142783002508,3.6367518913946304,3.8271742402925413,4.0570370826047455,162.88213754351364
0.40959421778101784,2.996482421778303,0.5334879970341562,1.8287504115660418,3.218441538308742,3.41545332238009,4.709686573757272,5387.433894728471
0.5279176678844754,2.9999999999999996,0.543122169318125,1.8146668148555656,3.200313775243116,3.396827749118583,4.709211494185274,4.217805065838776e+16
0.5404276147521424,2.9999999999999996,0.5068571771445181,2.076073970756636,3.500801789060842,3.744031969338251,5.4451752220513105,4.099320232839416e+16
0.43956437468471354,2.8980362794101646,0.5900111750134938,2.028370806216581,3.521757313851113,3.711758141817662,4.10719984264727,165.55775094270206
0.44535556860804204,2.9999999999999996,0.6023808987784697,1.91998576535457,3.5800487684543874,3.8112882644655275,5.162380653913806,5.166701180021208e+16
0.3815967300763722,2.9986811556769144,0.5582520632592042,1.7593157549812666,3.1787461383761775,3.366590547200419,4.568754697365528,15601.582296768163
0.5177319455012973,2.964226006434312,0.5057375502161043,2.303940150051714,3.785855655316407,4.0596045940053935,5.537014656186041,397.27167717321913
0.42842093718602653,2.9999999999999996,0.559789978439533,1.840487602863849,3.3153790074658356,3.5215383892856886,4.835282882591003,5.406534323514626e+16
0.394804953504706,2.8701184346537465,0.6182957499979623,1.9464601273969049,3.4027392696473604,3.561200259508982,3.7253423857518317,145.81760295311523
0.4917200061316473,2.969210337864318,0.5431490260413387,2.23306114331733,3.8432789321036234,4.117873570529748,5.461653666746117,491.91965622209227
0.4425345037118309,2.971832261500216,0.5568917115016125,2.014547529308911,3.548825816773501,3.7778291258824277,4.9641687276019875,609.7263421451771
0.2901556020172011,2.9597150107999637,0.6019048665860767,1.9056552825232256,3.5102096913924288,3.7139691448609913,4.588033138581817,686.1515324726572
0.4794181105585806,2.9999999999999996,0.5559437740898195,2.0690614579543447,3.6838300603853122,3.942715321295328,5.548571467139273,4.735612363420769e+16
0.37946492614683186,2.877012455564051,0.6619107940499122,2.224376287465567,4.035834430625803,4.234214245254711,4.022314497143737,161.54701884111697
0.4872572826001169,2.947538039455304,0.537893044712612,2.219305266631873,3.7598660207184613,4.015374166092569,5.0899428979696,289.7374184262105
0.5061399543619586,2.9937919987536787,0.5434594849863175,1.9752982995039385,3.4639329603170417,3.6930578592200485,5.13048255200765,2376.1359426839244
0.3160019920788096,2.9999999999999996,0.6579461376659813,1.7134457683926092,3.3554955367076458,3.5422984365362953,4.594569339966512,7.650364701069616e+16
0.4894686454353377,2.983754788992591,0.5279581764855029,2.0926549774591523,3.5882258243421528,3.83441716702351,5.3080340490278,942.0599593723377
0.46357694320084575,2.9999999999999996,0.5502825765535195,2.098219976027765,3.7168424517594962,3.9815696845541986,5.631381412668429,4.9282148739246296e+16
0.44157659540313354,2.9002603265439664,0.6294739503922698,2.1893072374846927,3.9199596941748256,4.137691230453044,4.273034784378478,168.47497959502184
0.39039427863914444,2.97342365587217,0.5930322064891745,1.8368001018570241,3.3591452323563273,3.5547208393978296,4.5493613988876795,747.8818697490541
0.4502249950292873,2.953641122778588,0.5914412038146668,2.0215113414650823,3.628718463529564,3.8518447292840907,4.729269011471924,360.82537726289934
0.3888977137342299,2.93605886723685,0.5936743576488412,1.8983334382630581,3.397318257660592,3.5850439758810713,4.272537536660007,308.29957639651434
0.5108825799692841,2.920076098487579,0.5480652502668097,2.087733079212393,3.522823136883837,3.7342495979313366,4.461308596686246,178.00892740825796
0.48125585896912104,2.9080910450846718,0.578657736255099,1.9850036624806502,3.4246996144935804,3.6115820113258326,4.12921429727096,165.59918486521664
0.5505855422568992,2.971977671168683,0.5097453274040602,2.2382106851357677,3.707776798967603,3.972155925072256,5.486336053567553,471.82265593931714
0.42802782007425105,2.926842799796411,0.5638700580637303,2.152768790500417,3.719770531783473,3.952697556940684,4.676265648969084,240.40117736206096
0.4325120576201856,2.928526469391001,0.5690900384207892,2.138171484364627,3.714106704043739,3.9452345131013846,4.661040278243943,243.22830398091392
0.32140591723565476,2.9999999999999996,0.6121766305457668,1.7909074693397158,3.3957299131007948,3.59751753084224,4.778587167840866,7.506591923862746e+16
0.49182729613359494,2.9999999999999996,0.527313846376761,1.8990418196927294,3.3016145184628627,3.513072291503495,4.944349526547361,4.593403311818347e+16
0.39505968750744813,2.956989115743076,0.5685482851417906,1.8836523581369051,3.344290269579234,3.5388850275131136,4.468028773117559,453.32160265849365
0.5010779561376962,2.9665414203386886,0.5533215584485907,2.0240649394783294,3.5266677031405234,3.7530549721929,4.897773707847618,442.17107197167377
0.4433770426205582,2.9999999999999996,0.5731027114351639,2.167959795497092,3.930123477222779,4.219374272346164,5.905659984606407,5.193776443691329e+16
0.42947478189442967,2.9999999999999996,0.5499913987348632,1.8611725112834379,3.322242222017188,3.531167025933618,4.881237364092629,5.391057590549002e+16
0.37733255415120215,2.8937470969924117,0.6255828064056249,2.109957617388198,3.7727613327238014,3.9729729477920745,4.144607155080454,189.2948150261815
0.4075099140715733,2.8962132360080193,0.6001437414504106,2.0174325036507104,3.536055494852745,3.7231213863904333,4.071396641372709,177.5282566261979
0.40539310898333797,2.9679282621802474,0.5711644832933294,1.8826710423390975,3.367350507305427,3.567642045089144,4.58821272486623,592.278695918031
0.46222668740474027,2.9999999999999996,0.5557573726346521,2.026540553258453,3.6150897127803887,3.863612169070987,5.414148235194614,4.945242348132577e+16
0.3856520697068627,2.9573311805143168,0.5761884042826377,1.9645369754838133,3.5100377013882387,3.7227430109162842,4.671164998762523,469.8476440351504
0.39529327111559925,2.9999999999999996,0.5504926580526167,1.9022588087320642,3.4026752354905954,3.6212320782946774,5.016042856546308,5.935115576598183e+16
0.5017988588306599,2.973588840915342,0.5595250831411281,1.9515371261908927,3.4370943920691595,3.652642482506076,4.807715575613194,560.5200992467525
0.5149997611340424,2.9597577935328125,0.5413744714520566,2.155299302829199,3.684901689163552,3.933854564301938,5.114373070015745,354.8900269689898
0.5141518588493544,2.897137238661297,0.5390549930325267,2.1263275864612052,3.5133670651792537,3.7182898894997445,4.304862157002084,136.17396207871707
0.457554434581248,2.9252204096447554,0.5751197559927287,2.010753841655849,3.500837417685972,3.7030878794115414,4.366701770835876,217.3623934507116
0.4312542936602819,2.939757836435509,0.5671349788376999,2.010329903733162,3.5141780037482127,3.7249147235340896,4.548041171072243,290.6689736052088
0.3369505057710126,2.9371685191343215,0.5928648172868262,2.042013521110079,3.6703312997943587,3.889024671989313,4.597433986377958,369.45767646511706
0.43847996310628684,2.9064882525243556,0.6202918799095251,1.9122331452944117,3.408637053708352,3.58051820629638,3.9569045191231558,181.57263828248102
0.5214989237180877,2.9986603561372536,0.5539052632425935,2.0746610002313264,3.672126520500001,3.930513833568007,5.5341429533561355,10638.33383824595
0.42053024488867025,2.972521978903405,0.5711455973936582,2.121076625160209,3.7876662334002864,4.044848513801152,5.263342476060964,663.548735373523
0.4913002915824861,2.992328010994996,0.5313037514103339,2.2249070140003635,3.8281606869706466,4.112597486017848,5.84394424242831,1991.6035131589797
0.4189336834283838,2.9439078340929936,0.5885399291311937,2.0292438828290678,3.6225136459159866,3.841353672503684,4.629028468966269,323.3522463390033
0.4559985343649726,2.9999999999999996,0.5397334885966556,2.0796690815485057,3.6489075676505793,3.9059613372338013,5.5492009502109045,5.025088104118249e+16
0.3650929962846561,2.9244894579086167,0.6053120610541226,2.130734337864472,3.829374551567783,4.057774481319322,4.569490483251675,279.51444852429495
0.4031683666423259,2.960157682134803,0.5887740888145241,1.9502574161355224,3.5216323547343884,3.7336601547205706,4.6677325814157955,478.5503006736849
0.48521797347599405,2.9539722027150934,0.5774350170258875,2.259156394571237,3.9882974983157125,4.265223748270912,5.236436883065575,332.62101201640974
0.4532620281451853,2.9999999999999996,0.5448758650413967,2.067025911984476,3.6473824933983034,3.9029317894550353,5.520827992420033,5.060864342857249e+16
0.3400994871285498,2.951679112291263,0.555955638697045,1.8025809439290186,3.178405872015481,3.3538347740654,4.227650420094713,477.74225376207687
0.3644790683612407,2.8905970773458427,0.6235050758871711,1.9675852104938392,3.506694176143874,3.6801466753437952,3.926976513838564,191.05240655195735
0.5071447834191642,2.9696939228441552,0.5664394843355318,1.8275211194151288,3.2352960153031614,3.4232175682783272,4.435027784660584,481.66718391940657
0.5171129010855642,2.9999999999999996,0.5303827786501804,1.775815050855231,3.102929744619567,3.2887615424368057,4.562815566770199,4.32475360409693e+16
0.25507638524799825,2.9331826539890873,0.6298126339713639,1.76272898699205,3.266711339062998,3.4278928685464374,3.9880328824927274,472.40000791500995
0.4569733655188854,2.9401945605852453,0.5863673448403386,2.1095251351683717,3.736884111153869,3.9699977969366875,4.727348852704572,273.5869669610524
0.5488205228956509,2.996928139785064,0.5205371313733841,2.063950549899175,3.5241546258612724,3.767910502796267,5.395056516870966,4357.32193968941
0.43216298335736253,2.960923853427036,0.5419834869977551,2.228761186967087,3.833755057019645,4.1027186171030054,5.333776852201154,450.23100472548947
0.3279967893496016,2.9702807208421462,0.6063656012865879,1.8137167003971053,3.361716181207505,3.551804928517441,4.473046524085382,814.1915823821445
0.40415486029223935,2.9690721684489314,0.5550681953457741,1.9379548349036844,3.418875588400311,3.629615133494792,4.736355575607264,616.5982062684283
0.47627991604354775,2.9845558531673126,0.5246653619622711,1.9007951747876284,3.274287663895438,3.4780918085604484,4.764487343007132,1023.9876157245574
0.4245280966109366,2.9999999999999996,0.5829430735036809,1.7390582866225535,3.1983842945152228,3.3856452186630115,4.5571142907165925,5.464370625643701e+16
0.4974989215388441,2.968725296409095,0.5382152864402275,2.041024644540772,3.5107104838350462,3.7391110427257392,4.963546880780284,477.4841287017082
0.366511319782022,2.986573550909699,0.5764973244784668,1.8154133657767333,3.308501308065775,3.5050224908705334,4.633711796505814,1598.2919374688088
0.3335831636080509,2.948489668862373,0.5882609510304538,1.8274997652971268,3.2980436791683303,3.47887320824516,4.264781566814094,457.54012704104315
0.5385035607929549,2.9230936235639575,0.5641390642930291,2.6739194988068085,4.533258904517234,4.883620820366559,5.327469602084059,173.73647618967092
0.44621000643190106,2.950224249813192,0.5615737544834294,2.0814522325979112,3.6336046075605477,3.8650976920745004,4.830142972344355,339.22128109607223
0.42198554660166115,2.9999999999999996,0.5716544664900778,1.7968773136123728,3.2733481764777395,3.4717669341564634,4.720279119846364,5.502721609866059e+16
0.4190623268151072,2.913506399801991,0.5905348045885348,2.1366360694652755,3.7510561130455615,3.9725766802718296,4.447850325188537,207.45834012484897
0.45330941563237953,2.9809606311988994,0.5971048117051735,1.9877857111429948,3.6445897518910066,3.8787111378930197,5.051900350681677,879.5998301527347
0.5159393528959378,2.9999999999999996,0.5454638299857608,2.155543113770181,3.780180561563763,4.057191113096159,5.7983790489230485,4.3366393906068136e+16
0.40729894386692855,2.860779370767459,0.6031711772927811,2.3124182412465246,3.9778918071953977,4.195236084032069,4.116747175337539,130.80367133905582
0.555664407791227,2.922686819703772,0.527748899253239,2.0446147098307614,3.3846221602189934,3.5849080814851506,4.405906687011072,166.2941588063409
0.479957160667307,2.9526638249534405,0.5436776532228057,2.2676449914550507,3.8718069247760583,4.143589920002155,5.2695977226881965,327.51130018210233
0.5259328314782796,2.9416538509035806,0.5531278350447659,2.2077310168782223,3.7725029385557955,4.023470628921373,4.949160775854623,237.17044767505487
0.4036706237587175,2.9999999999999996,0.5520279105337516,1.8362663376594162,3.2918771658235544,3.495863225628889,4.809921983182993,5.793251885656343e+16
0.3838507129606544,2.8792300746303794,0.5916756331073323,2.1027167437947636,3.6348105108682427,3.8286901771183537,4.068550829326376,162.4866718551521
0.5306619920423272,2.9350587416916536,0.5455744131348241,2.10630730664796,3.5675336130559474,3.7907649670840455,4.664793851099777,210.3093864433405
0.48779377473502133,2.980792528913073,0.5455867297760314,2.176296071272625,3.784175190242421,4.053679689909636,5.516842984192537,799.2462271712122
0.4703301350438373,2.921249072102065,0.555415962455436,2.5347116689053455,4.288675692214505,4.603516309164416,5.200587985789873,199.5142634338169
0.3756786740796525,2.9305386925246615,0.5924513156401178,1.9279494683175646,3.4398554677298865,3.630558292234786,4.280331130924246,294.7168544311362
0.49308528129750545,2.994171704580405,0.5674547994931881,2.028986647433399,3.639461306598292,3.8872965275282843,5.344733151027991,2611.876671052226
0.4112548619895588,2.9999999999999996,0.5388991559283625,1.9563815433126581,3.4530905448883615,3.681249513039571,5.1608982835107025,5.6698036747816024e+16
0.535459531282988,2.910789412270479,0.5523799373211375,2.2944509568073053,3.8432014790424156,4.091381444118628,4.68194034832552,150.1770905626062
0.5623201500065328,2.9544174509601064,0.5387537416396291,2.248584717334076,3.8002618486895114,4.065201517812016,5.226723154581895,280.9740899902885
0.4582697579208991,2.9999999999999996,0.5781148165292858,2.0800874100447757,3.7888183059588,4.0560712332901545,5.631263800906543,4.995719299932329e+16
0.5298834313632071,2.956255938176612,0.5342474416083959,2.2112288990440683,3.737267694185308,3.994509521245311,5.187091763794402,315.0358896840486
0.5057466514847051,2.8607612960012556,0.583752142973963,2.202182056566118,3.695766192672554,3.89266288074626,3.9957007479030415,101.32793615948471
0.432481572216638,2.9665030142355207,0.5858608653028222,1.9980718065425604,3.603078400682828,3.829105332264852,4.861507664320302,525.7569561568264
0.41125165628783444,2.9771497712815944,0.5548876180821201,2.0534890503535292,3.6274719396286486,3.868706537434531,5.150143662320119,820.1481426889596
0.4530783154723475,2.9999999999999996,0.5738024851407525,1.9245578474195995,3.498862942661672,3.7267584095533928,5.125679306326119,5.0632816260131224e+16
0.4113014043823395,2.994467217505192,0.5674504120046023,1.9791911728460787,3.5750821884274764,3.811736512106953,5.208429338896423,3406.412683001408
0.41767121109289485,2.9999999999999996,0.5751828715640774,1.9149566503580984,3.495171121207575,3.7212085000287796,5.101550792054666,5.56886597045519e+16
0.4449308538752844,2.9749448964977128,0.5462074327609572,2.0522058312788953,3.5820458458469178,3.8193283057680127,5.099202582911455,681.8563028483587
0.351819345792748,2.95250104854633,0.5829133337050156,1.8994356137668051,3.4147513653547152,3.611828685477845,4.470518105627347,467.879405901786
0.3585697437639708,2.9999999999999996,0.5805859774968111,1.9539883536534697,3.5981253911774864,3.8346412188167487,5.2423368093758365,6.6352192423353256e+16
0.4423063074857286,2.890210334817521,0.601094900502207,2.0323271971847543,3.539520228363275,3.7247486161545056,4.020302270385383,152.22759594339703
0.4907784563522268,2.9999999999999996,0.5521372569978106,1.9523845281939136,3.4691113599927985,3.69878396805252,5.167092102784148,4.6051447705976136e+16
0.4934213521878321,2.958419979770829,0.5471196447410505,2.062574723482076,3.557015734934487,3.7860591800911183,4.883062671065415,361.44192557803444
0.3936757640261756,2.9414233065075392,0.6010699534378121,1.8175384265381924,3.27964235680464,3.4545089240898896,4.150082753780056,332.4470163105201
0.5159958740667215,2.9297727762833845,0.5460378086500045,2.2342785001849363,3.769362693154255,4.01727588456316,4.84873010640414,200.83274450384164
0.42659976849817716,2.944620491870591,0.5700533972506144,1.8965988075154896,3.3385113462972242,3.528927887860421,4.354620992727574,320.7502150375933
0.4020736252046321,2.9999999999999996,0.6031393197387203,1.796188880177303,3.3614451894046242,3.5636845814630966,4.77302585529144,5.8198397109533224e+16
0.4902257700861153,2.9999999999999996,0.5623902555633449,2.0408654041378607,3.6554335809403766,3.908883190401185,5.470659505366481,4.611352146843975e+16
0.5033035173015961,2.940353967666126,0.5573625554792003,2.2067016240021484,3.790355586650641,4.041502953624893,4.93319768991337,244.54221379425806
0.35784322270007557,2.9548594567015414,0.5875562823237358,1.8888181962069581,3.4110623735403154,3.607393902619914,4.470355461483248,483.3211884071004
0.49148742617213087,2.9654276679479725,0.5532381307210108,2.0128185868819073,3.5081274590638816,3.7315163577397854,4.857165934532601,437.7866665283345
0.33067678199780437,2.9999999999999996,0.5935936284958135,1.7000732407747892,3.1755683842266373,3.3557402802069993,4.46198392128776,7.2708842618445e+16
0.5038222046436175,2.9999999999999996,0.5447236847150084,1.9457616611837487,3.4308090711079156,3.6570198270641043,5.128816678542037,4.462600213092819e+16
0.4594849828346573,2.9393803810284527,0.5454252176269062,2.2516929350704986,3.8327887582785167,4.092691246752258,5.041943509845543,268.0976660485699
0.4457447073294755,2.938938808463191,0.5638161613317536,2.010140178132637,3.4980670422057822,3.7077106843791583,4.534484999755552,275.80578787017635
0.4384636471264426,2.9999999999999996,0.5368987937955376,2.3263562121838004,4.046368224257645,4.365846945606156,6.335554231547175,5.2620709789291064e+16
0.5007805787826548,2.990676246431216,0.5148810061190272,1.8566354789101331,3.178651865368892,3.373489555164672,4.680504644123846,1600.794281646642
0.507344251159609,2.990291256874162,0.5118643555103933,2.1249284928924523,3.586513379040567,3.837941171694459,5.468277395666038,1513.2477631373476
0.43274350418104174,2.9637335765488078,0.5601538926436559,1.9568879790900386,3.4482198313737826,3.6604512129278093,4.714640162264636,484.81174912352947
0.4712361247888872,2.9850216585118234,0.5495944136852974,2.0238510525249005,3.557957404976266,3.7950786876734446,5.163839023485655,1069.4327056661912
0.5078130982543865,2.9999999999999996,0.517690669471475,2.2672032742868855,3.8473320002953577,4.1411765904865945,6.08754914184008,4.420449980759126e+16
0.4451172556861803,2.9999999999999996,0.5344439009824202,1.9019112485715586,3.339776537208571,3.554186623937485,4.9750958335244695,5.169949638339426e+16
0.424659498804072,2.976208325354153,0.573177463839283,1.9624097330335948,3.523573406202884,3.7461178106409734,4.90144961740645,758.6336982670715
0.39788936279934256,2.95746050754005,0.5821766203059692,1.8090827303872286,3.2489286548311447,3.429601721497987,4.293013027736031,454.663487829375
0.3787307530320998,2.895261998954773,0.5646628396086663,2.0322078148283174,3.4760971740515925,3.66748514456759,4.156099590843565,191.32188456051585
0.35862379019417817,2.985136133944856,0.5939224607584284,1.8782776701435016,3.46970830237285,3.681258217931851,4.819790419130945,1479.1885083225961
0.5341316149966668,2.8936591945017476,0.5631260861928429,2.3782747057309694,3.9804705357575276,4.234848857265973,4.564937001658806,125.62296585741993
0.4524099104225085,2.98257531665822,0.5635757742614548,2.1074176961455544,3.748747592880472,4.007627719087489,5.382190324693046,963.8822122955453
0.37102097882856305,2.9999999999999996,0.5646726274583134,1.66350830653634,3.0308567136032103,3.200246709474682,4.296343810110134,6.382317774857339e+16
0.5121519444421097,2.94535917063629,0.5332510253780142,2.230139170453451,3.7479647840907075,4.00264369423746,5.074770621285529,261.84603748775936
0.43544465111264263,2.9999999999999996,0.5364892058072149,2.0766723641367344,3.6375886020180315,3.893162874898124,5.5345617248759025,5.3047984326404696e+16
0.5445661623844193,2.9999999999999996,0.528162264446829,2.152216990573462,3.6995635553528903,3.96895807003457,5.742638446421116,4.061321352652162e+16
0.5236858092215747,2.8912418822645654,0.5221334062335802,2.105085868972413,3.4167970827331313,3.6124162966333127,4.237167448892263,125.70648549728769
0.3844149646457591,2.981390485185883,0.5690573185850094,1.8598852803398025,3.352552876860613,3.5550285634829413,4.688673908127163,1090.0649335562832
0.4846163223795105,2.963267102886845,0.5203294271485394,1.9548072084687134,3.3100291845086,3.5134994580984986,4.664758865749247,418.7181805800611
0.47193737108723627,2.9672919958006014,0.5291197951341751,1.828395003186314,3.1427225084319574,3.3247908041341625,4.3880011496877644,485.9702684007621
0.346175719705362,2.9149545549788645,0.6160217454487376,1.9843606932185056,3.5787751026166426,3.770944550371276,4.206815098464104,262.7582070398671
0.4269389485238957,2.9686501968311156,0.5876341574417621,2.0080487418366024,3.632562127460918,3.8624877088997183,4.919325831737293,570.7008547043932
0.5097595279436544,2.926978257761528,0.567335768891371,2.1921881225902635,3.7701954518712193,4.00980687680271,4.704422021266839,195.8137753964829
0.4267956591728854,2.8886917856754115,0.5742322237667092,2.2667024245453984,3.864920271436631,4.09654461616779,4.396419370855019,156.46898759682253
0.4481374116731583,2.9999999999999996,0.532868169280016,1.948759824213263,3.41131014692196,3.635771221989348,5.118914077823482,5.129037256220594e+16
0.4724832395206715,2.937654091257167,0.5792459168725649,2.014191320748923,3.539169526789882,3.7494657197786663,4.506542739431739,252.05791159555514
0.39620224576822516,2.9050902776884895,0.6017015189896855,2.076372996098919,3.6670594299947847,3.8708915432433533,4.251884944295537,201.15889689705594
0.4466674409821819,2.9999999999999996,0.5800294144546356,1.9404957316719995,3.548432414429018,3.781274791109261,5.188772060508078,5.1488810270387784e+16
0.45188420981784205,2.998974129394781,0.5614379738854195,1.8084873495501548,3.256682257725785,3.455364740385597,4.722580140428216,16484.361366033652
0.4921721061146855,2.9591305993576595,0.5546096143091204,2.403442471658537,4.148104878540694,4.460994097255736,5.655592121372134,368.9322295058343
0.5036893947266783,2.9999999999999996,0.5463581073627608,2.016568145109419,3.5549425640820056,3.7981643659455995,5.357398498183632,4.464014382439205e+16
0.36233491494502545,2.983683215878692,0.598505903010524,1.6960103494684151,3.1413580445898623,3.3132787682912626,4.281288870078931,1331.1518777138485
0.5428602469446181,2.9290967358770073,0.5529226208972999,2.2601121511288658,3.825494000598048,4.078891915684632,4.860643842688666,186.98609168694355
0.4415460539613202,2.9594038712298505,0.5590796915882712,2.029570300987597,3.557447007277695,3.7827870610569594,4.834994597829669,422.3973764126346
0.4727624124767347,2.9999999999999996,0.5425286899475121,1.937669235062162,3.4179109595632657,3.642048260520237,5.102148843464982,4.814962423860884e+16
0.5552000328925965,2.9999999999999996,0.5315721719923558,2.190036499568566,3.7708261128604605,4.050730847832919,5.871061212778884,3.96628226532914e+16
0.5237792832782178,2.964390382879293,0.5586357585511597,2.102876955552605,3.665447605177909,3.908894757892086,5.0559614380722975,393.55834645109235
0.42099756188429516,2.9999999999999996,0.5801587275962509,1.9647640272750582,3.599258906315426,3.8381207561849453,5.269298405584974,5.5177490184504376e+16
0.48113805386021324,2.8940449242351796,0.6057208562532151,2.221851989863801,3.878032791003966,4.099909720377524,4.284265206232886,142.9941136609712
0.44156850651266527,2.9999999999999996,0.5824124856966326,1.8952097531533345,3.4754621374819346,3.697915335537041,5.049172956359789,5.2187377273437944e+16
0.4893309904335462,2.9436520888773168,0.5446272007033415,1.988157175711583,3.401028143838103,3.605583343904146,4.531698299236022,268.037401380523
0.4198846093336996,2.9999999999999996,0.5386204586005907,1.8992132140566989,3.354535123835945,3.569590759589733,4.978746612112219,5.534761910143219e+16
0.40167703079087186,2.9615870561867754,0.574313811974269,1.8803124432255065,3.3608463390170247,3.557604780977648,4.5112328666630885,498.72719075291747
0.41729682973809,2.9619381721822395,0.5593820611215702,2.207502228532304,3.8716030545801106,4.140346667541084,5.300482180901679,481.6324710153125
0.40839353178256177,2.969401239406196,0.5555425268084903,1.8826510962464957,3.325647004877919,3.524760760404331,4.593778928070324,615.8220710458389
0.4605523648223059,2.9665028407095657,0.5921080798144573,1.9549937441783458,3.536426057864271,3.7530124055245606,4.7476831133557065,488.3115933513657
0.4680869119043849,2.9681519561961474,0.5660456882016403,2.2315731464724475,3.9349561075453403,4.214520747277762,5.4458744129107375,504.1104089516837
0.5145926266414207,2.91698373328834,0.5856045734154217,2.106086260349317,3.6583643191705097,3.87355176546805,4.402027371994615,169.70898324621015
0.46392536803111106,2.978602177747084,0.5690936010871077,1.969624004868196,3.5175387723053713,3.7421318453290957,4.9420410078922155,760.951252174542
0.5201029870405839,2.9999999999999996,0.5040905262113138,1.9583307565052066,3.3147178114343325,3.531653702467781,5.070132874463552,4.294712217297745e+16
0.34078709230643267,2.998161986098237,0.5644591665873732,1.9315507870825592,3.5082143959019927,3.7356152825503077,5.117514723689172,12728.472093017237
0.4617311070929259,2.989470911905849,0.574001463212546,2.122687895006084,3.82513829903506,4.094793094952928,5.557953112269311,1560.8172848607483
0.5327259728755802,2.9254450192128285,0.5321595729858019,2.2138671678440023,3.674474455904253,3.9120728197581145,4.7685787588086175,181.73090676786083
0.48882399469265336,2.9700908128052954,0.547087748536695,2.0918993269151276,3.6290183628291426,3.871879308058565,5.121687551187309,510.1404426604742
0.44548963233867284,2.980126916492191,0.5675739588123795,2.058221945281324,3.67469630033654,3.9209063764490013,5.2111152545530395,859.8834115441431
0.5238854088431716,2.9404596672875605,0.5746057951050182,2.188899746463389,3.8141108872508256,4.062878853313357,4.868389389737257,233.42018356696974
0.409304573385816,2.900337754348173,0.5751431048481808,2.1271618365576557,3.6643020428333055,3.876024247855035,4.324331324646764,184.1991697539623
0.4598700455415884,2.9952529077609222,0.5434741552206094,2.2509361063431723,3.9359611126204603,4.234276810507706,6.008801781110219,3485.191466658998
0.4379462585220499,2.934868212484075,0.6131753107862458,2.0150699097628486,3.6413861788877413,3.851122043220236,4.455006367771383,263.6106924242303
0.6168371558353724,2.8708848336652624,0.5144454375670369,2.535531890621381,3.9594662655994894,4.219830375892168,4.630233604536487,85.90564542333621
0.4967889962971662,2.9999999999999996,0.5804091865039046,2.0372178967094774,3.7098883903408777,3.966457315268682,5.493980888343316,4.538530534103181e+16
0.6078035485627846,2.932523374297582,0.5255100421219965,2.2221128368323533,3.654086848284673,3.893732354368815,4.847119542260411,171.04947132237547
0.5202266496008972,2.9999999999999996,0.5144501152225255,2.423841316004082,4.069492584816783,4.401282985945879,6.580409702690763,4.293477216281934e+16
0.399802577024379,2.9255211379946617,0.5917367128331075,1.9203716350356053,3.4069926194350755,3.5930237080241327,4.204543256004423,255.46472620044347
0.4865896217782079,2.9999999999999996,0.5380469849669032,2.0256834820136147,3.545677234471864,3.7888996655040494,5.3697760921996744,4.6525423215657016e+16
0.4094513821175896,2.9903798105828177,0.5501194431817962,1.8926400648786186,3.3642015434425416,3.5753626718317184,4.862847108460304,1966.672905345605
0.37240140758992785,2.971726520475006,0.5979927303318151,1.7113968726921567,3.143603586426831,3.3128763680831805,4.200879428583875,741.6129208593468
0.3942189368537883,2.9999999999999996,0.5822012772168089,2.0418154299228215,3.7524475379760074,4.010990358071608,5.522693910906765,5.953744748363982e+16
0.3981724616420169,2.900821628764904,0.6102715722575671,2.1362349333533013,3.7870473828291673,3.998823535125763,4.276056107373237,191.12228940240175
0.5426169436948238,2.913862616122842,0.5766331600032306,2.423672733611606,4.149483689790131,4.4303385455936,4.830516103774376,153.19934299700748
0.4400987663604531,2.970521549918141,0.5342383286336073,2.061195771225999,3.5494499774889148,3.783529430585962,5.053430367881472,586.1396765791931
0.3922453552237933,2.986984155669272,0.606345635279951,1.9374654873271209,3.610041907869527,3.8374541681779246,5.023843442768918,1525.7012116648286
0.5072606326727851,2.986460184068811,0.5592047238832613,2.2087733021240967,3.8975579499710067,4.182844597644672,5.7225230064351225,1083.9011627169762
0.39166569535376955,2.9847368477584686,0.5805637318237592,2.0231537970632694,3.6815385591497587,3.9249847004083778,5.2094278973772425,1302.29546865461
0.5070348127268895,2.9349422993508756,0.5247147442583919,2.174887344344868,3.6133526882972773,3.847674463920816,4.8310002763476,221.80906583394608
0.33472142381429404,2.9999999999999996,0.5762337818557141,1.7680207234684022,3.255498606944833,3.448499289050711,4.647321474622391,7.172141816179689e+16
0.4885426143162317,2.9405995259687323,0.590228432118157,2.2456177819305636,3.9789239448817586,4.242861991974071,4.96462653032509,254.48918651051892
0.46874264197526333,2.9472596840298073,0.563425453922381,2.0673281729621054,3.60285838702129,3.8291646582079646,4.750650928650487,301.77100936828384
0.565137230477559,2.9333230083711466,0.5141287436451549,2.3302289316421407,3.7897770635143364,4.051375859003964,5.1025015286759245,189.54156495162061
0.503638947806302,2.967696463845452,0.5456607691829578,2.2524497574584474,3.8780524749195164,4.156748990345022,5.478913430737391,455.3627527747352
0.488529744360137,2.876707190708635,0.5552494485000339,2.201240370373359,3.6510839884572803,3.860151550029629,4.2084846463913035,119.94853236874265
0.47476049926685965,2.9381303051424377,0.5774493491270074,1.9365362992949042,3.400374229461454,3.5949014038573197,4.351903055986106,252.59286266668295
0.4375277357378861,2.977804890521789,0.5525351801862832,1.952273435266635,3.4423580659191075,3.660124348819487,4.873630305215922,785.7647310324232
0.47993725723936653,2.9999999999999996,0.5406429093194185,2.1895644108735386,3.8270536329650495,4.11151509921063,5.900252717946525,4.7295155598168616e+16
0.41912873881824714,2.95496207310419,0.6099142578476506,1.8925052779605422,3.4586233358605285,3.655936973990946,4.459881112002746,404.01028436843507
0.4563743929280294,2.9607273091373023,0.5710304078681918,1.888950020847832,3.35012144186731,3.5472028199073473,4.5062201154481185,420.1841544563023
0.4554458346000305,2.976482544495923,0.5650247675426373,2.0761825742295392,3.68662903615853,3.9341377750187063,5.197846986849017,707.1116207743871
0.43978548338717494,2.9999999999999996,0.549874341904586,2.0098221707328903,3.5722706208625117,3.8154708321227204,5.350910394607958,5.243547856196608e+16
0.4228846532595814,2.90634186557411,0.6069852606292262,1.7965524042565266,3.1773969901945622,3.3302801050752424,3.7737498868949872,189.10940475532675
0.43050213519151415,2.951401261251276,0.5577990391982962,2.0876987710736903,3.638959403524084,3.8723708820330818,4.8671208989183565,362.47345835329907
0.36020994644055443,2.932997205404156,0.5937990455339068,1.9919058182865124,3.5671631104648216,3.7724275596919403,4.4390679173290435,320.7985670076823
0.4212564573909093,2.9999999999999996,0.5530169622904855,1.7770619069628688,3.188333378549406,3.379505672238392,4.6238071847087605,5.513804360179284e+16
0.4467156611039741,2.8752086090964655,0.5856154021068806,2.542035975162087,4.3270868987647,4.603864912998058,4.511665533515992,131.68998186785663
0.4606661971168132,2.949643389786495,0.578616199491643,2.042238558203795,3.614560060395515,3.838571355458278,4.722784271885176,322.88396212617295
0.3837177178407201,2.993288811198551,0.5858286697306127,1.6755079751244908,3.087078192269704,3.2581825052224933,4.299099804641009,3041.0384612024104
0.5211115788310416,2.8933699748096693,0.5805251138096734,2.099722828109825,3.5799290045515852,3.7784729258052088,4.147892836045822,129.07755025500285
0.45842013709793483,2.9999999999999996,0.5380204426064176,1.9781959340833006,3.47428963982493,3.706738713583401,5.222326672487318,4.993785044417788e+16
0.5500234494196405,2.9446653347719733,0.5611241499728405,2.410631955540834,4.135496754701579,4.437836652217821,5.3516694574084385,237.03876687511934
0.5129726246818412,2.9184450765897676,0.5608436122196993,1.997211845010908,3.4079868717383786,3.6016275135721605,4.260195904980465,173.49530106470132
0.39312369098298255,2.963314253400709,0.5779196693362482,2.0986830606601,3.7608298904925177,4.00768316936231,5.070335542022451,535.6382181175836
0.39872451546754556,2.960487172646667,0.6044670931870115,1.7701313686063593,3.2375315637743904,3.41302160979727,4.234650225241353,488.80820342784233
0.38521054770383195,2.989069213382079,0.5926635711507175,1.795932577401425,3.315814509239901,3.51100445289433,4.622738077314726,1856.1929084221847
0.3980819975022268,2.9999999999999996,0.5766481147758876,1.7754647677337323,3.254260747608294,3.4487541570525533,4.664216509395579,5.887227767154684e+16
0.4058828380585439,2.9999999999999996,0.5524628995959423,1.8057911264645108,3.2400784025174305,3.437453261938316,4.714704129274213,5.756767218716368e+16
0.3419236358250564,2.9521949541937373,0.5894138396190096,1.8792317266572074,3.3982834335240826,3.5914394647766064,4.422564634411581,480.07559156781724
0.4495833862188253,2.920864121615955,0.5771399093729469,2.138159677708987,3.7178491190391543,3.94388267491666,4.546677277505014,209.38173855967347
0.37722840015646564,2.945307947643174,0.5828741409679343,1.9733921464949156,3.5234481175644787,3.7316182252943286,4.546132573895388,374.4230520364664
0.4022593738612028,2.9976069898895528,0.5652370280400674,1.8584158324217253,3.3646235439316756,3.5746502694926194,4.874981937280947,8089.4644793612215
0.5337799383587116,2.959460964833063,0.5207201753921975,1.9659982347521419,3.3096245026654136,3.5125205477603254,4.636424968332348,337.29413287017934
0.45185021131443404,2.9703940905179813,0.5516889843296333,1.9415469369073526,3.4041173637765825,3.6151315040561895,4.747164801008995,565.8041508314724
0.5760787097146312,2.9404848637489254,0.5201793135241264,2.432522174832138,3.9778684470166956,4.2690961104023915,5.389805950368699,207.887417446709
0.46576564190458236,2.9999999999999996,0.5426472925316281,1.9939094624316192,3.5140977811125533,3.75136824985128,5.281572873307473,4.900823883924936e+16
0.46302027169618926,2.983744198506757,0.5435269098477337,1.9786782993106746,3.462400673134438,3.6872018293770217,5.0097013544297,1005.7040333337756
0.46627098149960566,2.954091016125821,0.5884781085899711,2.006305009994989,3.588987046172622,3.808629607890702,4.697172354594572,349.66162292084147
0.3861239378692127,2.9999999999999996,0.5570593396133315,1.7591514464272655,3.176487876926743,3.3647007786243823,4.579513270504537,6.097447013705851e+16
0.4110768867932343,2.9999999999999996,0.5729765086006079,2.032738622428689,3.6994610385231566,3.953831066098344,5.474321892748472,5.6726483743141704e+16
0.5163131023275299,2.9999999999999996,0.5226006936741483,1.976659104611015,3.4058678950939103,3.632782326454215,5.174561020684112,4.332848163813217e+16
0.4599554782772255,2.9655596495678256,0.55592045411829,1.919282645750143,3.367860528278558,3.5720372595604237,4.6315517413269625,475.51545333075654
0.4927655402594397,2.9591697619799104,0.5293871291566319,2.1959950124229572,3.7116103170987063,3.9668667700567037,5.210265077244967,368.75896520188013
0.4972038912607888,2.9999999999999996,0.531182340418425,2.039679599642912,3.5417489637453463,3.7860267360744944,5.397005671264171,4.533991716806644e+16
0.4114088320443853,2.952554745375569,0.5877815903928841,2.0600298643315784,3.695720197173475,3.9270614445303638,4.814313287561225,391.55703521919963
0.37533881672775915,2.945463485543639,0.5786952100591629,1.989389866743349,3.5404198099656905,3.75187172908873,4.585402923719836,377.67308282993946
0.39926705399991175,2.967655238668649,0.578816540451719,1.9606445926966918,3.527526746502516,3.745524151845839,4.790758217264504,597.642920536018
0.4406381459507178,2.9540225775654188,0.5659968953495418,1.8701017964019981,3.2958356594914764,3.485242176136003,4.388662077391822,373.18037038726953
0.47252410601238526,2.966695118610949,0.541291985817523,1.9803326096606224,3.424543863263762,3.6397060455920447,4.789730007315522,476.461790835142
0.4085478168199639,2.9624575173357375,0.5455500611753156,1.9560947016240937,3.4077141031844898,3.6172931319736006,4.69754331465084,500.52923385790865
0.49900399389061945,2.9575920010369865,0.5614838044489341,2.000635154231542,3.49579197995065,3.7130347350450323,4.723811512988367,349.5420741600757
0.38167235956848544,2.9367750212095234,0.5748125829959687,2.0561614966487722,3.6254592311040055,3.8456171356961213,4.620315678917364,318.6509854299107
0.43175345425875644,2.9657162640065633,0.5875110189008206,1.9633197477355162,3.544553886439083,3.762433577042973,4.764839182335919,514.5674950395359
0.47223662522406035,2.9688533500334646,0.5651509247084437,2.0794955918934366,3.6721137711029472,3.9151623886296267,5.0834019409091855,510.2160942178727
0.5226177619487768,2.9459672355647,0.5681737894894515,2.3579067370791855,4.089200182692509,4.381645635031424,5.28057049879764,258.45181035012683
0.4385435345841535,2.9118387856427983,0.6005781062124068,2.0119825681807155,3.550366866422639,3.745113561561406,4.201935106644081,192.91412580075877
0.39636802988717634,2.9057240258588246,0.6083850381736491,2.121963394490633,3.7681857391207854,3.980795880749127,4.31368953978451,202.45770677448485
0.47444779112549124,2.9999999999999996,0.5163596318262672,1.8583386986500647,3.2066844769193454,3.4068408477522367,4.794138755657964,4.7946586324325544e+16
0.4962304043909616,2.9077850224162076,0.5973615135342126,1.9907720841494458,3.4770300743688853,3.6640777850369965,4.103918565565344,159.10060137792885
0.39771374162414247,2.961436386002878,0.5539158046552868,1.8691540473926318,3.28700101749951,3.4792639127298,4.47327492237477,502.4688606858199
0.4061752326377491,2.9528973061997386,0.5682165358028207,1.8026664206678764,3.192765257836115,3.368883210332436,4.224694980471489,400.34074541473655
0.5332075780512493,2.9127692659561175,0.5255224775405573,2.1371496329909476,3.5103741353055273,3.7236731376327614,4.491837436375638,154.48020922084476
0.5565035878138119,2.909401178726536,0.5295431865865673,2.061048684327594,3.3919587168856307,3.5886148327242804,4.302208333327893,141.00184654356423
0.5297442671621652,2.982873559929688,0.5165589736381311,2.2212324966306034,3.734229622929028,4.004842552809395,5.632851501361971,812.1633654782589
0.44844693676873354,2.892199675376712,0.5960225804080896,2.1730986106246037,3.7724563469234407,3.985587376940973,4.243177208389347,152.65173583473086
0.439098848780964,2.957404489024893,0.5356414652109582,2.1117107503738626,3.6124502805450374,3.8505774897952714,5.004040150196235,404.92763058032773
0.3828002211509442,2.9999999999999996,0.6074443849372165,1.881420379161971,3.538896537358593,3.7614386062822462,5.0535681709621505,6.158209581666371e+16
0.48398276709471827,2.9515545070649556,0.5538699177836144,2.052088001204898,3.550959635982072,3.7749472628064056,4.770886473172432,316.72412263702813
0.5513955943702642,2.9999999999999996,0.5152488599376858,2.0317621864144266,3.459493199057225,3.695767127578113,5.325859239208881,3.9998628938506904e+16
0.44659666105161955,2.9999999999999996,0.5580240191444781,1.993456377552599,3.57015499344553,3.811339150274798,5.315054941254843,5.149839812387375e+16
0.4234329219707289,2.9999999999999996,0.5811525750212427,1.9447195562679347,3.5656661244007535,3.7998158144625562,5.206805033757961,5.4808334120556936e+16
0.5424974748678271,2.9482419859495907,0.5638938004540999,2.2540595985581273,3.897120983221247,4.16496389583233,5.121322022870999,258.0368753580031
0.36603786271540334,2.9999999999999996,0.5638301575370807,1.7722508029607948,3.222355126624936,3.4144961260339226,4.635289524427435,6.48146659582368e+16
0.5208833162598954,2.9168687141247123,0.56707363189682,2.1306537015344307,3.6417615831416588,3.861219555650574,4.46952707140301,166.99709052755406
0.5022625468318761,2.9675472659900985,0.5226450532320602,2.0973602249465877,3.54448232731584,3.7805199150281372,5.080743627668779,454.7391506829625
0.39982988397980657,2.989363386266355,0.5444583578929288,1.900064809168332,3.3604652230152774,3.5717515489750635,4.8650403205918815,1827.6870490217702
0.49415309141511105,2.939550558717945,0.5347265869622826,2.2293248961124803,3.7466858315257388,3.9983432778320216,4.9976091027467495,246.59352071238177
0.5741696570260924,2.968757331805337,0.5354257713945748,2.491300917218874,4.195592382162683,4.5301118162903,6.040836505988632,401.4641496688171
0.5146509794169828,2.9548208142506502,0.5423544415176221,2.0953054404215106,3.5817209371065104,3.8143873446055774,4.904209575526328,315.8401464410295
0.37655853718159105,2.9999999999999996,0.5480004964523855,1.9837341577482333,3.538581716719155,3.7756787201813307,5.271317643145989,6.27521557886214e+16
0.5165642095258083,2.9454280246876534,0.5319393049295239,2.1410738322356284,3.601554498632002,3.8362371592136966,4.884350286499772,259.48207601583755
0.36908315215253573,2.9999999999999996,0.6028724433540013,1.8972886043707522,3.5591176771550916,3.784949286109731,5.0983379106380005,6.420556487884214e+16
0.4994380654084559,2.8688244656192183,0.5785189583532501,2.3773222498961584,3.989943588639827,4.2261205400767805,4.280644038358991,109.49823274725107
0.36177512364335124,2.972598871395888,0.5538034256858694,1.979612213749286,3.504317611455004,3.726503155050706,4.90019441175506,791.11745724653
0.5740961866800678,2.9999999999999996,0.5338651432672453,2.4937814145216235,4.259386876859763,4.620830535468267,6.854224849114561,3.806086771934181e+16
0.4546219210425624,2.9938208322407087,0.5300962823997513,1.9034790758131728,3.316038960281764,3.5265371317503664,4.894391991863135,2712.6748864381543
0.49006342165407635,2.9649641359407237,0.5368899587324136,2.0981967921435607,3.593997191881972,3.8327481651936157,5.058657673654763,433.42810765028025
0.4595055607178067,2.9252607338293077,0.5782037304705828,2.1826357995594226,3.803336765960875,4.0416878912354415,4.670587594748163,216.3930107651382
0.39465682775848887,2.9999999999999996,0.5530900197679475,1.6497229715419564,2.9740882817038754,3.1391384476881057,4.230843555392898,5.946139387133285e+16
0.4562978066162742,2.971774808047395,0.56274330520547,1.9211390002528872,3.403443434766488,3.6124355022580046,4.717404536102591,586.9442818865707
0.4566177182144499,2.925743062195167,0.5526131707138029,2.1156119522427246,3.610346679900531,3.8328800394347358,4.59650927371341,219.4613417006101
0.3672818487316598,2.9986784885607713,0.5905838298668141,1.7714809420832192,3.2886661878983388,3.4833631546616872,4.662655022860686,16265.367465596106
0.46706522967998615,2.9558659457231413,0.5479458194027437,1.8917147904574094,3.279740634442116,3.471969546890141,4.447438410884057,363.20964883963916
0.4302433520263891,2.9859352255574088,0.589103181845968,1.855724524952968,3.39747400806962,3.6035736897356543,4.74706282264965,1268.0180633928437
0.2767978601699637,2.925041206644711,0.648342492396271,1.897451516335139,3.5397270467590647,3.71954082081022,4.15054034567888,383.90746144740933
0.49620561262131035,2.941506714567192,0.5639298682537338,2.232962415563495,3.862262868342525,4.12138153144053,4.994980586210404,253.7469425095859
0.4089934037327902,2.9999999999999996,0.5557670897086308,2.0142839275469626,3.608386804958339,3.854387477296061,5.381061870079352,5.7061342481147576e+16
0.42619828377082863,2.949902917573937,0.5662234674009764,1.8774807146328105,3.3055162808412852,3.494537386240807,4.36682431429404,355.5974836041325
0.4557667512800765,2.9999999999999996,0.4948293501313646,1.9881902633611854,3.3447665735176293,3.5658869318647364,5.147582488239013,5.028101711542977e+16
0.3714189988713562,2.9079145394542656,0.5794344154275668,2.207940798973943,3.844482604103708,4.078639218370165,4.539165494208766,223.48471427482988
0.35493432450677864,2.8735924273383757,0.6066815827215729,2.029965209120508,3.545471181314716,3.7221775782793034,3.906169022342499,169.41058333897323
0.5111740895294296,2.9373305700501193,0.5373502564256497,2.0282916825504653,3.426476098663848,3.6341474632903035,4.542543843927295,228.20374550217645
0.4082476695695142,2.9999999999999996,0.5332197619441731,2.112872336109003,3.692191828106198,3.9558667818741817,5.645510328614855,5.718202796783323e+16
0.42175840348638094,2.917011456999918,0.5676959468426438,2.257809408807975,3.8903655166002524,4.1400130324729325,4.72687539166969,214.87201734201557
0.3435643524997597,2.9999999999999996,0.5843647614825079,1.9076436820684795,3.5297494060422943,3.7557174124181567,5.102849182912062,6.9643561709296664e+16
0.5031502956736371,2.9999999999999996,0.5766788659925078,2.2879941142274505,4.139303286928237,4.462183836853804,6.294597961461847,4.469762412819156e+16
0.5054115195095645,2.9999999999999996,0.5510894238339743,2.3466010297160667,4.12467611547581,4.45482417157781,6.427994284058694,4.4457347399130056e+16
0.44384532883420236,2.9903429871334386,0.5570978731361909,1.8206406334097749,3.2521202409162213,3.448449353421287,4.652816391284486,1783.3380235818306
0.5004175634375668,2.8679523039805495,0.5626275953131957,2.245941230684396,3.723260524102431,3.9347029952631836,4.165639384076999,108.48657961286206
0.3240097530490055,2.9744820402273855,0.5910760221521016,1.9410104251591693,3.564497272552858,3.7839185961175943,4.855679711691397,962.7019370583901
0.5015245439712316,2.8961664095838993,0.5632712848852102,2.2172974458918575,3.7363698876118363,3.9604540818013705,4.3938657237085605,138.9531947744584
0.4349745634309806,2.995920533104199,0.5348778795673987,1.916107918175081,3.36013371181064,3.5758327675294814,4.971044746514306,4330.6660126276365
0.3836539529465183,2.9887603214313834,0.5816477541464944,1.794388655224809,3.2840542150693817,3.4776245863658053,4.600906641110581,1813.39621497161
0.45700159322930023,2.9571955162565913,0.5475344067660174,1.9705105136371401,3.414451247584816,3.623747508650655,4.657766231725449,384.431662276147
0.4199794163914224,2.9595437232087267,0.557012043744383,1.9492450255371125,3.4217407537126645,3.6298024729830636,4.647548598159128,449.40097839998015
0.3821327960974186,2.9999999999999996,0.5440644013524198,1.905834995767137,3.3922300970896213,3.6103412347482777,5.015722999660453,6.1705385585358024e+16
0.500194944869835,2.993833382020545,0.5168823583207603,2.0127050609648287,3.437263359158095,3.6673632405058663,5.192367350162772,2426.3163536328757
0.37693848084906173,2.955126014637682,0.5571821480880245,1.9430456295210783,3.4160668663069074,3.621152495312749,4.594328249379376,458.26782191071493
0.48994619272256235,2.9623271627672727,0.5189917308256864,1.9590488461145787,3.309701888031989,3.5131644198031045,4.662603991477943,402.84625980685416
0.4313981812740953,2.9999999999999996,0.5717964392736373,1.9420843595670376,3.5292915833640897,3.761112440620802,5.180140235878752,5.363005546065243e+16
0.5974975726245514,2.9999999999999996,0.5123374320378604,2.1365545253371523,3.6003967905687815,3.8585923434572003,5.64470320120124,3.621741587721451e+16
0.46915922856066694,2.928528337491516,0.5554572108578821,2.3283566888246425,3.9698098478884374,4.241110964228117,5.001101049999449,221.03452018161536
0.3853872918122528,2.986225823501969,0.5808760728071728,1.7875141345803867,3.2644445310690973,3.4551502196004003,4.5503392321239025,1470.8452462071164
0.3728431114979716,2.9999999999999996,0.5754272642276969,1.9535985262564133,3.57701024527417,3.8125235096810965,5.230087529117296,6.3467246245025144e+16
0.31582554190867407,2.9905491458054545,0.6424434537852055,1.8696568412791938,3.6105156948256307,3.8262941262879733,4.926485740950075,2689.325502662772
0.34042813530059235,2.878393571529589,0.6041611018621635,1.975333855650422,3.458832359496806,3.6295673331408973,3.878848083247889,184.9183145825685
0.41699719031031157,2.907933877415593,0.5775127231984972,2.01384466019069,3.491382939886048,3.685257542718314,4.207909293024628,195.6484555225306
0.5112087220770891,2.9996072018547912,0.5337631646336402,1.9989593401399643,3.4801014490062863,3.7152871067009343,5.266423949986578,37177.92785781508
0.3975204170203432,2.9064165945410596,0.5918687211108266,1.8841853236454473,3.306937771549311,3.4761232025764013,3.9572779469065016,203.3231883387674
0.37118026348333905,2.992946305259891,0.5946328571558314,1.801109308739957,3.3417585771907117,3.5404014383891673,4.690184727358913,3005.0949279964807
0.4869689337097259,2.9820618068909965,0.5441203445993178,2.125069762874933,3.6970184462835056,3.954558438067005,5.394902460631657,857.8958100212175
0.44109648852545247,2.932450184974716,0.595811049158283,1.931744504096479,3.4388283000462483,3.630306707179284,4.280851812293759,251.8412051584242
0.5334353906655046,2.9669683685087915,0.5277402061232962,2.288223839981851,3.8526755672950843,4.132944022552151,5.542717801800026,415.33024840190063
0.4404697957780124,2.856300920990499,0.6142338527989285,2.1352331613496367,3.676994185568404,3.8570313524980055,3.8440661546827424,115.5032225142963
0.43465892321242966,2.8724042191428247,0.6011442741452877,1.932219961721426,3.3317863605692444,3.490166396418999,3.7309720796180104,132.86352098008805
0.4749736373197579,2.980466629169553,0.5568357760091954,1.974571470173049,3.488469596127662,3.7130467430869794,4.967242079920686,811.1543096507387
0.4974851724069389,2.9999999999999996,0.5191082233135528,2.0856344139017153,3.571559173902768,3.8224249904384564,5.513191423766494,4.530918897746852e+16
0.3898903791554061,2.922482238783407,0.6045245761031321,2.0949943402606848,3.7493370708656575,3.968407259135185,4.475489993148049,252.38694555297837
0.44626015225784527,2.93818329514795,0.5924022073727441,2.122324546322734,3.7775381359440354,4.01249397209041,4.720933641210425,271.9954116526227
0.4376847811483458,2.935969512367788,0.6043355001967469,2.1812824126566266,3.9190386749297685,4.165706142146246,4.7802960446383045,268.43296125294466
0.5094993454601111,2.9228833521525837,0.5513802659460754,2.023953462209704,3.434826796318414,3.6355119216388294,4.367768865869262,185.2705412760923
0.4547352685631334,2.964944971628087,0.5585372545528035,1.8112123778862435,3.1916990505784946,3.3737003608634604,4.348847907340721,473.41349699055354
0.47098401997552075,2.9999999999999996,0.5339620198021303,1.8772043181134797,3.2911289104013424,3.499712695034879,4.89314269739947,4.836544316660361e+16
0.44449991501757197,2.9335060253415954,0.6188371697745427,1.9916425096901662,3.6085503300705324,3.8122711854310105,4.385467294127887,253.63483956621215
0.4236650949665226,2.987716140015677,0.5787591772737511,1.9181230252277495,3.4854359017110665,3.7054775104401863,4.941970775704509,1479.0542662002435
0.4083789096772651,2.9641708378068996,0.5684942666925122,1.8390545060283996,3.2763397544171933,3.4652523780934392,4.430889574951633,525.0187063028002
0.4495200301081672,2.9144733394438616,0.5520981404488593,2.0112738745284395,3.4191170333739165,3.614416425181222,4.283591525691345,193.344330146792
0.3884964039456091,2.9999999999999996,0.5649815468301651,1.9299840222172433,3.4977271106495724,3.725633616744313,5.133380659989717,6.05471067563028e+16
0.39486349648819125,2.9484862634263993,0.5826263424829295,1.9918673410985748,3.556251846440915,3.769965864974923,4.619262325798483,377.6239698143271
0.4445282415245216,2.9999999999999996,0.5550605197197875,2.0265410247327162,3.6173825162435023,3.8658902730019924,5.4146753507793814,5.1779934700014456e+16
0.3706567016728357,2.951833740533639,0.5906066716426067,1.9011407818468837,3.431444690796098,3.628662084961441,4.460477929991422,434.73480175929734
0.5558695243182622,2.9709888222748697,0.5239635903604739,2.120411128701152,3.5767843459705833,3.81906424988366,5.174162721369212,450.2846892129982
0.5054101382481281,2.9385233273064135,0.5381032850639832,1.901568692900079,3.2285471635725966,3.412142886709478,4.278681091974383,235.92501546782117
0.44280297872127133,2.9999999999999996,0.5658021377917228,2.027615209742631,3.6569311285596076,3.908275086659954,5.440362836210541,5.2016775430921864e+16
0.48009647320358423,2.968120708165879,0.565631093056484,2.3367977218043374,4.108451649438796,4.414593424528992,5.687805940856541,488.6841937760253
0.504933418852223,2.942321151354259,0.5783732004173869,2.2418684350910802,3.928437720664684,4.1916729856172035,4.998175181219699,252.07020533762548
0.4403611162210377,2.9999999999999996,0.5700636838684241,2.061147505453883,3.731347765475326,3.9920754505376106,5.556543115012466,5.235516170053367e+16
0.543062822647509,2.9616699889352605,0.5588527575869571,2.1616397693698803,3.753270651811537,4.008184349539139,5.145958715770661,349.5760729566098
0.45340703002047045,2.937398109507083,0.5877793021738839,2.116363088402497,3.748289470924821,3.9810993350127686,4.70192139141555,263.5400650690678
0.4571364901834842,2.9999999999999996,0.5421954258454055,2.097078162624422,3.6865592999175156,3.9486280706004244,5.61029820802108,5.010336913015674e+16
0.40659520351988737,2.9999999999999996,0.5865764253039101,1.9218668445717557,3.545554930230334,3.7751114330198527,5.145341717385717,5.745103126617388e+16
0.4550513402740801,2.8930374945589428,0.5784181383587543,2.1423243389808433,3.668099397941997,3.8767638818743086,4.24446728272209,151.26593037438127
0.5257803418415586,2.904368154657471,0.57197547927158,2.3413785137568923,3.9789259168460425,4.234097627311517,4.622566603778989,142.91671946729667
0.445895779502315,2.9628164984790986,0.5381464957361245,1.9672532369807358,3.3938831128797333,3.604083114226375,4.715188406538511,456.4148046449811
0.45947180117598646,2.929427193878732,0.5603976564682287,2.0277410758886765,3.495002632487856,3.7022066134906875,4.459255659611637,229.51468567446983
0.5160507334922779,2.989184409582764,0.5193965107373516,1.9946608542305784,3.4053828617658772,3.629571230010426,5.078823377116549,1330.3098226786244
0.5187510093698908,2.89686598023054,0.56792569232397,2.4343283567864584,4.102599901333468,4.3724138327864805,4.663987197135916,134.35005577223458
0.4628847489172232,2.9099970919627203,0.5727305875768941,2.2374042809700607,3.843545514914516,4.082721398042095,4.576760221932808,177.21616621933856
0.5041175049652912,2.922730651399779,0.5495790874036289,2.2519642679680176,3.800142738052243,4.048128225221318,4.786881505658168,187.2724533959368
0.5605031855069654,2.94475887720456,0.5191930365082826,2.5182046945199885,4.115341402607184,4.430307023148586,5.634562438213629,232.01144699463475
0.5869876653726545,2.9393926100596013,0.5296460350351696,2.2335921556465705,3.7059022589657817,3.954174282394139,4.967693119068797,199.37127354029147
0.41344547238680196,2.8516248508880286,0.6039863459283068,2.0492032691324233,3.5045602746400246,3.6707185127433486,3.7433628014364833,120.2360278323794
0.5286750445870494,2.9301318886593095,0.5362974148358169,2.1550745937556766,3.6063401642129307,3.8353452918477235,4.711103933870347,196.04203830328615
0.4767199791677558,2.9999999999999996,0.5388638822037177,1.7309334712769615,3.059642981756868,3.2383076613058384,4.445774118224337,4.767512778218436e+16
0.3631304177086921,2.9999999999999996,0.5873375978962404,1.6916854751600015,3.1372698293051484,3.315026937855616,4.422220285543487,6.540572912158701e+16
0.47985703471465896,2.900568336391831,0.5861452812420526,2.242084004290792,3.868178197183852,4.100792005247508,4.432464779172946,153.2045659166494
0.5416596357579638,2.940158682175651,0.5139878453614156,2.0380897760018475,3.3664467694089226,3.5722550096752523,4.589062093802745,222.98988310972342
0.41985354572651673,2.9813148786303554,0.5549704980315496,1.8589178379504359,3.3018279770177954,3.50172606692703,4.66162805133732,980.5245169405559
0.4102586998937082,2.9480887417596953,0.5370862422830153,1.8764062098881908,3.227165830400032,3.412194635218831,4.3450183440767445,358.4904411764519
0.42529592357686397,2.989047214554196,0.5616193843473947,1.819241643880404,3.2643921041235626,3.4606267979881156,4.643572887549877,1652.130296687909
0.3613445248499679,2.97860125815248,0.5816079085466332,1.7920974090877113,3.2665868870093058,3.454641467161448,4.483391665346391,1016.4484064748948
0.5542648953050903,2.9999999999999996,0.5199301145797836,2.049434094938795,3.5031637309804324,3.7450567299072484,5.393381673929969,3.974493712104223e+16
0.3847847210906553,2.933468242357475,0.5855446536470524,1.9281800135867597,3.425278947054159,3.617423973069447,4.313091661878164,299.66913901437294
0.4022678525493345,2.9999999999999996,0.5576232202952646,1.8306217970896248,3.298497937034001,3.502247910810181,4.803120561718424,5.8165948171721624e+16
0.403737108999225,2.94484444613785,0.603633659616267,2.0089321266615556,3.636934637415055,3.8526096706281843,4.593509798150342,343.3389749507559
0.45071837178131136,2.9082517048046745,0.5622073825364043,2.0392246156015412,3.4814898630147533,3.6793163722112157,4.260521218127514,179.2860683752102
0.480013548273049,2.9465804565249893,0.5567764639795372,1.954834166176157,3.3891823271580983,3.5902677026569796,4.491180388030009,289.57618503383816
0.5558755974700221,2.9878565463453772,0.5299937287723699,2.3322175445693167,3.9659097420955587,4.272398337869143,6.057136937244912,1081.8404617514161
0.422246959643812,2.9999999999999996,0.562816511490892,1.8201127231849148,3.2899095967908556,3.4920908004892177,4.777435330766854,5.498757239978352e+16
0.5210176171414231,2.938408448968438,0.5380377106371869,2.0986349150602894,3.540164706426107,3.762786535506475,4.699846238126413,226.99278605810895
0.3845886804305483,2.9999999999999996,0.5881533947171056,1.9752349225219126,3.653980015188394,3.8968464264574716,5.32109196982317,6.125383321759338e+16
0.549722328013492,2.9999999999999996,0.5297482882903811,2.0306613236120032,3.508958332155436,3.749936645695777,5.358596437488636,4.014779479811068e+16
0.3768801159723125,2.9999999999999996,0.5655950310478994,1.7687352061251076,3.218166102534707,3.4097507591777987,4.626123068271761,6.269092600854065e+16
0.4606024716679693,2.9999999999999996,0.5309688677204293,1.9810223620116412,3.45476846016903,3.6858890732365275,5.215009957698488,4.965856879111919e+16
0.41832866242201494,2.960302951624782,0.5630401254352546,1.8024924854537425,3.189511725754034,3.368504921394656,4.291751018827102,460.2155331333685
0.5617058286750115,2.955361150516832,0.5283344226826284,2.1469130040256004,3.60349135832991,3.8433072088785107,5.015459883795592,287.39204152177535
0.34782023992394634,2.9379175002199043,0.6022528028479919,1.8119358951747502,3.2788229810519187,3.451361836337138,4.117860569142302,360.8431842930002
0.40472843800958896,2.9999999999999996,0.5439450523052974,1.914634754428157,3.400899072946265,3.6207809328225222,5.040519440143756,5.775756256212637e+16
0.48981810833628286,2.938861978471354,0.5399922341634882,2.2640131730432516,3.821307583612218,4.08162920748065,5.052150827384853,246.3418310682636
0.3979954269316792,2.8820524594991332,0.5957515181859343,1.9125056605832216,3.317491072590491,3.478960072524075,3.79907158527105,159.75077215447192
0.40839079518458316,2.9999999999999996,0.5584112558190625,1.8560757488118618,3.343485664312586,3.5530219138573025,4.884203840013108,5.715883113291708e+16
0.4581511661286273,2.872539002711313,0.5563949447108685,2.118185951634399,3.5240082810062123,3.7164272837480112,4.069220276729505,125.03440873357306
0.5075313837703973,2.9509419763602125,0.5664471554943545,2.133583503535641,3.7204387314203413,3.9634787185856823,4.927565927446499,295.40471177132304
0.4706913477006102,2.923433053152431,0.545266398129486,2.2113406835903495,3.7322044157753553,3.972309708508235,4.748676976186013,205.17169094528936
0.4426154415660343,2.948072205606481,0.5776373534704276,2.2460152877792354,3.9670449180115566,4.2370777306474015,5.127601090918212,328.0255838443011
0.4994106003049247,2.9805204751182446,0.5637707450762547,2.0892658773871875,3.7005586963249026,3.95304160258188,5.286990548200902,766.1227858294487
0.4133548455727946,2.9481602056205944,0.5729546841707697,2.087216380194263,3.6863178927428257,3.9196914855502394,4.8205848671292015,355.8784014866367
0.33495551014403324,2.9973709214600257,0.5886156089449682,1.7525874681719138,3.254470942174955,3.4442023008323295,4.589332605592471,9070.981192668442
0.43778980943299306,2.9340647920587952,0.5842503531795716,1.9177422712098116,3.388614830488361,3.5780861135213127,4.278848218842868,260.43624550335835
0.42670470821998785,2.8925874399727722,0.5808083510754587,2.0343042158308764,3.5011631639619725,3.6898535378633652,4.087303217060056,162.40283981370968
0.5090482334886901,2.987076911230693,0.530260931117694,2.155036243833372,3.6972940053342978,3.9605106144340296,5.539415017059811,1131.0621280404596
0.44822166674543273,2.9844354081458633,0.5400431206193606,2.1678329148486566,3.7676290579135308,4.03653440565155,5.558614935984564,1091.627697927443
0.464043785555639,2.977728834766715,0.5672857715915706,2.0386308994288753,3.6295899928631052,3.869319104588768,5.115812930756649,730.6762583757134
0.43713432874361413,2.9033607889057387,0.566808561535219,2.0576896859679827,3.5201557808371704,3.719285191524144,4.243842163802867,176.14023100271606
0.4943339059032491,2.886448645681174,0.6004741123742301,2.2439361877431416,3.8773906519380925,4.098132775260677,4.238912980392399,128.84700076125034
0.42250468019909543,2.9999999999999996,0.5681577534508632,1.8556437437698035,3.3675950977982483,3.5786491378933962,4.899629546965368,5.4948536694715656e+16
0.41121799719837515,2.9667808676695353,0.5684448667973382,1.9498537028021758,3.4726901978467883,3.68648068157706,4.7444883941078295,562.2384624351674
0.5409711078313701,2.9999999999999996,0.5338636877408105,2.200105062720322,3.8000637310641636,4.0836582080001556,5.910706498472014,4.094296882825774e+16
0.5170735471690705,2.9999999999999996,0.5439203706885845,1.95226591090553,3.4358516804231636,3.6632140680584526,5.1461303939549845,4.325151309317102e+16
0.4571617087404474,2.9654786189902618,0.529296356140606,2.0852263360132444,3.557331229469617,3.7923240664006848,5.039491127584556,477.8103262529057
0.47298301137529275,2.9807053890559367,0.5587370805830225,1.9782567271678044,3.5017386164728697,3.7276740844563716,4.983338153560012,825.3642360270251
0.4442200838758139,2.9999999999999996,0.5748624854237957,1.9655131225148528,3.5773456631001723,3.8153197444530687,5.259316300976377,5.182210303267456e+16
0.41205300537135214,2.9599966188510933,0.5470422761779494,1.8745292980958093,3.2707882158935715,3.4623527731801618,4.463899824324469,464.7258236294815
0.5717162254003634,2.9999999999999996,0.5300393995732342,2.330034571719686,3.982792574602262,4.297554642465261,6.315309503524301,3.825680439549685e+16
0.41649036923510174,2.9999999999999996,0.5806013980849747,1.9647850716195792,3.6019296158969167,3.8408912059225457,5.270660111858095,5.587208670293679e+16
0.38510783860639836,2.9950151543528616,0.5623858372630689,1.7798630839219092,3.2183924473252237,3.409486317643307,4.599266912200236,4079.6108085279266
0.43725497028505406,2.9999999999999996,0.5644086004882762,2.0312691808015737,3.65997915634881,3.9119505396179433,5.4498533081960865,5.279106400252313e+16
0.35092914582212886,2.9999999999999996,0.5640145949071785,1.7805168774691622,3.2412129077369,3.4352435712624785,4.663380498321207,6.7992953300040184e+16
0.4522823515566697,2.9999999999999996,0.5707608026874167,1.6978218784562453,3.0877315895801445,3.26459639851615,4.403996614190024,5.073777569557442e+16
0.4654469865306855,2.9107152896926114,0.5821701105133631,2.026102135210989,3.5145073880183624,3.7111396007779645,4.228310259325154,177.52265722736445
0.459931884593666,2.962281704264016,0.5780172650434229,1.9432923400115538,3.4664062671269544,3.6765757805542885,4.660020801730879,433.7366691436955
0.5188972561288475,2.8937446889735177,0.5366655827909445,2.160762290887812,3.5522338227830104,3.761441562314433,4.330056605034375,130.21857522011112
0.44107091895264905,2.939850875448962,0.5534413480761653,2.082060184446528,3.5897584890967997,3.8141150013287706,4.704801917294444,283.560553879219
0.3651099830164567,2.9999999999999996,0.5844878359769312,1.9167596520186474,3.540919655501541,3.76903981811383,5.129800447254725,6.500227466042452e+16
0.5282852114697147,2.9933745296816605,0.5092778743810645,2.1051173380656736,3.546191551582227,3.7934539867642494,5.4454741579962045,2113.850401768686
0.5010957258101253,2.921607133403672,0.6117488096903655,2.244474311947534,3.998636051646826,4.245900214747098,4.6249870238215145,185.85497554583011
0.42773009915608146,2.9999999999999996,0.5650605790362617,1.8392750400408588,3.32853436050964,3.535337255570914,4.841480738255539,5.41672133422145e+16
0.46353742161006506,2.926964988315984,0.5763266683770639,2.275350184500386,3.9574960696732817,4.2175920956490085,4.848515302782254,219.29568337844725
0.5426815976147809,2.932613513645655,0.5431270505992887,2.051674668489031,3.4636404034042414,3.6734635923860743,4.52201893313687,197.05994513264582
0.49258554574671937,2.9999999999999996,0.5190642325307663,1.8884030878818128,3.258800147362505,3.465777331446394,4.891914269235104,4.5849460664624776e+16
0.3655463534436746,2.9999999999999996,0.5724912752464113,1.767935628194854,3.2377756178441732,3.430183716571652,4.637061697920702,6.491392595869002e+16
0.3909443815460848,2.9999999999999996,0.5676028440667507,1.8318578078735461,3.3318834555508694,3.5376290355538447,4.826988473055424,6.011157835080862e+16
0.5217926458932554,2.9770790461153056,0.5512164893643794,1.9738098709052612,3.4506270314010856,3.67131290512789,4.902249622554798,616.8752785701943
0.48594349011610094,2.971111963472755,0.5125429622184179,1.8047913998363554,3.0632198422505876,3.239124215836015,4.33804926994257,532.0963261270476
0.4775165694640109,2.9999999999999996,0.5653178251030124,2.127599157428129,3.8197607453231464,4.09607461681017,5.75633250276974,4.758057066192054e+16
0.40807177864456945,2.998016723660083,0.5946093157740018,1.9221986066249368,3.56611531320577,3.795648036287907,5.129665725420256,9601.458954619222
0.4096915514737881,2.861273234018447,0.5755819252837397,2.3588989675064846,3.9699053263589303,4.201313947498612,4.252376603013952,130.40478998810912
0.3912798061599136,2.9656546301947557,0.5651322659921878,1.8443715631768987,3.284046633965263,3.4746565265342295,4.46308781712576,575.6949789643998
0.37195511399168046,2.901850032102698,0.5713509469693313,2.0380634138417495,3.5189932281713103,3.7152463199461865,4.219637586801668,208.89451982344872
0.4409087072548434,2.974891695276654,0.5691212805525993,1.8474607683208049,3.3038470216971576,3.499723216021596,4.56572498251543,687.6870912047198
0.48761052904709457,2.9564460982715133,0.5625293422520545,2.266166605491756,3.948002035675096,4.226134555322666,5.309579983619624,349.74924715814234
0.496850538883205,2.901688882919152,0.5572428536848605,1.9687927589350005,3.325258763618646,3.504877180336059,4.060329347802865,148.69940526434766
0.42932528033891976,2.9620874246394266,0.5843854927117602,2.116661981903351,3.8003576037140427,4.0508105245504185,5.079827383483046,467.8161928533194
0.4475449834827028,2.9483061502402466,0.5659659898475103,2.0808282118791395,3.6424569059334218,3.87312010486067,4.8003074481774215,325.2783105247071
0.3780269815240832,2.9864288948487423,0.5898575786426425,1.7463297914566451,3.2146528382460864,3.397612768277006,4.4442114100549,1526.3087119597103
0.3833566741587264,2.977565284004142,0.5791365744817186,1.8093754492256595,3.283397200309604,3.474190105486419,4.513149613654988,905.9040799865955
0.41733898483733534,2.8194339891915825,0.6175947060312929,2.0778611752356517,3.5136558528324016,3.66337245277131,3.544157670819834,96.62830896329481
0.47101452140557987,2.9582524410864597,0.5655581442270069,2.156403428562959,3.782863125431055,4.036854240736172,5.102938697994173,380.4662906536987
0.5189242382703727,2.9339049398247354,0.5657492957636465,2.1594474165504356,3.721932047858548,3.9587527625958274,4.735587338574343,212.23309407988344
0.41919740630503294,2.9511151683014454,0.5546449534141548,1.9439425467971139,3.390677437177623,3.5928338290899693,4.537617385701524,371.6620633464794
0.3732453973793307,2.992093438466252,0.6028398186082637,1.7096165209172904,3.189950341261806,3.369046649724201,4.413631850633836,2663.2536900839896
0.4014541952013708,2.9732165598172733,0.5819982961575413,1.9747197512222703,3.5727819471660003,3.797640139453445,4.903907729904259,718.5459733285978
0.4314964317631466,2.975006764035527,0.550291248937587,2.037534655280717,3.5751996846345815,3.8102350460821515,5.067468950594001,708.5466234260218
0.3534682999971324,2.9999999999999996,0.5728966837692898,1.7595946181323059,3.2268807297528546,3.4175676693577692,4.612925771685677,6.743981951452967e+16
0.45155529920955867,2.9999999999999996,0.5843217592477342,1.8773622182760585,3.44629802850189,3.664812409019226,4.994631718111745,5.083397149782001e+16
0.48961106212707967,2.9999999999999996,0.5213880325234308,1.929904555925257,3.333386566720153,3.5499903177880885,5.027847358732514,4.618272567634534e+16
0.4231206554725551,2.9999999999999996,0.5660558664777374,2.1905599752871554,3.9476477375462546,4.241208530936916,5.966086819281838,5.485543050518969e+16
0.48733092720725324,2.895003697006222,0.5591336527582087,2.0305614412882846,3.421777922308622,3.609519714921272,4.108323763967569,142.16295293493138
0.3970818696062471,2.914757919501036,0.5853925343530971,2.0281466597976254,3.5578232985172127,3.7588456418778384,4.299937063835275,224.14491995762046
0.40339786677416606,2.9999999999999996,0.5600879011303227,1.9947201836917572,3.590823534768879,3.83311210787132,5.328155640605661,5.797778006680424e+16
0.43669716440974077,2.9858392672575653,0.5646942480827772,1.9508552844124882,3.4930056664061118,3.717166613872273,4.991217899498475,1237.6568358073664
0.4658707898544761,2.943932828914526,0.5862804711399514,1.8427160142062318,3.273533001004018,3.4532251723705274,4.210673374685986,285.6159959725887
0.49178457419478633,2.9574614348994714,0.5550428586817079,1.9459765207028819,3.3864566624986634,3.5912165730041754,4.592415806142242,354.5897571717304
0.4225298577784081,2.9242162148669926,0.6025002575232015,2.226030058095956,3.970215502623103,4.218060649832639,4.695374515354072,235.37992902918995
0.46043888516708326,2.9530854673025044,0.5799989407658519,2.2290406027937553,3.9517752295292774,4.22147494033383,5.167119898928866,347.1804777836648
0.40302352273573633,2.9999999999999996,0.5580845666870058,1.7789013215006386,3.209565666122967,3.402075985930187,4.641270758127627,5.803999834007809e+16
0.4556986784701184,2.9999999999999996,0.5411498155923914,1.8736010667643979,3.3104943060759924,3.520088206871846,4.899062821811528,5.0289873659625304e+16
0.4008024145304385,2.9085255868857782,0.5874428777765447,2.039005518967039,3.5682256304416766,3.767537992352278,4.249381046322886,206.19694316986948
0.5108317225890566,2.987265352848369,0.517466120149226,2.2379822624591776,3.7769687766995377,4.055175993501932,5.76217312875044,1143.0448840541117
0.45619731537669583,2.9119253252421045,0.5711165928227817,2.3435860661634256,4.022446592841968,4.286473924332627,4.762214388995245,184.3571057902088
0.3534942552568334,2.908976762386311,0.6044466576265599,1.9690569976808512,3.506681363061236,3.6930862698089406,4.133132856143454,239.26460318123367
0.47956658353477233,2.971817601399499,0.545886895487673,2.196891638574839,3.803646512226191,4.072295720648838,5.419786648424238,554.2050934337774
0.43781559584916374,2.9414879203737683,0.6107943199086162,2.0417761223901723,3.6988142434479117,3.9187670430923163,4.594822475266686,294.19866023756333
0.5708965361204665,2.9999999999999996,0.5117731306747596,1.9729632195384699,3.3510429307508933,3.572856504736707,5.129121432908713,3.832466572354129e+16
0.3852825819815759,2.9791397693360278,0.598101219023724,1.9747692547888736,3.6392158946251056,3.869578303283482,5.003625167585509,969.2083721166618
0.466404608688441,2.9999999999999996,0.559973825864596,1.9173136074708839,3.439847097287001,3.6632812451729317,5.074463482061612,4.892875862571262e+16
0.5089765848279107,2.8829087215776394,0.5737722278215605,2.7820855115026295,4.6658150863578705,5.003274602662151,4.816171024618698,120.49980685523646
0.40832707493505416,2.9441985002567113,0.5896791784315132,2.103373344583001,3.7613201453424425,3.9968718295327585,4.7870778373818315,334.88309892016514
0.5988558013281472,2.985609800739904,0.48864723473097416,2.161291686433087,3.5222658744979873,3.767062937412902,5.438215075890369,831.8829457931053
0.4262181588019475,2.915982846643641,0.5950031069646792,1.9816454314629548,3.495258965048663,3.6871262844364976,4.20597632836343,209.5833538695802
0.5058055163770874,2.9771651053061787,0.5340868752196366,2.0980176067515828,3.602180304419968,3.847173129029553,5.228579067137669,642.9107088735481
0.42147037008078503,2.9999999999999996,0.5724651644941,1.848165723028625,3.3670305649537697,3.577089740141494,4.883971328954392,5.510548738333426e+16
0.42905995421182325,2.9999999999999996,0.5545587553331335,1.9531240315453073,3.4939665575878656,3.724906773938335,5.181582776728846,5.397140664629502e+16
0.44488771936598825,2.949657051102642,0.5712098405574545,1.9301901328135191,3.4037825345167656,3.603553442477038,4.480408375850587,336.5057154533976
0.43886364263835403,2.9999999999999996,0.5592206113743526,2.0156975413578238,3.6146264171739646,3.8615475709523595,5.389343088605617,5.256453998019523e+16
0.4165652912244662,2.9999999999999996,0.5625792903565202,1.7837742397782954,3.2269336929349617,3.421129695358542,4.663248706769955,5.58604177394516e+16
0.4937116529839212,2.9999999999999996,0.5314535968306477,1.8322042891633756,3.2041080171623135,3.4021843893267887,4.743842934358866,4.572433807258028e+16
0.5697892611843676,2.9848747521760886,0.5063143254693876,2.5776975148049632,4.21428571747432,4.5675139605599675,6.646199420075799,841.6921738635087
0.47414539722106985,2.9999999999999996,0.5712205593217767,1.9262679994220024,3.488505432501931,3.716207578852606,5.123935382155739,4.798290952327205e+16
0.4988724055439588,2.9999999999999996,0.5174086943938889,1.9324057282153977,3.3224115231337366,3.5382850844584657,5.025018085122225,4.515814936733654e+16
0.44750263845455807,2.9115741541440716,0.5823028381830883,2.3530374639389042,4.082048500046975,4.3482672571430205,4.743233780372532,187.80983635876254
0.42269478064356797,2.9609723572468845,0.6186433401921286,2.2348079380103503,4.135835494991654,4.416223954180019,5.292706341257124,462.5950699352808
0.408893882736079,2.9765422115252713,0.5856530518209258,1.7808995585200782,3.240323290941385,3.425027219559301,4.423497374861524,804.080567172488
0.37757388244266854,2.9299210580902897,0.5919588027148411,2.104667344426835,3.749703812415005,3.9764247099761234,4.609280926520621,290.38200464477904
0.44624147923103025,2.951540146108108,0.5699280348135581,1.9463224930695582,3.4312342239359106,3.6352813716871486,4.5391107010858835,348.55914892218635
0.513305935594725,2.9975427345761934,0.5337606470445868,2.105018975592357,3.6484737692058093,3.9074124024433154,5.568359844976334,5909.617677130735
0.3723885822127989,2.9999999999999996,0.5650683673822082,1.8499813583776774,3.3613647006858045,3.5708798351561444,4.881742899858416,6.355570695375727e+16
0.5073015445452619,2.9578154475236684,0.5557332762710882,2.2387555420336387,3.872870103157739,4.143521497536814,5.271443766470905,344.5253531858224
0.45359990259026617,2.9999999999999996,0.5503134251046596,1.9507736915557616,3.4698886128793753,3.699100891488529,5.16248469772895,5.0564237180578104e+16
0.4169761635530093,2.978937799983876,0.5607115541688759,2.162589037503833,3.8357466217997214,4.105607359978104,5.4769291293806255,876.1427816284062
0.31094765047633266,2.9954251119805213,0.5763596866012298,1.7389761282397402,3.2011690554074446,3.3857999881712892,4.510615909481614,5662.262191168257
0.4889778858401069,2.9999999999999996,0.5469041717624277,2.1980106535702104,3.863898128356436,4.152667468156549,5.941051334564909,4.625419097724772e+16
0.5138447152597783,2.9999999999999996,0.5706476446372436,1.9328426964123375,3.488352508085401,3.7172455401121103,5.139429382722974,4.357988972711609e+16
0.45730345806331596,2.9912382752821025,0.545034043241099,1.9107792543472764,3.3687362952064994,3.582849305904192,4.911605955341105,1898.2414489567902
0.42403476590478195,2.897972347550627,0.602277120100146,2.1038506563183756,3.6913346084778205,3.895106170892012,4.20480188112708,172.54996488931357
0.45826041162707126,2.9999999999999996,0.5561405616627708,2.0095164588846712,3.588302309245728,3.832818309573429,5.361061538879551,4.995839558746183e+16
0.36761089497655314,2.950625996770497,0.6007173477771096,1.7721709122036604,3.2219915003031976,3.393064955683043,4.146570444752011,427.9347297883868
0.4122471726162328,2.918517490091859,0.6221914177888492,1.99237689878867,3.5946509294879174,3.7890032863193497,4.2215191250275765,224.83452866075893
0.47180545147067754,2.941922644896576,0.5609542967283419,2.045734179040452,3.5472809889368655,3.765324062441462,4.6369198962002525,271.4388177740652
0.4672515662181802,2.9999999999999996,0.5402864073101117,2.086762513932096,3.659655823112295,3.918470891067149,5.571802695526562,4.882374175831793e+16
0.4527801882816824,2.9889201033317065,0.5100937577056975,1.9770728300425604,3.362434836118656,3.5809986272155383,5.016857564115979,1517.6010002315393
0.423119741304142,2.9787099752399366,0.5756038938232046,1.9425656448702828,3.5014292400157254,3.721300059489075,4.883941276368306,852.0851630727683
0.5700347701381266,2.9639233086482286,0.5158497090131007,2.2376921050433367,3.711081801589023,3.972167307419513,5.354437057959973,350.2184113378401
0.4840798912074842,2.9999999999999996,0.5495255134434648,1.8874147376538457,3.352165619280374,3.5664094397289245,4.956605429085248,4.681333420476827e+16
0.3913797283533858,2.973524814598377,0.5841720997362286,1.8684846863606102,3.3926340929170955,3.5943465721225447,4.629396499837936,748.5918497070455
0.3954243489761581,2.9999999999999996,0.5591749394076079,1.9923515430223253,3.5858073979724434,3.8273784246321942,5.319658467789346,5.932849588944506e+16
0.44888949621837265,2.999780672782676,0.5212592352564723,1.985991561013304,3.432652664563482,3.662075926245212,5.206383744602995,77729.66602514806
0.45666464381466276,2.9387813311471644,0.5435893333642968,2.135165129888335,3.637538967795332,3.870862816160448,4.802974931535024,267.355812411473
0.5248639393603582,2.9999999999999996,0.4856567381764854,1.8586551148532262,3.10368416935546,3.294437375953864,4.711837730608553,4.247585328103368e+16
0.4467273662432556,2.9363684837851607,0.5684122301812735,1.9052902103853029,3.327719245265339,3.5150691268723846,4.280790438912745,263.7502712284835
0.4574161287547101,2.9999999999999996,0.5471332361124929,2.022632733194033,3.5797993857765635,3.8251822432623155,5.383764010402731,5.006723224330821e+16
0.48737022114207873,2.9999999999999996,0.5251176299128486,2.1887914976058584,3.760888726148353,4.038996593015208,5.858592755181286,4.6436479066232184e+16
0.4911561308045704,2.9999999999999996,0.5310216894886778,2.0038103069462045,3.4843946174584497,3.7203686220772583,5.283541618618904,4.6009110365498264e+16
0.4988018046787832,2.856174948585121,0.586099724066741,2.2455223933688426,3.7669409422316766,3.9684904545686583,4.006881121918322,99.57959560372527
0.43813772208009,2.915669150985781,0.5396697501190745,1.9079688927177167,3.223493662818703,3.3992699156964603,4.107374379831497,202.1607788895492
0.4667441552464407,2.9999999999999996,0.5379110591243489,1.806957624524446,3.186838636727742,3.381215198893704,4.681907323083095,4.888661143466246e+16
0.47975225350206885,2.95466498942711,0.5567509412449808,2.1073022229679887,3.659751318845071,3.8984320063893483,4.938846150741575,342.3739682267946
0.39053333441087407,2.9999999999999996,0.5732961265254933,1.8449872727727574,3.371562031884484,3.581162942633308,4.878904145274211,6.0184327775814536e+16
0.4553125485188717,2.9039099213944333,0.5743213986588231,2.278410296489959,3.9071634995357885,4.150993062884843,4.56387942167422,168.89991084782395
0.521958965114282,2.9999999999999996,0.5197614076885368,2.250690234792445,3.8266764188625686,4.11711789604633,6.038573652926308,4.276238335661743e+16
0.43819271359327966,2.928700936089137,0.5612991079903782,1.9017204794727105,3.2915697677049462,3.4740151701218123,4.202910272575502,240.14442168512124
0.3912108859941116,2.9999999999999996,0.5603413568227891,1.859358362647777,3.3592117535041974,3.569940377733497,4.9002882972478154,6.0064492591353736e+16
0.4466043621782462,2.9670459994314506,0.5958348863502038,1.9861673199173413,3.6088297515170833,3.8332134039724712,4.8371956457437975,514.7676969853704
0.49500995880956306,2.9428779259123226,0.5757031125456401,2.0666080296373077,3.6228872356530677,3.846937054147125,4.672972465908762,260.71159496729626
0.5513095488794746,2.9452259428772667,0.5225306878708952,2.2240933275880432,3.686806837452151,3.9359321077127345,5.051758666865421,238.8262612197305
0.3738965194760309,2.98440845029735,0.6149316911046434,1.8854788941333276,3.5360677228422026,3.750419590041039,4.847388377054373,1344.4027445392255
0.5599414229778026,2.9225883082137014,0.5618927051036908,2.074195940306518,3.5318501083890954,3.7419144573382925,4.424901205386218,164.5200146226039
0.47683483230232065,2.997115296378246,0.5385081459328515,1.9769948455792967,3.46401290386328,3.694492795580022,5.176896195027513,5497.686339358162
0.37648684974692803,2.925221623024092,0.6065605700724469,1.9854836654784644,3.5683997394706846,3.7671418057225194,4.319058720449241,272.5939258202918
0.517343917091382,2.939306928412682,0.5622795732349802,2.079305260024761,3.588493469482321,3.8111851883895733,4.65458008770436,232.40369898358674
0.4107028124767394,2.9826928470342593,0.5635768130150293,1.9967256303531784,3.569986934816824,3.8029638312372183,5.0819027694173995,1086.5184947637488
0.4177250803170952,2.9719129558258532,0.5473845872354702,2.047840619582419,3.580846478970825,3.8160365793977156,5.052990513014138,654.096723899063
0.43549814325910635,2.945614270570092,0.598076636042353,2.119480382574604,3.8111509341804317,4.05115210290372,4.819403776344606,318.9389995168184
0.4925559472458656,2.9999999999999996,0.5331246449855619,1.849348546804484,3.237509493536982,3.4396371347698906,4.801248941764842,4.585275709197387e+16
0.4681351736123455,2.9419815125057327,0.563004073829646,2.041581420382414,3.5477986840323577,3.7652951217613344,4.629046881219678,274.2475639461728
0.4192340185581958,2.9915393868737574,0.5430314419873332,2.0124333601782545,3.5430464786026934,3.780434056426502,5.224006433462239,2176.631940161751
0.485441103132161,2.884040231184465,0.5446671175110923,2.1440349955255327,3.5435436360106953,3.7459287579675458,4.215752010537256,128.83066238539493
0.470521675914682,2.969127625060294,0.5572476907894313,1.90338902524193,3.348499280479332,3.551253367528919,4.63073652796929,517.0233444177513
0.41407872890245645,2.9999999999999996,0.5718479403442182,1.919840208440265,3.4945158676592416,3.721145802136702,5.111292604852539,5.624995084288788e+16
0.5583735845886044,2.9326497731094547,0.5349064678239639,2.0081500760537208,3.365196988062368,3.5647093355954502,4.430646640461144,190.4037459368136
0.3826030545074003,2.965173693011306,0.5969528578436281,1.8452479116034128,3.3703405815881,3.56348339145955,4.477520474497805,582.4570051293144
0.5866413556314131,2.9507004964562498,0.5220968287464475,2.1345812403743687,3.547075761163495,3.779063868962375,4.914855996219119,246.22478939291304
0.4768041330393185,2.9334028620150647,0.5632510837641681,2.1535122814230245,3.716300583509019,3.952346752693913,4.740128631691761,233.09185544255502
0.47056509664979596,2.9732699617776306,0.5252555429722936,2.310838873167049,3.9085941161030897,4.199404173640515,5.730922740801308,597.9137757938179
0.4378903224786986,2.946257464624357,0.5431294316369649,1.989417863955132,3.4181927599159754,3.625297495406615,4.5823782841742675,320.7634784802029
0.4998819358122868,2.9459340422488176,0.5524998041804274,2.1258342059448747,3.6526814199106648,3.88876776858272,4.852927761579723,272.5161177488514
0.46579306481742605,2.9639553135828205,0.5768769494124748,2.061416042739416,3.67125218181332,3.908681655444315,4.968220915263656,447.3829790853222
0.3539690058159345,2.9601663678107664,0.603090434081944,2.1421442538460447,3.9299717365900513,4.187294765727704,5.121473184903956,555.5151430052167
0.34136689198916875,2.9999999999999996,0.5931353338211114,1.7163445112779134,3.202060602388045,3.385671989866602,4.511293204359583,7.014985551048897e+16
0.42291576267208386,2.9999999999999996,0.5462616028442571,1.9806324927391077,3.5151094068048185,3.7506286774944675,5.252308478821451,5.4886370456385384e+16
0.47623694588798343,2.947156792426645,0.5298673184967292,2.1989476623795277,3.700829942682423,3.9498699057046815,5.050792566348593,295.5558528572993
0.41351921226603044,2.9435323254117636,0.5712770416457085,2.0601746769534763,3.624940529076994,3.849271918504044,4.703298184445687,326.0486986941643
0.4839855352975509,2.943239657757744,0.587463251353351,1.8743757057116333,3.325618582234552,3.510928967168729,4.267052678659756,269.56367748303524
0.522629253256898,2.89219170773209,0.5773064050496468,1.971860702034121,3.3542907459933167,3.52886575010789,3.944701643853134,127.16634822687186
0.5404325063613756,2.9714970816960884,0.5374687858730944,2.2690319801380734,3.8687320760834485,4.150776802529257,5.575224617770308,474.46399497146746
0.5592393778203028,2.953120302007986,0.5151832042786101,2.1767325872903998,3.5994307870818916,3.8406168746244678,5.055324528398832,274.93104211188427
0.4815497693756371,2.9999999999999996,0.5796943109668834,1.8825897476469782,3.434615265976944,3.653495889454441,4.9997558144063055,4.710662216658035e+16
0.5289767515835299,2.9602028079853637,0.5586348391673718,2.217604141405069,3.8470146312672715,4.114438369729173,5.254732466846714,347.463573549053
0.43343424157925886,2.888717746470434,0.6067817619834108,1.9951044507324072,3.4882456192852405,3.665679782355056,3.946780668281604,153.71221318152368
0.35879394353851624,2.9999999999999996,0.6043701784758797,1.7802736514024595,3.345606028820096,3.544362311085799,4.728987324265021,6.630510255762845e+16
0.4859073955294502,2.985588347113003,0.5574566053921678,2.006945981171573,3.5526098829740045,3.7876752626400383,5.130974682414997,1071.8743912593384
0.3890198699593604,2.9575446342022094,0.5968539358032227,2.0342340801748,3.695482224403123,3.925135329710285,4.831308401992899,467.5526285060531
0.4826424843922167,2.9999999999999996,0.539446580349194,1.969775629934326,3.458928813472948,3.689540229287259,5.19590470416855,4.697957902950144e+16
0.45875714141328927,2.9763414201073357,0.5570039979960968,2.030729160365705,3.5808198511513525,3.8160195698011816,5.066977747136591,696.8790504562057
0.45861411691635007,2.9842055868769655,0.5443715316577038,2.108849625872627,3.68330746794314,3.9388668672567944,5.390329546193961,1047.0042389799398
0.42685909252488674,2.9564850111252436,0.5403266958045411,1.904941736163931,3.2924127825208154,3.487241690727003,4.495381388850437,409.5583995024417
0.4234103001294828,2.949277438893983,0.5970095941433623,2.095056262548751,3.7762418657031716,4.013510106651176,4.830194340825333,353.8329735688584
0.3391145947697681,2.9006196899000227,0.6277838921808208,2.178976753352966,3.936760053634488,4.155411942943913,4.319597112123604,229.0182719111376
0.40329321714131483,2.9639176986684963,0.613402685828577,1.7741682924354887,3.271376360206595,3.4497190966985656,4.283461040812475,528.9004122937343
0.5137787355871227,2.9571652580984216,0.5344000130415556,2.19065487690759,3.7116970962731832,3.9653067879225348,5.159631246998188,334.07431907317607
0.40250618591845355,2.979074695366831,0.5738323864442525,1.847031259225494,3.3339154214081947,3.532817951126598,4.626321061564908,918.7377597953677
0.4491403270436371,2.9919180941912384,0.5763230804175739,1.9756784389498963,3.582098620036141,3.8176604201226167,5.167121940768351,2102.5214382024096
0.47412939877568855,2.9986440862604864,0.5480767159063901,1.9424878528069296,3.4409234489408407,3.6667335066674083,5.110278101667691,11781.675949912691
0.3533693607650546,2.9911765267592143,0.6243001065069682,1.7800630743465473,3.3789643358183272,3.5742055253707967,4.643181341558214,2539.0246435279064
0.4011907092409009,2.8957657223057116,0.5956035896744039,1.9871138564418458,3.4729423730360187,3.6546851605286608,4.030200849551932,179.96017439387654
0.4462501788366975,2.9916144419055337,0.5488235104413223,1.9158974801044684,3.3924632461452657,3.6088266157559774,4.940006458758188,2041.613811803365
0.44078188798115037,2.993400437215901,0.5529017936081655,1.886236621608227,3.3589931747796773,3.570542432029811,4.880812132142104,2633.499333813311
0.5151628515321058,2.941301012372652,0.5512681259998878,2.095685366646366,3.5853338948416007,3.811389543586177,4.723150952758237,241.69198805451728
0.46627329868641954,2.9344779874668063,0.5695164250830738,2.1124433185856475,3.6731652915661273,3.9018175312636085,4.67274731731889,243.3676506485934
0.5262448045518939,2.9000305500855497,0.5436359826976437,2.3165584092711566,3.828539471392561,4.073386675389669,4.6145288536432565,136.36539307480166
0.41553686989543154,2.966365660714958,0.5581290274423111,1.865974607916893,3.2969984634110063,3.4913343799120926,4.516215558436891,548.5327486698274
0.4743221171599693,2.9544009604353967,0.5648617397212904,1.9076402265040024,3.3483687935391906,3.5449947661322483,4.472152157158617,344.9993888835403
0.5645652549773305,2.961570905942853,0.507836851893707,2.4142378782901806,3.93980570110181,4.236649781086811,5.737028755535356,332.4484705981999
0.4881652553803109,2.963850682174776,0.5478595214913061,2.1642804033611585,3.7389326671401197,3.994772221275426,5.207139382686035,421.87171827875704
0.36295347425319513,2.9255566768334353,0.6464039215888172,2.0326175173686187,3.766293285629105,3.971504309828684,4.355268539327233,285.52858855235786
0.49606155182260786,2.89245645192567,0.5228289267398619,2.3042933311659843,3.7321415302280525,3.9679249256927953,4.583222317435917,135.7596000092737
0.4441677622990845,2.9851389225040674,0.5609187896039514,1.9177098221123199,3.4207876291622186,3.6363080341406455,4.879638819254681,1155.8448911481769
0.5526101762167475,2.884551257793776,0.5654849761462537,2.1408495458716,3.576641587681693,3.7766423095657333,4.13827170889405,110.6555820105959
0.5255902130822697,2.984064365101376,0.5320677045403511,2.2917831972002745,3.912066842296522,4.207105024995805,5.874261482582863,881.5829260129352
0.5053846033409954,2.9509843560433064,0.5310925061328633,2.231967677628233,3.7555328944442925,4.013892072337739,5.165203863323553,297.1760364665776
0.5522402037409528,2.9442028679492647,0.5399882452786484,2.136258490596913,3.6084040146256564,3.8420316999375017,4.8387925547103565,233.88190964622657
0.48303892305258617,2.9352085462873307,0.5619303970035323,2.229035775582874,3.839413068979569,4.093208327905748,4.904326098886699,236.05630845043507
0.483207723898547,2.9999999999999996,0.5591287103419922,1.9688759181956794,3.521968880097245,3.7572156341986287,5.234849518976356,4.691408765311555e+16
0.40901748599279847,2.9999999999999996,0.558608465266602,2.255116264334322,4.032439219589328,4.341321850721223,6.159619504314656,5.705745247679583e+16
0.4971184783100882,2.9698104304164072,0.5468105867335905,2.033193183444067,3.5281971817932423,3.757367861280229,4.9637294383088975,495.28159820611995
0.4182203444972089,2.9999999999999996,0.573660723900962,1.757911610277149,3.2100767206083876,3.400259577471831,4.601452438926487,5.560371248057587e+16
0.417740151568693,2.958286152802348,0.5570963734180158,2.022344965673103,3.543864578607936,3.76707680935159,4.810496538577877,438.3829524069523
0.46873047458417144,2.8988388256747673,0.5655651265606519,1.9398521566155067,3.3020687011827934,3.4759780441841066,3.987774831832652,154.74812929003068
0.42406353413943987,2.9072105221866735,0.6081146453543329,1.9819934189489141,3.511290544829306,3.69743379908662,4.101183303776907,190.31892234171883
0.4387732862073077,2.9999999999999996,0.5550424635854905,2.010285742622325,3.5910298540985526,3.835635787778401,5.3634261605770766,5.257721942715672e+16
0.5231219304423889,2.9999999999999996,0.549556175646909,2.235288245213669,3.927384516774131,4.2264342652130225,6.063454487241394,4.264729311450762e+16
0.4219958378629225,2.9019998064169354,0.5983542049241254,2.189009320603075,3.8392852474381156,4.062982877679217,4.37662910560043,180.90305130358476
0.4964840375491646,2.9999999999999996,0.5553842607270663,1.9471448711112527,3.4691841960842957,3.6983331873951775,5.156518413474028,4.5418715216974824e+16
0.4299477389988701,2.8804538182797392,0.5994616653041888,2.216063229939082,3.8371322251338387,4.050528909575192,4.183693920970569,144.02951307626148
0.4317671531379135,2.9885533813774257,0.5775021899933416,2.1189260888809702,3.83800269781994,4.107006999242651,5.539560766873603,1552.9897894114513
0.4396041882482643,2.9277081690381004,0.5760114112938844,2.0436113472715247,3.5703347647085106,3.781194854152062,4.4634966687407935,235.8760501826558
0.45552391171186984,2.936101177061921,0.563489486851725,2.0767807456873815,3.6007516313339476,3.822498120741791,4.633895870319034,256.6642336578422
0.4225609354695458,2.9441167881613857,0.5946674736377432,1.9046060804284544,3.4172447751486765,3.6102846737732084,4.3618811986172865,321.3458799710071
0.5039538387797109,2.9610835309160044,0.5230243377369069,2.184372418993841,3.6699334017946303,3.9215522362191684,5.206387025007271,376.85916745258675
0.4780146020649191,2.986067887413883,0.5362670728775754,2.1339743849658337,3.6927187141513556,3.952797321137022,5.477296408837348,1130.7955899162398
0.4233954614176913,2.9795040705827365,0.5414860884637713,1.9637584465387115,3.4341116846020134,3.653396231337085,4.917979153733426,884.6631459562195
0.3866776897880941,2.9999999999999996,0.577042999473945,1.8242615928847183,3.3459684831228063,3.5514327272290065,4.820373562129026,6.087425105347635e+16
0.37334568863213313,2.9944488986408895,0.5857489561497644,1.912691467398561,3.5238148459646594,3.747806261711368,5.038005665552446,3795.1550906171
0.4173469871488129,2.9999999999999996,0.5627611193556115,1.9898760204100252,3.5876067266873126,3.8292077988496507,5.3165145531423965,5.573891991297189e+16
0.33706746357951306,2.9999999999999996,0.584075218629403,1.9612178114045637,3.628415240750184,3.8672882021212467,5.274002518637873,7.1159534957054776e+16
0.5426980439108495,2.9999999999999996,0.5084130042617563,2.1491554144212532,3.618155919452059,3.8786229964116052,5.680832884311946,4.078402086740466e+16
0.5136462048823481,2.9869509215141963,0.5524076750735829,2.1692260146454645,3.803723692024718,4.077289124510184,5.609177286712685,1108.0186907522168
0.43449063132982707,2.9657710734204605,0.5580874296943721,1.9748511507739688,3.47590901680903,3.69287351070047,4.7842115218918995,511.608243508934
0.4711772495587335,2.9999999999999996,0.5310406879781112,1.9970023292839902,3.478415707172208,3.7130870200926824,5.264458028354047,4.834191467113131e+16
0.4685175269748914,2.9990952770447152,0.5722141524560281,2.197727902402971,3.9696894056346914,4.265827780089961,5.977618807526071,17911.160923024945
0.5534051895023842,2.9415940555516618,0.5386390012734337,2.371145661426752,3.970496207956155,4.255154631672719,5.270543347502802,222.66118242013061
0.5317054270542214,2.9704454789435295,0.4998568555411757,2.090911960750072,3.451943299559029,3.680207890481756,5.071800006474028,466.5772455432271
0.4795665763191156,2.9431036267398136,0.5934054080304659,1.9337179671108184,3.4467352746073545,3.644204915071809,4.3930153214163035,271.8612396742762
0.4222830657703188,2.9112168571014645,0.587239495629262,2.026632925750371,3.544529117796411,3.74254602808352,4.2467354365326075,200.15922058680135
0.42153418416286065,2.9999999999999996,0.5427648409510318,1.806829942966,3.2109474905425563,3.406652543854489,4.696995209253482,5.509578166455526e+16
0.44662109898046215,2.954335175819498,0.5679431902982721,2.032449881365936,3.5786182198119096,3.8026041444333525,4.772387172177851,369.87417128350677
0.41595762602566605,2.9999999999999996,0.5683447964881687,1.9407581038954194,3.520060604691382,3.75100161396789,5.171043329599352,5.5955181703158904e+16
0.3443108943420748,2.9999999999999996,0.5693110008714014,1.7470773298865077,3.197424903946908,3.3849754357355453,4.568495343419492,6.94730295392305e+16
0.39588966472299225,2.9999999999999996,0.5763742438075963,1.7658659200050926,3.236809344283601,3.429170618642129,4.6337404030458655,5.92481763513139e+16
0.421735157306731,2.9719295377633688,0.6039061442895038,1.8519333391629769,3.4036502985538815,3.602139716145137,4.570139989196313,647.2568628786081
0.3806699957029464,2.9999999999999996,0.5768064792540688,1.8910820208962338,3.467009364930308,3.687838676240925,5.032627643051172,6.197711279834006e+16
0.4440055972288549,2.9999999999999996,0.5626536606383757,1.7543690218060428,3.169052081650386,3.3567673712631625,4.567815780305571,5.185148796197706e+16
0.3981925360437231,2.9694804952796288,0.5828226164126499,1.824026873948281,3.299819194701188,3.4897330256198926,4.461316054289363,635.7480484068241
0.40726668552783396,2.992647392295915,0.5602406711280455,1.9493368481191027,3.4974498986694655,3.7246523209264417,5.079848779932451,2591.1533495517656
0.37210808978561244,2.997652420176365,0.560509785864818,1.7764562064095846,3.215267326148931,3.4066855451793177,4.616130300993096,9017.772868503338
0.3956689882082111,2.9999999999999996,0.5531356506079818,1.8895050483345546,3.3887919113498843,3.604977140742143,4.980991615558375,5.928624443057387e+16
0.4583437306408867,2.9999999999999996,0.5297110555870874,2.033883689234568,3.5371366926242023,3.7801238969125937,5.379830688994659,4.99476766556147e+16
0.47665554295728857,2.9999999999999996,0.5259313213721662,1.9011316378756424,3.3043568548573603,3.516093023796943,4.949685290948166,4.768279032678011e+16
0.4502546300692711,2.961497244869895,0.5839953196318151,2.1358590276778786,3.825070312399856,4.079316526436419,5.107337788916843,435.5701905999698
0.4329678092617633,2.966748718834432,0.5660999013045851,2.004598829586694,3.5538335280805735,3.7791499097335195,4.876097784744766,528.9907608142663
0.4380942801920368,2.9259293786312175,0.5820410693151317,1.9069223554380235,3.348068195560985,3.5309404655665264,4.174488385087668,231.00076173920294
0.5423426177029691,2.966803441999451,0.5310092366635172,2.233052739756049,3.7761253618548642,4.04410242448643,5.402322166941342,404.98908983170406
0.40865573844171305,2.9999999999999996,0.5445071088109779,1.7807228433851405,3.174545058256624,3.365112267409681,4.620403496328739,5.7115933794269384e+16
0.44000317730778904,2.991947796060404,0.5393907488377916,1.8953087642705642,3.3313453967211664,3.5414122810748436,4.866812071180108,2161.8365717836473
0.4897559378377814,2.9228710399055466,0.5781956967180767,2.2887166255346343,3.9682574194820774,4.227547092114252,4.79406017154365,194.2354144701156
0.4465452922813671,2.991655585631167,0.5670466754269864,1.96332977868231,3.530929318297573,3.761768289911036,5.112583632690319,2050.115718317658
0.4397209000205344,2.973900821837524,0.550094320641806,2.2035407723544083,3.8470362082012968,4.120627536049444,5.485660505138875,663.4525255715869
0.4516163981737072,2.979594986200569,0.5697571028538498,1.971459498506329,3.5281623636454946,3.7540173881148156,4.964483436756128,823.977667579087
0.3997496184253263,2.9646453475153143,0.5767147612886162,2.039119163846087,3.6530015154099433,3.8866558273326026,4.944492323786196,545.4479143975052
0.44957407211808154,2.938043961984495,0.5430674885306379,2.0621446660946794,3.518267114816141,3.73572265451183,4.644419014228451,269.02095526714714
0.47468918457693343,2.9999999999999996,0.5318093945545294,2.0130017070032324,3.5062609508308884,3.7448120197936663,5.316527052823625,4.79176236444914e+16
0.4468342966702413,2.961011873564837,0.53788297002092,2.1205715580965783,3.6388893017193307,3.8814780987164075,5.07240842451197,433.95059196967367
0.44103200721254515,2.952837278771074,0.5914332899278569,1.9468567374644516,3.4966133580757686,3.7031744339423693,4.554399245696291,363.2749106743803
0.4368995483726772,2.837246192440772,0.5975627530707405,2.4664538993992737,4.153130861578558,4.380695161174967,4.082210588330496,102.2703861469275
0.4916090194853927,2.915095699687141,0.591681934844372,2.015052677838902,3.52167364967965,3.7180716954949817,4.229979821020275,175.18564548964773
0.4962208896091562,2.88071328522233,0.5885252971981081,2.1625884075682804,3.6897579932500153,3.8923046063515745,4.111347027014229,121.85095187654622
0.35162754749648606,2.9633146440486655,0.6289206709837887,1.692321378465639,3.163882835111892,3.326341812098645,4.087480032271479,608.3887856396665
0.5112305425118507,2.9718693942846763,0.5536763081176892,2.2049752694118436,3.8373996592403476,4.10945529150807,5.4339518432790905,514.3023540889759
0.39644082431797045,2.9478034479645046,0.6090430596752812,1.9753721381784908,3.5997875547176887,3.8103400556971097,4.560757835946115,370.8905683633641
0.5139723705779831,2.908653480692109,0.5600819665952389,2.204991341212421,3.7274896320009296,3.956735333914067,4.512675202331982,154.0161132027507
0.5991670813052691,2.9559380981414667,0.4969659589188809,2.4535102911760536,3.9279520559401364,4.222925067861131,5.716426033924885,268.8104132730084
0.43768247256137244,2.9810829118504145,0.580806710921702,1.951761948312184,3.5342374913550705,3.758195956523616,4.944072141569862,922.5577461134699
0.47232478767182123,2.939905261958915,0.5474355341043113,2.152148736470303,3.675369922143526,3.9133127594952333,4.84248128559795,261.8046890514752
0.4940647924817702,2.9714946473500548,0.529331844528378,1.9425716795428118,3.3291671768681828,3.536004777993914,4.732113708347401,528.7306237402627
0.49418654790202593,2.892057443304903,0.5793586026761728,2.3255389212529707,3.9619695122592793,4.205382354819316,4.455547409813681,135.85387528687818
0.41348792297336606,2.8831691125212577,0.5873041683342354,2.112269233947749,3.6366255025733483,3.834187186597924,4.111120193850574,154.37043296321065
0.4939079235897828,2.8934166437135107,0.5724522830010105,2.3101370713667513,3.916095051225047,4.1575866356648365,4.47123323031423,137.74397551793078
0.5920030580193227,2.922837991155343,0.557559919527348,2.2163156174956393,3.7412867913122034,3.9796737714240105,4.6682878259237715,154.07536280704846
0.43068800251892064,2.977795193675945,0.5400994843624813,1.82999924329768,3.202816946949896,3.3924328960508388,4.520935810096436,800.0219558701115
0.42437093962517414,2.9999999999999996,0.5507175379294855,1.8559206857349522,3.3166625480395404,3.5246015083776037,4.866747485615937,5.466727805063203e+16
0.36025006836948537,2.946396993797065,0.6007375880537698,1.8959959707674103,3.4408296566268586,3.6343278018080984,4.387799333097638,402.7734465804806
0.4985354749093454,2.9999999999999996,0.5373526564003785,2.0820476787371804,3.632806219228887,3.889132892438161,5.546297399668011,4.519475652210043e+16
0.4923421836279107,2.979955262980212,0.5385635701767543,2.1274837140754608,3.6750339581145726,3.9301389203723915,5.360275881454249,757.2000051316321
0.43834348172011567,2.9999999999999996,0.548861365110464,1.8913743829085832,3.368151753359393,3.583545580395585,4.973191596597699,5.2637604172440776e+16
0.4147771068383308,2.9999999999999996,0.5596838997642819,1.807184144765167,3.2603968753381873,3.4592500707655613,4.731728551350835,5.614007459119786e+16
0.3781572671597068,2.9623538939163616,0.5807805965640251,2.109666577353949,3.7925492571289507,4.041853928667419,5.085608773710182,545.570733306401
0.47949861101900093,2.9999999999999996,0.5127665470884465,1.9743502194580562,3.3782712589094266,3.602128165770922,5.147844139785223,4.734666109700922e+16
0.500957548390993,2.878527619415249,0.5825723622611853,2.271662460984311,3.8489560810629424,4.071083156445622,4.23918711151785,118.21308923593749
0.4591844530996552,2.9092306389507954,0.5751474133265329,2.168743082395892,3.7354729161616085,3.959862635385064,4.459681469768841,177.3474045827155
0.48772233015726124,2.9217488171796004,0.5849420627256889,2.0594192715799755,3.5953236345839144,3.804821704893675,4.391471641669171,192.32997011078527
0.37524240323939817,2.9999999999999996,0.596910071473544,1.8239827544244205,3.4033821537976676,3.6113191817049826,4.854280105501806,6.300384622133134e+16
0.48613805380211433,2.994201650624163,0.5301100165215015,2.243310406787986,3.8577007271729817,4.147645503331383,5.9337473231751785,2670.290258059782
0.5092099094041662,2.9999999999999996,0.5488875187832583,2.0912591562879848,3.6877310331278386,3.9497940822685598,5.600899622234861,4.405853506264755e+16
0.5339001961925712,2.9999999999999996,0.5305717562673143,2.2634180269650455,3.8897227006401756,4.1881490973655415,6.1064972605228975,4.160450300145487e+16
0.4641685722960275,2.9630253318200452,0.5421343781506556,2.15527199047741,3.709001420256897,3.961383360428841,5.180456459981707,437.7999695550276
0.48444621804441657,2.911282273704247,0.5549987799363421,2.227820365826507,3.763341303262284,3.99974014701423,4.604959875050203,170.39700227776058
0.4625896802933804,2.9406080639724426,0.5674404112694201,2.2756714031189937,3.956228586592615,4.226020289938544,5.07083146562044,271.5841517733961
0.4994175179354259,2.92383103201274,0.5567080901926369,2.270176631755803,3.8590198784558027,4.112870034459977,4.820379092875515,192.19921619819786
0.4256900291494637,2.9799880647952017,0.5664951776683766,1.9748488691545598,3.531840096871866,3.758474318777203,4.982037606525557,900.5188281737102
0.529846701133484,2.9401833502984633,0.53202669340736,2.1063788621604465,3.5335424202384673,3.7574234172517076,4.737843432192298,229.15323943052937
0.5014360101456452,2.966553328180021,0.5491851552931102,2.019030797286295,3.505002192156493,3.7295032551529554,4.883197912155768,441.9510888731499
0.4247745467080085,2.9999999999999996,0.5828282814006068,1.8007750049891522,3.309961123647569,3.510804726462757,4.751786363539994,5.460677661466937e+16
0.4334249352493804,2.9751502232518883,0.5430163878689194,2.0797437168735806,3.6203622077124393,3.8635690962072955,5.176281183375028,708.9677588589522
0.47268185302074384,2.9634344581249747,0.542448910432621,2.1605348921210634,3.716952405427814,3.970703453484506,5.196594993069151,433.3255521460409
0.37839187292736054,2.9659912805940696,0.5793788684807789,1.9457217574004275,3.5055319486117686,3.719528251114641,4.737092013338259,604.2345654833748
0.44299711416171383,2.9999999999999996,0.5622545342898911,2.140242976687665,3.839636671951583,4.1186966792346285,5.79420233492166,5.199003278221282e+16
0.5462213112362068,2.904069348830318,0.5721268417441071,2.9368138311905274,4.950409216394394,5.3494820784002775,5.200695652863757,135.99293299427544
0.4194092920357582,2.8755155019021137,0.5841094126552138,2.0245744174310008,3.461703220529855,3.639141794925221,3.9248622699367584,142.1286142464971
0.45583295466044627,2.9996288574370853,0.515742459716201,1.9019823933344921,3.278370611436582,3.487641996653657,4.9270457251026025,45109.35984204542
0.44004663622333595,2.9034913561759828,0.5805056222830093,1.878197413098648,3.2514579242890718,3.4174397004743975,3.9145974039140095,175.01999726010857
0.4639280775476038,2.9266908599084016,0.5646046894015833,2.3313186281552745,4.007571653622271,4.2794660001747955,4.960868441754994,218.23762887053473
0.35103653251537453,2.9999999999999996,0.580846794896822,1.8983327067621785,3.500136452657128,3.723373151239789,5.066186388854525,6.796939794042273e+16
0.38017289909291996,2.9476930083420942,0.603083953281919,1.9736695570403793,3.584943554455075,3.7952064291921817,4.5648947562857485,388.3416611712859
0.5195475498512689,2.9999999999999996,0.5433185823323198,1.8273211927046071,3.2240399966215296,3.4233924266755587,4.750327525646057,4.3002665428401976e+16
0.4642841181796869,2.9294513840418026,0.5529372454664585,2.0882227281755656,3.5711227500335787,3.789976238086378,4.583462876623553,226.78512201469857
0.469073677788746,2.944953708912663,0.5456658713409872,1.9583400431956768,3.363374708534182,3.563143181578796,4.486001672706126,288.6614904941236
0.44248516041346614,2.963172644003492,0.5566595370163809,2.034758407167842,3.5655263943433217,3.7938792659421163,4.8973039448103695,465.0566592937064
0.46858458299144196,2.9999999999999996,0.547137815155995,1.9368849319994517,3.432363167645457,3.657472893759583,5.110002818127372,4.865922585834576e+16
0.40903508266953365,2.8869156473910293,0.6104202164608982,2.138468892809739,3.7551759527943913,3.957537024227108,4.132724339299231,161.7083895815159
0.45045318022187686,2.9999999999999996,0.5409411173516286,2.0012049529436493,3.524430790238201,3.763125133915228,5.302787141647114,5.098038425152511e+16
0.390851234530345,2.916750550294169,0.6046109290063536,2.0071865348102866,3.5791323620078868,3.776765098759296,4.261178712408318,233.88656247188683
0.4897050358554752,2.9898651442141846,0.5397517957906636,2.115363413975336,3.679324004710568,3.9382158876971416,5.488308333414313,1512.2521538088588
0.35658846196821975,2.957448130578081,0.5924768867604032,1.9284590950253055,3.5011993671676147,3.7076269231831227,4.595528774124852,515.223883062455
0.4771936445945698,2.869854862903322,0.5815780369206258,2.1940754841694026,3.7066427744404313,3.9092857969578456,4.08169284169173,116.57924916776032
0.5021730262100655,2.9963896794867373,0.5330950640428037,2.1865937240611872,3.778646483509159,4.056756010294175,5.803394389313835,4128.207357621548
0.35555655444969014,2.9999999999999996,0.6068500431942059,1.8642380662620814,3.511875360679419,3.730245415632654,5.000522058840872,6.699083094904878e+16
0.4512650723325195,2.988237802059803,0.583699152246643,1.9020401677558987,3.464957022557597,3.6821036950060453,4.903399217598664,1434.8933458354286
0.4981830053302961,2.877417773998899,0.5760057217744302,2.5708800930375757,4.320327789081384,4.604206840383836,4.569346796531121,117.88052149976824
0.5397148975595805,2.981841640320537,0.5014394810988322,2.0445890906141226,3.403941755181641,3.6287500460850857,5.090530655310572,748.56409429235
0.35599566582690995,2.9594203572793987,0.6059374083704416,1.9196332332861428,3.526344954886195,3.732567011929007,4.598840182945238,541.646436255094
0.4877443458304141,2.9796199027573342,0.5584738797057796,1.9892828314630477,3.513594145629094,3.741152967742922,4.995184412824301,753.0541451899854
0.4702535538849508,2.967313651497221,0.5437914652356849,2.213116036124689,3.8160052384189616,4.085134837869923,5.387309177326741,488.3621037007081
0.4443084700520679,2.987061888337276,0.5224209698754011,1.9397273253132805,3.3421895824544694,3.555406783209709,4.90929999123694,1327.9972231090633
0.4827220581396278,2.999069298833132,0.5030348332871457,1.9535241670718273,3.3112092149867447,3.5269400538777806,5.0462775660852515,16803.906963225265
0.5058361749216228,2.9730809719152296,0.5338087120802244,2.3083718829266053,3.9298359413826285,4.2222739926775965,5.7136602071865985,544.5809598832709
0.41585713917240785,2.9635166151889507,0.5806896042327098,1.88486723401982,3.385888693090473,3.585041076247068,4.543427488639285,504.7596148620047
0.42104723968058244,2.9467012117311526,0.5454823827115104,1.8287382967160906,3.1654173794498934,3.341417476012269,4.217160408500528,338.63459886384976
0.46439202937616647,2.9999999999999996,0.5316162080829353,1.9323886270642627,3.3763143622653553,3.596576772061757,5.06243231195802,4.917984112259279e+16
0.4633625375623815,2.964366375712647,0.5359181675440908,1.9924870443619465,3.426017061853108,3.641632686924433,4.791470963345063,455.4171334911838
0.4541601061898836,2.964813578034092,0.5560864074195646,1.7682871926471888,3.1123510763527706,3.2855353328613,4.234057873575231,472.3287586839882
0.4627407553626944,2.9073268703458934,0.5749734541979892,2.326489844154779,3.994990742686984,4.251520489136896,4.665581461197037,172.0153188481441
0.4610528741867185,2.9999999999999996,0.5590701879959571,2.031644711000888,3.6356729063555644,3.886279222122439,5.437506639598036,4.960125820664702e+16
0.47488298325596223,2.945481712069864,0.5682742790037068,2.0007332233705544,3.499287315972773,3.7106078910503064,4.578991134810632,287.2824016069276
0.46066063708570143,2.9673327979311117,0.5306165596251335,2.144765211503921,3.659354651066365,3.9090789759432822,5.216070921762817,500.7188704822122
0.510247965624493,2.9814079855355615,0.56102539173119,2.1231392552827244,3.7474161345612464,4.007976453161509,5.390216393072227,782.4737479214953
0.40673554522061106,2.9014629529932487,0.5882429553630982,1.8936257233094886,3.3024810759557255,3.4707403350245336,3.931165043554711,187.73799105996005
0.38771486120544213,2.9999999999999996,0.5408851121711068,2.0277990477912344,3.585344774948611,3.831007495967412,5.394633824820985,6.068731201627471e+16
0.45555750530075473,2.9840299453357964,0.5446188668551585,2.1870106870942356,3.8139401474961017,4.088561833950126,5.609899573172398,1043.6291677899442
0.45674998592508415,2.9999999999999996,0.5556102613591946,2.011212056743467,3.5897937078956828,3.834603998504371,5.365533579077037,5.015338880634992e+16
0.5134811511302049,2.9999999999999996,0.5322891743397137,2.083450902146343,3.612600197388678,3.867376077472394,5.536987361993821,4.3617123380562584e+16
0.48282231975720197,2.9520615993844816,0.5687990016815138,2.1792860056193337,3.8162458277162155,4.071476694256466,5.049506327240065,321.04684690820045
0.48996322045581014,2.9999999999999996,0.5189706589238952,1.9581353611864452,3.370632929028874,3.59270999769329,5.110772849620026,4.614305822598364e+16
0.5084030980516757,2.921181853669681,0.5693940990802627,2.2279408371246214,3.8248230881977974,4.068336479925087,4.685481481313145,181.6360175459703
0.5686271162207321,2.981197751088403,0.5145136406848069,2.4333036825338192,4.034258303597044,4.353205553350339,6.174462213315159,677.9614344776263
0.45642922455485996,2.912434582257254,0.5587212080790686,1.7879959449077483,3.0615500631644763,3.2153014194451823,3.8220552244569004,185.3505751051688
0.4036993961825604,2.9999999999999996,0.5618798208182776,2.134271250953292,3.839131503989659,4.11686143769681,5.778414282736082,5.7927747935527544e+16
0.4824218832845923,2.9999999999999996,0.5639109867573322,2.235970173921025,4.00019122884978,4.304850516951489,6.101860886347499,4.700518057397893e+16
0.44235270675007105,2.9999999999999996,0.5407919085044436,1.9058835235497966,3.366800885734242,3.583631812564332,5.001659015868152,5.207889189353846e+16
0.42919754430892626,2.9505485493378307,0.5781820437695813,2.198925661912196,3.897449186555821,4.158424712528188,5.078699728439781,357.3840832624859
0.49020893863548515,2.9962852586635997,0.5465864132306569,2.0507936229906525,3.6093628537621507,3.858723263687159,5.4088179369218174,4129.627899487434
0.49142998531293747,2.9674814209364127,0.5067527219500412,2.184249116735501,3.6234787391267753,3.8736306833279373,5.294695068586282,465.8231018249339
0.45041447540639973,2.9999999999999996,0.5067807632742594,1.7874658399905867,3.0716321876177077,3.255289559167819,4.555667029035541,5.09855390777514e+16
0.4235970681581328,2.9999999999999996,0.5404031124475002,1.8053621163184204,3.2013496683074654,3.3962680977934756,4.687387897338632,5.478360525133637e+16
0.46682898403249695,2.9766364582028846,0.5700331222751533,1.9467111699754014,3.4758239921821223,3.694166476184897,4.852413058359305,691.3433892913115
0.47728405842085764,2.8943369174040914,0.5821114891939937,2.063532631166402,3.5403261545377713,3.7339757475248145,4.121889902147887,144.78288630940358
0.5064364912368347,2.990304886239952,0.5299658785287682,1.8503873829353235,3.2103982053091515,3.407201321953535,4.685366616811775,1518.6510813776838
0.5015755017853512,2.945264628016249,0.5594559830535691,2.154353188649927,3.7215452378808367,3.9645813216564343,4.897105865747263,268.0317001448861
0.49314441174302115,2.9968717875498654,0.5387011045596345,2.196221870193096,3.8202468077387044,4.103343941889372,5.855889282336296,4869.979391948622
0.4304611014744463,2.9685246206968623,0.5545588810653538,1.8430975417036168,3.2482098890766715,3.4382440599596045,4.473203633694524,562.9774075127725
0.4308562268814744,2.9999999999999996,0.558410301859813,1.943428424187389,3.4891873762965306,3.7186683549851374,5.158370871041057,5.370884400591828e+16
0.31146058162533646,2.9902839535056103,0.5619078722677079,1.8749055255107505,3.3945168255147284,3.6044600541230563,4.842809032291367,2656.661144853064
0.5239187113355626,2.995586740787242,0.5202427363316978,1.9938901915883402,3.4159941206984614,3.6435416276061825,5.162152789126306,3207.9194314492893
0.47754489511270487,2.928057088139381,0.590280769450948,2.1204637912730147,3.734356495677403,3.9610748416709143,4.571513286094127,214.98134051197164
0.461236156977505,2.9089419955027687,0.5807069184441812,2.2482808930091878,3.8867724172976867,4.12757895816153,4.5620452994267175,175.83927819569234
0.4175568829239897,2.9559905986848634,0.5663148187014937,2.0019895530549148,3.5333687759067254,3.7519748960846253,4.732999306090791,415.4059426593854
0.47927202470203145,2.914354033135766,0.5661596935834704,2.4886275981439883,4.240574725508067,4.539127330267053,4.9919994110431105,178.96961065525662
0.4742778018167478,2.9435808164487405,0.5337934785277528,1.8645462869980585,3.1742584249059558,3.353268542092469,4.252353550384673,277.8445930375471
0.3843255591141022,2.9776629122255525,0.5740875844173464,1.9247121267092275,3.474130545371647,3.6895310339543435,4.82810782794754,907.2634221486741
0.5972356106766038,2.9866556873993346,0.5059139742254266,2.4427305771369525,4.009758500574917,4.329059714492735,6.301466921070422,900.4393029630785
0.5639969660778724,2.9999999999999996,0.5040960897645121,2.0867653002407844,3.5012783708033863,3.745330899230438,5.468340097848539,3.890369280578835e+16
0.521301718710459,2.9999999999999996,0.5477866664352771,2.1519234698437715,3.7817800558353243,4.058588015009216,5.791515740724152,4.2827653373533736e+16
0.5030453845745002,2.8896985694505375,0.5685652140556865,2.158791475433751,3.6427276208019945,3.851097291675871,4.231906549043559,130.03937631227333
0.49122723117127876,2.891410211128705,0.5905316067207724,2.2385245431319745,3.850635159845087,4.075165275980229,4.311055377208531,135.98769571426757
0.5112302470539701,2.9999999999999996,0.530487905749476,2.237580055091203,3.8543264397751926,4.146510508447058,6.025863262310522,4.384882387757247e+16
0.399514340314691,2.9900600145160463,0.5784881002190765,2.0132886639280727,3.6659718484100594,3.910116676066224,5.261489100913616,1958.016042098914
0.4650490299182216,2.9999999999999996,0.5591293211990831,2.099270050620834,3.751087458798203,4.018565929440022,5.653710338857417,4.909763706536636e+16
0.4070674615143066,2.9455270847986337,0.5765904936597716,1.9793427397335568,3.5071627579179463,3.715885894501319,4.553894191909182,344.4349645493421
0.4072698604775517,2.999999999999999,0.5767625466373811,1.9592985495091013,3.5821941655377842,3.8191835072835967,5.2470228964759835,1.9113646950671176e+16
0.5511940927061971,2.9999521683705166,0.5255814333029649,2.0064113400055454,3.4550869890846263,3.689109067963133,5.270779882725389,278643.5303089176
0.4189056819803549,2.9999999999999996,0.5521248207818373,2.0037585637989097,3.5752162226657886,3.8177127559484987,5.338774849846635,5.5498007827864744e+16
0.4386899166065625,2.858072551360583,0.5787310690600519,2.085967582715379,3.5096242728562688,3.687836763638334,3.8758102515872053,117.57401806952721
0.5408013026350528,2.9051495071335625,0.5309975106771074,2.3055803304163773,3.7713281221340993,4.014792253699124,4.679811213663465,139.27872628371597
0.42609343790274845,2.9999999999999996,0.5363034119339263,2.0115288429190716,3.5320112991622605,3.772125052204227,5.328076208742673,5.4409871651641704e+16
0.45753251410318846,2.9976856121918836,0.5501786665433306,2.0895482635788576,3.698895658824678,3.9599943685969743,5.564633354964698,7197.52854774634
0.4581883997936387,2.9640841344894135,0.5691197230938838,2.002837915238905,3.547570482057395,3.770917861718799,4.828992347963452,457.8291679502185
0.4991762794791069,2.949164734911673,0.571522902708339,1.8760662323275283,3.295221204186461,3.482840009041214,4.332286571647447,290.64514965292415
0.3932287757201879,2.9999999999999996,0.5581624631610246,1.8857221534999589,3.3981239912469143,3.6144353345985056,4.979221113047421,5.97100448348698e+16
0.45771078966227763,2.951300557205714,0.5768635823099617,1.8878626282411615,3.3452872746907065,3.537513799872655,4.396735081151363,336.6070841039624
0.44258421135152354,2.9798969238702604,0.5705022344000443,2.073021329204601,3.7107713370735547,3.960948301717163,5.2510570059239035,856.5330981840399
0.4459139292361755,2.913299881397259,0.555192821432888,2.0965413295692095,3.5667235840734786,3.778510566054123,4.4248411496600255,192.46421350706137
0.4726853894047871,2.956491535003492,0.5910386788516471,2.101537742198027,3.7694367272963785,4.012275880348993,4.939239994502971,363.32058764442627
0.4801312998422833,2.8957405939774175,0.5770174716298513,2.2041024256363,3.7644000805772855,3.9862435182804123,4.3499306291808955,145.7680356839723
0.4961522225235101,2.9999999999999996,0.554825717934106,2.0895417375916976,3.7101589510796895,3.9736798867094443,5.609908959255871,4.545511399820943e+16
0.34972824983709927,2.9999999999999996,0.5943172240461793,1.8674298107288376,3.483516657548301,3.701261500453087,4.991020917236516,6.825735623029468e+16
0.3651473815076424,2.9999999999999996,0.5628613348007893,1.771974622840305,3.219502419909689,3.4114466171082394,4.632785432674388,6.499469459057313e+16
0.4612288302142127,2.9480324606021577,0.5547795624265129,1.8603122171531932,3.233307295964959,3.4163266180613174,4.2944541303786785,312.25343094942616
0.4436752979273437,2.9999999999999996,0.5457275987486142,2.1018465271731834,3.7113829412599384,3.975877922906043,5.635086507751875,5.1896794928518744e+16
0.5160816612233228,2.9087412614777963,0.563735508639589,2.207657307298595,3.743182212746566,3.9731720001312163,4.509103871821898,153.40853317905564
0.39440720042278227,2.9999999999999996,0.5730345318863674,1.9735459789614926,3.599017574192485,3.838850052997096,5.286916635843436,5.950472886233533e+16
0.3634051172065834,2.9999999999999996,0.5716000720652594,1.863536244763897,3.4067730327707064,3.620463423318733,4.937684740694546,6.534948006758708e+16
0.43911367430126136,2.9999999999999996,0.5593466891647184,2.0076062686050276,3.601019336029634,3.8459966880438636,5.363745105646309,5.252948098465495e+16
0.459975386900065,2.9657714906883754,0.5497721091392888,1.8706891482318324,3.2690968509955405,3.4623653361242694,4.504507161606721,478.4681484384975
0.5316008419744042,2.9999999999999996,0.506992261050868,1.9955309498741571,3.3792489058414086,3.6049527987910595,5.192813701992116,4.182341580572956e+16
0.42984916987724436,2.9131572336339757,0.5726650885476139,2.1196405826120785,3.663248350315783,3.8808731815579627,4.443230977308396,200.57314980421594
0.49533457956209337,2.9317848071947563,0.5448304683533375,2.2333509909888267,3.7742860441215407,4.0237830441936495,4.885711680856469,217.32117852875172
0.5063935685272917,2.9084386756441014,0.5687715013206408,2.2993621467395533,3.9142281549069002,4.164019981531184,4.634777115275681,156.41830431751544
0.42325416241110103,2.9508644894273206,0.5689690095797645,2.0637244650730397,3.6355734281352405,3.864853043065205,4.804521424789007,365.6151121252419
0.39899479184379294,2.915046382849105,0.5711996842832627,2.1035091168212943,3.6458997844400947,3.8621601393938705,4.45347964430034,223.68537474899838
0.5028811185140244,2.9999999999999996,0.511534862030482,2.0375519757491163,3.4672959337334626,3.7043392000401703,5.340750286010415,4.472637070722089e+16
0.47533038180409753,2.9856485725623534,0.5473812977737936,1.8671029238395291,3.2877153828413186,3.4896579906806413,4.714833819004631,1104.975293824119
0.47319104127764045,2.9275155956299415,0.5681203306614905,2.3290802209525707,4.0157219547085505,4.287777984259101,4.956279253276483,215.67039667834644
0.41673897393105697,2.9284240308490905,0.6017964730042246,1.817356723866366,3.248540302929584,3.4163496985600124,4.014413432132806,253.61264213213096
0.38214749675277726,2.929623872544163,0.6187280094579531,1.8166634917140243,3.2976703413742667,3.4661000777165794,4.027855354473897,285.16791145369143
0.4872158335575753,2.9827288695929406,0.5303225187931668,2.0003394532882495,3.446767185641361,3.6722800620244715,5.034322102160973,890.6904741953073
0.5498714416599377,2.9482108712321065,0.5403087496497746,2.139173813538404,3.6225819506938857,3.8594762276098304,4.899982155904098,253.6574639129813
0.3742232438759149,2.9393833820193085,0.5817349954773327,1.9020440593984869,3.3841874961785474,3.574381788842804,4.326223160286131,340.24486004014796
0.4185784956542427,2.9757379589534954,0.569319411834658,1.8002818332304358,3.2293001988417473,3.41595592409987,4.451191552656594,756.3962421765893
0.48895144500307747,2.913278087965449,0.5785871324036086,2.1361707794011737,3.6893207872466185,3.908862399483833,4.432899194611349,172.52120161949065
0.35955044709196077,2.9999999999999996,0.5824462278847177,1.846499074746101,3.408414574474876,3.61977384809532,4.903300523616052,6.6146643502995224e+16
0.45738038905251566,2.9999999999999996,0.535419359513459,1.937841084413706,3.399237596492654,3.6217929060517378,5.089002275314733,5.007184831920386e+16
0.4551934333717464,2.9755949080285613,0.563768147447948,2.081797281439288,3.6902047620098966,3.9382343762372596,5.198036858303273,681.6354152342054
0.42973999422107784,2.931567370717375,0.5940535104714123,2.006645536474246,3.568580651566475,3.7748132707762037,4.4229860975155795,256.21699745754603
0.42960114064786287,2.9999999999999996,0.5639505087993457,2.1681596913499015,3.898427576688799,4.185389569393925,5.88892556572511,5.389206987539416e+16
0.5928523238322359,2.9433355688738274,0.5192312002249782,2.3832585996376845,3.8999484270790834,4.180838392312508,5.33471014957416,210.9043093876975
0.4290460293467341,2.976166666069749,0.5466243089988766,1.9901366611217464,3.486763017301749,3.711044216102441,4.952201917693748,748.2778063034978
0.509313170920797,2.92768815704811,0.5852974806317673,2.1825382203867583,3.814856968531084,4.053846803264419,4.665905577072393,197.99289357126273
0.4269347085185569,2.8720191536358124,0.6226295625464376,1.9794130464084836,3.462909451512219,3.6262401407987364,3.7623258882257833,135.2482634102492
0.43973025279477057,2.9999999999999996,0.5490986965325038,1.9199188400300837,3.4170937052219656,3.639021432066913,5.063781689809663,5.2443195828342824e+16
0.583349932280929,2.8898056111824886,0.550325083663494,2.3792693635443434,3.9094401752440753,4.158288450817499,4.533986978436476,108.64100304079703
0.4351537336369305,2.9999999999999996,0.5147281835956735,1.937391120848202,3.33719341728111,3.554245966972459,5.042471504323035,5.308947067011913e+16
0.46905944330802224,2.999999999999999,0.5701532131496039,2.148404918506876,3.8769057881878237,4.16001731487681,5.834099774743523,1.6200282090230784e+16
0.460169639371827,2.963956544067225,0.5666571264486754,2.06860515916147,3.6519570550065032,3.8897315053690837,4.9871977874117475,453.87070794394356
0.4754442223800449,2.94579334848768,0.564623501184292,2.055323887371073,3.581349778268382,3.8041362484644385,4.702538368961906,288.559311355427
0.39466899864288585,2.918471558419799,0.5974006775639169,2.11771012394838,3.7580626063054257,3.9793416731730846,4.474678020576744,236.30679934950447
0.43942690309081794,2.9171524064123613,0.5696746864893084,1.8788416186271961,3.252504143478444,3.4252716088967716,4.043896706702704,205.17751095683445
0.4555269462109963,2.9943033764400706,0.5335120743257634,2.129716667415776,3.697112960519092,3.960807095206422,5.599106062831675,2936.040635796074
0.31085181666380507,2.8830680697500224,0.626255759918788,1.692371502461561,3.0168893493231588,3.1435387421765895,3.445954849000338,213.29619198079428
0.589972998883626,2.9599138757297117,0.5505042559794642,2.2563327720703135,3.860852971966259,4.1339536603286,5.317566390747118,301.63016977914253
0.38488906138640805,2.9556728711327005,0.5765967953296309,2.2189791869855173,3.952798544851852,4.223029542734094,5.222755448311627,453.04496883630077
0.5205407226159418,2.929900611833422,0.5814001971410301,2.467494719342686,4.291057294676847,4.597929195347028,5.135681567129656,199.086095954798
0.3841277907943377,2.975262922918969,0.5492425380454704,1.79597239543523,3.1777523499845985,3.361191376441919,4.421216149212142,819.0638591819451
0.4562704317306932,2.931435369445198,0.5564872627930928,2.0818826899957283,3.578077357552837,3.7973681325578075,4.594165037888985,238.35748589420962
0.3522664110424724,2.967256850668747,0.5801719939612895,1.748149782785163,3.1660340118459556,3.3395784570663194,4.24694549707839,681.1421291656129
0.41388117478205466,2.9999999999999996,0.5565352185659403,1.8507862397033397,3.327453720370497,3.5354250383569084,4.863235411927984,5.6281099442227416e+16
0.3712086265025814,2.9999999999999996,0.5876665584067516,1.8415387229864342,3.4111310954939693,3.6220087587687977,4.895193564236128,6.378636165684807e+16
0.48720881770368557,2.9999999999999996,0.5306789694320029,2.05557155507037,3.5683113663361845,3.8163019871829027,5.4475213453229205,4.645484655054896e+16
0.4320257425694932,2.9110169216237343,0.5866704415543684,1.9736879300415162,3.4477602505270344,3.635281766781465,4.149838449691664,194.4546551330406
0.41995633886965916,2.943717288070548,0.5634557208747271,2.0030719180202303,3.5021128017023773,3.713498191647341,4.585076118533963,321.3246162735302
0.42166683587937787,2.9826758721502435,0.556310376098665,1.8925578138781718,3.3652480525069444,3.573325813327969,4.774797384194275,1052.7476259432442
0.4968489193377873,2.887216473743796,0.5396264084968617,2.1569779783805147,3.550792988971385,3.756672608518733,4.2684708874499595,128.97228409779336
0.2730166412462046,2.941672695098999,0.6478407826961613,1.7496725535065114,3.2907630932324494,3.452894858426244,4.029030915748012,503.7508684600063
0.44904868614558496,2.909500767275075,0.5614768878705448,2.0466218686981845,3.494611947937853,3.69459328098285,4.28762695456968,182.6342892424229
0.46574179236427743,2.9553264333584712,0.5484547091456305,2.0436886019503837,3.532367682686475,3.756264513504417,4.807081796703308,359.9651717029653
0.41269855515222836,2.9999999999999996,0.5365455688183968,1.6351947806112543,2.906611037312739,3.066409462352939,4.154133159734838,5.6468188111846136e+16
0.36944032713755126,2.9117696004974736,0.6318902021814755,1.8564451645781999,3.3660478945592462,3.5313401202274566,3.9268359689144106,234.98634147872815
0.462091542640226,2.95964779714875,0.5229496619700613,2.088187762117337,3.528648485784891,3.7592984476846594,4.966053528215897,402.82898985354893
0.5338567597868835,2.9999999999999996,0.5103643284710968,2.0117426011322443,3.415437451494513,3.645825468243554,5.252314430190768,4.1608620942066184e+16
0.5128339366972716,2.995321938765029,0.5268094882087452,2.259996089217963,3.864931975838748,4.157931778258674,5.995584198353761,3105.314788135501
0.4461358619324595,2.9999999999999996,0.5750648734245475,1.7946089553735258,3.2726982692004554,3.4710033306772945,4.716409228887783,5.15608923736199e+16
0.5052336500066734,2.9733233072023544,0.5484830747254756,2.193933596894702,3.8041041758815717,4.073252884352937,5.431433061539019,550.3611343021017
0.38665333371674754,2.8460728995912628,0.64887805141866,1.9759094747101515,3.4673442843517415,3.6114806344972017,3.5446301436650973,124.97012268281534
0.39424998577842446,2.9999999999999996,0.574928775364833,1.926341901683653,3.5208916849173986,3.7496920071074764,5.13992168554327,5.953204929049445e+16
0.37382170500427436,2.9999999999999996,0.5501773309979849,1.8109076749506765,3.2504088224735344,3.44871168311014,4.730247539725847,6.327752205087181e+16
0.37764675784387863,2.913003428441428,0.6001532986802324,1.921576920449896,3.4117851644323607,3.5913681678884966,4.0842173847848215,232.51142077084978
0.413335872194459,2.9111508264448007,0.6044988292837344,1.9407502525326252,3.440929823244784,3.6221626974023162,4.080130680335008,205.04456231873397
0.5063332531733337,2.930191889057182,0.548023757703249,2.24999768456014,3.805767354582108,4.058084936759347,4.884310703064623,206.72459016902218
0.39716826747128453,2.962846032075044,0.5862692218242151,2.4059051052935443,4.333266951816401,4.658489541709873,5.733184221144739,522.6072520422889
0.43472307674783767,2.990823482029049,0.5590034032166411,1.9753740795392902,3.5275656338650383,3.7592864645246578,5.12620550512059,1923.2441578720757
0.5302078176892923,2.945206304873312,0.5586322041563576,2.3256503833409394,3.9930545947039375,4.275076447999711,5.221869406031097,250.37987438780328
0.449715122700833,2.9999999999999996,0.5669040088421352,1.9039805799979888,3.442141695041305,3.663947532100862,5.047510593059126,5.107883388094862e+16
0.557314409395638,2.9999999999999996,0.5117338191723354,1.9857519711012328,3.374038433130066,3.598830302839738,5.17098931715778,3.9478175084540296e+16
0.43203024551824987,2.9655604049705797,0.5797468999966036,1.84530142906163,3.3129379192146917,3.5046301162402616,4.462021489314128,511.82853064755716
0.4971683102232952,2.905519603872203,0.5625546200948309,2.2270145082842805,3.7709320690672605,4.003370215310688,4.5142686326777515,154.81402823173488
0.4782567384984087,2.9227316784761044,0.5396534903246267,2.28260596087834,3.8218690769013204,4.075880718427344,4.871690346242857,199.4468766550904
0.4489205747922709,2.973913280259257,0.5397054545419688,1.9587694396396644,3.4034772006580303,3.617948211322912,4.826641901635387,647.8333444028797
0.45098415432470224,2.9999999999999996,0.5265555571726481,1.9496534858710741,3.391471625273002,3.614385689318136,5.106966946841974,5.090975681810542e+16
0.4367874344097961,2.9999999999999996,0.5473644291929006,1.7564799450372695,3.134235727489835,3.3199819881761705,4.546773059699291,5.285721266620997e+16
0.47891711622174754,2.9631576305945937,0.5192961760170703,2.0815010591022434,3.506964041540156,3.7367250091541924,4.987219531054498,423.38353779555564
0.4455217567926346,2.9230643010335746,0.5967843186236345,2.164217461826895,3.8309854347142567,4.064195132726714,4.583997625807305,217.84307360379196
0.36972830127807205,2.9999999999999996,0.5959996269019613,1.991035216697946,3.7128078746292927,3.9607938642861336,5.386970554048663,6.407781390442227e+16
0.49861874975673426,2.9258107136766824,0.5725016084219287,2.3595846080659424,4.070598010644574,4.347975684793011,4.953663651953351,197.8410085386065
0.40004127076802987,2.9999999999999996,0.5616279102264159,1.8284992106635325,3.3067403891039358,3.5107155646125556,4.804262069359354,5.85398258618047e+16
0.47687325513384815,2.9766267745900445,0.5678114809673211,2.0657462714594845,3.6722596470544917,3.9175996742028407,5.168711606769512,673.8168038572735
0.32367603671195355,2.9531831557540746,0.6163722990305065,1.8836135101349647,3.4833577545915597,3.678634082156949,4.446204859893095,521.5745373775176
0.41037254554314945,2.9999999999999996,0.588027686463887,1.9270111943189776,3.558411841246064,3.7894156146870315,5.163926145344548,5.683930548270064e+16
0.4796909900845353,2.9538143835216473,0.5475230928483967,2.094966886623883,3.606775333688032,3.840558960739138,4.9014789845442674,336.02275387489584
0.46873216194598755,2.9726202557527115,0.5643509164770685,2.067096281152429,3.6569642201065964,3.89948920113205,5.110024107311365,586.3047237408701
0.4863391977702275,2.9532461993520323,0.5628283212329286,2.1797704257326957,3.797325910157199,4.052538276914731,5.072309914676615,326.4751512649859
0.46758149502231533,2.922692715863851,0.5505617490841741,2.3351861494458737,3.950459061024949,4.2183994359988555,4.941583433121123,204.75801179293816
0.44623929677058216,2.9316988029792586,0.5724217241628148,2.311869424113705,4.022029074905687,4.294472883883445,4.994675068678788,245.64245094639466
0.5226208415015737,2.9013397965124144,0.5850162005244538,2.2796073923941496,3.9142658423944257,4.153831373591178,4.470887069705286,139.3998617394783
0.4530193662503118,2.9879097543583995,0.545469738769015,2.036205276129535,3.57508510828675,3.8160772653592194,5.239972379511156,1389.444570443154
0.29949675155038913,2.956705324132381,0.6066741978920301,1.8843903557188366,3.474540164452737,3.6721158933683133,4.498304479052009,615.780792975195
0.5008711611960872,2.9609106242279113,0.563725549769955,2.164890581000841,3.7872051175288717,4.0441573730832285,5.154648103258846,377.9455031100784
0.4646842084995601,2.9098500132823717,0.5945506918630405,2.094144751564409,3.664780553549451,3.873953767840001,4.310689307451067,176.10799981862618
0.5536398911951524,2.9999999999999996,0.5158077402211525,2.2964018549564993,3.871765731065134,4.170977538584348,6.1705544895363476,3.979997341103452e+16
0.516499809874825,2.9999999999999996,0.5234386136569567,2.1601993423748924,3.7010474415315167,3.9709751151146886,5.759429702461905,4.330956301235785e+16
0.3712287293529731,2.914118754464546,0.5753248474603151,1.6996558319769262,2.9735001760198263,3.1149256204399394,3.6786731310003,240.2813882532863
0.3885558613208798,2.9744713181805555,0.5617620297935599,1.7835183217302064,3.186221897445628,3.3682657609089657,4.39100089745551,783.0845773323405
0.5137084558505891,2.87699045242801,0.5890497616996978,2.1724856906656775,3.693246137815412,3.894487953466595,4.079839482207762,113.19700543199055
0.5515058680876348,2.9309129259486437,0.5264425615792251,2.078168140530169,3.4485140784086714,3.6596953232693687,4.5647193769670515,188.3454122342062
0.5346698335403379,2.9105918963285182,0.5347853613483304,2.2080879402385105,3.645965508321045,3.8736280634946967,4.5780967781584145,150.10454433602487
0.4327546524165232,2.9919685257454938,0.5430080668340057,1.8629881431484747,3.2898692872950095,3.4937374927813103,4.777260235066219,2209.9750926748943
0.42247451854214313,2.957435193927821,0.5603904687230212,2.0610625403340936,3.6168091972498475,3.8485003679632888,4.889600102264325,423.90352246999987
0.39787825579840475,2.945149308658955,0.5783838718608428,2.091991858896499,3.7107230119247028,3.9439283528168034,4.791573716384675,351.1580409071458
0.4339508742254987,2.9406505419453186,0.5703879214355421,1.8126578522619226,3.1856205003438562,3.3575715988743795,4.122384980983621,292.9888267026522
0.3423745893920941,2.9649011463144515,0.609433599971122,1.7905388650223744,3.311230434357893,3.493675964447094,4.3499305098106555,655.7065596638394
0.40896834696207224,2.9252752707024774,0.5847140394197168,1.9107476806539199,3.369080075479419,3.552922898304911,4.185023809288374,248.01926252722407
0.5624624274962318,2.9419155449749237,0.5227036294199232,2.198059599833579,3.6380321174356705,3.879179128587601,4.946369322403052,219.496744803953
0.4880904122973727,2.9999999999999996,0.5117631528484256,2.0084948601875885,3.426348857296028,3.657250191680096,5.251619294021821,4.6354670356743736e+16
0.46599682188538927,2.980975326945411,0.5439605070886162,1.9094586164292566,3.342711500076942,3.5508289784994784,4.777432842016591,852.0505868204872
0.5317865544380376,2.8709343610009816,0.5817661967199602,2.135135294977775,3.591161017013338,3.7817777254670073,3.986865223703333,103.24237547568607
0.4564019410758945,2.9752829545584683,0.5666120105684753,1.9980694043968632,3.5545047353830808,3.78327722902392,4.9719418740971255,670.8612703758124
0.4315171445857649,2.982658634872455,0.5838642228513926,2.0807409129731336,3.7795776415463265,4.035863480636171,5.3316326479751055,1023.7617151428863
0.3718926136317746,2.9750539116776644,0.6341113300980281,2.210813683507954,4.201625543944512,4.489006396544354,5.541528426025068,842.7872146657542
0.5460684182368292,2.9742886826841914,0.5304818923429804,2.1256470697445304,3.6171466617321424,3.8648183684742863,5.245367307704294,519.8453701462822
0.4424835854362604,2.965012090808058,0.5634036629360162,2.0523416537925727,3.6208376378901472,3.8553525374353956,4.967625816119953,489.81236364477724
0.38100620369496013,2.986779314806397,0.5726935811659392,1.7906319055796018,3.2508672303858437,3.4416296507907624,4.556223159757097,1552.9289758150655
0.45591045358552024,2.9999999999999996,0.5246056028013987,1.785919589898337,3.117476651400942,3.3047926142481674,4.589784076425288,5.026232955669748e+16
0.4485290097643789,2.934458396927055,0.5787101558810948,2.4536681810409,4.294615215006799,4.604345068719008,5.243560664914293,254.68947291846183
0.4397676970421408,2.9999999999999996,0.5619403538783989,1.8764178548946397,3.381446672192556,3.596035153608923,4.951682505381041,5.243796360276107e+16
0.4859683227674654,2.9999999999999996,0.5388874884262346,2.0234083609881184,3.545008683488048,3.7879472156265614,5.364530514482049,4.6596420360508584e+16
0.5148944689098669,2.9999999999999996,0.5608222886562803,2.133425577359956,3.802466277511415,4.078682583131797,5.761637355179161,4.347267651753721e+16
0.42241135068360225,2.9139001450993347,0.5974347695676356,2.093657225146801,3.6957945291210126,3.908458095965683,4.369940174590333,206.51436984230267
0.4572890760297594,2.8951720964682095,0.5577246647269236,2.0542115735579323,3.4667642104737326,3.6598815923747545,4.165344142417808,153.5690317504685
0.44471593994065606,2.9349159279614736,0.5795447113960249,1.9553683345921684,3.441183395908662,3.6383437938547516,4.365732580289964,259.1059808585305
0.46575457880920595,2.9745719837585236,0.5653227035750176,2.047091233401703,3.6307279517894027,3.8700473844710435,5.088659688052976,636.5075220995056
0.40980864724202687,2.9833628827501064,0.5842413633738274,1.90737349500739,3.477275574940902,3.693093545741709,4.859765410081235,1133.3883284046694
0.47294196199858873,2.9727124596152312,0.5343485381016345,1.8023618680992222,3.1227141706005797,3.302941076838296,4.376773277978484,582.0976949855899
0.5245161526953385,2.955052627210637,0.5579729519698958,2.117574337239256,3.6683759082044,3.908865603040094,4.950820575637961,310.2859691689466
0.4015641676905376,2.939145900823001,0.5837220155399151,2.0205958427711175,3.5886152920777694,3.802719175532284,4.5618837999465685,312.5275812431519
0.4800585560326822,2.954105049253126,0.5304918360601437,2.0068258054208155,3.409586639236269,3.621340357676056,4.697235190951021,337.8759357721358
0.4624361739206203,2.9999999999999996,0.559831180405686,2.0203258386636875,3.618431796245966,3.8664357096600948,5.402757099787357,4.942594090194013e+16
0.40805119167123477,2.970426233114508,0.600829117176347,1.920379595216991,3.5218469357020443,3.7343151008078004,4.730517351268912,638.0047260470585
0.31918890542629763,2.986509831540001,0.6111699839908128,1.706911640411676,3.207002731686068,3.383377669626563,4.362824404499612,1859.366493242871
0.4295119939625643,2.9755083936360474,0.5785823354016613,1.7969517352030966,3.2439178389710706,3.4306311762497574,4.445601500688474,727.0833422708666
0.4923463239989417,2.919300593364798,0.5368900257391994,2.1159509713398377,3.53767915015858,3.7535219544118195,4.527439856275761,184.2490815576306
0.3949429402110909,2.9999999999999996,0.5682337950782649,1.8083847749100852,3.2910689047182435,3.491651542443927,4.753565323850375,5.941179248563635e+16
0.5036477363157205,2.9999999999999996,0.48352344013827414,1.9324376106682957,3.2121043992482825,3.416947697573648,4.936363142253994,4.464458117793032e+16
0.4539916952728775,2.9999999999999996,0.5643806806933979,1.9328124927792665,3.483722553667261,3.7117685422327695,5.133816179791173,5.051282731310469e+16
0.3801808675445126,2.9617986124292317,0.5807883336925214,1.8571158328135768,3.343695794914049,3.5364954924830565,4.463739435748343,534.2658799474962
0.3387630127478046,2.9112765017768143,0.5946555115083474,1.8418989849771945,3.26692140073398,3.4319684694531367,3.94239709575753,257.76999452245957
0.5222894651142151,2.9999999999999996,0.5413591670958352,2.164949823031068,3.7778822583402047,4.055747033118204,5.818238807618857,4.272962403790162e+16
0.5075390759691768,2.9410602042761007,0.5630151138117903,2.1687777979288465,3.7471019652019715,3.990864785660037,4.860413735055215,245.0496925988371
0.42459227932363847,2.94928652125533,0.583682929833037,2.0579325627586296,3.6680622049897234,3.896304875174503,4.762123982797802,352.75035872164636
0.4273772784120939,2.975665965547524,0.582019368437301,2.019148150284807,3.649566141935462,3.8860185613622247,5.0506794809956475,736.0964632545184
0.4802466657614224,2.9999999999999996,0.5583779909550166,1.9326605091122595,3.457890151378963,3.6844550055534078,5.118438591611053,4.725888167969031e+16
0.4486046113875518,2.951997798311276,0.5715593821668606,2.0150919003597405,3.5545923870639307,3.7737071038600734,4.70077837121945,349.7590048282643
0.4665501496445201,2.975158471426976,0.5426263824003068,1.8025461599180612,3.15044096139956,3.3332124656623887,4.412800438144773,650.3479361258112
0.2856706388459792,2.9999999999999996,0.6140188041558511,1.8425674372584642,3.509383734090344,3.7231239937581324,4.949602991138795,8.558284287693152e+16
0.5166628785955094,2.9223351131644844,0.5782111235369132,2.1577728133189615,3.7351871986826475,3.964595024313992,4.563980044435313,180.8563341736636
0.4605380013653916,2.988057362335258,0.5544053399287014,1.8599007399715273,3.3036667252641108,3.5067087793055713,4.735479662530481,1379.6372784290763
0.45393804476079536,2.9109944966513686,0.6066561616077506,2.021494747594281,3.5760953311557797,3.7714712175605514,4.192497028695912,183.4412109246354
0.48141406334616715,2.962282410157308,0.57729254172726,2.374486178836652,4.208343346082672,4.521745437917219,5.635227864545751,410.88522738184315
0.4267650711193152,2.973293669544118,0.5656780300263666,1.8477904143323325,3.295853880225348,3.4907051298986795,4.54850258115916,671.2961531005576
0.4441255720803127,2.9999999999999996,0.5834201918230368,2.196467696685841,4.021657381765844,4.321158051893361,6.017838439942906,5.183504776483969e+16
0.5021391353645048,2.9999999999999996,0.5322946409719139,2.012497956933669,3.500158456142293,3.738379497087287,5.3127331308612575,4.480576982325746e+16
0.5696905673440564,2.9999999999999996,0.5077359689208698,2.14081978338704,3.596046234280599,3.8537602703506426,5.649046717646539,3.842486178534231e+16
0.5210333800389182,2.9611368219155874,0.5308428033385708,2.0010059763209282,3.4024484091970253,3.6159063220196836,4.753532338618133,362.51442603545973
0.5599964131603493,2.903255387074529,0.5587544079574783,2.383019403124556,3.9837770693923695,4.245200862487558,4.683300813667341,130.75661485863054
0.4300623094366284,2.946129825056903,0.5951799826949817,1.9548425021751819,3.510373001084676,3.7148578632121616,4.491475053980708,326.8095250329645
0.49374005143667776,2.930542782520982,0.5518622992343731,2.2126831996008263,3.7637967704075854,4.009069857731262,4.820931522523569,214.16990341357072
0.43595568894513637,2.9566844528784677,0.5677811346236238,2.205981670402856,3.8831256577448237,4.148836893647449,5.199459487334375,401.461913485737
0.47382284805747094,2.9381244985726602,0.5360988207761664,1.858022734371105,3.160824195567543,3.3364301031710117,4.1872591451869265,253.16243662008094
0.43792270122130167,2.9999999999999996,0.5514312270882442,1.8705141594173424,3.3403996345172935,3.5516333992210605,4.912580464845439,5.269683592969619e+16
0.40612089359094217,2.943351027679886,0.6012238784388433,2.420206092895149,4.369168662152203,4.680389040612045,5.315238822217296,331.8519866275093
0.4008420773403745,2.9999999999999996,0.5528970660460962,1.8787269748917876,3.368200356659574,3.5818571341256193,4.945846832880622,5.840487969543773e+16
0.4957566200125013,2.980538110985146,0.5434297095934113,2.044771689331015,3.5568036438376605,3.7942421859686353,5.144447366939313,773.6022067952342
0.3642970649983054,2.9264826736758955,0.6082346620646306,1.9664260034870265,3.5450361393886687,3.740894985052261,4.301026265836149,288.00301935465166
0.3955405107519489,2.9999999999999996,0.5509316974985372,1.9886571402120528,3.5516881396110533,3.79048702283262,5.290908454798571,5.930842715948675e+16
0.4485503959276425,2.9159695487399793,0.5922468874977306,2.2107276909153306,3.8806014236704485,4.118630088503644,4.573388791958344,197.38858730054014
0.4546669881219454,2.9402088228251935,0.5626595771675214,2.0078822524159308,3.4906070768455715,3.700219605982652,4.541733955998917,275.29115634488176
0.394347868950609,2.9209684206404978,0.5904530565993885,1.8339585647028587,3.244594265993769,3.4121165467230266,3.9937189062033074,244.20982763189926
0.5457958116593267,2.9157223614674637,0.5547186303171396,2.413422776204146,4.049898567530215,4.3280749967219645,4.909421522248271,155.5658634188974
0.40863547234706493,2.8825160835688863,0.6027958942061539,2.1307329715224284,3.711054394855298,3.9101217960177594,4.098872905115434,155.59146479199322
0.4219025158478714,2.9999999999999996,0.5272029331952577,1.8791491432141885,3.285740654329231,3.493662879538554,4.890581571888134,5.503981812300404e+16
0.35162545609881585,2.987577391899816,0.6058958434102243,1.940432338230884,3.627057561549683,3.8556004329075093,5.048148082360898,1811.362931850158
0.4985399207748487,2.8948550392065053,0.575131378957301,2.1264766733441114,3.620495598797441,3.8259379867591665,4.22387875391343,138.14398944894464
0.5124505360378774,2.904841460545689,0.5684189871805478,2.277277863867979,3.866392061166411,4.108586172836287,4.557735202238797,148.181654833375
0.4779464190517942,2.895232882037857,0.5520344225903173,2.2970645302218196,3.8346725091339113,4.074924397231074,4.538023851481432,145.82554301992113
0.4316422593714898,2.9999999999999996,0.5332883061388058,1.9724868690544792,3.455939001808941,3.6861022703350015,5.196873290293028,5.3594636356927016e+16
0.4645575121160263,2.9999999999999996,0.5629405474966777,1.9185563136899126,3.451680342770058,3.6760195694458195,5.08447348545989,4.915911397769717e+16
0.43187555237236985,2.95959894116648,0.5588484092356357,2.1114006305266444,3.6982057037258698,3.9422835624261867,5.035249395003651,435.60971916113056
0.46477843307622335,2.8981948223777976,0.5689683956152832,2.0923220204036994,3.5644088312982425,3.766423577271912,4.232913058232426,155.28434106999543
0.4557896317498777,2.9979637378956263,0.5324090508092901,1.9209171508705207,3.358612732381355,3.5755762745559374,5.003448851839242,8218.286419813237
0.43735013476003837,2.937933402550468,0.5547039028937266,1.9318002433504307,3.3413446843518027,3.5338392548800885,4.362088025630268,277.3601204454126
0.48477319535939717,2.947406081866073,0.5360317298169592,1.9982532117176177,3.3997666985553887,3.607141864751335,4.599351954779634,290.7655859933409
0.3842013874456495,2.9503692440230145,0.5941565495750399,1.8192549660669906,3.2865940367231654,3.4663984059509843,4.249554765992513,404.735089173533
0.5189779278471043,2.9368228281864686,0.5678097751231033,2.1115296396966494,3.654340509213456,3.8828963978763724,4.680507078306017,222.22827092100476
0.46282054597020256,2.9999999999999996,0.5401586722690257,2.0678809548110575,3.629133229780958,3.883372003458057,5.511780395526134,4.937741223128989e+16
0.34315599637092997,2.9501288500146243,0.6105971076582145,2.0611732798514675,3.7849107774397965,4.016336083939269,4.790641205102041,458.0006192892835
0.5082759528279253,2.941337354324126,0.5262987421255028,2.087479872469172,3.493497833180513,3.713511819915973,4.722200298886667,245.8009590551581
0.4764991395364889,2.9999999999999996,0.5554905410118367,2.0810338926187413,3.7033882221861707,3.9651652363859777,5.586254657684874,4.770139793288045e+16
0.46675366360832565,2.9999999999999996,0.5511044641599568,1.8024650018207178,3.2160029207592116,3.4119710689055998,4.694289940785902,4.888543206458814e+16
0.42620033714627314,2.9521569420568166,0.586763859027439,1.86823116326328,3.3471977586675212,3.5369622058389423,4.370443322691311,372.6331279705809
0.30051844341435713,2.9999999999999996,0.6033312237875432,1.7241192818751172,3.2517076232478668,3.4378875140298732,4.555890991274181,8.090940438933347e+16
0.4350467754182638,2.9655977662460957,0.5639679598546667,1.9833675858992414,3.507904647882509,3.7274813526166177,4.8058310184813875,508.24030041151156
0.326772481081082,2.952044339651964,0.6046931242729936,1.7139304133959214,3.1383314470180044,3.299399092351321,4.0326257654805975,503.58576853287667
0.5104241335161008,2.921579259256171,0.5773810713676101,2.2578519582797814,3.902728235677607,4.153454170304574,4.720021480553221,181.71086579464492
0.41570570834386783,2.9999999999999996,0.5699951540677257,2.0854273166437935,3.7807360725111105,4.04779126527022,5.6369076915793475,5.599454890954201e+16
0.48208680163731743,2.930072847265237,0.5528954952817235,2.2331231114190784,3.803642458747527,4.053625216112864,4.855705151933092,218.85077319734796
0.4640569119932602,2.9999999999999996,0.5636124538191509,2.032514355662611,3.652169242477045,3.9040607736103508,5.4492940995618,4.922186072877979e+16
0.49754669720356565,2.947398432949815,0.5431291843789827,2.3963266318786953,4.059758298354741,4.358078136572147,5.435830411620293,281.82031777649075
0.4439410146418017,2.9895041053165987,0.5598689763509151,2.0521077230802813,3.6572373503808406,3.906494681518252,5.334427090507175,1639.9299264522767
0.5583550661315744,2.968590661813048,0.5006441062030291,2.164723349356878,3.554924676493171,3.797316769984596,5.23395100627315,413.2982620560415
0.48160223980193617,2.9692278950999857,0.5529882467050838,2.2202011798082233,3.8634996342667467,4.1378217269353605,5.434400268169004,504.5708467649416
0.44898403861912395,2.9999999999999996,0.5669781589173722,1.9526757265012302,3.5280294815537636,3.761344878573339,5.202697755065308,5.117667241991685e+16
0.5351971325927447,2.9425286570355813,0.5595798757460841,2.526392399019125,4.319196102380576,4.649314833622086,5.515504733327377,235.79672455169694
0.48766536388591963,2.994970698311998,0.5496939041890824,2.134322297784069,3.7586372876078156,4.028586202915052,5.6515654336623875,3067.894807037762
0.4912510018417763,2.9999999999999996,0.5460753125701195,1.989025753428983,3.510958196641861,3.747712049379356,5.270566951850479,4.599848554369159e+16
0.5030585780989973,2.9999999999999996,0.5603342147192566,2.1688293710764586,3.864481454145299,4.149884654650601,5.875703529342059,4.470741558461747e+16
0.4556959271922566,2.981361095416132,0.5734585515198688,1.9898187790048119,3.5743476552652713,3.8060723341418172,5.0436343273546,893.0752645355957
0.4816399295854976,2.903972292794388,0.5595041538735789,2.1145869028158297,3.5793422665613908,3.788399014390286,4.334602233088018,158.12161789229754
0.40640560310587115,2.8929543043203014,0.5743995860621544,2.069378533107312,3.550971268783488,3.7471987365663235,4.16591210351812,172.4704661608654
0.4547909266169197,2.993212351457202,0.5511445654028491,1.9161699727362604,3.4007894751284744,3.6184664873098815,4.96423199398159,2467.9130409216455
0.4715238264600232,2.9697079598179155,0.5643200308810091,2.026818619549596,3.581168783305758,3.8124873746929575,4.962315104359332,525.7029831279813
0.502160342183176,2.9574393165863007,0.5508764532457321,1.9909183353633648,3.44613100015611,3.6595583100974816,4.696437982837941,345.64429584746534
0.4869792188830608,2.9651217166914163,0.5737613282559592,2.09620282215871,3.7176350063799948,3.963198481673692,5.063087952820722,438.7054966381531
0.31872814364897545,2.982353535864012,0.5750794610258203,1.7443344221297286,3.182544012732759,3.36209797306441,4.389072735795804,1421.7455025646348
0.47481905489602844,2.9133796054383865,0.5627588824813478,2.389130422097717,4.0626574142971394,4.337044067834409,4.85903231989514,178.87155492929367
0.39387976637571526,2.953137869244662,0.5309215691220521,2.0883413671579665,3.5647553523981172,3.795316742040647,4.90871819813655,416.95815056680146
0.575370919963396,2.996948031001889,0.5100165100260681,2.2129203215187134,3.708242836598852,3.981811907149196,5.829997808111541,4138.057257938595
0.47633344864803934,2.940893253320533,0.5814926772955069,2.156861956851722,3.798770259543555,4.042271616131437,4.825782722474212,263.61073841295376
0.5287937872767599,2.9610618834846933,0.5588083895973455,2.095052931282258,3.6446098214609486,3.8840010070246405,4.985571661147411,355.3818031711213
0.5301242959527606,2.9690881414165005,0.5155905750980795,2.229037587276178,3.7174581410098533,3.9808498447942644,5.4273170086702125,447.5023928021763
0.44285112850486363,2.9397222812883337,0.561040943171286,2.302776915935967,3.982166313147196,4.257391948477651,5.12692179563279,281.6097929462224
0.42222086557412475,2.9544446038528083,0.6125409152901974,1.907808552943549,3.491647974494411,3.6918636351011616,4.486950919600561,395.9515396136292
0.3415928263329589,2.9845160438684775,0.5979160789396634,1.6538853355541565,3.068725288739489,3.2325653080085415,4.1706952975059295,1500.0465767757871
0.4133796372597119,2.9999999999999996,0.5724780555041327,1.7192695161780904,3.139143074105612,3.320906833540618,4.478616723692928,5.636031120936601e+16
0.3714380430535874,2.995508454392099,0.5774428434497079,1.7679120181070767,3.2410343185794197,3.431838304923548,4.593938337877001,4719.6149837872745
0.40602366738899237,2.9999999999999996,0.5960988341564002,1.62308555749996,3.0206282870566605,3.184887593569821,4.2158291670813695,5.7544580689492744e+16
0.4294212783759944,2.924839390699193,0.5816533948233876,2.08823461920215,3.661196010912931,3.8799294827767232,4.509405708826246,232.94804965702758
0.4348542295875147,2.9950127139640155,0.5559759002483554,1.884757431193652,3.370077772777951,3.582787607797271,4.902912065688766,3542.4419701607235
0.4564491186728529,2.937303983290045,0.5951833815710796,2.0164782344839844,3.593082109408151,3.804516339168259,4.499379227974038,261.07001947535025
0.3919643466454577,2.893838940330449,0.6181914993868791,2.088818215986544,3.7097585170577787,3.9069230732322007,4.125770045022259,181.3744341446816
0.48926440395421245,2.944366971933839,0.5272774735202984,1.9898489564715758,3.3534946465159234,3.555940577919528,4.544701323717945,271.59176546947134
0.4508830894318107,2.9455164373706566,0.5615726918148639,2.1973333144604457,3.817465966581108,4.071997330503768,5.007469820178761,305.6481416012545
0.4458957077103541,2.9762058490694834,0.5535698423726204,2.1982281779018833,3.8544040050388277,4.12906448032931,5.51203037534764,716.4701296913375
0.40497692245883815,2.985840272508637,0.5740150664693691,1.8141529669572924,3.2882470485149127,3.483582793402352,4.61171986176234,1351.2092971900295
0.4526563177701503,2.9904196805624914,0.5609280321507571,1.8088103341179829,3.2400960566300268,3.4344497381334063,4.622834671923512,1756.5928430274532
0.5255971142409421,2.935767785197517,0.5129261482431513,2.335135382580985,3.809066724894142,4.074419906882107,5.16748639728541,215.17224183195995
0.4116082419901711,2.916249367387277,0.5820827054408406,2.119484552585002,3.704283689855289,3.9244017527365984,4.470411960185173,218.96893558070227
0.4907593194200877,2.8383835892913014,0.5844890988202901,2.2105912086354946,3.6696883295085003,3.854493263397189,3.8460876390547365,89.7964968172111
0.41013126810744427,2.963976037110766,0.5671346426294276,2.0227587337493604,3.5895834166386886,3.8177801948198904,4.890567669162169,519.5628292915237
0.5523541489265736,2.924783704995959,0.5353210311723152,2.1914395668481537,3.64286838348898,3.875274759293369,4.704928429428992,172.31091034886313
0.42942570406082553,2.9999999999999996,0.5460700526703539,1.8436799441664877,3.2809541064325445,3.4852297493895485,4.818282842132031,5.391776659778172e+16
0.4937413979437633,2.88374108102993,0.6011803520901524,2.5091637830916116,4.3315369787941576,4.603815880818343,4.485689392682004,125.90886881677504
0.47508457931436626,2.954074416792181,0.5491902432642999,1.9823868805513443,3.4282466511983722,3.638251955076401,4.643761115039665,341.85556352505955
0.4651622745533696,2.9999999999999996,0.5462781199651624,2.119364116964567,3.736862445947414,4.00565134705802,5.689953435891415,4.90834913331147e+16
0.46043295743037,2.9811527293618623,0.548426162596948,1.9618676584450534,3.445792438823288,3.6664598349153086,4.934347047566119,872.4268823797793
0.5623620887858644,2.990201395552552,0.49629987260830005,2.487907258096971,4.04503723276528,4.372670525922341,6.501069679139969,1322.7853419638077
0.48251511404801917,2.9999999999999996,0.5188093659034949,2.0232439211385187,3.475516073921476,3.7121870773957397,5.316652284341701,4.699435795561786e+16
0.4908555776870036,2.896176752807575,0.5704937686869361,1.9713848455521963,3.3546757815343624,3.5322842554637512,4.002724579404804,142.59437184015647
0.4025060612390425,2.9106236274801134,0.5999203758170258,1.9930730165053132,3.5247496635291315,3.7159456525611794,4.1748629054676005,210.15776659930503
0.48572474542007277,2.908562729955709,0.5903831062626119,2.2300839036570257,3.8774804176916,4.113113617369657,4.495523254398195,164.65608130585017
0.5137880603862615,2.9488371001010942,0.5319915457213069,1.9816996950372638,3.3555070262599895,3.5588875189830387,4.566579773080157,278.90080623002706
0.45728601045028894,2.897421619853054,0.6241351219929646,2.036080956745793,3.6144850208713026,3.8020777824063012,4.044835134410849,157.05995069126516
0.5453744657775103,2.9999999999999996,0.5334650647200326,2.043530944629705,3.543951615360365,3.7891958403864217,5.40889371462951,4.053967075814048e+16
0.48805929684868865,2.981007842995136,0.564559668659236,2.160466229704786,3.829664815250211,4.100317893700038,5.493526489346198,807.8404962559961
0.4927559029818624,2.9999999999999996,0.5196032847669327,1.9766521760038125,3.401576527913376,3.6278999330208945,5.170254070821669,4.5830495434870056e+16
0.5011846281378863,2.9087013370418275,0.5524791205532618,2.137440292121962,3.597984293428221,3.813378511410393,4.424227235798607,158.84411880934556
0.3922633839810856,2.827542510571145,0.6092937523782537,2.019072037837561,3.423178988687164,3.571634352300234,3.5525142379473436,108.9966218592967
0.5040772140596489,2.9999999999999996,0.5372210270210162,2.272384825588881,3.941145468213269,4.245336822278597,6.15541815848981,4.459886943977737e+16
0.5729278321793086,2.9117210682082897,0.5370707117585661,2.2152042319368337,3.654471693598519,3.883204331071213,4.578962519677427,139.72543464406306
0.5219647827483451,2.9232785323974646,0.5464248769316933,2.217201409207984,3.7284510532420407,3.96822043374007,4.730347100653586,180.8920863040857
0.3436034823761994,2.9999999999999996,0.606110956176527,1.8146702988185979,3.419101263864012,3.6258324523420375,4.8426124527228875,6.9634604889251864e+16
0.48220854032714355,2.8864461431363257,0.5662636058086506,2.189907351149261,3.687715258555472,3.9008218140717457,4.2606940459704745,132.72307258985575
0.5706097252371604,2.9189880193034314,0.5331782262147133,2.282365599988545,3.7600881941585995,4.006910707092445,4.7885018463684865,153.4055885499027
0.5376160760292447,2.935481206550762,0.532837730689694,2.1152662308358323,3.5393201045570697,3.7622658773342086,4.695526901742815,208.3898622492359
0.4137576754073698,2.9758954124680432,0.550732097422245,2.0391588535034066,3.5861574448833062,3.8224462041365825,5.089130145532238,771.6868702035205
0.505410961347674,2.92564257459927,0.531520565594805,2.2330181965774014,3.711142289028587,3.9537454997868773,4.820631533290448,194.2009170083916
0.47406995306412136,2.9999999999999996,0.5350891770289988,1.834979289920072,3.223779216110437,3.423458976702336,4.7627570752793,4.799197900907973e+16
0.43724801960186077,2.9999999999999996,0.538646770848911,1.931973386711229,3.404908620274069,3.6271645492922433,5.080021920530188,5.2792046374382e+16
0.4293224383730922,2.9999999999999996,0.5504558067178312,1.9168212558602702,3.4187163160184078,3.6403212212897635,5.058003295968799,5.3932902051449096e+16
0.4994939697164249,2.9988067446919677,0.5435334251870044,2.0598918403239854,3.616111443574101,3.8682442685493217,5.470331370892911,12580.930430287011
0.45800876340773883,2.94471162475652,0.5785781332459998,2.2750635559402967,4.00780468940936,4.281953304443194,5.119011166630443,295.60324995771475
0.4014114479900648,2.972631279843782,0.5528098836193328,1.9911962827063254,3.5094812584194046,3.73357033174765,4.9208560042431655,703.1278840404979
0.4981406399057944,2.983721216716527,0.5646587438749949,2.1759408077896367,3.859490097206947,4.135909354532298,5.584408957725055,920.5496542212492
0.5385555691229871,2.924676347468245,0.5678055494920833,2.4264277861116264,4.146483797316455,4.436934278236022,5.025243134652613,177.4622387608412
0.4836611702621842,2.984994386262389,0.5326915776893063,2.101847103929678,3.623935061353865,3.874551540613862,5.361336132824874,1034.9459100950546
0.431048781792857,2.9219544849364563,0.5871811562024827,2.029782464082379,3.5692636204316566,3.774207191742576,4.363312789387273,223.1284410155448
0.549258859091586,2.9536168506702536,0.5145225804597677,2.166329918182238,3.584894111170625,3.8242306162452073,5.041737454631001,284.12817048051323
0.5083495413705043,2.926518017490827,0.5520033486776695,2.2896679355748875,3.8761591671625193,4.135354429081603,4.894907210397086,195.20683432674872
0.48896718256584676,2.962053937940542,0.5322481212629615,2.0055343291499526,3.4244459437235997,3.64032473596351,4.786594287063488,400.8657268054448
0.3831110189612576,2.9314020807318872,0.6139053849517564,1.9584506583657788,3.549778816503896,3.746572231727703,4.328019873594048,291.89395718577094
0.48969767097796696,2.9186892558286894,0.5928777646990409,2.2112590554167046,3.875201244908681,4.114244925486138,4.5868091867785985,184.00851230118167
0.46883736190365194,2.940144910927777,0.5475186053408326,2.1939508873475346,3.745257116620983,3.992724048114333,4.931759278747823,265.1950981775883
0.3985083371717028,2.9999999999999996,0.5586946274934249,2.0344524099395853,3.656185927973086,3.9078996014320904,5.452664124523984,5.879965757540945e+16
0.4956684857375195,2.912524481279501,0.5357600134301965,1.9709142651532525,3.2915493731837837,3.475546153050601,4.182816214664392,168.22230098397367
0.3827261508241599,2.97679482111649,0.5925497973946645,1.7640532335079262,3.2340770534792376,3.4161195705629557,4.391103221419731,877.2532969280667
0.5269338448918452,2.957547928779831,0.5530581046244227,1.943691375702013,3.36745031778869,3.5708560231291653,4.576329659489279,326.97349317096325
0.3841427519596334,2.945604656204828,0.5983422565773545,1.9958361277340162,3.6059786603524646,3.8195305238195036,4.586955577142627,368.7517826351372
0.4723795728027938,2.905691285714063,0.5887412845831106,2.029079560608207,3.52451711783908,3.7184199398542446,4.1694533062147725,164.8611762853848
0.5116976331566028,2.985226938767385,0.5176706221954044,2.3474888018613767,3.9425392354869553,4.246217655780051,6.038746106072505,982.6448867495532
0.4360136941306963,2.92384989799229,0.6152452259104259,2.4227042026097116,4.365046902676551,4.6560871878097645,4.91419433010518,225.78763556364927
0.473724831580905,2.9355438673301304,0.5465258448558002,2.1211631829706095,3.613108954668607,3.841478795032453,4.724172539131278,242.8727740721452
0.49129701659032227,2.940266923529514,0.5672509978660544,2.164005095274789,3.756990860366832,4.000051205045907,4.84195102779304,251.34890333763894
0.48965712474613177,2.957036120110542,0.563716215847703,2.0082654827068804,3.517097007220401,3.736136303876171,4.737727540472163,352.8532332001738
0.420007695573126,2.96711500937571,0.5477085657913033,1.8768773784223782,3.2867472712054395,3.482241564023205,4.544187570383701,554.2399423792159
0.5062440383442365,2.9312421916502704,0.5556331287065432,2.435363558500569,4.137689397334385,4.435273890022444,5.1964458428775595,210.00213373342072
0.4451312073166234,2.9999999999999996,0.560902193838734,2.0209447552270503,3.627797924399524,3.8763491106939396,5.408853514379288,5.169759366938759e+16
0.37317864399273754,2.9783655685867165,0.5854491275899731,1.9485837091015354,3.555113645784601,3.7777479719684934,4.914670495499278,969.0501943315925
0.38277193827230166,2.9999999999999996,0.5832784421846653,1.8805577466269188,3.4666915821240574,3.686018735115397,5.010432311217933,6.1587311633881064e+16
0.5485792953541132,2.904056621508894,0.519594716447734,2.350438126547671,3.7928988050421406,4.042297613212178,4.760560631336411,135.25972803324944
0.4486921224402892,2.9999999999999996,0.5403860771372951,1.9876932137320509,3.500503127879953,3.7359013373574346,5.258869888956721,5.121582765569677e+16
0.4310935637821447,2.982194418346507,0.5799180125126364,2.0837942596070484,3.770482956660893,4.026581449201876,5.329054461636589,998.0597363330601
0.4874770672932358,2.8825311030590015,0.5851476172893749,2.5567018505508265,4.3504758259954475,4.635208853740546,4.58124088841704,126.47566051047448
0.4654659425912518,2.9560595280139688,0.5774031508586291,1.8276745299205976,3.2487386915837093,3.4312641903742493,4.303109328139825,366.31835428192505
0.4312935413390792,2.9691362464794544,0.5264299251789157,1.8161326342576516,3.1287948029719317,3.3094559773119787,4.380237273162805,572.958158526507
0.3942324454363768,2.90718685670782,0.555362953772242,1.9134689698126839,3.2712181986517446,3.4460478440764484,4.052781824759115,207.0364315690577
0.42553680870906635,2.966034451521203,0.553883953889675,1.8067111608723647,3.181581484629961,3.3630328226639685,4.352178283994885,528.3079107253891
0.39586155180720695,2.9654936667820397,0.5794400250180587,2.010515104987881,3.614143069825023,3.842146028312075,4.887599472649627,565.3520038784998
0.37609683020234563,2.9999999999999996,0.5719262265633306,1.8262367785888451,3.337856766000726,3.5430647670890387,4.818753592126773,6.284024957827618e+16
0.40341046016755944,2.9852207982951033,0.5800684172162948,1.8329854056446406,3.337367237942846,3.537195446127761,4.666618023907943,1300.114585771204
0.4927252136027087,2.9944264013396165,0.5491949858066567,2.1357612347648707,3.756656320737256,4.026378815033365,5.644520743474301,2733.852611316937
0.5324053435590278,2.9999999999999996,0.4995767836587781,2.187360246148347,3.6435604684563034,3.9089355233182475,5.778326836444325,4.174660720330236e+16
0.47129864992696663,2.927400650396109,0.5463549833433347,2.1769483676116894,3.6880302870578574,3.92338409604682,4.732982440278162,216.34695134841732
0.4783122536198916,2.8148438417907835,0.5981250714833145,2.894519819877431,4.788563020585628,5.071232434235471,4.246881981948048,80.14860110647936
0.4345496080529869,2.9651796133460464,0.559791176857816,1.8303155359208558,3.23328134781026,3.4196576236825846,4.406955806061809,502.7379556767643
0.474973112225207,2.9807555042991165,0.5518368296818325,1.9681896376927737,3.4625029936635325,3.6848437709392465,4.947729106025953,823.4112595948019
0.44317470592266417,2.9925643719418686,0.546725499695279,1.9907025536667002,3.5144882473503087,3.7480156762561556,5.175600525949558,2321.9450216417263
0.45521373933482884,2.966121843169079,0.5407441157221562,1.7935379173226045,3.1183023866321338,3.2950828644534216,4.299842196770599,489.4464273595419
0.45150813001855755,2.9758466629465596,0.5481083814520963,1.9176790608565046,3.363386546560039,3.571557539143468,4.746293039141368,695.426258772202
0.5377205710892439,2.9999999999999996,0.5367147798229734,2.1229467117589955,3.6870767432325895,3.9526038406350024,5.670882751393469,4.124491907037006e+16
0.4276563196743237,2.8948364952782035,0.5924294404110546,2.0845656397932517,3.6225996579687143,3.8213837561383897,4.163309244100811,165.57436046810702
0.39497324369541686,2.98885135976056,0.5756981541172221,1.8477262291682381,3.3608562176758565,3.5653970839648017,4.750298566868894,1768.1818482498734
0.5154121472648796,2.9361696040154746,0.5453441627529548,2.0694389476171815,3.5138865447260152,3.7304530988443068,4.609629106188112,221.74473019921314
0.49325120732101074,2.9474516771849615,0.5433532012923513,1.9879949448634477,3.402769254002842,3.60906432160222,4.573141075753066,285.05620037567496
0.418342063073288,2.9443566505170295,0.5774713665867427,2.0225177177192735,3.5789346187158344,3.79601362232029,4.628241283369634,326.54596019734953
0.36849762293366833,2.9769135584346036,0.5563706086316125,1.9586600717605953,3.4826026122867706,3.702815558849844,4.899223293778552,920.8275451159116
0.4381482796171703,2.9439834285652324,0.5565200640138743,2.1839662227550156,3.778219520874512,4.02821058812721,4.968654329561797,307.29232669885005
0.31662016759464845,2.9769087024289584,0.5971191320377877,1.848655088462347,3.4190751005635525,3.6198204546430457,4.642656709301197,1092.5988892541698
0.46161141650477633,2.989186714153942,0.5316283628678353,1.9735082983427477,3.425497651600649,3.6492770538736785,5.048395498912456,1520.116679612596
0.5365074263996353,2.9852120832583924,0.563330596861589,2.311856072143915,4.07793063666006,4.3901299073839315,5.982496561285123,926.9231174371636
0.3954902433067567,2.9323449667004864,0.5520701347934753,2.0537232976755226,3.5387518319616267,3.753676793454243,4.57713149682015,285.4336445135503
0.38153011979676427,2.9999999999999996,0.5592864600332634,1.8982328444539724,3.4263411077119907,3.6458099613245385,5.022385056175252,6.1817085283048584e+16
0.4357866175300877,2.9860629910744456,0.5532827146292043,2.1458092095920387,3.788284208115551,4.056785988700996,5.542887006810632,1260.6939239530982
0.5136960407668525,2.931254450929144,0.5551731716592897,2.2083195904310196,3.76313175855477,4.007785522663231,4.807958891174938,206.37492933026047
0.46993651521596075,2.9392119530567524,0.5692149058991746,2.016353971441917,3.5176274145213893,3.7286863147549583,4.537969756192713,260.3184451320874
0.4014437222516164,2.9999999999999996,0.55651742991953,1.9589578804607248,3.5176347186144614,3.7505949488507064,5.207295520751809,5.830384901041636e+16
0.48677345175630954,2.9797169777254675,0.5467154921846812,2.0674737031324386,3.6065037150549264,3.8496354510566775,5.200956186214999,758.4851850716278
0.4961274105220503,2.972233175772283,0.5567121484144981,2.1177742759546323,3.707917102639922,3.9601923904859166,5.223696743813511,540.2262339977301
0.4569854403682626,2.9079866102954783,0.6076252046749683,1.9405225995163584,3.427088197660965,3.6053952923242525,4.02627141199658,175.8684174017054
0.46935368618767126,2.974562024744307,0.5230512594545033,2.0937542226445784,3.5616479583365077,3.8017033432180902,5.177392556963134,630.4805704335241
0.4733519542480283,2.941840187288046,0.5539082446838173,2.1185466485526856,3.6454299729060065,3.878194883110012,4.79272907239991,269.9955789612036
0.42209847350388585,2.917301566373752,0.6012708993738728,1.9796869569363533,3.512164759086757,3.704331106606974,4.210237509946329,215.44508137556693
0.38273251537083325,2.9856240283626256,0.5850877895708158,1.9522773413530423,3.5729029157186036,3.800719086988904,5.026198797344133,1420.203766662636
0.5263218502093766,2.946645736250156,0.5605392917543224,2.0938581216148378,3.6195038622970053,3.849584021263406,4.778811746444759,259.5676629760547
0.5109025478180306,2.9379959848267996,0.5283161375232109,2.1627895370395946,3.6113155210037537,3.8455756563038563,4.839666337804363,230.85283689638317
0.457366621656361,2.9781154563576564,0.5534212466088636,2.1208721246206816,3.724539605048387,3.9813626390508023,5.335122742251114,756.5250499147461
0.44205916780238413,2.9555249088888385,0.5615120016561106,1.9738440178894405,3.462814568166954,3.6741025816110375,4.652768644310775,384.5279124722837
0.39147314050271,2.860755436197291,0.6019044602908644,2.119635089587785,3.64844803208429,3.832523273102916,3.9122817264738887,136.8975973061923
0.4523175390479012,2.9999999999999996,0.5542907904783883,2.028039269411168,3.6151884330725212,3.8637967208265374,5.416955984439297,5.0733127908122664e+16
0.5022228842766328,2.979498958266014,0.5234370860273913,2.0086126447821226,3.4278088576109225,3.6512919030064293,5.002240541069696,722.8105663758007
0.4760909377276752,2.9999999999999996,0.5406834473814955,2.0767369828119224,3.6421762038570056,3.8985610774331487,5.539689812423214,4.7750020055489544e+16
0.4582265935069448,2.9742303860208255,0.5772638041066046,1.9396155823588466,3.4824425067514047,3.698837904212273,4.808112753376545,640.2111514992773
0.5453978402210904,2.9617918669011387,0.528876988610626,2.321392585738121,3.8954693814534083,4.180124098645961,5.526114053963858,348.87224218436836
0.3382747768132846,2.9631146706500298,0.585668332249558,1.9390470346400217,3.517985526115554,3.729770220566082,4.696550332057051,632.103793951988
0.42314113056021396,2.9962867667255173,0.5585713438461729,1.884271285292656,3.3823174986860685,3.5961766532025408,4.923930822475206,4914.015637288913
0.372911236056477,2.960595050816496,0.5954710464226912,2.035657184318581,3.705552206208285,3.937669342337708,4.884289140357541,529.2946629061828
0.5196671680580887,2.9999999999999996,0.54046903669953,2.1484689348365547,3.748020214116905,4.02145941503623,5.763591459930565,4.299069367584047e+16
0.3917486697096635,2.9999999999999996,0.6067045257525211,1.7686840549874339,3.3215161504577915,3.51789768153617,4.692289517400088,5.996967253463733e+16
0.42502022537681816,2.9089330206807698,0.5693852784011848,1.9732603855393795,3.4003622541316294,3.586810260801517,4.152541075310881,193.52497284198785
0.49162469270433506,2.9118115385055554,0.5611897116048103,2.1684015243258203,3.6851390514546063,3.9096801846309286,4.49914077169041,168.46524793801282
0.5112123824964409,2.860759011393542,0.592351045613279,2.2323937738329684,3.767882937760146,3.968723654106286,4.005681164769823,100.02317802391659
0.44185428295334195,2.945466426098898,0.6056487683545173,2.1177297821510948,3.8296797147091017,4.0691881341751595,4.802366997789842,312.7060807537445
0.4601938790488151,2.9999999999999996,0.5392726076306003,1.7985382913186299,3.178063471014036,3.37098984171736,4.659201308785847,4.971065640225843e+16
0.42809473773206846,2.8588283298125003,0.596687623562797,2.0815199506268014,3.552066283727296,3.7281986571810206,3.8435882368093615,121.66218219996257
0.46195416234962794,2.9999999999999996,0.5619024903454192,2.0939559994318184,3.7530378726238123,4.019934772465124,5.6428342926814015,4.948691112795061e+16
0.46625217398366486,2.939720001726337,0.5258512163415976,2.1520171953537344,3.6026218894678648,3.836356378700855,4.859029372432801,265.0179287289037
0.4982162991690879,2.984385440219404,0.5303035039881275,2.28313342660347,3.8994433202362675,4.192435774006969,5.860479860109623,959.7475125194319
0.4839834783983043,2.9660662176609613,0.5388906595772984,1.9072136228332328,3.2932208580409763,3.4920302956836107,4.588056177485966,454.39288736989715
0.4146542116533028,2.9851213151913942,0.5556799163524003,1.8137216260075768,3.2343589937123243,3.4266914794185985,4.5767162520278015,1250.9213326297815
0.4842340006609574,2.9346429690582343,0.5640000084143463,1.9928325867014502,3.4494575648992094,3.6522695350239847,4.434268958621832,233.2802222960581
0.5572927925911226,2.9662346671484046,0.5335852794182498,2.14951910570184,3.647997886975018,3.896716328233709,5.182606726772581,385.05472631947356
0.4676012123395952,2.9999999999999996,0.5438989299782954,1.9807170844644804,3.4957682149730447,3.7302562380548094,5.2422005182350295,4.878049900425871e+16
0.40664729711076114,2.9915751845074356,0.5696983630296921,1.9255726506787538,3.4834706964510675,3.7062248812598506,5.008023118696986,2264.5568075317738
0.44232745228317105,2.95440679010578,0.5720170156173372,1.834465216921159,3.2501783648459672,3.433115867880334,4.307597624156214,374.6891972787172
0.47514936383812784,2.9106694458791926,0.5539789033096907,2.0731973738498923,3.5104245223543504,3.7151232400893877,4.344372628090496,173.14039276045662
0.49464933141466405,2.928468941568907,0.5507146545682446,2.2094982915574892,3.750150556936462,3.9931554436677836,4.789187800152399,207.35621960130229
0.5194219398402712,2.8814072672562223,0.5798873819003808,2.2121761667444098,3.7410229680881186,3.953194050492741,4.190006794572471,116.03237425900706
0.4855757821016098,2.9415755280179465,0.5646320496170634,2.1994551813078647,3.8122414935504056,4.06407065827513,4.935351851011568,260.71543327561966
0.45241127022299005,2.93755827480606,0.5721226742645856,2.0086184275481447,3.5149704570187374,3.724011445611182,4.507266079527965,264.91558027026207
0.5245249901957559,2.975896405845182,0.5489951002884863,2.125785521643705,3.693096735591997,3.947395049459676,5.291538219257601,582.677656326352
0.3673781905780367,2.9999999999999996,0.6070068717614628,1.7583399740921533,3.3087789653152924,3.5028672781717076,4.66251704681641,6.454533722464802e+16
0.4552995130926119,2.9070256837010455,0.5565784572989887,2.2477914095586224,3.802719127127712,4.041639236268167,4.598387065526785,174.7532906803833
0.42262952029549483,2.9999999999999996,0.5789638212955909,2.1202420936048973,3.8737685659476293,4.151857625261273,5.765675780304348,5.492964487609485e+16
0.4154189110114898,2.9274268234917957,0.5527144207754437,2.165360041649413,3.7090368123815716,3.944319379595757,4.728273146713485,250.96537940713023
0.5154209540222932,2.9532748405617495,0.5481397224733946,2.1475636157686613,3.6833193836589433,3.9278096745426954,4.999513148235467,304.6799119154938
0.5377166337898354,2.9999999999999996,0.542543659390451,2.3091258629508213,4.014812598376726,4.330519403315396,6.28324254938882,4.124528702929736e+16
0.35373555073003055,2.9440658561206092,0.5937959261727875,1.8811761097061463,3.393557145216394,3.58271347209958,4.333478650108708,393.75407261745426
0.498640659767971,2.9900895692329965,0.5477790860833063,2.040252846326819,3.5816693296913766,3.8248978266066356,5.2803088437185846,1513.4917695705851
0.4787030367184334,2.9644292613077705,0.5577576022344571,2.023046180323078,3.5412802137784056,3.7673331404028083,4.874676231336233,438.940875446126
0.4856384292494963,2.929031827837913,0.565146072005639,2.315610188706801,3.9809720321747766,4.250386071855804,4.957445960046533,213.68555034919692
0.4137075470826907,2.939594383606483,0.5606299127810992,1.927853669250827,3.3608906154017824,3.554441787755277,4.377615382846807,304.22456409378185
0.4385302512817548,2.9999999999999996,0.5849011226342463,1.878040735689728,3.452518710272863,3.671324877748787,4.999218118576497,5.261134971706449e+16
0.5735075715844588,2.986639672838018,0.5261511005887276,2.336455024358829,3.948135295442077,4.252589074053121,6.034144267257295,945.8135274280309
0.4897668860072562,2.9295890344162543,0.5637785089394705,2.1857666907440794,3.759696089475392,3.9999493726800543,4.742756677012987,213.25098078087757
0.4688457095634719,2.9190076972359544,0.5498209911727951,2.206992716900509,3.732781355137439,3.9697764905586914,4.680063736554814,194.57192077867808
0.5298586809163645,2.9950745709440105,0.5219839921996986,1.9960404803949454,3.4229274542130357,3.6511234803754244,5.164746415936515,2834.8188910670724
0.5038908486698531,2.9457267400279625,0.5251055171440605,2.046542399304736,3.4343844801116465,3.648218089556378,4.68408148562189,268.8646156035315
0.4532797604543866,2.933753749175856,0.5820810534888428,2.1252975233606226,3.7378261764313434,3.969860419292548,4.677296037127487,248.81540479110404
0.39844803429755044,2.9999999999999996,0.5581606602503774,1.826031473495121,3.292992840783975,3.4958424081959034,4.7901337512506155,5.880991976270147e+16
0.4475668373675407,2.9999999999999996,0.5669353305275961,1.9247147621148901,3.479193226380362,3.705875631621317,5.1137349289929235,5.1367242075980104e+16
0.4247085389269304,2.993007961993421,0.5612612166643194,1.9309824200360912,3.4648847032269527,3.6880893860532655,5.028126664493556,2595.6102884638417
0.35421066236235194,2.9551162971182827,0.5983959269420976,2.024670288419747,3.688487066399665,3.914826371759927,4.786385647527582,491.7898148223991
0.4243310725298361,2.9999999999999996,0.5137189089229846,1.9588047904628219,3.3705914225993436,3.5921564891915363,5.10859784959103,5.46732604465056e+16
0.48637161049054295,2.933789810466821,0.5728458633127819,2.131369633231458,3.707983958699177,3.940056684013134,4.686789239777108,229.0008109462847
0.39602944626455183,2.9582923138418287,0.5520349823719435,1.9510888371308668,3.4147836685162383,3.622281442353094,4.643075902236887,466.3731921316387
0.4777797388158656,2.9999999999999996,0.5260011726849806,1.8486927922950105,3.2189404812313853,3.4194214750750738,4.785479073480408,4.7549401138556536e+16
0.4615386258505514,2.9769673122994136,0.5309642408502668,2.0354673917006245,3.502295670524201,3.733040312857309,5.062422506123713,710.872892543306
0.501933639378897,2.931442287667785,0.574856253374785,2.2446675717964495,3.8968645376356448,4.152199985303387,4.846088230781657,212.8054270613158
0.38131623466174913,2.9999999999999996,0.5761737706000265,1.9161985515921618,3.5100182433676372,3.7366664091825164,5.111326985449557,6.1856811526737496e+16
0.3855907435288294,2.995853665752717,0.5551476161494393,1.8934231250266438,3.3967558535022926,3.61210752293105,4.9456795128121795,4898.952856023035
0.5279353718018558,2.9989321475448545,0.521473861990637,2.03754243033339,3.494389157614418,3.733918499521533,5.347228768157698,13150.263311448607
0.4527901627017962,2.9962618750472023,0.5557267351468621,2.0345025734057387,3.623739971050863,3.871943522086363,5.380610834230265,4509.1397401767435
0.4226263502720394,2.9601709041639324,0.5533025354628298,1.942067682516723,3.3991552408721675,3.605487234129909,4.635102490789083,453.2493091464843
0.470357837240694,2.9066067135030456,0.5272861486489697,2.183089134544332,3.5960165647261846,3.8174836239990793,4.537439969448281,167.37913547583213
0.44056209576782274,2.9999999999999996,0.5546961537268139,2.006280950950084,3.58251463190984,3.826053106392176,5.349730267983408,5.23271688713436e+16
0.5390945149669304,2.9288843501043997,0.5380278288484167,2.142508828766527,3.586638400121038,3.8122463590128923,4.664940922956328,188.00398784527007
0.4352265741367443,2.946784481649938,0.566403479688899,2.1347815439989475,3.7363318791338673,3.978391349810612,4.898673015424401,326.31998911001796
0.3876489465797332,2.9499010454166714,0.5691987271158426,2.1478319699093213,3.7900253932797847,4.038412427264515,4.986828410148815,396.8000462489131
0.3753272432744701,2.922509559083621,0.6070394645527448,2.0266967512709004,3.6385653124570863,3.8438451337985273,4.361923209292521,263.7381058436329
0.5150425794130686,2.9999999999999996,0.5141366051507177,2.069082499510132,3.522847656283605,3.7677593411952186,5.445670015060582,4.345758490934929e+16
0.40173898487128457,2.9999999999999996,0.5469130577957031,1.904493560669902,3.3937469127356303,3.6120043767821484,5.015017212010414,5.82543779926864e+16
0.43628484743960033,2.970777305939015,0.5546881425906435,2.039430614158513,3.5834859512400183,3.8172100008399426,5.0148235302746675,597.3783606154993
0.4607771735547621,2.9148496110539095,0.5915977656003021,2.1418213940595336,3.7516451816812455,3.974067480976424,4.449568004651584,188.6424263296947
0.41463911565855427,2.8703931154404754,0.638037241766169,2.057854583092656,3.638690101684526,3.811113670346436,3.824830983550693,138.0906305199314
0.43693189194732984,2.9652665465533885,0.5978710494295698,1.866064466637484,3.395641179581995,3.5928084616409737,4.517129903231737,500.7975244305282
0.4889453993784897,2.9364669505010945,0.5685181751288543,2.145613004867106,3.7228886344998724,3.9594574058687426,4.753696435760881,237.3674738966858
0.43318544580723645,2.9935789263581,0.5580145315199155,1.9535009697805779,3.4924414923000198,3.7204824166912864,5.097917241472094,2762.5089804809168
0.5139561481526204,2.926962727316157,0.5395671911556296,2.375917187131475,3.964993777383514,4.241628463191721,5.070706605212015,193.84533938762078
0.42226326768787825,2.913491808623741,0.5704130640183702,1.99603336312017,3.4510895221148328,3.644442620407488,4.237663486189932,205.59465751459518
0.3735342308373812,2.9999999999999996,0.5588560475413725,1.691492549126927,3.0656932176288403,3.2400626807967337,4.373085972776135,6.333315280254309e+16
0.4785038608592803,2.9158940603826724,0.59220262408155,2.081281656232307,3.6443252790850345,3.8546388293672535,4.354993222783038,182.6913291353548
0.4223329430897664,2.986128498259712,0.5494164979448101,1.7750546385050885,3.1513263862706373,3.3350678187700677,4.464734678346998,1313.8835458512099
0.4411046017349478,2.9999999999999996,0.545195368120917,1.9186233168813882,3.402294375677517,3.623033143502055,5.051372865665951,5.225173492536486e+16
0.38879516614268117,2.999999999999991,0.5468428015609255,1.6975002759188926,3.04297815672524,3.21679588226445,4.368284083043178,2240505891938381.0
0.43088251142090384,2.9269871065708792,0.5628937610870732,1.8608240080604181,3.2258110180389123,3.39992068749608,4.103198364848147,239.02666277633307
0.4833821369264676,2.9573038681788404,0.5278514735641052,2.1159757828215064,3.5790801607065816,3.8151816460138805,4.997040797168896,360.60695470350066
0.39110128735874117,2.9514424088578566,0.5783270320003209,2.0782173879418564,3.701884699877027,3.9362158929403983,4.851082731048406,405.45732637884265
0.4053207746553606,2.9999999999999996,0.5758935161948797,1.8364292195656553,3.3598907411281433,3.567876487713355,4.8547736727719295,5.765999239661001e+16
0.46170537543079787,2.9453421857444084,0.5753802116835531,2.196891224109112,3.8616760065190237,4.1173977206069825,4.983280971529938,296.25152629169713
0.48075860874897114,2.9632803425531438,0.5571644205254178,2.1398299254648525,3.7327559976604223,3.9846152879972934,5.141800141844374,422.87969489058264
0.509310381304992,2.999932988577303,0.5284844741188138,1.9734980883884141,3.4219671109911625,3.6499980894984008,5.178520995016001,218927.2376936688
0.4559522630442081,2.8512307261010026,0.6035622670552324,2.15974219900215,3.6751924565043277,3.857589929912764,3.8513314658403166,106.93626217749559
0.43043377357949303,2.9221024959150426,0.5879469393137019,1.8596635131591832,3.2751140199956597,3.4472972710372742,4.042913447674844,223.93675333495318
0.5007191518725271,2.92752399890594,0.5573117957001129,2.5295427913504422,4.291564808925223,4.609712965172179,5.272193730067346,201.6169772986241
0.31921548254636667,2.9999999999999996,0.5762146610491691,1.887265900931361,3.474798963555598,3.6948311534215357,5.026279869611793,7.564282319615323e+16
0.44351779244381095,2.899074332744984,0.564227632202241,1.846299859812498,3.15161301762872,3.3098775204934463,3.8330072544884635,165.57297379581513
0.44885454321334306,2.976420602677639,0.5270057766754209,2.0663296492531713,3.540866211398148,3.777375077440218,5.138123110657788,717.4492687518295
0.5089539074067966,2.8324555640264606,0.5827901900205847,2.3120925293685275,3.810803286825439,4.0082077555356985,3.9091124682903557,82.7439798777003
0.451252098570609,2.9999999999999996,0.510872535192245,2.056527093037756,3.5075786439376544,3.7495110698819354,5.405621996535772,5.087417935782808e+16
0.5256806451100415,2.9999999999999996,0.5471003362023754,2.069237812253945,3.6400428409194046,3.8959482688212743,5.524608469209703,4.2395868397800216e+16
0.4203287850280172,2.9999999999999996,0.577272729052948,1.9819896623675082,3.6209689780081993,3.8635347580197292,5.319087376532252,5.527961318048597e+16
0.4552788446766675,2.9999999999999996,0.5480821644088412,2.1460389576136056,3.7911834578272114,4.067400484621079,5.7806050176776544,5.034455424791368e+16
0.45595658165003045,2.9999999999999996,0.5785778269851954,1.9894471152568138,3.62909082875851,3.873568979279481,5.341609298843038,5.025633339662756e+16
0.449746703840594,2.9999999999999996,0.5598555973346849,1.7542610381135588,3.1602216246512085,3.3474504892037014,4.561699493645331,5.107461464955918e+16
0.523447745013035,2.982612333728723,0.5426560899828242,2.135031869820791,3.698899709256203,3.9581294081732814,5.421843024696014,811.5768981519005
0.44162796100763874,2.9999999999999996,0.5367270776572559,1.7105931204541591,3.0278303201340324,3.2022946374280927,4.383000722778138,5.217913890774594e+16
0.41039644294158234,2.9999999999999996,0.5244265933868698,2.1255196681969086,3.6783398469233544,3.9419929784922934,5.664171867598087,5.683547123855406e+16
0.5126048829142562,2.999999999999952,0.5377188209146827,2.159319077584153,3.7569181076919795,4.032188070941782,5.79260026838711,303521399983321.75
0.3910898803039697,2.9799386331185604,0.5594302969116604,1.9230293640927694,3.4300304388365546,3.6441894901360143,4.836934592192675,990.8988836735637
0.45109757352619845,2.916951398337374,0.5648076273592127,2.384248224046746,4.079314969475687,4.356386177404139,4.908269136707789,198.46301665800482
0.35076106646470623,2.9932404000619153,0.5909639441234233,1.6898627231789076,3.1331383218275883,3.307731993829306,4.353689528015343,3344.493467475444
0.5311864259710691,2.982446745423071,0.5698118392451418,2.0162573883861814,3.5904269089229635,3.827566789226838,5.11421248425648,789.6895195134292
0.5132245643751171,2.9861916253739156,0.5568327126054828,2.050505968850127,3.61838902433232,3.8636070718570257,5.259709447615468,1047.8623735588244
0.3639783772869418,2.9590455167478757,0.6018331478512798,1.9728720905534796,3.609524003337373,3.8269134060291368,4.717533864208908,523.2672798965358
0.5104710873320766,2.9999999999999996,0.5099219639768557,2.2626478589316448,3.8061178546398655,4.09491018149018,6.050992401835298,4.392743002161726e+16
0.42197935433656913,2.9920831824008873,0.550391709449901,1.8622724846567091,3.3130915806118297,3.5183702584595715,4.7907449551617765,2308.969582774012
0.449688589706035,2.9640972447685585,0.5632845569548526,1.9834163820887714,3.4987957331883766,3.7171932221091293,4.781926336927982,468.2157465582478
0.4152491993351751,2.9999999999999996,0.5545679573578501,1.9257641814233248,3.4505667685678802,3.675227748435703,5.096361887165809,5.606600933298238e+16
0.3930061674602387,2.967708591994688,0.5997642639898062,1.9298546607294944,3.5347473768114517,3.747691444034046,4.721480172804851,609.6420432207849
0.46649703707130563,2.9188249543835547,0.5779456990569078,2.121982222316101,3.6826957334015216,3.903574906702569,4.485714349352909,195.28012125219
0.45945810148005134,2.9999999999999996,0.5501268455420434,1.8200156616615124,3.2450170036755193,3.444665427040222,4.748368263763153,4.980468735075876e+16
0.3736875886380555,2.9999999999999996,0.5755097194948313,1.7816155816629002,3.268316504230085,3.464096250861047,4.684439896120105,6.330346501619743e+16
0.5105947051369222,2.9999999999999996,0.5249111193652295,2.0283428056706367,3.4979869013655227,3.737420778689835,5.3443128503064035,4.3914614254815096e+16
0.5684665396675707,2.9485771631736437,0.546180109280955,2.349569547837267,3.9768376072598035,4.263225074934,5.327653090275969,245.2628719528288
0.46250719034556087,2.9907952166993517,0.5428425012343386,1.8653257450655143,3.283864243555368,3.4873003846588255,4.7654335391524905,1782.6227307057084
0.4347686011394061,2.9835611605850048,0.5393805114386381,2.129089120215675,3.703873780239873,3.962876072682707,5.436289746443828,1070.8586944503252
0.502316230807703,2.9999999999999996,0.5359799975659849,1.9954487151037092,3.484801813135256,3.720156080117927,5.267143806818631,4.478679764791413e+16
0.47459316505400306,2.91140765666638,0.5408739570906391,2.1090984569654094,3.53047131157226,3.7415442030550516,4.434138519161762,174.87056078168857
0.3875855855487043,2.989150973240921,0.5420699844708983,1.9147539513939558,3.380734904961444,3.5948069220699215,4.904287534460477,1857.0838980198523
0.44538111944657033,2.9555312565587997,0.5632961707383632,2.0505296439716663,3.597605659782413,3.825768881706312,4.831281964751185,381.21941803198854
0.4981592467178423,2.9999999999999996,0.5321992788289007,2.3450312621498752,4.037257234607236,4.358490686199163,6.377337061615001,4.523569183331307e+16
0.4421462433908393,2.9999999999999996,0.5483447792207612,2.055139225442391,3.6429126823471836,3.896661468117496,5.491829498372198,5.210741648188301e+16
0.38584329657706146,2.985091329216941,0.5570566998854826,1.7020966801958557,3.052133384295951,3.22199132284624,4.259463419010832,1356.561090521256
0.4783975893814374,2.9054874468463434,0.5398092882374603,2.1961046876241226,3.6528192048914776,3.8776795852344477,4.521567909519262,162.03809788108777
0.4552686156584317,2.9999999999999996,0.5584827465314021,1.974932003873212,3.537483341907829,3.774257908716765,5.255979557977145,5.034588776871443e+16
0.4889275565970411,2.9999999999999996,0.5604663551127574,1.801922477916463,3.2356848257863273,3.4330386335127767,4.7079142487759,4.625987947629755e+16
0.4148361657116623,2.9467215546589474,0.578453373368231,2.0711426508548776,3.672495705568718,3.901795758256421,4.762631607541232,344.6664542373659
0.4773312154922475,2.9999999999999996,0.5279795469468266,2.0544947497743182,3.5594145835952906,3.806408700935016,5.43881268803142,4.760254443519759e+16
0.45517159375899313,2.9999999999999996,0.529260626620108,1.861370076780113,3.2547110127320242,3.458924235515793,4.835200233833383,5.035853914968704e+16
0.5105276179306978,2.913782743245974,0.5291444218474037,2.213145280311325,3.6484977550074973,3.8790681355730254,4.644791097991536,164.79765897592847
0.6100866044711207,2.9999999999999996,0.49035527341624746,2.0093502906331895,3.325290707367179,3.5462802395013138,5.179935873160532,3.528421374497203e+16
0.44459606237083843,2.9999999999999996,0.5222268645412905,1.840672432037109,3.2026052632525666,3.400872069265867,4.756337686365294,5.177066193487118e+16
0.4624011093693345,2.896645852579264,0.567864718227109,1.90486990688291,3.247392822394885,3.4142088883124013,3.9082113612238714,153.80540609438964
0.4924986620450337,2.966807515860287,0.5188348627828668,2.1463990597297973,3.608912022887907,3.854435497383608,5.196400671280115,455.07788662161033
0.4503893228709219,2.857315649475481,0.6202823047145907,2.213509239237504,3.8272633438118557,4.019148702554687,3.917330109213921,113.36204189011576
0.4841488644682733,2.950397739189682,0.5309775086309054,2.228148191739662,3.7545040370754723,4.012199428225307,5.156772130964667,309.0901159797137
0.49263454493463565,2.927175048051147,0.5757927717815118,2.120365674065515,3.682427890309085,3.907730716186362,4.575122168767149,204.57909981881093
0.43567531890068345,2.8871656712046576,0.5761673359893231,2.0700397598015963,3.535188145283548,3.7272975562470445,4.096985583909231,150.605388269569
0.4714328137945562,2.9672582040119737,0.5654149081532801,2.0255155495668045,3.577527644710454,3.8071993907352755,4.92459616267877,486.0797522343972
0.41415088049499466,2.9485386508811042,0.5559274576093736,2.060183814810142,3.5862400258498615,3.8119265331317913,4.774952724586706,357.7422625428613
0.4616933815139499,2.9589523796732795,0.5537020890090287,1.9128480281705367,3.33808433241959,3.5370781603524426,4.537288711396653,396.3149218702124
0.3610185964611087,2.9836396995305448,0.5864052747739767,1.8092992042181735,3.319672652041946,3.514415296516796,4.59423427154796,1333.0973279711218
0.49475321768701674,2.936638384273079,0.5620512122957078,2.25513284924415,3.882391065100616,4.142867717197275,4.967053688639633,234.68542208388516
0.3887482494449834,2.9999999999999996,0.5739652079735902,1.6776852688309478,3.0740026295603298,3.2473269234485977,4.353881444471787,6.050204690341345e+16
0.314128098405134,2.9999999999999996,0.5978674831053605,1.9166683432014635,3.595529009900208,3.825411629049972,5.157747288348609,7.701375175669307e+16
0.400397731209655,2.989299799867535,0.5847566049140251,1.9887157928153534,3.640407921586674,3.8790616722131244,5.1845213338680205,1813.8145098940122
0.4933313995481559,2.965829077353807,0.5374108251666664,2.208946206692083,3.7749618276177856,4.03980142992081,5.344576899970704,441.00912541769486
0.5687723016479693,2.953883763942135,0.5358007278497429,2.2363098399674572,3.766594854520746,4.02733148903311,5.19055523815506,273.7957763517727
0.47267671720658455,2.9380605945937064,0.5661601707010512,2.1210700518556878,3.682327607610029,3.914733869461945,4.737056393801844,253.62397454677597
0.4536935989355466,2.9999999999999996,0.545565725531372,2.0804518397358214,3.672243982434294,3.9312828701979714,5.56519553441068,5.055193454750109e+16
0.4667101622978399,2.8990425685561023,0.5882460359838656,2.1380060911261993,3.697993704367308,3.9089116795802803,4.272505390864363,155.86690907535413
0.46100934980177477,2.9255849734536743,0.5544066922193509,2.103090583522536,3.593743580967801,3.81363476202024,4.566929183431928,216.52270486669585
0.42507049399981517,2.987857803111606,0.5633379412694608,2.092964082685925,3.7418272769729994,4.000974757770075,5.43555383104827,1490.6203234272457
0.37514279102214976,2.9552032188880357,0.594415286684014,1.955832824993534,3.5457843089013577,3.7566615518640383,4.625541251768594,461.58280305802015
0.5074886652332794,2.9722555163184965,0.550147502948256,2.0415792886980695,3.554885637962848,3.7879213738755406,5.019255649784048,526.1629816143534
0.5485627638048822,2.8949964792529888,0.5550110757466116,2.308263667164656,3.8368831461298676,4.076582410074027,4.5038925807469035,123.20792195858137
0.3930611762448302,2.9529165632560788,0.5568239889153017,1.8110421766305802,3.182476682697976,3.359458991731231,4.245139808644909,415.9620506749008
0.43588748351078527,2.992219079857698,0.5488138285378148,1.859633446447383,3.3007537913198846,3.505100886766608,4.779575291751761,2262.169330069563
0.43923621189988393,2.8710961401774355,0.5990643478543091,2.035287137305112,3.500254156984433,3.675053402346631,3.8674159321227486,129.85336127732177
0.4912818970125349,2.9999999999999996,0.5384198935144744,1.912151452394411,3.3578258323405725,3.574989344121695,5.010369862611758,4.599502640946566e+16
0.44071341547186466,2.9999999999999996,0.5378430232530109,1.8104664755133881,3.198644407771422,3.3939917221983045,4.69598716224576,5.230610961127433e+16
0.4994345491142087,2.999999999999996,0.4981648445399924,2.176047287131204,3.629392448584264,3.892220290257972,5.742582564724281,3758098584622054.0
0.544855865051992,2.9100864901884034,0.5406992813499615,2.0818239275394386,3.462056436008721,3.6647759621826443,4.338665231998399,145.8398836600827
0.5013078700122677,2.9821015881024344,0.549088696093703,2.065834050110131,3.6126127374879,3.857188996977784,5.232107764343482,830.4551104450368
0.4545453319406634,2.918968542048334,0.5394955722793124,2.082095599251364,3.5032209957250102,3.7135522006816393,4.474128702005567,201.72695203920713
0.2672165538451761,2.987142445532312,0.6089442843765439,1.6969940584273613,3.197773838209295,3.3722976907222453,4.346323186000521,2375.9616125302864
0.5101680046056697,2.9999999999999996,0.5428308911293496,2.060905287874459,3.61480188439054,3.867581916793288,5.490129457842167,4.395887764596371e+16
0.3902076113911837,2.9999999999999996,0.5930605362735437,2.25073493203444,4.176410328509645,4.493331929056126,6.21631868270116,6.024208490935949e+16
0.4400557824441546,2.974840363209568,0.5389053385165333,1.8332208597735757,3.1975803561636016,3.386160307130461,4.495565533418589,687.8315112065258
0.5393759148836687,2.9345919843195207,0.5509877783118292,2.1430365171249206,3.6410816947699822,3.8723918528444594,4.7224489436472386,204.6776745167036
0.45712833026267613,2.9781208285580223,0.5489235064628245,2.025686592800125,3.5495152913312693,3.7830075230287115,5.071787180670802,757.1775846430372
0.4480761031840855,2.8868935012501513,0.584399085504206,2.2031652634705936,3.7779228054077323,3.9943023640748874,4.257921354405784,145.36476148970453
0.45339157154064724,2.877762610768214,0.5987200235205017,2.201894559370451,3.7952510377763096,4.003435338764793,4.1311921841480554,132.23293266831212
0.42152257479507266,2.9999999999999996,0.5661003194787873,1.8579592956979987,3.365939153282152,3.577176759948737,4.903237580522361,5.509754715738127e+16
0.36800043673557975,2.9999999999999996,0.588881345955367,1.6933320639563432,3.1428161921019253,3.3210681062213716,4.42926402685679,6.442096839615467e+16
0.4537361462953114,2.978592066020472,0.5603433277016794,2.0458638096191226,3.6235601240162874,3.8643917093682854,5.145406133519702,780.7936962241447
0.37872032578504233,2.939657146550119,0.6018089071113395,1.9102578290523111,3.449900382038615,3.642225982168293,4.335923386010278,337.1829331360235
0.584583768305577,2.9545948966527447,0.5180347057443488,2.1698076802821156,3.594606641629477,3.8353156547729315,5.049870114345269,268.86761998454085
0.4927303061457751,2.8584120279462835,0.6156437242113991,2.252845289077002,3.8687426979483566,4.0675753662816225,3.9568556438120774,102.72833409997921
0.41081769661481987,2.8935842999831416,0.5783343918607187,1.8667108681916114,3.217831265405965,3.3777265338744766,3.8280915786019523,171.37359999482152
0.5380836066865758,2.8713078530357397,0.5786773312044167,2.0649435230999305,3.4654573866246783,3.6440335852887125,3.8992362083305006,102.08248926708181
0.48486696552860853,2.9708099684629397,0.5371486969846885,2.1266323416774453,3.6532928649269367,3.9022385434698124,5.217513094746834,527.9328344385422
0.3704811242440074,2.9999999999999996,0.5710543899828749,1.637183967197088,2.9987870201818505,3.16357271994615,4.225138953801452,6.392930410791325e+16
0.39664856203179477,2.9999999999999996,0.5867103831273255,1.8807104228325273,3.473457584792156,3.6932730542570176,5.015394581935523,5.911758512820847e+16
0.45056786268346943,2.9607764161717456,0.5563465726556778,1.8919623338196279,3.3166369136914717,3.5127827525778716,4.510132497631832,427.1118143847788
0.4077903697789892,2.9999999999999996,0.5328896383392192,1.93172600453567,3.3935620227625716,3.6146428957296464,5.070227458209255,5.725625316290172e+16
0.4415797179646354,2.9999999999999996,0.584549959622156,1.9677865388255031,3.613375601706772,3.8536566648880335,5.28482213095961,5.218582357876478e+16
0.46313809257903915,2.9754296060882575,0.5507628904922517,2.0659337752703655,3.6161614014221994,3.857600186978989,5.142118782320128,663.3212118418592
0.350891874822698,2.9999999999999996,0.5978288369304923,1.9258598181788433,3.602425530732992,3.834554848467443,5.183250287479056,6.800113209484271e+16
0.4387083205241571,2.996651490815876,0.5456304126064471,1.8581458560977946,3.2960571072999194,3.5016669329488614,4.821629461396441,5224.778824133656
0.47020236100667173,2.9803455047916976,0.5235714370433211,2.1204435115995035,3.615660768002033,3.8652224588888426,5.33404012918202,815.8413194615492
0.46822459222981466,2.9702825572874376,0.5774238602657749,2.005663555836291,3.5880974706508746,3.8168897432471853,4.922712669163097,540.4521982812092
0.47853550174302434,2.828030226657905,0.5813188610621908,2.30120784457723,3.7921958062137135,3.9866738600924765,3.8887707023884306,86.65041020262167
0.47434779147630385,2.9999999999999996,0.5409202283694768,1.8844091778398113,3.323377296653539,3.535129545185986,4.930336959340166,4.7958593038976984e+16
0.4936184970426382,2.951170584490936,0.5888857800816107,2.143073517823738,3.8170877704789543,4.065124320097117,4.937624029913402,306.87996722337107
0.46698816373109137,2.9999999999999996,0.5474486747175028,2.2205599625237333,3.9099114144689113,4.20505208727252,6.017195417470353,4.8856361029804e+16
0.4217899594959068,2.973640914568013,0.5376364496634704,2.008193682093292,3.485104056065651,3.710243724978574,4.9613434461713535,689.5729927892085
0.4648924288901153,2.983557814298424,0.5593218023295129,1.8067758228890765,3.2168517165562434,3.4070082399410238,4.534875881120137,989.5069019034288
0.3634126284544506,2.9999999999999996,0.6152239489695525,1.7325858511216592,3.281108737164412,3.4701607354476276,4.5934742998423355,6.534794321552075e+16
0.4233815351337854,2.9999999999999996,0.5529254941855479,1.899822861115201,3.3987993051833354,3.6170842284371605,5.00992518745354,5.481607956558912e+16
0.410363201964445,2.9920375750174237,0.5538430739459904,1.8283480949403825,3.267707730395371,3.46629121751175,4.695467547268052,2371.330773696525
0.36380478838749447,2.9755354385541035,0.5860146790881825,1.7612607720985054,3.2156711865699577,3.3961451784086267,4.368306067256546,881.3265389512609
0.42638897554715266,2.9999999999999996,0.545820662444814,1.973460380003363,3.500625598857028,3.7343183071417947,5.228183077941294,5.4365916172430184e+16
0.44110205784981854,2.9498343265860334,0.5791049266747835,1.9522785099552662,3.4655560787169115,3.670714364556973,4.532686683623642,341.1181751978274
0.5102335297474738,2.9121940559805446,0.5494392071443038,2.2923469203745475,3.8409882969554645,4.090310384026956,4.716560289457954,161.84005374486202
0.467821590675807,2.9439946901024268,0.5621024013853746,1.9383247814008813,3.3750132067598906,3.5721226972404785,4.428584819219476,284.52593411833374
0.4370489546593161,2.9270636395740524,0.6026986806892697,2.0504515132423373,3.658543002140598,3.8706558196327063,4.43639397181839,235.34138337164052
0.41921469534878,2.983991809954359,0.5532204394595688,1.8927810248894041,3.3596051501442923,3.5679296838706276,4.787981383264995,1147.547772293976
0.4131714822822133,2.9999999999999996,0.5280204510985933,1.9496500154340788,3.4058377432734086,3.629613948290835,5.115085854252565,5.639324323215383e+16
0.4658498283397648,2.9054423466285284,0.576422749177783,2.0124096892841066,3.4649918938178303,3.6559400197092478,4.160507532370519,167.14830760852928
0.4548676072171925,2.9307228575004785,0.580760632258278,1.8662441217789387,3.278701713598642,3.4559952515356267,4.133509530245029,236.70648360749647
0.5041093622403551,2.9332591688563525,0.5656107203522626,2.337248431955275,4.021748613448449,4.29900656702791,5.046773885832763,217.60036271233176
0.5213393605293555,2.8836137869556957,0.5526017711415458,2.269125695658177,3.7528963430255806,3.9780405114098247,4.354340411151302,117.7964252802142
0.409306082933983,2.9549051409990614,0.596469430190637,1.8435596836432377,3.3379034499681293,3.524799686139105,4.348337187181489,414.74811099992957
0.4508369577627979,2.928641121913531,0.5910122832994281,2.1549371657641,3.8073445550612988,4.042526507906018,4.649624105989663,232.0578401013333
0.4381806382340396,2.977220214633558,0.5817547299997475,2.002669450854376,3.6195883964532,3.853046998092879,5.027454669309889,764.1113511674134
0.3869402395553033,2.930879498871065,0.5859450843042899,2.0626522382812964,3.6564025695680797,3.874576554231979,4.547607031105609,286.3495670777251
0.5492640866179987,2.9232338660958863,0.5581969198827416,2.3397090312683013,3.9594546454285915,4.2269821176877,4.8948318230203585,169.9061908192041
0.4251598437520477,2.9750541960958774,0.5684138605421467,2.039509721321341,3.640536779712244,3.879443747016065,5.088073491485466,722.2630746854599
0.40971384210245876,2.9999999999999996,0.5524592028039076,1.953738420065958,3.4932766911872766,3.7240512060026347,5.181470328975955,5.6945167952480616e+16
0.4342935786333356,2.9686672744774776,0.5958885398107211,2.0960969600117667,3.8155773716077417,4.06691683840254,5.135059301476407,559.7407222382195
0.5267808389336616,2.9122724818163723,0.548780858855381,2.4672162313665056,4.111160452997857,4.398925688375461,4.965440459744057,155.85789131896948
0.5325806042232251,2.9292807732028163,0.5625801146793825,2.3463772097443036,4.006314012100257,4.2812538591634395,4.992649191014966,191.90271787146878
0.4570305945913443,2.9433152014126587,0.5887661517969341,2.1334197864752675,3.7935166411761,4.034279513666423,4.814900034091708,288.91229701098797
0.4710662711845822,2.8833230634693177,0.5505500413187346,2.030782398963365,3.3831679750826558,3.5651204437698087,4.029035976457781,132.6672501412499
0.36660353627204345,2.96973245638686,0.5914469840223014,1.7137554862192277,3.130947128497044,3.299428623789809,4.184204753352491,704.7900216156214
0.4849068326354277,2.9491785306075635,0.5368735096470728,2.2024296005842827,3.7330559630893254,3.98562267238034,5.079048794034387,300.9883040195578
0.5394960578614224,2.8934721355167556,0.5476303917395711,2.202076753550501,3.643826639848192,3.86102034510347,4.35855607725669,123.87734049743553
0.3947407701825968,2.9999999999999996,0.5626581338523656,1.8643585718212377,3.3738715614208163,3.586120122679818,4.920092177477328,5.94468338863594e+16
0.47817484106111535,2.9999999999999996,0.5713838774777387,2.0403705900368805,3.6891638728031766,3.9447000724824686,5.488527376086283,4.750267003127055e+16
0.3685592694512073,2.9999999999999996,0.5604903905537669,2.1044988759309518,3.7924698758644446,4.062433736445628,5.683805373748936,6.430963199592519e+16
0.41918970804999367,2.9676985286075426,0.6116068216612959,2.13698725033604,3.9463008647321556,4.208026907632756,5.2154311665474555,565.6436894490926
0.5477505124764914,2.946183526321716,0.5604697386242918,2.2036835128833734,3.7945901700543416,4.048452069801931,4.990349979405785,245.090467074571
0.5115315394483746,2.975314331744234,0.5236672881723526,2.121462372644007,3.597249467844556,3.843245417510907,5.252344380427391,586.3375264120973
0.41589159601142067,2.980238412591602,0.5472901163698161,1.8796446044835753,3.3142341224056366,3.5168175558217136,4.699210106021169,937.0435255968243
0.35420251236826805,2.9999999999999996,0.5639771258711845,1.7912781497502566,3.2593044564934495,3.4556647592499248,4.696756290298934,6.728135551453838e+16
0.37319184639987735,2.9687053983773892,0.571819080957483,1.9120070881356583,3.431054793002059,3.6384977844117206,4.6824504313005,667.7192299950495
0.3959047427736766,2.9999999999999996,0.5742047793696957,1.9468988314431919,3.5548943997067948,3.78848265911541,5.203919548248194,5.924557684213486e+16
0.4493747434831107,2.961724318156713,0.5723070483083822,2.0935207808742193,3.7122080921006573,3.9552456246398644,5.016754830348365,439.1973300259148
0.4384866559166559,2.9732700269428207,0.5385026433790255,1.984073699785506,3.443026070109401,3.662574067712219,4.888340693927041,649.7945628669864
0.47968133256089673,2.9820199670468632,0.5949370371536744,2.0814508565857497,3.8032822369638346,4.06044864444941,5.3194342633142195,871.4103266575216
0.39579982175995265,2.9578150020386595,0.5604416967119552,1.9542186554239367,3.444018547263461,3.653006728371488,4.647410171907595,461.33005042483643
0.3743892084258574,2.9999999999999996,0.6083255218998666,1.7974355427558226,3.3844514521472044,3.5874742260519654,4.787968651318794,6.316795204792864e+16
0.452381753785038,2.9999999999999996,0.5310511813612989,2.002433304294032,3.4921218035682866,3.7282876615399907,5.28398732447348,5.0724647881302104e+16
0.4179522760376118,2.9219161919257997,0.5750544648458683,2.124687332365253,3.701313823716285,3.9259286492060217,4.554035156858764,231.17684918717035
0.39297075365187933,2.9983718200466285,0.5547181711623114,1.9304829203514695,3.461972835367114,3.687031833915713,5.0921973887150065,12217.117695187942
0.4332192141448452,2.922333029576589,0.6173189268004766,2.3174265117021005,4.1772012712880064,4.442328071485701,4.75487209828223,222.93302613938377
0.493829345813512,2.911776903213377,0.5932170204812944,2.294363816541349,4.002735558927777,4.254230517130515,4.612097158120857,167.49796871281865
0.42706026562619354,2.9999999999999996,0.5602308688085469,2.0660199839812132,3.7083009440595918,3.968009625875589,5.553624601928189,5.426630085560413e+16
0.45949553828459255,2.9817040046062835,0.5743029739914169,2.061874761344895,3.703211400041062,3.9523876335954338,5.249221326864082,901.0463870101016
0.4612393608359638,2.9999999999999996,0.536081234859683,2.27658080409673,3.9552573911408735,4.260765794219296,6.170827011297095,4.957756184467653e+16
0.49354192791240403,2.9685669353103177,0.5331557538331456,2.035893121923644,3.486545322159987,3.712633025170027,4.945711005012437,479.61914489800847
0.6193150535667236,2.991179789837798,0.497123692857768,2.5592860677062528,4.137312923526545,4.481995684759774,6.725149036562258,1303.6285821726615
0.4618979526804077,2.9999999999999996,0.5663358244835702,1.938047164672737,3.4970206447338876,3.726641430234527,5.153407511168917,4.9494029441805144e+16
0.5309129403810113,2.955659351509544,0.5412641829335392,2.191397277466486,3.7299971634027043,3.9841034064880074,5.1301190602315065,310.0026675232367
0.4271494398096118,2.9507517846610387,0.5476120886575281,1.9713038694158436,3.4128654155412708,3.619453326660944,4.594727962439427,360.89170652589115
0.5317785702486796,2.8986681972162667,0.5641845011867311,2.295770549500485,3.861933700043793,4.102722799735756,4.512526109412789,132.7718550339985
0.524709059984473,2.9221107538897635,0.5462060948981498,2.43974896797061,4.078908782284061,4.367690099405875,5.077242611086929,176.9810883093114
0.5407709761234403,2.9528159648847097,0.5167945542708665,2.118156592096108,3.520119321290881,3.749688746040581,4.92193976599261,284.5947623964058
0.5348675090500222,2.9670047874069456,0.5227527222629398,2.3280996909070275,3.8935115016762465,4.18139330941824,5.639594990841563,414.4397135218168
0.4641594869583413,2.9999999999999996,0.5619212469846253,2.088482955877713,3.7430473644051343,4.0085403439239125,5.625082071746405,4.920899264364453e+16
0.47345006142679424,2.9456676679092415,0.56630715318477,2.183304109546491,3.8035686959376873,4.055081491807379,4.966827593258378,289.3204359638247
0.47494523278916645,2.9480141389698247,0.5427314618276411,1.9931024035460954,3.415473938238985,3.623426894879339,4.597768068293884,301.4890823920863
0.4537581480008005,2.9444892512294145,0.5642001581840704,2.152978795292632,3.7489674158122055,3.9929439619391864,4.898527807654278,297.6515191708454
0.5054314019539882,2.9999999999999996,0.5374036455646185,2.2032299500047903,3.8291898054268567,4.115542744642322,5.933460728633663,4.445524423364931e+16
0.42142287771828163,2.9999999999999996,0.5480220474402161,1.8514797952793889,3.3018942061188516,3.508341075803398,4.847722820603704,5.511271257948727e+16
0.4867397924931191,2.977996861613607,0.5494408655826193,2.4293138342901326,4.2108448519783295,4.544935842467499,6.1324637882623705,698.8439471496415
0.521349010157039,2.8717676645113763,0.5384885418502059,2.0751849619828504,3.3840611701121786,3.5658044079538325,4.000521541454211,106.47277550279833
0.45057663919760244,2.9113264158687615,0.5802474965978468,1.9814789354002182,3.4391355050166728,3.627930117818015,4.1662652314148625,185.76758185006798
0.4649645988662849,2.97621988683775,0.5570587168326543,2.2527730621916118,3.95387336933566,4.242842105153484,5.650651553718237,682.3626351456448
0.5544263380643928,2.9489822561394465,0.5423592358597604,1.9968667765014254,3.3999164302152907,3.607340339695009,4.589451146482172,254.96924950468977
0.4549525278868198,2.999999999999995,0.5408509137827987,2.021483350345851,3.556693177110051,3.8001034372699554,5.366507130593022,3359141637711128.0
0.4820465568629711,2.978478648485408,0.5521793077071311,2.0059634282596135,3.5209440924758106,3.750461936851018,5.020062868670028,722.9090485032979
0.31672931739519505,2.984955165646604,0.5775671427967852,1.7252842228216372,3.159509794083269,3.336565327474125,4.363430716367809,1680.8409598556582
0.5094902606289878,2.9999999999999996,0.5418074150650615,1.9556764381979908,3.4365534748897066,3.6642393438897587,5.153225610003059,4.4029335203962184e+16
0.5096477768735477,2.9781714726418547,0.5398927100876058,2.121664227068307,3.6621384995323885,3.9147960311220316,5.313168377752356,666.6776619276518
0.5052422083920425,2.925918071299015,0.5856607492970072,2.301863883190479,4.019205684754204,4.2836649779278,4.831607915797333,195.01977168066597
0.42232108230780485,2.9147566607321336,0.5880898892964789,1.9960936467237376,3.501091978185362,3.695251313720741,4.229145230756072,208.70262274129877
0.48591910656948634,2.9792445981854683,0.5427887565965293,2.0990061995377807,3.644149495499378,3.8933831745532745,5.276730795699254,742.6604330384223
0.5258226793911741,2.951024406308138,0.5677533199706161,2.5161621516952555,4.364078039364778,4.7016955288609275,5.65690164018733,283.52058730237445
0.5034192492192295,2.9575699180362744,0.540994304720869,2.1280550158945086,3.6386691167879133,3.8802633810775284,5.022682259289201,345.68214617775755
0.40783724301378954,2.973282703716369,0.5372624361653422,2.008053763077243,3.486936056800745,3.712000368806769,4.9595131491786555,707.3251203295165
0.5476105209157995,2.9932194179312606,0.534707157705185,2.132930220460513,3.6799638272093174,3.9426569398962292,5.578457017840872,1976.920650890675
0.4080119325515297,2.9919058624692165,0.5467144921260446,1.8640844156311507,3.3086929141643657,3.513728625314287,4.79009939365764,2348.21294976556
0.5064141750822148,2.9872486661994087,0.5467012041219218,1.9803290146492545,3.47051142129572,3.6977973821391625,5.058656851695102,1153.5441686131032
0.5121071135579419,2.9435744144281877,0.5435827560954797,1.9978347316139502,3.4070568630870173,3.612873644687037,4.544208278400833,253.4368805428576
0.46042188454943184,2.9999999999999996,0.5356341723117962,1.9504334844362954,3.419979299742024,3.6454078541419497,5.1288896240337,4.968157873561511e+16
0.4705471028264042,2.9966374670786546,0.5432621188967477,1.8037447034338416,3.18974005041448,3.3828658147120465,4.6448744749008535,4790.613708133399
0.41679704128509737,2.8992077775734644,0.5801861486748896,1.8996023142256335,3.2865417351845845,3.4547001850578094,3.9269306260723114,178.27326636265406
0.3992856073771385,2.9999999999999996,0.5650261726704024,1.8758295683226685,3.3998578340843197,3.6151136643921546,4.960361844175994,5.866766120848672e+16
0.48670043515221456,2.9253036592868344,0.5554656554692674,2.2159262787586167,3.7732892520413137,4.016447252300533,4.755604023433414,202.23398942315293
0.5220626939345041,2.988175023152412,0.5110275493755913,2.117090007897653,3.563839561273761,3.811665961817417,5.408893159577394,1199.4257998025028
0.34866310676567447,2.9968811231816934,0.5896790632310053,1.762973554828488,3.2719146724182697,3.463754308832493,4.615918425948093,7306.850357901463
0.34807496572218327,2.9018243113210844,0.6152078547011104,1.9130884372707275,3.4188102891321845,3.590307307959085,3.960768919242614,225.19337640634572
0.4150069459304742,2.9999999999999996,0.5681590480847073,1.8629753681735524,3.3824398076705227,3.5952058007142824,4.92370958932856,5.610399473657567e+16
0.4554360176942933,2.9906156683052076,0.5670331677090785,1.8980815525721753,3.4125161457124062,3.6276090715242773,4.900795412546927,1780.505242404062
0.47637226491534657,2.9999999999999996,0.5459815483140485,1.749908811860346,3.110309273116109,3.294141340609967,4.5187396692426285,4.7716501418774984e+16
0.41972847979741446,2.9999999999999996,0.5626822809101247,2.0171990940488924,3.634272637506786,3.882506152894387,5.40331713509962,5.537155764368339e+16
0.5096086961449771,2.9808585814244895,0.542489916685264,2.1074763200596522,3.6535178907153614,3.9052639265082294,5.319468274084155,761.0234042870047
0.35184301203891877,2.9644193658955285,0.5962808646424469,1.8912233475303348,3.459666167560734,3.66236076339957,4.592281799063815,627.0768319094404
0.5015495295582844,2.908459104801291,0.5811667914281625,1.9585248231375432,3.3803575358541558,3.56199448814258,4.074493127752912,158.27223072818165
0.4443882205251072,2.961784163840858,0.5565621644620593,2.040902302572174,3.57232153200251,3.8011669032572772,4.893020869634685,445.69974240326644
0.4560566549190816,2.983427322597857,0.5701967515040813,1.9365602604296568,3.475015643640813,3.695209175619074,4.919620293980169,1004.1796679232335
0.3859531012282124,2.906313580463152,0.6109789210067487,1.961457898519052,3.492562357332475,3.6749489743489843,4.071635060179928,210.10900675080268
0.4727252757859572,2.916138000036712,0.5703472574872102,2.289353472255144,3.9322809791982913,4.1868092471685925,4.731851482972312,185.90303794260655
0.4094700777259082,2.9968061629010037,0.5589541771394638,1.895158792177511,3.4068111866437256,3.6235960355167376,4.9669259256026,5936.252069506136
0.6031376778650313,2.9320658690640884,0.505002858249193,2.569828621339297,4.086862933227135,4.395574962431793,5.516341763770932,171.51903614232262
0.48585194276039695,2.936387997621805,0.5641866279313582,2.1317991627493584,3.6862862100636615,3.9194201524472794,4.732589985009308,238.8698185209203
0.39944837338377037,2.9682779943075808,0.576586856457053,1.9655172527272593,3.530664832749453,3.749879635517464,4.810561565118423,609.1843764202127
0.4630904971073269,2.930450969646108,0.57398840952354,2.0803042817451383,3.625115455611687,3.8446983622181232,4.557463416614388,230.82480967372754
0.42159016626328605,2.946114053675542,0.5398040210419489,2.041017796430963,3.496693883809479,3.7143245696061844,4.704227884176883,334.3763233888994
0.5078094997939455,2.9956585522439463,0.5257697885800611,1.9918513421528556,3.4354034411595458,3.6644637998388756,5.171368772753337,3386.3991502796507
0.5296342696118008,2.937912081659313,0.5462118731353343,2.388684528506756,4.029626675290575,4.318458961382363,5.238851355040604,220.70738844684527
0.41727007105368225,2.941507117272708,0.5658209530544103,1.9450711928551956,3.4068939087446513,3.6052929004647,4.433156047309498,311.2638160745276
0.4502705098389802,2.9252855671150018,0.5779147754246161,2.110280755452907,3.6817420326035912,3.9048072719860603,4.550097243092219,221.709532945149
0.42879923549606525,2.9217907309018676,0.60607573702374,1.9924751644028333,3.554993829458005,3.7520912699957556,4.272156262609725,224.01281623652417
0.5467350783689695,2.972603008484336,0.54323112799478,2.055500147419965,3.544830474832721,3.7789658051782933,5.045168584490189,486.8571448083721
0.5495744608304306,2.9134373094165564,0.5545371199434271,2.2284773569512035,3.7451359116628256,3.9808019663478293,4.598889155414281,150.06862323963588
0.4748335030090419,2.9999999999999996,0.5467291357964579,2.1582340031073577,3.8008526360670176,4.079502578836516,5.814478315472413,4.790032220906865e+16
0.44595089786152875,2.962768385125291,0.5773151161718129,2.0403792077256773,3.639306678425484,3.87147728905082,4.906486199004744,455.75141731835663
0.35788792090038807,2.9524584642195335,0.5753720271966823,1.7275959082092178,3.090982825282839,3.2535384644956835,4.052773356601131,458.474077519573
0.368530745567929,2.956063729186373,0.6135691916932244,1.9137988266569352,3.5250211741315405,3.727997918550422,4.537744505089095,480.4134687026905
0.49006872230158516,2.976004893323166,0.5516829369535109,2.0964301502991907,3.6637991453633374,3.9124896696337363,5.226180212184909,635.2077689679589
0.4694482965925931,2.8694344197441666,0.5808862513835679,2.2797453864062813,3.8492875982182357,4.068028094324652,4.186848656145959,118.46636091803403
0.44158047546445317,2.9999999999999996,0.5461980138416992,2.2331415091743096,3.9329821605251434,4.231313869065599,6.057515441113955,5.2185718606497624e+16
0.5267378465247543,2.9895831322903246,0.5486947065681869,2.170627210997792,3.793550346957422,4.0680020504328605,5.654271755676914,1347.5631104233282
0.5474970596848805,2.9995826679266373,0.5016050174202955,2.054041770747149,3.4457002217752084,3.6816216176960794,5.354527438129305,32196.363213771332
0.3956210963407043,2.927679330438174,0.5986638833856606,2.1171229786666865,3.7811884796621755,4.008613281110924,4.584667694585094,266.4929933013987
0.39841931932012203,2.9904088208763366,0.5664944874931649,1.9058453523408654,3.4390402827597866,3.656142822594774,4.929677686951747,2035.8954551965778
0.39897214854475177,2.9375499024574885,0.6147087305710511,1.819794461480351,3.305750485901639,3.478899857316045,4.109409826352759,306.6581808780146
0.5419431766029036,2.9589916205614584,0.5210728292908984,2.2886813438228106,3.8087197146406018,4.081022491781812,5.407162731145873,327.2723340215015
0.5437454531572903,2.9999999999999996,0.5327023462628828,1.8726643842626363,3.262777708152544,3.469261962708042,4.8670940294176255,4.068810873785086e+16
0.5521068340502123,2.9630713555566612,0.525050925222166,2.3012085249238123,3.8488488499271516,4.1279900081300775,5.499833815628606,355.7525984983957
0.603646813480074,2.9408298934385195,0.5196406849833354,2.3315679994811513,3.815601175211738,4.082840106139696,5.187765186743746,197.3038080483398
0.5001571887845969,2.910535591566056,0.5606124035590035,2.4261957038345106,4.099080781833889,4.378554172256739,4.863462239237367,162.60309429474435
0.43855146021761715,2.974028644762301,0.5480450593916742,2.045313870262137,3.5768452737157266,3.812506030085834,5.070918831817981,668.8297897775835
0.43799633518696646,2.891452582227699,0.5991399371813267,2.1670361797789037,3.7731656905814477,3.984610820612329,4.2257056429120174,155.81377442761786
0.3933712770693767,2.9930986064369383,0.5503150832444518,2.072699461180318,3.679913212818083,3.9347213090017203,5.4466357142178845,2873.827928898878
0.4492944547705548,2.8398055604001358,0.6083495785059678,2.0669386171806936,3.5059614350786332,3.6662733532841423,3.658794803643192,100.63995536726227
0.4586190744864877,2.901391454469306,0.5632860226766409,1.958431493293067,3.3350859428149384,3.5138804742255276,4.049705917037697,163.0457290180829
0.4654147734408682,2.9999999999999996,0.5709520103655196,1.987513384812878,3.597954436376334,3.840392431615171,5.319831276637801,4.9051975713962744e+16
0.4132195303105625,2.964432437046147,0.549193555979414,2.053264276215767,3.5832064567526114,3.8156669344415572,4.966897148731695,521.7544735873546
0.3154731910910279,2.9999999999999996,0.5786058855991307,1.865276426112688,3.443117872222074,3.6583821271658974,4.961116922996204,7.664698159901674e+16
0.36519953563778157,2.98377845434022,0.5710176476440638,1.8666913314075468,3.379698383051353,3.5853251226126432,4.742771952146953,1327.063960194043
0.50420799847274,2.9220493613679377,0.550058373558937,2.104836701270344,3.562490280447755,3.778959673442947,4.5155969023949245,185.5523795703026
0.4596322192488345,2.8730797404885524,0.5819153089547617,2.1575039090890464,3.6599633481764524,3.858568021056194,4.071326052498231,125.11312163065269
0.42257414191555087,2.986212318634268,0.5553971427670403,2.1917881203874545,3.8783342173106243,4.159256217478108,5.682548448523214,1321.0300822847025
0.4997907771695219,2.978389908973584,0.569695693738331,2.121312038816144,3.771950263459136,4.031951973069683,5.341771497118522,689.4663434322331
0.4224067157900673,2.954047588109493,0.6025923266415186,1.7707770521159438,3.215250578521676,3.387292975524394,4.162150063749312,392.27691702962215
0.4848109420763643,2.8662195195426565,0.5835326986239937,2.2637157397910395,3.8174597416034106,4.030032304931904,4.124608023026952,111.15139554308998
0.37543734305470966,2.883744131679544,0.6559250439706309,1.9022658692563772,3.4361578139363544,3.5899933767231573,3.719418446002757,173.40488067153836
0.5553540488968078,2.9818948133359524,0.5163396853881497,2.151056111114929,3.616378848221442,3.869493695300096,5.413094834277609,724.9955503890129
0.5144467527643085,2.999650242473435,0.5312402990253638,2.007353749689781,3.4844511176498574,3.72080038646356,5.287374062656182,41436.798287304235
0.37579338405161705,2.9999999999999996,0.5879056918817741,1.9690761631275324,3.6443273688195235,3.885650463555575,5.301854932847824,6.2898265053570056e+16
0.3926500099914116,2.950780722417797,0.5712781915651584,1.982625622035088,3.512159298703543,3.7244463333185642,4.631035556184382,398.1029731025217
0.4930111262178153,2.9297170371035106,0.5718994952534876,1.954413820136016,3.3940847820365287,3.5867698401207213,4.293583319171238,211.96848755134235
0.46651000301122997,2.901072049447736,0.5708793052365971,2.1445457048905676,3.6621904172926896,3.876142927116374,4.338688018097655,159.25670875846836
0.3928087396899994,2.936954061828518,0.5769654582435297,2.0047827608772217,3.539751131639951,3.749065895087967,4.511955001717715,309.1945224489432
0.477971676219893,2.942489296499055,0.5612464408009762,2.2521890797853596,3.892682716927248,4.15709125192083,5.058716602071227,269.9690693383642
0.4326367369216386,2.9999999999999996,0.5497472778425588,1.9628094632551034,3.4939094478940143,3.7259929225476482,5.201958768611542,5.345073706497857e+16
0.47952400111461596,2.9721807344642763,0.5209987793832781,1.9465015252886138,3.314950103145411,3.5213321123116677,4.745070310342829,561.5672493983019
0.5573909268817627,2.9614802254642307,0.5524125871260661,2.2393303871699954,3.8535296177758673,4.125022617759764,5.318207441426377,336.91408819217736
0.4551561066153245,2.9123545150000796,0.5975622258731771,2.0887879617286926,3.6728156779065793,3.8826914600293954,4.32918778015357,185.78706077193686
0.48552278471725807,2.953959687406088,0.5282107579954881,2.331975201503264,3.912597872408164,4.195896362098917,5.440293443356035,332.28014387458893
0.45232650376932887,2.9999999999999996,0.5383028600687684,2.001774858245049,3.51588131876023,3.7539640083509056,5.2984781856089045,5.07319439063307e+16
0.4812210796842394,2.9999999999999996,0.5338295914528514,2.0687973066920713,3.602778365628955,3.855012738451599,5.497811467744625,4.71449497366407e+16
0.35929931253499664,2.9051071464364724,0.6314566580506388,1.9996950269504266,3.6186493925850614,3.805725738834644,4.100826058650267,225.00462246155934
0.45522396221877826,2.9999999999999996,0.550680390764265,2.0246563498606847,3.5961128928679154,3.8429437274199483,5.3981407881284635,5.0351709780975656e+16
0.35247725527810264,2.9840024435217236,0.6047295993401787,1.9224338107915544,3.5818662670461126,3.803813389769596,4.941895549602715,1401.0515797623239
0.47786121708063817,2.9457284844535705,0.5851856777108226,2.3594141815431753,4.175345084772645,4.47120322098716,5.2653127182266335,286.4758127368947
0.5331159796365592,2.9224928742158345,0.5706060148788624,2.53922662752173,4.342128068955711,4.658578778558626,5.134283624357169,174.47727118193555
0.48321181194240187,2.9999999999999996,0.5227220596591283,2.0963449941988945,3.605678384001825,3.8606113203356776,5.558149813357756,4.6913614550704456e+16
